"","sample_0","sample_1","sample_2","sample_3","sample_4","sample_5","sample_6","sample_7","sample_8","sample_9","sample_10","sample_11","sample_12","sample_13","sample_14","sample_15","sample_16","sample_17","sample_18","sample_19","sample_20","sample_21","sample_22","sample_23","sample_24","sample_25","sample_26","sample_27","sample_28","sample_29","sample_30","sample_31","sample_32","sample_33","sample_34","sample_35","sample_36","sample_37","sample_38","sample_39","sample_40","sample_41","sample_42","sample_43","sample_44","sample_45","sample_46","sample_47","sample_48","sample_49","sample_50","sample_51","sample_52","sample_53","sample_54","sample_55","sample_56","sample_57","sample_58","sample_59"
"gene_0",1793,1788,1719,1668,2935,2126,1440,1869,1702,2012,1785,1338,1198,1066,2166,1380,1531,922,2251,2197,3036,873,2010,1257,2495,2694,1914,3142,2178,1287,2655,1972,836,2337,840,1731,1366,1235,1740,1659,2246,1049,1887,928,1714,993,1390,1978,2531,2763,2051,1693,2129,987,1097,1764,2552,1110,1170,2511
"gene_1",67,44,67,69,48,45,45,24,129,54,79,46,26,63,24,27,37,62,46,63,24,35,45,55,115,104,32,22,50,124,20,96,31,20,78,18,24,23,30,45,29,117,51,101,56,90,29,49,56,73,121,86,39,37,63,74,54,18,42,104
"gene_2",0,23,22,14,7,8,21,20,11,36,4,5,5,28,4,4,9,1,10,9,24,0,48,17,15,0,12,24,9,4,41,14,1,4,2,14,1,14,8,0,22,9,15,0,5,11,12,14,6,3,13,7,5,7,2,8,10,20,0,0
"gene_3",94,41,50,31,40,59,50,47,45,15,56,49,29,50,48,68,22,58,35,50,87,20,67,72,65,86,43,26,42,23,36,89,57,50,35,40,11,21,76,31,23,74,93,67,33,26,42,18,59,32,49,58,40,54,63,58,84,30,37,43
"gene_4",51,46,38,46,86,65,109,36,67,75,43,14,16,45,44,18,51,41,42,59,43,43,37,60,47,77,56,82,46,79,74,47,47,48,86,52,45,44,72,62,56,79,42,56,53,35,84,86,98,54,99,47,106,37,33,72,55,13,21,58
"gene_5",1450,3369,3479,1641,3016,3227,3008,4314,2457,8106,2375,1934,1269,2919,2785,2028,2802,1429,3360,3112,3164,1393,2952,912,3193,2102,4102,8658,2796,2376,8838,5458,4150,4563,2192,4664,2304,1864,2019,2925,4393,3517,6459,1602,2586,1083,2437,5706,3081,2594,4983,2308,5254,1451,1072,1927,3262,3131,5534,1768
"gene_6",529,479,540,565,683,299,554,383,655,558,556,659,445,600,379,295,426,279,667,535,459,273,483,394,604,369,238,452,339,439,415,797,246,273,240,544,278,267,756,326,436,365,307,379,400,376,583,341,568,389,341,628,610,601,481,364,382,298,401,374
"gene_7",31,15,7,10,10,8,7,9,51,6,15,15,5,20,22,1,24,5,15,15,23,25,22,17,9,19,13,23,18,11,21,21,11,21,3,35,8,7,24,7,42,38,7,1,20,8,19,17,22,2,25,20,53,23,7,20,14,10,16,3
"gene_8",303,145,161,173,325,124,177,160,379,194,144,132,161,113,164,104,231,141,245,362,128,133,216,229,268,244,249,413,289,256,292,370,100,135,151,274,160,180,367,232,139,298,275,243,123,172,110,401,261,102,308,284,277,157,198,261,245,156,338,501
"gene_9",4,3,10,9,7,1,4,1,11,0,0,5,3,0,9,0,0,4,10,6,2,3,2,20,20,4,11,1,12,15,3,0,3,0,0,0,0,3,0,0,1,6,3,15,9,11,0,0,14,8,0,4,2,1,3,5,2,1,2,0
"gene_10",383,294,253,276,354,261,456,238,505,210,363,479,372,389,307,243,483,348,330,436,429,363,310,348,424,473,331,582,273,612,274,373,286,147,234,368,227,173,333,159,212,541,264,231,286,554,308,292,349,367,341,318,307,358,371,537,668,185,244,366
"gene_11",692,1997,1400,2353,2699,1774,2006,1503,1938,1975,1184,2036,1174,1672,1077,1077,1981,1104,1393,1628,1636,729,1556,1756,1211,2348,1256,2401,2016,1412,1554,2810,1174,1151,1497,1867,891,1282,2666,695,1482,2218,1293,1317,1503,1832,1722,1930,2082,1095,1776,1746,1758,1752,1763,1881,1998,1018,1119,1943
"gene_12",455,789,470,712,851,574,648,696,382,718,443,547,510,582,510,330,523,416,855,569,841,531,621,812,448,647,309,1129,740,439,525,515,569,573,538,469,475,536,582,514,403,509,624,464,445,486,638,646,880,568,835,713,590,403,270,724,507,332,655,555
"gene_13",202,279,232,241,421,289,379,223,452,356,218,266,360,437,173,161,161,156,437,561,459,289,395,275,286,378,268,388,301,320,349,496,202,359,353,481,206,204,287,253,286,287,357,260,283,157,255,294,363,216,292,302,234,374,368,220,199,136,320,410
"gene_14",1979,1255,565,3792,1013,652,805,221,2833,222,1769,2363,1387,460,694,844,2343,1769,273,461,2386,1842,1217,7065,2034,2191,201,428,663,2660,253,490,317,335,926,414,131,637,2750,281,324,1063,123,1503,266,9041,1605,206,1889,1798,527,2240,812,4094,4200,1464,3825,122,561,2594
"gene_15",71,51,94,47,160,139,66,100,70,134,45,64,64,116,46,47,82,46,121,81,73,100,63,85,78,104,71,108,120,53,105,111,43,65,72,138,24,58,108,97,39,119,55,68,89,64,66,96,65,83,101,62,43,67,31,127,33,65,88,59
"gene_16",0,2,0,4,9,5,0,2,0,5,5,16,12,3,8,0,25,4,1,4,2,0,2,19,3,2,2,0,5,10,0,10,2,3,0,0,0,1,86,1,0,2,2,7,1,6,3,1,24,0,0,13,2,40,3,1,23,0,5,0
"gene_17",9,27,32,35,15,35,51,57,50,53,35,20,6,23,10,16,23,11,29,31,70,16,42,34,20,20,21,88,22,12,59,31,13,13,15,22,42,13,38,17,21,26,12,23,32,22,22,15,23,14,18,43,47,34,22,55,8,22,18,30
"gene_18",596,602,570,401,1108,442,612,821,416,907,459,363,327,845,583,341,375,332,866,669,582,454,487,539,703,570,528,928,591,355,942,937,290,1160,541,462,634,407,541,476,445,658,1142,356,671,397,793,951,790,519,959,525,838,329,421,436,396,659,1052,825
"gene_19",34,18,28,7,46,18,18,13,6,23,7,20,24,18,16,35,8,14,29,40,51,5,40,3,2,60,11,14,38,22,12,33,15,17,9,20,31,6,20,11,14,48,23,16,40,3,9,31,40,36,27,22,50,25,5,27,37,9,22,27
"gene_20",265,462,408,364,343,392,610,489,312,373,445,220,299,362,294,338,391,294,682,529,392,374,318,227,475,442,437,1129,510,289,652,673,409,337,354,633,373,283,662,233,579,444,391,296,378,416,270,577,469,353,424,318,555,285,245,316,304,371,499,326
"gene_21",270,272,164,204,372,99,160,171,302,150,171,200,197,200,227,92,229,208,121,253,384,200,220,242,209,411,88,269,165,288,165,187,151,128,228,207,58,132,417,102,78,306,124,211,185,303,102,105,438,282,148,249,256,279,291,282,340,82,128,211
"gene_22",87,89,147,72,198,172,165,105,145,129,71,225,69,124,123,73,65,70,101,156,151,121,119,103,173,191,131,115,174,79,200,163,98,221,86,145,85,61,245,78,111,212,111,142,88,84,147,83,146,201,175,123,167,101,78,120,99,21,193,135
"gene_23",5895,5544,6055,4484,12563,4063,7752,3644,6992,3309,2883,4971,3837,2952,3439,4397,5933,2985,4603,4946,5223,4122,6461,6315,5616,7458,4829,8924,4326,6860,7459,5905,4219,4823,3487,4336,3106,2075,5202,2945,5507,9260,4612,4464,5978,7757,3619,5398,8487,4511,7316,8900,4713,2791,5336,5120,7320,2809,6945,4845
"gene_24",499,537,582,813,1160,373,667,283,559,566,503,684,474,545,524,473,560,531,703,633,419,600,893,737,625,847,302,596,540,486,675,1010,534,606,652,567,340,496,750,457,316,759,303,399,702,696,423,443,873,598,525,568,598,472,249,521,674,331,445,520
"gene_25",870,957,1814,1912,1713,1230,1599,1989,2742,2714,1135,2020,1166,2220,2246,1684,2375,791,2095,2693,1926,1752,1992,2661,2020,2287,2156,3033,1627,1346,1566,2121,1698,1852,1919,2584,939,1389,2248,1217,2045,2126,1664,1613,2682,1289,1810,1669,2771,1884,2197,1978,2418,1416,1566,1897,2733,1144,1560,2451
"gene_26",925,906,1149,736,1369,986,951,755,1465,1384,559,1023,675,954,975,597,1018,1261,745,822,1245,530,875,599,1058,1543,1151,1444,815,1212,937,1192,912,807,837,1046,605,370,1012,498,862,991,1348,708,723,1213,925,1097,1373,1013,1194,1592,870,687,777,1106,908,550,1038,797
"gene_27",43,92,28,45,73,18,48,64,75,62,45,31,47,55,56,38,15,37,48,66,53,30,56,72,50,42,28,199,45,28,68,64,13,30,42,97,34,38,48,52,48,91,70,99,37,26,107,59,47,35,37,75,96,65,42,43,52,36,60,46
"gene_28",592,428,307,480,648,452,198,233,585,146,308,568,351,557,301,199,449,652,219,345,608,506,485,821,509,466,169,253,460,459,362,284,187,148,329,279,102,232,1003,135,207,362,102,396,251,808,365,200,860,839,276,515,347,1147,710,453,661,102,230,612
"gene_29",33,47,42,20,35,40,23,32,41,56,48,14,16,22,32,68,38,11,14,35,50,22,59,34,39,82,65,97,42,35,45,55,11,18,44,4,22,13,36,12,44,76,38,25,67,23,13,56,62,63,38,20,67,12,19,21,34,39,41,16
"gene_30",14,30,1,7,5,28,21,5,26,44,6,15,6,16,9,16,2,21,0,19,20,22,12,5,9,34,10,11,2,3,8,24,19,1,8,11,10,20,14,4,13,3,13,10,12,10,4,0,18,0,21,13,32,5,8,19,11,9,17,12
"gene_31",12,45,38,27,8,17,41,27,37,22,20,17,6,18,34,3,7,41,10,15,55,6,10,25,21,30,12,19,18,41,19,24,8,22,7,28,7,2,39,16,22,49,17,19,22,29,28,9,5,19,32,42,59,3,26,21,5,16,17,31
"gene_32",1759,3174,1320,2727,2827,2360,1768,2541,2523,1706,2170,2722,1429,1948,2485,2199,1940,1311,2134,2167,2636,1908,2845,2408,2013,2970,1214,2887,3083,1541,2221,1445,1055,2038,2413,1579,930,1478,3393,1976,2685,3387,2505,1986,2242,2255,1182,2983,2807,3043,2329,3012,1696,2567,2340,2087,3224,1183,2508,1386
"gene_33",12,3,20,20,13,2,1,0,0,0,7,80,23,8,6,11,2,7,2,10,8,0,37,23,8,12,2,7,20,11,0,4,2,1,27,10,0,2,1,0,1,56,0,7,0,57,27,4,1,13,9,48,9,65,26,1,3,1,2,40
"gene_34",762,1083,712,1261,951,1281,1760,1060,1401,1240,624,1065,659,662,708,867,654,484,921,734,775,863,1005,628,775,865,909,1529,743,726,890,1298,639,801,777,1025,772,580,832,1060,590,1774,778,743,536,678,968,1018,1572,872,1349,1526,841,441,704,618,1019,340,1137,776
"gene_35",37,30,48,70,16,37,29,37,50,24,37,46,34,29,24,34,41,13,39,52,20,48,24,59,36,69,47,25,38,28,12,25,37,30,31,19,24,24,45,28,50,45,21,35,17,69,19,40,29,64,86,28,25,48,14,33,48,16,29,32
"gene_36",469,348,266,298,496,160,196,238,291,320,263,341,218,144,191,213,352,158,199,261,302,361,269,286,239,335,233,361,286,417,349,280,157,165,289,177,194,137,457,214,143,219,151,159,257,339,154,173,260,322,280,136,239,231,230,230,348,116,299,298
"gene_37",194,230,140,361,451,135,173,162,281,268,145,177,149,226,183,169,136,214,249,246,264,184,261,159,153,249,206,322,166,165,260,432,113,236,154,164,65,84,319,157,208,275,275,211,108,131,86,263,215,261,143,150,228,123,244,156,154,131,223,259
"gene_38",1529,2048,745,1170,2514,1083,1772,1917,1696,1530,1758,1511,901,768,1428,1113,1293,1477,2490,1755,1631,1045,1378,1705,2002,1440,1552,1194,855,1687,1367,2458,1037,1861,1167,1787,731,872,1446,1853,1212,2329,2002,913,1652,877,1284,1773,2166,2047,1592,2005,2087,1499,1408,1517,2022,1322,1958,1255
"gene_39",16,10,38,20,25,15,25,39,15,32,13,41,27,21,17,14,15,18,39,50,42,27,17,9,23,25,28,54,28,12,26,36,36,22,20,16,20,11,53,14,32,46,37,24,41,3,19,16,42,16,35,33,57,21,11,65,11,7,71,44
"gene_40",0,5,19,1,3,8,6,5,13,7,9,17,21,14,1,12,8,1,18,5,26,2,29,3,4,5,5,16,8,8,40,7,11,15,5,19,8,4,6,6,11,29,8,13,6,10,2,9,13,3,21,11,46,0,15,7,9,2,9,10
"gene_41",244,233,204,392,374,284,378,265,511,532,238,174,182,307,105,161,164,269,375,175,251,152,260,179,228,427,244,343,267,160,232,213,178,226,310,292,197,132,253,189,227,227,183,107,145,311,381,200,514,178,234,472,237,161,311,188,222,113,344,350
"gene_42",1,2,11,3,7,0,5,1,1,4,2,2,2,8,1,2,2,6,1,15,11,5,11,1,3,3,1,7,1,3,4,2,8,0,0,3,2,0,11,9,2,10,16,4,3,0,6,4,1,2,22,1,0,4,2,6,3,7,16,7
"gene_43",103,134,188,122,72,148,154,85,171,57,125,88,76,157,108,129,112,88,137,263,149,100,132,158,138,245,99,131,216,181,74,131,134,80,123,101,39,104,116,113,83,133,130,137,172,139,122,103,189,120,188,131,105,125,96,202,149,61,209,235
"gene_44",284,515,412,359,458,353,367,395,554,895,223,520,327,344,344,211,418,405,627,512,494,210,355,454,797,704,459,774,457,225,556,364,249,412,471,895,237,317,827,309,454,602,364,426,481,497,330,507,586,383,712,540,515,242,388,272,428,435,921,430
"gene_45",248,211,242,152,219,188,193,214,347,297,191,155,162,134,341,174,241,177,265,232,235,132,317,211,263,362,217,360,167,196,285,360,169,326,207,227,152,204,201,223,218,272,203,171,171,184,153,208,334,304,428,180,244,126,136,286,226,140,273,336
"gene_46",20,15,2,15,9,3,9,9,17,9,4,0,5,15,5,5,25,11,11,8,4,4,8,43,7,13,1,0,7,10,12,15,0,0,1,4,7,22,3,11,7,10,9,10,16,4,21,14,3,17,10,12,6,2,7,15,10,1,21,14
"gene_47",394,322,195,397,376,458,397,289,546,420,258,303,397,634,329,320,223,352,472,547,435,308,914,623,480,556,366,548,524,505,463,642,610,371,427,429,451,396,921,567,544,381,549,294,643,446,560,451,683,412,490,505,460,153,336,322,344,305,484,517
"gene_48",3898,6755,5668,4453,6613,4104,5924,5561,3445,5173,3523,6445,2522,4505,3456,5643,3008,3389,6661,6847,6271,4002,5345,4580,3169,3957,5312,5995,6656,5109,5995,4180,3475,5816,4151,3363,3035,2083,7201,4042,3291,4313,8099,3907,3436,4295,3925,5229,9572,3100,4932,8240,3268,2736,3862,4872,3139,3432,6846,5228
"gene_49",50,141,28,49,108,79,59,67,110,137,41,50,74,54,124,86,95,30,24,93,71,46,139,27,63,52,57,27,74,49,46,53,58,83,25,68,10,43,96,35,71,120,53,38,65,14,56,47,113,115,65,38,112,62,15,80,106,34,73,103
"gene_50",3,7,18,1,7,13,6,13,81,9,7,25,9,17,7,9,26,19,17,4,46,35,10,9,19,8,10,24,15,22,13,18,14,4,12,45,6,13,9,16,9,23,27,10,2,9,29,44,39,21,25,53,26,16,29,16,16,10,22,39
"gene_51",911,1243,1492,1404,1464,961,1074,940,1211,1420,785,954,647,983,954,718,726,445,1349,886,1230,891,1002,854,1218,1155,1166,1218,1085,730,1319,1394,941,1124,863,1101,721,749,851,923,881,1244,970,769,648,755,1123,1112,1644,683,679,1312,919,832,1037,1208,1615,614,1600,713
"gene_52",1829,2403,1577,1682,1330,1213,2167,1227,2956,1540,886,1418,913,1068,1834,1636,2111,1381,1222,994,1649,1582,2739,1483,2305,3403,1008,1890,1459,1966,1410,1023,1006,1238,1166,1798,837,671,2237,1285,1183,1874,929,1697,1215,1490,1620,1388,2928,1785,2238,1236,1309,2034,2374,1691,2284,575,1733,2864
"gene_53",114,124,78,108,77,90,152,99,66,153,91,95,73,132,86,107,110,60,160,139,126,87,90,106,106,157,80,117,98,104,168,117,94,89,76,102,70,83,199,72,86,175,70,126,142,84,184,114,114,96,89,171,83,87,106,139,98,68,137,160
"gene_54",891,750,1033,1071,1848,972,1820,1075,684,1708,1053,1224,845,953,1111,671,1037,533,1263,1088,1583,747,1077,956,1158,1266,1422,1694,1167,577,1887,1712,1012,959,960,1891,1426,802,1211,1019,1036,1193,1793,1011,868,671,951,1317,1822,1246,1815,822,1353,721,974,1705,1353,1024,1609,904
"gene_55",211,249,128,144,191,184,238,336,298,150,173,280,169,269,221,127,224,130,291,292,244,178,245,201,201,306,237,313,92,201,221,160,234,227,106,175,76,153,283,197,167,164,265,262,160,134,234,126,430,347,176,298,263,216,356,125,299,112,221,129
"gene_56",787,840,737,675,1520,1329,915,1691,857,950,468,447,572,886,607,476,691,578,727,794,985,585,886,1116,1181,1067,795,1481,852,775,1107,1010,650,798,871,1147,528,684,1130,761,504,1144,1283,615,907,731,535,839,942,716,902,1670,1353,682,616,638,1256,836,1560,928
"gene_57",63,59,46,79,31,59,67,21,75,70,33,80,40,79,45,41,63,20,38,57,65,43,66,66,47,102,51,99,59,95,51,69,61,86,80,97,38,42,109,13,74,88,63,51,75,65,81,69,49,49,77,76,72,52,62,67,34,51,42,108
"gene_58",0,1,2,4,9,15,3,7,0,8,2,0,0,0,1,3,4,0,0,2,0,2,3,1,0,0,7,6,0,3,9,0,4,20,1,17,4,5,9,16,0,4,13,4,2,0,2,10,4,4,11,1,1,0,2,12,0,3,8,29
"gene_59",1,7,7,3,10,10,12,1,14,16,7,24,21,13,10,2,3,11,4,4,8,1,12,20,17,8,22,11,12,18,12,2,3,12,11,15,2,19,10,9,1,24,26,1,5,5,5,2,6,7,7,1,12,38,7,7,24,3,5,8
"gene_60",432,251,205,450,327,217,297,126,471,198,338,643,267,497,159,232,490,217,190,253,355,389,596,774,459,550,218,228,349,282,254,280,158,189,255,296,113,195,434,180,145,181,182,350,202,711,211,123,267,526,164,403,303,555,476,283,634,99,170,334
"gene_61",3,24,10,13,18,16,9,10,10,19,14,4,14,8,5,4,19,15,27,17,10,16,6,8,33,2,8,21,18,1,23,6,3,7,41,27,3,8,12,4,11,48,7,15,1,15,5,6,20,23,7,18,6,9,13,4,11,9,9,14
"gene_62",145,127,100,127,177,175,72,88,349,142,105,190,93,39,132,88,103,82,114,118,151,94,100,179,127,103,53,116,126,148,149,171,78,47,116,148,108,81,225,107,47,108,129,148,91,121,137,88,133,91,161,189,123,99,85,134,145,86,95,149
"gene_63",50,53,41,58,59,55,98,73,61,71,67,42,52,63,83,15,60,14,75,99,38,20,59,47,34,58,54,53,92,37,132,109,36,126,44,72,50,44,73,42,80,44,88,41,39,19,41,134,127,75,169,51,63,29,30,54,47,70,119,66
"gene_64",83,89,151,60,116,101,92,103,94,129,47,101,51,39,99,89,58,35,81,190,135,37,151,94,142,116,163,110,83,75,101,84,58,95,83,67,72,37,68,38,76,211,102,63,93,67,120,79,72,66,128,62,181,92,68,90,88,64,145,54
"gene_65",252,216,494,184,1004,358,502,1512,165,2706,97,217,211,634,400,299,199,230,2449,824,280,159,378,175,345,207,1934,1957,444,112,1769,2680,467,580,287,1037,1224,548,170,880,1102,436,2981,99,700,53,362,1749,473,256,1656,232,728,53,114,355,335,1091,1904,294
"gene_66",45,32,13,16,17,38,10,18,17,27,11,20,34,28,36,16,17,23,36,9,18,22,14,19,17,28,29,32,44,32,23,68,10,8,31,21,11,21,18,40,36,32,35,30,20,19,24,28,31,17,31,15,22,4,12,10,22,3,33,6
"gene_67",4,5,12,1,20,1,5,0,0,0,3,7,6,10,0,2,0,0,1,6,0,0,1,0,0,0,0,20,4,1,1,8,5,1,7,1,2,3,0,11,3,0,4,0,7,3,5,18,1,10,0,13,1,1,1,2,9,2,0,12
"gene_68",5,30,13,18,39,22,28,29,38,22,13,32,26,13,38,25,25,9,54,12,28,34,21,18,27,38,47,41,12,26,36,62,13,10,21,31,18,40,23,6,27,14,43,21,35,14,19,57,40,28,31,27,37,5,14,40,31,23,11,23
"gene_69",355,345,277,375,512,243,333,263,407,235,389,289,229,274,271,437,193,290,340,458,418,171,488,267,482,270,294,416,353,462,529,409,192,326,293,351,116,307,471,270,247,432,337,213,229,471,266,242,583,476,372,244,269,299,515,572,266,112,423,395
"gene_70",4766,4092,5716,6224,7893,3501,4156,3864,5442,7654,3365,7135,2303,4705,3380,3068,5659,5650,4200,6568,8517,3263,5991,4109,4442,7066,6006,5879,4753,3239,4569,7924,6454,5015,3943,9386,3307,3437,5642,2614,3923,6097,6148,4950,3203,4231,4204,5224,5393,3297,7012,6520,6193,3157,3823,4790,4406,3685,5735,5400
"gene_71",129,140,98,100,448,164,102,203,143,259,70,157,101,134,135,200,88,97,110,233,165,93,169,119,74,268,175,275,107,99,159,170,101,76,175,260,208,133,194,131,184,182,451,153,131,180,114,138,133,167,184,143,186,145,178,123,129,137,118,210
"gene_72",51,54,89,47,116,24,111,51,77,7,40,110,93,25,58,54,17,33,31,75,61,61,44,41,50,72,67,59,57,54,82,43,22,43,63,27,39,25,92,51,62,46,31,44,19,38,36,48,105,32,48,61,23,60,68,57,94,32,46,72
"gene_73",55,60,44,52,144,53,76,79,70,43,79,64,14,50,16,25,40,40,54,52,58,40,72,102,138,68,88,54,29,72,75,78,38,45,11,102,57,21,78,68,29,155,83,55,96,90,43,33,93,50,94,38,72,100,38,85,55,67,62,99
"gene_74",682,582,574,402,999,370,614,467,547,662,527,465,506,388,539,389,421,350,782,668,495,528,643,618,632,430,460,1075,861,589,724,971,411,668,550,745,213,371,492,423,321,653,773,465,443,459,787,972,751,685,879,621,493,422,292,522,809,368,1169,1032
"gene_75",3,2,15,16,26,31,11,4,2,4,4,6,11,24,14,5,0,11,44,9,19,14,15,15,14,1,11,16,9,3,10,10,5,23,20,11,7,9,21,8,28,9,0,8,11,4,2,1,23,22,13,15,15,1,11,6,4,7,29,22
"gene_76",51,61,60,83,77,137,75,60,61,57,30,55,56,49,26,31,62,46,69,110,89,40,70,89,44,106,62,56,50,46,90,73,43,64,52,41,49,45,65,68,74,134,59,59,40,103,62,62,93,127,79,94,74,64,61,70,95,21,48,90
"gene_77",542,623,784,554,1457,886,945,1104,788,1626,653,581,554,729,814,894,779,375,746,1295,528,510,769,449,991,675,1315,1145,1114,638,1226,1232,1095,989,474,879,617,612,1285,736,705,954,1825,665,1081,454,954,1039,1236,939,1297,992,1064,518,752,879,347,595,1582,839
"gene_78",1565,1592,1756,3739,1884,1320,2993,1482,2167,1560,1061,1595,1529,2140,1712,1839,2542,1312,1847,1854,1824,1061,1859,2467,2591,2838,1552,1823,2341,2255,1584,2211,1944,1631,2194,2106,588,1287,2308,1519,2033,3082,1412,1536,1557,1815,1840,1689,2993,2290,1760,2614,1905,2568,2216,2325,2868,1364,1988,2706
"gene_79",335,301,320,313,547,381,621,436,409,503,318,363,264,302,235,306,313,219,279,388,258,209,433,381,366,322,426,576,313,281,577,391,208,449,305,431,143,216,348,216,355,552,482,456,354,336,295,234,380,304,374,246,365,331,188,328,234,255,457,541
"gene_80",417,330,200,193,222,332,298,411,227,234,212,289,206,389,231,245,356,252,336,354,327,150,295,315,165,291,213,393,315,158,305,173,184,126,178,412,272,253,303,271,228,468,440,151,416,194,312,348,358,234,372,202,278,154,210,233,253,201,393,260
"gene_81",1317,1871,1890,1725,1867,1993,1769,1417,1425,2223,1607,1393,1152,1920,1705,1598,1983,1323,1715,1788,1480,1843,2119,1262,1569,1800,1531,2964,1952,1821,1648,1879,1200,1738,1063,2125,1176,1335,1849,1322,1433,1740,1590,813,1723,1620,2128,1923,1710,1337,2371,1328,1928,1547,1714,1639,2405,774,2593,2392
"gene_82",2211,2059,2654,1378,3816,2314,2360,2051,2791,2296,2057,1406,1805,2712,1883,1800,1838,1221,2846,2381,2173,1853,2389,1234,1049,2822,2331,3552,2341,1685,2387,2453,2348,1988,2011,1603,1528,1552,2453,1922,2247,1396,1979,2050,2487,1298,2255,2425,1697,2104,3173,2360,2569,1503,2039,3093,2529,1552,2954,2025
"gene_83",4716,3071,4613,5543,8299,5277,4043,5628,4611,8268,4192,5388,3940,4583,4956,4750,2651,2428,9016,6994,6324,3206,4882,3188,4198,7262,4124,8480,4083,2858,7027,10473,3881,5202,5809,5735,3208,3788,5583,6452,6138,6368,5957,3953,4637,2613,4330,4671,7140,5779,3722,6477,6029,3288,3071,4383,4196,2877,7466,4783
"gene_84",42,41,49,92,90,56,60,58,74,64,104,61,43,52,43,30,123,51,65,107,115,25,53,113,115,112,43,35,29,79,109,44,59,48,35,65,49,37,79,77,53,91,48,18,15,65,82,37,70,47,40,45,47,39,35,63,115,29,77,43
"gene_85",1573,1096,1128,1206,1524,947,1053,1112,1365,1843,1034,1313,656,1638,1232,805,1378,604,1431,1285,1087,624,816,1158,1563,1526,1264,1408,1076,983,1325,1029,1187,1153,746,1511,821,1063,938,1017,959,1292,1409,1194,1251,1041,1411,1349,1528,1136,1216,1226,1021,934,1309,1229,1193,661,1561,1272
"gene_86",74,100,76,67,96,110,80,77,65,139,106,154,75,111,73,120,164,64,74,119,72,52,28,128,113,104,168,161,154,159,81,190,52,116,90,189,68,85,171,100,59,179,95,72,75,154,96,117,150,82,143,111,106,138,90,146,117,42,88,195
"gene_87",86,313,197,132,311,181,213,128,270,185,119,200,176,202,126,105,238,205,161,178,204,123,274,224,190,330,200,295,180,200,212,152,143,138,101,242,140,130,214,81,186,221,270,157,123,137,136,165,301,246,50,185,184,189,103,287,272,158,323,173
"gene_88",23,63,24,31,42,40,52,33,46,33,25,8,19,15,4,19,32,10,24,34,50,30,35,9,36,45,34,66,24,25,35,40,22,48,31,85,7,10,35,24,37,63,26,27,15,31,40,25,7,32,28,4,61,20,57,20,33,9,21,41
"gene_89",3,21,10,2,7,41,28,4,7,21,3,17,11,2,2,0,7,2,5,11,48,11,20,21,22,18,32,35,13,20,14,8,9,6,4,5,3,3,8,11,34,8,9,13,18,12,8,2,12,23,14,38,12,20,21,7,15,16,1,19
"gene_90",526,461,739,497,590,591,521,518,450,651,336,475,202,362,557,504,634,289,867,479,587,395,756,322,482,862,308,1171,419,313,740,996,447,379,699,827,348,342,551,507,339,404,334,373,422,488,398,464,632,590,760,501,502,428,449,561,484,282,620,520
"gene_91",3,3,0,3,0,10,7,2,4,12,5,1,4,1,2,6,1,0,1,0,6,0,27,6,0,0,0,3,5,7,8,25,8,0,0,3,0,0,5,7,18,20,5,5,11,4,3,4,3,0,4,2,0,1,2,0,5,2,14,0
"gene_92",218,279,290,175,385,313,275,340,261,527,259,161,156,340,231,324,140,282,417,459,258,203,415,141,334,315,407,471,248,297,507,582,467,283,248,462,216,186,182,245,263,247,511,235,274,207,150,243,414,492,452,423,290,94,184,303,332,220,528,348
"gene_93",818,543,836,500,967,806,535,373,601,628,506,755,497,377,597,526,459,474,494,757,705,575,747,581,714,530,626,1319,494,470,699,1002,529,681,812,797,483,539,1218,591,425,888,875,712,489,873,557,542,948,586,537,687,630,526,659,640,877,389,688,502
"gene_94",16,25,17,12,22,19,34,15,36,21,7,22,25,33,26,6,8,17,23,18,8,17,9,8,9,30,26,40,12,6,24,14,12,43,21,18,40,13,31,12,22,4,16,8,8,17,26,41,49,52,48,13,33,13,11,16,5,9,24,6
"gene_95",38,18,55,51,20,28,61,46,26,56,45,65,19,45,57,29,40,12,20,56,60,38,48,36,52,60,29,40,66,30,46,80,32,37,40,35,32,37,42,27,49,34,65,34,15,68,36,93,92,57,57,63,41,57,16,70,83,24,61,92
"gene_96",250,204,190,185,207,232,109,238,339,172,102,233,117,127,150,202,180,121,234,127,246,49,161,157,196,171,209,280,162,287,455,253,142,156,98,200,150,137,278,188,212,256,200,134,158,118,250,188,351,222,157,270,163,123,98,239,202,154,210,171
"gene_97",41,18,61,53,57,13,45,59,33,66,25,35,7,49,20,28,29,30,132,66,28,35,49,64,67,42,31,22,58,53,69,84,60,60,13,69,20,25,51,38,27,102,62,24,33,22,41,13,54,26,42,53,62,13,14,10,56,35,104,56
"gene_98",258,247,353,259,253,306,417,253,328,266,144,397,169,313,219,200,297,219,307,400,404,162,127,255,390,322,191,445,153,271,355,350,125,330,328,299,236,178,301,230,219,305,269,222,249,353,386,202,221,341,271,454,253,404,260,374,278,226,337,200
"gene_99",1,3,16,1,12,6,13,3,4,5,0,8,2,5,6,1,3,2,10,4,11,2,0,5,1,2,5,5,17,11,2,8,8,7,5,22,0,3,14,5,4,10,1,3,4,0,9,14,17,1,3,31,7,11,8,10,6,7,17,3
"gene_100",234,182,135,177,124,73,162,135,114,136,104,282,152,132,75,106,205,92,106,118,166,206,166,203,210,187,79,194,120,222,117,234,50,91,80,144,50,203,274,73,115,169,82,112,145,204,153,66,174,182,174,149,180,385,182,140,123,54,75,151
"gene_101",181,171,128,166,319,130,218,160,375,138,163,139,142,179,197,165,296,107,229,202,178,250,293,188,254,187,246,181,216,249,323,192,190,144,120,290,95,203,301,203,141,346,219,131,228,260,177,239,154,330,334,312,215,113,224,239,356,67,263,237
"gene_102",304,359,296,304,290,477,524,259,557,484,143,399,283,298,271,186,237,211,452,238,302,224,313,524,509,490,206,466,425,389,270,472,131,205,440,503,242,142,414,246,302,468,360,331,238,371,305,382,514,412,263,638,281,318,357,419,317,174,395,438
"gene_103",129,197,153,148,258,202,133,147,196,150,115,132,108,185,89,85,67,109,225,116,145,54,173,146,215,182,220,212,131,134,150,229,77,168,109,217,191,162,155,121,171,198,122,111,140,132,142,148,285,128,175,164,261,102,81,129,122,107,189,104
"gene_104",0,6,6,1,13,13,3,10,6,17,3,10,0,26,3,1,0,4,8,0,16,2,12,25,2,2,21,2,17,0,27,7,1,18,11,8,3,4,3,1,6,3,17,3,1,0,11,0,9,1,13,1,6,4,11,15,11,1,31,6
"gene_105",1,19,5,4,0,2,11,5,1,0,1,2,10,11,3,14,7,1,1,1,30,1,12,0,3,11,24,12,32,1,2,1,0,9,14,1,0,1,37,13,13,3,8,0,0,19,10,2,3,0,12,1,3,0,0,2,17,1,3,4
"gene_106",66,60,42,17,59,77,48,60,77,36,45,43,22,39,38,64,67,41,26,30,63,70,48,69,52,39,42,64,107,43,23,89,45,33,35,51,29,21,43,45,36,71,13,49,35,23,68,54,45,72,59,53,76,29,25,27,37,22,69,57
"gene_107",184,173,403,339,323,250,430,380,560,720,211,279,191,474,351,260,359,223,483,449,500,319,201,321,573,549,370,499,428,275,566,629,236,312,365,481,398,308,478,432,501,356,453,425,188,266,385,348,459,488,591,352,420,168,280,335,350,208,689,393
"gene_108",209,163,134,66,214,163,250,80,82,121,144,190,182,181,98,89,114,74,231,202,207,71,184,228,270,190,132,102,134,135,213,200,135,98,130,162,63,128,346,139,86,228,216,145,135,118,184,105,340,131,127,290,350,69,215,120,289,61,141,171
"gene_109",36,69,41,64,81,44,110,91,45,71,63,35,55,66,33,39,31,15,67,67,112,17,57,52,29,58,68,102,59,83,151,109,47,60,39,37,25,44,85,34,64,134,89,22,57,35,23,43,74,46,72,96,91,36,46,58,38,43,79,27
"gene_110",754,495,248,551,533,472,509,212,1208,226,357,458,513,431,492,560,638,278,292,297,896,399,619,1018,436,634,163,287,572,489,291,376,109,232,607,440,146,193,867,205,166,719,126,327,254,1501,413,192,486,588,206,504,302,932,781,363,417,185,297,633
"gene_111",270,319,128,337,361,163,341,181,290,135,261,289,133,221,118,163,180,132,249,230,234,158,298,171,359,200,209,264,206,254,365,340,160,226,150,223,80,141,260,237,219,250,166,121,216,223,209,189,257,292,268,303,217,139,204,282,176,179,234,250
"gene_112",197,253,163,296,214,199,245,196,244,186,177,317,177,197,258,118,255,154,324,270,235,206,254,173,170,261,272,195,187,270,222,208,126,127,169,247,121,92,185,69,162,262,324,253,276,154,162,171,230,153,237,188,227,122,142,262,204,208,150,220
"gene_113",3105,6700,4548,4483,6666,3188,6086,4398,7253,5558,2862,5780,4338,3202,4229,2468,5227,2841,3268,4860,7297,3966,7417,4076,5441,3844,5723,5069,5383,4091,5581,7893,5340,5103,2562,4835,2158,2612,6168,3928,4042,5486,4687,3608,5138,3568,4392,4848,4884,4772,4266,5002,3946,4273,3615,4196,8383,3823,7219,8128
"gene_114",107,192,240,75,83,155,180,83,106,209,139,80,150,133,181,86,117,89,124,268,166,74,189,67,276,164,97,193,105,91,188,291,213,143,161,229,75,71,189,106,130,183,181,102,211,99,77,113,160,213,70,219,114,165,136,95,169,86,225,138
"gene_115",1920,1976,1338,2201,1996,1169,2078,1505,2034,1501,1841,2134,1671,1438,1460,1140,1856,1651,1342,1967,2137,1448,1700,2274,1315,2192,1444,2538,1795,2336,1832,2316,1387,1446,1886,2185,929,1204,2237,1821,1263,1823,1482,1088,1254,2349,642,1546,2793,2318,1566,2002,2201,1058,2306,2133,2873,899,1649,1661
"gene_116",3625,2794,2784,3525,6562,3048,2975,4674,3907,4945,3208,2108,2532,5372,2491,2353,3649,1922,3583,4213,3943,2738,4577,2196,2974,2709,2476,6409,2246,3172,5146,3578,3030,2070,3055,6930,2528,2960,4807,1713,3952,4892,5004,1587,3167,2640,2473,4158,5226,2671,4285,5059,4956,2086,2192,4443,3033,3072,3037,3596
"gene_117",43,18,17,15,26,4,30,10,22,29,32,46,30,10,19,30,22,4,42,34,35,26,13,43,19,22,15,44,22,14,47,19,20,13,28,62,13,20,36,7,13,51,14,23,45,19,17,17,30,25,18,37,27,41,38,60,11,9,19,9
"gene_118",300,119,214,165,130,192,226,134,251,125,184,212,137,227,160,207,275,123,148,150,145,169,260,268,260,183,146,224,239,196,100,208,107,144,125,262,55,89,298,214,128,118,142,71,151,234,210,254,311,258,270,197,192,202,257,206,194,75,157,137
"gene_119",73,80,55,45,160,83,39,56,52,58,35,103,40,55,30,55,125,20,41,77,121,30,22,45,108,45,82,96,57,76,120,81,24,53,37,51,61,46,51,56,89,98,192,46,67,65,62,78,157,33,60,83,130,37,61,72,49,82,72,58
"gene_120",542,526,330,380,741,417,619,585,743,313,488,591,320,505,549,471,763,504,549,833,466,501,394,425,682,755,280,468,608,663,367,819,205,410,277,684,206,512,609,259,523,915,522,457,372,564,780,355,816,599,861,699,555,512,424,686,774,279,438,678
"gene_121",1461,831,1465,746,1870,575,896,983,927,1532,620,502,578,921,654,344,1082,621,907,1482,1172,1084,825,794,967,1298,918,1166,686,623,725,745,628,628,884,1051,699,656,1203,677,791,1262,872,1103,562,765,743,634,1578,1173,963,1051,1359,698,558,980,1103,486,1087,722
"gene_122",15,14,34,24,19,42,17,22,31,13,9,15,18,13,15,21,16,19,36,13,15,16,30,18,15,21,29,44,27,9,37,25,37,7,13,36,29,26,34,20,34,35,66,22,21,44,20,38,15,22,29,26,26,31,37,15,49,19,36,32
"gene_123",6,1,12,2,58,33,4,8,21,9,4,13,10,14,0,12,38,7,17,52,16,10,17,5,7,11,3,34,19,7,7,39,6,31,16,32,4,18,22,3,8,18,20,2,10,0,20,22,29,9,16,9,52,5,21,10,11,11,12,10
"gene_124",56,98,69,45,45,57,97,86,128,62,37,62,81,74,57,70,85,60,70,81,50,22,89,56,88,66,47,134,35,56,49,81,68,59,51,86,49,71,131,63,28,76,51,41,36,75,52,62,78,113,57,169,63,46,50,37,173,38,45,53
"gene_125",16,14,9,79,15,4,6,7,29,7,7,9,8,4,14,5,7,12,7,30,16,8,14,15,8,5,13,17,22,44,15,16,9,11,18,10,5,16,33,17,11,13,7,14,8,16,5,9,36,18,21,16,9,7,25,43,11,6,10,26
"gene_126",72,126,55,154,344,60,162,160,107,118,116,126,118,108,81,46,85,84,202,134,100,131,167,50,150,197,138,208,134,196,185,178,119,117,140,124,181,80,161,90,182,75,125,81,178,95,105,171,162,91,208,131,111,52,55,103,225,109,253,147
"gene_127",20,2,1,18,3,28,8,11,47,6,7,17,15,10,11,19,25,8,16,37,9,17,7,31,9,39,12,1,0,12,16,25,1,5,18,29,14,6,45,4,6,75,13,8,18,27,8,8,40,9,16,13,27,38,20,12,41,9,5,11
"gene_128",1651,1881,1432,1358,2443,1602,1452,2115,2431,1862,2211,1969,1351,2142,1382,1424,1947,1620,1574,1951,2269,1009,1656,1762,2818,3356,1436,2913,1390,2313,1813,2954,1268,1209,937,1303,688,886,2897,1254,1450,2047,1749,1491,1972,2225,1266,1763,3200,2354,2685,2353,1974,2034,1722,1651,1979,712,1562,2833
"gene_129",286,520,430,212,434,371,277,313,324,317,298,418,338,249,300,275,250,239,361,362,496,284,653,406,297,398,351,400,353,265,349,457,146,333,516,328,260,139,440,298,498,676,539,204,251,446,315,410,631,546,576,338,615,316,451,403,478,212,471,387
"gene_130",993,804,354,1008,413,303,394,177,1605,109,610,1463,685,252,248,640,1078,738,112,402,712,742,532,1635,872,1075,113,97,523,716,157,198,74,128,510,224,53,256,1292,239,104,514,72,1031,281,3253,290,199,1087,995,237,1036,490,2014,1597,450,1628,47,172,1099
"gene_131",83,145,187,107,167,178,133,108,107,82,86,132,101,97,77,86,170,73,150,166,152,57,128,72,85,174,81,162,94,155,139,184,86,107,137,69,110,82,189,123,90,107,137,169,93,82,100,54,132,110,110,180,118,51,50,133,120,99,154,117
"gene_132",178,134,202,145,119,163,152,109,161,132,81,102,135,208,108,88,154,82,215,169,203,159,147,175,141,134,90,245,230,52,251,198,116,173,62,182,62,72,137,113,104,187,156,96,170,118,126,134,201,97,203,166,201,153,86,161,122,61,148,302
"gene_133",47,33,24,28,63,28,31,34,35,58,30,37,21,56,26,21,23,35,20,67,35,38,31,38,84,32,41,22,17,48,50,36,24,14,32,53,15,18,26,28,67,43,23,22,50,23,32,30,42,48,61,92,44,23,45,104,98,15,72,62
"gene_134",9,47,18,22,41,33,31,56,51,38,28,87,21,20,59,9,13,17,110,56,23,51,70,41,21,108,31,51,33,26,104,78,15,22,22,25,29,13,27,63,23,29,41,35,35,26,20,58,57,34,23,28,30,21,33,29,8,11,30,22
"gene_135",481,559,433,413,372,361,686,385,581,737,303,513,318,569,340,493,563,192,768,585,469,332,409,352,384,530,302,706,435,366,711,724,485,398,344,986,438,298,278,363,371,632,585,441,596,491,216,545,776,505,541,429,554,241,194,403,689,229,576,562
"gene_136",2759,2434,2625,1044,2514,1854,2644,1715,2118,2514,1070,2194,1302,1362,1744,1516,2276,1373,2921,2229,1927,1913,1914,1849,2691,2234,1708,2054,2625,1923,1891,1809,1261,2035,2187,2305,1338,1245,2155,2047,2008,2338,2410,1292,1678,2571,2236,1254,1883,2275,1887,1947,2031,2578,1930,1802,1944,1064,1905,3070
"gene_137",66,142,77,82,118,70,218,94,103,138,48,72,58,115,93,81,61,65,88,52,83,73,99,66,70,77,172,120,69,46,160,128,129,114,124,107,91,36,65,121,217,67,174,46,95,35,133,131,177,109,170,99,114,114,60,62,53,96,173,95
"gene_138",32,17,11,27,18,21,36,3,15,8,10,7,13,16,39,18,25,10,21,22,33,8,10,8,12,50,8,39,25,18,28,8,1,18,39,8,10,2,28,4,6,11,7,14,5,14,0,0,26,2,46,16,21,18,24,9,14,5,5,11
"gene_139",377,470,547,263,913,406,641,604,557,584,552,466,278,371,619,543,355,305,400,993,651,392,530,228,433,588,405,786,434,449,961,1009,363,699,386,802,427,459,465,381,402,575,509,516,313,373,596,473,560,420,609,572,791,437,409,737,462,270,549,772
"gene_140",28,32,56,31,37,32,26,51,89,125,30,63,42,65,26,18,32,39,29,52,46,32,66,40,21,21,57,42,55,96,38,43,11,76,51,29,11,16,99,62,35,49,55,21,63,46,65,13,51,41,22,86,43,47,78,45,112,10,31,58
"gene_141",98,130,71,175,109,74,168,91,104,135,141,72,157,115,75,124,112,91,102,96,125,88,154,73,186,105,93,182,226,208,157,102,155,60,89,70,81,107,153,100,68,112,349,53,171,111,188,142,176,84,84,149,127,106,110,79,211,90,80,136
"gene_142",208,287,235,166,311,228,185,165,240,324,236,249,294,372,123,186,241,147,186,261,206,110,230,153,258,294,172,232,144,209,473,319,56,341,128,327,97,126,281,147,169,229,232,317,268,164,147,233,232,176,303,302,227,293,191,162,391,119,289,203
"gene_143",13,11,23,28,22,5,3,5,9,15,23,16,14,29,23,35,30,2,13,26,16,5,9,45,15,89,11,13,20,12,28,50,15,23,9,11,30,14,41,13,9,50,15,49,17,29,18,36,39,21,11,8,6,26,12,41,6,6,3,23
"gene_144",17,4,23,14,12,9,33,6,26,20,6,7,5,19,5,4,4,6,20,15,3,20,27,4,2,35,2,4,2,4,12,19,3,5,6,13,8,7,5,11,3,7,2,43,17,18,8,4,17,27,32,4,16,2,15,16,17,10,12,11
"gene_145",46,80,62,64,161,41,75,50,62,64,62,99,70,77,55,23,54,84,108,174,63,18,65,65,52,88,36,103,31,54,90,105,106,93,41,203,35,73,64,16,65,101,108,43,80,37,71,64,79,42,124,62,125,54,25,88,119,94,106,72
"gene_146",68,161,69,129,151,136,118,89,106,80,152,168,70,71,78,86,128,82,57,133,184,29,99,63,136,133,51,74,72,70,121,118,138,40,94,141,44,56,194,56,68,129,73,27,89,43,106,80,177,101,80,63,138,70,95,68,76,76,129,138
"gene_147",181,458,609,542,786,393,385,655,572,550,414,632,338,537,321,380,363,420,536,593,453,307,407,605,559,563,663,495,422,538,666,695,375,631,454,521,327,339,494,403,376,531,882,453,597,603,541,451,802,488,488,569,551,413,350,669,543,452,727,590
"gene_148",25,48,16,30,31,32,27,26,62,20,22,29,33,24,36,18,90,17,23,28,36,14,18,35,14,53,14,25,34,32,37,7,30,28,29,39,5,14,15,21,35,41,20,13,10,36,21,15,15,15,41,66,29,26,22,47,38,13,41,33
"gene_149",1316,1393,1342,1358,3240,1733,2157,1887,1341,2655,2005,1682,1791,1347,1541,1102,1824,1143,1616,2205,2764,1497,1825,1613,2100,2431,1633,3391,2236,1626,1903,3526,1222,1467,1359,2004,1638,1052,2713,1395,2080,1407,1827,1154,1675,1314,1293,2389,2397,2245,1725,2225,3142,1663,1238,2216,2508,1280,2478,2065
"gene_150",4998,5130,2436,4860,7695,4355,4436,4369,6306,4893,3458,4230,4363,4062,5961,6293,5152,3952,4464,5434,4754,5377,4934,6199,5471,7890,4983,3308,5221,5645,5949,6734,3456,3252,6195,5618,1942,3282,5881,3948,5377,7730,4126,3918,3652,6255,3505,4452,8875,5926,6789,5339,4435,4251,3773,6281,8604,1416,7161,4304
"gene_151",3,4,3,10,25,35,25,13,22,6,2,14,1,27,9,9,6,3,17,10,13,15,13,18,18,2,14,11,9,8,11,21,7,21,4,6,18,5,21,6,4,23,18,10,41,20,15,30,9,3,46,3,3,15,6,3,18,1,38,28
"gene_152",2653,2033,650,3733,1412,1807,1448,757,4208,796,2552,1767,1836,1675,1496,1438,1953,1006,1203,2126,3376,2135,1294,4242,1856,3225,1052,1645,1754,2241,767,1210,701,758,1579,945,648,1136,3649,661,470,1488,660,1477,946,4025,1410,864,2078,2248,1368,4343,1840,3206,2935,2496,2111,449,1190,3554
"gene_153",17,15,10,26,16,27,29,29,83,11,8,44,26,21,7,5,20,32,13,12,36,20,22,19,11,17,24,39,7,48,30,24,17,11,29,7,9,18,16,14,19,53,22,0,18,16,25,5,16,11,38,17,18,44,14,22,12,15,7,27
"gene_154",138,271,246,99,173,221,287,160,350,212,174,244,164,129,261,215,361,124,164,219,241,148,196,94,187,232,271,192,281,185,259,243,147,93,140,271,177,225,233,179,140,275,218,239,194,290,169,148,391,140,344,157,198,184,284,180,185,158,313,230
"gene_155",3415,2854,5194,2630,4468,5876,5967,8720,2537,7907,1978,3278,1349,5833,4570,3116,3546,2214,8940,8102,4351,2209,5717,2292,4999,5658,7343,6537,4360,2962,10937,11226,6166,4231,3900,5432,7416,4650,3470,4650,5690,5749,11830,2053,4500,1409,5460,7018,4098,3068,8539,4449,6325,1468,2399,4323,4316,7025,9353,4091
"gene_156",72,153,100,134,186,188,151,157,184,169,157,135,134,77,102,136,153,117,183,219,114,153,134,212,203,175,104,117,140,97,193,186,104,115,125,192,86,84,171,146,158,162,151,77,114,152,183,132,214,103,170,302,173,138,160,235,90,84,97,182
"gene_157",218,203,305,224,282,119,313,235,151,202,113,152,193,130,208,183,100,169,360,163,146,159,259,237,226,140,203,252,159,189,169,375,124,256,228,154,146,109,178,215,160,212,310,174,190,94,202,298,367,152,338,243,323,170,100,229,183,127,233,331
"gene_158",117,164,185,181,211,246,179,277,205,204,101,165,165,174,170,172,160,135,249,428,207,143,253,94,278,148,186,147,152,203,282,351,147,139,166,151,67,84,250,78,136,309,257,56,115,86,201,187,201,212,227,136,232,241,161,189,157,121,154,400
"gene_159",271,360,149,300,522,422,277,203,340,217,289,423,311,325,220,160,359,294,129,469,252,298,226,353,408,440,284,391,311,304,207,303,140,295,328,305,218,246,567,274,306,319,204,359,519,364,326,379,316,463,218,355,385,309,356,304,429,151,253,471
"gene_160",110,173,121,168,90,83,125,199,102,168,112,189,79,101,162,125,124,123,124,123,160,73,89,138,123,137,96,168,212,68,110,147,138,136,108,154,122,68,147,195,171,233,112,92,135,94,136,146,161,149,254,165,204,92,101,130,146,57,202,128
"gene_161",616,509,461,472,720,396,711,594,596,960,376,689,331,613,748,457,514,478,937,960,713,468,1226,506,516,431,904,1240,642,512,824,1004,635,660,481,634,422,370,954,599,670,913,1011,251,389,335,483,623,859,572,840,997,574,743,475,541,627,406,637,538
"gene_162",24,7,11,13,20,23,8,10,16,50,8,66,21,2,7,3,6,11,4,19,9,4,18,9,1,33,38,8,4,9,13,24,6,21,16,14,1,9,10,5,8,25,10,8,7,7,13,24,26,18,8,28,15,27,17,20,13,1,21,11
"gene_163",76,137,169,185,125,84,177,146,233,109,133,104,151,125,167,175,202,149,245,245,122,160,155,159,198,329,77,203,200,60,167,125,76,106,98,183,53,125,134,73,120,192,176,129,171,251,164,75,236,129,169,229,136,146,212,191,194,95,68,233
"gene_164",65,64,26,24,65,39,74,69,57,81,95,43,36,66,47,28,25,29,41,52,51,49,48,44,42,68,54,55,49,85,78,58,48,67,27,63,69,63,25,54,49,89,53,71,70,22,34,65,64,64,89,71,13,54,30,34,94,37,72,25
"gene_165",477,343,342,446,557,378,694,280,362,358,355,522,364,452,399,488,504,393,322,479,507,208,361,370,826,624,267,310,598,572,447,423,236,330,361,473,192,263,541,375,477,625,366,371,336,353,545,286,468,495,432,479,465,472,438,545,531,178,699,463
"gene_166",427,486,604,260,729,628,601,539,348,745,477,205,240,349,316,489,316,323,589,352,303,163,587,262,411,546,482,570,684,337,637,737,482,511,244,541,424,366,359,520,481,445,567,304,343,316,256,530,402,391,624,298,546,405,348,595,480,300,670,334
"gene_167",3,6,7,0,5,0,22,1,39,10,1,3,12,6,1,2,0,2,8,3,3,5,0,0,3,4,0,6,13,14,11,3,1,11,0,3,8,0,9,1,5,6,1,0,0,12,9,1,0,9,6,8,1,4,0,1,4,0,4,3
"gene_168",4389,5025,4484,3974,6087,3239,4641,6289,6913,8551,3921,4206,3040,4823,4693,3839,2890,2563,6676,5731,4999,3955,6272,5388,3233,5337,4313,7804,4375,4527,4504,6990,4506,4383,4737,4655,3615,2689,3612,2811,3448,6195,5697,2968,5518,4293,4048,3882,6879,4548,6078,6433,5217,4770,3737,6336,7961,2957,5594,6005
"gene_169",51,57,66,46,48,60,22,13,54,38,54,43,36,36,112,32,64,27,34,45,39,56,64,66,65,62,27,36,37,48,63,28,54,47,20,54,30,58,49,20,30,36,33,26,60,52,62,61,51,46,53,26,65,62,23,87,72,20,45,31
"gene_170",5,5,6,2,28,16,25,8,6,23,6,4,4,2,5,5,4,5,87,8,8,1,25,1,4,2,38,59,9,4,14,92,26,16,2,26,49,18,10,9,34,2,14,6,15,0,6,83,4,1,28,6,28,4,2,2,2,41,8,14
"gene_171",6,9,0,14,2,2,1,10,2,3,1,3,12,9,5,2,2,2,0,12,28,4,7,1,1,7,2,17,0,3,1,17,0,0,2,3,1,7,4,0,1,11,0,5,2,1,1,1,6,10,7,3,6,1,0,4,5,2,4,5
"gene_172",110,133,92,116,215,133,119,111,144,101,122,130,146,121,159,52,197,63,156,136,215,133,135,134,232,214,94,106,98,169,160,101,94,93,72,52,57,68,208,120,72,111,203,133,107,166,185,120,177,112,90,243,235,107,156,177,129,76,121,130
"gene_173",3,1,2,22,16,1,5,14,10,5,1,7,0,13,3,6,5,3,4,7,6,1,7,6,1,3,0,18,1,13,4,2,14,7,4,16,5,0,10,9,1,1,10,1,3,22,7,3,2,0,5,3,26,4,20,13,8,1,8,21
"gene_174",50,31,34,39,135,18,124,70,57,42,21,55,31,69,55,14,30,27,63,20,60,19,53,42,94,79,24,74,54,40,64,36,46,29,48,31,19,42,32,49,57,72,50,54,30,44,35,72,32,81,45,87,71,44,23,62,92,46,150,99
"gene_175",17,10,54,20,73,23,57,51,47,18,16,7,31,7,16,9,27,7,82,14,46,2,22,16,21,29,13,48,51,31,56,15,7,24,23,27,22,14,8,15,36,40,11,21,34,22,53,26,15,17,44,20,21,22,9,15,25,3,13,24
"gene_176",498,545,540,463,495,519,560,425,383,539,288,502,357,288,280,457,346,278,365,517,640,281,432,312,488,788,205,796,371,517,685,867,460,421,495,423,465,317,864,239,262,563,596,380,318,575,607,283,612,257,805,394,388,422,436,434,490,215,735,581
"gene_177",216,202,111,115,301,133,161,173,169,186,218,170,130,133,136,126,114,145,143,144,162,199,124,142,93,173,116,140,116,173,107,278,120,183,149,144,89,112,128,93,140,147,87,159,231,208,78,165,147,198,215,219,202,144,108,136,300,105,147,100
"gene_178",50,68,80,29,126,46,93,74,56,128,61,112,93,77,49,56,88,62,104,100,59,25,73,67,84,70,107,127,106,35,54,127,78,86,120,105,80,37,120,51,67,108,75,97,32,45,93,101,84,79,49,106,75,50,63,105,108,52,105,88
"gene_179",1401,1125,1645,2568,2820,1688,1486,1045,2050,2408,1322,2211,1665,2044,1120,1032,1315,1081,1721,1794,2656,1566,1514,2346,1636,2511,950,2058,1524,1636,1679,1235,1627,1089,1311,3344,976,1116,2146,1542,1407,1576,2771,1178,1905,2154,1790,1522,2832,2024,2081,2227,1811,1437,1772,1725,1829,1003,2333,2742
"gene_180",19,20,23,22,14,16,37,6,8,39,2,59,15,1,20,20,33,23,27,34,24,19,10,14,38,25,9,14,36,25,23,20,19,21,18,3,11,17,28,7,8,22,22,13,31,17,37,11,26,9,25,17,37,14,16,24,8,10,8,16
"gene_181",163,170,222,178,94,72,95,129,122,176,113,239,157,223,116,122,72,37,105,161,162,65,148,211,180,188,181,157,111,129,184,273,121,139,94,202,115,150,112,122,108,150,111,119,87,72,158,168,179,145,195,161,157,147,98,156,196,97,179,80
"gene_182",423,424,331,356,275,219,351,427,431,315,448,267,260,467,695,262,449,307,362,659,363,249,407,383,309,435,348,605,440,329,448,499,233,270,365,562,413,319,411,321,295,868,415,303,381,274,291,381,323,340,500,454,549,398,405,332,357,190,429,266
"gene_183",61,42,46,46,61,26,41,33,59,34,41,31,16,63,18,23,70,23,50,43,68,38,30,35,57,38,7,81,40,7,29,47,16,20,33,28,8,38,64,21,22,24,24,17,25,41,49,37,43,27,28,39,34,29,39,46,23,7,25,69
"gene_184",3882,3816,5224,5039,5916,5913,5845,4453,7042,6967,4835,2121,3256,2882,5012,5394,3395,3317,4686,4123,6070,4980,5870,4815,5476,7685,4230,3000,4971,7790,4146,6524,4804,4685,5986,5247,3587,3041,6632,5623,5619,5279,5853,4262,3996,4767,4956,4885,7846,5050,8869,5767,6623,6309,4420,3288,6191,2053,6161,4380
"gene_185",783,1017,922,691,1026,745,823,694,1261,591,615,581,509,725,611,911,916,432,965,614,778,616,949,519,633,794,633,1225,1055,539,803,668,748,1003,825,872,724,789,1322,760,532,1010,972,752,814,1387,768,604,1426,625,1117,901,737,995,1094,868,1045,555,855,948
"gene_186",60,31,39,32,61,22,37,69,46,78,47,100,37,29,21,67,47,48,32,58,79,72,63,38,70,81,43,65,66,34,64,52,30,47,39,37,48,33,140,26,79,53,68,34,21,26,65,86,65,22,49,45,73,62,29,61,47,48,60,36
"gene_187",87,73,55,34,81,35,36,57,53,51,27,58,51,13,55,45,26,16,52,113,94,14,45,40,32,16,41,27,71,61,36,67,41,40,42,31,27,32,37,42,27,60,90,45,116,67,78,37,71,20,123,80,51,30,31,35,54,37,54,40
"gene_188",138,50,87,51,102,75,121,124,257,62,123,133,90,124,91,52,68,43,113,78,74,92,58,106,54,58,62,125,76,116,136,76,67,70,67,137,84,48,196,67,56,51,100,67,60,111,91,115,72,95,116,112,78,115,124,77,194,45,150,130
"gene_189",153,254,249,145,296,167,192,206,242,287,279,156,159,197,165,179,245,101,344,238,287,142,275,102,212,188,274,300,166,217,289,464,94,257,236,264,209,185,156,267,268,269,263,197,170,91,176,274,238,226,290,197,172,120,136,174,156,181,303,232
"gene_190",113,42,67,60,78,46,60,69,56,72,27,42,41,60,57,84,97,46,101,93,100,91,80,62,62,49,79,54,49,96,72,87,48,74,106,120,41,40,80,71,99,175,92,89,69,106,80,87,88,53,67,60,72,51,71,109,82,40,55,80
"gene_191",5,1,3,1,1,8,10,8,2,13,4,2,3,26,14,3,1,1,10,18,5,7,3,3,11,1,8,4,13,7,20,9,9,26,3,10,2,2,3,6,5,4,0,7,16,10,2,0,10,14,1,10,8,1,6,6,9,0,7,13
"gene_192",35,38,108,50,28,29,41,63,55,31,44,74,28,59,16,14,49,44,62,52,80,40,87,19,53,73,33,40,50,71,85,55,20,23,39,66,15,35,68,33,48,56,42,36,24,70,43,85,54,35,71,95,64,49,26,46,41,20,83,74
"gene_193",47,28,63,59,89,53,62,27,46,36,35,44,32,29,31,36,39,24,58,56,105,20,64,29,72,39,28,47,61,45,39,58,55,83,46,66,27,28,71,33,33,103,56,58,46,69,60,33,66,38,75,47,70,28,40,48,112,12,37,41
"gene_194",15,43,18,69,36,1,24,14,54,31,21,35,9,14,20,36,26,24,41,42,53,14,33,22,22,45,12,27,40,54,67,61,6,14,29,23,11,21,31,5,4,46,41,37,30,49,19,14,21,42,63,27,28,38,36,17,71,16,35,9
"gene_195",42,63,47,24,88,55,24,50,65,45,27,69,48,31,23,43,66,15,85,52,28,29,71,36,46,121,22,45,26,96,46,45,42,73,48,48,29,45,47,39,44,135,61,30,29,50,41,39,90,105,46,41,16,45,54,54,53,17,24,57
"gene_196",34,103,113,70,104,61,114,93,68,82,36,30,34,71,63,62,87,79,162,68,75,51,99,41,117,176,49,168,61,58,144,135,49,83,135,53,79,62,77,85,17,68,127,13,60,80,67,90,68,60,113,109,80,39,65,31,96,44,60,149
"gene_197",1266,1556,929,781,1489,1155,1340,956,1103,2066,1086,692,1253,1005,932,685,883,648,1491,1118,1232,1177,787,932,1304,1363,1119,2140,1240,1304,1590,1403,803,868,1473,1931,667,661,1268,897,1015,971,1362,1253,1138,990,1146,1403,1032,883,1415,1289,1507,957,719,1280,1835,729,1446,1038
"gene_198",90,112,68,63,147,57,57,64,103,157,51,98,43,83,48,81,65,35,67,137,84,37,99,63,82,62,140,98,92,78,92,42,76,39,63,64,33,32,115,51,141,127,120,51,81,52,102,80,84,88,143,67,86,82,70,121,134,70,101,77
"gene_199",1000,448,780,754,1366,560,1217,769,1094,1061,463,1343,528,531,798,591,890,674,714,1018,864,721,665,777,1224,1432,974,1271,1127,949,646,1193,371,880,679,1073,434,449,1210,739,673,711,1065,530,613,585,763,863,1261,830,863,822,1086,846,818,784,1118,479,833,742
"gene_200",176,141,148,167,106,131,106,96,172,93,100,104,86,71,140,58,134,108,212,122,142,120,169,254,163,180,89,62,91,150,70,209,39,122,151,68,69,114,250,92,92,129,118,48,69,94,81,87,182,180,164,164,123,84,90,74,154,57,67,170
"gene_201",185,347,376,185,668,562,264,365,179,421,177,222,201,147,146,177,218,186,260,408,281,172,304,167,387,643,420,348,406,168,436,389,191,357,242,548,239,211,360,207,356,183,354,304,310,183,256,336,466,330,346,298,585,221,258,374,352,213,373,354
"gene_202",1065,975,1164,1018,1016,976,997,1030,1481,757,578,1280,738,1003,1009,573,733,603,1373,1146,1494,766,774,1038,1131,1410,582,1500,1274,688,885,2220,701,1275,1170,809,430,991,1793,970,927,921,775,945,1185,835,913,1048,1068,924,1134,1326,1046,864,1323,721,1135,542,858,818
"gene_203",71,73,23,33,56,110,64,25,55,55,45,89,31,36,30,34,56,26,50,103,90,30,43,40,74,78,53,61,40,50,43,25,33,36,63,40,29,33,99,30,21,45,50,55,48,83,38,29,124,79,47,45,55,38,58,100,52,39,60,99
"gene_204",157,194,131,190,218,138,223,206,322,340,140,148,155,174,96,86,185,113,155,275,324,173,182,163,224,171,142,203,112,222,260,171,90,228,166,189,94,126,230,163,277,268,180,133,111,131,169,152,282,281,334,178,188,208,155,139,276,90,136,296
"gene_205",228,126,83,199,144,91,65,37,327,21,89,217,144,70,60,95,92,174,32,57,216,156,85,203,148,230,18,35,84,281,38,41,16,46,132,49,14,62,373,28,27,265,18,113,70,1095,45,30,356,303,25,392,37,421,411,128,232,19,39,210
"gene_206",40,109,11,24,68,25,45,54,23,28,42,101,20,49,48,62,41,23,42,57,36,11,58,62,23,80,34,49,60,66,80,36,25,65,35,94,24,14,41,44,12,67,51,44,14,80,77,37,41,43,39,43,76,57,17,102,51,46,23,66
"gene_207",22,25,22,29,8,29,26,20,46,37,33,13,41,24,12,14,18,16,51,35,48,11,46,15,30,20,1,25,9,15,51,57,33,37,26,26,18,20,30,20,10,27,27,15,13,8,28,25,46,20,12,32,48,18,20,25,19,17,48,38
"gene_208",89,96,77,63,140,75,129,113,106,171,74,86,49,77,116,118,81,48,183,102,173,53,68,105,101,123,88,124,142,46,215,166,97,126,90,171,52,53,101,47,104,86,256,78,117,40,121,146,128,138,220,82,123,96,128,77,98,57,122,63
"gene_209",4095,4735,5142,4265,7861,3855,7049,7415,3913,4810,3497,2945,3642,5053,4330,2960,5236,3220,7532,4781,4008,4565,6911,4095,2977,4627,5420,4589,4337,2983,7041,6987,3398,5068,3654,5662,1930,3940,5763,3580,6121,8347,9386,4393,4041,3637,5631,6709,5936,4488,7109,4861,6420,3780,3172,4181,5873,3691,6345,5143
"gene_210",600,600,678,412,650,453,732,527,661,856,463,636,413,436,419,384,479,359,515,626,419,335,587,461,753,706,453,908,432,660,1303,896,524,827,417,653,338,390,781,443,566,925,579,503,677,431,562,588,856,713,390,593,433,408,379,488,562,452,626,589
"gene_211",95,110,104,184,236,146,221,121,128,152,159,151,67,112,69,121,115,98,96,96,207,130,254,209,200,241,139,235,253,178,178,215,79,111,111,134,71,69,135,131,157,302,148,114,186,179,114,211,202,264,160,93,240,180,107,131,307,73,125,204
"gene_212",13,56,29,43,32,13,35,32,42,37,25,23,18,19,43,39,49,27,42,21,38,9,49,8,18,12,18,33,21,26,31,60,32,12,38,45,25,23,62,19,55,7,54,23,26,28,48,22,37,45,31,42,26,28,26,52,41,6,44,38
"gene_213",17,10,9,19,32,24,34,17,39,11,12,18,21,29,14,12,29,17,52,15,21,21,21,9,18,35,22,9,7,21,31,21,5,39,23,51,14,22,13,18,18,28,31,5,24,24,30,5,28,34,14,5,34,22,5,13,15,7,59,8
"gene_214",507,419,365,535,328,461,486,312,1093,236,246,429,413,223,419,373,430,190,390,219,440,399,411,457,369,579,207,511,351,341,359,623,248,271,369,492,147,297,541,224,255,496,297,347,325,380,281,324,834,417,634,491,280,273,391,430,696,227,230,565
"gene_215",0,2,2,1,10,8,1,6,12,7,1,7,2,15,8,7,10,7,36,35,3,2,3,1,2,0,2,35,3,3,8,27,2,3,0,1,9,3,1,3,5,13,17,2,5,10,3,3,10,5,6,0,0,2,1,1,8,1,30,0
"gene_216",1445,1750,1164,1399,2559,2066,1934,1842,2796,1115,1746,1827,1060,1283,1933,1768,1488,1013,1964,1800,1756,1509,1817,1698,1220,1806,1603,1332,1890,1577,2815,2373,1074,1221,1279,1668,769,1494,2169,1447,1562,2332,1358,1500,1082,1533,1325,1649,2381,1681,2288,2471,2531,969,958,1851,2764,1180,2159,2544
"gene_217",8,20,1,27,4,5,1,13,2,3,1,2,12,0,9,10,0,6,3,2,2,9,27,14,0,15,0,5,1,3,13,12,1,2,0,50,10,2,5,0,2,1,0,1,2,0,7,3,24,21,4,3,5,5,1,17,20,1,11,16
"gene_218",64,30,22,20,54,13,8,50,64,24,16,7,28,39,13,34,34,9,55,46,42,48,38,44,16,29,11,40,30,26,22,51,36,16,26,50,36,23,69,15,12,26,29,33,35,41,15,20,35,39,21,39,4,21,9,33,9,15,20,31
"gene_219",3,2,0,36,6,17,8,16,4,3,1,0,6,1,1,3,3,11,12,7,5,5,8,4,7,4,6,2,6,3,1,15,6,0,5,6,4,1,15,1,1,12,6,0,10,2,17,1,8,2,8,0,20,7,4,3,9,2,3,2
"gene_220",42,26,18,21,43,15,29,25,27,93,11,10,23,6,8,50,44,10,20,67,68,27,45,29,99,90,38,27,37,22,55,29,18,19,22,35,15,16,29,8,66,46,53,9,33,28,30,41,72,41,38,27,36,11,4,38,41,23,52,37
"gene_221",3,10,2,10,12,0,6,0,68,0,9,40,13,4,4,0,57,5,0,1,1,13,14,120,10,5,6,2,18,4,8,12,1,0,10,4,1,1,17,2,8,4,1,5,7,17,2,3,3,14,5,2,14,6,19,14,18,0,0,6
"gene_222",157,46,156,121,173,118,145,136,227,147,161,104,53,175,67,107,150,142,146,150,174,161,134,105,239,230,64,93,56,198,88,156,61,121,154,246,40,125,96,82,80,229,102,124,152,228,177,52,202,123,101,173,200,131,147,122,191,98,221,241
"gene_223",87,68,44,67,50,27,69,21,50,47,55,59,51,23,34,18,70,33,86,50,29,55,46,38,50,58,54,97,80,72,53,80,19,60,50,18,16,22,83,37,73,42,25,58,49,80,53,26,32,76,36,54,49,41,63,40,88,22,60,23
"gene_224",21,20,1,5,13,29,4,11,3,20,2,3,5,6,6,1,23,8,0,20,25,10,42,9,17,19,3,25,9,18,9,8,4,20,11,11,16,1,5,2,7,30,38,11,4,4,7,4,13,12,24,26,11,26,7,3,11,19,15,14
"gene_225",289,623,630,237,689,467,469,522,414,1097,393,422,239,579,426,343,474,311,483,466,391,266,379,343,455,421,463,947,533,391,719,855,449,455,411,418,182,298,312,498,322,462,677,421,419,305,351,522,232,382,536,442,514,303,289,472,345,319,427,429
"gene_226",330,380,237,186,364,271,339,137,337,242,231,221,225,173,277,154,197,164,195,223,315,214,290,166,193,404,220,461,174,210,266,354,140,233,153,219,104,75,338,94,170,156,280,150,260,399,239,233,150,192,207,174,177,168,146,277,302,69,298,281
"gene_227",1184,1325,1843,1180,2069,911,1527,1479,941,1503,1190,1903,830,1100,1093,747,1558,827,1437,1692,1923,1034,740,720,1512,1458,1222,1641,1021,628,1132,1181,1033,1293,1145,1938,663,808,1399,1216,1301,1251,1155,1351,670,2050,1396,1141,1725,1827,1749,1536,1117,1442,1048,1311,1561,519,1190,1136
"gene_228",18,10,12,5,12,18,36,22,31,22,9,39,6,19,20,28,2,24,41,23,35,2,28,9,44,10,15,23,31,11,38,11,7,13,24,31,16,13,19,37,26,45,14,20,20,11,5,11,7,15,10,33,31,14,16,25,59,5,42,28
"gene_229",455,138,164,527,169,278,245,39,848,62,281,901,488,174,95,160,670,193,53,230,580,296,194,1299,440,683,48,102,211,378,86,121,55,143,365,199,31,217,657,50,62,427,24,437,77,3321,231,107,516,818,92,660,118,1870,914,356,1383,35,92,541
"gene_230",1130,704,1116,788,1501,1518,1099,1852,1197,1077,933,986,728,1365,731,1186,1138,806,1532,2195,1253,748,997,1070,1415,980,1309,851,1098,1582,1560,1433,722,1389,1188,913,810,894,1243,710,970,1065,1104,1017,1088,801,1023,1221,2180,997,1480,1088,1524,989,1088,569,1240,728,1123,1020
"gene_231",18,28,45,22,49,21,11,23,7,14,39,22,24,38,34,26,15,12,36,51,18,9,19,17,44,26,22,38,42,35,23,35,10,48,13,14,14,9,47,6,22,19,28,15,14,21,11,16,54,31,10,5,20,21,14,34,66,6,38,35
"gene_232",383,609,689,609,723,497,568,538,503,497,502,706,567,531,371,494,536,474,780,742,974,651,582,833,602,994,551,1529,1012,701,831,759,371,388,406,716,389,350,766,339,446,879,563,481,664,741,361,581,1125,1061,867,1058,559,521,912,836,1025,328,822,642
"gene_233",43,8,27,7,45,17,19,22,23,30,34,28,24,21,36,6,20,26,24,33,50,12,20,17,43,18,13,55,19,15,37,44,15,26,38,29,1,47,84,9,28,32,17,27,17,51,81,34,32,45,8,20,21,15,45,21,39,15,26,37
"gene_234",27,10,35,6,14,2,24,3,5,5,16,11,3,10,25,14,7,19,36,44,3,6,12,34,18,5,19,51,28,18,13,14,4,11,7,24,14,6,30,23,9,20,20,37,7,20,10,26,27,25,16,46,25,5,7,35,23,7,20,8
"gene_235",676,797,563,485,680,657,657,669,536,833,531,765,352,598,535,461,671,473,1057,833,862,423,536,549,371,836,848,917,644,604,1072,1040,521,909,553,787,504,720,569,854,489,1059,1117,449,524,490,725,649,990,591,756,790,967,477,387,611,1212,585,447,474
"gene_236",29,45,64,32,67,45,51,19,65,69,34,36,58,59,40,19,36,19,48,37,37,15,20,49,31,63,34,27,16,29,43,15,22,44,44,50,14,29,55,14,16,44,56,40,22,49,37,28,76,35,41,13,26,33,27,37,97,22,37,34
"gene_237",22,28,45,9,14,4,18,47,4,24,7,23,7,11,13,39,20,4,2,25,6,20,24,9,16,2,3,24,34,7,30,54,12,28,12,13,4,10,43,9,8,24,22,12,28,11,30,23,27,22,29,15,9,10,32,15,9,8,36,26
"gene_238",6,19,2,20,42,11,9,16,42,26,10,6,25,34,14,17,12,40,15,19,8,22,12,17,20,23,20,6,19,22,4,68,10,7,33,31,6,4,13,5,26,40,14,10,5,9,18,20,33,10,10,10,2,37,5,10,14,5,54,19
"gene_239",2,0,0,3,23,2,2,0,1,3,4,0,2,3,14,5,2,0,2,5,0,0,11,5,20,2,0,2,0,0,8,13,6,2,2,0,3,5,6,2,2,8,0,10,1,0,4,21,15,7,0,6,0,4,0,6,0,1,4,1
"gene_240",2830,2727,1482,3892,2784,1886,2193,2600,2756,2596,2617,2021,2553,1766,2140,2053,3557,1917,1783,2688,3063,2165,2356,3697,2921,3597,2127,2348,3291,1876,1768,3134,1516,1924,3800,2102,1426,2320,1561,1443,1268,1935,1522,2595,1770,4939,1962,921,4806,2285,2388,2787,1931,4012,2728,2953,3838,1082,2084,3128
"gene_241",169,306,115,304,399,175,374,253,236,162,192,255,181,208,124,136,204,173,252,371,271,182,214,261,206,355,277,385,210,178,248,365,222,258,301,438,165,133,237,138,226,291,278,204,267,235,282,241,220,308,287,192,256,230,242,399,385,154,147,238
"gene_242",10,47,21,62,5,27,33,20,13,38,49,12,10,23,15,25,14,16,58,32,22,26,31,20,31,10,26,3,17,18,32,18,20,68,31,43,9,24,20,7,21,10,26,29,27,18,20,38,22,28,15,36,40,19,13,19,86,8,30,36
"gene_243",106,214,261,226,226,222,257,266,194,253,124,255,97,282,232,119,184,151,227,243,350,69,283,170,196,339,127,200,266,283,229,209,85,88,205,264,292,115,221,188,183,170,266,154,174,256,176,192,318,116,254,243,188,177,151,147,296,123,223,143
"gene_244",7,9,3,0,6,5,1,8,6,14,9,9,6,8,4,1,2,0,11,15,7,2,5,1,15,3,4,3,7,19,5,1,1,0,5,15,14,5,1,3,1,2,0,6,10,6,5,1,10,2,1,7,6,2,2,0,1,1,16,1
"gene_245",70,50,57,162,64,58,86,38,117,53,62,53,35,66,41,56,168,56,73,75,94,55,95,56,95,68,45,49,100,61,77,68,32,32,58,85,20,48,135,45,60,52,47,80,75,36,34,40,62,106,28,105,106,59,67,138,195,22,63,110
"gene_246",3,6,4,3,19,4,11,3,17,0,2,0,0,0,3,1,13,4,12,3,2,8,7,7,4,5,2,22,2,2,5,2,8,0,0,18,3,0,6,0,2,0,14,6,5,0,1,0,2,0,2,8,0,1,3,2,2,0,3,1
"gene_247",2707,2959,1684,2199,3056,1654,2245,1996,3224,2768,1955,2452,1405,1854,1305,1780,2343,1271,1758,2814,2004,1201,2206,1892,2199,2696,1315,1983,2246,1978,2228,2687,1022,1347,1547,2113,980,1457,1805,1781,1670,2779,1697,1275,2214,2436,1724,1096,2187,2145,2116,3084,2600,1731,1737,3654,2377,1079,1690,3028
"gene_248",4257,3960,5509,5683,6893,3659,6760,3932,5216,5450,4481,4973,3872,4115,3043,3322,5971,2679,3955,4657,7628,3672,5673,3997,7510,6505,3154,6429,3778,3002,4791,5379,5219,4737,5244,3918,2985,4809,4680,3562,4185,4777,4775,3608,4330,4619,3585,5080,6578,4160,6133,6325,3989,4695,5453,4302,6287,1943,4610,4618
"gene_249",262,290,302,230,366,312,432,374,167,468,128,204,108,243,193,245,254,116,266,247,497,134,295,163,237,452,326,381,311,311,265,411,285,322,226,426,266,144,277,233,245,173,261,228,258,265,198,339,230,216,303,210,283,213,175,166,225,157,360,382
"gene_250",49,55,16,34,20,37,21,41,8,17,17,49,9,33,23,39,18,25,10,42,63,20,19,31,27,64,29,41,34,21,13,30,14,10,21,24,12,15,54,24,17,46,18,9,16,23,21,14,24,22,7,23,46,14,10,31,21,22,31,22
"gene_251",91,58,163,111,112,147,108,123,142,97,66,76,69,140,101,92,115,79,116,254,116,97,68,58,70,253,100,181,112,130,223,208,118,57,86,225,120,130,181,126,196,100,199,151,210,99,68,174,102,126,96,191,173,153,95,134,122,79,228,114
"gene_252",1967,1633,2753,2230,3197,1650,1947,2178,3563,1798,1506,2412,2478,1756,1376,1128,1592,1336,3147,3261,3548,1197,2289,1442,1462,3448,1954,2554,2514,1655,2185,3103,1917,2033,2214,2330,1043,1418,1919,1402,2159,3602,2547,1378,1340,1925,1651,2267,4962,3026,3734,2395,3237,2235,2088,2190,1944,1268,1842,2273
"gene_253",178,101,98,71,55,125,133,127,117,145,121,56,83,124,86,101,105,63,49,57,73,38,107,88,61,222,59,239,105,97,149,164,85,146,118,203,84,46,94,39,76,115,107,129,100,108,194,81,99,117,97,153,69,142,140,111,109,62,133,149
"gene_254",81,85,50,87,84,90,69,31,87,71,121,181,47,35,56,97,51,55,48,75,115,118,75,290,47,75,19,40,80,101,81,74,50,23,82,48,28,18,98,40,33,133,28,153,29,133,16,20,136,97,54,61,73,68,119,80,89,18,44,153
"gene_255",34,52,7,55,59,34,62,54,82,27,38,60,69,16,5,61,50,30,65,30,54,26,34,55,34,55,18,83,45,51,26,48,32,33,52,51,43,33,12,29,34,74,38,15,53,37,36,63,31,28,68,68,28,25,39,37,98,10,85,112
"gene_256",288,599,320,373,475,265,315,268,640,441,368,374,229,261,396,408,486,430,379,545,481,328,317,528,274,376,298,551,302,531,296,373,320,410,311,247,311,270,814,211,399,397,325,357,396,489,287,278,338,444,611,476,312,488,365,368,597,162,428,487
"gene_257",14,10,36,24,44,50,20,8,5,15,11,15,5,17,32,9,33,7,10,14,9,5,14,23,38,48,15,26,29,24,25,25,2,12,15,7,9,26,64,11,26,10,17,14,10,18,12,11,27,16,19,21,19,19,34,34,5,15,12,20
"gene_258",191,222,238,201,311,131,209,254,209,217,102,132,110,223,233,117,161,175,112,193,248,135,287,147,256,295,193,263,181,53,220,343,118,169,137,337,198,128,253,254,193,182,196,157,113,180,116,151,231,304,159,273,196,185,256,115,254,94,245,129
"gene_259",576,606,524,665,470,614,836,533,1150,466,535,632,557,624,673,612,1158,347,487,856,796,523,507,573,957,1139,514,804,528,480,531,806,284,513,625,757,498,378,1130,472,495,882,468,652,415,870,773,655,821,634,447,768,737,474,501,582,871,333,581,674
"gene_260",25,51,11,20,81,18,28,46,26,79,9,50,21,53,28,32,32,7,33,82,22,18,42,29,23,16,28,35,50,16,42,91,16,20,28,39,27,60,47,46,39,31,33,15,36,15,25,39,48,30,64,31,37,15,6,78,27,16,43,16
"gene_261",301,272,383,461,490,354,396,336,245,193,291,277,323,236,323,242,309,303,241,479,253,159,137,175,249,365,181,388,195,257,395,321,245,240,246,272,102,201,320,207,178,433,192,261,367,197,198,204,250,271,536,379,221,182,167,237,310,146,254,369
"gene_262",26,134,97,46,83,58,183,76,115,36,32,132,124,71,89,71,109,74,60,135,109,77,95,104,93,240,95,117,203,107,99,65,71,117,94,68,38,49,85,61,92,142,60,57,67,111,57,43,81,166,91,133,112,101,65,140,108,63,71,113
"gene_263",6733,6952,4376,5229,10413,3822,4229,4657,6896,5835,3356,5913,2825,6545,5974,4982,3853,2294,4422,6434,6262,3237,4210,9218,4457,5361,3993,5533,3729,6815,2506,4766,3773,5098,4610,3835,2012,4441,6972,2974,6138,5678,6062,5734,3976,5940,3713,2978,9567,6764,5002,9271,5195,7120,3715,4463,7725,1756,4244,6630
"gene_264",9,5,2,4,0,3,23,1,13,6,21,21,0,1,23,1,2,3,1,10,1,11,23,1,6,17,2,16,14,3,9,2,13,4,2,2,1,6,15,0,10,16,5,8,2,22,18,6,9,7,10,2,10,5,2,1,29,2,7,2
"gene_265",2897,2981,2784,5595,2614,2946,3851,2911,4422,2223,2619,2892,3117,2640,2497,2093,2802,1893,2837,4255,2886,3145,2447,3404,3020,3545,2159,3693,2861,3522,3593,4101,1927,3191,2733,3312,1453,1743,5830,2011,2416,4276,2704,2821,1748,2449,2940,3655,6398,4592,2249,5790,2211,3334,2544,2695,3928,1950,2905,3875
"gene_266",209,223,165,249,264,78,207,161,249,173,203,130,146,137,183,92,124,56,190,172,135,76,200,149,166,182,75,241,171,202,275,244,151,203,211,158,205,132,242,210,161,303,126,118,100,254,235,225,270,160,193,136,211,156,158,131,168,99,262,136
"gene_267",670,564,526,804,1126,680,681,396,583,807,240,739,412,645,997,551,857,592,766,485,573,468,738,639,740,657,697,942,763,466,819,951,627,632,483,719,538,400,1098,747,733,1100,1045,476,753,514,561,523,485,485,665,983,713,565,518,589,788,463,733,822
"gene_268",57,55,53,63,101,46,67,72,80,17,52,36,39,35,35,37,55,43,116,118,49,36,44,30,55,65,87,134,71,32,41,62,60,26,66,61,56,50,44,89,57,38,57,81,105,40,20,75,77,67,83,97,42,31,40,165,65,30,40,16
"gene_269",3375,4253,3398,5020,8169,6331,6722,6183,6467,7427,6202,3864,3860,7343,4833,4787,3659,3749,4559,4969,7682,3512,5438,3911,6437,6354,5274,9744,6635,4642,7254,6305,2510,4745,3573,5946,3307,2945,6923,3234,5497,5655,6885,4431,3763,4504,2974,4792,8358,3507,7982,5962,3893,4253,2600,3834,6477,2327,4741,2730
"gene_270",227,322,185,236,256,293,232,137,315,200,224,272,216,152,160,140,123,196,190,484,267,133,353,366,150,256,229,272,326,238,313,321,210,276,232,282,154,125,279,228,213,222,166,214,222,269,263,334,303,200,249,220,192,260,265,276,278,139,276,260
"gene_271",17,10,4,1,18,11,8,0,6,8,13,6,0,0,13,5,17,5,2,7,10,1,13,0,1,1,11,7,8,13,1,8,2,10,5,3,0,12,3,0,4,16,8,33,23,11,9,3,7,19,3,8,7,4,2,0,11,5,8,2
"gene_272",42,16,63,29,39,21,24,20,27,20,53,10,32,24,36,20,11,9,69,97,21,23,37,27,30,23,33,91,10,25,58,18,34,24,38,29,17,10,41,9,85,57,20,9,41,10,32,47,18,29,50,84,52,15,25,24,10,14,49,52
"gene_273",1082,1791,2341,1069,2166,1357,2365,1413,1387,1589,1270,1822,750,1217,2019,1499,1345,594,2775,1792,1704,714,1763,969,1758,1675,1986,2165,1250,1311,2406,2968,1377,1569,1285,1789,1139,1472,1480,2150,2050,1732,2968,1106,1322,979,1715,1579,1965,859,2506,1223,1741,816,852,1629,1042,1114,2408,1339
"gene_274",41,47,15,24,31,27,55,15,33,31,30,48,49,15,42,31,25,20,33,47,34,8,54,23,59,20,50,22,18,29,21,38,38,23,8,53,13,20,34,13,82,25,35,40,51,29,21,28,34,31,26,13,12,47,42,17,60,28,58,33
"gene_275",17,11,30,1,62,11,12,13,4,54,18,9,17,16,6,6,40,17,22,58,11,8,9,3,29,8,18,18,39,41,20,13,25,4,35,31,21,5,21,4,4,16,59,9,3,15,24,17,20,34,10,27,38,27,2,16,3,11,26,24
"gene_276",54,91,24,61,140,61,105,24,92,61,53,65,46,65,43,68,77,65,44,86,42,80,33,62,40,53,49,111,43,39,103,22,48,20,67,91,46,14,163,38,43,56,90,38,50,32,70,58,152,41,52,121,59,75,46,45,55,35,63,40
"gene_277",41,60,34,32,76,41,26,43,31,65,5,17,18,34,56,13,14,30,75,14,12,9,20,7,29,44,63,86,54,21,19,31,17,49,11,59,54,25,30,63,27,45,88,22,30,5,18,37,24,27,19,14,46,11,12,35,32,54,25,26
"gene_278",26,57,27,28,76,44,30,14,65,45,60,35,27,36,29,25,28,27,53,39,79,19,42,14,30,85,48,38,21,64,59,77,27,24,33,86,15,42,74,35,55,95,26,38,41,44,19,51,39,32,57,54,18,54,28,58,70,6,17,46
"gene_279",66,43,27,54,84,26,53,53,42,49,48,41,25,15,39,56,39,30,39,36,45,20,77,45,43,41,16,87,30,56,95,58,48,22,37,65,28,14,64,21,63,41,37,29,58,53,16,44,64,76,64,45,50,32,31,60,33,14,45,23
"gene_280",213,118,168,165,215,88,165,107,311,209,160,155,107,105,110,141,173,108,73,219,205,82,203,170,160,206,129,136,180,138,105,126,43,121,277,98,93,86,227,63,90,254,123,133,173,93,78,84,124,278,147,154,144,104,150,69,302,48,85,128
"gene_281",190,284,191,325,459,421,226,419,254,297,171,363,203,301,338,160,298,291,425,484,219,177,312,225,679,300,278,431,224,306,476,579,203,264,194,329,176,125,455,429,311,606,598,283,330,338,386,368,277,295,488,229,424,203,98,127,544,249,373,439
"gene_282",312,301,145,328,186,169,209,149,288,123,357,605,254,143,138,192,520,268,130,199,204,255,411,459,321,191,101,146,281,211,130,130,157,197,165,166,81,146,205,151,108,183,73,199,156,704,171,102,502,249,240,456,222,539,284,472,454,64,145,328
"gene_283",256,195,231,207,339,260,251,387,248,394,263,457,229,375,214,481,235,196,299,484,268,317,260,143,581,327,231,275,397,231,443,312,217,267,284,422,253,159,245,330,342,340,422,212,336,297,273,203,476,275,547,511,329,150,297,285,347,273,179,230
"gene_284",247,300,462,253,545,160,501,402,284,386,200,318,266,311,347,205,335,188,319,329,336,144,333,264,379,316,268,519,388,362,438,341,245,265,337,424,310,243,250,238,333,500,294,316,229,161,297,416,281,270,404,329,504,220,226,243,316,233,645,211
"gene_285",13,30,69,58,51,48,18,55,68,48,58,57,50,25,22,27,88,12,60,35,69,13,35,46,72,85,31,58,40,38,41,45,29,50,21,34,38,34,72,24,32,46,37,13,9,62,14,45,80,41,38,43,67,33,25,52,58,21,120,58
"gene_286",125,87,175,158,373,216,145,218,137,224,158,203,141,232,125,111,101,134,155,153,138,103,234,97,204,182,207,348,174,85,230,281,178,281,72,188,140,145,191,190,150,240,285,121,158,141,163,148,252,150,339,160,168,129,102,115,98,153,215,172
"gene_287",1141,768,1081,1311,1561,1186,1057,641,929,607,871,1511,731,662,605,1145,992,771,672,1272,1323,776,944,1343,1077,1232,772,870,485,925,849,985,358,921,747,1263,443,528,1249,673,499,1050,441,901,690,1234,799,749,1468,1460,1301,1323,1003,1919,593,862,1714,332,1011,1107
"gene_288",1412,845,1056,1597,1352,1592,1753,1129,1714,1366,1316,1276,1327,1141,1691,1326,1233,1148,1261,2103,1544,899,1992,1360,1816,1687,1347,2905,1387,1542,1022,1767,1020,952,1315,1747,954,1180,1443,1121,1291,1270,1865,1493,1788,1826,1128,1145,2632,1580,2436,2337,1716,2006,1146,1207,1144,742,1728,1295
"gene_289",41,19,27,25,51,29,49,62,45,49,29,42,25,11,22,33,32,24,94,21,26,33,35,34,27,87,49,49,28,17,20,31,25,27,37,46,6,37,38,16,29,53,63,22,30,16,34,11,34,36,65,58,28,39,30,47,37,21,64,57
"gene_290",6134,4757,3577,5846,5573,4695,4053,4096,2699,4188,3170,4965,4044,6043,5412,3293,3627,2945,4512,7265,7066,4445,4299,4299,4821,8773,6614,8465,6490,5044,8098,8749,2605,5405,3777,8197,2651,4087,5471,3341,4239,8406,4108,2681,4152,2887,4262,4012,5411,7618,6340,5528,3568,4725,4448,4940,7850,2439,5341,3955
"gene_291",2888,3408,4540,3720,4827,2582,5248,3614,6095,4997,5246,4122,2587,4769,4446,3494,3963,4177,3894,3968,4961,3258,3565,3299,4004,8916,4747,7367,5628,3938,6182,4348,3051,4498,3270,5221,4925,2308,5277,3841,4515,4827,5322,3228,2976,2845,3791,4366,5250,3338,4442,5248,3840,3010,4844,3467,6245,2834,5041,5323
"gene_292",22,0,12,3,0,1,14,2,7,12,0,13,6,2,3,3,3,3,10,9,15,5,8,10,22,19,0,13,8,22,7,17,5,15,1,9,10,9,8,2,4,6,1,1,7,5,2,10,2,4,28,0,7,0,1,2,6,7,7,3
"gene_293",381,710,620,341,493,281,600,411,326,318,179,352,266,381,363,346,337,259,408,382,433,265,379,230,455,394,208,430,256,408,569,893,203,268,257,721,183,291,494,280,253,182,418,390,233,344,457,262,816,397,382,767,561,391,340,291,482,303,354,752
"gene_294",7,0,10,10,20,8,26,0,19,2,8,10,0,7,1,8,0,3,0,22,12,4,0,2,3,6,1,2,1,1,4,9,5,12,0,4,4,7,23,6,3,0,26,4,1,0,15,0,0,0,30,3,1,2,0,0,2,4,1,6
"gene_295",20,16,18,27,40,23,31,38,18,31,29,44,30,29,9,34,20,17,33,30,27,21,17,8,22,21,37,16,18,21,48,20,31,16,9,25,18,21,44,14,64,44,60,3,19,8,44,11,55,55,69,21,40,4,32,27,28,13,37,16
"gene_296",0,7,9,5,0,4,5,8,5,0,6,2,2,1,8,0,0,6,3,15,9,0,11,7,0,0,7,7,0,6,0,8,13,6,1,0,11,8,11,5,18,3,0,0,3,1,2,10,3,5,24,15,34,7,0,3,5,3,4,0
"gene_297",659,1663,1740,1239,1552,1367,1266,1667,1660,2098,1246,1754,674,1674,856,735,1129,647,1635,1015,1496,1454,1181,948,1585,1483,807,2260,1789,808,1597,1858,542,1243,1311,1742,1012,616,1962,1406,1545,1565,2118,1045,1373,763,1311,1525,1869,1020,1710,1091,1919,1545,1030,1759,1865,794,1412,1913
"gene_298",1845,1515,2924,2397,4246,2710,2567,3861,1703,3707,2127,2637,1392,1585,1875,1708,1991,1486,2855,3534,2871,1105,2472,1893,2591,1709,2507,4850,1976,1907,3797,4380,2114,1689,2856,3381,2072,2001,3489,2317,2096,1646,2763,1750,2394,1790,2200,2493,2483,1527,3607,2916,2080,1717,1336,2321,3102,1570,3046,2770
"gene_299",100,134,125,39,128,36,93,128,161,119,75,95,131,48,60,34,140,59,101,57,57,29,78,67,123,215,139,152,70,36,88,111,81,30,59,89,59,35,141,32,40,120,104,86,131,62,71,107,167,82,130,94,81,108,94,75,113,62,91,129
"gene_300",8,2,14,18,12,7,9,12,13,35,24,43,7,7,11,5,2,3,6,5,20,7,16,9,51,13,3,9,46,11,8,8,1,6,5,12,7,13,5,4,16,20,8,9,8,8,7,3,0,24,37,32,8,2,14,3,9,6,9,23
"gene_301",3,6,0,13,21,10,2,0,3,10,1,2,11,13,25,6,17,1,2,16,7,7,13,8,1,4,7,23,6,10,14,24,5,3,1,2,1,9,6,4,1,8,8,30,1,2,16,4,5,27,1,2,1,4,8,1,1,0,17,7
"gene_302",24,35,20,21,24,7,33,7,18,26,43,19,18,18,10,5,30,5,12,13,22,5,23,13,46,51,40,23,3,21,48,53,23,5,10,25,11,13,22,14,15,34,50,5,19,49,17,21,15,14,16,21,11,26,1,40,25,29,46,19
"gene_303",115,131,65,77,142,122,137,89,114,167,81,55,44,113,81,115,119,80,215,154,130,68,92,122,213,249,112,134,196,168,107,208,91,161,70,181,94,116,162,170,59,219,128,92,45,96,137,150,224,149,231,163,143,106,174,124,176,126,127,142
"gene_304",1884,2284,2294,1504,4625,2493,2199,2363,2325,2564,1644,1976,1738,2394,2544,1455,2111,1641,4196,2772,3048,1701,2661,1152,4021,2708,3688,4130,1830,1319,3480,4646,2005,1620,1907,2826,1080,1180,2445,1574,3462,2759,4178,790,2659,1492,2468,2767,3993,1780,3871,2239,2768,1535,1332,2136,2563,1111,3910,2356
"gene_305",27,4,4,13,13,3,1,8,10,26,2,14,2,12,27,5,3,5,7,8,1,4,5,4,5,9,3,7,3,4,5,24,8,21,21,27,0,1,4,11,4,8,6,4,19,4,2,5,18,3,1,17,1,1,17,16,3,17,13,21
"gene_306",29,40,25,47,49,25,16,18,14,17,11,39,25,34,16,13,25,37,46,27,35,6,26,19,26,19,13,42,56,42,20,18,15,21,27,28,21,23,50,13,27,16,19,22,13,42,17,38,24,30,35,27,42,25,25,22,37,27,19,46
"gene_307",2809,2806,2504,2150,3690,1867,1974,1175,2509,3891,1378,4505,1242,1683,2047,1077,2548,2008,1900,2808,2553,2032,2011,2550,2704,3475,1760,2029,2423,2389,2412,2360,1747,2834,2299,2970,1485,1668,3707,1821,2356,3809,1582,3118,2485,1904,3057,3563,3684,1871,2673,3043,1751,3364,2549,2541,2493,1947,3195,2126
"gene_308",248,237,101,289,310,143,258,218,208,162,222,320,204,185,187,120,254,166,186,289,314,215,162,93,246,200,166,285,225,290,200,148,90,118,84,155,158,67,251,265,278,258,195,130,189,230,149,203,305,223,129,204,244,189,189,173,266,91,175,253
"gene_309",108,58,136,90,127,141,162,76,69,93,93,83,63,171,24,120,86,74,158,230,126,46,40,102,73,100,72,169,84,85,84,65,71,81,59,95,26,84,123,46,83,89,107,80,64,92,100,69,105,95,175,101,117,68,68,112,144,78,48,61
"gene_310",1068,1087,727,806,1186,812,757,485,909,941,1012,614,396,630,813,802,820,496,949,875,1007,616,1111,455,764,715,701,1133,1175,1055,1369,681,475,531,869,1037,608,705,700,517,734,1117,1124,531,586,582,731,1360,1368,813,966,889,675,657,361,838,1150,592,784,878
"gene_311",1891,3674,1643,3033,4941,2207,3026,1363,2653,3377,2863,1457,1663,2959,1487,1663,2209,2287,3994,3201,4113,1476,3042,2961,3128,2180,1759,2605,2714,2120,5665,2980,1992,2112,1650,1384,1834,1345,4069,1734,2134,2257,3529,1436,2162,3022,1707,2852,4044,2292,2727,3917,3281,2160,2178,2116,2368,1508,3926,2202
"gene_312",27,50,112,10,142,159,128,260,21,521,47,51,31,139,111,57,9,32,406,113,40,16,78,15,82,96,316,586,82,38,214,254,73,235,54,328,295,65,27,148,174,115,552,42,96,5,28,267,69,58,211,12,114,8,16,62,33,193,168,52
"gene_313",548,661,818,650,966,627,670,580,827,627,470,519,459,475,555,491,609,373,430,563,444,532,573,618,767,531,380,845,585,272,964,632,325,308,514,659,429,342,573,231,376,794,526,619,489,483,983,586,545,432,514,497,529,530,535,491,751,274,882,783
"gene_314",171,221,211,201,190,183,291,179,203,322,214,129,173,96,96,126,234,94,169,191,226,106,210,185,146,127,206,330,241,142,216,403,173,222,223,195,87,82,198,220,142,125,194,63,210,155,160,178,313,161,228,359,248,127,203,239,186,86,206,218
"gene_315",111,120,47,63,109,62,53,47,79,91,57,109,49,77,77,77,64,56,93,75,80,113,89,111,77,73,70,149,62,94,111,125,51,100,73,81,31,40,156,54,57,132,112,42,50,38,68,71,56,131,86,50,134,76,90,97,116,51,145,84
"gene_316",951,918,1031,1017,1330,966,1058,1054,1104,806,766,854,1072,1108,1136,928,616,583,892,1407,1131,947,1047,616,1240,1180,758,1367,1189,1099,1192,923,561,994,1186,781,655,636,1333,616,824,933,701,819,1015,885,734,869,1568,953,947,1009,1284,754,697,658,1394,472,1828,852
"gene_317",49,63,54,31,73,35,30,27,101,44,24,95,27,62,35,59,84,45,56,35,60,47,25,38,50,32,76,29,43,107,80,66,22,46,88,48,44,67,46,23,60,82,41,78,34,59,57,55,90,46,38,59,31,75,29,95,59,15,81,56
"gene_318",649,333,538,523,624,432,541,361,1006,276,446,602,294,427,385,309,425,436,391,630,530,297,563,494,631,503,317,635,442,416,569,411,389,319,408,614,303,236,525,284,328,782,413,394,357,645,532,478,699,592,494,632,400,605,378,437,663,134,525,564
"gene_319",2,3,1,1,7,2,3,15,2,0,5,4,4,8,2,8,9,3,3,10,2,3,4,6,1,1,54,4,5,4,5,8,13,2,10,4,4,2,0,1,5,4,9,9,4,3,6,5,19,1,5,0,1,0,6,6,2,1,2,10
"gene_320",394,319,435,357,422,416,431,444,304,484,350,376,495,334,335,440,325,287,492,328,523,288,552,315,265,414,250,637,489,437,427,441,219,305,380,464,331,170,519,365,293,478,331,353,307,343,308,358,630,341,531,714,292,272,444,224,631,274,531,522
"gene_321",119,99,125,55,222,81,100,145,170,136,65,117,131,184,133,66,178,44,191,121,178,134,171,133,189,105,87,330,146,92,190,133,90,140,92,123,91,76,96,100,136,190,47,79,93,160,74,106,240,160,141,93,48,112,74,141,166,61,172,116
"gene_322",3,16,4,9,47,35,31,15,9,24,14,24,7,6,15,19,8,1,41,20,7,13,16,9,20,9,30,53,27,9,30,34,14,15,2,39,26,12,15,13,14,29,30,1,13,2,4,23,5,14,16,3,4,8,7,2,30,34,25,11
"gene_323",3641,2766,3312,2776,5647,3386,5414,3451,4647,3461,4305,3101,2905,3079,3454,3699,4065,3479,3495,3678,4445,3565,5335,4118,4850,6124,3048,4576,3179,3830,4253,3660,2497,3178,3715,3260,3517,3380,3345,3097,2634,5452,3506,2930,3867,5717,3824,4622,4855,6275,4094,5822,5027,3324,4013,2912,5886,2272,5874,4533
"gene_324",574,629,422,458,526,557,555,837,504,799,603,576,613,598,411,499,772,362,743,1034,852,210,787,408,590,758,549,1076,608,627,574,768,400,617,535,480,385,427,516,527,691,711,739,663,924,627,532,544,644,573,621,598,1001,509,327,567,584,348,1116,576
"gene_325",3072,3518,3200,1948,3679,3428,3088,2710,5003,5414,2010,1631,2262,2672,2204,1893,2205,1399,3804,2705,3996,1159,3261,1481,3379,3833,2834,3051,3353,2024,3565,3308,2224,3859,1757,4614,2731,1598,2705,1998,3150,2822,4848,2359,3249,1843,2397,3165,4592,2627,5864,2882,2176,1151,1418,2375,2973,1436,2913,3467
"gene_326",80,91,113,106,144,114,114,103,74,93,154,159,88,175,69,173,56,164,85,182,165,96,147,234,135,168,63,209,84,176,100,105,116,100,185,109,147,77,218,108,140,159,50,115,124,145,185,181,136,163,152,111,173,97,178,177,245,70,132,220
"gene_327",1657,1797,1616,1904,2361,2496,2032,1500,2251,2521,814,1600,1095,2256,1128,1386,3234,1174,1983,2022,2255,1511,2088,1624,2391,2115,2303,3290,1860,2027,2699,3832,1180,1750,1574,2146,1007,1953,1781,1818,2202,2394,2913,921,1940,1447,1508,2656,1955,2330,3567,2158,1649,1740,1944,2074,2219,1646,1208,1791
"gene_328",118,54,47,65,159,84,77,71,117,51,66,96,111,54,37,75,141,104,137,124,132,100,86,112,111,81,56,80,228,110,87,97,65,113,119,169,113,69,58,67,123,118,139,124,61,114,191,167,132,120,71,179,89,135,117,51,149,86,138,77
"gene_329",377,418,471,301,473,256,402,189,388,320,315,317,253,328,248,263,296,189,436,403,427,420,286,291,406,317,239,432,464,239,284,413,275,375,260,241,290,177,498,302,302,399,433,232,300,207,194,390,458,290,503,239,326,224,302,411,279,221,388,462
"gene_330",12,2,11,13,32,5,6,15,28,37,11,18,4,24,20,20,13,24,24,2,18,32,12,4,11,6,15,8,34,45,2,8,5,5,17,20,2,8,24,6,11,12,9,21,15,24,8,24,28,27,9,7,4,11,6,12,18,2,6,49
"gene_331",5,3,0,18,2,9,9,4,2,4,3,4,25,27,1,0,19,8,8,6,8,3,9,3,3,46,8,2,5,5,35,14,0,1,0,7,1,1,19,2,3,3,18,16,11,26,10,17,13,12,22,2,7,6,1,19,14,1,5,31
"gene_332",2341,2356,1077,1501,3541,1366,2133,2250,2573,2746,1310,2427,2059,1616,1997,1489,2985,707,4623,1341,2607,2214,2013,1940,1551,2008,1788,3035,1673,1599,1991,1864,1437,2026,1755,2577,2087,2554,2148,1882,2272,3284,3376,1206,1732,2001,1929,2258,2418,2907,3297,2628,1940,1629,1901,1876,2702,1535,1597,3360
"gene_333",14,18,5,2,0,2,1,10,3,4,0,7,0,3,2,19,12,6,9,12,1,0,16,1,0,4,1,1,4,2,0,3,11,1,3,6,4,9,10,0,7,4,2,6,2,8,12,21,9,4,4,5,23,0,0,2,5,3,16,15
"gene_334",29,19,44,10,9,15,25,23,5,19,20,7,14,24,30,27,27,29,51,18,31,12,19,4,15,17,48,3,14,8,65,9,23,26,26,6,15,18,14,29,9,10,33,15,7,12,15,8,7,10,23,26,34,29,20,43,15,7,9,6
"gene_335",6,5,12,15,2,0,3,4,8,8,5,27,4,2,4,1,36,3,15,7,3,1,19,16,12,29,1,2,8,11,4,4,11,2,3,5,9,2,1,5,4,3,12,6,5,4,9,8,11,3,4,6,6,7,7,0,13,5,6,6
"gene_336",4,9,12,21,38,14,31,33,2,34,10,7,29,23,19,37,34,4,9,17,15,4,19,7,31,28,15,24,25,19,17,32,11,8,17,46,23,17,8,30,17,29,43,6,6,13,9,13,18,6,35,25,27,18,2,23,24,8,5,14
"gene_337",361,393,343,578,884,257,260,241,661,461,221,577,345,377,413,309,360,345,233,597,825,316,409,412,378,433,396,337,436,352,432,433,170,213,266,333,230,194,417,184,302,708,257,451,302,488,362,241,481,471,320,540,363,337,346,429,322,226,572,440
"gene_338",1172,844,506,1190,1406,1711,1514,1171,1401,1186,978,1220,905,1153,984,932,649,736,1167,1418,975,885,1176,1408,1908,2692,1310,1439,1087,1641,1805,1292,1164,1131,1622,1028,701,969,2456,1189,704,2280,723,1130,782,1467,1237,495,1239,1657,1614,1738,2604,925,2101,1389,1806,725,1406,1305
"gene_339",20,12,23,5,3,6,0,9,4,13,9,10,2,31,15,2,8,1,3,12,2,1,10,30,30,6,4,5,12,9,18,2,1,16,4,20,8,1,21,2,10,20,13,5,7,5,2,7,11,10,8,24,5,12,7,29,20,13,6,10
"gene_340",136,144,212,123,318,192,113,145,100,208,67,128,147,159,151,143,156,96,134,111,121,95,141,104,77,129,128,179,140,152,130,73,94,180,128,140,79,106,154,121,123,194,134,114,254,76,161,206,237,109,286,186,181,112,115,118,150,113,224,85
"gene_341",826,568,598,876,694,501,547,410,542,597,475,543,620,684,319,580,683,306,422,1035,805,686,537,820,585,789,415,562,870,618,824,687,387,426,593,562,255,556,972,513,723,858,497,321,737,666,580,419,1089,948,1008,1193,419,751,645,534,626,285,623,575
"gene_342",323,317,249,300,615,310,403,219,468,263,251,349,241,361,264,360,316,158,207,388,371,301,325,468,388,726,192,287,392,395,398,326,213,149,270,385,100,279,504,253,120,678,276,314,212,401,275,436,447,262,310,405,318,399,414,357,549,105,361,410
"gene_343",87,102,115,52,143,75,83,84,155,99,138,81,99,141,116,131,169,36,61,161,143,20,108,141,121,77,76,190,115,135,184,115,92,97,97,136,95,73,98,88,111,194,128,136,103,93,100,172,100,228,101,202,178,163,101,70,115,82,164,109
"gene_344",7589,4304,3496,11695,5489,5377,5089,2355,9768,2973,3296,7468,6449,3776,4123,6072,7791,3764,2422,5690,11117,4925,4932,14737,7129,6814,3442,3734,5754,9334,3420,2152,2625,3704,5566,2304,1188,4009,9037,2022,2372,9364,1449,5646,2651,20778,5678,2973,7319,9363,2997,10200,6910,10364,7106,7449,9503,1725,2779,5618
"gene_345",3,3,3,5,6,22,3,20,20,4,30,11,14,26,3,16,9,4,2,11,35,6,10,13,1,45,10,35,5,2,8,3,2,20,3,12,1,0,5,8,15,8,3,16,2,11,7,4,31,35,20,32,20,16,21,7,31,2,9,21
"gene_346",56,32,80,83,48,38,32,20,22,21,28,30,46,32,28,45,48,26,61,71,50,43,25,22,66,47,34,34,32,20,18,43,22,13,68,42,13,19,63,16,31,64,36,12,42,36,40,39,25,32,88,54,32,35,30,22,20,18,40,26
"gene_347",15,48,19,26,67,17,82,102,45,126,35,32,42,70,40,24,41,16,97,52,25,25,56,31,47,46,68,96,46,28,67,98,27,77,34,69,77,25,34,80,69,25,224,28,36,18,20,182,57,33,102,26,49,18,19,48,19,32,135,31
"gene_348",711,284,686,502,936,662,757,692,698,1253,526,672,536,674,468,612,438,270,1047,775,787,375,642,396,762,698,683,1025,1024,524,968,887,406,402,341,517,412,388,1284,627,854,566,1355,378,906,373,519,1132,901,424,588,700,787,623,512,681,1066,460,824,588
"gene_349",5130,4095,2878,2659,4481,2531,3663,3874,5043,1630,3328,3421,2966,2730,3168,2459,2772,1795,2192,2983,2778,2374,3226,3026,4393,3785,2737,3559,2230,3856,3492,4383,1538,3641,2538,1879,1894,1939,5223,1706,2263,4486,4154,3161,2381,3653,3567,2008,5075,5395,3692,3656,4966,2786,2830,4216,5245,1958,3774,3124
"gene_350",4,12,0,1,17,9,8,38,1,85,2,9,8,1,10,9,0,0,87,18,13,4,4,7,8,2,16,18,19,3,18,5,12,11,6,13,10,2,4,18,15,24,97,5,11,1,9,38,4,6,38,5,22,1,0,3,4,14,38,28
"gene_351",43,104,80,80,129,93,124,84,122,57,109,163,89,76,51,86,54,98,82,141,110,78,115,155,110,139,85,104,125,160,158,107,95,90,126,124,71,43,118,66,76,134,182,81,57,149,74,98,106,139,116,142,167,86,73,89,134,53,65,102
"gene_352",2066,2723,1641,1666,2749,2976,1890,2402,2238,2296,1758,2912,2121,1483,1492,1694,1546,1721,2132,3725,2284,1643,2780,2282,2147,2662,1811,3065,2792,1525,2546,2375,1631,1882,2575,2384,1536,2159,2983,1250,2339,2470,1983,2044,1701,2164,1804,2154,3857,2372,2023,1795,1741,1407,1147,1682,3185,1043,2335,2155
"gene_353",47,23,40,32,100,59,83,78,55,51,20,17,60,56,29,21,23,22,55,30,38,37,52,32,43,23,52,43,45,8,27,61,5,50,37,68,16,23,17,35,14,58,69,45,49,18,16,46,49,80,96,31,44,12,39,51,54,19,34,19
"gene_354",129,112,67,138,205,165,204,145,165,188,91,123,132,96,122,76,150,73,121,222,245,129,108,226,234,180,54,134,192,106,177,160,86,92,102,101,96,111,131,111,154,165,108,101,70,242,76,141,150,114,80,151,156,179,108,149,155,102,170,175
"gene_355",1112,1257,930,1069,1444,787,1165,444,1249,1392,953,1670,1007,835,1034,753,1088,1044,1224,1737,1113,1364,1333,1052,1254,1068,1408,1739,1548,1891,754,581,1542,1209,1154,955,370,530,929,946,766,1545,953,914,890,1089,874,883,1158,1593,1966,1852,1059,1144,1467,796,1138,694,1653,1239
"gene_356",318,704,418,365,550,237,565,494,400,289,328,340,306,439,321,313,505,285,223,587,698,177,293,500,287,540,531,606,281,252,343,834,231,384,503,408,337,239,541,288,327,603,286,349,446,344,293,242,609,358,557,470,616,349,360,283,438,286,472,669
"gene_357",314,261,149,171,362,203,308,125,305,241,159,327,52,231,148,188,373,177,151,137,483,164,187,247,235,166,176,318,287,226,194,476,120,223,138,205,113,119,255,117,209,183,171,243,109,240,266,224,498,204,177,281,230,181,181,213,341,102,195,180
"gene_358",1135,1145,840,1337,1173,1054,908,660,1308,604,755,1033,1101,1205,670,711,871,493,1671,804,881,903,1408,1011,1087,1079,898,1282,1022,647,1296,1074,455,926,1016,876,565,530,926,1051,818,1217,807,1122,580,997,659,904,1186,1359,791,1102,891,887,560,816,1414,578,832,853
"gene_359",54,32,45,40,55,35,18,35,18,78,35,8,41,17,54,15,29,18,11,124,76,15,86,28,49,70,17,110,43,19,38,82,36,23,23,28,37,5,33,43,36,40,43,20,30,4,57,26,41,58,93,38,61,16,21,12,51,10,32,32
"gene_360",1,2,7,5,18,1,3,26,12,20,5,17,10,3,23,1,13,7,24,12,18,18,5,6,21,31,13,6,2,5,1,4,12,3,20,13,1,9,9,16,6,8,3,1,8,4,17,9,13,10,28,33,12,15,1,9,41,5,26,17
"gene_361",2418,2663,2703,1157,3848,4227,2529,3848,2524,2095,1241,2214,1612,2510,1786,2830,1798,1915,3473,2544,2015,1974,2597,2927,3651,3682,3377,3437,3271,1594,3106,3638,2328,2243,2471,2780,2998,1595,3822,2311,1780,3211,3259,2215,3019,1693,2809,1739,4652,2907,2894,3706,4626,1454,2135,3031,3886,1458,3612,1944
"gene_362",49,61,25,64,66,73,57,109,64,59,55,38,26,67,34,57,22,16,59,92,109,12,52,48,41,62,32,75,37,19,28,93,34,20,13,55,12,40,42,52,42,63,87,35,31,37,41,34,58,29,45,35,50,31,26,46,51,12,54,39
"gene_363",101,114,81,84,82,96,88,52,81,48,99,117,58,55,84,31,107,15,37,80,81,94,76,139,106,74,54,82,55,76,99,117,78,58,90,110,33,62,98,22,33,170,28,149,50,136,41,69,157,116,56,144,40,113,53,76,246,17,61,111
"gene_364",34,119,102,41,121,78,124,462,35,542,64,30,40,161,155,81,46,53,639,260,67,37,118,15,63,77,269,267,78,54,398,237,228,271,53,248,331,68,32,80,354,138,922,32,186,6,66,507,114,63,323,32,177,15,9,70,44,307,352,67
"gene_365",62,79,86,71,142,77,79,66,116,94,91,145,81,66,64,85,62,40,76,88,139,57,158,121,63,89,49,99,46,88,63,176,82,86,62,59,97,30,77,56,118,71,104,107,91,119,115,79,107,67,89,121,117,116,94,152,142,31,86,119
"gene_366",13,8,25,34,11,30,28,17,2,10,2,41,10,6,29,17,40,8,13,6,7,4,21,3,27,24,3,16,27,29,10,13,10,5,24,8,7,10,61,4,10,22,18,19,8,9,10,39,8,38,15,14,14,18,18,11,26,6,31,7
"gene_367",1,5,2,2,0,0,3,3,8,3,3,8,2,0,2,4,4,1,1,5,15,10,7,2,3,7,0,5,4,1,3,2,2,2,8,4,10,8,6,9,6,0,0,28,8,5,4,7,0,2,0,11,0,11,4,11,16,10,2,6
"gene_368",5940,4720,4714,4181,6945,5237,5867,4531,5145,5330,3594,5130,3843,3609,2404,3619,5114,4053,3694,5181,4502,2325,4577,3970,7593,8044,5471,7026,3962,3609,5258,5518,3638,4878,3744,7298,4559,2905,5297,4899,5664,8041,5259,4711,6099,3771,3862,3513,7442,4883,4472,5043,3753,3671,4636,5811,4352,2762,5075,3765
"gene_369",11,9,11,9,29,8,22,40,27,12,38,6,19,28,3,4,11,12,9,18,33,5,13,1,4,3,2,37,25,5,9,10,13,10,25,32,26,15,13,17,13,7,15,12,4,7,2,28,18,14,13,15,23,7,27,17,4,12,9,17
"gene_370",2770,3263,1868,2767,3181,1710,1849,1550,4183,1564,1763,2280,1960,1798,1206,2820,2670,1466,2234,2685,2796,1477,2302,3070,2907,2779,1636,3123,2812,2329,2424,2130,1576,2575,2139,2080,1004,2503,2094,1741,1256,3248,2126,2056,2940,2880,1982,2391,3398,2566,2467,3361,3847,2040,2480,2320,3436,1130,2051,2527
"gene_371",6,11,2,8,10,4,15,21,10,4,1,17,4,10,10,3,18,20,35,7,17,1,11,8,1,4,7,29,4,1,13,30,4,15,2,6,2,12,5,1,7,3,11,5,13,15,2,13,7,0,22,24,11,2,0,35,13,7,6,2
"gene_372",41,95,91,38,61,50,49,72,82,50,54,118,50,35,37,80,93,103,31,78,62,85,96,132,165,60,42,227,66,60,95,64,122,58,69,71,65,75,57,24,118,127,124,28,122,105,68,82,116,54,98,91,69,62,101,80,142,57,100,49
"gene_373",1589,1209,1369,693,1445,895,1284,1064,1392,1107,1401,1233,701,1535,777,912,1211,1032,1095,1170,1183,764,1252,895,1160,1273,1021,1700,1591,660,1167,1393,893,1079,1094,1155,1102,780,631,781,917,1407,1087,1206,1146,692,1363,1074,1641,1023,1204,1740,1344,639,827,1144,765,644,2214,1211
"gene_374",5280,6489,7283,4389,6051,4525,4332,4191,5249,7345,5417,4816,3988,5301,3081,5907,5348,4588,5546,5363,5261,3386,3064,6248,5464,6025,3966,9128,4388,4445,5495,3233,2387,4058,4067,5059,3861,5489,6361,2836,3406,6273,3579,3689,4768,4035,4755,4688,8194,4882,5182,3897,5422,2347,5591,5536,5136,2613,4553,5251
"gene_375",5124,4905,5611,5248,7466,5199,4912,2378,5435,5080,4192,6600,4536,4255,4298,2961,4164,3428,5624,5158,6806,2893,5729,4101,3229,9033,3581,4304,4813,4960,8163,7457,3274,5582,4428,6293,3147,2843,5651,4152,4555,5882,4917,4867,5915,2760,3499,5672,5391,7073,5014,7599,6064,6671,4791,6379,7269,3357,5989,6276
"gene_376",39,12,15,37,46,21,32,41,31,30,13,22,46,28,36,29,46,14,9,42,75,30,32,71,18,59,20,9,30,46,21,26,12,29,46,38,8,12,51,17,15,64,11,38,26,24,19,18,21,72,47,18,31,38,75,24,75,14,69,45
"gene_377",51,91,56,25,84,81,44,48,54,109,79,77,36,71,98,42,100,46,65,90,128,58,87,72,115,79,75,63,52,110,104,143,24,58,55,112,74,63,111,22,46,111,72,52,60,112,107,60,60,57,136,89,150,67,84,92,89,56,123,89
"gene_378",20,11,19,21,11,16,6,13,10,24,5,26,14,16,17,3,25,6,14,35,4,45,20,18,5,18,42,39,40,19,8,20,6,13,10,20,43,8,23,9,9,32,13,23,32,18,7,6,47,26,16,21,78,13,20,15,43,10,32,10
"gene_379",181,341,228,184,260,171,129,112,222,239,163,288,234,184,116,223,209,171,197,283,229,101,256,177,241,369,190,247,318,227,237,123,165,135,127,191,99,145,250,139,185,181,224,129,132,278,213,149,377,227,212,172,477,214,279,121,236,229,170,251
"gene_380",146,348,374,326,521,379,300,545,287,479,281,388,183,317,297,282,277,218,333,548,446,282,408,317,379,493,316,438,515,214,546,628,252,364,219,466,187,231,536,352,266,540,275,244,188,272,286,352,205,316,500,465,450,217,197,458,504,245,538,344
"gene_381",35,52,64,40,69,82,115,44,34,47,44,50,43,37,24,15,91,36,81,48,79,38,72,24,144,102,45,53,74,50,107,58,61,91,16,57,48,12,48,46,42,81,45,46,63,74,26,74,63,46,117,80,58,51,36,99,71,22,33,70
"gene_382",3013,2890,5305,2571,4988,3256,4111,5891,3033,4590,2744,4029,2590,2341,2532,3535,3020,1854,5280,6118,4916,3140,3801,3650,3910,4416,4822,5143,2781,2194,3006,3566,3691,2157,4210,4526,3403,1629,2617,2893,4049,5114,3654,2741,2930,3756,3914,3955,5641,2850,4558,6224,4635,2434,3382,3434,3579,2968,5230,4243
"gene_383",85,97,57,89,97,95,71,100,116,49,121,92,64,145,66,109,56,28,101,91,194,50,144,100,73,181,50,155,67,161,82,178,57,130,93,109,72,75,96,119,60,193,65,125,126,102,67,58,92,122,91,118,147,82,82,80,48,46,119,106
"gene_384",1133,1320,880,1279,1689,1789,1242,1329,1042,1663,829,1071,899,800,999,1301,1447,666,1476,1438,1476,985,1206,923,1216,991,856,1776,1081,672,1492,1434,833,1642,999,1270,664,965,828,1654,1229,1028,1594,892,1293,809,1384,1722,1525,1327,1542,1194,1732,716,627,956,1466,1100,1702,1338
"gene_385",733,2069,3002,772,6443,1841,3616,10550,563,9948,961,872,1027,3330,2627,1630,826,923,4662,4208,1407,586,3001,428,2314,1783,7156,13623,3169,712,7702,5988,2942,3935,1920,6534,8798,1304,1807,3889,5412,1898,17570,869,2483,185,2068,5792,2026,1000,5406,1346,4849,443,419,1231,1235,6906,5642,934
"gene_386",209,327,316,193,233,265,372,145,213,470,206,228,393,224,90,360,319,203,344,379,211,145,312,205,260,360,179,298,297,224,319,380,120,184,339,365,219,112,114,170,225,294,301,133,244,93,308,278,287,375,425,314,456,235,168,177,221,153,325,294
"gene_387",792,876,446,350,1411,908,762,768,674,886,710,781,504,710,754,778,617,564,837,1119,616,672,1222,717,805,1558,903,1194,1422,582,1572,1295,542,612,950,1362,932,759,1241,406,655,1075,1763,433,803,897,908,1450,1669,936,1042,822,471,1053,500,534,1013,669,915,835
"gene_388",641,604,464,486,1075,547,628,576,711,683,423,690,324,626,373,586,643,418,542,856,714,622,816,388,1106,774,574,642,491,563,743,830,369,398,536,479,476,270,777,609,349,691,802,701,671,629,309,480,834,571,1109,823,1113,422,474,463,803,513,507,659
"gene_389",579,738,288,337,294,171,300,184,844,151,348,448,313,243,277,305,506,274,224,352,482,459,340,753,491,499,127,313,371,353,238,165,156,150,279,150,103,234,706,165,170,556,132,144,210,533,284,107,637,610,150,330,246,438,379,488,717,65,170,450
"gene_390",6,7,2,0,0,3,6,6,6,5,3,1,1,7,6,5,1,4,3,13,8,9,0,9,2,10,3,1,1,4,15,4,13,1,1,6,3,3,1,8,9,8,4,0,7,6,10,0,3,0,2,20,7,2,0,10,4,4,1,2
"gene_391",900,678,264,1337,469,307,449,163,1612,87,572,1522,496,335,283,419,991,620,100,367,844,966,330,1630,619,1160,139,203,724,797,238,156,182,186,467,261,96,393,749,106,125,936,107,719,312,3462,454,79,1154,845,216,1235,339,1849,1690,346,1423,41,110,942
"gene_392",11,11,9,45,39,14,26,4,12,42,12,24,12,24,5,9,81,5,41,47,9,23,43,19,26,7,15,33,4,36,30,46,20,2,7,46,17,8,24,13,6,15,6,5,23,16,6,17,23,24,13,8,25,50,6,30,22,5,7,9
"gene_393",134,294,253,198,343,174,214,281,285,276,128,186,136,108,165,174,329,230,332,296,187,145,249,235,190,157,158,408,230,197,326,256,122,222,200,250,103,151,294,272,133,310,267,208,150,107,207,154,229,264,275,292,228,153,207,193,337,123,307,217
"gene_394",106,129,115,69,119,82,77,49,92,118,93,118,68,66,34,80,55,79,121,75,161,62,89,102,78,96,81,82,121,62,86,52,75,134,56,165,68,34,147,99,54,105,138,47,125,61,71,154,115,82,200,69,158,74,81,112,127,20,77,146
"gene_395",3480,2767,2588,5058,5889,1921,5856,5590,5626,4232,3008,2880,3238,8112,5312,3920,4809,3461,6027,5380,7983,3149,4194,5197,3087,6479,4696,3787,4711,4848,5931,7803,3278,4653,3232,7531,1733,3061,6051,2361,4810,5934,3477,4381,3691,4951,4727,4076,11038,3511,4285,4551,4910,4969,3253,4084,3731,3670,4916,4122
"gene_396",594,635,677,556,1473,562,928,625,772,1176,617,500,591,677,897,511,668,279,978,597,469,455,652,475,761,636,436,1070,905,338,876,731,450,1084,562,1105,542,410,677,667,553,426,970,591,850,343,606,781,593,629,1423,573,1003,413,440,724,786,647,1236,550
"gene_397",2,2,1,6,9,2,4,3,4,1,16,8,0,2,0,2,12,2,12,4,1,1,0,0,2,0,3,17,14,22,5,4,0,8,14,11,0,4,14,0,1,5,1,7,2,5,3,1,6,3,8,5,10,0,22,6,4,9,0,8
"gene_398",63,66,51,45,49,40,51,59,70,70,16,38,51,40,40,19,25,32,47,77,67,33,42,61,61,45,12,87,95,57,40,54,37,33,18,46,35,23,83,28,83,21,71,15,45,54,54,33,65,38,64,42,61,22,61,46,29,18,87,55
"gene_399",68,105,149,33,156,50,156,394,37,439,55,39,35,144,139,70,53,31,505,191,45,21,72,16,92,132,268,177,108,30,602,248,87,172,62,354,332,46,53,160,280,115,412,66,199,3,58,537,96,57,188,74,152,10,15,46,45,234,423,48
"gene_400",263,426,210,206,496,191,410,496,203,437,278,425,213,226,241,386,290,193,335,393,381,276,555,359,326,376,469,667,318,221,477,604,138,337,288,293,244,261,295,313,284,398,292,245,360,439,192,245,414,284,415,448,243,304,228,531,410,336,472,611
"gene_401",46,70,47,41,32,44,49,13,47,28,41,54,14,47,13,37,26,53,42,19,65,36,21,53,62,55,40,57,34,27,92,30,38,33,28,47,20,49,41,37,75,27,88,42,45,62,33,29,34,35,15,42,63,20,80,83,65,18,18,43
"gene_402",40,28,25,21,18,12,12,28,32,20,13,6,16,13,23,13,22,16,65,12,7,25,32,34,47,54,24,19,40,6,26,27,19,15,10,46,30,12,37,26,27,19,34,23,14,18,11,41,13,25,32,25,23,9,15,50,47,10,70,26
"gene_403",296,253,234,314,512,457,364,243,326,502,255,319,325,187,242,279,261,227,299,344,338,190,336,388,388,473,273,702,320,306,396,505,252,313,316,474,406,276,324,312,322,398,445,173,333,305,434,226,508,398,448,296,269,250,394,373,364,160,345,280
"gene_404",908,749,377,829,846,615,476,465,709,640,688,702,459,541,592,744,781,397,758,1048,799,415,773,541,759,680,619,831,943,574,643,645,325,579,590,764,351,553,855,298,495,702,424,551,638,720,394,531,517,703,466,1015,662,891,778,884,966,289,600,831
"gene_405",232,432,394,392,514,213,430,210,620,542,280,286,252,285,269,324,429,241,412,285,295,278,286,418,303,318,383,568,414,332,442,363,192,271,250,560,426,220,438,306,334,671,442,273,382,391,364,265,444,473,216,540,536,283,306,344,502,263,273,546
"gene_406",85,74,37,66,160,148,141,85,84,64,132,104,64,94,142,66,116,72,107,121,170,110,146,60,175,134,98,101,88,132,108,132,112,113,68,223,66,137,200,72,104,138,71,84,114,110,115,86,230,134,89,152,109,62,75,90,92,113,104,157
"gene_407",17,28,69,79,52,25,42,15,58,21,19,59,16,29,39,47,65,17,15,42,48,8,130,45,22,102,17,26,46,36,38,15,14,21,58,24,17,34,15,4,14,30,30,28,23,35,27,11,36,15,21,83,13,59,35,78,46,4,52,29
"gene_408",329,225,275,166,226,250,289,317,365,298,292,255,185,290,199,243,167,113,337,272,329,141,300,254,304,431,137,247,362,185,360,381,216,190,234,237,170,216,256,221,308,417,446,184,234,248,176,112,272,276,253,206,385,217,211,253,170,93,255,207
"gene_409",1665,3621,2607,1979,3920,2222,2291,3045,1676,3723,1800,2259,1316,2252,3002,2201,2097,1568,3469,2636,3988,856,2528,1552,2238,2420,2663,3408,2777,1665,4396,4066,1941,2680,1741,2729,2370,1807,1794,1927,2438,1724,4655,1537,2161,1139,1753,2546,2365,1533,2200,1691,3608,1501,1762,2252,2830,1250,3622,2131
"gene_410",303,189,85,149,119,43,201,61,253,34,144,158,170,84,66,116,187,116,49,125,152,71,173,214,115,143,38,101,55,281,90,89,83,105,120,54,43,105,248,35,60,97,47,124,126,395,116,59,192,222,87,193,151,196,204,172,210,53,58,222
"gene_411",9,13,10,2,9,4,1,1,3,13,2,7,1,1,9,4,0,0,2,4,11,0,1,2,12,5,5,2,0,7,8,4,2,0,4,14,0,0,1,4,5,2,3,1,0,2,3,1,7,8,2,6,11,5,0,2,13,2,9,6
"gene_412",168,214,184,149,368,139,220,148,261,159,178,273,212,167,243,166,315,98,288,244,218,129,308,158,140,128,219,206,157,155,261,156,133,225,191,259,146,202,415,120,169,264,104,187,255,134,133,158,269,149,268,309,208,193,220,258,247,137,150,253
"gene_413",1126,1179,724,929,2173,721,985,1053,1128,1105,826,636,688,899,603,1375,619,742,1449,1604,1227,674,1232,1366,1021,1410,686,1906,1396,913,945,1979,984,941,1146,1657,530,883,1243,780,766,1571,1651,953,869,612,1133,1147,1463,1398,1343,1180,1692,879,1003,1025,1282,944,1096,1423
"gene_414",150,108,104,136,146,89,83,133,98,71,82,142,96,54,119,99,72,59,89,89,158,51,112,212,102,112,91,247,119,83,106,138,99,97,66,104,54,32,127,87,109,209,62,119,105,94,38,105,159,95,218,224,179,84,100,170,128,55,49,107
"gene_415",13,15,12,27,2,22,7,5,1,44,8,10,4,6,15,7,7,15,38,20,28,3,9,40,13,23,14,53,11,8,3,6,3,11,10,18,14,0,14,11,14,16,19,14,7,9,15,16,8,33,4,53,4,3,13,28,9,9,7,6
"gene_416",3325,6011,8061,3634,6230,3699,4746,6343,6309,4272,4057,5157,3779,4449,4477,3428,3912,3280,5562,7753,7776,2687,5909,4447,5606,6198,4518,5515,6150,4401,6120,7039,4256,4704,3059,6878,2172,5010,8290,3803,4434,6534,8138,2572,4351,4405,4434,5425,6845,4015,8680,5461,4319,3299,2872,3534,4568,4350,6527,5215
"gene_417",79,199,113,185,242,253,120,162,339,270,140,184,100,215,164,190,202,111,149,167,191,179,189,168,295,347,150,186,221,190,198,149,140,165,86,126,91,164,286,106,252,233,181,153,251,249,203,297,206,277,158,266,282,256,183,99,205,87,141,271
"gene_418",420,320,509,255,472,269,307,305,311,558,267,221,257,417,312,382,348,212,320,223,336,241,290,161,387,232,415,720,354,324,568,517,325,441,204,506,191,473,229,347,306,194,312,158,302,92,231,305,411,278,272,254,374,213,215,386,265,229,353,227
"gene_419",142,110,148,189,225,105,129,103,162,172,136,230,114,111,147,103,80,87,191,219,161,132,121,148,178,196,134,184,83,78,172,104,93,140,110,145,134,99,164,105,111,292,97,148,128,133,213,113,177,163,77,148,82,146,109,142,131,104,178,168
"gene_420",553,635,892,544,1164,775,1091,843,554,980,666,963,520,686,407,889,632,563,1323,1310,1178,608,631,834,784,882,939,879,834,677,1343,849,565,852,633,717,535,755,864,459,709,594,928,652,628,702,568,1009,1148,867,1128,764,727,405,901,910,872,921,645,1177
"gene_421",8,4,10,35,17,4,4,1,40,13,18,21,13,13,7,9,46,1,18,17,19,16,20,16,35,23,5,32,7,8,37,26,12,20,11,8,0,22,7,8,17,24,9,15,4,7,10,0,19,12,13,2,30,7,3,12,25,4,17,41
"gene_422",39,15,23,17,21,26,28,86,8,22,6,25,12,34,10,7,32,13,21,69,24,17,14,8,24,9,3,62,19,23,10,64,30,42,21,51,16,13,12,21,40,31,41,4,13,12,12,42,49,15,67,4,34,29,16,29,8,16,45,23
"gene_423",77,71,29,96,25,32,39,45,30,31,30,61,22,28,27,36,65,49,62,39,52,38,38,40,37,54,22,36,41,49,22,37,13,20,28,29,39,22,43,38,33,28,37,30,70,54,52,29,118,77,22,80,8,36,23,31,43,14,69,43
"gene_424",156,761,867,139,1676,795,1151,2887,266,3228,372,176,249,620,607,395,299,262,2885,1216,415,219,572,101,392,429,2051,2251,494,188,3349,1559,1267,1028,457,1663,2039,387,250,917,1391,581,5409,238,547,49,456,2219,619,377,1220,339,767,113,176,472,308,1416,1964,223
"gene_425",70,109,71,162,139,152,111,102,146,140,72,58,90,183,61,107,71,94,95,165,106,83,208,86,147,183,167,92,125,154,128,151,102,115,111,75,87,59,67,86,47,130,184,72,61,110,87,142,287,151,149,115,127,146,97,87,108,127,111,92
"gene_426",4,5,5,9,9,0,16,9,27,2,3,15,9,8,2,4,11,14,4,14,13,1,4,5,3,7,8,25,0,21,6,5,0,4,7,6,2,1,8,9,11,19,0,11,0,7,0,8,11,5,1,5,28,1,8,1,3,0,9,24
"gene_427",376,278,294,215,468,261,366,288,305,276,513,370,117,417,304,280,380,158,240,286,309,124,289,259,316,373,229,419,193,378,203,392,170,204,210,509,174,349,440,355,358,207,215,254,196,367,379,381,508,254,312,390,364,279,312,300,380,171,386,444
"gene_428",15,1,2,1,6,1,1,3,8,4,2,4,7,11,1,12,0,20,15,12,9,11,5,1,0,12,5,1,9,10,0,13,14,2,4,6,10,4,4,2,4,1,17,16,23,7,6,4,16,7,10,8,15,2,14,13,2,8,8,8
"gene_429",942,892,1298,836,1830,1017,975,1204,818,1414,882,840,400,1081,1482,807,709,699,998,1482,1045,662,1106,603,961,1175,1302,2624,997,462,1802,1577,781,1110,1046,1956,993,640,1164,783,1491,1149,1971,887,992,390,1065,803,1565,1048,1112,1072,1308,461,453,1115,940,480,1719,1053
"gene_430",59,54,65,39,104,46,87,62,93,99,50,54,43,69,75,59,65,58,62,54,120,83,107,83,79,116,80,94,44,84,47,99,31,45,46,59,43,24,61,95,42,53,176,32,59,49,54,58,117,64,67,62,61,68,131,61,89,60,72,66
"gene_431",3,4,17,17,31,14,8,3,8,14,2,0,0,13,13,17,8,4,13,3,20,4,8,0,7,27,4,1,10,8,0,16,0,6,0,9,5,1,17,12,1,7,9,13,10,9,9,0,17,7,7,6,10,8,14,10,15,2,8,1
"gene_432",79,83,71,91,137,69,89,65,37,77,66,89,131,30,46,75,137,53,104,67,59,58,53,46,78,158,50,74,132,38,107,64,39,92,91,64,44,49,85,59,67,46,95,71,69,60,114,98,83,57,96,67,87,67,59,73,67,40,55,96
"gene_433",32,46,67,35,89,113,120,113,118,96,81,31,37,62,49,62,43,28,55,63,63,55,46,69,53,60,57,49,45,57,115,100,23,31,68,90,52,48,34,43,73,95,82,61,38,25,85,82,46,104,84,49,130,76,97,61,73,73,85,53
"gene_434",152,176,90,120,440,214,217,226,171,356,131,158,125,144,124,118,182,75,170,182,208,95,302,87,216,242,189,175,173,157,290,238,239,254,191,229,86,143,213,192,158,216,235,137,148,79,103,157,417,244,214,177,195,162,101,155,165,248,219,160
"gene_435",14,31,19,27,42,7,71,19,25,27,10,24,7,13,6,10,11,21,6,26,12,20,11,36,5,18,10,26,13,12,21,22,3,31,11,4,11,10,38,7,3,64,11,9,30,6,4,24,34,15,8,20,35,8,19,24,17,25,25,41
"gene_436",3187,2788,2280,3089,4144,5476,4318,2267,4560,2914,3392,3456,3588,2350,2595,3915,3438,1946,2903,3955,4575,2550,2347,4467,3975,3920,3349,3065,3790,4849,4030,3672,2161,4722,3758,3545,1454,1510,3766,2305,2269,2880,2106,3595,2380,3189,1693,2958,3543,2547,4038,3269,3785,2144,2453,3526,7444,2500,6729,3301
"gene_437",167,222,203,337,302,248,292,346,191,212,155,266,193,177,147,182,203,168,347,268,291,180,250,203,162,313,288,399,130,177,365,426,171,138,163,349,90,196,283,246,175,240,256,145,280,299,190,240,369,262,234,262,232,205,216,311,290,126,367,267
"gene_438",2054,2470,1625,2547,2900,1887,3215,1260,2587,2009,1529,2425,1900,1665,1913,1464,2531,1114,2678,1676,2196,2779,2946,2499,2236,3336,881,2152,2328,1760,2774,1299,1355,2381,1641,1597,1376,1507,2878,1416,2021,2304,2089,1590,1879,3095,1445,1644,1927,3106,2151,2598,1831,2143,2623,1911,2601,913,2395,1817
"gene_439",903,2527,746,1143,1672,1541,1456,1008,1781,2096,902,2290,1104,1368,1144,1223,2195,569,1714,1055,2060,1128,1725,2044,1994,1832,1212,2004,1651,1556,999,819,709,1469,1500,1215,771,918,1915,1058,658,1455,1450,1127,921,2019,1147,1341,1631,1181,876,1677,1624,1198,1196,1448,1378,829,1658,1033
"gene_440",1712,1249,1685,1471,3740,1561,1532,2423,1850,3148,1307,1642,1367,2382,1604,1567,2090,1432,3163,2291,2792,1264,1845,1376,1642,2815,1827,2655,2121,1414,3022,2690,1041,1430,2034,2674,2268,1333,1256,2340,2167,3053,2517,1027,1838,1285,1329,1807,2801,2310,2288,2337,2341,1269,1111,2000,1093,1883,3036,1077
"gene_441",3,4,1,0,6,8,7,8,14,11,2,2,1,14,6,3,11,1,13,1,11,0,8,0,2,2,7,13,1,1,22,14,0,12,1,19,6,0,0,5,8,0,9,1,0,10,12,12,3,1,4,2,6,1,20,4,8,9,6,4
"gene_442",159,194,416,128,740,375,356,791,95,1184,128,68,120,484,337,185,166,92,1804,379,196,108,388,38,321,132,608,1143,410,116,1073,991,387,857,194,697,650,249,209,615,877,256,1781,90,558,19,175,903,168,138,750,175,454,60,91,207,144,976,1129,156
"gene_443",99,173,144,103,260,136,249,207,163,293,120,102,200,108,76,147,116,209,175,322,214,177,104,127,143,219,140,252,153,63,146,249,84,127,101,170,93,165,180,75,148,244,120,113,102,102,138,123,126,170,195,117,154,170,99,153,130,73,159,165
"gene_444",653,577,632,590,861,460,925,604,738,448,681,914,527,479,429,459,402,573,616,824,971,350,940,413,584,870,407,1141,954,592,823,840,467,728,732,1016,464,522,996,515,357,796,702,641,602,951,521,846,538,475,862,602,785,393,322,618,657,251,918,769
"gene_445",351,219,165,228,248,127,181,279,259,228,216,245,145,276,258,107,403,154,222,365,404,151,156,422,178,403,135,261,227,254,216,207,201,280,386,181,101,131,323,176,173,335,153,212,235,341,260,189,342,133,232,126,294,309,397,188,474,53,200,267
"gene_446",19,15,21,11,33,7,32,23,26,28,17,43,29,19,15,8,44,2,18,18,28,35,36,16,14,42,14,34,31,40,63,19,7,26,24,17,12,12,5,21,21,18,30,15,7,32,30,38,7,31,16,17,49,32,26,26,63,18,28,62
"gene_447",410,847,469,318,544,446,264,415,473,739,337,333,271,498,422,353,500,262,621,439,386,246,519,397,464,625,495,731,510,456,631,560,367,290,237,575,226,421,620,309,283,508,401,367,319,256,333,389,306,639,504,421,416,340,465,473,766,229,329,383
"gene_448",73,110,55,69,44,89,58,92,60,49,56,25,18,31,26,33,96,29,34,91,57,19,57,62,103,145,30,75,34,58,63,128,53,54,43,78,32,28,87,22,68,96,52,44,97,145,77,100,73,51,133,117,67,111,67,72,78,26,123,106
"gene_449",1134,2365,2123,2161,3372,1897,2223,1995,2283,3247,1695,1826,1385,1971,1790,2571,1471,1105,2290,2456,2216,1909,2344,2344,2281,3532,2503,2931,1782,1330,4080,2745,2260,2011,2484,2463,2025,1506,3057,1655,1975,1891,1811,1630,2574,896,2648,2585,3087,2187,3757,2313,3605,1247,1539,1817,2562,1686,3432,1785
"gene_450",836,925,731,759,1192,870,587,721,958,1221,419,745,542,958,761,709,568,665,771,1014,1377,351,692,664,819,822,666,1413,609,1033,1157,743,606,787,532,662,539,579,714,457,652,944,659,442,669,740,506,1020,1112,871,1052,919,789,753,611,714,852,566,874,778
"gene_451",515,971,441,473,752,567,694,1226,608,900,651,424,308,636,510,691,745,384,1080,950,706,479,713,457,795,373,1147,1682,567,621,828,834,384,470,601,1100,1010,288,861,492,467,613,594,337,776,320,558,727,955,805,1072,880,830,347,502,602,634,451,930,709
"gene_452",6,22,0,15,30,22,50,49,23,27,23,25,7,28,5,26,42,12,7,22,30,19,12,11,19,30,22,61,37,5,35,27,21,13,6,19,12,19,18,26,31,66,38,23,7,10,27,19,5,47,44,12,28,18,19,7,48,16,17,24
"gene_453",383,470,504,519,573,411,595,649,626,514,566,369,372,465,452,375,382,541,517,337,437,490,595,442,644,706,342,849,377,601,621,416,328,443,377,260,340,143,602,355,411,466,427,483,552,559,296,404,1120,457,582,445,517,368,654,454,477,285,378,539
"gene_454",349,110,168,545,229,163,137,39,268,51,279,878,229,198,92,140,451,133,30,186,377,291,183,1094,341,528,37,57,118,464,29,101,92,61,296,87,24,106,483,43,46,225,23,171,75,1625,131,54,433,399,62,546,100,515,554,218,316,21,27,329
"gene_455",1394,1083,969,1231,2170,864,1472,803,1702,2150,1198,2402,652,1413,986,1602,1537,992,1116,1796,1368,1169,1425,1083,1499,1727,940,1669,1051,1244,1233,2116,1316,1175,747,1980,809,912,1319,1182,1119,1563,1147,1207,944,1197,1136,1348,1803,1310,1936,1383,980,1928,1329,1143,1518,635,1093,1387
"gene_456",49,47,19,51,91,22,59,24,30,30,28,17,24,28,42,35,33,14,10,61,101,23,48,24,60,30,19,116,15,24,76,66,15,30,29,37,20,20,34,56,16,64,75,22,14,48,13,70,72,107,15,34,18,33,28,14,47,24,22,69
"gene_457",693,1040,809,331,1068,427,719,684,624,749,736,429,600,552,385,645,524,754,832,1464,862,411,750,591,467,1253,658,1451,918,666,1100,930,541,940,571,1060,491,350,858,682,681,631,996,301,566,337,878,1007,737,630,823,464,1059,398,454,673,869,400,1440,637
"gene_458",2,10,1,0,13,0,10,1,3,4,1,4,9,0,10,6,8,4,9,5,3,0,0,2,30,2,0,4,0,8,11,2,0,6,15,8,1,1,0,1,0,10,0,0,10,6,0,3,13,9,1,15,26,4,0,1,6,4,0,6
"gene_459",93,102,44,142,155,82,67,105,71,200,49,123,62,74,127,57,101,47,156,82,121,49,90,105,86,134,118,122,85,52,135,113,43,125,109,179,110,50,174,84,195,111,106,76,101,45,91,36,102,95,60,139,147,47,21,84,109,133,230,112
"gene_460",60,20,31,65,36,21,14,14,70,11,10,18,26,21,27,20,43,42,52,35,44,27,5,19,32,32,13,28,48,40,42,6,21,17,54,19,18,10,20,18,17,20,18,11,13,27,31,6,31,9,32,10,36,20,28,51,43,20,38,51
"gene_461",7,0,15,1,45,10,0,20,18,19,8,28,0,25,14,2,20,2,23,21,18,1,12,11,12,12,9,18,9,12,40,35,35,27,4,25,29,13,4,5,5,14,11,8,9,3,25,9,19,8,15,0,14,11,3,20,6,8,16,7
"gene_462",1943,1853,1825,2739,1817,1342,1728,1354,2290,1776,1734,2601,1626,1904,1880,1222,2006,1398,1873,1576,2914,1934,2640,2251,2090,2375,917,2277,1992,2767,1660,2446,1758,1560,1817,1844,1158,1061,2384,986,1613,3015,1268,2047,1847,1424,2048,2153,2454,2420,1585,1584,2322,1346,1266,3075,2009,1137,1657,1597
"gene_463",316,378,208,326,432,203,258,285,267,236,379,279,249,340,240,330,376,228,180,345,289,163,242,415,293,361,133,285,241,390,171,324,289,214,125,214,172,138,372,189,268,393,173,186,242,537,167,154,316,279,272,563,412,245,211,408,342,111,275,427
"gene_464",79,60,115,101,139,107,63,40,172,109,92,81,96,58,91,46,136,84,78,141,85,60,171,45,97,184,71,103,106,47,116,45,89,51,33,86,60,98,128,94,110,138,179,137,50,97,88,75,112,45,96,55,99,153,96,143,142,100,73,156
"gene_465",228,270,285,268,649,373,405,315,347,412,192,383,208,283,334,231,229,234,264,452,455,262,536,240,405,429,286,432,353,312,392,419,294,277,254,662,107,230,566,409,245,516,502,259,357,386,459,376,509,248,306,306,401,410,174,367,257,177,678,215
"gene_466",2518,3266,1905,2118,3577,3107,3315,2515,2981,5262,3403,3486,1499,4116,2085,1880,3057,2598,2984,3546,3407,1023,2440,3468,3280,2350,1631,3732,2536,2493,4420,3106,1791,1706,2460,4310,1131,2577,4664,1982,2232,3862,2574,3594,1903,1979,2626,3341,4370,3284,4281,3899,2437,2325,1988,2351,3151,1458,2997,2653
"gene_467",768,591,459,922,850,452,619,572,864,492,745,616,461,562,493,526,765,336,452,741,974,567,666,656,517,707,502,586,413,655,866,537,493,519,516,642,302,289,802,239,593,520,482,328,339,634,621,791,930,863,552,1011,624,720,323,636,653,221,522,575
"gene_468",31,27,68,28,42,29,21,45,56,39,52,37,36,35,33,29,78,29,50,55,47,27,56,41,60,84,22,65,52,35,71,34,31,24,50,57,31,33,92,23,19,45,44,46,12,48,36,14,50,34,35,50,37,58,64,26,68,25,25,86
"gene_469",210,380,200,210,391,344,188,150,252,277,171,241,115,329,166,228,281,212,198,349,254,99,214,235,307,215,252,299,296,233,327,273,153,231,123,312,116,126,211,124,293,416,125,252,162,247,189,155,323,303,223,459,190,222,202,132,292,115,180,423
"gene_470",6,4,14,4,20,9,4,8,5,5,7,17,2,4,18,7,6,10,4,10,24,5,18,4,18,6,5,8,29,4,13,4,11,8,9,8,10,2,7,8,18,6,16,2,3,19,5,10,21,27,18,6,1,11,26,2,10,7,12,0
"gene_471",1276,1308,766,670,932,819,1469,1176,798,1516,415,862,667,535,1126,457,666,462,1558,1043,637,518,1361,700,832,1358,667,1753,1016,818,1455,1547,673,805,711,1257,719,591,850,698,776,1290,1298,835,739,746,591,1077,916,1002,1164,1161,893,385,581,887,1106,685,1034,895
"gene_472",4,7,7,28,10,5,25,14,9,21,1,19,11,12,16,17,3,10,11,10,4,12,5,3,6,27,6,10,10,13,22,12,13,5,1,14,10,3,5,7,19,20,3,11,9,1,9,4,27,6,10,6,9,9,3,3,4,4,4,15
"gene_473",4520,5583,4737,5741,5037,3397,5820,4388,4641,3726,2688,7129,4668,3557,3598,4212,2298,3103,3424,4521,6707,3079,5744,3731,5423,5303,5404,11089,5111,5308,5733,8683,2762,5846,5387,6518,3643,3953,7800,4352,4443,3592,4707,4578,2817,3342,2804,4971,6030,3924,8474,9628,7167,2865,3559,5318,6533,4976,6709,3717
"gene_474",2,16,10,10,5,4,19,19,1,6,21,43,1,15,20,29,12,4,23,0,4,1,8,16,37,7,5,24,32,23,7,16,6,8,2,6,5,14,6,2,4,10,9,27,17,14,20,6,25,9,17,16,12,20,8,11,19,17,2,7
"gene_475",264,209,93,176,242,141,233,233,81,151,119,148,122,133,141,144,133,63,205,298,173,138,139,97,163,126,225,281,118,132,210,259,151,198,218,263,128,198,154,318,171,302,296,166,113,135,99,144,236,159,182,85,201,127,111,179,124,77,208,190
"gene_476",49,32,40,32,96,17,32,6,46,39,24,50,22,45,64,15,56,24,5,64,28,29,49,32,16,57,34,38,31,28,51,45,15,35,25,76,20,45,17,35,17,21,14,16,22,58,61,33,41,16,48,26,39,72,56,35,45,63,40,40
"gene_477",7564,4983,4637,6010,4127,4033,5541,3352,9861,4582,5159,6539,5056,5419,6026,4469,7229,2721,3253,5659,6257,2996,5598,5128,8235,8340,4107,5771,6300,4613,5839,7178,2174,4234,3152,3235,2008,4146,8602,3477,5508,8839,3348,6167,5037,7416,3196,2844,10828,6150,5699,7645,3247,6276,4709,7406,8509,2390,3928,6318
"gene_478",64,23,23,69,75,25,54,41,29,19,11,89,18,17,21,19,35,27,36,36,25,14,21,22,48,28,35,34,39,39,23,23,10,30,54,34,6,34,67,33,26,67,18,23,24,47,48,61,62,27,59,17,30,43,78,11,54,8,59,34
"gene_479",28,33,71,66,79,53,15,22,32,44,28,40,14,35,22,31,13,15,48,28,35,39,46,36,61,34,38,66,64,23,70,8,19,61,15,31,31,31,30,42,41,34,20,17,25,32,22,83,92,39,53,20,58,15,14,3,32,73,51,34
"gene_480",24,18,34,19,25,9,25,10,37,11,22,34,10,23,20,29,13,19,29,24,57,8,14,13,41,48,27,50,19,29,13,29,19,19,39,14,10,28,28,23,18,24,48,21,15,26,29,16,26,9,17,44,32,21,23,36,8,13,24,25
"gene_481",97,85,104,54,71,65,120,60,71,164,40,62,134,100,78,89,146,55,74,62,124,48,130,72,76,108,107,140,135,74,106,74,51,167,108,112,86,50,130,76,46,163,88,103,107,115,56,84,127,98,115,137,84,83,40,85,100,54,124,53
"gene_482",3,0,0,3,3,0,30,0,4,7,1,6,6,9,6,3,5,6,1,2,15,1,2,3,7,4,2,0,2,5,0,3,5,1,3,6,0,12,11,9,0,5,1,0,1,2,2,1,3,15,5,22,1,1,9,3,20,1,1,1
"gene_483",164,93,145,127,137,121,116,99,203,125,137,80,82,119,125,178,191,86,51,160,110,91,144,126,144,183,158,151,198,114,188,193,100,97,110,138,82,85,182,71,165,210,136,124,164,104,120,102,208,134,219,257,220,169,89,158,175,97,204,226
"gene_484",4,9,3,14,53,21,11,16,14,16,2,19,12,17,4,8,24,3,14,14,4,9,24,23,13,6,1,48,10,16,17,17,17,11,2,12,8,4,24,3,11,17,4,10,11,11,12,14,13,20,17,18,4,3,6,10,20,23,5,7
"gene_485",47,36,48,36,76,77,99,51,119,39,94,82,48,53,49,18,65,26,65,83,56,46,89,126,31,76,23,93,50,70,100,114,29,45,79,44,40,38,95,67,82,71,69,39,69,94,92,38,109,50,68,122,86,114,78,70,51,35,61,90
"gene_486",70,229,441,120,135,210,269,698,58,892,111,99,102,281,185,187,104,96,765,481,135,62,256,32,150,108,1042,1002,172,81,772,840,294,355,163,484,719,129,121,473,551,259,962,83,281,31,141,778,241,144,774,172,415,43,67,180,82,705,970,72
"gene_487",46,108,89,51,93,72,43,105,78,61,35,43,61,59,74,50,47,70,82,112,51,77,108,55,89,72,127,121,57,89,206,170,48,109,41,120,68,51,87,119,76,67,140,52,59,17,109,121,167,84,53,122,127,46,43,92,134,63,122,90
"gene_488",780,1110,1300,924,1902,1055,1137,1041,1583,1138,1150,1604,1079,1297,1450,792,1223,670,849,1201,1895,593,859,961,1427,1723,876,1344,1225,1074,1244,1279,675,968,962,885,607,836,1675,987,1070,1508,1217,1110,889,1611,838,1193,1926,1130,1326,1669,2038,1181,1060,1849,2493,725,1144,1413
"gene_489",45,107,65,107,76,52,126,119,85,111,89,92,102,79,56,64,65,24,105,98,54,50,110,131,200,88,30,61,130,144,27,82,33,100,79,77,27,44,260,52,68,148,57,87,121,124,77,73,65,266,103,92,108,148,86,83,79,20,89,79
"gene_490",137,106,83,169,128,47,100,68,172,86,47,103,83,104,109,105,285,96,88,98,181,94,150,158,135,109,84,144,89,93,109,169,108,79,98,85,87,85,158,77,130,94,181,111,56,86,123,78,154,96,107,159,196,202,158,121,220,41,146,131
"gene_491",6,3,4,11,11,10,7,0,7,2,4,11,4,5,11,18,9,11,3,13,12,2,3,39,5,4,9,16,3,9,17,23,1,7,2,5,2,12,9,3,5,29,16,2,20,16,13,16,11,6,0,7,0,6,0,1,12,5,5,4
"gene_492",148,134,122,138,311,179,129,160,170,270,130,192,155,109,147,142,153,94,193,139,144,112,303,119,89,237,151,196,161,164,146,304,133,129,195,302,120,98,135,122,167,214,114,93,121,94,147,102,122,150,204,219,116,97,143,168,162,91,132,214
"gene_493",288,213,250,169,271,172,312,267,190,250,139,118,127,207,279,203,190,189,130,251,227,98,203,209,80,215,173,150,283,203,369,234,200,141,194,223,165,167,175,191,221,273,232,112,149,160,257,200,195,211,393,245,230,114,186,247,151,223,369,256
"gene_494",17,45,17,19,5,27,8,23,29,35,12,24,15,11,16,24,9,14,24,18,36,7,20,9,44,30,13,20,1,34,10,13,16,11,12,37,24,18,24,20,20,32,35,21,33,7,10,29,33,40,41,39,53,17,13,41,27,15,19,8
"gene_495",2,14,3,1,1,7,6,6,1,16,1,3,11,15,2,1,9,1,3,2,4,0,1,5,0,1,7,2,5,13,11,8,1,16,14,5,3,0,21,0,6,1,9,1,2,6,10,11,3,6,2,0,0,5,0,8,5,4,0,5
"gene_496",2194,3192,1448,2345,3226,2669,2539,2093,3969,1940,1875,2771,2435,2551,3252,2061,2678,1860,1831,2927,2891,2133,2644,2798,4384,3304,2135,3224,2279,1693,2800,2624,1895,2029,1740,2748,1109,2015,5375,1634,1791,3113,2693,1374,2473,1590,1906,1615,3297,2890,2658,4173,3700,2604,2499,1907,3401,836,3243,3640
"gene_497",3045,3537,2352,3167,3923,2547,3273,3475,4765,2844,2149,3936,2761,3454,3729,3748,4896,2441,2611,5659,4242,2379,3593,4004,3203,4960,2071,5417,3430,3845,4573,6663,2736,2093,3249,3387,1688,2821,5006,2523,2973,4868,3716,2556,1738,2913,2398,3241,5277,4237,3555,5390,4710,3572,3269,3676,5563,1312,3792,4494
"gene_498",17,20,19,49,37,22,13,17,70,23,10,31,31,23,10,32,54,7,14,28,42,14,19,16,43,37,7,38,15,30,20,11,18,10,23,12,10,17,16,24,8,11,9,38,10,102,16,6,57,36,38,51,37,97,16,42,111,2,23,55
"gene_499",1375,1287,1372,1564,1987,1223,1143,1224,1553,1459,773,1606,1207,1173,1019,1175,1390,966,807,1546,1442,1181,1467,1944,1730,1607,1368,1868,1259,1342,1372,1305,899,741,1382,911,566,1205,2009,1099,1090,1021,1080,1421,741,1607,1410,1418,1837,1807,2271,2159,2329,1257,696,984,2362,921,1205,1892
"gene_500",295,561,581,534,564,230,389,596,232,496,511,485,436,518,495,373,518,277,424,905,574,248,689,204,331,700,533,389,357,436,454,595,315,382,390,392,330,373,557,246,588,520,414,440,559,266,338,440,546,614,377,470,522,581,404,370,473,204,350,531
"gene_501",2389,3186,3766,5148,4682,3326,2443,4107,7663,5832,1985,5557,3117,2680,3985,5231,4762,2356,4142,7768,4991,3777,4642,4389,3810,6968,3872,4832,5662,4279,4365,7187,4640,3651,4113,4427,1807,2364,8033,2442,4751,4814,3000,2454,3272,3843,4549,3386,5667,4075,6104,6902,4029,3453,5126,3370,5410,2328,4219,4637
"gene_502",989,1251,1206,1123,1075,617,1417,737,1347,1213,1278,1011,1315,911,934,666,967,658,1003,1104,1225,678,1134,1371,1083,1904,1121,1898,961,1406,922,1914,831,655,834,1055,585,814,2020,878,1039,1753,773,945,729,874,856,480,880,842,1309,957,1460,1078,986,1268,1361,842,773,1350
"gene_503",1120,597,553,910,841,569,374,416,678,477,884,1228,661,602,397,484,686,609,384,658,853,442,576,826,906,1096,418,765,933,785,551,675,304,659,536,619,545,354,1072,377,542,1348,511,699,632,718,497,453,681,980,820,730,564,863,735,606,960,425,546,883
"gene_504",187,283,487,96,568,246,351,749,108,1554,134,78,104,225,362,292,145,101,1322,414,155,85,351,52,200,125,1238,898,225,167,1193,831,515,473,166,736,1495,186,116,533,480,353,1777,96,405,11,402,1778,173,131,578,262,398,33,53,196,159,782,913,251
"gene_505",84,65,33,77,14,51,26,22,93,28,46,109,15,31,15,28,70,42,10,80,55,61,53,108,83,36,20,39,30,72,28,17,34,16,57,21,16,18,126,17,37,72,5,41,20,60,61,10,78,35,43,79,43,67,38,45,80,25,36,55
"gene_506",16,14,7,18,23,4,14,26,0,16,3,5,12,9,15,10,14,10,25,15,13,4,38,5,4,14,16,3,8,11,8,5,6,5,11,4,20,7,22,6,19,8,22,15,11,1,4,22,4,48,5,5,37,9,7,2,4,10,9,15
"gene_507",249,418,444,295,537,288,246,391,357,664,213,389,202,372,323,349,418,283,484,647,292,261,505,311,385,351,382,511,308,187,577,537,249,407,494,347,268,147,300,266,286,362,303,461,412,285,275,405,547,464,520,296,525,231,307,295,396,336,621,416
"gene_508",411,483,197,650,454,353,488,426,470,541,282,563,314,307,321,316,376,303,427,500,267,266,398,473,654,371,226,223,384,361,365,424,158,324,406,336,204,206,516,327,195,418,259,306,382,298,236,317,560,384,455,371,312,522,369,460,811,229,447,281
"gene_509",116,130,267,125,172,138,326,190,218,196,147,174,122,168,168,101,164,138,279,243,241,115,278,217,385,251,58,364,171,185,94,247,142,237,190,160,94,59,65,54,191,315,81,94,154,95,148,161,358,223,160,112,145,128,148,157,180,93,173,101
"gene_510",100,296,742,114,557,359,527,942,70,1689,74,130,106,358,269,136,109,74,1384,554,230,109,357,42,189,218,756,1409,279,81,638,1118,656,484,240,794,1355,306,114,649,923,196,1515,96,491,33,272,1176,249,118,989,196,562,40,35,193,165,835,1661,207
"gene_511",10,17,1,2,7,3,13,31,8,3,19,11,1,1,1,5,3,1,1,2,4,7,4,3,1,3,5,20,8,3,4,6,5,19,4,15,2,1,10,10,11,7,9,10,11,4,2,0,8,9,1,17,0,0,8,3,18,1,8,16
"gene_512",8,6,2,18,0,9,8,12,5,16,7,15,4,2,16,6,9,5,3,13,11,4,16,0,11,1,6,3,1,13,6,19,7,29,10,11,3,2,11,3,5,4,2,9,6,4,2,4,16,13,7,3,6,4,0,10,5,0,4,5
"gene_513",16,42,17,16,19,34,13,2,44,38,25,17,14,32,10,6,12,13,15,33,21,11,25,18,45,14,9,26,13,22,32,46,6,14,13,39,13,7,12,21,26,47,29,14,19,12,23,24,27,32,10,15,26,13,27,11,50,17,66,26
"gene_514",221,257,254,163,236,276,290,155,223,182,124,383,191,174,106,168,191,90,245,256,400,116,211,205,187,247,271,353,227,134,215,231,206,422,229,237,136,133,412,164,256,251,267,194,186,157,193,292,253,326,289,213,247,211,133,186,254,153,367,218
"gene_515",2292,2849,4002,2707,3008,2132,1946,2898,3401,2360,1979,1999,1704,2825,2122,1614,1639,1623,3723,4328,4069,2067,3498,2069,3282,4917,2560,3021,2057,3068,4133,5253,2045,3007,2984,4694,2152,1632,2369,3138,2606,3682,2986,1376,2328,2149,3183,2229,4877,2778,2095,2498,2771,3558,3557,2472,4286,2337,2777,2973
"gene_516",221,213,64,95,173,122,106,14,532,32,147,329,154,53,59,72,322,67,31,140,191,162,170,514,273,323,28,52,88,385,15,61,23,41,146,89,28,53,327,54,51,138,30,128,46,1066,126,23,225,231,72,186,81,384,407,331,308,18,49,208
"gene_517",66,104,91,184,77,50,90,63,120,99,73,99,65,67,41,42,78,48,48,60,73,58,102,134,60,78,58,148,56,103,70,20,37,43,69,82,26,39,85,34,58,92,52,117,63,124,126,46,48,129,33,107,44,133,104,99,69,21,79,48
"gene_518",23,75,59,43,66,25,83,16,70,85,37,65,43,19,44,43,36,31,47,40,43,21,30,59,33,68,35,78,38,23,77,40,21,44,66,58,30,50,60,42,63,46,43,26,37,81,38,48,63,57,88,22,17,65,50,22,49,60,42,60
"gene_519",2785,1544,897,1916,2604,1128,1478,707,4900,1046,1922,2088,1559,1708,908,1172,2097,988,763,1684,2125,1564,1865,4025,2565,3271,594,1040,1453,2938,1208,1332,750,536,1432,1133,744,1130,2117,658,709,2006,706,1669,1761,4513,2320,889,2047,2221,1168,4037,1452,3819,2968,2135,2802,522,976,3620
"gene_520",1,23,15,30,34,18,0,18,24,2,24,17,1,5,7,10,12,14,11,5,14,14,18,4,2,10,4,4,11,6,11,0,2,23,12,26,5,18,7,0,13,11,31,17,3,14,8,3,33,10,5,4,5,7,9,7,25,8,16,12
"gene_521",74,111,37,107,138,100,210,122,178,120,105,108,54,95,106,41,84,38,53,126,80,60,98,101,178,144,62,111,106,93,123,164,96,67,87,124,54,33,155,47,158,88,95,109,46,79,83,77,72,80,131,116,125,86,75,88,53,54,96,39
"gene_522",480,489,586,599,808,352,686,780,616,673,341,564,393,586,496,562,582,326,819,841,557,323,806,294,626,566,587,650,991,698,977,834,467,701,739,625,261,292,725,521,594,625,1033,504,428,395,383,1024,707,385,849,670,683,461,457,584,810,378,652,398
"gene_523",208,342,207,206,354,190,152,246,253,207,205,222,203,179,150,264,184,149,200,222,229,171,206,234,244,215,243,199,388,127,311,300,137,206,161,238,165,119,298,124,246,253,461,167,248,182,298,192,153,159,233,98,217,120,173,271,126,120,155,172
"gene_524",1,7,3,2,18,4,9,15,0,15,14,8,1,13,0,9,16,0,12,2,6,1,1,7,0,14,7,16,1,1,3,10,0,0,1,6,0,3,13,2,3,1,10,5,0,6,3,3,4,10,7,0,1,1,3,9,12,11,3,3
"gene_525",169,192,138,259,302,248,157,208,292,173,221,206,127,137,105,176,160,119,161,174,222,265,173,129,224,228,254,203,321,75,294,249,117,171,218,143,180,210,150,225,174,281,247,126,187,216,119,201,334,163,271,241,290,143,225,236,180,69,324,152
"gene_526",18,10,15,3,26,9,4,5,15,19,3,10,4,13,1,14,0,13,12,1,11,3,16,4,2,34,4,5,2,0,16,8,1,16,18,3,15,4,12,3,8,14,37,32,13,8,6,9,34,4,7,11,1,21,15,12,20,2,18,19
"gene_527",114,133,67,107,84,109,138,143,134,156,121,69,63,104,38,39,94,75,148,133,168,69,139,46,83,199,69,168,65,65,60,169,105,102,87,165,52,47,68,96,172,78,111,61,101,56,79,114,141,95,159,138,76,84,70,138,104,55,86,86
"gene_528",111,165,199,207,112,75,130,119,194,145,133,253,215,98,95,113,219,222,118,177,142,100,232,261,147,167,97,120,124,270,131,94,46,75,128,140,88,120,189,154,128,138,88,93,149,286,190,150,254,173,151,275,230,212,240,241,373,78,138,190
"gene_529",589,684,626,1144,776,474,621,620,1228,736,780,930,603,488,483,926,882,611,951,1069,1003,528,1339,723,997,1105,553,866,1132,1015,863,813,407,664,689,943,300,625,1239,602,706,864,892,629,547,553,600,711,1428,680,907,1050,1040,712,584,1041,955,390,1275,828
"gene_530",137,189,179,216,130,119,125,242,233,118,156,269,192,222,183,90,195,86,155,343,214,138,192,112,166,269,159,171,247,264,168,294,68,273,218,273,158,87,212,154,188,352,249,183,206,149,212,115,244,137,328,217,360,268,299,240,151,123,214,131
"gene_531",8,34,13,8,13,26,4,11,13,30,8,12,14,0,1,13,8,8,23,7,8,7,6,3,32,44,3,10,15,17,18,13,7,1,7,14,12,13,9,5,18,3,25,17,7,8,18,11,13,20,9,32,4,9,29,13,21,6,2,19
"gene_532",703,1900,1683,1287,2055,1319,1632,1613,1244,2022,1073,1704,875,1076,1015,720,1292,738,2629,1543,1413,1472,1135,767,1408,1602,1073,2457,1553,961,1365,2560,978,1057,948,1587,961,754,1808,1173,1470,1932,992,1283,1590,1213,975,1416,1372,814,1758,1255,2176,1270,898,1355,1419,680,1182,2155
"gene_533",14,18,1,27,9,13,14,4,8,6,8,4,16,12,2,10,11,3,1,9,7,8,7,5,1,7,4,34,5,15,19,11,1,7,4,8,5,3,33,10,4,8,8,3,4,9,5,10,7,3,16,13,9,2,4,9,10,5,9,41
"gene_534",550,334,350,347,675,412,577,499,383,638,291,795,576,392,554,311,400,176,452,719,362,303,722,413,517,563,502,720,674,322,229,575,442,447,363,463,195,245,629,189,310,556,533,475,425,327,196,393,633,639,939,367,744,452,346,415,662,332,554,573
"gene_535",977,1197,1036,1365,1340,592,1034,1173,1161,1519,938,1763,1115,1357,839,1002,1234,391,1367,1405,1757,1000,1182,1203,1369,1422,825,2267,1365,789,1712,1790,812,984,1357,1115,748,704,1411,723,1392,1181,875,595,1158,878,967,1487,1766,1319,1611,983,1930,661,1359,974,1032,634,1079,1007
"gene_536",556,406,330,620,622,498,402,267,978,240,466,463,422,319,282,427,924,304,196,907,693,560,634,827,799,481,198,347,539,789,345,378,202,333,349,404,181,166,761,172,246,533,304,721,267,1643,608,276,648,531,408,1119,441,999,1206,532,1056,133,359,662
"gene_537",16,2,11,12,19,10,16,1,6,13,4,10,13,7,3,5,10,8,10,12,18,6,10,29,19,22,3,9,3,3,4,2,10,9,18,16,12,0,1,18,4,2,0,8,13,19,2,5,19,17,11,12,6,37,14,5,15,10,19,16
"gene_538",370,411,540,207,1004,436,690,794,452,837,383,333,218,580,536,294,358,315,802,851,591,364,396,280,407,400,533,571,643,248,830,788,575,518,526,1060,431,375,415,598,936,782,1236,228,617,237,299,1241,711,308,1440,767,654,326,307,652,457,619,789,456
"gene_539",48,67,35,47,90,35,59,91,32,51,40,70,29,38,35,47,54,32,43,22,46,30,55,87,36,31,66,55,74,93,86,90,45,57,120,71,15,46,57,40,21,50,41,33,33,44,51,66,81,51,48,77,31,42,60,41,59,47,98,34
"gene_540",1073,2041,1334,1385,1421,894,1311,1106,1366,1367,1304,2153,938,1015,1581,1571,1290,1171,616,982,980,993,1142,1535,2534,1861,602,1741,1720,1618,1343,1033,790,1038,831,1176,687,551,1837,926,1025,986,1436,848,1300,1232,799,894,1509,1708,1481,1467,2065,1182,1264,953,1115,286,1013,1092
"gene_541",130,136,86,125,222,78,81,97,107,85,73,128,51,53,105,120,116,63,64,146,79,96,161,184,162,163,81,85,226,119,151,78,113,78,113,137,65,74,110,144,79,122,78,105,136,78,102,147,198,211,90,97,143,82,59,89,100,54,109,128
"gene_542",4414,4731,4054,3107,4920,5236,5723,5130,6264,8240,3494,6702,3729,5515,5706,2891,5265,3014,6735,7076,4473,3691,4459,5860,5655,6721,4040,8010,6292,3876,9247,7923,2955,6947,3639,4516,3804,3942,5901,5612,3786,6495,6392,4653,3768,4523,3577,4444,6245,3811,4438,6916,5141,5409,4894,5723,8049,3120,7616,6077
"gene_543",204,234,109,178,177,164,302,151,217,133,97,246,101,185,185,214,166,84,191,147,202,81,118,76,219,200,173,267,165,141,151,244,81,241,137,251,82,141,236,203,173,289,195,151,153,139,129,167,174,123,187,168,272,211,100,159,167,146,229,134
"gene_544",33,112,72,37,111,62,60,48,53,76,39,70,60,78,114,76,40,59,107,44,139,54,115,93,55,61,67,97,55,53,156,104,22,85,102,29,52,41,177,76,79,125,81,39,68,37,56,162,132,120,119,73,49,55,78,71,167,95,57,52
"gene_545",1573,2307,2113,1670,1655,2261,2302,1801,2149,2310,1110,1817,1496,1895,1156,1376,1018,1017,2081,1685,2792,932,1919,1335,1440,2017,1302,2854,2384,1330,2359,2138,1741,2361,1674,1362,1188,1251,2157,1432,1617,2627,2663,1386,1951,969,1834,1556,2421,2187,1141,2119,2202,1088,1051,1957,3116,841,3455,1794
"gene_546",4,12,8,20,62,8,9,14,21,6,4,23,7,24,24,9,15,6,8,31,24,4,5,27,16,18,7,1,12,20,12,29,14,11,9,33,6,3,20,3,15,35,28,3,21,6,11,1,13,7,9,6,21,14,14,36,13,13,9,8
"gene_547",741,792,421,737,916,345,708,497,706,556,434,521,387,441,461,351,453,364,507,585,470,300,495,636,666,488,462,639,659,540,334,706,569,353,801,552,325,377,742,296,370,611,526,700,537,286,587,376,564,486,423,607,441,712,496,483,1153,256,372,941
"gene_548",3253,4174,3876,3329,4816,4486,4037,4504,2915,3073,3046,4413,3334,3439,3056,4343,4062,3087,2389,4598,4135,2871,4053,3849,6920,5790,3603,5693,3010,4535,4655,3913,3735,2876,3411,3842,1989,4239,7284,2786,2174,4666,6732,2030,3408,4623,4876,4036,7451,3317,4786,4086,5640,3593,3136,3658,5163,1788,3807,3724
"gene_549",12,18,5,16,16,5,10,12,32,9,17,21,14,17,7,9,6,4,28,20,22,11,1,21,32,10,0,30,38,7,4,74,7,6,6,7,3,10,38,14,24,20,11,11,12,15,13,14,5,11,34,15,25,18,25,14,33,12,4,28
"gene_550",1119,775,1301,907,1379,859,1012,1070,1292,1030,773,1179,612,606,931,1025,764,820,1100,1412,1365,1151,1069,790,1153,1018,996,1277,998,1222,1373,1774,837,964,1011,1301,626,540,1159,878,816,1548,1533,904,1217,776,951,916,1171,1061,1442,1833,602,631,513,712,1185,560,1050,969
"gene_551",1961,2220,2434,5221,2910,2106,2344,1839,3375,1651,2454,3081,2377,4031,1993,2031,2894,1252,2069,3535,2762,2126,3208,2934,2786,3752,2404,2596,2843,3418,2993,3199,1355,1805,1924,3061,1082,1542,5119,1653,1276,4297,2166,1919,1957,2467,2166,1978,3618,3706,2670,1950,2902,3237,2581,2581,4102,1910,3718,3416
"gene_552",27,70,121,40,88,43,59,70,36,66,84,40,24,80,69,50,109,41,96,29,53,88,48,39,60,80,81,80,86,46,77,87,22,61,49,82,48,62,112,51,33,72,59,49,51,53,77,34,124,51,64,106,55,50,70,77,116,23,46,65
"gene_553",15,5,6,0,12,4,10,14,1,5,8,11,8,6,6,1,5,0,3,22,5,1,10,6,6,1,2,6,5,14,27,1,3,7,1,18,9,2,6,6,23,2,1,19,9,1,8,11,19,1,12,17,9,2,12,4,1,1,6,11
"gene_554",598,1125,1117,840,848,909,1065,646,905,1142,984,743,598,898,1068,643,1105,666,1085,936,807,673,1030,803,1235,1014,744,617,997,1132,1303,1050,328,868,914,877,528,930,1019,601,865,1551,1174,673,1120,1335,1033,1258,1151,852,1174,920,978,723,754,691,1575,544,827,876
"gene_555",62,45,24,31,42,23,34,14,36,38,33,28,26,20,19,33,58,20,36,24,38,69,87,19,33,58,31,43,18,19,18,13,36,32,36,19,22,46,40,27,31,61,39,63,31,65,17,27,51,46,59,76,14,58,18,61,62,14,38,44
"gene_556",41,43,81,74,71,26,27,33,42,51,36,57,47,49,17,51,37,44,28,26,110,39,39,36,34,73,38,89,36,55,76,100,42,61,53,36,17,24,22,21,82,72,99,49,24,60,58,45,53,94,44,56,48,86,64,46,51,18,44,82
"gene_557",284,372,648,355,877,464,676,614,545,689,353,392,330,539,371,356,482,305,764,715,574,224,304,287,723,446,692,1124,465,255,717,673,419,483,441,708,542,333,521,394,661,547,730,252,302,253,303,459,402,374,684,619,637,314,270,340,411,254,543,459
"gene_558",0,3,5,3,12,0,3,7,16,8,1,1,1,4,4,2,7,1,6,2,0,4,4,1,4,1,5,0,2,4,9,7,0,0,0,0,2,3,0,0,3,0,5,4,8,1,6,8,15,2,2,11,0,4,10,7,5,0,0,5
"gene_559",61,31,54,97,45,41,74,93,110,98,83,37,30,57,30,26,52,19,61,84,34,47,73,45,55,55,70,70,15,60,34,50,23,26,29,66,42,15,92,44,40,63,31,64,24,28,41,25,56,32,115,47,58,17,38,21,67,17,56,40
"gene_560",354,1589,853,862,1308,876,1060,1119,1275,994,935,1448,1085,859,542,881,1574,870,1046,1357,891,969,842,1082,1592,1657,1001,1052,1233,921,1468,1328,713,1249,962,1259,553,655,1777,871,1044,1569,971,508,941,741,1036,1308,1058,961,1093,989,944,701,939,722,1751,760,823,894
"gene_561",0,3,2,0,3,6,7,17,3,1,5,1,3,2,5,0,0,9,0,11,2,5,1,1,6,6,15,7,2,8,2,10,4,13,17,4,0,8,3,16,8,8,2,0,4,3,15,13,3,7,4,0,2,0,8,0,2,3,0,3
"gene_562",15,20,22,9,41,19,12,19,23,2,6,34,6,15,16,21,33,10,19,14,17,8,5,6,29,20,51,9,21,15,13,44,9,8,31,42,8,14,7,15,19,33,15,11,18,12,9,5,54,19,0,17,14,29,5,37,16,4,27,5
"gene_563",65,209,129,69,167,185,162,140,100,77,37,115,51,119,132,105,60,92,126,134,108,90,67,79,81,101,177,128,116,61,94,159,84,115,146,145,83,62,152,119,141,192,208,95,78,47,139,58,249,85,218,81,89,79,56,92,124,103,182,105
"gene_564",504,716,840,509,904,626,969,991,705,1166,510,459,551,784,543,408,434,394,1239,761,690,551,771,337,991,666,709,1205,804,570,1465,1470,541,688,791,808,933,374,990,1090,652,744,1241,457,957,328,784,1191,703,782,1265,781,1124,511,462,468,637,459,495,560
"gene_565",53,64,65,100,57,83,107,63,147,98,57,55,89,120,72,105,64,67,92,92,111,40,55,78,214,132,78,174,105,102,82,133,41,61,67,98,75,73,96,58,66,83,128,95,71,96,68,152,202,101,119,90,123,134,49,131,108,74,119,164
"gene_566",208,178,97,137,123,148,194,192,88,168,32,97,80,144,72,140,53,96,122,155,201,148,123,137,162,128,90,154,117,147,195,193,69,164,129,159,92,88,157,56,83,221,192,82,149,92,109,139,96,145,101,230,295,114,78,186,192,81,201,132
"gene_567",597,622,1003,752,532,1058,648,924,1214,1482,652,647,890,1139,826,917,838,425,1659,972,755,292,1116,760,894,1093,895,1641,1064,707,1438,1625,637,772,478,759,810,656,798,831,948,896,765,707,846,562,845,1553,983,1178,1120,1181,520,540,344,768,725,529,1306,1023
"gene_568",551,617,394,329,496,529,580,373,496,583,316,602,362,458,507,306,356,315,687,676,519,323,353,557,451,615,363,770,273,626,813,588,354,361,397,572,266,366,727,429,288,517,517,453,509,381,552,451,731,523,535,438,527,507,309,327,462,359,564,765
"gene_569",33,51,16,13,39,14,35,15,15,9,11,13,19,5,11,13,5,6,52,12,17,10,40,3,16,20,25,13,17,24,9,17,8,16,24,23,4,11,19,5,27,45,79,6,37,11,10,4,35,14,73,3,31,13,2,4,9,17,23,32
"gene_570",46,33,41,31,59,19,65,25,57,15,19,6,29,71,19,52,16,20,75,51,69,12,26,36,42,43,37,32,29,41,48,77,42,25,56,34,12,15,44,11,26,140,50,50,27,17,36,54,44,34,40,24,33,20,32,50,44,44,42,15
"gene_571",5,0,1,3,0,3,3,2,16,4,2,8,6,3,5,2,11,3,4,5,3,2,10,13,3,4,8,7,9,2,1,6,1,2,1,8,1,0,9,6,19,5,1,4,2,11,2,6,11,0,24,19,6,1,1,10,6,5,10,16
"gene_572",71,170,66,38,188,102,72,99,96,81,106,92,90,57,113,63,93,62,61,161,121,66,121,135,112,47,22,98,111,97,248,142,101,96,78,130,82,38,239,86,118,77,132,67,77,99,36,64,126,97,83,119,70,91,114,88,83,73,122,109
"gene_573",4,2,2,1,3,8,4,1,8,14,7,4,6,0,8,1,2,0,29,2,29,3,1,0,5,7,7,4,8,9,3,7,0,2,2,10,0,0,1,7,4,6,2,1,3,7,2,1,20,0,1,2,1,4,0,1,11,1,5,6
"gene_574",68,151,65,115,85,70,101,73,143,41,97,164,41,95,70,86,60,53,87,124,90,85,155,187,105,169,75,125,79,70,87,81,47,79,50,65,28,49,139,59,62,198,70,71,64,101,90,41,92,97,78,81,93,152,86,127,256,22,118,63
"gene_575",604,245,220,493,419,362,311,284,523,248,279,441,277,318,223,369,661,221,163,458,592,330,417,676,693,635,160,371,298,399,386,278,319,214,262,347,140,277,432,205,332,484,217,402,209,508,375,198,551,564,218,707,538,521,552,519,1074,107,538,656
"gene_576",185,220,207,96,289,87,149,192,158,366,163,97,136,137,172,202,112,141,270,249,199,147,171,177,240,295,324,161,271,121,235,337,134,269,175,357,257,151,308,352,236,266,412,201,148,203,324,267,300,302,308,220,256,183,203,252,261,165,124,412
"gene_577",8,4,3,11,7,7,25,16,2,4,6,1,2,8,5,2,12,1,1,2,0,0,22,3,1,14,1,8,2,4,1,6,2,8,1,3,1,3,13,0,1,2,0,10,6,13,3,7,1,1,5,10,3,15,1,14,12,0,11,6
"gene_578",73,56,78,60,103,89,48,70,97,42,45,74,38,59,56,87,43,32,54,49,93,95,56,81,46,71,101,137,71,82,64,168,53,71,91,56,29,29,80,42,57,61,27,103,37,93,95,91,119,62,72,158,79,94,63,60,172,32,79,89
"gene_579",4251,3186,3437,2214,3230,2334,1905,2229,2887,3601,2317,2265,2640,2787,1597,1849,2037,1596,2376,3149,2625,2740,3012,3456,3576,2950,2524,2434,3421,2522,3021,3031,1303,1645,3030,2599,2222,1623,3160,2075,1339,3667,1663,1967,3199,3310,2027,2551,2614,3084,2285,2448,3242,2704,2488,2616,3625,1562,2566,3111
"gene_580",2756,1938,1689,3611,2095,1382,1288,955,3948,1165,2908,2932,1792,1286,1373,1241,2799,1218,1361,1282,2939,1196,2160,4000,3125,2896,906,1180,1965,2869,951,2027,1034,1017,2205,1393,489,1050,3410,974,910,2814,802,2168,1143,4793,1798,860,3450,3207,1177,3695,1720,3731,3120,2864,2989,744,1819,3220
"gene_581",473,319,323,211,460,225,282,229,217,446,214,364,233,245,344,287,313,263,365,634,368,398,275,142,345,374,188,295,235,308,401,197,214,258,291,258,138,276,429,328,260,401,320,209,281,326,300,254,450,221,283,400,480,223,453,270,379,164,296,465
"gene_582",3381,4882,3289,4053,4330,3364,2796,3137,4559,4157,4233,5764,1956,3213,3622,3650,3671,1838,4686,5036,5073,3167,3639,4175,4936,5721,2391,6472,4275,3651,3778,2425,1474,2930,2331,3226,1669,2616,5173,2821,2642,4241,2074,3754,5010,5101,3344,2294,5528,4841,3469,7967,4541,4694,4833,3856,6938,2070,3560,3691
"gene_583",3644,3968,3443,4739,3682,4346,4833,3479,4858,4344,2744,4452,2495,4766,5297,2518,4112,2267,7856,6854,4654,3287,3183,4094,5337,4388,4683,4762,5625,8457,3243,6236,2508,3755,3842,3454,3433,3917,5260,3352,4711,6887,6458,3847,2497,4888,3088,3093,6533,4295,4535,4588,4571,3214,3116,4411,3281,2899,4970,5350
"gene_584",266,909,883,515,810,580,882,1319,288,817,431,331,326,1163,706,672,395,323,2022,885,501,293,773,291,761,538,1153,1608,778,326,699,1718,538,1147,482,951,1084,270,648,696,752,535,1895,361,586,182,575,1377,717,481,992,542,1006,238,333,493,506,903,1108,829
"gene_585",74,44,48,53,74,64,45,39,80,58,43,65,49,72,82,43,63,50,51,48,64,21,28,59,70,65,44,30,52,51,86,35,45,55,45,41,17,36,127,69,28,43,16,31,68,113,25,46,107,56,14,78,78,46,49,57,75,43,49,64
"gene_586",188,243,190,129,188,143,85,192,176,154,105,117,143,122,64,72,144,62,172,135,240,135,129,73,157,209,104,125,165,72,170,262,137,80,102,209,104,122,318,110,97,114,283,153,173,86,105,177,198,145,168,119,149,95,86,155,121,95,337,114
"gene_587",2404,618,700,3347,823,596,485,282,3697,301,1298,2488,1311,684,499,821,2150,879,227,1052,2126,1121,1142,5184,1497,2342,223,265,1317,2340,398,473,231,272,1003,673,201,503,2332,130,221,1360,155,1666,450,7537,939,211,2131,1120,504,2302,781,5169,2433,789,3114,162,438,2433
"gene_588",3966,3048,4568,4717,5326,4169,5436,5776,2613,6391,3652,2472,3471,3194,6387,2949,3324,3465,3818,5039,3654,3922,4236,4300,4364,3407,4089,7397,3252,4620,8002,6165,3726,4730,4545,5290,2476,2925,4715,5035,6431,3931,8615,3201,4461,2228,5166,6543,5992,3573,3936,3606,7286,2270,2590,3511,5945,3381,4266,2997
"gene_589",31,10,29,12,56,6,35,13,34,7,13,13,21,60,17,11,18,11,2,24,8,6,5,2,53,17,13,18,32,41,26,17,21,9,27,26,21,22,29,11,19,14,13,14,14,25,3,64,27,46,18,17,17,25,20,15,29,7,25,11
"gene_590",3,0,0,12,6,12,3,13,3,0,0,3,2,1,10,4,5,9,3,6,18,7,5,1,2,1,1,7,5,10,7,0,2,7,0,5,1,0,16,7,3,12,0,12,5,5,6,5,0,5,11,5,3,3,5,5,0,1,2,1
"gene_591",138,59,99,156,135,202,89,150,182,127,111,141,184,151,180,119,114,78,204,161,153,123,227,169,212,174,155,174,166,86,202,211,81,99,174,89,87,56,171,76,118,117,151,287,42,91,173,82,229,144,106,150,223,152,128,162,202,46,154,111
"gene_592",2894,3719,2478,2281,3328,3838,3149,2423,2643,3140,2237,3696,2549,2523,2478,2361,1879,1388,1853,3142,4295,1761,1963,2914,3499,2433,3652,3313,1894,1876,3709,3189,4005,2606,3193,3242,1621,1905,4245,1969,2532,3568,2856,1760,2204,3643,2349,2511,3102,2293,2944,3600,2434,1455,1685,2483,4472,1586,2363,2115
"gene_593",6,5,4,1,6,2,5,3,3,7,1,9,6,33,7,16,15,4,6,15,1,1,21,0,21,18,0,3,1,11,7,15,8,3,2,5,0,17,3,6,1,25,2,8,13,1,6,4,9,2,9,18,0,23,4,2,9,1,8,9
"gene_594",28,20,34,74,48,38,31,17,13,12,43,35,4,13,12,51,41,42,12,23,33,9,65,49,33,46,22,38,18,11,30,9,11,21,28,41,3,18,45,31,5,25,33,28,15,51,37,37,62,24,41,34,17,43,11,28,37,11,6,27
"gene_595",2,1,5,0,0,7,0,5,13,9,0,15,10,4,7,7,7,3,7,9,23,0,1,8,0,2,0,9,2,1,0,2,2,0,2,4,0,7,10,9,1,1,2,0,6,2,3,1,2,10,1,18,16,7,17,5,6,0,4,3
"gene_596",70,91,107,156,208,197,91,134,166,105,118,181,77,122,125,102,70,90,143,205,198,67,116,153,171,103,137,185,156,91,201,256,100,127,143,93,83,66,171,58,82,116,158,89,165,96,114,179,223,249,96,160,179,70,60,105,122,116,208,176
"gene_597",1,2,0,6,8,16,0,0,0,2,1,1,4,6,0,6,1,12,2,6,2,6,1,0,3,5,6,5,0,4,10,9,2,0,0,0,0,4,8,0,2,0,13,1,1,0,1,5,2,13,8,14,0,6,1,5,0,1,1,4
"gene_598",102,126,76,163,228,105,167,174,198,191,127,163,148,148,147,193,194,80,220,185,232,48,148,110,114,81,167,261,55,69,123,234,108,145,129,139,56,84,169,105,119,141,183,96,127,115,125,97,212,89,228,138,201,103,70,83,163,54,239,175
"gene_599",110,130,167,88,199,42,148,65,121,87,134,125,153,168,89,106,109,43,127,115,157,94,130,212,267,142,83,118,128,142,125,167,65,103,93,84,72,53,165,105,132,111,47,141,114,156,107,100,210,124,166,182,191,234,81,86,241,52,133,109
"gene_600",3957,5399,4287,5668,6124,5113,7175,4021,4328,6582,4980,4272,3259,4871,5518,3371,2850,3103,4827,6477,8083,4658,5286,4615,3602,3848,4558,6812,4373,4835,3782,5049,3269,4876,6119,3444,2323,1741,5049,2958,4109,6256,3727,6039,4066,4305,5630,3267,8236,5110,5664,7596,5010,4198,2743,5374,7227,2571,9676,6737
"gene_601",5334,4197,4732,4746,6135,4648,3080,4132,5714,7544,3057,4872,3511,4630,3280,3924,5275,3667,2906,6108,7061,3490,4184,4839,4258,6078,5432,4283,5341,4891,4674,4041,5350,5719,3798,4676,3465,2990,5723,3452,3706,7377,3458,4574,5082,3765,5425,5088,5971,6503,5554,5745,6741,3148,3680,4077,7115,3681,4630,4833
"gene_602",166,176,121,332,328,239,174,181,317,295,129,138,197,229,203,145,142,175,195,244,205,146,174,198,252,170,171,334,221,190,285,224,183,71,162,185,57,187,323,199,289,373,196,171,244,214,268,162,192,109,357,285,254,220,218,177,201,137,203,95
"gene_603",466,424,439,375,656,337,569,378,513,534,376,700,417,220,466,358,628,336,428,430,301,257,559,400,361,521,426,437,327,383,348,701,320,216,243,293,229,192,444,180,350,756,397,436,235,423,452,399,502,435,474,486,417,331,472,473,745,226,487,478
"gene_604",991,1059,484,922,815,568,698,390,994,397,974,1122,842,506,436,623,1330,566,311,407,961,774,708,983,833,1078,435,378,597,840,487,440,306,317,861,588,208,300,1104,360,353,1083,254,794,380,2305,295,363,834,996,447,937,539,1121,776,621,908,155,448,1055
"gene_605",2074,2595,1733,2423,3294,1628,2367,2772,2697,4516,2473,2298,2605,2947,2116,1759,2132,1544,3093,2257,5097,2537,2488,1380,2482,3309,2462,2459,2791,1718,3068,2236,1509,2752,1302,3639,1480,1147,3440,1780,3728,3020,4658,2353,1440,1443,2292,2674,3560,1926,3828,2018,2094,2746,1980,3267,1548,1407,2376,2075
"gene_606",28,37,24,70,59,53,35,91,36,64,30,75,33,70,57,67,48,25,92,62,51,40,46,58,55,89,42,96,61,50,64,59,32,40,27,67,76,50,99,59,101,89,60,75,57,33,44,57,68,61,89,37,93,47,33,68,58,49,107,27
"gene_607",588,540,662,403,640,533,594,528,626,718,675,512,653,392,492,253,409,548,602,816,955,395,840,457,826,735,398,616,356,423,786,631,256,695,518,586,322,423,865,602,729,1342,654,377,264,584,675,513,725,467,786,585,817,599,590,865,712,285,481,667
"gene_608",5167,4690,5343,5785,7618,4535,5301,4096,7067,7238,4809,3910,4490,3932,4011,3366,4329,5988,5001,6009,5226,3224,5124,5341,5388,4853,3910,3342,4855,6131,4044,6353,5117,5348,5562,4192,2431,2705,5922,4286,4282,5566,8742,3900,5417,4422,3036,3367,6215,3293,4570,5084,4106,2966,4264,5261,6624,3068,5259,5288
"gene_609",39,85,50,55,53,82,63,110,158,93,56,99,105,44,76,98,90,23,101,62,65,75,123,107,127,152,92,60,79,56,60,100,43,135,55,93,34,60,61,64,90,103,50,44,41,65,44,49,100,124,66,60,65,46,50,94,69,51,78,89
"gene_610",348,462,424,345,395,388,326,391,255,361,216,266,233,391,246,166,228,237,363,423,328,176,207,431,320,576,237,538,225,381,381,455,294,235,280,350,213,211,527,345,321,438,241,294,428,141,262,407,487,319,389,630,301,199,315,275,431,247,238,511
"gene_611",2990,2600,2500,2219,2808,2103,3609,1679,3382,2626,3036,2603,1575,1942,2545,1890,2319,1051,3832,2798,1723,1508,2331,2276,2357,2599,1903,3561,2371,1773,3627,4136,2375,2122,2021,2161,1662,1450,2672,2102,2481,3463,4304,1755,2162,1733,2309,3153,3362,2190,2776,2098,2475,1623,1866,3645,3680,1724,3661,3799
"gene_612",340,266,131,201,199,296,157,278,265,181,260,250,208,227,231,184,310,186,242,236,202,280,82,209,185,386,114,303,267,206,130,179,162,115,269,186,54,164,264,139,263,261,176,238,146,161,249,163,218,194,282,297,272,139,259,167,363,144,202,196
"gene_613",495,449,606,466,596,344,733,485,736,460,480,648,513,649,489,519,364,447,740,628,995,406,804,691,398,649,273,845,507,495,579,575,360,540,484,765,403,419,676,359,412,872,963,384,766,383,374,416,1040,329,691,429,609,759,530,717,948,468,625,807
"gene_614",0,9,1,7,13,9,16,10,5,8,10,1,0,1,2,7,0,5,2,23,7,0,8,2,3,2,0,0,3,5,23,5,5,3,4,4,0,5,7,4,7,1,6,0,3,0,2,0,9,0,4,3,5,0,3,8,8,4,3,1
"gene_615",18,10,29,29,53,29,25,21,23,99,33,23,49,59,25,48,38,17,78,38,60,29,69,21,56,54,22,23,60,33,29,38,36,33,65,64,12,48,55,11,19,38,44,60,22,10,60,29,78,20,37,32,41,54,12,45,53,27,45,27
"gene_616",3838,4715,3667,3698,5048,2697,2975,2920,3012,2726,3016,3577,2916,2012,3396,2945,2766,2826,3499,3864,4820,2336,4162,3762,4313,3782,1527,3261,2702,4197,3174,3906,1799,2893,4672,3703,2031,1783,5160,1578,3275,4545,3310,2950,4418,5675,3500,2395,4403,2949,4668,4742,2817,2171,2270,3438,4008,1609,3327,3594
"gene_617",17,46,71,38,62,50,60,56,52,78,47,60,41,81,41,32,22,21,23,57,68,51,69,83,111,94,66,44,53,40,122,79,118,43,39,46,43,45,78,52,59,128,143,37,42,38,104,91,61,74,58,83,34,29,19,65,44,27,34,78
"gene_618",5813,4808,5150,5169,5180,4741,5046,4628,6265,7152,3822,6037,3597,3685,5009,4082,6118,2621,6284,6892,7507,4135,5349,3002,6810,7464,5143,8851,5524,5808,5402,6329,4616,3688,4531,6069,5126,4741,5111,3415,3079,5138,4920,3179,3158,4391,2147,5655,5504,5407,6989,6499,4676,2947,5409,5192,8346,3128,5536,6822
"gene_619",119,134,97,92,191,84,111,65,130,103,113,129,75,124,96,83,114,117,89,86,200,102,111,105,94,196,79,116,64,166,163,123,85,92,159,122,65,72,158,94,61,101,116,69,114,104,202,154,122,189,84,178,91,89,60,82,159,120,166,131
"gene_620",72,68,44,46,113,65,62,34,114,53,27,93,69,76,49,28,25,64,52,62,55,26,78,32,69,59,32,63,67,69,52,60,45,23,77,95,45,21,50,62,30,71,87,75,36,97,83,124,49,64,69,88,58,21,43,62,125,17,171,88
"gene_621",41,32,70,47,59,91,44,41,82,60,60,45,50,72,59,51,68,48,32,46,61,40,47,89,70,84,45,60,83,45,64,36,86,33,65,85,22,49,92,57,45,49,65,28,52,42,87,53,82,52,98,46,65,36,54,63,22,57,99,92
"gene_622",12,22,0,22,78,29,11,5,18,11,11,9,4,22,10,15,14,5,26,33,14,8,9,4,15,32,16,15,47,1,20,19,1,23,15,40,11,7,25,22,49,31,36,10,18,11,7,5,18,30,22,17,29,6,9,11,2,13,17,19
"gene_623",3,9,18,14,26,0,8,17,3,25,29,7,9,0,24,19,5,6,22,17,8,9,11,8,1,7,10,21,6,29,4,13,4,12,22,9,31,2,9,1,10,14,2,15,20,8,12,22,19,1,14,16,8,1,17,28,13,4,1,3
"gene_624",701,507,868,860,613,591,806,498,693,574,358,664,446,590,428,394,513,579,269,583,839,430,594,787,660,585,307,520,530,880,920,479,276,661,520,478,405,353,589,325,696,784,264,654,533,794,664,367,924,758,717,769,525,683,482,465,964,305,522,406
"gene_625",285,344,288,287,441,429,265,362,382,404,390,450,191,257,267,344,312,92,354,333,384,191,413,252,337,202,272,292,293,255,418,362,260,229,397,492,165,274,452,310,260,384,368,149,353,352,279,489,383,283,250,447,430,226,173,298,440,224,470,458
"gene_626",26,10,44,20,36,21,24,43,63,26,20,47,9,43,43,31,48,17,35,58,68,22,28,22,24,59,29,84,27,27,53,22,13,29,29,34,13,32,135,43,23,37,12,37,22,107,40,29,46,55,28,57,67,70,13,51,30,15,22,32
"gene_627",1848,3224,2165,1747,2135,1495,2360,3197,1453,3232,2080,1904,1250,2091,2712,1668,1675,1160,2065,2531,2441,1670,2238,2478,1704,2381,1366,3202,1968,1690,2719,2624,1134,2568,1669,2633,1255,1248,1777,1580,2134,2788,1710,2906,1287,1302,1601,2540,3843,987,1882,2069,2480,1314,2015,1135,2219,2253,3244,2088
"gene_628",108,155,62,158,109,65,71,53,107,93,101,131,79,87,76,77,60,85,66,85,203,63,60,125,111,69,49,77,88,96,103,126,27,38,140,66,35,51,103,49,49,176,59,80,90,113,75,23,213,126,69,61,75,296,85,48,159,21,72,156
"gene_629",57,57,44,80,47,19,44,47,25,39,42,41,33,61,34,48,25,34,28,94,31,14,43,47,85,44,38,36,48,83,29,36,32,24,8,41,22,38,102,24,59,70,18,29,24,31,37,23,59,39,70,102,17,23,51,24,60,24,69,20
"gene_630",74,76,47,71,123,27,78,80,48,62,33,56,43,48,103,40,57,24,52,102,74,65,90,67,79,96,44,56,87,53,54,66,38,73,51,119,93,29,53,67,72,92,72,39,51,31,51,41,111,53,72,70,52,62,69,121,55,79,47,53
"gene_631",96,100,120,137,178,133,55,123,121,130,108,212,65,138,74,175,140,95,139,113,164,82,143,226,130,254,114,199,125,136,160,170,61,114,128,201,100,135,208,90,91,135,165,114,84,123,171,177,196,136,152,175,122,124,121,93,154,75,118,122
"gene_632",429,376,658,456,314,264,421,391,670,545,533,389,369,473,479,304,565,415,356,405,485,259,453,622,510,436,441,719,594,604,751,627,305,601,408,550,261,348,268,288,444,902,624,415,215,413,358,491,640,354,589,716,408,363,372,489,417,438,520,414
"gene_633",53,111,101,35,80,99,129,71,132,73,90,48,63,67,72,87,65,60,65,114,108,54,90,53,95,148,43,184,84,95,65,105,44,67,51,73,62,47,168,91,68,91,66,45,65,55,74,94,80,76,81,113,148,102,55,77,76,66,77,115
"gene_634",244,298,225,391,460,279,525,286,227,546,157,252,201,255,419,224,312,177,422,290,318,355,334,346,410,415,278,402,340,181,337,292,198,222,317,258,252,218,299,236,275,313,384,270,326,353,194,187,421,280,353,537,240,249,241,283,210,198,314,333
"gene_635",14,13,15,11,27,3,10,17,16,10,12,10,23,36,21,13,7,17,41,9,24,9,5,3,19,11,8,43,12,13,20,62,1,24,13,46,20,20,15,9,4,11,13,12,18,11,2,28,1,12,16,6,48,1,15,30,13,22,33,12
"gene_636",1945,1295,908,2899,827,860,1063,240,5495,250,1383,3897,1378,961,766,1273,3131,1554,369,1149,2378,2175,1245,5922,1734,2383,193,525,1019,2885,721,505,292,206,1339,486,190,611,3455,294,404,3125,126,1682,789,9172,966,290,2542,3012,908,3188,700,4619,2891,2197,2913,139,325,1939
"gene_637",214,336,723,333,369,191,566,376,403,313,269,437,252,444,242,385,358,278,560,530,641,463,394,441,296,551,207,432,285,396,495,537,247,374,262,363,374,401,412,352,305,522,332,242,220,427,239,310,563,478,644,384,437,301,348,330,536,213,409,266
"gene_638",351,224,259,278,215,232,98,320,348,315,130,263,189,176,227,194,287,136,293,277,263,198,236,187,196,277,205,353,315,168,282,313,253,275,124,226,209,166,90,219,189,156,377,109,217,197,193,387,579,390,360,304,272,292,248,143,254,198,276,236
"gene_639",42,32,20,30,5,24,33,46,28,38,16,10,8,41,31,4,41,9,12,31,47,15,28,20,80,16,19,58,32,32,21,20,17,14,49,23,17,23,26,24,27,24,46,8,35,23,9,14,66,48,39,17,35,22,16,43,16,33,56,31
"gene_640",652,452,495,650,689,752,671,1121,372,729,524,768,311,419,685,590,904,534,889,584,519,410,596,584,339,788,784,804,682,630,957,1158,434,787,431,1213,362,543,711,532,497,550,847,461,507,428,512,581,655,571,868,481,519,496,399,422,708,394,782,592
"gene_641",6,21,1,9,33,3,5,0,31,5,23,8,14,10,6,9,12,9,7,11,29,13,8,8,7,4,0,2,20,13,1,2,18,12,12,10,1,9,14,0,15,3,0,2,2,15,5,13,28,10,20,2,7,1,15,23,14,3,22,9
"gene_642",115,138,73,67,141,144,87,106,142,169,115,84,119,101,57,77,66,73,192,124,136,85,118,107,176,83,127,140,107,131,243,151,149,105,201,140,78,93,64,99,126,158,169,117,134,124,160,108,166,112,187,137,96,93,94,93,115,52,202,107
"gene_643",751,504,697,858,990,960,917,603,1393,545,611,992,994,302,723,539,1211,396,676,1126,1066,824,1065,1334,834,1138,426,552,632,1346,1039,850,428,664,1120,1004,411,653,1037,533,606,902,833,758,664,1268,814,717,1149,1033,648,1140,770,626,926,1011,827,279,733,1228
"gene_644",4773,4432,6007,3836,6002,4417,4886,6369,7114,4984,3578,6791,2635,5997,4098,4096,3965,4718,5791,6911,5109,2873,6755,5659,4314,3745,6276,10150,6082,4964,9260,8489,4230,5051,4046,6444,3673,3174,5520,4611,5557,4896,7782,5129,4415,3303,4960,3773,7246,4500,4998,5990,5877,3380,2999,5309,4414,3829,7902,6993
"gene_645",86,78,58,73,93,104,115,53,104,85,72,77,100,74,61,62,96,52,93,113,83,62,133,45,104,83,63,90,45,63,66,115,102,66,50,47,25,50,121,66,144,158,57,38,67,81,57,58,142,70,85,90,90,79,81,87,207,59,67,62
"gene_646",342,367,325,215,255,223,201,260,436,458,217,360,161,239,220,236,414,128,194,499,340,193,224,207,239,269,184,337,227,274,202,239,175,231,423,197,118,300,214,173,130,502,200,277,314,405,192,173,500,383,342,491,257,176,428,497,392,155,118,406
"gene_647",3169,3663,4629,3565,4914,2816,2447,4223,4151,4715,2900,3149,1830,2901,2987,2992,2890,1199,4356,4632,4188,1648,3129,1959,3908,5074,3089,4751,5153,2387,3717,4250,2333,2862,1784,5138,1560,2763,5448,1594,2597,2835,4242,2112,3504,2335,2496,3554,4581,3489,2962,3643,2822,3339,1848,2220,2115,3032,3296,3233
"gene_648",119,59,104,90,89,33,88,93,175,102,129,164,91,93,72,75,89,63,32,129,125,78,69,112,119,68,114,116,101,155,175,154,103,88,80,88,27,77,86,46,72,180,45,54,62,109,115,59,121,174,91,85,64,115,49,78,99,73,119,125
"gene_649",28,29,5,10,10,10,12,15,10,53,16,1,2,10,10,7,43,10,10,19,19,2,29,23,3,5,18,14,34,25,7,9,10,4,26,2,13,16,8,6,6,3,21,23,1,15,17,9,1,25,9,4,15,4,18,8,42,1,17,9
"gene_650",131,123,102,143,256,98,84,57,170,35,103,165,94,76,44,63,169,143,45,128,115,94,84,208,144,150,53,61,68,83,66,118,40,54,136,78,19,53,109,20,51,164,16,75,144,221,106,60,140,82,112,159,95,224,179,175,115,23,42,99
"gene_651",599,897,1443,654,1921,1129,1263,1997,611,2077,814,669,519,1124,986,590,660,422,3128,1391,681,671,937,518,731,784,1603,3409,1030,471,1356,1906,1349,1252,979,2036,1648,776,727,1548,1016,1044,2053,486,677,282,1147,1548,884,1021,1715,585,1407,406,243,1236,779,1708,1521,913
"gene_652",5,15,3,3,11,7,4,5,18,12,15,17,8,4,7,0,34,3,22,4,17,4,2,7,4,5,2,6,6,1,18,16,7,5,2,4,2,17,11,8,3,3,0,18,6,3,3,13,11,6,5,23,25,6,16,35,25,2,8,22
"gene_653",12,4,11,3,17,9,13,32,15,2,28,7,17,17,5,5,2,9,20,8,25,18,7,9,24,6,6,6,3,8,8,1,24,35,7,11,5,17,6,13,4,5,1,11,22,9,11,6,31,0,30,11,12,27,20,14,15,6,7,8
"gene_654",91,114,31,63,113,64,71,84,160,113,46,119,40,33,54,44,89,44,32,92,62,49,100,69,43,128,58,205,29,89,63,101,111,89,67,106,30,78,80,140,63,96,94,58,63,53,76,50,126,95,99,151,93,60,39,71,97,81,75,182
"gene_655",14,0,10,0,2,2,1,1,4,5,8,3,1,0,8,10,13,0,0,25,23,3,10,1,4,1,11,0,3,9,4,7,2,5,12,15,0,5,2,0,9,7,1,4,2,3,8,4,0,2,13,11,3,5,6,1,7,7,0,12
"gene_656",86,111,56,102,174,90,57,121,157,213,58,80,49,127,68,109,101,60,114,94,94,80,215,95,217,148,95,152,124,89,143,80,71,86,121,74,43,88,271,38,55,97,115,122,63,145,100,131,139,86,149,121,167,80,87,178,112,58,83,88
"gene_657",821,847,586,588,937,410,676,321,711,477,485,789,608,670,497,370,656,623,475,985,636,864,639,1027,1031,1184,465,600,630,781,770,535,291,430,571,640,282,469,1441,248,537,651,314,602,363,814,547,504,979,789,672,993,374,759,807,667,938,281,675,544
"gene_658",2,4,4,4,25,15,14,22,23,35,17,44,20,12,8,24,23,1,22,17,18,12,32,5,17,31,22,10,15,31,3,53,12,24,20,9,41,16,21,6,25,33,40,26,17,9,22,8,12,10,7,12,15,14,5,23,32,9,30,34
"gene_659",247,383,192,261,378,195,241,257,348,195,272,358,216,239,182,153,158,157,194,221,313,127,270,181,204,243,139,315,363,218,286,174,148,197,288,344,91,192,361,135,162,339,166,219,219,265,227,240,399,271,262,496,265,234,181,386,207,91,228,318
"gene_660",422,464,429,269,372,586,831,591,476,640,280,584,271,334,522,271,409,242,320,594,408,253,499,454,538,526,626,899,610,494,744,563,241,534,353,681,224,428,743,379,519,581,573,228,467,342,407,473,543,812,569,478,439,256,237,496,435,290,489,413
"gene_661",24,39,7,51,20,40,64,14,26,18,47,56,2,32,34,10,34,33,15,34,47,20,33,28,55,61,9,50,17,39,25,24,12,19,33,15,20,12,44,22,8,42,32,30,17,26,43,23,60,35,46,41,27,12,29,19,36,19,38,21
"gene_662",97,102,130,101,122,124,179,140,177,116,79,84,46,102,128,75,119,85,78,69,98,122,151,115,165,187,47,129,316,122,52,98,72,72,56,55,42,46,138,74,101,129,122,125,76,118,118,74,198,98,202,132,97,117,106,80,152,50,82,148
"gene_663",117,73,109,78,148,70,130,157,69,177,64,158,43,55,84,132,75,71,101,117,155,124,97,109,147,115,87,130,62,81,189,167,75,74,81,151,95,52,116,117,93,189,96,85,205,210,124,188,141,135,94,180,90,136,123,106,219,74,53,104
"gene_664",15,14,11,17,1,11,14,6,6,24,10,24,7,14,12,5,20,19,26,9,13,16,12,11,10,6,24,44,4,9,8,29,36,11,22,19,2,3,14,9,11,57,35,5,13,12,12,14,4,26,23,13,23,3,9,16,14,6,43,2
"gene_665",109,177,70,156,201,136,128,60,286,60,74,102,45,96,139,69,128,58,52,88,57,156,149,273,143,163,36,104,99,255,89,51,32,34,75,108,40,76,218,43,46,99,46,117,128,266,115,41,178,158,67,217,92,268,209,107,227,31,105,119
"gene_666",1328,1875,1817,1869,2261,1348,2659,2296,1559,2904,1695,2909,1233,1977,1529,1201,1286,976,1685,2623,2463,2216,2462,1893,3259,2737,2150,2551,2590,1219,3073,2323,1626,2080,1541,3138,1388,1278,1818,1902,1661,2019,2930,1040,1537,887,1633,2045,2504,2366,2087,1745,3227,1462,1260,1319,1247,1501,2818,2484
"gene_667",12,24,7,66,51,11,32,18,19,37,34,18,29,15,19,24,17,36,44,30,42,49,22,33,52,19,10,41,13,8,52,43,23,24,36,27,20,22,24,48,24,33,26,6,18,33,55,16,28,21,53,39,16,21,15,3,42,32,21,59
"gene_668",50,71,79,63,56,46,69,39,89,53,59,44,48,62,79,50,69,38,75,71,133,34,63,55,58,72,54,103,63,65,104,42,78,47,59,95,49,26,41,14,38,74,79,32,53,27,48,74,107,50,88,70,120,51,29,35,79,29,99,76
"gene_669",159,175,182,132,141,98,260,109,100,211,78,181,128,43,144,136,238,66,89,179,151,69,126,150,119,210,78,117,92,124,50,141,83,151,61,150,115,62,218,68,99,145,90,129,157,230,115,106,151,170,70,219,141,228,121,140,172,70,157,157
"gene_670",5597,4682,4702,5064,4765,5376,7151,4073,5480,5916,3339,4774,2780,5205,3779,3026,5480,3690,6579,6777,4148,4546,6872,4180,5046,5800,4778,6344,4252,4675,7138,3998,4071,4374,4785,4583,3361,2871,8523,3749,5478,10492,6463,4349,3007,2884,2924,5445,3984,4199,8885,7141,5154,4233,2791,4012,3895,3606,4169,5516
"gene_671",261,281,167,280,379,201,208,283,327,327,286,231,265,217,234,323,262,150,121,252,352,265,322,271,360,463,198,360,318,365,367,264,110,167,258,345,137,226,369,227,220,287,322,161,213,310,338,241,398,244,232,421,352,191,186,471,437,153,303,360
"gene_672",5,20,3,8,12,5,10,18,4,35,5,2,4,17,17,15,0,3,121,35,4,5,5,3,15,17,54,3,15,0,19,24,14,13,4,7,22,7,8,11,12,11,102,16,7,1,8,30,19,2,26,5,11,3,2,4,6,49,13,6
"gene_673",17,18,13,13,27,42,34,29,20,10,2,20,17,14,5,10,6,5,18,25,28,18,4,24,7,32,10,27,8,34,4,16,15,7,9,12,6,3,11,14,1,27,9,14,12,6,8,9,25,13,18,18,11,17,11,11,14,12,6,22
"gene_674",25,21,44,9,18,5,21,7,27,30,11,32,16,8,39,28,15,16,8,31,26,5,14,13,37,15,8,40,20,7,15,38,11,46,9,27,9,22,15,6,23,68,10,7,20,13,33,28,38,19,10,43,22,15,13,17,58,10,15,13
"gene_675",2280,2523,2026,2470,2216,1997,2215,2177,2192,2254,1255,2087,1947,2037,1283,1855,1329,1511,1835,2272,2706,1511,2331,1631,1988,1338,1507,1712,1553,3331,982,2677,1227,965,1675,1974,773,1541,3040,801,2042,2279,2362,1636,1183,1193,1956,1093,2693,2519,1920,2806,1940,2180,1746,1542,2609,391,1336,1920
"gene_676",5806,5815,4517,4537,11237,4139,5651,4161,8215,5366,6611,5335,4749,3998,5665,3347,5448,2862,3573,4549,5765,3648,4549,6219,6230,5753,3776,3978,5893,5994,4645,4603,4648,6514,3997,4567,2688,3943,6813,3926,4764,6949,3707,6235,5519,3673,5844,3783,6151,6459,6196,5654,4403,4225,3648,4212,9281,1978,4074,6218
"gene_677",4228,6851,4976,5796,7355,4102,8915,3791,8329,3720,4252,7623,4581,4545,4179,2798,6037,3130,3722,5549,7407,4343,5762,3117,6409,7581,3037,7290,7169,5915,4607,6021,3780,4730,3867,5700,2840,4119,10514,2732,3655,7832,2577,4141,4168,4582,3836,4280,3728,7350,6039,4822,6243,5994,5093,5982,6585,925,5496,6807
"gene_678",12,7,10,4,19,10,3,8,4,16,4,12,2,4,8,1,5,7,0,0,4,0,19,2,1,1,10,4,4,5,2,4,10,12,2,10,4,3,23,4,3,5,13,6,5,1,7,0,7,4,3,18,11,25,5,1,8,11,0,8
"gene_679",42,58,67,15,164,57,52,64,49,119,44,52,36,99,62,61,42,44,271,101,61,33,75,47,44,60,113,263,68,69,129,86,126,101,69,96,70,29,72,49,130,89,377,51,101,21,69,100,79,30,69,59,90,28,49,89,46,97,139,43
"gene_680",12,15,5,7,0,2,2,4,7,4,1,3,2,7,12,0,24,3,11,0,15,10,0,13,18,4,10,3,8,6,4,6,4,2,0,4,2,1,7,1,1,3,15,1,3,17,7,0,24,2,0,9,12,3,7,4,24,0,13,7
"gene_681",77,71,107,120,118,71,111,64,160,80,155,100,118,64,78,57,102,29,101,73,122,97,115,126,119,102,89,263,103,55,66,65,60,139,55,112,24,40,63,53,70,171,82,75,47,54,55,89,111,129,114,106,110,105,97,105,135,48,50,203
"gene_682",51,57,55,23,64,38,42,30,56,67,68,47,26,32,35,26,39,30,51,73,120,32,33,81,76,47,36,67,91,61,52,64,41,49,41,74,20,27,112,22,44,62,49,64,15,36,62,12,71,56,56,72,43,80,42,60,72,21,54,89
"gene_683",21,53,104,99,164,88,109,116,111,84,28,62,49,74,48,67,43,60,76,91,91,58,57,31,73,59,88,80,59,52,78,73,81,49,61,163,32,60,61,94,94,91,104,59,96,57,63,127,129,41,41,49,91,50,27,72,87,39,149,78
"gene_684",239,202,260,132,355,212,205,274,256,237,123,215,99,291,286,173,184,112,176,303,256,215,234,108,266,249,296,298,259,192,182,478,206,255,166,406,151,127,199,212,175,175,284,246,224,205,139,254,383,345,248,231,276,154,110,141,289,215,218,267
"gene_685",39,35,13,20,31,61,28,35,53,12,30,41,32,18,27,42,44,19,25,89,28,23,15,16,37,45,22,28,12,16,28,25,32,18,11,32,3,21,23,15,20,38,18,22,26,26,21,26,26,40,30,31,25,44,30,41,36,16,51,30
"gene_686",245,164,196,187,530,203,214,185,280,294,241,218,166,212,256,133,111,211,240,364,313,188,241,115,336,216,169,324,177,177,283,384,133,175,174,275,247,170,210,268,232,354,216,221,206,154,191,204,144,218,211,229,336,164,170,166,186,164,121,148
"gene_687",31,51,24,24,12,40,54,75,64,43,9,34,36,28,49,37,48,8,34,34,8,25,12,20,57,62,24,58,40,28,42,28,46,56,47,20,30,35,46,22,34,56,96,21,28,26,48,21,53,69,31,28,26,12,44,14,15,14,43,45
"gene_688",139,182,156,312,284,251,99,224,189,291,271,251,146,330,171,174,190,159,184,260,301,97,260,261,160,258,193,358,314,290,304,316,217,179,284,315,128,238,186,162,238,338,277,135,73,290,187,225,304,175,225,313,359,292,224,222,241,105,255,329
"gene_689",23,20,8,8,36,7,10,4,17,6,31,12,4,16,4,9,13,14,21,25,50,17,21,12,18,15,25,34,18,15,18,20,27,11,20,19,9,7,22,18,11,7,8,23,8,11,5,11,16,25,18,24,21,8,6,21,20,4,25,8
"gene_690",203,260,309,213,413,227,264,503,276,403,234,409,171,234,246,308,202,277,491,248,380,243,291,222,369,243,275,224,219,269,257,188,234,186,302,340,73,211,402,212,277,393,204,191,207,215,355,317,305,197,219,329,301,251,135,449,372,231,318,224
"gene_691",1102,786,440,868,922,632,749,922,1323,854,486,1430,531,671,835,686,1271,688,901,1058,873,552,1043,1051,1132,1262,787,900,727,896,784,862,566,392,684,881,471,577,1008,399,700,1228,705,800,914,1031,681,843,1596,1040,705,1023,641,1297,1275,1013,946,417,1140,1113
"gene_692",15,34,53,26,29,37,11,26,21,30,29,31,18,34,25,32,32,6,35,22,59,12,29,22,22,8,13,62,41,31,37,2,35,27,12,32,26,10,30,12,24,49,26,10,12,32,11,10,31,23,13,38,22,40,27,39,63,9,19,66
"gene_693",14,19,49,12,27,31,12,47,8,31,14,31,21,19,62,27,12,12,29,16,41,25,8,25,16,26,23,14,38,13,54,12,27,10,30,42,24,8,72,23,7,36,12,25,11,15,45,38,43,29,30,40,18,9,3,35,28,16,37,23
"gene_694",16,8,42,30,18,31,7,9,22,25,20,7,27,8,19,34,47,10,18,19,17,44,22,52,25,45,13,18,9,35,33,24,14,9,17,30,26,13,5,13,43,43,15,42,17,54,10,16,38,32,26,59,38,40,45,8,29,16,21,39
"gene_695",25,7,26,39,11,6,18,2,4,3,26,6,37,16,2,18,10,8,5,39,9,1,2,5,28,20,7,13,15,10,4,32,7,12,8,23,15,9,23,16,6,28,15,23,20,20,13,10,2,5,7,17,5,15,22,18,5,12,2,23
"gene_696",88,33,118,91,41,75,68,50,95,68,77,48,65,102,40,100,95,50,154,48,112,44,108,68,81,99,67,108,44,39,49,127,80,92,100,63,55,31,127,50,33,105,81,61,80,86,32,113,60,90,97,127,109,45,21,54,49,43,87,61
"gene_697",14,19,9,19,14,16,5,12,13,21,28,21,2,7,21,16,30,1,10,18,10,47,5,10,1,32,23,13,7,11,35,32,9,5,22,19,20,9,23,13,3,20,28,24,16,16,25,11,18,10,25,24,15,17,10,7,34,5,16,31
"gene_698",267,316,375,442,736,367,350,343,464,438,399,741,275,273,461,286,269,277,533,808,400,190,546,336,405,530,511,924,555,449,752,722,435,385,390,599,406,407,590,276,435,923,380,331,393,455,416,369,783,304,541,499,475,338,412,295,489,310,476,325
"gene_699",338,267,295,299,368,262,369,201,230,520,370,343,206,239,238,266,312,250,413,323,309,169,256,218,374,193,319,373,387,273,631,617,152,310,266,320,212,192,280,298,327,229,395,263,164,206,94,270,335,243,448,231,362,171,280,390,276,201,298,184
"gene_700",18,36,20,31,86,23,15,29,33,56,33,31,13,13,27,31,21,35,69,65,54,32,26,44,29,47,27,93,36,20,37,14,23,19,35,76,28,20,51,29,19,20,47,7,41,28,57,30,20,34,21,53,39,18,28,23,58,35,31,41
"gene_701",105,119,111,62,55,173,166,107,112,166,155,135,129,115,70,84,157,96,101,214,111,108,111,77,171,148,86,154,139,84,162,104,120,97,121,189,82,154,204,133,109,136,208,79,98,142,104,191,169,118,204,113,147,84,126,98,166,102,96,194
"gene_702",22,6,7,18,11,3,24,17,17,1,10,33,5,11,15,10,4,3,7,17,29,14,19,19,0,37,26,4,5,18,39,8,16,5,8,13,4,7,4,24,3,14,32,8,10,12,18,25,11,13,4,13,27,2,5,18,11,2,4,19
"gene_703",5,8,8,3,4,15,8,5,4,4,7,3,7,10,4,2,1,10,20,5,4,0,0,3,10,0,6,11,8,12,2,7,7,4,1,2,5,8,9,2,12,2,1,2,5,4,0,7,15,0,13,7,54,4,8,5,9,0,11,5
"gene_704",24,3,42,23,18,10,12,8,56,23,8,29,13,15,28,15,33,19,9,27,34,23,33,45,26,37,12,26,3,36,41,11,16,9,14,29,12,1,19,7,19,20,22,10,10,5,18,15,37,17,16,14,22,13,20,22,23,5,24,29
"gene_705",436,274,579,476,740,416,632,695,702,614,457,652,280,581,503,360,332,314,440,457,794,508,501,709,640,518,626,689,659,847,867,580,282,447,404,447,333,383,636,537,481,365,719,527,424,662,312,566,618,559,473,397,745,363,357,883,582,368,288,964
"gene_706",102,98,53,46,78,82,79,83,91,52,54,85,66,65,79,81,62,63,110,77,52,67,68,99,83,139,81,206,128,118,76,92,36,55,71,77,88,67,63,120,77,126,97,28,68,58,65,83,192,67,101,134,119,42,83,136,136,55,99,93
"gene_707",78,157,88,157,113,58,104,61,89,124,96,188,94,143,45,64,168,71,102,87,240,77,152,91,154,125,48,165,165,91,130,119,82,104,94,133,73,91,173,82,118,137,156,113,41,138,130,58,124,84,156,172,114,117,76,109,158,44,153,92
"gene_708",552,325,200,177,439,241,266,323,319,486,200,215,156,205,150,287,273,237,359,292,386,231,430,222,190,274,224,555,422,338,481,285,213,276,193,313,182,135,425,333,277,334,384,153,220,171,320,349,353,322,373,319,270,184,327,206,400,232,395,367
"gene_709",75,142,123,40,146,89,87,148,153,126,75,127,89,143,122,87,105,50,77,148,114,51,167,121,27,181,93,92,109,92,103,59,70,138,86,136,91,56,84,94,103,79,152,62,91,88,55,155,107,124,109,41,74,69,48,122,165,73,120,145
"gene_710",36,19,19,22,29,61,34,26,44,34,37,61,24,34,58,18,30,19,28,21,63,31,45,19,37,19,53,54,31,16,65,60,51,32,62,67,22,22,34,25,43,50,58,19,18,7,18,36,31,45,62,28,29,39,13,32,53,18,43,44
"gene_711",4396,4731,4022,5508,5100,3613,6853,5033,4131,5947,4740,5406,5079,5303,4324,3506,4246,4268,4087,5788,6866,3090,4823,3575,7802,6290,4713,8054,5747,3130,6030,5688,3122,3780,4411,4300,2998,3859,6173,2605,4971,3698,4138,3081,4046,6060,5601,4426,5252,5949,5887,5132,5614,3021,3678,3460,7229,2593,5088,4845
"gene_712",325,254,298,388,316,259,171,200,478,427,255,314,351,395,110,247,197,148,197,238,243,114,334,282,291,251,123,335,125,226,243,301,210,227,207,234,193,271,298,207,251,268,434,239,176,298,234,220,498,364,147,686,192,244,229,227,315,215,344,267
"gene_713",119,116,161,79,212,65,135,140,157,167,129,105,70,107,143,98,138,55,183,117,105,85,129,67,146,119,87,163,126,163,164,110,113,118,110,66,48,149,122,77,168,112,91,81,83,119,96,79,137,110,94,132,151,100,78,128,119,54,82,171
"gene_714",796,967,1111,983,1487,1091,1127,469,1195,902,590,839,1078,1006,769,771,1043,647,1250,1675,1412,560,1060,1050,906,1111,1082,1101,1019,1348,1044,1575,902,830,777,1253,992,342,1244,997,974,1137,984,688,919,626,809,843,1069,769,878,858,1473,729,647,1191,1167,780,994,601
"gene_715",53,11,14,27,20,31,23,16,21,13,6,27,30,29,59,9,20,7,46,2,34,57,22,21,43,20,5,8,62,14,15,35,7,7,17,32,10,13,14,20,10,29,13,35,28,28,15,38,48,17,38,37,16,19,14,23,33,20,37,17
"gene_716",131,60,51,159,128,138,82,48,89,71,46,76,50,103,134,74,76,45,94,70,72,52,77,69,94,97,78,67,87,71,68,53,64,36,78,92,25,72,74,104,82,101,37,83,39,41,79,105,237,80,80,103,39,117,86,80,77,38,128,125
"gene_717",10,34,32,7,24,15,16,36,2,25,9,11,8,33,20,21,20,28,26,19,22,11,26,3,8,8,44,61,4,4,20,44,16,20,10,20,19,5,19,12,27,14,30,12,23,10,20,11,19,16,62,5,17,13,5,30,9,20,31,7
"gene_718",142,91,153,133,137,133,73,149,156,142,185,152,147,82,209,108,155,103,175,309,287,127,93,124,237,256,122,277,162,132,175,161,91,89,167,95,115,50,201,98,167,213,185,84,148,102,83,113,298,115,170,195,191,103,174,83,148,126,108,169
"gene_719",837,1549,660,915,1470,1412,1146,1703,978,1194,762,877,691,1038,868,708,1283,943,1427,1686,1948,1298,950,1030,1346,1192,1270,1358,1330,842,1656,1654,1195,1142,1274,1521,827,752,1438,798,1332,1067,1843,709,1338,1259,783,1336,2015,1228,1081,1307,1083,1034,1105,1044,1379,842,1341,1658
"gene_720",13,35,17,11,42,13,9,4,12,4,9,10,8,26,11,14,17,9,21,11,21,10,21,18,32,12,28,19,13,23,30,12,12,19,44,19,15,1,22,19,2,13,12,8,13,8,21,8,24,21,11,13,3,5,2,5,45,7,17,7
"gene_721",3689,4303,3800,4776,9465,5864,5105,3678,6696,4781,5728,5725,4598,5454,4962,5546,2607,2972,4742,5158,5704,3284,4551,4878,3732,3417,4111,7201,5797,6692,5969,5682,2403,4011,4136,6787,3230,2129,5348,3030,5105,6067,6730,4909,4570,4992,3520,5928,8219,4039,5664,7862,5637,4458,4092,5084,5459,2582,5304,4063
"gene_722",1308,1485,1339,1358,1491,1327,1416,1162,1586,1484,840,1394,745,1206,770,1337,2066,974,626,1928,1952,1047,1391,1643,1851,1859,1046,1833,1069,1797,1066,2138,1426,897,854,1650,581,755,1142,864,535,1076,1068,1097,1158,1497,1587,745,1891,1063,1483,1385,1617,1076,1707,1539,1332,874,1154,921
"gene_723",129,135,104,229,265,102,281,176,165,131,218,146,156,117,145,164,236,115,225,226,119,158,130,99,223,187,111,156,98,223,195,195,87,142,125,191,100,120,110,78,120,323,174,140,141,123,139,150,206,149,196,136,170,116,69,159,286,96,289,225
"gene_724",55,104,74,57,73,54,97,68,70,70,43,43,45,72,133,82,100,79,71,245,74,62,129,30,85,141,67,164,99,127,121,98,50,83,45,94,48,59,72,61,72,162,92,45,59,92,58,40,90,68,124,110,129,105,49,57,107,51,106,152
"gene_725",616,566,315,520,904,464,585,445,502,727,720,593,784,386,537,223,569,412,626,649,804,446,628,629,514,830,528,800,642,639,520,631,531,525,516,426,314,645,702,814,726,524,455,741,227,686,405,506,628,680,645,792,840,331,385,540,587,566,528,528
"gene_726",6311,3905,2177,3064,7153,4655,4893,8433,5177,6246,2927,4719,3275,5611,4160,3103,2733,3597,4150,5325,5240,3231,5047,2974,4678,3490,5324,11967,5131,4514,6338,7625,3603,4465,4176,6633,4086,3135,6050,4152,4068,4412,7844,4782,4086,2892,5652,6491,6270,3364,8350,3973,6770,3836,4186,4246,4920,3887,5865,4317
"gene_727",343,441,618,383,665,437,599,461,464,514,306,441,180,347,409,533,481,171,476,711,487,222,614,405,469,421,504,876,481,390,484,752,434,416,448,464,184,302,497,314,493,528,364,475,501,396,366,833,602,214,688,651,399,337,327,446,489,402,690,551
"gene_728",61,85,43,89,73,80,103,36,85,27,31,64,59,73,51,76,67,54,126,89,84,63,26,46,79,101,98,125,94,51,101,92,94,25,76,111,41,66,38,34,50,88,66,92,82,67,37,77,85,92,66,25,68,64,55,44,83,66,110,60
"gene_729",35,75,63,45,54,42,38,25,85,52,91,34,73,40,29,34,86,51,73,24,62,45,55,57,71,36,59,36,63,61,56,38,39,21,44,55,42,17,59,10,54,77,50,93,25,22,23,72,107,60,39,37,96,43,52,21,32,27,50,117
"gene_730",1060,1602,971,1049,1138,782,1118,1077,741,995,1095,1067,874,923,917,1032,1097,1265,913,1327,1036,768,898,794,1082,986,1230,2237,1074,976,1587,1864,1176,1536,825,1927,811,429,1281,917,980,1061,1519,1268,938,1094,1537,1546,1702,1398,1700,754,1318,919,971,777,1523,573,1566,1332
"gene_731",14,19,17,28,13,20,21,19,31,4,40,25,29,6,23,7,56,8,11,13,14,61,44,81,86,77,5,13,13,29,41,13,7,17,8,20,6,15,46,1,39,34,10,37,28,86,28,7,27,59,20,24,9,23,11,26,32,1,14,16
"gene_732",1,8,21,14,9,12,9,0,14,8,6,16,11,8,11,1,12,3,3,17,1,0,20,5,6,5,22,23,5,4,6,16,0,12,12,12,0,8,21,1,7,13,12,2,4,35,10,2,10,35,5,13,0,9,6,14,15,8,17,5
"gene_733",237,119,202,97,128,78,107,131,209,192,223,182,80,130,96,107,157,51,149,112,172,153,158,180,128,191,99,142,140,87,142,225,65,113,135,140,50,112,203,97,101,109,113,125,115,176,111,117,148,114,62,107,107,163,125,93,251,73,102,116
"gene_734",4879,5263,3202,2513,5461,3730,3069,2746,2907,4990,3207,3151,3529,2474,4110,2898,3717,2820,3582,4186,4190,2692,3574,2487,5939,4191,5346,4702,4928,2969,5143,6355,3051,5958,3379,7387,2536,2710,6740,4476,3973,5743,5562,3092,4733,1920,3413,3439,7517,4956,5686,4887,5273,2551,3179,3058,5802,2946,4112,3360
"gene_735",92,224,229,117,277,144,93,166,195,240,171,151,90,136,206,66,162,201,265,107,183,96,238,137,163,134,187,245,129,105,100,137,112,239,145,132,70,107,214,95,206,274,144,197,143,145,157,248,233,214,178,234,207,146,168,196,191,107,235,300
"gene_736",6,1,5,2,0,1,1,2,2,6,15,1,3,5,9,8,8,4,17,2,1,1,0,8,15,0,6,1,1,3,6,2,1,10,3,10,15,0,3,0,3,0,4,0,2,3,0,0,3,1,9,5,27,6,12,5,0,0,11,5
"gene_737",31,51,35,37,67,76,105,25,58,84,24,27,61,57,24,42,56,17,68,28,82,48,56,70,61,28,38,63,30,45,83,52,14,49,42,47,37,25,43,10,13,70,50,70,44,47,64,55,20,62,48,34,93,56,22,32,56,55,47,85
"gene_738",379,462,328,231,733,329,315,598,463,549,191,287,284,339,296,389,281,153,576,484,429,182,332,400,281,524,462,1046,312,319,510,416,178,499,261,300,342,255,327,266,582,562,1032,335,224,227,290,346,341,410,442,380,483,282,317,370,367,303,294,599
"gene_739",247,211,290,319,388,176,206,213,405,342,219,357,120,198,212,305,170,139,275,287,381,243,314,204,250,205,216,420,132,153,265,445,207,185,282,408,123,180,273,201,144,304,331,191,516,175,174,209,192,251,296,206,393,142,252,151,419,156,330,227
"gene_740",4,10,7,1,34,11,19,11,1,11,6,4,5,7,5,19,1,7,34,5,7,1,6,2,1,8,34,26,6,4,26,17,5,5,7,16,57,6,5,9,49,8,32,1,14,0,18,45,11,3,15,15,4,1,5,3,4,12,17,1
"gene_741",722,859,696,900,1171,785,787,552,900,481,385,886,586,561,726,457,756,228,913,729,926,497,882,902,927,732,538,1492,855,709,665,979,454,582,487,945,678,396,663,608,416,906,852,624,373,661,358,777,897,640,617,1078,690,586,492,712,755,366,523,766
"gene_742",111,189,221,199,210,203,82,93,231,150,169,130,181,107,92,90,90,133,89,173,142,103,161,121,84,150,137,102,131,141,125,189,63,139,107,141,75,71,179,52,140,213,139,124,153,120,95,155,134,71,133,195,114,58,38,126,193,49,146,88
"gene_743",729,430,591,466,654,714,778,718,712,733,465,664,430,560,528,530,326,354,725,826,798,368,584,283,611,659,604,767,425,483,336,782,522,555,730,842,723,435,526,584,710,510,769,402,333,287,397,724,581,517,935,507,834,360,384,510,474,573,711,523
"gene_744",110,166,175,131,219,137,193,143,154,191,129,134,147,89,116,133,96,84,142,121,131,71,82,164,110,210,109,190,280,110,150,196,168,123,100,149,54,81,152,78,154,118,109,157,84,93,119,231,252,109,201,99,107,99,71,129,283,98,126,76
"gene_745",4,13,17,13,60,3,24,13,17,19,19,5,6,30,12,14,17,9,26,19,38,13,10,13,24,7,11,27,22,4,59,20,20,10,10,5,25,20,39,7,29,16,32,13,18,6,29,5,30,19,27,15,24,30,11,29,16,4,35,10
"gene_746",957,889,925,1080,1125,470,1220,784,886,1070,724,915,903,1081,686,739,911,473,1060,1265,972,658,767,922,1057,1429,986,1297,888,811,829,1462,741,752,959,590,628,399,1218,494,862,854,1063,611,1044,1242,1137,1183,908,780,1279,785,1276,705,529,602,793,532,1070,1000
"gene_747",6,2,2,1,2,1,0,10,5,3,2,4,2,1,13,3,0,10,30,11,11,5,8,0,5,0,2,9,5,4,8,11,1,6,0,21,3,4,6,2,3,1,7,0,3,3,10,4,4,5,15,8,6,8,4,2,15,3,26,26
"gene_748",7,32,7,5,23,7,17,17,24,8,15,33,13,5,25,12,11,12,4,10,12,16,24,18,23,10,43,7,17,9,13,53,9,15,17,29,3,7,18,11,8,44,31,11,12,14,8,8,22,14,13,26,17,4,9,7,32,8,9,11
"gene_749",89,69,65,69,90,77,82,76,135,101,102,87,88,55,68,67,79,94,67,152,162,70,58,72,74,84,106,108,60,58,79,62,82,150,64,85,56,78,108,73,65,101,80,78,50,106,117,58,119,51,115,42,164,99,89,135,107,51,91,178
"gene_750",96,133,189,193,334,128,93,132,124,194,105,181,90,176,105,144,73,120,199,266,207,161,119,116,184,131,210,278,172,85,430,343,59,209,174,198,105,127,242,109,231,257,140,84,74,179,122,132,218,171,193,97,310,176,97,158,196,131,182,135
"gene_751",82,56,58,87,104,50,55,78,89,41,91,84,36,69,38,61,109,24,51,66,56,63,106,62,84,73,80,43,120,40,87,59,30,52,57,69,41,37,94,25,78,42,77,58,29,67,39,62,107,94,55,131,20,50,63,35,163,34,83,60
"gene_752",65,120,87,149,117,81,105,49,150,122,177,124,100,125,63,102,139,186,138,166,184,93,86,164,120,60,91,215,74,99,130,119,61,118,78,35,27,129,201,78,89,203,100,110,96,128,182,117,136,96,67,206,62,113,122,232,128,67,303,148
"gene_753",1,5,1,14,0,2,3,0,3,2,2,9,2,13,3,0,4,3,3,3,5,7,17,15,4,5,0,12,0,22,5,4,16,1,12,5,4,0,3,1,4,22,12,17,0,4,0,4,3,1,3,0,8,0,5,14,19,7,2,8
"gene_754",58,87,111,59,150,36,68,90,118,214,78,99,86,95,76,64,103,30,169,140,145,105,84,85,121,158,179,82,92,104,174,104,52,58,73,138,73,97,119,78,128,148,168,89,151,55,81,80,143,83,128,103,271,60,72,77,48,63,132,48
"gene_755",48,25,31,39,34,9,23,6,34,6,15,38,12,12,12,12,92,26,12,3,45,28,39,85,38,18,26,8,20,22,4,9,14,13,2,14,6,14,29,19,10,24,6,13,11,54,9,8,12,68,10,19,11,36,65,19,37,8,7,46
"gene_756",253,240,171,201,460,190,163,264,303,285,269,293,140,246,162,177,295,119,218,571,249,291,251,406,239,107,240,355,387,220,255,353,126,124,293,289,142,161,354,162,205,246,267,205,308,232,194,207,496,213,197,280,282,236,215,274,376,139,328,190
"gene_757",5227,3415,1270,6904,3206,1897,1120,691,13430,516,3612,9691,2847,1491,1084,2252,4499,2517,506,2229,3323,6334,2851,9783,4705,5993,484,1283,2322,7924,805,965,826,1134,3425,981,497,1414,6009,693,1109,3699,593,5408,1511,18887,1504,627,5654,5761,1067,10003,2133,10666,7505,4703,8611,312,1098,5696
"gene_758",4830,4958,7448,5172,6978,4466,7093,2845,5511,5154,2767,6973,3658,6469,3969,4357,4826,3825,5348,5922,7259,4755,4390,4509,6382,5141,3613,5195,7319,4986,5865,5947,4465,4407,3817,5855,2451,4351,5498,3425,3575,4000,4294,5094,3440,5803,2934,6312,7532,4368,4772,6013,5716,4896,3537,5548,7164,2417,3997,5459
"gene_759",20,12,13,54,40,7,16,4,30,31,19,15,44,18,8,59,26,11,16,42,12,20,31,49,43,13,17,34,44,22,22,21,14,6,13,16,10,27,25,22,31,7,29,35,30,32,36,16,31,23,39,51,28,34,37,34,23,10,24,32
"gene_760",1031,976,650,1022,922,895,1629,827,1132,776,617,1262,755,579,1142,699,1218,477,648,987,1241,816,918,988,1287,1054,888,947,1005,979,1091,710,332,976,546,672,484,899,755,677,363,1002,836,484,1056,1155,935,860,1478,768,946,938,1443,750,815,905,931,478,687,895
"gene_761",15,7,25,9,49,17,3,15,9,23,13,54,13,43,10,11,24,13,33,8,45,15,4,17,10,38,22,41,17,18,21,59,20,3,11,23,5,5,21,16,7,32,12,13,13,6,6,36,13,9,29,25,9,3,8,6,17,3,6,19
"gene_762",1522,1950,2216,2104,3095,1466,1749,2060,1826,1361,1753,1931,1730,1043,2085,1211,1663,1221,1838,1687,1981,1209,2503,2450,1901,2174,1090,2093,1198,1817,1947,2380,1280,1543,632,1812,759,1527,2888,1598,2034,2741,1688,1440,1503,1791,1423,1656,2312,1452,1869,1966,2757,1862,1839,1408,2364,773,1654,2372
"gene_763",180,415,304,273,443,333,347,347,115,395,212,305,135,235,215,127,140,150,413,190,150,152,307,115,214,190,288,397,278,89,396,405,223,270,250,336,264,74,145,224,343,297,474,290,351,127,174,433,187,238,546,304,304,215,126,192,384,290,301,264
"gene_764",34,72,54,36,60,59,90,71,49,52,30,34,32,67,65,43,51,63,80,45,20,33,48,61,57,115,80,60,71,38,46,130,30,96,51,66,38,20,46,27,84,99,75,62,36,14,41,74,55,74,44,88,55,51,42,68,46,49,42,106
"gene_765",82,218,62,83,134,169,116,176,119,152,96,65,88,46,76,62,87,66,58,58,154,92,88,81,104,41,41,162,141,65,172,87,65,125,153,63,97,68,138,38,123,142,73,120,74,42,90,124,77,153,144,144,95,69,67,44,97,28,102,131
"gene_766",10,0,19,10,5,14,4,4,17,7,8,21,30,5,2,18,37,0,0,12,7,20,8,12,9,6,6,9,0,4,9,3,3,15,30,12,2,3,8,0,5,24,3,3,2,8,0,3,4,26,4,39,7,3,7,20,43,5,10,18
"gene_767",678,570,515,629,685,743,677,611,856,639,443,550,487,692,393,683,582,313,475,951,876,600,925,857,910,495,567,834,440,1084,743,574,304,470,356,715,336,406,842,427,254,828,576,701,583,786,417,802,426,592,550,713,572,763,499,530,930,224,449,744
"gene_768",24,17,28,15,25,13,12,48,14,22,6,5,6,13,33,6,59,6,2,37,52,12,9,26,39,29,17,28,20,14,18,49,45,14,20,14,13,24,15,33,43,17,13,14,36,19,15,9,29,33,21,20,19,12,33,37,41,9,37,27
"gene_769",12,30,31,13,30,27,13,45,7,16,25,19,23,17,13,6,48,10,21,16,7,10,59,43,4,7,40,25,6,28,12,19,42,2,4,78,29,10,21,4,34,15,16,11,33,9,56,38,34,28,58,22,31,8,24,12,38,18,20,22
"gene_770",793,692,718,629,743,701,643,723,929,1052,552,824,473,408,333,655,653,359,1041,739,711,511,935,602,1185,815,633,852,636,379,808,513,708,572,637,915,415,809,886,609,617,1340,821,703,891,411,825,699,314,491,691,558,616,621,576,844,794,389,687,877
"gene_771",1738,1764,1684,1272,2988,1686,1592,2008,2197,1673,2450,2123,963,1733,1638,1462,2500,1282,2246,2876,1936,1343,2335,3226,1569,2106,1279,1540,2810,1340,2142,2668,1291,772,1648,2159,1105,1776,1832,1379,1398,3070,2278,1582,1497,2215,1989,1904,2998,1679,1271,2267,1492,1169,1304,1812,2399,629,1954,2803
"gene_772",5,25,18,12,15,12,22,10,14,12,3,13,3,26,11,17,7,10,19,16,23,5,35,25,11,16,24,30,13,5,6,30,1,10,18,20,11,9,16,16,16,62,6,31,16,9,13,13,12,3,34,18,4,24,24,18,46,8,50,12
"gene_773",721,406,323,549,376,197,433,150,872,269,408,670,367,252,163,276,347,251,302,358,697,436,360,545,369,480,216,230,330,552,242,346,205,269,420,217,143,211,685,150,249,353,144,491,216,1010,319,191,365,529,282,835,220,831,541,477,612,157,264,295
"gene_774",967,1371,935,917,1150,895,1000,1097,1222,1110,652,671,714,653,400,565,674,520,1194,846,1009,836,922,489,1116,1076,1166,3173,1220,896,1116,1251,811,998,832,1206,718,691,1176,798,1006,1129,1040,720,506,734,553,937,1273,597,1525,912,923,821,894,1150,741,485,1421,911
"gene_775",5410,5141,4648,6964,5679,7534,3482,4300,5863,3073,3803,5939,4039,3952,3094,3991,5827,2605,3030,9065,5417,4379,7069,5885,6626,5112,2912,3611,5068,6876,6052,6372,3886,4446,6564,5811,4134,2939,4549,2577,4740,7903,4439,5241,3518,5246,7626,4041,4368,7138,4575,7221,8029,7468,6345,5843,5584,2035,4534,4327
"gene_776",1333,795,595,722,979,940,1302,477,1425,548,908,821,660,788,538,608,755,621,825,887,1067,799,1095,936,1281,655,462,708,663,1069,622,1052,449,546,726,519,416,395,893,417,648,890,463,561,706,1386,552,570,473,907,809,1192,650,1041,861,788,1075,298,588,1398
"gene_777",58,21,54,41,99,59,31,41,54,42,40,65,26,36,34,25,44,12,79,59,65,62,43,67,74,87,30,56,94,55,45,56,39,44,49,23,29,36,31,28,47,59,36,37,79,58,16,22,23,46,31,67,33,30,89,14,25,32,60,51
"gene_778",81,89,64,112,122,75,94,69,147,192,89,103,60,146,118,135,87,61,93,71,182,44,93,45,111,92,141,214,83,72,118,71,89,87,74,97,91,94,98,112,100,110,89,75,106,50,104,69,88,146,78,82,129,88,78,44,84,55,130,97
"gene_779",1211,1173,1097,890,986,1241,960,1115,1484,1228,669,837,774,945,1138,797,882,754,1514,1513,1126,712,653,1212,1326,1141,1220,1136,970,693,2140,1834,1003,1206,1112,1413,758,830,958,682,853,1828,1643,828,1288,995,1096,1156,1662,1503,1498,1023,1609,935,906,1122,1153,902,1426,1272
"gene_780",611,588,569,700,1187,920,504,572,636,733,521,595,540,850,661,959,589,492,919,645,1006,508,745,440,508,738,883,1099,874,403,890,1147,594,910,557,755,715,512,728,497,559,889,1268,549,874,555,567,735,1019,680,782,596,855,484,508,716,727,417,953,1119
"gene_781",52,81,48,137,39,82,69,56,133,69,42,120,26,71,60,52,128,50,143,82,94,101,145,107,73,133,45,114,74,65,107,132,61,81,99,164,36,50,127,19,71,97,63,71,37,85,72,64,159,81,81,175,109,64,65,77,131,47,107,64
"gene_782",96,72,55,146,124,64,85,100,97,90,101,117,48,89,96,67,98,53,32,63,190,58,77,112,36,128,55,87,136,119,98,151,73,42,112,93,39,84,81,89,57,170,97,89,66,185,94,108,84,83,154,94,102,113,55,87,159,33,89,108
"gene_783",18,39,12,3,5,11,32,15,10,12,40,30,14,12,29,27,9,3,11,9,18,16,23,7,32,46,30,31,21,16,19,17,13,13,11,37,17,9,34,15,4,14,26,17,3,23,12,9,46,10,18,45,21,3,48,15,17,4,5,40
"gene_784",220,270,308,361,358,216,406,299,419,359,169,356,206,137,282,139,361,157,346,302,579,270,472,379,534,347,194,534,280,391,268,252,177,243,210,270,248,263,376,212,249,190,224,241,336,478,369,188,406,302,336,351,218,370,124,341,304,188,270,358
"gene_785",1549,1255,1155,1982,1908,1032,1538,1873,1598,1573,1393,2148,1093,1499,1042,1979,916,1236,1578,2265,2030,1306,2154,1108,1568,1625,1259,3198,1764,1731,1459,1643,1228,1236,1581,1726,900,942,2914,1211,1604,1883,1547,1520,1403,1707,850,1453,1607,1342,1530,2664,2063,1379,956,2241,2058,1001,2165,2016
"gene_786",799,1174,1616,884,1311,793,1780,1323,969,1540,781,1114,963,1088,1004,1012,1115,712,896,1707,879,487,1132,645,1109,1647,1200,2502,1095,770,1170,2101,909,1781,804,1363,786,717,1018,610,1374,1364,1765,1084,945,787,834,1142,1597,1292,1188,1162,1340,579,385,1160,1170,1148,1609,856
"gene_787",1142,1744,1256,1544,1551,1442,1495,1879,1330,1292,1067,1206,1299,739,1060,1461,1423,1053,1281,1525,1109,938,1203,2148,1323,1836,1178,1444,1180,1894,2536,1511,1632,787,889,1664,929,1268,1980,1233,1377,2097,1411,1221,1079,1833,1374,1143,1360,1775,2414,1219,3216,1506,1092,1072,1808,855,1847,3549
"gene_788",1062,1575,1508,1594,2607,1226,1663,1779,1664,1808,1733,1576,957,1292,1292,795,1270,915,1508,1725,2149,1524,1737,1734,2184,2181,1071,1966,1898,2286,1670,1324,772,1582,1240,1758,1170,1338,1896,1426,1682,1134,2338,1600,1052,1934,1313,1640,1938,1049,1970,2271,1474,1514,949,1933,1970,621,1494,1624
"gene_789",2,0,23,5,6,5,1,11,0,6,2,4,4,0,0,3,2,5,8,9,7,15,0,5,13,2,2,1,7,7,0,8,0,0,3,16,0,0,0,6,1,3,5,3,0,3,0,4,18,10,1,6,7,1,0,0,0,0,7,5
"gene_790",147,68,44,247,56,22,52,13,345,17,71,189,169,50,37,67,197,100,16,84,72,85,60,476,118,150,12,23,33,242,12,36,29,27,80,51,10,54,191,17,49,55,16,206,16,769,31,10,49,104,25,96,32,335,184,53,333,6,23,91
"gene_791",1574,1664,1400,1654,3465,1394,2380,1393,1724,2250,1244,1981,769,1473,1810,1533,1557,967,2142,2059,1922,1600,2743,2026,2060,2045,988,3114,1716,1438,2215,2023,2341,2229,1932,1969,1087,906,3624,1662,1218,2036,1873,1376,1706,1472,1345,1426,2299,1874,2302,2574,1972,2182,1755,2007,4178,1192,1650,2358
"gene_792",10,10,23,11,28,19,8,4,13,14,19,10,9,14,14,15,5,9,24,4,11,5,15,5,4,20,6,26,14,9,6,8,3,18,23,14,16,20,27,25,15,5,3,7,5,0,7,50,13,13,37,26,17,19,27,11,32,22,11,11
"gene_793",180,153,56,68,200,141,129,149,124,156,81,127,39,134,145,127,114,66,90,163,137,53,133,77,83,100,77,221,249,97,110,163,80,61,93,106,73,82,173,89,193,163,231,130,131,116,106,106,222,133,205,114,127,126,118,171,172,112,187,106
"gene_794",10,14,16,14,28,15,25,22,18,53,22,11,7,5,12,11,5,6,20,21,21,1,56,10,37,57,17,51,25,15,30,36,19,19,16,25,13,14,30,25,11,8,32,11,26,9,23,20,13,9,19,12,9,24,10,10,19,23,15,21
"gene_795",296,536,653,796,889,628,746,658,599,1009,441,784,455,812,618,377,823,621,483,956,880,538,1001,589,904,789,622,698,569,763,752,947,579,642,446,1174,423,412,724,715,564,705,1115,450,544,430,613,967,1026,426,910,848,770,465,388,637,741,480,840,803
"gene_796",1759,3663,3857,3547,4425,3790,4615,3780,4422,4532,3511,4041,3897,3500,4142,3210,2358,3142,3755,4740,4518,2504,3393,5040,4822,5816,2838,5546,5257,3151,6476,4410,3250,3213,2907,3548,2047,3089,5001,2963,2857,4542,5156,2844,3196,4263,2354,2754,3515,3431,4232,4143,3418,3139,3510,3562,4728,2567,4606,4424
"gene_797",65,70,97,93,109,45,61,103,54,110,56,96,35,86,47,62,105,59,134,118,64,80,77,93,118,78,62,66,78,55,56,75,44,79,90,78,53,38,118,61,67,58,142,32,70,63,67,81,175,92,77,117,155,87,75,120,96,47,50,71
"gene_798",2209,2662,1507,2558,3332,2840,2750,2440,3248,2385,2366,2583,2389,2758,1677,2335,2315,1041,2916,3292,2990,1400,2210,3187,2200,3086,2957,4183,2341,2850,3331,4122,1841,1777,1664,1483,1393,2188,3015,2165,1785,4222,2603,2427,1602,1540,2017,2917,4215,3094,2606,3354,1905,1740,2661,2735,2926,1123,2839,3024
"gene_799",350,275,224,234,341,348,289,178,163,201,194,357,320,280,183,247,360,136,269,253,212,159,253,286,241,239,214,343,141,365,201,277,141,191,211,200,126,139,377,134,130,220,206,289,209,185,189,266,324,282,216,301,360,263,292,315,391,161,377,211
"gene_800",64,78,166,61,177,44,156,88,75,95,61,77,52,173,142,115,126,88,82,120,146,54,122,111,115,82,89,137,120,97,164,48,76,169,87,113,41,74,136,66,54,80,130,111,104,88,97,136,119,100,85,122,146,62,87,66,68,57,54,130
"gene_801",247,147,164,192,596,267,249,230,286,279,221,174,174,149,232,129,121,103,138,327,163,143,335,189,237,222,267,261,265,224,248,446,199,240,215,330,170,148,223,174,285,324,256,189,238,111,146,258,304,184,267,270,235,134,146,288,290,194,278,253
"gene_802",54,66,40,54,111,50,80,84,61,95,40,44,49,52,49,75,91,20,63,100,78,59,40,81,40,73,48,60,73,51,57,71,17,30,56,82,78,12,89,52,88,23,57,39,53,63,122,56,18,77,118,38,75,36,59,55,48,45,82,20
"gene_803",132,322,144,124,209,188,314,328,159,120,100,207,101,147,225,229,177,134,197,214,147,107,227,179,242,216,180,475,152,153,178,199,126,244,173,193,112,200,243,121,264,208,282,131,220,212,197,287,142,251,261,170,284,274,112,252,251,191,191,251
"gene_804",32,30,17,25,13,26,9,38,20,40,14,9,9,5,16,23,26,7,22,18,22,16,73,8,17,42,25,21,12,18,16,12,8,29,25,1,15,7,27,6,33,4,2,13,32,38,58,11,8,26,12,24,24,27,27,50,26,5,16,21
"gene_805",365,347,285,324,392,230,475,413,364,364,376,327,247,176,286,243,338,227,447,338,424,194,230,263,408,334,234,391,282,280,280,347,337,303,399,380,276,268,433,400,286,516,142,213,382,343,353,304,531,299,344,300,417,197,213,345,282,169,513,344
"gene_806",70,151,82,154,216,90,145,80,56,83,97,215,123,51,61,110,140,69,75,178,82,62,98,39,83,145,109,115,89,112,95,111,45,66,95,65,67,75,220,73,49,141,100,105,104,136,88,22,210,88,69,130,97,69,77,105,59,65,205,137
"gene_807",217,181,159,483,257,226,148,43,223,108,182,244,139,77,86,193,315,106,148,103,219,262,185,356,319,224,91,108,216,273,114,100,84,154,204,155,38,167,250,153,86,409,93,186,131,466,127,32,321,241,133,296,200,306,287,197,355,82,89,229
"gene_808",6,4,0,1,4,2,6,4,0,1,0,20,0,1,4,1,8,8,7,34,12,1,0,6,5,20,4,1,9,2,7,15,0,3,17,0,4,1,3,2,16,12,2,1,7,0,0,8,22,0,0,1,5,9,2,0,0,8,0,2
"gene_809",5140,5942,3571,3614,5341,5963,4438,4442,7221,5934,4693,3852,4838,5383,5233,4087,4060,3877,7670,6423,6853,4483,3909,5274,4710,6733,4535,5757,3286,2855,5694,4434,6112,4184,5014,6073,3467,5294,4777,6409,3563,6269,4454,3273,5044,5761,5248,3167,8777,5120,2671,5201,6360,4910,3190,5116,6538,3175,5525,5312
"gene_810",3939,2530,2647,3637,7166,2542,4939,3157,3953,4103,3402,6562,2492,2553,4420,2649,4205,2297,3342,3804,4785,2654,3672,3640,4799,4379,2777,3311,3712,3355,5517,4785,2676,3414,3486,5651,1297,2109,5153,2562,4527,3022,4633,4115,3433,3936,2884,3331,3137,4085,3358,4987,3598,3028,4271,3436,6406,2023,2843,5146
"gene_811",43,42,61,57,26,9,72,18,62,58,21,51,42,41,40,21,36,23,44,14,22,32,9,46,23,40,20,51,35,85,16,48,22,29,13,25,19,17,51,38,35,58,28,17,35,46,46,10,41,43,23,51,45,21,23,28,53,19,49,22
"gene_812",4,63,22,7,39,20,47,55,4,114,4,9,7,62,39,20,7,22,140,19,20,4,7,6,37,45,132,188,19,6,46,80,56,37,17,62,62,7,19,52,35,69,168,14,55,2,18,139,16,7,134,15,19,6,0,18,9,107,83,13
"gene_813",57,91,61,86,106,96,76,56,117,113,73,67,60,92,102,53,97,86,58,103,80,72,94,139,147,46,55,59,35,31,101,80,68,136,86,34,39,36,62,49,60,64,93,103,72,78,70,44,82,135,139,100,108,99,98,89,47,53,58,104
"gene_814",145,166,116,202,193,54,86,138,125,90,131,161,115,125,96,66,85,90,139,134,169,112,163,129,172,218,162,88,254,154,149,171,98,90,145,149,57,103,170,45,108,271,35,140,142,268,125,134,274,132,119,170,104,125,89,162,155,67,140,161
"gene_815",141,129,110,74,213,118,191,105,140,139,155,157,69,178,134,63,189,46,150,134,118,72,172,162,182,111,152,204,141,131,138,214,86,73,68,73,55,53,87,156,90,124,97,154,197,94,188,161,264,211,116,140,179,116,79,141,160,130,88,194
"gene_816",71,192,115,97,170,114,119,67,100,152,51,93,165,93,101,84,59,93,65,140,135,62,110,113,149,99,103,100,80,84,183,184,60,85,128,68,54,97,152,107,133,143,93,84,96,84,115,71,109,194,179,133,119,79,125,112,145,98,103,138
"gene_817",5,8,11,9,28,11,60,7,6,8,3,17,0,13,5,9,24,6,10,16,14,3,41,9,15,2,6,22,12,18,15,5,5,10,2,55,10,13,3,2,23,7,33,5,11,19,6,7,3,35,26,3,38,27,25,24,9,11,44,8
"gene_818",64,15,23,18,64,38,27,31,59,46,60,47,21,48,36,63,15,42,33,63,35,30,73,38,68,40,21,39,46,43,34,33,17,9,39,24,8,35,86,23,49,43,17,39,57,20,55,19,88,63,34,48,46,15,52,38,49,28,31,16
"gene_819",77,80,113,49,214,53,57,291,64,201,69,33,38,80,107,84,65,45,121,114,58,46,85,75,61,103,209,205,113,26,125,136,126,73,40,153,61,70,79,170,130,65,241,46,157,30,126,174,61,74,261,83,220,31,22,35,64,72,106,50
"gene_820",1744,1730,1984,1852,2621,974,1927,1575,1499,1856,1368,1060,739,1322,1218,989,1909,1088,1965,1850,1920,1272,1743,1235,1553,1657,1806,2064,1438,1535,2031,2608,991,1756,1679,1547,1463,1168,1698,1459,1089,1556,2435,1194,1825,1043,1280,1292,2531,1092,1976,1559,997,881,996,1189,1437,908,2210,2067
"gene_821",44,102,69,56,171,56,74,118,43,132,46,27,47,94,83,33,63,27,121,62,25,32,62,55,59,53,118,203,23,54,129,69,91,84,23,44,101,72,64,159,131,104,126,29,84,29,70,135,79,93,51,47,85,40,27,72,105,45,81,62
"gene_822",14,6,4,28,7,6,0,2,12,0,1,25,0,14,0,4,11,18,4,10,0,3,11,14,0,6,3,1,3,19,0,10,2,0,0,0,4,3,0,0,1,20,5,0,4,204,9,6,4,7,2,59,24,1,0,7,1,0,1,46
"gene_823",3017,2479,1586,4973,3181,2216,1714,1012,4928,1679,2653,3938,3107,1949,1847,2166,3273,1596,1108,1618,2722,3339,1698,4192,3331,4592,1034,1398,3317,5834,1615,1625,924,1399,1976,1870,1004,1134,3203,1124,1072,2954,1345,2902,1353,9072,1849,900,4131,3396,1589,2967,2637,5404,5688,2406,4346,750,1940,4665
"gene_824",146,121,208,169,293,134,253,185,135,262,155,151,212,190,218,261,313,87,319,292,280,90,155,147,301,283,399,244,188,176,289,209,279,188,106,266,157,222,246,220,267,375,332,194,295,139,177,255,332,86,323,239,204,119,143,198,213,109,120,237
"gene_825",1107,672,857,689,1495,693,523,577,1375,545,564,846,497,812,732,846,850,743,848,977,750,638,779,967,803,1126,491,949,810,1254,870,1057,538,539,702,1179,623,506,1601,693,703,1079,715,755,552,1146,950,978,1184,874,629,921,827,731,664,956,847,486,728,784
"gene_826",7,9,10,0,9,4,19,7,9,26,16,17,12,23,7,17,0,14,15,29,1,10,25,1,5,8,11,36,4,6,35,3,6,17,1,5,4,7,6,8,18,19,12,8,7,4,17,35,16,19,16,17,11,9,4,19,4,8,31,25
"gene_827",230,175,104,130,119,97,82,102,214,176,95,87,71,146,80,136,188,107,144,123,95,104,163,122,165,142,96,132,152,186,117,99,64,71,86,175,71,109,130,106,91,73,76,129,142,143,110,75,111,86,98,147,130,181,211,108,204,54,149,190
"gene_828",57,68,31,62,161,37,56,65,120,69,82,81,69,78,122,80,95,28,101,137,62,76,125,66,119,100,61,112,61,143,137,76,58,118,78,178,81,39,128,59,53,167,161,66,78,75,69,85,93,98,80,85,60,51,66,78,116,74,115,93
"gene_829",831,948,764,510,1390,504,755,816,1242,1370,605,663,526,734,916,598,735,611,875,955,818,656,887,550,840,748,918,1025,811,834,1194,1340,605,739,515,615,1038,705,698,729,760,845,1454,703,815,424,1177,848,1241,742,2164,701,854,642,714,524,1398,517,975,1189
"gene_830",112,179,169,122,195,73,217,203,124,190,83,126,85,122,59,80,106,79,213,277,210,68,125,141,152,140,125,199,146,110,225,181,118,143,107,143,97,79,214,312,162,130,127,89,157,81,172,115,196,196,121,147,117,53,88,146,111,113,99,192
"gene_831",237,168,56,232,56,183,155,38,445,31,185,502,340,147,51,96,405,125,33,116,276,91,188,479,152,341,19,74,136,378,26,54,64,34,118,90,23,77,192,56,33,129,17,302,47,1373,44,27,342,387,104,288,137,652,285,132,390,16,43,298
"gene_832",51,43,23,23,27,64,75,76,45,43,23,56,23,24,39,39,53,24,26,39,50,56,39,20,47,54,50,79,59,18,57,28,23,32,21,42,19,16,39,29,16,52,73,38,55,62,30,65,34,24,40,66,16,42,54,48,87,30,35,41
"gene_833",69,132,101,119,220,100,89,96,175,105,98,66,63,172,79,84,139,95,101,147,186,67,86,104,135,113,58,121,81,74,61,139,110,93,139,157,92,81,144,40,54,121,156,114,122,136,108,106,122,76,139,177,134,146,145,96,130,66,173,114
"gene_834",10,8,11,16,23,19,9,14,15,21,11,9,4,4,11,28,13,5,8,38,21,7,20,8,7,10,4,30,6,3,69,13,8,23,9,44,4,16,9,4,3,19,43,7,9,20,18,28,12,13,36,30,23,22,18,17,15,13,27,2
"gene_835",0,3,2,18,0,2,7,5,5,0,0,6,2,35,2,4,15,5,0,14,7,10,2,0,8,5,18,12,1,9,8,2,6,2,1,0,1,0,28,3,5,9,2,0,7,3,2,38,0,0,1,2,10,0,0,0,0,5,7,1
"gene_836",943,1313,1409,1395,1173,1121,932,856,966,1709,938,1287,820,1608,1144,1525,1416,1206,1443,1856,1440,772,2132,1057,1569,1697,938,1582,1242,1339,1469,1209,938,1056,1045,2028,839,806,1197,705,834,1390,1593,976,1101,803,1472,1328,1714,767,1227,1155,1164,1358,961,773,1503,865,1565,1155
"gene_837",62,92,79,64,201,56,87,64,166,64,119,147,63,120,126,118,119,51,63,118,94,78,81,62,161,120,156,134,132,86,58,159,43,71,89,109,32,126,149,78,61,162,84,98,67,161,97,98,159,114,135,117,48,92,122,90,79,69,65,125
"gene_838",5,3,6,3,1,24,31,3,11,21,3,22,4,2,6,3,1,6,4,17,7,0,4,1,9,6,7,27,0,18,7,1,2,6,16,1,2,9,16,9,4,6,12,3,7,2,1,7,5,2,3,7,1,11,7,4,5,3,7,0
"gene_839",5601,6988,3996,9273,5770,5112,3776,2500,8633,2947,5321,11327,4047,3509,5838,4099,5518,4709,2192,5766,11292,8813,6047,7606,9888,10450,2341,4207,5711,10712,4570,3021,2837,3566,4668,4380,1147,2725,12439,2032,3109,7075,1714,5837,3135,8527,5681,2825,9132,7530,4008,7958,6157,8985,8313,8001,15144,2242,3454,6044
"gene_840",19,46,87,10,180,25,41,144,18,128,16,28,16,88,49,17,14,17,169,131,30,16,57,6,20,31,162,221,45,12,332,143,63,162,41,178,78,41,17,93,78,31,464,28,83,3,37,150,86,17,122,33,109,9,5,66,27,210,222,47
"gene_841",1009,826,1226,738,1002,729,1308,911,972,1398,768,746,666,851,566,476,751,336,945,749,1245,611,993,639,970,1199,576,1108,428,693,846,841,563,877,658,836,431,596,520,521,580,921,1219,568,725,794,1025,1041,1002,860,930,1145,759,637,749,777,780,529,871,882
"gene_842",6455,4401,2958,4131,8669,5405,5163,4149,5627,2356,6492,5831,3785,5799,5106,3428,5770,2994,4093,7073,9360,2497,5466,5199,5585,10827,3818,9151,3466,3378,3540,4598,3679,2537,4609,4593,2162,4357,7051,4210,3865,6978,4435,4288,3125,6538,2022,3088,4572,8372,8343,6453,5710,5082,4311,4962,5126,3390,5480,6116
"gene_843",359,600,267,502,597,459,528,397,613,549,501,453,522,363,263,415,602,379,635,542,687,304,591,280,479,554,463,734,531,584,350,456,293,388,378,591,260,158,416,374,370,473,523,325,597,317,495,271,448,476,466,532,467,236,311,419,817,123,494,398
"gene_844",9,4,3,0,0,3,0,0,9,2,12,4,1,7,1,0,7,1,3,2,3,4,3,0,11,22,0,8,1,1,7,2,0,2,1,10,3,0,6,0,5,7,1,9,1,2,4,6,1,6,1,2,3,7,7,1,0,10,0,9
"gene_845",119,196,99,131,216,99,75,110,168,79,91,181,66,114,125,141,119,53,77,147,175,90,150,183,172,302,134,144,145,183,180,239,97,74,173,133,54,129,195,119,116,176,184,106,103,130,182,51,119,310,146,107,205,119,198,218,113,48,120,149
"gene_846",20,14,15,24,13,8,13,5,43,11,23,17,16,6,5,14,10,2,6,7,16,37,16,14,5,7,5,13,14,6,19,35,14,12,25,24,1,8,38,17,8,7,10,11,27,9,4,26,19,7,0,8,20,17,16,10,5,7,5,13
"gene_847",6,1,44,9,19,3,26,15,22,5,13,21,10,6,17,6,4,7,19,27,5,1,22,7,11,34,13,34,12,8,4,10,6,8,29,11,10,10,28,2,14,25,5,6,26,18,9,11,18,18,10,7,12,17,16,12,47,0,16,8
"gene_848",41,145,93,44,199,33,65,71,95,164,45,69,77,73,51,29,61,106,150,140,66,85,122,53,101,95,59,330,113,91,111,112,126,169,41,129,83,48,71,130,63,180,220,63,127,26,59,135,63,76,152,135,83,61,45,74,74,53,112,90
"gene_849",6,22,41,2,30,8,38,17,31,26,6,23,4,19,0,5,9,13,9,27,19,5,6,4,17,10,23,10,51,30,1,27,14,11,15,31,2,23,11,7,9,10,11,4,22,8,13,9,13,23,14,6,57,19,24,10,9,6,0,16
"gene_850",149,55,104,157,73,122,96,70,216,48,83,319,119,86,112,99,178,103,33,100,97,111,249,197,97,196,62,116,134,153,126,113,24,63,52,79,37,63,176,50,95,110,75,120,103,348,88,55,81,200,103,131,155,221,194,133,247,17,101,139
"gene_851",68,91,136,195,74,126,250,160,91,148,148,115,103,106,137,135,145,51,117,181,181,45,121,122,225,227,76,181,88,95,181,148,53,51,114,104,86,75,129,50,63,161,129,161,93,193,148,40,137,150,143,141,108,164,167,118,166,36,167,136
"gene_852",2574,3501,3325,2383,2986,2828,4347,3676,3207,2683,1453,3199,1823,2482,1920,2893,1960,1714,3545,3225,1999,2477,2605,2376,3928,3434,2897,5981,2739,2319,2937,6022,2122,2306,3885,3629,2151,2227,2596,2502,2831,3760,4143,1209,2675,1814,2485,4078,3605,3151,2764,3527,2884,1352,2958,2754,3365,1859,3325,3124
"gene_853",47,71,53,61,81,84,92,94,169,94,62,76,76,69,35,78,109,44,61,57,100,81,116,52,141,125,85,118,57,69,59,139,54,56,74,44,38,40,67,53,71,67,119,85,41,78,104,103,103,40,78,72,131,51,60,52,132,32,83,90
"gene_854",125,72,111,38,93,50,116,48,122,69,154,147,88,77,79,44,144,93,57,107,73,79,63,71,112,69,108,110,92,35,97,73,77,106,78,110,54,56,70,41,111,104,93,43,80,49,89,55,58,102,113,62,68,58,71,133,126,45,75,101
"gene_855",1116,2354,1748,1581,2624,1879,3035,2258,1755,3793,2201,1416,1661,2671,2391,2119,2131,1214,2626,2375,2042,1853,1770,1302,1928,2469,2188,2354,2650,2558,3643,4284,1511,2270,1053,2210,1614,1660,1929,1176,2681,2378,3583,1321,2004,1742,1897,2244,2453,2044,3658,3568,2009,1452,2250,1925,1466,1212,2643,1454
"gene_856",2451,2412,3357,1620,2913,1983,2635,2792,2110,1766,2568,2682,2264,1451,1654,2625,2902,1255,3607,2827,3006,1984,3411,2289,2138,2576,2036,3392,2770,2074,3212,2957,1937,1672,1314,2088,1016,1688,2789,1179,2687,2575,2715,1674,3300,2334,2420,2300,2718,3383,2042,2590,2111,1370,2705,1671,3912,1730,2494,1391
"gene_857",655,644,949,575,1360,443,817,593,872,609,760,958,665,320,504,525,708,525,457,985,1111,446,787,695,1020,1163,444,723,994,705,752,585,473,909,363,753,354,669,1521,597,484,580,774,963,407,616,859,400,1552,637,1184,866,638,795,1049,923,578,230,461,971
"gene_858",57,108,43,33,77,40,19,38,40,112,34,20,17,46,41,30,79,16,61,60,125,35,29,48,22,36,69,47,17,28,14,89,20,45,20,25,37,14,33,26,51,43,57,46,31,31,20,50,39,54,111,37,66,45,47,31,48,26,23,34
"gene_859",4548,7298,6319,4229,5306,5793,4908,2516,4130,4893,4198,6607,4072,4525,4117,4138,4874,3731,5662,5675,6214,4517,5775,4005,5684,6631,3368,6076,5571,5283,5362,5298,2255,4579,3959,5496,2377,2664,7590,3414,2293,7693,4083,4129,3929,5995,5338,3521,5945,5624,7129,9801,4933,5164,5037,5138,10215,1890,8630,5556
"gene_860",4,20,8,9,5,6,26,25,38,15,24,16,2,40,16,12,18,10,11,16,16,38,22,12,28,10,22,26,25,8,24,13,19,2,12,5,6,6,12,13,20,21,28,22,16,17,27,6,26,9,10,30,7,24,24,29,75,1,11,21
"gene_861",690,245,341,442,567,372,323,266,553,279,338,238,309,278,260,222,518,231,379,628,462,327,324,391,279,379,260,383,231,439,420,619,203,302,347,365,139,298,617,232,310,667,246,240,311,413,211,323,662,428,294,549,220,446,287,237,568,145,261,474
"gene_862",141,139,220,136,261,137,180,168,203,196,66,210,141,106,110,203,175,87,167,167,214,118,94,172,223,178,142,264,200,137,193,323,93,116,142,218,143,120,137,183,236,140,358,134,184,103,186,341,111,149,391,256,236,102,138,179,251,98,182,132
"gene_863",49,126,94,27,78,69,117,78,149,77,68,82,51,94,67,64,63,39,127,87,75,49,104,87,130,133,89,117,87,82,85,111,43,62,36,74,77,67,66,78,82,54,53,65,92,104,37,60,106,65,180,79,162,72,99,107,51,25,41,88
"gene_864",2034,1309,1403,1743,1309,1154,1477,888,1579,1189,986,1902,1049,800,1195,1235,930,935,1272,1491,2013,1333,2031,1913,1379,1576,843,1568,1637,1427,1685,1118,1155,893,1199,1329,462,961,1320,1210,758,1777,1119,1487,1078,2201,1243,1571,2165,1613,986,1957,1282,1858,880,1499,2453,822,1523,1803
"gene_865",15,8,28,29,60,14,36,23,37,74,40,22,22,23,13,11,27,21,30,35,44,12,57,28,36,37,42,45,32,30,28,57,27,37,30,12,28,10,48,26,42,62,40,36,17,25,13,24,37,37,20,46,69,16,19,35,24,28,56,23
"gene_866",559,444,488,398,604,429,760,549,600,349,434,380,325,360,320,358,358,354,427,367,496,469,280,505,633,473,309,696,475,510,550,411,358,240,330,533,134,218,568,364,382,590,475,431,312,343,356,270,746,324,340,621,477,395,441,303,685,217,416,396
"gene_867",47,71,16,33,86,41,22,69,65,46,7,25,19,29,28,37,12,23,33,118,45,6,52,41,57,60,31,103,47,33,27,30,59,41,49,50,28,11,74,19,35,48,71,9,69,8,55,22,57,36,56,72,61,49,41,61,32,39,34,62
"gene_868",4,46,24,22,36,43,17,13,22,18,1,24,12,28,21,30,33,27,19,34,16,26,29,36,39,15,2,49,25,25,20,14,16,56,20,13,0,22,55,18,8,34,21,11,8,12,9,6,14,14,30,73,14,21,8,7,10,36,11,24
"gene_869",253,69,21,100,53,37,66,29,107,15,130,192,58,38,46,24,192,32,21,62,85,174,106,185,69,119,33,31,72,202,21,27,12,14,66,26,5,36,110,16,12,97,16,35,22,284,40,19,84,104,38,373,33,227,126,56,220,7,6,132
"gene_870",55,17,77,35,76,50,50,34,95,62,57,56,40,35,54,49,56,23,103,61,51,21,98,24,22,43,26,45,85,49,25,94,19,60,34,41,48,45,70,38,48,114,49,52,50,33,45,42,45,65,67,59,53,64,41,39,38,26,65,32
"gene_871",1246,1134,898,1122,1212,1236,1335,895,1317,1035,481,1369,1206,1033,568,782,1112,674,831,1053,1403,781,848,934,1077,1514,1292,1594,822,841,1394,1563,613,1062,1079,1125,983,917,1270,822,863,1004,1180,979,722,1037,666,981,1410,1342,1349,1631,913,675,1104,1056,902,629,1184,1063
"gene_872",45,15,38,34,89,27,60,37,51,27,32,51,9,25,36,43,32,37,33,31,33,93,44,30,68,37,52,17,45,56,25,88,17,8,59,57,16,19,36,41,19,26,58,65,12,25,49,14,70,49,20,43,50,5,41,23,36,13,98,34
"gene_873",104,108,142,189,215,216,147,102,55,159,72,104,156,70,59,96,154,29,125,161,109,54,54,116,129,76,144,243,109,80,123,155,61,140,141,135,54,87,106,73,117,123,162,60,60,103,78,153,74,133,125,94,281,112,72,67,116,127,219,159
"gene_874",105,39,45,52,55,52,39,40,58,40,33,57,36,60,52,44,54,42,37,80,21,47,39,47,24,62,43,47,98,58,39,107,39,74,93,59,22,31,80,44,37,65,85,45,30,71,65,38,53,75,86,76,55,54,18,73,41,52,21,38
"gene_875",914,590,667,752,1149,1084,400,580,877,1115,895,624,722,849,494,582,599,620,798,957,1136,740,920,676,677,810,616,934,994,756,1440,1066,610,1097,887,917,411,409,691,613,651,1020,863,618,702,537,945,896,795,702,681,1228,680,725,954,796,1011,720,1015,1011
"gene_876",7,9,6,2,2,14,3,0,20,8,8,7,4,1,8,11,4,4,4,25,2,0,2,15,20,17,5,14,19,31,7,41,0,0,9,9,2,2,2,9,5,1,14,1,6,5,10,3,23,2,13,9,11,2,2,12,48,2,1,3
"gene_877",562,341,668,464,867,478,542,318,316,306,416,366,332,657,376,498,478,316,554,532,769,250,553,535,454,635,325,667,553,492,859,526,372,430,414,508,368,229,917,448,524,479,409,480,447,461,449,877,624,419,865,757,509,513,448,427,581,227,758,659
"gene_878",324,316,186,339,631,465,290,514,294,541,195,217,386,508,245,234,330,259,605,396,541,326,353,209,223,325,302,520,307,357,494,661,324,375,255,454,265,362,237,303,477,513,393,173,351,187,312,562,347,286,688,466,680,168,227,302,559,241,657,393
"gene_879",757,679,1098,961,1559,921,1128,856,586,1228,789,811,610,1111,955,777,713,593,1040,1828,806,770,1336,640,1114,1376,839,1434,1331,636,1159,1485,599,907,739,918,530,906,1067,1185,1092,1111,1552,711,919,482,777,591,1142,1258,1276,1037,962,696,736,1002,1072,679,1166,976
"gene_880",53,105,121,125,161,195,113,109,80,245,109,136,75,74,100,45,123,34,110,146,106,71,190,95,118,178,114,83,128,95,153,80,50,89,67,135,48,91,110,64,112,208,151,116,107,84,60,138,203,105,159,118,194,80,58,121,94,44,72,145
"gene_881",214,336,159,468,297,212,327,222,487,231,288,188,331,347,261,147,314,239,353,414,290,291,398,340,401,329,238,700,396,252,357,412,315,243,265,459,142,219,300,199,325,450,344,399,228,131,203,351,398,295,415,575,405,420,289,392,476,190,258,528
"gene_882",68,99,141,89,137,112,98,66,94,87,110,137,100,89,124,73,182,82,144,103,93,118,119,225,124,149,79,129,138,148,122,102,77,85,144,54,50,88,127,68,145,127,144,89,114,124,125,160,134,77,125,144,108,96,87,142,131,72,243,153
"gene_883",31,58,32,83,39,21,46,24,30,26,17,35,32,47,52,30,20,37,27,18,27,36,35,36,13,30,19,7,23,34,35,33,3,25,22,27,13,5,53,27,18,18,33,23,30,22,22,18,34,30,52,39,24,23,30,13,46,19,46,51
"gene_884",55,90,78,78,102,78,77,170,62,230,57,84,66,134,146,49,54,70,336,129,79,88,145,34,69,64,170,358,70,87,233,198,79,141,83,117,43,69,72,80,113,86,126,57,96,20,66,129,96,78,177,36,90,40,31,64,66,71,185,81
"gene_885",220,310,396,377,386,267,390,325,473,269,277,225,252,230,245,433,265,194,317,292,357,378,454,384,489,365,293,340,310,314,149,367,142,284,277,536,180,192,569,147,383,308,319,351,232,310,394,280,413,401,313,389,310,330,210,317,462,109,311,279
"gene_886",500,421,511,377,632,582,449,465,406,419,394,235,243,328,347,244,305,286,318,322,466,193,412,304,495,419,416,433,579,452,603,634,185,287,412,548,448,356,610,284,434,863,635,345,504,319,434,545,663,380,353,278,436,151,500,271,346,270,296,345
"gene_887",698,639,619,484,1112,567,1016,736,1325,779,543,642,595,708,926,714,530,526,1025,779,1347,785,1084,872,1087,842,632,959,710,725,1572,977,572,880,679,766,384,363,782,502,564,864,636,783,721,628,1409,718,805,642,834,1037,554,733,635,907,956,522,600,817
"gene_888",312,210,245,297,247,278,223,224,241,156,122,352,145,115,106,118,201,264,191,242,225,212,209,173,215,377,180,331,283,273,180,401,111,122,246,198,124,122,225,124,161,86,299,161,134,258,207,212,348,141,197,276,338,191,125,208,325,200,302,227
"gene_889",440,313,446,224,421,481,524,719,455,555,273,367,293,354,247,343,445,196,472,556,495,443,451,394,377,396,411,787,404,364,659,896,214,429,408,402,309,337,400,358,645,427,900,221,474,388,253,361,449,423,343,328,579,315,352,461,454,281,651,342
"gene_890",13,16,20,31,36,34,29,19,16,25,19,68,19,15,22,18,36,4,15,2,15,6,19,26,12,36,6,14,10,16,36,28,15,39,17,20,6,15,7,6,5,46,21,34,8,59,11,24,10,25,19,44,19,8,37,11,38,0,15,24
"gene_891",44,33,10,28,26,18,26,3,9,14,13,23,12,10,28,28,17,14,7,46,16,16,13,13,10,13,17,32,13,12,31,28,24,9,33,16,2,5,18,25,10,10,28,28,18,8,1,12,23,22,6,24,14,19,7,36,19,19,38,17
"gene_892",89,92,234,104,220,156,111,208,105,142,79,94,40,203,100,112,127,105,117,106,98,65,151,182,182,201,180,246,135,74,163,247,65,187,145,204,142,83,178,166,94,160,150,47,79,63,48,181,213,137,265,120,269,59,101,113,145,94,223,134
"gene_893",2,8,15,11,17,3,9,13,15,17,22,16,29,12,2,14,17,6,23,19,17,0,13,18,20,8,35,30,44,17,11,8,9,13,20,14,7,5,29,4,11,9,10,28,29,6,12,18,20,16,17,19,5,19,17,12,49,12,40,21
"gene_894",11,17,11,32,57,4,12,35,5,6,5,47,12,13,7,10,11,19,35,21,41,8,19,1,23,25,25,36,24,37,11,10,7,6,6,24,16,11,43,2,25,28,20,15,16,31,3,2,34,5,4,10,27,6,7,28,10,11,24,7
"gene_895",112,77,83,101,129,77,142,47,173,61,54,79,75,70,68,78,65,90,104,124,158,49,140,75,80,146,124,131,104,149,141,147,103,79,105,131,73,72,241,89,86,190,91,60,89,93,119,111,230,69,94,115,118,116,41,102,113,119,92,126
"gene_896",67,45,56,27,77,64,153,49,46,85,70,75,37,67,89,70,81,44,73,153,97,30,82,51,78,58,165,115,52,57,152,99,20,127,20,93,34,62,66,81,47,94,191,26,48,28,138,111,96,72,89,117,72,40,37,78,33,49,65,62
"gene_897",34,10,14,14,32,5,39,21,38,28,8,11,9,37,45,14,29,15,46,19,22,6,23,23,33,20,6,10,10,22,6,21,24,17,7,21,5,11,43,47,16,32,27,12,5,30,34,12,19,40,6,12,24,6,36,19,17,16,28,46
"gene_898",1,1,22,2,9,9,3,2,6,2,3,12,9,12,7,23,0,3,3,9,6,0,5,8,12,4,4,4,5,1,9,2,0,2,9,1,5,2,3,1,3,3,7,0,2,1,10,2,15,0,1,2,0,4,4,1,14,2,1,1
"gene_899",19,0,8,2,16,12,4,25,1,8,6,18,13,5,2,5,13,3,3,12,3,2,12,8,18,16,7,16,12,4,12,23,2,0,1,3,15,1,11,8,2,20,16,10,0,0,0,7,9,5,3,11,22,1,10,8,26,1,6,19
"gene_900",3166,1247,1021,5379,2675,1191,1624,440,5017,413,3474,7489,2754,734,1220,1517,4306,2183,606,1707,2792,2378,3484,10894,3452,6097,537,684,1437,5735,690,623,477,831,2011,1148,302,1389,6231,733,719,3713,306,2977,956,16529,1025,629,3898,4251,1213,6307,1213,10978,5762,3153,4884,233,699,3699
"gene_901",83,334,551,75,726,526,409,1195,96,1759,183,152,114,351,407,204,91,111,1813,376,187,92,308,69,148,273,1311,1844,481,139,1420,1054,513,509,254,995,801,135,158,726,1033,471,2210,119,492,14,212,886,356,174,684,145,395,45,43,216,181,1002,1156,161
"gene_902",22,17,2,6,21,11,17,12,9,10,20,9,13,10,24,44,17,25,5,13,20,12,7,31,85,6,10,74,16,37,22,20,18,16,5,21,33,21,5,9,21,42,15,5,11,7,35,22,39,7,40,19,25,25,11,26,4,14,23,17
"gene_903",57,50,36,75,83,23,13,18,117,56,50,56,52,51,48,32,40,14,52,45,59,43,18,44,23,33,45,42,66,31,15,33,6,75,42,50,44,22,90,31,44,103,30,30,26,39,44,38,69,89,33,85,39,47,62,50,17,8,42,44
"gene_904",3089,2318,2865,4078,3789,2821,2372,2184,3871,1533,3767,4349,2120,3851,4201,2785,5046,2513,2005,3052,4410,2853,3899,5205,4619,3159,1767,4603,2016,2881,3708,2961,2984,2100,2827,3918,1668,1915,3896,2582,2754,4585,1828,2607,2689,3412,2581,1359,2771,3242,3722,3934,2254,4518,3808,3598,3815,1254,2901,5403
"gene_905",389,333,255,315,371,356,337,352,392,157,323,313,389,292,216,213,214,270,176,463,330,161,209,490,419,209,210,497,422,319,340,241,240,309,303,325,187,347,420,268,257,391,328,233,253,379,383,211,489,332,276,339,310,185,374,288,318,199,349,260
"gene_906",45,26,34,38,64,102,45,70,31,102,46,66,74,84,55,40,57,55,78,136,21,41,63,47,73,45,74,81,52,47,114,45,62,62,42,84,25,23,38,61,54,101,44,21,51,73,38,87,103,44,33,145,64,47,43,67,74,69,51,189
"gene_907",569,726,888,749,832,731,1003,860,898,1030,546,1417,571,718,588,629,1157,361,825,993,1281,922,1152,987,1189,1017,611,639,972,1089,1110,1019,484,720,779,880,463,416,1092,657,551,655,388,662,776,1045,693,729,973,884,541,1550,735,799,1011,808,1310,263,722,762
"gene_908",1089,1110,936,850,1476,770,896,764,726,998,947,856,741,967,743,582,930,572,1196,1350,909,1043,934,1350,1286,1586,856,1260,832,982,812,1238,550,827,875,694,547,514,1260,960,652,1278,879,670,769,1159,1252,818,877,1170,1380,1320,1010,745,1097,1089,863,599,899,1344
"gene_909",158,129,82,111,188,136,147,106,143,197,77,129,64,61,135,115,99,37,89,285,183,166,216,148,90,242,51,168,150,141,174,119,73,201,166,192,140,162,180,92,88,148,227,68,138,97,113,88,71,84,165,131,91,91,77,114,167,83,174,218
"gene_910",96,69,118,53,88,62,97,54,74,84,32,103,58,69,55,89,74,58,105,81,120,33,80,102,81,151,90,69,113,81,147,152,74,87,22,80,69,49,224,95,92,109,71,81,58,80,41,111,142,83,113,86,116,103,62,139,63,52,113,134
"gene_911",497,697,438,297,566,551,533,361,609,701,439,583,343,377,547,332,449,293,419,520,493,723,445,447,468,535,227,826,451,526,399,262,228,411,342,813,259,299,811,298,287,618,480,313,451,760,523,505,808,401,664,533,529,405,392,342,703,182,394,568
"gene_912",370,319,495,352,390,209,238,328,192,585,180,413,289,246,190,208,245,243,510,378,500,151,487,238,284,328,241,434,354,345,490,876,227,299,291,461,273,216,427,256,489,460,385,252,283,295,341,441,402,266,375,301,327,237,330,383,291,403,418,323
"gene_913",835,448,463,818,1050,347,595,282,518,562,512,736,249,626,383,354,633,520,576,441,680,382,440,800,590,1037,574,558,343,556,560,446,204,280,555,668,233,367,507,578,377,520,478,472,442,719,414,417,744,680,454,465,493,484,483,587,736,168,501,1116
"gene_914",429,521,726,742,773,492,516,457,808,449,587,665,316,461,360,312,628,392,677,461,659,349,607,580,626,574,499,724,440,619,501,421,498,593,456,485,266,198,727,318,439,666,607,608,303,717,474,514,648,747,713,400,743,605,346,759,596,214,549,663
"gene_915",399,330,343,208,410,281,256,289,401,494,211,430,364,298,321,349,235,260,176,245,453,247,407,418,316,210,362,598,284,200,283,262,197,337,222,195,207,274,617,214,253,333,255,361,362,415,213,259,631,546,321,303,433,711,214,446,352,174,255,206
"gene_916",773,1529,1240,1082,1438,726,1047,970,899,1493,588,1302,796,852,848,1015,821,736,909,1393,972,652,1380,721,1237,778,2006,2453,673,545,1677,1042,794,820,1053,952,420,913,1140,953,1113,873,1157,888,1181,922,553,1057,1027,730,940,1308,1439,874,784,1411,1427,719,1379,1119
"gene_917",34,19,0,2,4,12,21,8,10,4,19,16,3,6,2,16,8,6,29,1,14,4,18,6,19,0,5,15,1,23,12,1,19,3,1,13,5,20,20,6,2,1,7,1,6,6,6,2,28,59,5,34,1,6,9,4,5,1,13,1
"gene_918",7,46,42,58,64,47,59,46,37,33,27,73,38,58,25,33,93,37,62,67,72,6,77,80,53,68,41,69,67,22,81,61,21,53,80,34,41,22,101,31,32,52,26,56,57,41,36,55,76,56,39,60,33,75,40,58,43,20,25,61
"gene_919",131,106,108,65,159,80,125,174,111,73,162,144,38,124,90,86,81,47,92,107,93,96,49,109,147,118,67,207,155,135,72,205,120,76,59,128,65,70,116,114,183,161,139,162,106,105,93,124,169,183,237,188,140,130,103,96,176,105,102,53
"gene_920",1062,1150,971,799,2217,1530,1628,1492,1105,1702,710,1637,903,860,843,992,1344,495,1527,1493,1428,635,917,1061,1236,854,766,2138,1214,572,1656,1412,853,1144,1377,1310,1121,835,1465,955,1258,814,1026,1167,967,755,1035,729,1303,1552,1426,1554,1629,1407,744,1319,1211,630,1129,1011
"gene_921",4272,3638,3331,5722,6976,3105,4591,5159,4789,6584,3271,4308,2464,4140,4122,5976,5707,2768,4375,5635,3953,3120,7001,5889,5329,6569,4462,7808,5880,4194,4015,7392,3291,5817,5359,5464,1934,3288,4946,2932,6094,5276,5153,4621,4871,2673,3958,3293,6973,3164,6461,4941,5648,2813,2936,4458,5263,3453,6780,5050
"gene_922",156,59,137,129,134,182,103,146,51,138,78,113,61,65,109,93,143,59,93,132,113,63,161,59,112,147,109,185,125,79,129,99,65,62,44,112,51,127,222,98,53,144,101,59,103,97,163,104,176,162,98,60,132,80,122,113,187,47,214,180
"gene_923",27,39,30,15,66,48,21,8,20,45,13,38,20,34,53,19,20,24,28,32,52,27,85,31,37,55,30,26,57,27,23,40,41,51,56,70,41,21,47,23,32,49,34,36,32,20,36,31,28,13,29,56,44,31,23,40,30,17,62,25
"gene_924",14,23,46,21,49,7,16,3,38,25,5,11,14,28,23,17,34,8,26,54,16,3,24,10,25,33,6,20,37,17,24,23,13,28,23,35,7,17,31,10,25,20,33,16,10,11,6,24,34,8,4,27,33,11,22,20,11,7,16,35
"gene_925",186,153,140,143,174,126,160,214,268,105,165,149,124,187,123,213,116,77,184,255,133,140,243,198,204,248,229,226,77,120,198,216,113,177,110,152,72,129,186,81,128,131,187,111,263,211,154,127,316,247,163,189,160,136,145,156,300,86,203,200
"gene_926",4886,7655,4431,3802,6837,4288,5994,4119,6271,4930,5893,4248,3530,6282,4227,4505,6608,2819,4887,6321,6557,4908,4852,6809,5763,7350,3482,7242,5669,5840,3997,7601,2851,4868,5022,5699,3260,4496,4842,2601,3762,5983,6179,4352,3995,5639,3195,4541,7374,4580,7583,5988,5225,5623,5935,3806,7591,2631,4855,7533
"gene_927",149,151,167,146,113,123,227,105,151,199,73,107,67,74,105,92,146,76,111,48,103,80,137,169,179,119,101,85,109,121,113,150,63,112,67,121,74,68,104,115,67,143,81,106,162,214,81,123,161,154,111,232,149,80,86,142,102,40,82,85
"gene_928",22,23,36,25,30,41,23,36,28,19,3,22,4,6,10,4,3,11,13,19,6,8,17,26,12,23,10,26,16,15,47,32,0,12,23,35,8,13,12,27,14,22,58,28,4,22,27,10,25,13,15,24,23,8,34,12,24,18,7,11
"gene_929",87,104,71,104,130,71,152,35,137,115,38,93,67,77,86,80,112,55,131,130,94,49,143,144,103,205,123,67,103,119,94,94,51,104,75,95,36,38,115,54,93,162,131,63,136,118,90,97,84,84,102,98,83,61,108,122,88,22,101,40
"gene_930",151,222,283,199,292,171,210,273,262,331,251,117,152,123,216,168,208,88,207,373,319,221,150,120,172,175,237,275,254,246,260,364,146,355,191,258,150,148,229,252,282,383,291,292,175,191,189,173,205,238,297,312,306,252,218,188,309,155,248,165
"gene_931",163,247,142,320,380,212,245,388,290,402,253,176,174,258,229,152,253,113,157,280,290,179,227,285,228,203,209,233,341,242,311,295,158,225,255,198,197,156,273,183,169,212,341,142,187,160,135,367,449,206,160,362,214,141,215,124,214,139,226,331
"gene_932",326,289,239,214,338,322,488,239,655,246,241,307,125,350,272,400,382,227,329,494,477,105,481,316,289,284,392,629,489,434,323,510,376,226,203,390,213,182,411,221,171,417,341,283,266,157,198,381,465,537,445,415,333,313,222,348,363,251,437,668
"gene_933",2576,2352,3309,3499,4612,3494,2463,1780,3330,3807,1976,3513,2212,2397,2754,1719,2238,2629,3392,3265,2544,2104,2380,1706,2725,3230,2004,4747,3056,1505,3561,3213,2788,1449,3033,3753,1206,1701,3369,2405,1767,3065,3019,1485,3264,2129,3119,1954,2632,3374,2744,2614,2304,2509,1770,3343,5179,1404,3425,3326
"gene_934",3909,2273,1788,2397,5892,3604,5892,1609,4681,2918,2859,4001,2813,3016,3398,1598,4348,1478,3969,4786,4205,2081,3482,5433,4473,7081,1696,3875,3677,4479,2893,2682,2307,2989,5025,2476,1849,1883,6774,2661,2808,6910,2942,4745,2378,5282,2906,2249,4066,4035,3214,3292,4205,5587,3521,5027,4988,1789,2280,3586
"gene_935",25,3,21,19,24,8,20,15,22,25,10,14,18,14,11,13,22,20,25,20,21,33,9,27,11,14,22,21,37,21,36,28,10,9,47,22,11,9,37,28,3,63,38,27,13,23,31,8,26,45,13,11,4,26,9,26,22,14,4,22
"gene_936",54,98,163,72,89,84,48,90,75,132,203,73,33,79,57,36,73,55,59,106,67,55,109,33,123,75,66,74,35,56,86,131,35,74,54,137,50,63,68,36,66,69,84,72,78,113,71,70,123,84,149,76,74,83,38,104,76,28,101,113
"gene_937",125,72,29,78,84,109,71,81,100,52,71,98,112,64,73,63,96,71,82,150,90,74,117,76,121,124,84,53,76,50,63,124,55,59,40,67,42,66,108,53,52,156,56,85,45,62,75,115,192,83,137,46,90,108,30,161,115,30,80,116
"gene_938",11,8,22,1,3,11,2,5,4,5,2,0,1,7,2,11,18,7,2,12,1,11,15,2,16,12,3,0,22,5,21,7,1,1,3,4,0,6,13,9,3,8,2,11,0,17,1,12,5,1,8,18,14,20,5,4,3,1,0,7
"gene_939",153,205,133,134,307,246,255,176,202,231,252,300,167,183,145,215,172,92,229,198,252,131,185,224,243,311,169,284,324,295,264,189,87,160,357,168,62,113,185,178,176,157,186,203,217,339,189,234,280,187,192,257,252,264,198,295,390,67,262,177
"gene_940",644,1958,2017,495,3946,1785,2301,6131,1038,5615,951,665,1072,3298,2018,1262,987,944,9195,2691,1433,577,2132,354,913,1361,5246,9107,2503,825,7854,6151,3898,3911,1429,5534,4895,1368,1161,2466,3484,2364,10308,986,2275,201,1130,7406,2626,1149,6673,1247,3292,377,386,1395,1061,4376,5823,656
"gene_941",6,7,6,9,21,4,9,1,9,9,7,9,4,22,5,8,6,10,14,7,27,11,8,14,5,12,10,22,10,6,5,1,4,3,2,3,8,17,2,17,18,12,14,25,0,8,6,8,29,9,9,8,3,37,4,19,22,9,19,9
"gene_942",144,125,111,137,234,116,159,85,74,168,75,234,126,171,128,79,277,78,96,140,135,37,141,133,97,199,82,153,251,111,178,249,81,131,93,92,88,57,101,67,110,186,195,126,67,53,164,163,173,140,132,197,84,141,113,98,135,67,157,143
"gene_943",4953,6783,5133,4505,5978,5722,5559,4043,3312,4551,4177,4171,4293,3816,3658,3043,3078,3068,9378,4410,3051,3598,6005,3468,4996,5158,4018,7199,4666,3862,5611,8652,3130,4085,5548,3954,3121,4926,5342,4722,4488,5140,6281,4038,4550,3291,5599,3221,5171,4812,7517,5667,5438,4664,3927,5709,4740,2112,5676,5133
"gene_944",84,145,131,94,73,34,66,113,147,85,103,85,103,59,108,116,143,118,116,67,50,41,69,94,41,85,50,154,105,50,82,145,67,27,60,132,37,48,67,39,40,112,74,51,72,77,33,70,62,81,84,98,109,70,73,73,86,60,55,74
"gene_945",1471,1319,1324,1306,2712,1051,2164,1897,1737,2175,1045,1828,719,1720,1053,1008,1374,769,995,1766,1092,1423,1335,1040,1877,1356,1834,2574,1569,1669,1633,2001,759,2243,925,1975,1267,805,1917,1095,1313,1655,1649,808,1282,1549,1570,1699,2134,1741,2863,1781,1946,1099,1177,1055,2050,1081,1915,2019
"gene_946",8,8,4,6,8,16,20,3,13,10,12,14,13,0,3,18,11,22,8,6,22,17,0,10,17,11,10,0,20,14,10,20,4,11,17,14,8,10,15,1,6,17,3,14,5,13,6,10,14,11,16,2,12,0,8,2,10,2,18,28
"gene_947",12,3,21,8,24,8,27,14,3,17,10,26,11,13,6,1,8,6,27,7,31,1,21,12,18,9,5,26,14,5,10,20,9,11,3,7,7,10,4,15,23,21,8,8,24,6,14,18,10,8,2,9,12,16,17,13,14,9,9,21
"gene_948",49,16,0,21,11,12,12,5,16,7,14,5,11,2,11,6,7,8,13,7,7,6,20,26,3,14,6,13,6,26,18,17,5,6,14,1,3,8,23,13,22,13,10,14,3,13,3,24,23,10,14,18,5,2,13,0,2,19,20,29
"gene_949",13,29,55,18,49,54,45,92,12,257,31,21,22,61,35,30,24,28,104,47,24,12,61,8,36,38,155,181,33,14,83,142,77,94,58,158,21,17,11,68,134,74,303,15,47,5,24,51,56,10,136,26,68,4,8,27,21,72,91,23
"gene_950",45,72,73,49,56,82,62,16,41,29,68,28,33,43,41,25,39,56,85,79,24,21,20,41,57,35,60,86,63,44,63,89,85,91,44,96,45,22,51,55,50,56,53,67,53,23,61,51,130,23,66,59,95,73,66,28,61,38,126,43
"gene_951",542,617,602,569,396,315,276,340,370,319,488,508,289,222,412,241,330,359,546,300,359,368,481,372,321,477,207,480,337,404,637,342,304,387,207,550,336,394,263,380,260,400,343,435,351,321,384,472,413,438,259,401,571,326,380,385,708,151,435,610
"gene_952",45,45,80,40,63,79,57,65,44,92,31,64,37,48,45,16,21,40,68,95,72,61,66,32,56,57,109,50,62,58,43,33,115,89,69,29,53,17,99,58,78,39,148,50,38,34,23,37,122,68,106,50,65,35,48,117,58,30,68,39
"gene_953",1401,1851,2737,1540,4135,2241,2171,2366,2127,3613,1495,2447,1820,2414,1337,1129,2372,1201,1891,2820,4140,1519,2397,1273,1712,1850,1950,2396,1780,1205,3537,3527,2376,2156,2217,3057,1476,1477,1833,1730,2329,1583,3461,1777,1867,1205,3791,3685,3214,2523,3695,2326,2063,2014,1041,2356,2498,2204,2591,1842
"gene_954",300,188,277,509,250,260,447,337,545,263,317,403,278,281,336,207,271,201,399,613,352,347,253,330,372,523,296,460,287,480,441,361,234,180,285,445,212,217,353,308,191,384,248,329,273,352,423,292,613,262,243,371,328,561,351,911,397,140,419,558
"gene_955",4961,5834,4432,4110,4749,5775,6139,4266,5107,4282,4584,4554,2799,5031,5282,4891,4530,3542,4880,7914,5211,5052,5839,5541,8512,6456,3133,5828,5999,6658,5934,6142,2595,4808,5272,7222,2821,3169,7236,2999,3850,4687,4674,3919,4919,5965,4922,3146,8911,4885,4281,5371,7337,5862,5369,4719,6638,4175,3863,6264
"gene_956",3562,4602,4838,3283,6382,3573,4855,3138,5266,4360,2216,4516,2692,3459,2706,3354,4545,2778,3508,4561,4280,3317,4681,3221,2715,5059,5116,7294,3914,4336,3433,3862,2384,4863,5106,3927,3493,2060,5296,2302,4039,5386,4262,2977,3049,3835,3677,4017,5669,4771,4077,5055,4588,4068,3257,4185,4826,1783,4154,4236
"gene_957",159,103,89,131,171,79,52,152,186,100,159,134,116,145,162,149,115,66,155,140,150,104,148,65,224,135,82,216,168,96,161,201,189,193,91,153,121,64,144,65,86,186,177,174,193,139,147,121,163,106,116,124,138,122,79,198,220,116,137,202
"gene_958",608,693,813,644,1410,462,630,499,659,751,322,475,481,376,450,767,486,179,492,825,692,613,488,607,730,695,423,541,499,591,841,764,447,576,807,528,325,241,634,366,447,531,688,403,461,453,253,666,805,479,425,851,411,551,703,634,852,458,521,631
"gene_959",169,201,167,110,260,132,123,139,147,238,210,134,110,251,182,124,176,143,222,237,140,162,182,110,209,205,309,531,198,137,311,387,181,149,149,220,122,185,207,143,174,346,381,86,199,128,180,330,298,175,203,152,351,82,98,125,388,151,400,198
"gene_960",164,184,151,253,331,157,239,161,145,202,124,94,131,133,146,78,185,138,180,288,242,120,151,180,215,185,139,232,160,234,158,263,113,178,159,247,164,74,375,173,66,244,149,137,155,158,300,143,207,161,140,196,190,239,132,181,169,80,140,213
"gene_961",1399,1731,1053,1401,1810,1689,1693,1109,1101,983,1370,1424,1227,1183,1338,1036,786,1187,1686,1848,820,1143,1820,1094,1402,1771,1440,1638,1304,1004,2055,2892,912,1088,1029,736,778,828,1680,1189,1092,1126,2294,1249,1352,1375,1875,1752,2184,1781,1529,2070,1725,1315,1122,1053,1965,1068,1387,1410
"gene_962",626,385,307,457,429,369,339,256,1066,210,540,899,458,315,255,544,464,409,208,351,750,394,619,1068,643,984,183,427,461,762,288,322,146,325,747,431,135,364,723,248,212,598,309,667,358,790,449,187,541,638,359,422,372,797,838,491,700,188,291,894
"gene_963",206,258,228,159,338,215,184,329,341,194,310,269,172,135,228,167,166,77,184,168,366,161,267,214,128,295,291,332,173,190,270,361,149,216,220,222,156,56,284,160,174,133,207,161,249,136,213,174,367,502,325,255,299,229,290,101,400,163,173,141
"gene_964",1451,1097,1137,874,1120,728,1199,884,960,1129,817,1101,1272,804,772,682,742,734,934,1450,1956,678,854,1183,981,1040,963,1303,863,884,1422,1131,725,1030,726,1074,459,912,1705,721,895,1399,1115,936,732,959,540,1266,1534,961,1125,1325,1215,1000,971,898,976,610,1327,984
"gene_965",15,16,40,11,12,8,31,18,7,42,5,38,27,9,19,19,39,4,10,49,23,6,17,18,28,36,34,68,29,22,35,26,18,32,13,40,38,13,26,9,41,51,37,16,11,13,30,24,26,53,12,25,40,12,14,26,52,20,17,31
"gene_966",19,6,23,27,53,25,36,11,16,26,18,17,20,24,37,18,6,8,60,43,30,12,31,4,24,2,33,31,42,5,11,64,18,16,6,44,21,30,42,7,14,18,12,16,25,19,10,3,34,15,63,7,34,9,13,5,20,11,32,17
"gene_967",13,15,8,11,42,4,9,12,5,14,4,10,4,0,4,10,3,3,11,14,27,12,12,25,15,2,5,5,17,5,25,22,6,6,24,22,4,6,9,26,6,21,1,5,20,6,2,37,2,16,4,4,2,9,0,15,5,5,6,0
"gene_968",177,203,225,129,89,166,117,97,198,112,108,131,80,96,97,127,152,109,210,276,122,64,183,233,218,167,106,224,89,168,108,84,75,127,84,122,74,100,126,162,141,84,159,188,135,116,128,142,175,167,189,180,221,139,143,233,248,99,76,151
"gene_969",1464,1351,3362,2043,3302,1866,2658,1499,1853,3045,1919,2264,1403,2806,1581,1117,1765,1538,3468,2610,2623,1909,2592,1383,2265,1972,2520,3580,2373,1289,2901,2397,2056,1713,2205,2600,1541,2354,2574,1900,1535,3616,4801,1225,1819,1527,1934,1854,2909,1971,2059,3031,2352,1815,1356,1994,2497,1099,2938,2517
"gene_970",26,46,47,34,61,43,60,119,31,53,40,48,16,20,15,16,53,32,62,62,43,9,47,25,12,43,55,80,44,42,28,31,38,118,45,82,30,32,51,22,22,64,34,34,65,21,42,54,58,45,101,62,27,54,40,39,61,11,55,23
"gene_971",33,40,50,43,45,81,26,70,51,64,32,18,17,48,53,42,29,26,53,39,34,53,54,66,42,38,40,73,50,79,38,40,19,37,45,98,18,44,33,41,19,41,55,34,40,35,30,35,57,23,117,43,73,13,30,59,50,27,71,24
"gene_972",88,97,40,28,181,88,61,53,35,59,90,113,30,52,74,49,110,77,97,207,68,44,146,69,74,83,35,145,50,48,87,122,77,73,55,79,86,62,83,42,76,106,99,61,82,71,64,36,84,123,80,95,106,36,50,136,93,15,86,107
"gene_973",1257,2482,2620,3076,4018,2182,1251,2718,2313,3171,1895,2357,1243,2596,2705,1684,1777,1133,3282,2064,2837,1287,1534,1841,2788,2952,3773,2867,2384,1551,2631,3329,1289,2467,1626,3268,1264,1357,2036,1927,2214,3119,3095,1355,2171,976,1384,2376,2299,2845,3110,1547,4086,1501,1851,1180,2118,1894,2629,3192
"gene_974",482,590,548,667,791,324,589,470,735,785,493,898,582,698,388,445,452,251,853,855,434,409,660,343,671,1077,550,813,615,626,949,694,714,527,698,794,547,500,1007,467,830,761,1115,493,642,567,558,493,768,762,786,830,558,462,652,546,759,681,795,775
"gene_975",7,0,3,0,3,9,7,11,14,3,6,16,12,0,2,4,7,4,1,0,4,16,11,1,0,11,0,0,7,0,2,4,2,8,6,5,0,7,20,0,10,0,3,1,1,4,4,9,3,0,6,12,2,10,8,6,13,3,9,12
"gene_976",4,15,30,5,13,13,82,41,11,32,13,8,14,27,16,6,5,5,54,10,18,5,12,6,14,12,42,39,10,10,29,31,31,9,36,72,24,26,29,28,43,26,57,5,36,2,26,37,27,5,11,10,26,7,21,9,26,36,20,16
"gene_977",66,28,12,14,39,13,36,31,6,5,34,29,13,23,9,36,13,8,18,22,10,4,13,5,19,20,17,40,8,6,7,18,9,18,17,23,18,17,9,7,5,17,21,11,11,9,30,6,19,8,14,10,5,7,7,27,32,4,33,4
"gene_978",945,919,897,1125,992,629,1552,960,1772,1020,1082,1288,430,1019,1622,850,1016,841,1435,796,1716,983,1125,963,1439,883,1012,1720,1186,1710,1139,1553,751,1500,607,1455,777,643,2123,875,1158,1255,1325,795,893,956,679,708,1108,1209,1620,1141,1321,934,889,1177,1697,517,1287,1108
"gene_979",566,744,406,419,582,576,711,470,733,362,360,379,508,586,371,553,395,476,453,899,690,370,569,700,611,671,416,636,422,577,849,439,268,307,487,513,174,417,768,515,332,967,506,469,495,471,538,490,746,577,494,781,442,499,642,777,636,231,549,690
"gene_980",168,98,92,143,194,111,119,158,137,141,81,190,97,177,136,98,111,62,140,112,126,103,132,98,92,150,75,147,121,100,89,98,95,93,85,81,91,55,102,117,63,294,118,109,135,123,140,112,337,231,211,163,215,131,90,101,173,86,100,120
"gene_981",6,2,6,21,8,27,14,7,19,29,3,3,5,8,2,32,3,4,22,0,10,2,23,28,18,15,1,11,4,2,25,15,8,19,11,1,13,19,13,6,9,27,15,6,5,6,29,15,9,33,17,15,10,10,1,6,29,9,10,4
"gene_982",65,91,38,34,63,54,89,136,34,49,75,70,67,122,62,52,45,22,127,95,69,31,62,35,74,66,72,160,73,43,142,50,88,74,33,172,72,42,53,76,93,62,130,26,125,46,67,145,98,45,139,92,45,48,40,68,47,124,107,69
"gene_983",2,3,8,4,6,31,7,3,17,3,14,5,6,2,18,6,7,2,3,2,9,8,8,14,8,15,12,0,8,12,3,13,6,3,2,15,16,0,3,0,11,1,26,12,3,4,4,3,15,7,28,22,6,4,7,0,5,2,45,3
"gene_984",41,67,32,103,109,92,131,80,146,156,31,93,42,114,109,83,87,109,133,90,84,47,168,34,82,95,109,79,78,48,115,158,90,101,46,143,57,64,51,86,136,97,196,73,103,60,73,54,79,56,101,68,73,84,46,88,69,59,135,93
"gene_985",0,4,4,7,6,3,2,8,8,0,2,8,3,7,5,3,3,2,0,10,4,0,8,4,4,9,1,16,10,3,4,9,10,7,1,7,0,1,5,18,3,7,6,0,3,2,7,11,16,0,2,2,0,2,4,1,6,5,2,3
"gene_986",73,38,55,59,74,36,50,17,111,5,44,62,60,41,61,25,77,44,9,55,45,46,50,129,41,70,47,10,30,78,14,30,13,24,40,45,26,39,92,52,26,69,19,62,38,150,22,34,63,46,34,92,36,73,33,38,113,15,30,10
"gene_987",1195,1491,1414,1311,2409,1691,1287,1531,1774,1998,1017,1610,1038,1587,1134,1015,1750,1333,1478,2056,1604,1183,2130,1497,1456,1771,1867,2488,1724,819,1603,2755,1209,822,1371,1790,700,1260,2360,1181,1130,2607,1470,1304,1208,1604,1379,1137,2122,2008,2298,1593,1457,1121,806,1639,1551,1389,2397,2225
"gene_988",30,56,25,38,52,16,24,35,39,45,21,13,45,19,13,32,32,21,49,55,25,28,26,36,16,18,30,55,32,18,55,50,43,29,17,34,10,15,36,28,16,19,41,14,21,59,23,51,24,34,37,33,10,18,41,21,79,6,40,29
"gene_989",63,23,44,70,67,76,40,48,24,55,58,44,34,41,35,52,66,65,54,42,46,64,73,58,48,90,23,78,75,31,50,21,33,22,47,44,18,57,127,32,38,58,44,14,52,48,25,42,40,67,92,53,43,42,23,35,28,13,34,53
"gene_990",3993,5600,3601,4923,4990,4618,4070,3110,6499,4475,3619,4181,3623,4553,5674,4747,3374,2613,4571,6717,5359,4032,4681,2286,5808,5747,2992,5820,4340,5291,4874,4510,3851,5283,4971,6894,2399,4629,5278,3247,4299,3083,4351,2231,6210,3667,4098,5120,6055,4375,5358,4436,4814,3346,3908,5168,5815,3375,3654,6485
"gene_991",228,283,257,273,196,144,284,250,191,149,209,132,64,147,195,136,219,184,168,283,261,187,198,239,190,227,161,217,148,176,165,221,160,132,134,217,135,117,176,153,94,188,215,211,88,189,114,151,199,146,238,280,131,228,141,187,288,102,221,267
"gene_992",0,15,16,2,4,2,8,4,3,2,6,0,1,6,1,1,1,5,1,1,0,0,2,4,8,3,2,10,0,11,2,3,0,0,0,9,2,0,1,14,7,0,9,0,7,3,3,0,8,10,3,1,2,1,0,7,8,0,8,8
"gene_993",512,527,364,678,439,364,387,231,857,261,501,466,330,322,271,385,655,412,141,347,516,451,366,926,502,436,177,402,285,722,233,243,194,225,673,315,94,255,870,123,201,383,189,501,280,1178,544,179,563,420,238,591,565,516,817,571,478,104,218,692
"gene_994",5,21,4,6,1,4,24,10,35,12,13,9,11,0,4,7,15,1,15,14,12,13,3,8,30,5,15,20,2,4,3,3,6,11,6,14,2,5,9,3,5,13,5,9,3,12,20,3,18,6,18,6,19,2,12,7,3,4,11,11
"gene_995",114,235,192,139,197,110,146,195,182,127,112,230,144,87,165,187,147,85,142,116,223,96,231,131,379,131,185,290,122,201,74,111,71,161,186,146,99,69,188,112,237,207,162,83,79,107,119,134,194,111,117,222,245,125,70,96,135,82,111,75
"gene_996",988,744,908,733,765,846,765,804,417,985,879,589,578,929,748,604,940,757,969,1139,679,706,1041,597,939,999,751,1104,620,798,952,1480,489,677,626,737,432,498,703,861,597,1094,734,450,800,822,514,1290,1113,1134,1214,694,1019,791,795,732,667,774,1171,1179
"gene_997",13,20,20,24,77,33,10,24,22,17,29,17,23,17,29,16,39,15,18,29,22,4,9,32,52,29,1,7,20,18,18,12,29,6,9,11,11,23,34,13,16,22,66,4,13,26,32,46,19,43,26,25,26,13,5,20,23,6,16,14
"gene_998",63,100,51,55,131,122,110,101,115,58,30,85,45,51,70,73,86,86,135,95,56,110,91,110,101,84,78,46,67,42,134,130,97,48,58,95,54,46,155,26,77,60,81,94,106,37,94,78,137,85,115,108,62,64,61,112,101,29,72,96
"gene_999",692,448,596,1248,774,442,909,296,795,313,554,637,660,569,392,572,1327,516,369,630,901,735,644,1448,555,1253,293,349,471,1041,701,448,250,517,600,262,209,341,1211,348,284,811,249,539,611,1301,346,281,893,866,465,1162,396,1713,655,966,935,182,342,784
