"gene","baseMean","dispGeneEst","dispFit","dispMAP","dispersion","dispOutlier"
"gene_0",1707.49472231155,0.060926783190532,0.0531478366377631,0.0626558242011067,0.0626558242011067,FALSE
"gene_1",53.8795466519464,0.185039834534145,0.142998006425953,0.178677836137978,0.178677836137978,FALSE
"gene_2",10.5281125847031,0.808496600349546,0.525027392769492,0.753657186199887,0.808496600349546,TRUE
"gene_3",46.9552720186148,0.144004195403978,0.156679507432502,0.147422059640982,0.147422059640982,FALSE
"gene_4",53.3970284217906,0.118172253639135,0.143836385558533,0.121924186418134,0.121924186418134,FALSE
"gene_5",3085.61893996194,0.0470945701735092,0.0518402982180772,0.0476473946278495,0.0476473946278495,FALSE
"gene_6",433.936334125089,0.0604825147222173,0.0617399743784049,0.0604770584353442,0.0604770584353442,FALSE
"gene_7",15.8298245039861,0.345926778474234,0.366005374643755,0.349102670035911,0.349102670035911,FALSE
"gene_8",214.261339536581,0.0988957880220907,0.0735507535251228,0.0948240819428145,0.0948240819428145,FALSE
"gene_9",4.41765086028177,1.24124155703089,1.18177707889933,1.22875380514085,1.22875380514085,FALSE
"gene_10",336.847627857604,0.0568975987845399,0.0650602715898899,0.0561639002431229,0.0561639002431229,FALSE
"gene_11",1566.23348172645,0.0488421367061578,0.0534118797833775,0.0493799219130798,0.0493799219130798,FALSE
"gene_12",561.561905892823,0.0497506380416191,0.0591219010798756,0.0524521176328423,0.0524521176328423,FALSE
"gene_13",292.652607831503,0.064263292944861,0.0673013404390701,0.0647161698915345,0.0647161698915345,FALSE
"gene_14",1495.7472842859,0.0503813463515912,0.0535622829953516,0.0507669340376536,0.0507669340376536,FALSE
"gene_15",76.4757392633338,0.101776401014386,0.11558507958556,0.103708347139983,0.103708347139983,FALSE
"gene_16",5.92838593906767,1.45158691667605,0.893421597547293,1.33363775852873,1.45158691667605,TRUE
"gene_17",26.9725107503655,0.224368132896955,0.235550538799967,0.223974828986093,0.223974828986093,FALSE
"gene_18",596.700161712419,0.0518677060408371,0.0585977045264051,0.0526752726521206,0.0526752726521206,FALSE
"gene_19",21.3885213112966,0.308767397772818,0.283935478962356,0.304784254346886,0.304784254346886,FALSE
"gene_20",402.860599260253,0.0574248495679011,0.0626285785607278,0.0580685311189405,0.0580685311189405,FALSE
"gene_21",202.575805025268,0.0561841857248509,0.0748965672372511,0.0585379116876762,0.0585379116876762,FALSE
"gene_22",121.758053636292,0.0894770227523706,0.0912756375776092,0.090462758529632,0.090462758529632,FALSE
"gene_23",5088.62071781853,0.0621711115494987,0.0512026124608621,0.0604391618331265,0.0604391618331265,FALSE
"gene_24",552.690760320351,0.0573893291100766,0.0592647798219775,0.0599480376746651,0.0599480376746651,FALSE
"gene_25",1823.59673145675,0.0510011442780578,0.0529614480508126,0.0550553748085032,0.0550553748085032,FALSE
"gene_26",929.024643454659,0.0528192674330853,0.0556009808300739,0.0531588167263555,0.0531588167263555,FALSE
"gene_27",51.9053920222959,0.14995991065224,0.146526688360565,0.149463161884556,0.149463161884556,FALSE
"gene_28",408.898849562779,0.0675226708331341,0.0624453436654,0.0668592296126744,0.0668592296126744,FALSE
"gene_29",35.5124013324505,0.227793844992403,0.190983000429841,0.222019972494853,0.222019972494853,FALSE
"gene_30",12.5456424002614,0.555264476104589,0.448671195296661,0.536633765390864,0.536633765390864,FALSE
"gene_31",21.2986113588676,0.338269979398773,0.284922084329871,0.329738119371624,0.329738119371624,FALSE
"gene_32",2141.02587087181,0.0544656829827196,0.0525550385732819,0.0572183133485704,0.0572183133485704,FALSE
"gene_33",12.4667312931954,1.13147839868795,0.451193284185587,0.989284199894785,1.13147839868795,TRUE
"gene_34",876.310819670768,0.0672504539274591,0.0559246541243251,0.0657608276810605,0.0657608276810605,FALSE
"gene_35",35.2407020339704,0.143314011992935,0.192068255144598,0.149079754214852,0.149079754214852,FALSE
"gene_36",250.508822906008,0.0654666921802369,0.0701749374806713,0.0662564194609009,0.0662564194609009,FALSE
"gene_37",195.713065270958,0.0846828171807545,0.0757618496835502,0.0831366395488866,0.0831366395488866,FALSE
"gene_38",1494.25889846366,0.0633834321247088,0.0535656118835261,0.0621089473111735,0.0621089473111735,FALSE
"gene_39",26.0429217736456,0.175726565731272,0.242165809791058,0.185588581784799,0.185588581784799,FALSE
"gene_40",10.0203895612027,0.505267981477881,0.54908539090852,0.512291544579144,0.512291544579144,FALSE
"gene_41",247.410996912125,0.103675250527299,0.0704247894344188,0.0988372467108179,0.0988372467108179,FALSE
"gene_42",4.43336593740197,0.618625637857546,1.17776601756627,0.7088997087073,0.7088997087073,FALSE
"gene_43",127.971503532789,0.0872905945924632,0.0892822599173684,0.0875562639562939,0.0875562639562939,FALSE
"gene_44",440.751478970708,0.0794647607346765,0.0615618501269792,0.0745740462510604,0.0745740462510604,FALSE
"gene_45",222.23216266228,0.048457012266436,0.0727139563614569,0.0513161637250836,0.0513161637250836,FALSE
"gene_46",9.49121247228671,0.561135758330566,0.576899329212973,0.563867048890413,0.563867048890413,FALSE
"gene_47",441.805265173454,0.0973075631706409,0.0615347983624638,0.0896837884363568,0.0973075631706409,TRUE
"gene_48",4621.79742527523,0.0630423856705973,0.0513018347597539,0.0637449254542059,0.0637449254542059,FALSE
"gene_49",63.8335865723705,0.211080668148417,0.1285304909875,0.197752703898186,0.211080668148417,TRUE
"gene_50",17.7289225703839,0.406347161224291,0.332178902691957,0.39481051104371,0.39481051104371,FALSE
"gene_51",991.626956505771,0.0405194892686552,0.0552612909746441,0.0433158231506472,0.0433158231506472,FALSE
"gene_52",1574.21448851951,0.0619518584975477,0.053395698795696,0.0640950684790269,0.0640950684790269,FALSE
"gene_53",106.597465137423,0.0546433056915375,0.0971146478754352,0.0598034135999116,0.0598034135999116,FALSE
"gene_54",1134.92850148931,0.040523600280877,0.0546247860008905,0.0413664135119038,0.0413664135119038,FALSE
"gene_55",207.721825951508,0.0902024556914753,0.074285245837776,0.0902970559313861,0.0902970559313861,FALSE
"gene_56",859.766490300021,0.0595196914891394,0.0560344227520992,0.0590837464634396,0.0590837464634396,FALSE
"gene_57",60.0631768746354,0.0981861057885906,0.133446342472235,0.103209849059273,0.103209849059273,FALSE
"gene_58",4.51257535256623,1.28044531621772,1.15797416189404,1.25574278486996,1.25574278486996,FALSE
"gene_59",9.76159712612036,0.503855803312111,0.562310944118147,0.512999597010195,0.512999597010195,FALSE
"gene_60",310.51266778589,0.0623568032255617,0.0663188712325889,0.0628611168528767,0.0628611168528767,FALSE
"gene_61",12.2738762232903,0.36504938619218,0.45749363130897,0.379052233696799,0.379052233696799,FALSE
"gene_62",118.468183241687,0.0848928798220507,0.0924157485343248,0.0859272457391163,0.0859272457391163,FALSE
"gene_63",60.8835226774084,0.113190028661787,0.132324952561478,0.115921772608675,0.115921772608675,FALSE
"gene_64",88.6496836987414,0.101125679062513,0.106608762268562,0.101889213052399,0.101889213052399,FALSE
"gene_65",697.592562591351,0.0710460269257104,0.0573860795555836,0.0691032132079173,0.0691032132079173,FALSE
"gene_66",22.844569185468,0.205805959905143,0.26903913549984,0.215428129037857,0.215428129037857,FALSE
"gene_67",3.81442657754513,1.55383868791616,1.36072469711637,1.51548877602817,1.51548877602817,FALSE
"gene_68",25.5969509325807,0.166594618359358,0.245510040861544,0.178557754750084,0.178557754750084,FALSE
"gene_69",327.148068522971,0.0629649844984369,0.0655002606779369,0.0646776643757401,0.0646776643757401,FALSE
"gene_70",4868.19808238306,0.0634309942463665,0.0512470915232306,0.0576157304824458,0.0576157304824458,FALSE
"gene_71",155.997214522403,0.107319093697684,0.0822645683191923,0.103712501020779,0.103712501020779,FALSE
"gene_72",52.317277892107,0.166652454524131,0.145768482679279,0.163432744985676,0.163432744985676,FALSE
"gene_73",61.5453053360864,0.176197481511687,0.131442099483729,0.169197420348733,0.169197420348733,FALSE
"gene_74",570.391643527258,0.0614566791963357,0.0589841024938268,0.0600443795048483,0.0600443795048483,FALSE
"gene_75",11.5819701555362,0.531445370396201,0.481824113393257,0.523100300555385,0.523100300555385,FALSE
"gene_76",64.3788704060895,0.0764636742023689,0.127867209648173,0.0832824403590736,0.0832824403590736,FALSE
"gene_77",849.297220128651,0.0529415592767101,0.0561060938316674,0.0533238846214094,0.0533238846214094,FALSE
"gene_78",1908.65918398543,0.0502804226827035,0.0528392825824317,0.0493866529394707,0.0493866529394707,FALSE
"gene_79",338.878179240601,0.0510151775911717,0.0649713505278414,0.052645142900404,0.052645142900404,FALSE
"gene_80",269.726540294737,0.0753603808813757,0.0687531887472481,0.0744771165937351,0.0744771165937351,FALSE
"gene_81",1655.95495601359,0.0377400872515735,0.0532389542460121,0.040871374335699,0.040871374335699,FALSE
"gene_82",2104.97222923293,0.0487040440556563,0.0525950283157882,0.0491613833386298,0.0491613833386298,FALSE
"gene_83",4910.24843089471,0.0425249920160614,0.0512382979446511,0.0455757847288519,0.0455757847288519,FALSE
"gene_84",59.3119324245939,0.144309540686666,0.134500483360449,0.142847036678166,0.142847036678166,FALSE
"gene_85",1148.22632422611,0.0378910335303112,0.0545737763568111,0.0395737143804466,0.0395737143804466,FALSE
"gene_86",104.250900438442,0.101942313529125,0.0981701852040545,0.101404517460168,0.101404517460168,FALSE
"gene_87",182.829010256598,0.0875874121216761,0.0775617787866073,0.0861796664258908,0.0861796664258908,FALSE
"gene_88",29.5961071380089,0.235194981888341,0.219121626385567,0.232626447912911,0.232626447912911,FALSE
"gene_89",13.12494981527,0.543036988130119,0.431084417059469,0.524828967771843,0.524828967771843,FALSE
"gene_90",500.572056730851,0.0620255756361182,0.0602064797851368,0.0618771014403452,0.0618771014403452,FALSE
"gene_91",4.39999930807464,1.34683773517127,1.18631656467628,1.31461054907127,1.31461054907127,FALSE
"gene_92",298.199881166419,0.067235496732964,0.066983589050629,0.0671797705773633,0.0671797705773633,FALSE
"gene_93",632.979350545391,0.0483003578111714,0.0581175515494338,0.0501774780596413,0.0501774780596413,FALSE
"gene_94",19.8417238232931,0.265192459818449,0.302155171867875,0.270725556122614,0.270725556122614,FALSE
"gene_95",44.2351932110775,0.129479081437465,0.163225823247065,0.134348055869511,0.134348055869511,FALSE
"gene_96",185.847624280631,0.0784692390256771,0.0771176865112029,0.0789271762576879,0.0789271762576879,FALSE
"gene_97",42.1398555713007,0.204083333505089,0.168844846107028,0.198563545685089,0.198563545685089,FALSE
"gene_98",273.861391867781,0.0662091223924821,0.0684733723327898,0.0665035201201186,0.0665035201201186,FALSE
"gene_99",6.34980695714298,0.55981226242259,0.837460405525119,0.604764258321305,0.604764258321305,FALSE
"gene_100",145.003244014826,0.0872223879219633,0.0846941290601168,0.0868794689468105,0.0868794689468105,FALSE
"gene_101",203.845764641,0.0740501596267207,0.0747428337776498,0.0741366759482049,0.0741366759482049,FALSE
"gene_102",331.987549099693,0.0671096479037694,0.0652775195830454,0.0668665793401377,0.0668665793401377,FALSE
"gene_103",147.766707371453,0.0595145612321923,0.0840494149854319,0.0633755487213546,0.0633755487213546,FALSE
"gene_104",7.30972668269397,0.941271797765108,0.734079338356771,0.903810425080803,0.903810425080803,FALSE
"gene_105",6.42380511518963,1.52190605291907,0.828391898663382,1.39394312976391,1.52190605291907,TRUE
"gene_106",46.9070760797483,0.133988917538711,0.156788891854779,0.137281027329068,0.137281027329068,FALSE
"gene_107",369.065046334339,0.0687087779886297,0.0637648173254924,0.0680589394672235,0.0680589394672235,FALSE
"gene_108",154.977239295443,0.114325482558659,0.0824754663941329,0.109632836693339,0.109632836693339,FALSE
"gene_109",56.305068625614,0.120234498357411,0.139001306484674,0.122516378189202,0.122516378189202,FALSE
"gene_110",451.701719581078,0.0742745508106654,0.0612869050830578,0.0724988025842638,0.0724988025842638,FALSE
"gene_111",215.794933044111,0.0553522066003961,0.0733849503060194,0.0590022215298113,0.0590022215298113,FALSE
"gene_112",200.630869497755,0.0687718650317198,0.0751357818119281,0.0683720130171866,0.0683720130171866,FALSE
"gene_113",4625.56063724183,0.0557790145960966,0.0513009548236203,0.0550942288644821,0.0550942288644821,FALSE
"gene_114",141.269065413735,0.111641795344617,0.0856053801298852,0.109224661675525,0.109224661675525,FALSE
"gene_115",1705.0161710853,0.0415681479017762,0.0531520924041746,0.0428632266416187,0.0428632266416187,FALSE
"gene_116",3379.83554253226,0.0563474317582728,0.0516992729053048,0.0577563556304788,0.0577563556304788,FALSE
"gene_117",24.4917439523885,0.209966037411377,0.254322628083965,0.216599081290419,0.216599081290419,FALSE
"gene_118",180.341195061805,0.0826110554276588,0.0779389563236441,0.0819661533554626,0.0819661533554626,FALSE
"gene_119",66.040757429318,0.148350280768483,0.125913257811435,0.145039125615638,0.145039125615638,FALSE
"gene_120",515.459278877524,0.0606503860257293,0.0599180630473447,0.0621109876054687,0.0621109876054687,FALSE
"gene_121",879.680275858892,0.0699591237367633,0.0559028044714752,0.0672738974416114,0.0672738974416114,FALSE
"gene_122",24.8385343764021,0.155175764757563,0.251472993481481,0.168996060665181,0.168996060665181,FALSE
"gene_123",14.3384705591958,0.502495495933401,0.398850396406775,0.485084091081527,0.485084091081527,FALSE
"gene_124",66.1426291958523,0.115535559119108,0.125796676726398,0.115427246874367,0.115427246874367,FALSE
"gene_125",14.682493639402,0.270516746913743,0.390681701320855,0.287174216448946,0.287174216448946,FALSE
"gene_126",128.356128045198,0.107711979727627,0.0891652089966718,0.104797033469638,0.104797033469638,FALSE
"gene_127",15.9815447957685,0.448706645952903,0.363007478604166,0.434135866721852,0.434135866721852,FALSE
"gene_128",1765.43190598238,0.0455910939980779,0.0530517606640042,0.0463183018048215,0.0463183018048215,FALSE
"gene_129",361.198174060547,0.066280457169861,0.0640598169022478,0.0659920197290732,0.0659920197290732,FALSE
"gene_130",637.326538303816,0.0563722976913716,0.0580636843237747,0.056598207404518,0.056598207404518,FALSE
"gene_131",113.694421355132,0.075533359305317,0.0941874380876247,0.0782452037883245,0.0782452037883245,FALSE
"gene_132",140.243999559547,0.0771936585428999,0.0858640156457408,0.0800439669552441,0.0800439669552441,FALSE
"gene_133",38.1364656037222,0.154347174284277,0.181297507187658,0.158172381239491,0.158172381239491,FALSE
"gene_134",35.2955997525188,0.256846619500403,0.191847629020932,0.246885690983989,0.246885690983989,FALSE
"gene_135",456.689803100028,0.0608371956691173,0.0611660323301062,0.0629990887897037,0.0629990887897037,FALSE
"gene_136",1938.66324500481,0.0454034692858472,0.0527987488092686,0.0468638402510329,0.0468638402510329,FALSE
"gene_137",98.3752552228348,0.103651385734738,0.101034083777411,0.103293738537042,0.103293738537042,FALSE
"gene_138",15.5132830520849,0.452066027462453,0.372448825625952,0.438471418898858,0.438471418898858,FALSE
"gene_139",504.062655515261,0.0582393277491667,0.0601373259033358,0.0585607536877833,0.0585607536877833,FALSE
"gene_140",44.6872092579665,0.213733257211164,0.162082759512103,0.205761773490496,0.205761773490496,FALSE
"gene_141",120.497375227298,0.129799495201167,0.0917051708263387,0.124145270134778,0.124145270134778,FALSE
"gene_142",217.790023648203,0.0842504555147509,0.0731727474846015,0.0827222926956532,0.0827222926956532,FALSE
"gene_143",20.0181568889666,0.400037896763915,0.299934705256894,0.38428812359721,0.38428812359721,FALSE
"gene_144",11.7621687706349,0.479957257807083,0.475211862004373,0.479275822138768,0.479275822138768,FALSE
"gene_145",71.6772988751668,0.148719737767502,0.119960930780277,0.144332142154816,0.144332142154816,FALSE
"gene_146",94.141980012893,0.124515544732972,0.103319025136325,0.121381161875658,0.121381161875658,FALSE
"gene_147",496.89442915904,0.0471311672554562,0.0602803900523165,0.0486723773460788,0.0486723773460788,FALSE
"gene_148",27.5794424976443,0.159550062882233,0.231472036110607,0.169115974791114,0.169115974791114,FALSE
"gene_149",1798.6173632122,0.0405755585610171,0.0529995179405861,0.0419679410210857,0.0419679410210857,FALSE
"gene_150",4865.8595659705,0.0483239010365037,0.0512475850155144,0.0509757888946509,0.0509757888946509,FALSE
"gene_151",13.0954401739017,0.484285756703376,0.431942667302155,0.476029198797241,0.476029198797241,FALSE
"gene_152",1783.098362297,0.0660739370334348,0.053023706913695,0.0643531288467823,0.0643531288467823,FALSE
"gene_153",20.6277607933336,0.29968244598803,0.292554994836815,0.298561174897704,0.298561174897704,FALSE
"gene_154",205.887116231322,0.0855513347802564,0.0744996947340325,0.0840326832460161,0.0840326832460161,FALSE
"gene_155",4951.67293098035,0.045778305042215,0.0512297812786588,0.0464082981026205,0.0464082981026205,FALSE
"gene_156",143.025074809198,0.0629324566352913,0.0851709345976793,0.0657495116624936,0.0657495116624936,FALSE
"gene_157",200.130444177912,0.0744212120580183,0.0751980829695751,0.0745181750491655,0.0745181750491655,FALSE
"gene_158",178.892279401908,0.0988145365402592,0.0781634604465296,0.0954131392238271,0.0954131392238271,FALSE
"gene_159",308.744535844242,0.0668155662876361,0.0664110654798637,0.0678109290174492,0.0678109290174492,FALSE
"gene_160",131.553687106237,0.0684391373513256,0.088218608565174,0.0711544301790289,0.0711544301790289,FALSE
"gene_161",614.419515808611,0.0547550463869728,0.0583561058863023,0.0551977938765913,0.0551977938765913,FALSE
"gene_162",14.0644190568806,0.416891679596881,0.405643610719917,0.415151844365223,0.415151844365223,FALSE
"gene_163",149.642456564018,0.0956403095498937,0.0836253708135181,0.0939396292071378,0.0939396292071378,FALSE
"gene_164",52.8907826550203,0.132238386843398,0.144732435215425,0.134069057462758,0.134069057462758,FALSE
"gene_165",416.285902886999,0.0478433433120003,0.0622284077808893,0.049526782680534,0.049526782680534,FALSE
"gene_166",436.277972447148,0.0610232249504843,0.0616781445173218,0.0605230223680909,0.0605230223680909,FALSE
"gene_167",4.74509933282382,1.21700955201501,1.10369092596481,1.19542029995539,1.19542029995539,FALSE
"gene_168",4671.9771214199,0.0373996387272519,0.0512902180224312,0.0396857003078593,0.0396857003078593,FALSE
"gene_169",46.1179694383115,0.137160990785963,0.158612346286756,0.140268298206108,0.140268298206108,FALSE
"gene_170",16.0166050446193,0.40429178389238,0.362322789325897,0.397149635713309,0.397149635713309,FALSE
"gene_171",4.30827926981272,0.839535283820339,1.21050320395337,0.900260628404446,0.900260628404446,FALSE
"gene_172",128.204210638397,0.0800109559218341,0.0892113573700033,0.0825109125020888,0.0825109125020888,FALSE
"gene_173",6.63705030993959,0.755422765427042,0.80338962279552,0.763331136592286,0.763331136592286,FALSE
"gene_174",50.2873628016561,0.179276111939376,0.149625411534199,0.173625146479374,0.173625146479374,FALSE
"gene_175",24.5160560011548,0.319493436498435,0.254120224126964,0.309184657479082,0.309184657479082,FALSE
"gene_176",449.241935004962,0.0694243731433708,0.0613474995259089,0.0704753948797547,0.0704753948797547,FALSE
"gene_177",151.730341383142,0.0752949867138354,0.0831656998953475,0.0771480468673626,0.0771480468673626,FALSE
"gene_178",76.6185258284502,0.0857859495490263,0.115463265467162,0.0899029824089576,0.0899029824089576,FALSE
"gene_179",1705.29030811445,0.0576543506980701,0.0531516210920291,0.0556912575915842,0.0556912575915842,FALSE
"gene_180",19.3068363668555,0.25773400030025,0.30913491842207,0.265844037319635,0.265844037319635,FALSE
"gene_181",139.115902624073,0.0921727070348703,0.0861530524245199,0.091321809486051,0.091321809486051,FALSE
"gene_182",376.701490557171,0.0656296778172409,0.0634902437839895,0.0653569532772328,0.0653569532772328,FALSE
"gene_183",34.6471418951742,0.14239635931612,0.194498334843309,0.150187877449151,0.150187877449151,FALSE
"gene_184",4948.48173486237,0.0575505209504993,0.0512304323031521,0.0636801420782555,0.0636801420782555,FALSE
"gene_185",808.835753316395,0.0571408407093737,0.0564005287649204,0.0569901256478088,0.0569901256478088,FALSE
"gene_186",50.5489216259923,0.12696189913074,0.149111052494857,0.130126897899106,0.130126897899106,FALSE
"gene_187",48.3005246743816,0.179387484052553,0.153714434333835,0.175525964588348,0.175525964588348,FALSE
"gene_188",92.3058539695421,0.116083278269212,0.104375253129907,0.115627563811245,0.115627563811245,FALSE
"gene_189",210.364810781827,0.0451598130687939,0.0739828977678376,0.0483004309677989,0.0483004309677989,FALSE
"gene_190",71.5481970113362,0.0910672515007143,0.120086771137643,0.0942321369019359,0.0942321369019359,FALSE
"gene_191",6.70252574424239,0.59546692283332,0.796032084299708,0.627651500142677,0.627651500142677,FALSE
"gene_192",47.2987064857786,0.132692807722131,0.155906510073915,0.136373196638641,0.136373196638641,FALSE
"gene_193",47.3377254218733,0.0910883719136669,0.15581939636005,0.0998621395041443,0.0998621395041443,FALSE
"gene_194",28.4864041770689,0.248562285853278,0.225701268591881,0.244834046159187,0.244834046159187,FALSE
"gene_195",47.5296771748501,0.145406714408468,0.155392927242478,0.146855278968294,0.146855278968294,FALSE
"gene_196",76.2998368026216,0.155542504534054,0.115735772342253,0.149372652067297,0.149372652067297,FALSE
"gene_197",1127.63463261131,0.0459449972055738,0.0546532757614414,0.046050015555102,0.046050015555102,FALSE
"gene_198",79.1133106543286,0.0872404755709536,0.113405871324673,0.0907801279745603,0.0907801279745603,FALSE
"gene_199",807.001857781492,0.0486488013702825,0.0564145733034542,0.0495649751573264,0.0495649751573264,FALSE
"gene_200",117.642871971987,0.102349992532948,0.0927117665782772,0.102418828698909,0.102418828698909,FALSE
"gene_201",297.669403182295,0.0800673217023606,0.0670134630561892,0.0782868101959138,0.0782868101959138,FALSE
"gene_202",978.951558544687,0.0596357222208898,0.0553265619094806,0.0580778016433588,0.0580778016433588,FALSE
"gene_203",51.4616375542638,0.103768572062388,0.147357140135014,0.109733105170145,0.109733105170145,FALSE
"gene_204",179.783491949113,0.0639791379957714,0.0780249419916071,0.0657655341998715,0.0657655341998715,FALSE
"gene_205",142.937766541828,0.100338876609801,0.0851922829297739,0.0980660731723873,0.0980660731723873,FALSE
"gene_206",45.6346130319353,0.215277030467839,0.159760422411308,0.206597566558565,0.206597566558565,FALSE
"gene_207",24.9993932840529,0.183188005743775,0.250178030254807,0.193529775499228,0.193529775499228,FALSE
"gene_208",102.280860489409,0.077320384783239,0.0990937526168885,0.0802474725236461,0.0802474725236461,FALSE
"gene_209",4787.53709469891,0.0426632813631137,0.0512643917142488,0.0462297310380816,0.0462297310380816,FALSE
"gene_210",553.922768666459,0.0426594032279395,0.0592446634348649,0.043260223465613,0.043260223465613,FALSE
"gene_211",148.851359075516,0.0819145120954678,0.0838029083249926,0.0821662553739669,0.0821662553739669,FALSE
"gene_212",30.6108380985712,0.170047745186059,0.213522647162157,0.176613733902726,0.176613733902726,FALSE
"gene_213",20.3553587705856,0.243418436188117,0.295797996981999,0.25126729100022,0.25126729100022,FALSE
"gene_214",381.432730265446,0.0681078370030199,0.0633256447005167,0.0674901628209057,0.0674901628209057,FALSE
"gene_215",6.29260703349876,0.885115876580645,0.844616434181847,0.8782629879239,0.8782629879239,FALSE
"gene_216",1646.4675164327,0.0443520010468823,0.0532563488719053,0.0480536308973829,0.0480536308973829,FALSE
"gene_217",7.00809081152634,1.26840185380131,0.763513378901217,1.17832221781252,1.26840185380131,TRUE
"gene_218",28.9205731238101,0.245853043304921,0.223066866960982,0.242302496103893,0.242302496103893,FALSE
"gene_219",5.84692124932967,0.757883354809243,0.905169854875001,0.781649972495129,0.781649972495129,FALSE
"gene_220",31.9169202042846,0.259812020141492,0.206840099932606,0.251468585270232,0.251468585270232,FALSE
"gene_221",10.2781034006053,0.831109968544628,0.536576813847589,0.773510498972457,0.831109968544628,TRUE
"gene_222",135.51759457208,0.118043555049836,0.0871071518494614,0.11342129889426,0.11342129889426,FALSE
"gene_223",48.7304292060547,0.13117102659327,0.152801398770636,0.134297540287034,0.134297540287034,FALSE
"gene_224",11.9949875590241,0.519773619559123,0.466962913887959,0.511199271982324,0.511199271982324,FALSE
"gene_225",434.030265874735,0.05239354792191,0.0617374813103321,0.0535184152883231,0.0535184152883231,FALSE
"gene_226",220.934725013991,0.0856953165802773,0.0728460504426126,0.0839097874350939,0.0839097874350939,FALSE
"gene_227",1233.04774544533,0.0571378138993931,0.0542742976783795,0.0596718556108889,0.0596718556108889,FALSE
"gene_228",19.9484263360333,0.287010019635751,0.300807592476314,0.289172666338901,0.289172666338901,FALSE
"gene_229",397.076837556419,0.0910565159212033,0.0628093162802698,0.0867531960339625,0.0867531960339625,FALSE
"gene_230",1103.0525908206,0.0559465544520161,0.0547520676035753,0.0559343277300624,0.0559343277300624,FALSE
"gene_231",23.8078069218509,0.213479139397373,0.260185963943998,0.220417460623769,0.220417460623769,FALSE
"gene_232",629.158244622252,0.0575712012786453,0.0581655146663169,0.0576463489588222,0.0576463489588222,FALSE
"gene_233",27.3072742705073,0.248930563411648,0.233278550165724,0.246454612521786,0.246454612521786,FALSE
"gene_234",16.7251918020484,0.378480550555697,0.349100117658077,0.373895054269258,0.373895054269258,FALSE
"gene_235",658.881094888135,0.0482093348325892,0.0578070954625676,0.0498071772108927,0.0498071772108927,FALSE
"gene_236",36.7207568326053,0.13525755393613,0.186350976277659,0.142550790848906,0.142550790848906,FALSE
"gene_237",17.9225048210813,0.360075980134982,0.329133447307896,0.355156644888159,0.355156644888159,FALSE
"gene_238",17.4636170920675,0.413853361058591,0.33646238946176,0.401873406797397,0.401873406797397,FALSE
"gene_239",3.9242463998061,1.43835408358744,1.32405030163319,1.41561686900415,1.41561686900415,FALSE
"gene_240",2416.66837387793,0.0624114653081067,0.052288736242904,0.0610371854801685,0.0610371854801685,FALSE
"gene_241",236.919872993065,0.0607374255139359,0.0713194726339767,0.0620672527479671,0.0620672527479671,FALSE
"gene_242",25.2434350487752,0.292036505143586,0.248244931719905,0.285343064639981,0.285343064639981,FALSE
"gene_243",198.016222141501,0.0862453120305145,0.075464771550854,0.0827664656502005,0.0827664656502005,FALSE
"gene_244",5.19971997764683,0.685476116255724,1.01158413639384,0.739148544217484,0.739148544217484,FALSE
"gene_245",67.6833356181935,0.113389023068545,0.124076296506701,0.115691248275408,0.115691248275408,FALSE
"gene_246",4.0644933687179,1.0969301650973,1.28009628666799,1.13105555246134,1.13105555246134,FALSE
"gene_247",1959.49808761533,0.0393192578963816,0.0527713323883431,0.0393621086361143,0.0393621086361143,FALSE
"gene_248",4571.44723062434,0.0404108077703506,0.0513137472975698,0.0397478182539054,0.0397478182539054,FALSE
"gene_249",259.020902352796,0.0641868262660472,0.0695191764784249,0.0648718205752339,0.0648718205752339,FALSE
"gene_250",25.1847483770255,0.191276575274934,0.248706378019795,0.199611909757524,0.199611909757524,FALSE
"gene_251",125.30447952324,0.110394477180529,0.0901136690901851,0.107479983908005,0.107479983908005,FALSE
"gene_252",2111.00779694419,0.061074789753068,0.0525882386300356,0.0590464054823667,0.0590464054823667,FALSE
"gene_253",105.321081226783,0.129396833776205,0.0976829599593775,0.124690068838159,0.124690068838159,FALSE
"gene_254",73.5593630968118,0.141673899183457,0.118176570269585,0.138127054205433,0.138127054205433,FALSE
"gene_255",43.0610389223014,0.211882778633901,0.166307169423483,0.204604609892232,0.204604609892232,FALSE
"gene_256",379.805590642355,0.0575499086682909,0.0633817899824345,0.0570691181455863,0.0570691181455863,FALSE
"gene_257",18.6837677269459,0.272948957057409,0.31776923709417,0.279656855631762,0.279656855631762,FALSE
"gene_258",188.336928548089,0.0838451551056803,0.0767621753482625,0.0828631244105668,0.0828631244105668,FALSE
"gene_259",617.425297829804,0.0462293013343863,0.0583164985335325,0.0469587925298772,0.0469587925298772,FALSE
"gene_260",32.9391812606107,0.175354170831502,0.201979433769641,0.179309449897034,0.179309449897034,FALSE
"gene_261",270.02822234178,0.0829797293364111,0.0687324833111151,0.0797593753558899,0.0797593753558899,FALSE
"gene_262",90.4506801383376,0.127655318952497,0.105485990244787,0.124391235674672,0.124391235674672,FALSE
"gene_263",4982.2977416272,0.0683787851494521,0.0512235760249953,0.065149558957631,0.065149558957631,FALSE
"gene_264",7.5031598333565,0.770578786187033,0.716449297251305,0.761740436167381,0.761740436167381,FALSE
"gene_265",3000.00057061608,0.0480528712953376,0.0518865332411762,0.0463600950682312,0.0463600950682312,FALSE
"gene_266",172.078462475616,0.083377579029721,0.0792699316145339,0.0828044357440625,0.0828044357440625,FALSE
"gene_267",652.875314210467,0.0516023516638246,0.0578768865442724,0.0548264883796577,0.0548264883796577,FALSE
"gene_268",57.8464190003671,0.174643216372539,0.136635685538588,0.166523272825781,0.166523272825781,FALSE
"gene_269",4892.55153764091,0.0534860893270579,0.0512419803018355,0.0552490442293945,0.0552490442293945,FALSE
"gene_270",233.434054998284,0.0560427859495685,0.07163454241987,0.0587879736904242,0.0587879736904242,FALSE
"gene_271",7.26066044679818,0.781237001332352,0.738700734873155,0.773553195191694,0.773553195191694,FALSE
"gene_272",31.6215995973629,0.267943617882824,0.208302804760908,0.258788132059809,0.258788132059809,FALSE
"gene_273",1540.98857152609,0.0436491044720232,0.0534641658129623,0.0440228405490547,0.0440228405490547,FALSE
"gene_274",31.9773068299587,0.200611470385275,0.206544335697569,0.201502634652042,0.201502634652042,FALSE
"gene_275",18.6817818869927,0.464670259811198,0.317797677071304,0.440697282654473,0.440697282654473,FALSE
"gene_276",59.1627636732451,0.154931323858431,0.134712981476073,0.151911405376961,0.151911405376961,FALSE
"gene_277",33.2468781126704,0.190414779456505,0.200574916325444,0.191994544403146,0.191994544403146,FALSE
"gene_278",40.0433377607335,0.153651669996636,0.175055581101857,0.156831494640747,0.156831494640747,FALSE
"gene_279",42.2480982964322,0.112618525392678,0.168540921218856,0.12059366226216,0.12059366226216,FALSE
"gene_280",139.287693088961,0.0992522087362495,0.0861087347169809,0.0957169021549454,0.0957169021549454,FALSE
"gene_281",310.887217602341,0.0997156094194234,0.0662994759926884,0.0943788364742693,0.0943788364742693,FALSE
"gene_282",241.134472513501,0.0794575056599127,0.0709506961014062,0.07831468509639,0.07831468509639,FALSE
"gene_283",297.264005075834,0.0796915476278555,0.0670363650319169,0.07796625681175,0.07796625681175,FALSE
"gene_284",309.49821143146,0.0441072284425632,0.0663716383848093,0.0478763712679459,0.0478763712679459,FALSE
"gene_285",42.2521331424677,0.171948356823124,0.168529622247221,0.171414763482768,0.171414763482768,FALSE
"gene_286",169.614516251018,0.0579266738512734,0.079691928694489,0.0612632253646472,0.0612632253646472,FALSE
"gene_287",926.189625508785,0.0526939017673411,0.0556174509371155,0.0538047370120408,0.0538047370120408,FALSE
"gene_288",1428.32168519433,0.0490602173776353,0.0537200471435104,0.0504466643079015,0.0504466643079015,FALSE
"gene_289",34.7154141137425,0.14006127968006,0.194214593901028,0.147896028052642,0.147896028052642,FALSE
"gene_290",4800.59807152402,0.0614387925313325,0.0512615509452737,0.0612132105713331,0.0612132105713331,FALSE
"gene_291",4209.30001012151,0.0527924343118623,0.0514078255671567,0.0476612816015947,0.0476612816015947,FALSE
"gene_292",6.92016301575556,0.731322653359126,0.772576502357643,0.738494040218858,0.738494040218858,FALSE
"gene_293",378.487431702688,0.0944745913792702,0.0634276276720279,0.090015083866458,0.090015083866458,FALSE
"gene_294",5.75742640860105,1.52311569397656,0.918459399970732,1.40256871123425,1.52311569397656,TRUE
"gene_295",26.418690703752,0.208191955940831,0.239435652760246,0.212979650778494,0.212979650778494,FALSE
"gene_296",5.55114243037969,1.26044444317851,0.950723717855549,1.19633074925825,1.19633074925825,FALSE
"gene_297",1320.44263930112,0.0562732291250745,0.0540059768527971,0.0596324760120647,0.0596324760120647,FALSE
"gene_298",2346.11930863968,0.041484700823319,0.0523509364552148,0.0445972591357994,0.0445972591357994,FALSE
"gene_299",87.6374640640791,0.144066340077729,0.107260053934123,0.138462298596865,0.138462298596865,FALSE
"gene_300",11.7798449300459,0.510033492243277,0.474574143989966,0.504643196688939,0.504643196688939,FALSE
"gene_301",7.40705836463044,0.845466407779252,0.72509315908,0.825848148769693,0.825848148769693,FALSE
"gene_302",21.3070297940569,0.318840957625048,0.284829353333461,0.313364639627562,0.313364639627562,FALSE
"gene_303",126.323247232649,0.0968906869072926,0.0897919379863297,0.0958797282657794,0.0958797282657794,FALSE
"gene_304",2314.7732712326,0.0494530295609691,0.0523797895133338,0.0534608441031022,0.0534608441031022,FALSE
"gene_305",8.80706933595871,0.637924171309523,0.617812356807662,0.634787479456548,0.634787479456548,FALSE
"gene_306",26.4551466769649,0.126221712141916,0.239174908361361,0.141189305196051,0.141189305196051,FALSE
"gene_307",2376.92200906911,0.0667973235528743,0.0523233248584701,0.0645651892038286,0.0645651892038286,FALSE
"gene_308",195.673498176558,0.0792323563358395,0.0757670144428542,0.0787501691509417,0.0787501691509417,FALSE
"gene_309",90.991948473053,0.120990501722125,0.105157240386251,0.120442102329253,0.120442102329253,FALSE
"gene_310",791.075572740009,0.0557908837746364,0.0565392799874034,0.0563237347160277,0.0563237347160277,FALSE
"gene_311",2462.6510364985,0.0737097765528262,0.0522501136046142,0.0709417594384998,0.0709417594384998,FALSE
"gene_312",124.919049139951,0.111588667318423,0.0902367578613179,0.107836181523088,0.107836181523088,FALSE
"gene_313",548.714469675472,0.0599610696890024,0.0593303214553217,0.0593459439362136,0.0593459439362136,FALSE
"gene_314",182.849902694951,0.0769282926012906,0.0775586547433171,0.0770080627769334,0.0770080627769334,FALSE
"gene_315",79.0838478386543,0.0785432646047607,0.113429411226853,0.0844288958926458,0.0844288958926458,FALSE
"gene_316",938.62377279209,0.0415748715297388,0.0555459531992167,0.0428501639764475,0.0428501639764475,FALSE
"gene_317",52.2167565352368,0.142809877877816,0.145952420512727,0.142038834020184,0.142038834020184,FALSE
"gene_318",457.073053151279,0.0373931813167385,0.0611568544359615,0.0396325962187023,0.0396325962187023,FALSE
"gene_319",5.41018066010172,0.713696436041682,0.974186254440356,0.752948417432713,0.752948417432713,FALSE
"gene_320",383.30227409311,0.0487917224774393,0.0632617236278932,0.0519051294905644,0.0519051294905644,FALSE
"gene_321",120.901281463814,0.103847627505429,0.0915665782960643,0.10209426167948,0.10209426167948,FALSE
"gene_322",16.3560439783263,0.305537765379384,0.3558456882518,0.314078234049546,0.314078234049546,FALSE
"gene_323",3865.21797622096,0.0400235029146659,0.0515135428229894,0.0407061557680494,0.0407061557680494,FALSE
"gene_324",591.600172726142,0.0528022433761201,0.0586699237052854,0.052931197374213,0.052931197374213,FALSE
"gene_325",2751.67266872093,0.0610267503663858,0.0520369080774304,0.0569925572456528,0.0569925572456528,FALSE
"gene_326",131.639124729477,0.110350125077727,0.0881939465305384,0.108603292439025,0.108603292439025,FALSE
"gene_327",1904.90346934475,0.0567806764161106,0.0528444462584258,0.0561236435102685,0.0561236435102685,FALSE
"gene_328",102.221487008521,0.137451104605797,0.0991221398915208,0.134081268924955,0.134081268924955,FALSE
"gene_329",320.921540510819,0.0459627394093162,0.0657967236602437,0.0480028229854602,0.0480028229854602,FALSE
"gene_330",14.7006001472505,0.419173597645605,0.390262360089108,0.412337300409759,0.412337300409759,FALSE
"gene_331",8.90061652532744,0.87307490196287,0.611846854835481,0.828969768424893,0.828969768424893,FALSE
"gene_332",2091.06338884891,0.0783653902882133,0.0526108242425002,0.073357636969941,0.073357636969941,FALSE
"gene_333",5.80635867470469,0.994094597974162,0.911142437472191,0.979259774525892,0.979259774525892,FALSE
"gene_334",19.8705987388283,0.360073585576704,0.301789073220413,0.35111806437729,0.35111806437729,FALSE
"gene_335",7.12739824259408,0.519195894378128,0.751573374034275,0.554412272253778,0.554412272253778,FALSE
"gene_336",18.0840272957221,0.281584138582007,0.326642257286437,0.288732659112574,0.288732659112574,FALSE
"gene_337",373.208238612568,0.0622721390714484,0.0636144516511297,0.0624455649858245,0.0624455649858245,FALSE
"gene_338",1245.23638675789,0.0866898780004564,0.0542346158790581,0.0827961771658504,0.0866898780004564,TRUE
"gene_339",9.81012089559429,0.526141617823439,0.55977799160846,0.531487847756506,0.531487847756506,FALSE
"gene_340",140.075912487487,0.0773728705148845,0.0859067871297545,0.0785011862037149,0.0785011862037149,FALSE
"gene_341",607.992727466608,0.0565275298197429,0.0584421058695655,0.0569593089708671,0.0569593089708671,FALSE
"gene_342",320.257238629948,0.0522839387857909,0.065829033545437,0.0539507457385083,0.0539507457385083,FALSE
"gene_343",112.736390482424,0.105602773766853,0.0945610700137734,0.103985082940618,0.103985082940618,FALSE
"gene_344",5657.12231876668,0.0530076275500471,0.0511038927677123,0.052775923030763,0.052775923030763,FALSE
"gene_345",11.7868441677035,0.598482148227847,0.474322155107444,0.578452654590327,0.578452654590327,FALSE
"gene_346",36.4976682135273,0.164057505327875,0.187183062686594,0.167400188143983,0.167400188143983,FALSE
"gene_347",51.7955812925882,0.108729101936511,0.146730865608768,0.114241208572591,0.114241208572591,FALSE
"gene_348",647.8447393345,0.0670991051112209,0.0579363409700303,0.0650911108567345,0.0650911108567345,FALSE
"gene_349",3149.23581090045,0.0520199737580231,0.0518075722436356,0.0528651408910144,0.0528651408910144,FALSE
"gene_350",13.7707036406034,0.468353375809864,0.41322443740528,0.457576397930085,0.457576397930085,FALSE
"gene_351",99.4059602664954,0.0667998751387316,0.100507213305065,0.0718400666331126,0.0718400666331126,FALSE
"gene_352",2079.22954818081,0.042261413851935,0.0526244300347923,0.0428441452318221,0.0428441452318221,FALSE
"gene_353",39.2329148117733,0.203084101662709,0.177634268160007,0.199101695337791,0.199101695337791,FALSE
"gene_354",133.118756186334,0.072037923990164,0.0877718642946514,0.0747610666499551,0.0747610666499551,FALSE
"gene_355",1115.39168293722,0.0873898222974494,0.0547019341825333,0.0820585637222573,0.0873898222974494,TRUE
"gene_356",394.399226768151,0.0708704322658595,0.0628947844877622,0.0716700605033666,0.0716700605033666,FALSE
"gene_357",210.58093448722,0.0869084984692329,0.0739585096649863,0.0854319145771065,0.0854319145771065,FALSE
"gene_358",919.003420574648,0.0537981947504578,0.0556596546163884,0.0540267924480026,0.0540267924480026,FALSE
"gene_359",36.7361049208853,0.270599633913346,0.186294101814043,0.257023233863999,0.257023233863999,FALSE
"gene_360",10.9518106152768,0.557812673276035,0.506658297973544,0.549566602617882,0.549566602617882,FALSE
"gene_361",2606.63936483974,0.0624539081354702,0.0521379863418837,0.0622256410875967,0.0622256410875967,FALSE
"gene_362",44.5886051387523,0.148533283429373,0.16233013444743,0.148892299877896,0.148892299877896,FALSE
"gene_363",79.3902610107547,0.12000685536939,0.113185450361631,0.118986935965958,0.118986935965958,FALSE
"gene_364",163.197612312865,0.0763916545173279,0.0808507500100324,0.0770600863212068,0.0770600863212068,FALSE
"gene_365",87.4349539988271,0.0851921278813342,0.107392165086671,0.0882209979123429,0.0882209979123429,FALSE
"gene_366",16.110280787791,0.379321393524042,0.360508020431625,0.376434912055014,0.376434912055014,FALSE
"gene_367",5.0997147121474,0.856157887416168,1.03043645563191,0.886830017921189,0.886830017921189,FALSE
"gene_368",4659.28310209958,0.0435968255633597,0.0512931330797852,0.0443454202708321,0.0443454202708321,FALSE
"gene_369",14.6548190025031,0.397669450824852,0.391324639782673,0.394352353271644,0.394352353271644,FALSE
"gene_370",2279.76473906645,0.0430229299412105,0.0524129517005468,0.0423678163444281,0.0423678163444281,FALSE
"gene_371",9.33444954802573,0.61247484385136,0.585744387588553,0.607761833129643,0.607761833129643,FALSE
"gene_372",78.241850346239,0.174056003102315,0.114109634754749,0.162955850282005,0.162955850282005,FALSE
"gene_373",1102.44292304823,0.0556667435221253,0.0547545737628083,0.0545805472234667,0.0545805472234667,FALSE
"gene_374",4744.5641705383,0.056097769650834,0.051273848731599,0.0557259843684297,0.0557259843684297,FALSE
"gene_375",4933.37284309336,0.0420099942920066,0.0512335260477326,0.0465061596093711,0.0465061596093711,FALSE
"gene_376",31.8347455452512,0.185460626338706,0.20724438090883,0.188635734064253,0.188635734064253,FALSE
"gene_377",74.8688391266972,0.105087594410376,0.116987996205766,0.106777271528759,0.106777271528759,FALSE
"gene_378",19.315075891011,0.34977348437132,0.309024469278583,0.343582722232339,0.343582722232339,FALSE
"gene_379",203.443683572383,0.0819704072403007,0.0747912995879549,0.0809951836481132,0.0809951836481132,FALSE
"gene_380",339.347767645084,0.0540117922659618,0.0649509380127662,0.0553454924882611,0.0553454924882611,FALSE
"gene_381",55.4086274330617,0.152480071142533,0.140437671028539,0.152381978749911,0.152381978749911,FALSE
"gene_382",3613.18154143703,0.05385155689384,0.0516037554458474,0.0542855334239191,0.0542855334239191,FALSE
"gene_383",94.1830005134156,0.106940254581574,0.10329589847926,0.108251097380228,0.108251097380228,FALSE
"gene_384",1176.44710276681,0.0443826905565205,0.0544693435759656,0.0448749345682464,0.0448749345682464,FALSE
"gene_385",3368.25570281323,0.0503502364487167,0.0517043576562,0.0505096990913509,0.0505096990913509,FALSE
"gene_386",251.794737021279,0.0991785201273113,0.0700730290662206,0.0963667255592262,0.0963667255592262,FALSE
"gene_387",851.229200169779,0.0840566476287244,0.0560927351323224,0.081186531056748,0.081186531056748,FALSE
"gene_388",592.885672689715,0.0552711801092201,0.0586516030679953,0.0551166294086917,0.0551166294086917,FALSE
"gene_389",328.403066774521,0.0695157523907775,0.0654418678764382,0.0689829440311569,0.0689829440311569,FALSE
"gene_390",4.72577944086843,0.660858430997023,1.10799771592698,0.736870479963987,0.736870479963987,FALSE
"gene_391",628.800110766452,0.0565903665401546,0.0581700398960566,0.0567997909305827,0.0567997909305827,FALSE
"gene_392",19.2840050048788,0.437745607145502,0.309441461295472,0.417741922191488,0.417741922191488,FALSE
"gene_393",212.022550617844,0.054994976951876,0.0737971049246537,0.0576508127022402,0.0576508127022402,FALSE
"gene_394",89.9185374556686,0.107487184621356,0.105813055777539,0.107242132657655,0.107242132657655,FALSE
"gene_395",4432.58131228499,0.0796341577275252,0.0513480045875711,0.0762311181545032,0.0796341577275252,TRUE
"gene_396",673.081958829228,0.0542353147443458,0.0576470263542765,0.0546469501479697,0.0546469501479697,FALSE
"gene_397",5.13393219877879,0.971713025401195,1.02390334742219,0.981879201677396,0.981879201677396,FALSE
"gene_398",45.8694430114689,0.128068457285115,0.159199628283734,0.13262096589573,0.13262096589573,FALSE
"gene_399",145.933513758329,0.10291465856077,0.0844743714649609,0.100036133846695,0.100036133846695,FALSE
"gene_400",332.534108428744,0.0748792388058178,0.0652527711861066,0.0724969344622292,0.0724969344622292,FALSE
"gene_401",41.7045794446113,0.18233584163125,0.170082946368192,0.180491099154308,0.180491099154308,FALSE
"gene_402",24.2076027845367,0.213104836765656,0.256718316990511,0.219485178454859,0.219485178454859,FALSE
"gene_403",326.912885424533,0.0489307158810015,0.0655112532029881,0.050903729507664,0.050903729507664,FALSE
"gene_404",627.789604110021,0.0407134842596765,0.0581828360720664,0.0442636048214372,0.0442636048214372,FALSE
"gene_405",353.896054945454,0.0593618727271443,0.0643453756055626,0.0608919503320931,0.0608919503320931,FALSE
"gene_406",107.616844707018,0.0944336382511115,0.0966704499263598,0.095394188265438,0.095394188265438,FALSE
"gene_407",34.1673752429201,0.274598049357521,0.196524238467286,0.262328287256113,0.262328287256113,FALSE
"gene_408",244.535845114345,0.063863938572787,0.0706623459827768,0.0647343890510832,0.0647343890510832,FALSE
"gene_409",2310.35782285957,0.0414476591065774,0.0523839167071142,0.0424680981679114,0.0424680981679114,FALSE
"gene_410",129.329511082932,0.0849355248678422,0.0888720945080897,0.0855006636279271,0.0855006636279271,FALSE
"gene_411",4.07336686207415,0.639410048905746,1.27741710329759,0.750704525756036,0.750704525756036,FALSE
"gene_412",196.84932865383,0.0679164060132483,0.0756144172581459,0.0689080472081238,0.0689080472081238,FALSE
"gene_413",1069.76098239762,0.0503659334568982,0.0548931002192805,0.052470914728598,0.052470914728598,FALSE
"gene_414",105.516327778836,0.104661479837276,0.0975951353651949,0.103096175967274,0.103096175967274,FALSE
"gene_415",13.6814655868159,0.491925977879231,0.415592150584159,0.48304044319185,0.48304044319185,FALSE
"gene_416",4858.21648082677,0.0459101914647967,0.0512492012338144,0.0455253486789285,0.0455253486789285,FALSE
"gene_417",185.048842412079,0.0822359910579783,0.0772337919509117,0.0815494441820322,0.0815494441820322,FALSE
"gene_418",315.225583220082,0.0811713276971128,0.0660781820215185,0.0783494121177653,0.0783494121177653,FALSE
"gene_419",136.978202180177,0.0630387161509449,0.0867138244796416,0.0660409968052668,0.0660409968052668,FALSE
"gene_420",780.684320317093,0.0571926931431038,0.0566233889389414,0.0562855457366643,0.0562855457366643,FALSE
"gene_421",14.1546571114981,0.453593876539386,0.403377733733237,0.445008197145568,0.445008197145568,FALSE
"gene_422",24.3463980906103,0.285930850244543,0.25554110132918,0.281163176449475,0.281163176449475,FALSE
"gene_423",40.3850490662652,0.159050959796205,0.173999308005833,0.161250783454837,0.161250783454837,FALSE
"gene_424",937.261136454095,0.0501986568559044,0.0555536959550327,0.0508560338838493,0.0508560338838493,FALSE
"gene_425",112.954496688552,0.102898827435788,0.0944754514124936,0.101346245773739,0.101346245773739,FALSE
"gene_426",7.1573808631825,0.709276284759236,0.748635371328901,0.717011573087673,0.717011573087673,FALSE
"gene_427",299.755506312321,0.0780146501424766,0.0668965932929694,0.0746651631883992,0.0746651631883992,FALSE
"gene_428",7.42658390154758,0.681472450857652,0.723318823006388,0.688454588516893,0.688454588516893,FALSE
"gene_429",1027.43369354736,0.0463240304187199,0.0550856077174995,0.0473450941451178,0.0473450941451178,FALSE
"gene_430",67.5261892911738,0.0981778601789082,0.124248173597749,0.101751262970156,0.101751262970156,FALSE
"gene_431",8.031337394436,0.641408081271093,0.672635021852845,0.647666641118631,0.647666641118631,FALSE
"gene_432",73.2760854617641,0.100016234002559,0.118439282216519,0.10254969945262,0.10254969945262,FALSE
"gene_433",64.6629455858733,0.132857304071407,0.127526093554599,0.132098548413611,0.132098548413611,FALSE
"gene_434",179.512769480784,0.072212556187381,0.0780668741191528,0.0729878478911562,0.0729878478911562,FALSE
"gene_435",18.3417955007156,0.336300327508479,0.322757533882197,0.33425297955954,0.33425297955954,FALSE
"gene_436",3241.68742963521,0.0749481367264985,0.0517623027166013,0.0717752422337092,0.0717752422337092,FALSE
"gene_437",230.888708397838,0.050531203949361,0.0718706162117591,0.0541574772369112,0.0541574772369112,FALSE
"gene_438",2022.58885299291,0.050437824559945,0.0526917565727745,0.0496967474020982,0.0496967474020982,FALSE
"gene_439",1334.39464785949,0.0691509122122458,0.0539663945863107,0.0681727592807466,0.0681727592807466,FALSE
"gene_440",1898.96824082204,0.0466508316696492,0.0528526481594965,0.049412386815867,0.049412386815867,FALSE
"gene_441",5.78901253144356,0.802916242454674,0.913722096672998,0.823368180222207,0.823368180222207,FALSE
"gene_442",434.274658302751,0.0493551201271213,0.061730999877874,0.0509666669880207,0.0509666669880207,FALSE
"gene_443",148.261773395474,0.0914685241214943,0.0839364548794795,0.0904261506858465,0.0904261506858465,FALSE
"gene_444",630.271236383589,0.0607898637084971,0.0581514841928921,0.0604523535608625,0.0604523535608625,FALSE
"gene_445",231.841879881087,0.0902670249400572,0.0717816051026388,0.0876500080820885,0.0876500080820885,FALSE
"gene_446",23.89565590672,0.234882950496707,0.25941405485359,0.238658650789247,0.238658650789247,FALSE
"gene_447",419.771955456716,0.0618458821217866,0.0621286844989063,0.0600925739544083,0.0600925739544083,FALSE
"gene_448",64.5435270979543,0.168941599472775,0.127669124874027,0.163783395570161,0.163783395570161,FALSE
"gene_449",2157.53198399872,0.0450876151246033,0.0525371764363094,0.0466246527256624,0.0466246527256624,FALSE
"gene_450",750.651007728282,0.0408962705911664,0.0568795761602335,0.0430265792551001,0.0430265792551001,FALSE
"gene_451",659.991709488128,0.0698788076072378,0.0577943285581403,0.0672684222185536,0.0672684222185536,FALSE
"gene_452",22.1615780391709,0.305343494886265,0.275782849998184,0.300513374224354,0.300513374224354,FALSE
"gene_453",467.484113385518,0.0624759818847614,0.0609132920386637,0.0633051841370117,0.0633051841370117,FALSE
"gene_454",249.296181931824,0.0955714563829914,0.070272002186096,0.0916996925967116,0.0916996925967116,FALSE
"gene_455",1281.7817123411,0.0526664147653635,0.0541201611563767,0.0498484274795567,0.0498484274795567,FALSE
"gene_456",36.9698024442226,0.248738941369496,0.185433937087742,0.239099973378975,0.239099973378975,FALSE
"gene_457",697.349930140598,0.0721485439503543,0.0573885727953044,0.0692463996393623,0.0692463996393623,FALSE
"gene_458",4.79157483023839,1.36916940668143,1.09347287136223,1.31408559153457,1.31408559153457,FALSE
"gene_459",97.7872859431886,0.126421445753016,0.101339613964918,0.122687328062133,0.122687328062133,FALSE
"gene_460",27.1102375632166,0.253224188223674,0.234609014452597,0.250366417333533,0.250366417333533,FALSE
"gene_461",13.1940542727708,0.503680513001785,0.429089623763672,0.489705326786186,0.489705326786186,FALSE
"gene_462",1833.69843728506,0.0452822464811025,0.0529463470492327,0.0470161784409804,0.0470161784409804,FALSE
"gene_463",272.25259291376,0.0655510882566518,0.068581233892303,0.0650857582450284,0.0650857582450284,FALSE
"gene_464",94.5978606409007,0.139397380752418,0.10306313458468,0.133914229830564,0.133914229830564,FALSE
"gene_465",332.119415974977,0.0674770790631846,0.0652715411494567,0.0659358312839493,0.0659358312839493,FALSE
"gene_466",2732.11837623299,0.0611585715144564,0.0520499101797723,0.0597904739678582,0.0597904739678582,FALSE
"gene_467",572.612751044821,0.0499069705162952,0.0589501084234871,0.0514006923055103,0.0514006923055103,FALSE
"gene_468",41.4073230564058,0.0954653396061102,0.170943420961252,0.105933724476033,0.105933724476033,FALSE
"gene_469",226.734209924603,0.0744665771903281,0.0722673202425223,0.0731470888073728,0.0731470888073728,FALSE
"gene_470",9.531668264956,0.396956671531811,0.574663915782098,0.423872341525678,0.423872341525678,FALSE
"gene_471",886.980679218388,0.0540350119831324,0.0558560335853907,0.0531534961551193,0.0531534961551193,FALSE
"gene_472",9.78180042123697,0.341174392876979,0.561253273874679,0.37434892016392,0.37434892016392,FALSE
"gene_473",4794.07051338252,0.070676230473505,0.0512629687575768,0.0687139203543157,0.0687139203543157,FALSE
"gene_474",12.4573496865194,0.545162678884686,0.451495256218355,0.529784701520952,0.529784701520952,FALSE
"gene_475",167.44214309628,0.0849113591012069,0.0800742904008485,0.0842466275176926,0.0842466275176926,FALSE
"gene_476",36.5265304091353,0.234691425910693,0.187074838686673,0.227899033867869,0.227899033867869,FALSE
"gene_477",5158.75323693326,0.0465609624137076,0.0511892575080359,0.0508474247913109,0.0508474247913109,FALSE
"gene_478",34.2881498540392,0.201348672538113,0.196008905727791,0.200560237818958,0.200560237818958,FALSE
"gene_479",36.7622125613137,0.234199942163734,0.186197465439185,0.226592680749445,0.226592680749445,FALSE
"gene_480",23.1804079929774,0.142002990635274,0.265868877647333,0.159593260618224,0.159593260618224,FALSE
"gene_481",90.0753867353222,0.0944967142607201,0.105716251418356,0.0960511079297504,0.0960511079297504,FALSE
"gene_482",4.49254154993087,0.959523639856915,1.16291402117139,0.993697236697856,0.993697236697856,FALSE
"gene_483",136.207257555194,0.0611817026332353,0.0869203811527137,0.0644450066093716,0.0644450066093716,FALSE
"gene_484",12.3929679466472,0.329778426710758,0.453579888615049,0.348708558506966,0.348708558506966,FALSE
"gene_485",64.3318042860433,0.108647902949423,0.12792401733031,0.111385619065487,0.111385619065487,FALSE
"gene_486",325.75158337582,0.0628428164378197,0.0655657654863465,0.0632133573399225,0.0632133573399225,FALSE
"gene_487",80.7232532698832,0.0989488628239257,0.112145699001751,0.100794354023152,0.100794354023152,FALSE
"gene_488",1162.63227629566,0.0421660352897201,0.0545198327667231,0.0425550684423856,0.0425550684423856,FALSE
"gene_489",86.690384365556,0.158041570928333,0.107883205301593,0.150345358454612,0.150345358454612,FALSE
"gene_490",114.609194880581,0.0881974871621794,0.0938365062863719,0.0889735547417516,0.0889735547417516,FALSE
"gene_491",8.16574722866402,0.585202952533399,0.662389950248086,0.597874353167741,0.597874353167741,FALSE
"gene_492",151.983881519477,0.0624089560311199,0.0831107401757235,0.065123651429887,0.065123651429887,FALSE
"gene_493",204.998508858186,0.0762218773212021,0.0746049388429618,0.0760036897780735,0.0760036897780735,FALSE
"gene_494",21.3479229206584,0.228119119794594,0.284379946643061,0.236784991097597,0.236784991097597,FALSE
"gene_495",4.9869742803573,0.894790679410066,1.05259618436046,0.924494717698157,0.924494717698157,FALSE
"gene_496",2436.93808294242,0.0467822501419856,0.052271531280918,0.0481042418753068,0.0481042418753068,FALSE
"gene_497",3396.20962064593,0.0389269534184155,0.0516921421660364,0.0405213723706747,0.0405213723706747,FALSE
"gene_498",27.2065387900657,0.219358478887339,0.233956345493812,0.22160999311533,0.22160999311533,FALSE
"gene_499",1320.53973558609,0.0480146880954302,0.0540056984975865,0.0509127832184853,0.0509127832184853,FALSE
"gene_500",436.817041729935,0.0760544392533326,0.0616640045149655,0.0741019364632587,0.0741019364632587,FALSE
"gene_501",4152.14497150906,0.06418959233749,0.0514241726359166,0.0625931385340754,0.0625931385340754,FALSE
"gene_502",1042.0392443617,0.0583679783968589,0.0550174134581958,0.0582965059042423,0.0582965059042423,FALSE
"gene_503",657.09701493818,0.0504690431429324,0.0578276944336216,0.0513502119419713,0.0513502119419713,FALSE
"gene_504",443.71944569659,0.079846820211972,0.0614859880823898,0.0771253630049037,0.0771253630049037,FALSE
"gene_505",44.6284147133619,0.140220282060957,0.162230129854611,0.143691616337283,0.143691616337283,FALSE
"gene_506",11.9015979448504,0.449368438274109,0.470233015592597,0.452612865110816,0.452612865110816,FALSE
"gene_507",360.847441561696,0.0516399608526703,0.0640732685221936,0.0537931127005475,0.0537931127005475,FALSE
"gene_508",365.381817182467,0.060046172663801,0.0639013531596472,0.0615494450798699,0.0615494450798699,FALSE
"gene_509",165.771943772051,0.135998849349577,0.0803750782274113,0.127417805435388,0.135998849349577,TRUE
"gene_510",468.569589180396,0.0577440313288974,0.0608885208444888,0.0581639161994803,0.0581639161994803,FALSE
"gene_511",6.65823235593578,0.688389857847651,0.800993541185728,0.70713270400782,0.70713270400782,FALSE
"gene_512",7.09022281319679,0.479658869247285,0.755250706029134,0.524490584294775,0.524490584294775,FALSE
"gene_513",21.149637677633,0.201191808951328,0.286575275529135,0.213799393329065,0.213799393329065,FALSE
"gene_514",218.066554419748,0.0636239350549601,0.073143641373853,0.0648381264377575,0.0648381264377575,FALSE
"gene_515",2748.19388130267,0.0634122991998712,0.0520392076732363,0.0615462149420139,0.0615462149420139,FALSE
"gene_516",162.216535148228,0.101734380946447,0.0810360016245475,0.0984454678511636,0.0984454678511636,FALSE
"gene_517",73.5872979854708,0.114420667622731,0.1181507729916,0.114954437925995,0.114954437925995,FALSE
"gene_518",46.2685123607054,0.139969516129585,0.158259673146515,0.142641676821906,0.142641676821906,FALSE
"gene_519",1747.90823520781,0.0504241833195811,0.0530801479086964,0.0507417294212971,0.0507417294212971,FALSE
"gene_520",11.4260709876379,0.57993147272048,0.487712986462324,0.56412323242843,0.56412323242843,FALSE
"gene_521",91.7190409400179,0.109722820563541,0.104721733595723,0.109003446688717,0.109003446688717,FALSE
"gene_522",574.186012246768,0.0467540264494166,0.0589261887655224,0.0476842625562999,0.0476842625562999,FALSE
"gene_523",206.448440446556,0.0747184404081552,0.0744336800184637,0.0753420592789065,0.0753420592789065,FALSE
"gene_524",5.30256092973601,0.886346035167597,0.992938885968462,0.905621767099355,0.905621767099355,FALSE
"gene_525",193.801538993066,0.0794377816710983,0.0760137745215463,0.0805139793161692,0.0805139793161692,FALSE
"gene_526",10.5823929785953,0.601039756155599,0.522591958904673,0.587982879048549,0.587982879048549,FALSE
"gene_527",97.737784577137,0.0945809544749949,0.101365504442194,0.0955157345389642,0.0955157345389642,FALSE
"gene_528",158.274586815512,0.08231710639133,0.0818034910033722,0.0822498488844825,0.0822498488844825,FALSE
"gene_529",766.461791600613,0.047731506615439,0.0567422059459117,0.0476787738041186,0.0476787738041186,FALSE
"gene_530",190.394482118904,0.0984440583803871,0.076475342380944,0.0952979156145308,0.0952979156145308,FALSE
"gene_531",12.6194934413104,0.402164875544386,0.446339404676723,0.407304496348093,0.407304496348093,FALSE
"gene_532",1316.49392737365,0.0575279628587025,0.0540173317918405,0.0561599909151295,0.0561599909151295,FALSE
"gene_533",8.85349805133589,0.378729525222999,0.614835841559614,0.41310673323299,0.41310673323299,FALSE
"gene_534",449.949099159709,0.082216164126314,0.0613300113578317,0.079302796163658,0.079302796163658,FALSE
"gene_535",1123.09212694367,0.0522525961139819,0.0546712057265757,0.0543194023994834,0.0543194023994834,FALSE
"gene_536",506.93633090488,0.0567243649299152,0.0600811089216882,0.0571390238280321,0.0571390238280321,FALSE
"gene_537",10.4275283422319,0.418888622475351,0.5296073962256,0.437693121208372,0.437693121208372,FALSE
"gene_538",547.306115736819,0.0583890830142036,0.0593537638975585,0.0585127904581508,0.0585127904581508,FALSE
"gene_539",51.4450791398582,0.125514721142872,0.147388405180278,0.128631812603617,0.128631812603617,FALSE
"gene_540",1200.60062427684,0.0768708699614278,0.0543838610700768,0.0730953381852285,0.0730953381852285,FALSE
"gene_541",107.989334421723,0.0903142380737023,0.0965102283788354,0.0911610437703443,0.0911610437703443,FALSE
"gene_542",5049.59267790257,0.0408094791200571,0.0512102050179665,0.0423359680846102,0.0423359680846102,FALSE
"gene_543",167.026930023795,0.0671318564486494,0.0801485046847551,0.0684260658336062,0.0684260658336062,FALSE
"gene_544",75.6244904033719,0.153655229875104,0.116320842940856,0.147448039043029,0.147448039043029,FALSE
"gene_545",1740.88894691868,0.0502987443956506,0.0530916790193305,0.0524315903089694,0.0524315903089694,FALSE
"gene_546",13.7042397941732,0.361982237458191,0.414984962200053,0.370077105954362,0.370077105954362,FALSE
"gene_547",520.458052175295,0.063906212560977,0.0598249198583357,0.062243104019051,0.062243104019051,FALSE
"gene_548",3863.51555651317,0.0538487988680543,0.0515141126955392,0.0524389142467881,0.0524389142467881,FALSE
"gene_549",15.1250498371038,0.367584774553834,0.380719861664482,0.369657088589422,0.369657088589422,FALSE
"gene_550",993.836240592827,0.0423393185052901,0.0552500848314775,0.0444680176605977,0.0444680176605977,FALSE
"gene_551",2546.10469491997,0.0507239756477293,0.0521835810801563,0.0508988890433694,0.0508988890433694,FALSE
"gene_552",61.7019376738297,0.112082833802645,0.131235915250413,0.116142712141207,0.116142712141207,FALSE
"gene_553",7.15402903631026,0.607088428272118,0.74896259484572,0.63007253551216,0.63007253551216,FALSE
"gene_554",898.351573003413,0.0504586722635175,0.055784698716708,0.0532397602337798,0.0532397602337798,FALSE
"gene_555",36.2836160928557,0.156502007896477,0.187991063147631,0.161066670669427,0.161066670669427,FALSE
"gene_556",49.2066895238005,0.142935168207398,0.151808539332601,0.142793213446611,0.142793213446611,FALSE
"gene_557",468.376475413679,0.0398650239083923,0.0608929194176263,0.0427430759774018,0.0427430759774018,FALSE
"gene_558",3.57933037784821,0.86641768827568,1.44680074501005,0.977059548295488,0.977059548295488,FALSE
"gene_559",48.016115793487,0.172013832925516,0.154327450652033,0.169372338754949,0.169372338754949,FALSE
"gene_560",1011.72576958885,0.0626352456065465,0.0551611464911789,0.0616700208338993,0.0616700208338993,FALSE
"gene_561",5.0096578534742,0.943404302836009,1.04805745771422,0.962770935038447,0.962770935038447,FALSE
"gene_562",17.1252060942666,0.354647905857231,0.342118816857038,0.352660556133529,0.352660556133529,FALSE
"gene_563",110.803472527291,0.0978175527424484,0.0953345759999772,0.097750918354207,0.097750918354207,FALSE
"gene_564",726.637580400749,0.0471614567619729,0.0570996487621141,0.0486138886303642,0.0486138886303642,FALSE
"gene_565",91.4205057542888,0.0915718334037791,0.1048997090689,0.0928060103486087,0.0928060103486087,FALSE
"gene_566",130.638360898094,0.0989144430259955,0.0884848464815525,0.0974172720535754,0.0974172720535754,FALSE
"gene_567",857.789695850895,0.0720343809988408,0.056047821614565,0.0698776396557241,0.0698776396557241,FALSE
"gene_568",465.820438881332,0.0418272006492558,0.0609514821320058,0.0439755198258793,0.0439755198258793,FALSE
"gene_569",18.6384470199662,0.391725226002012,0.318419801425798,0.380295285419506,0.380295285419506,FALSE
"gene_570",36.7705535989864,0.203754034322216,0.186166620350152,0.201099746467379,0.201099746467379,FALSE
"gene_571",5.36830691026208,0.568293462743557,0.981393353734445,0.633642727041627,0.633642727041627,FALSE
"gene_572",94.7882726235654,0.124364317922627,0.102956983091613,0.121204492160767,0.121204492160767,FALSE
"gene_573",4.4424146850847,0.877714972395173,1.17546932133435,0.926115579344546,0.926115579344546,FALSE
"gene_574",88.5406753680714,0.0865463191282263,0.106678185915475,0.088831662213189,0.088831662213189,FALSE
"gene_575",380.343498773551,0.0630282658331654,0.0633631760336519,0.0631131080357706,0.0631131080357706,FALSE
"gene_576",217.000040388463,0.097371047842893,0.0732563054482363,0.0939034132650333,0.0939034132650333,FALSE
"gene_577",5.4042058710345,0.741582019644467,0.975207773986124,0.779606635027398,0.779606635027398,FALSE
"gene_578",70.6770516101377,0.10871387931383,0.120947926055001,0.110426209088885,0.110426209088885,FALSE
"gene_579",2547.67082474915,0.0468718413215421,0.0521823741672105,0.0463935034962369,0.0463935034962369,FALSE
"gene_580",1989.56892966747,0.0335133953898561,0.0527327748311766,0.0355062940223443,0.0355062940223443,FALSE
"gene_581",300.964045461176,0.0681468346468581,0.0668296284748532,0.0671239459782417,0.0671239459782417,FALSE
"gene_582",3711.65623483999,0.0494957237411989,0.0515670496314643,0.0489204046649408,0.0489204046649408,FALSE
"gene_583",4192.86542011377,0.0669436938646921,0.0514124804186145,0.0595235052269285,0.0595235052269285,FALSE
"gene_584",716.56661791354,0.056046013866132,0.0571963349209329,0.0563282596616761,0.0563282596616761,FALSE
"gene_585",53.0742175413814,0.113645664028909,0.144405782632247,0.118118323920415,0.118118323920415,FALSE
"gene_586",141.365744503858,0.0909082195854368,0.0855811804816349,0.0901793349505287,0.0901793349505287,FALSE
"gene_587",1333.30254644434,0.0572599248934091,0.0539694630269473,0.056833336929008,0.056833336929008,FALSE
"gene_588",4301.14220322271,0.0590120739782109,0.0513824674899546,0.0571935217610613,0.0571935217610613,FALSE
"gene_589",20.2147981792794,0.349665831839633,0.297505585240991,0.341514047002564,0.341514047002564,FALSE
"gene_590",4.67684015000709,0.782062670424257,1.11906648820891,0.843018552580084,0.843018552580084,FALSE
"gene_591",137.765791188587,0.109365818193934,0.0865051955405316,0.104275220607543,0.104275220607543,FALSE
"gene_592",2641.16834261409,0.0651045408655755,0.0521129151809698,0.0580629640769431,0.0580629640769431,FALSE
"gene_593",7.25411950307082,0.770349151558138,0.739321528623051,0.765244130638068,0.765244130638068,FALSE
"gene_594",27.7875977453583,0.25243863383576,0.230114289793019,0.248857219171868,0.248857219171868,FALSE
"gene_595",4.78751971704632,1.01550241419496,1.09435652462741,1.03039599402158,1.03039599402158,FALSE
"gene_596",127.789877880398,0.0799816952800148,0.0893377780966999,0.0816514887945745,0.0816514887945745,FALSE
"gene_597",3.52286948391875,1.31503864488736,1.4691836868224,1.34481462095418,1.34481462095418,FALSE
"gene_598",134.786932111478,0.0858759126425579,0.0873071109055555,0.0860698031605401,0.0860698031605401,FALSE
"gene_599",120.985288339625,0.0856187490380253,0.091537869226243,0.0864332722987684,0.0864332722987684,FALSE
"gene_600",4697.04706897982,0.0613869481885046,0.0512845072406992,0.0601208561699682,0.0601208561699682,FALSE
"gene_601",4631.56466765864,0.0406273355900282,0.0512995538868682,0.043465277993025,0.043465277993025,FALSE
"gene_602",200.847693110876,0.0873378084639276,0.0751088844473459,0.0856282461961484,0.0856282461961484,FALSE
"gene_603",403.719276598414,0.0550569221832379,0.0626021870970946,0.0559819084395031,0.0559819084395031,FALSE
"gene_604",676.001640419764,0.0387409549245273,0.0576149498119612,0.0408156529640809,0.0408156529640809,FALSE
"gene_605",2396.71948993937,0.0745247718087259,0.0523059530293727,0.0681242350852028,0.0681242350852028,FALSE
"gene_606",56.4049710937871,0.0916349391800349,0.138844060667951,0.0983340753570418,0.0983340753570418,FALSE
"gene_607",571.554249217431,0.0667274771830714,0.0589662758499868,0.0662320722843876,0.0662320722843876,FALSE
"gene_608",4726.49438183668,0.0540134963917819,0.0512778766935459,0.0517022033596187,0.0517022033596187,FALSE
"gene_609",73.9537204928933,0.11613912978668,0.117814193993087,0.116375194864757,0.116375194864757,FALSE
"gene_610",322.118231809269,0.0630972103760937,0.0657388560278249,0.0634326043849592,0.0634326043849592,FALSE
"gene_611",2423.94803663459,0.0437563169746486,0.0522825241398465,0.0431586374276837,0.0431586374276837,FALSE
"gene_612",211.103919823441,0.088216411065108,0.0738997009186078,0.0862108654540415,0.0862108654540415,FALSE
"gene_613",556.799150507496,0.0593768594881768,0.0591980440527556,0.0618140811841435,0.0618140811841435,FALSE
"gene_614",4.50105184095428,0.818367345311772,1.1608102134241,0.882486830111412,0.882486830111412,FALSE
"gene_615",37.3820891138342,0.199734064911095,0.183942666849835,0.198661239769948,0.198661239769948,FALSE
"gene_616",3246.50670905666,0.0446667448883427,0.0517600136289556,0.0457559767375911,0.0457559767375911,FALSE
"gene_617",57.2412395233489,0.156516670912349,0.137549307307261,0.153700654955619,0.153700654955619,FALSE
"gene_618",4971.6254626784,0.0429966209303984,0.0512257297826942,0.0470979975196419,0.0470979975196419,FALSE
"gene_619",112.137215285991,0.074661154652841,0.0947979932683624,0.0773170023363641,0.0773170023363641,FALSE
"gene_620",60.0296518720291,0.155440707753127,0.133492822079734,0.152152011992016,0.152152011992016,FALSE
"gene_621",57.3303295061276,0.102550229729889,0.137413600021859,0.107389524706871,0.107389524706871,FALSE
"gene_622",16.6415123747089,0.378409077984037,0.35060299160563,0.37379267886528,0.37379267886528,FALSE
"gene_623",11.7061519496993,0.611521926064178,0.477245551521948,0.588457063911146,0.588457063911146,FALSE
"gene_624",566.619211850419,0.0629922773552485,0.0590424503211058,0.0614133632977409,0.0614133632977409,FALSE
"gene_625",313.008029103948,0.056769416363348,0.0661905299444799,0.0579491970021008,0.0579491970021008,FALSE
"gene_626",35.7066832563319,0.191476817749786,0.190217103021418,0.191305157646986,0.191305157646986,FALSE
"gene_627",2009.85097384895,0.0695341499222632,0.0527074202387647,0.0647416421958812,0.0647416421958812,FALSE
"gene_628",88.987033313197,0.106113005143644,0.106394993598582,0.106190150926241,0.106190150926241,FALSE
"gene_629",41.2944895977702,0.171414491708277,0.171273286083869,0.171370500270585,0.171370500270585,FALSE
"gene_630",63.3319955065009,0.0987843496479063,0.129150710077348,0.102983827156774,0.102983827156774,FALSE
"gene_631",129.472102235784,0.0571202712050274,0.0888295261890792,0.0611874940584903,0.0611874940584903,FALSE
"gene_632",452.757214253429,0.0664844535946355,0.0612611058569789,0.0658076024643588,0.0658076024643588,FALSE
"gene_633",79.705113576734,0.0727172462106478,0.112936724136891,0.079045831788913,0.079045831788913,FALSE
"gene_634",293.825059721129,0.0585237095458202,0.0672331816988011,0.0577643539178097,0.0577643539178097,FALSE
"gene_635",16.3818427159903,0.356574070793084,0.355364377913075,0.356440681884243,0.356440681884243,FALSE
"gene_636",1649.50051870335,0.0497662977241886,0.0532507662930297,0.0501901640721457,0.0501901640721457,FALSE
"gene_637",372.32057533334,0.0726893300026659,0.0636463852415542,0.0714814064077208,0.0714814064077208,FALSE
"gene_638",239.204232511524,0.0922844765699263,0.0711179787538512,0.0892714973293648,0.0892714973293648,FALSE
"gene_639",27.150547227825,0.232026021993941,0.234335257580668,0.232531392364494,0.232531392364494,FALSE
"gene_640",604.74043018717,0.061646888314356,0.0584863230048756,0.05965469230479,0.05965469230479,FALSE
"gene_641",9.90563471866125,0.629531088217946,0.554864645974963,0.616255045950548,0.616255045950548,FALSE
"gene_642",117.874141557433,0.0706914844110261,0.0926283980535309,0.0730222101233734,0.0730222101233734,FALSE
"gene_643",801.126191313986,0.0532861938145853,0.0564600040031782,0.0536692185087249,0.0536692185087249,FALSE
"gene_644",5069.6680688554,0.0378797753586074,0.0512062849292609,0.038715359865561,0.038715359865561,FALSE
"gene_645",78.9063391578299,0.0836823377473956,0.113571607320414,0.087696724622404,0.087696724622404,FALSE
"gene_646",271.075281273252,0.094093703769384,0.0686609777519758,0.0888794912962323,0.0888794912962323,FALSE
"gene_647",3121.34675039936,0.0565714524419215,0.0518217547975026,0.0572483219278975,0.0572483219278975,FALSE
"gene_648",93.0594617487647,0.106819962159021,0.103936698855972,0.106409411151472,0.106409411151472,FALSE
"gene_649",13.5482432805672,0.565256071269536,0.419184917926424,0.541807832702776,0.541807832702776,FALSE
"gene_650",101.019565948235,0.104999912301355,0.0997039697547988,0.104216735222544,0.104216735222544,FALSE
"gene_651",1107.38269463967,0.0483537366117621,0.0547343472610031,0.0491057222831501,0.0491057222831501,FALSE
"gene_652",9.1427592036077,0.538609736076387,0.596972377117909,0.5476900376422,0.5476900376422,FALSE
"gene_653",12.1867765951163,0.512358648496222,0.460404438690694,0.504050288411104,0.504050288411104,FALSE
"gene_654",78.6929717991652,0.141059495193787,0.113743377549686,0.137002220108061,0.137002220108061,FALSE
"gene_655",5.32838552925421,0.97926204136318,0.988369897696128,0.981121835948345,0.981121835948345,FALSE
"gene_656",103.772259710447,0.101264997735305,0.0983913501621593,0.100870307508174,0.100870307508174,FALSE
"gene_657",624.390688462498,0.0434362114154291,0.0582261809320926,0.0469646212491761,0.0469646212491761,FALSE
"gene_658",18.149080630504,0.348948970702418,0.325651453777093,0.345237639489462,0.345237639489462,FALSE
"gene_659",233.084950677095,0.0499504268150812,0.0716666157852758,0.0527584103130177,0.0527584103130177,FALSE
"gene_660",449.954207722511,0.0618594127938922,0.0613298852230708,0.0597877480429913,0.0597877480429913,FALSE
"gene_661",28.554545468083,0.176212446489598,0.225282508554564,0.183859201718305,0.183859201718305,FALSE
"gene_662",106.292002860655,0.103728534753132,0.0972494131102133,0.102824420359772,0.102824420359772,FALSE
"gene_663",111.373230409067,0.107639093130402,0.0951037823212705,0.105856624246696,0.105856624246696,FALSE
"gene_664",14.5629171849518,0.345280932761251,0.393477238204306,0.352725945306036,0.352725945306036,FALSE
"gene_665",113.529778554773,0.0959458707868336,0.0942512000322151,0.0957110072428045,0.0957110072428045,FALSE
"gene_666",1905.38085314739,0.0547361941787553,0.0528437887812731,0.0520599630698578,0.0520599630698578,FALSE
"gene_667",28.0624690564111,0.251818984301659,0.228352231439223,0.248133890898986,0.248133890898986,FALSE
"gene_668",59.3724278243088,0.0831072339764143,0.134414609057627,0.0901419286184985,0.0901419286184985,FALSE
"gene_669",130.103831433044,0.100830025801922,0.0886420559128498,0.0997478823128298,0.0997478823128298,FALSE
"gene_670",4748.3417721142,0.0535648856686332,0.0512730105355467,0.0526767714995635,0.0526767714995635,FALSE
"gene_671",266.721395034246,0.0486442506926854,0.068961998937627,0.0510745595076478,0.0510745595076478,FALSE
"gene_672",15.2841053527344,0.368345451294548,0.377280485694064,0.369528990301941,0.369528990301941,FALSE
"gene_673",14.3572569324158,0.256067333061097,0.398394216239252,0.277793754603994,0.277793754603994,FALSE
"gene_674",20.0798031889059,0.26174444630481,0.299168065689086,0.267248837113133,0.267248837113133,FALSE
"gene_675",1806.57760181737,0.0726241855361998,0.0529872718226285,0.0699550711051477,0.0699550711051477,FALSE
"gene_676",4947.05361232145,0.0495534243692914,0.051230723921363,0.0472189083923705,0.0472189083923705,FALSE
"gene_677",4963.37577390171,0.0595223748511409,0.0512274009878253,0.0584648673438093,0.0584648673438093,FALSE
"gene_678",6.55919852136937,0.641201625595151,0.812329065908601,0.669618253165649,0.669618253165649,FALSE
"gene_679",78.9651263304642,0.0939153731246544,0.113524444138268,0.0966144711115648,0.0966144711115648,FALSE
"gene_680",6.13915431802496,0.76831643667421,0.864472955763181,0.785464389297633,0.785464389297633,FALSE
"gene_681",90.5825986009964,0.113670367499512,0.105405504915545,0.112487564833656,0.112487564833656,FALSE
"gene_682",49.3502092398875,0.0948150945331859,0.151513101454193,0.102771282524834,0.102771282524834,FALSE
"gene_683",72.3189345569051,0.103057262021583,0.119342170235704,0.105344641346381,0.105344641346381,FALSE
"gene_684",220.165609390814,0.0584652728905067,0.0729250902597289,0.0605393687483722,0.0605393687483722,FALSE
"gene_685",28.1570751798501,0.140031656800469,0.227753718445853,0.152676102945807,0.152676102945807,FALSE
"gene_686",215.003828549313,0.0681605424698209,0.0734701845613697,0.0688443431564826,0.0688443431564826,FALSE
"gene_687",35.1768623686015,0.215186594187355,0.192325683692289,0.211662100495186,0.211662100495186,FALSE
"gene_688",224.028616057593,0.0767137787522498,0.0725335826249219,0.0761461652672876,0.0761461652672876,FALSE
"gene_689",15.4006465289817,0.198047788051625,0.374805525735527,0.224105498504563,0.224105498504563,FALSE
"gene_690",268.432794542706,0.0777323459562183,0.0688425105414239,0.0765906741443005,0.0765906741443005,FALSE
"gene_691",838.185599283901,0.0440539927427584,0.0561841208968023,0.0452835682811813,0.0452835682811813,FALSE
"gene_692",26.1367621879809,0.222513513099757,0.241476655952335,0.225460118351873,0.225460118351873,FALSE
"gene_693",24.6794044003426,0.255855378242028,0.252770648087015,0.255373552685586,0.255373552685586,FALSE
"gene_694",24.9384632750632,0.245510742029634,0.250666569931497,0.246317063485598,0.246317063485598,FALSE
"gene_695",13.8683493646194,0.481773255704957,0.410668559638865,0.470518408260116,0.470518408260116,FALSE
"gene_696",72.5612163870817,0.133870339283698,0.119111372242844,0.131692891566539,0.131692891566539,FALSE
"gene_697",16.1812764052171,0.303466390385911,0.359146627755672,0.313218739017007,0.313218739017007,FALSE
"gene_698",433.931885698838,0.0623246697304444,0.0617400924720618,0.060701702334701,0.060701702334701,FALSE
"gene_699",284.587584883625,0.0663894317433057,0.0677854069239479,0.0665714208122279,0.0665714208122279,FALSE
"gene_700",33.2251925896027,0.156292665976334,0.200673050275332,0.162689176686488,0.162689176686488,FALSE
"gene_701",125.077541616321,0.0775281192538461,0.090186050804876,0.0792169814948124,0.0792169814948124,FALSE
"gene_702",12.7083837590757,0.455965006186512,0.443568701699975,0.45400846742512,0.45400846742512,FALSE
"gene_703",6.40173523111188,0.650808609825529,0.831074633461789,0.680554203824379,0.680554203824379,FALSE
"gene_704",19.2145416882677,0.220982369863215,0.310378583019367,0.235011011263984,0.235011011263984,FALSE
"gene_705",517.491498684603,0.07011820224815,0.0598799791966246,0.0713457521765656,0.0713457521765656,FALSE
"gene_706",82.8378287847159,0.0873035839745774,0.110564947543281,0.0914628539355936,0.0914628539355936,FALSE
"gene_707",108.17926980523,0.0801149618771459,0.0964289549236072,0.0823140941432846,0.0823140941432846,FALSE
"gene_708",284.912420669907,0.0627690722529388,0.0677653804591625,0.0634064453410966,0.0634064453410966,FALSE
"gene_709",98.8550311894472,0.107948695508126,0.100787467581028,0.106914187490934,0.106914187490934,FALSE
"gene_710",34.6570850876019,0.132923028563583,0.194456941152373,0.141770763085569,0.141770763085569,FALSE
"gene_711",4627.7781363645,0.0389641646449784,0.0513004369851586,0.0408031865762996,0.0408031865762996,FALSE
"gene_712",261.330591361427,0.0979195174858036,0.0693486090113919,0.0938103162011387,0.0938103162011387,FALSE
"gene_713",112.351072036676,0.0666254077222147,0.0947131409462647,0.0702660503567113,0.0702660503567113,FALSE
"gene_714",947.25335464799,0.0499990502375545,0.0554974355436759,0.0529316762880801,0.0529316762880801,FALSE
"gene_715",23.4027731510172,0.306461553661465,0.263819858122851,0.299842397292023,0.299842397292023,FALSE
"gene_716",79.4613750841771,0.124690732950965,0.113129099572083,0.12302217393372,0.12302217393372,FALSE
"gene_717",18.7495969544528,0.198887715046703,0.31682988130027,0.217576577347992,0.217576577347992,FALSE
"gene_718",143.905785513736,0.0905303093529996,0.0849570346921995,0.0897514597587449,0.0897514597587449,FALSE
"gene_719",1159.78341252767,0.0462278832887094,0.0545303941345691,0.046747108335726,0.046747108335726,FALSE
"gene_720",14.8804440914628,0.296647625013538,0.386152636465319,0.311961285357538,0.311961285357538,FALSE
"gene_721",4749.45650330834,0.0440666811437551,0.0512727634473358,0.0470515758143994,0.0470515758143994,FALSE
"gene_722",1250.53517146675,0.0600805713798048,0.0542176061922725,0.0612309427383873,0.0612309427383873,FALSE
"gene_723",156.139023783477,0.0754689631365348,0.0822354648978809,0.0760847792344725,0.0760847792344725,FALSE
"gene_724",81.4407770242952,0.110162128155843,0.111600112679324,0.110363823055972,0.110363823055972,FALSE
"gene_725",566.030079537375,0.0807200113696151,0.0590516325854876,0.0763898275676543,0.0763898275676543,FALSE
"gene_726",4726.87421292593,0.0465365717733817,0.0512777917079991,0.0465697876774574,0.0465697876774574,FALSE
"gene_727",446.870017850885,0.0529157168266794,0.0614065612016986,0.0539526489829815,0.0539526489829815,FALSE
"gene_728",68.4315855030648,0.123351069962119,0.123268734165767,0.123324399010312,0.123324399010312,FALSE
"gene_729",49.9889119696485,0.172330427353953,0.150218894153433,0.168985224683965,0.168985224683965,FALSE
"gene_730",1115.53814657201,0.0588238668525552,0.0547013457648228,0.058014381916824,0.058014381916824,FALSE
"gene_731",24.7664966827017,0.318765342437933,0.252058372310448,0.307819605822183,0.307819605822183,FALSE
"gene_732",9.2754435664272,0.581231908503838,0.589151138612013,0.58251551196339,0.58251551196339,FALSE
"gene_733",128.499608348418,0.0754532710124046,0.0891217237808651,0.0772625828742415,0.0772625828742415,FALSE
"gene_734",3955.02477936669,0.0507602033873724,0.0514841762145019,0.0508909768408997,0.0508909768408997,FALSE
"gene_735",165.066351682089,0.0878231450231493,0.0805039779185704,0.0868042548112412,0.0868042548112412,FALSE
"gene_736",4.68391558334756,1.1586703427505,1.11745190952795,1.1512846554904,1.1512846554904,FALSE
"gene_737",47.2186430719157,0.168198925541615,0.156085710522927,0.16635789476447,0.16635789476447,FALSE
"gene_738",375.50835039065,0.072568960368901,0.0635324078305506,0.0713676993006091,0.0713676993006091,FALSE
"gene_739",244.160735438423,0.0783971312640926,0.07069375162431,0.0773638875217355,0.0773638875217355,FALSE
"gene_740",11.8997151456367,0.344061098114334,0.470299470938607,0.36490064207971,0.36490064207971,FALSE
"gene_741",672.194769715478,0.0550660477018565,0.057656828493823,0.0553821909085728,0.0553821909085728,FALSE
"gene_742",126.388235618784,0.103082567746037,0.0897715903683264,0.101171362589173,0.101171362589173,FALSE
"gene_743",565.844988733193,0.050641290961243,0.0590545213731014,0.0516423831642656,0.0516423831642656,FALSE
"gene_744",132.401735848978,0.0822229997421686,0.0879752246535827,0.0830033210780709,0.0830033210780709,FALSE
"gene_745",17.8191901270899,0.258458659560099,0.330750570783766,0.269437070258577,0.269437070258577,FALSE
"gene_746",874.542768067432,0.0459564439126439,0.055936186624383,0.0493726675722732,0.0493726675722732,FALSE
"gene_747",5.85034469013234,0.700777101774237,0.90466956480921,0.737799427060634,0.737799427060634,FALSE
"gene_748",15.0313807435663,0.251173494256814,0.382779392901288,0.269914061421019,0.269914061421019,FALSE
"gene_749",86.4169628010984,0.0877688883383675,0.108065649724686,0.0904956089239673,0.0904956089239673,FALSE
"gene_750",159.533813042675,0.0982252125227336,0.0815541994392958,0.0963171715755436,0.0963171715755436,FALSE
"gene_751",63.2879745258464,0.110432066756395,0.129205611436974,0.113077937235165,0.113077937235165,FALSE
"gene_752",117.299936205978,0.146073349625536,0.0928359939060117,0.137866227455196,0.146073349625536,TRUE
"gene_753",5.62646043679835,1.02005196558247,0.938669225330812,1.005271248398,1.005271248398,FALSE
"gene_754",98.9847049041966,0.100820124188128,0.100721222621702,0.101852878638627,0.101852878638627,FALSE
"gene_755",23.2230345235384,0.251530707064473,0.265473048565922,0.253762310766004,0.253762310766004,FALSE
"gene_756",241.337956783825,0.0695640798648837,0.0709332172187858,0.0695702048411493,0.0695702048411493,FALSE
"gene_757",3664.47599295918,0.049689870937069,0.0515843895994732,0.0499148889414002,0.0499148889414002,FALSE
"gene_758",4824.14807295815,0.0416512301170585,0.0512564676806622,0.0418313396512531,0.0418313396512531,FALSE
"gene_759",24.9846945057592,0.211601194008913,0.250295667672531,0.217434801420066,0.217434801420066,FALSE
"gene_760",860.31873069408,0.0616754536432601,0.0560306906283698,0.0610735998781362,0.0610735998781362,FALSE
"gene_761",16.8190784074132,0.352234504995384,0.347431725690386,0.351528415796286,0.351528415796286,FALSE
"gene_762",1722.57023062259,0.0436113246808214,0.0531222152049622,0.0480363124630956,0.0480363124630956,FALSE
"gene_763",257.195071870982,0.0854200075362564,0.0696561796920002,0.0831944345123812,0.0831944345123812,FALSE
"gene_764",55.4224623689781,0.11949945345244,0.14041515033824,0.122486289714109,0.122486289714109,FALSE
"gene_765",95.753240529159,0.149540907722091,0.102425520702634,0.142336948253582,0.142336948253582,FALSE
"gene_766",10.0289466236655,0.690680905647349,0.548659741012035,0.665213342146684,0.665213342146684,FALSE
"gene_767",593.709045788326,0.0573379742350394,0.0586399102333597,0.0584757188635963,0.0584757188635963,FALSE
"gene_768",22.1476747951485,0.290247929052287,0.275924447333826,0.288054708850523,0.288054708850523,FALSE
"gene_769",22.9406352000571,0.407528009412207,0.268122811379956,0.385174913925824,0.385174913925824,FALSE
"gene_770",674.631991429462,0.0693084316954591,0.0576299626346642,0.0677589101304263,0.0677589101304263,FALSE
"gene_771",1794.17403692466,0.0581919115950248,0.0530064008588511,0.0583939710801651,0.0583939710801651,FALSE
"gene_772",16.0401603953109,0.312460288933383,0.361864459460936,0.319883606547881,0.319883606547881,FALSE
"gene_773",375.865685785618,0.0496570881719706,0.0635197519748692,0.0513295461841244,0.0513295461841244,FALSE
"gene_774",915.427852737415,0.0590497803904905,0.0556809003400222,0.0586263820004203,0.0586263820004203,FALSE
"gene_775",4998.69355269635,0.0670822725957747,0.0512202851266246,0.0630936925505882,0.0630936925505882,FALSE
"gene_776",762.299051077351,0.0495607805467117,0.0567778208031121,0.051247597535743,0.051247597535743,FALSE
"gene_777",45.2453103202492,0.153450118060887,0.160702935176934,0.154501781310675,0.154501781310675,FALSE
"gene_778",94.7077347202636,0.0835827217743284,0.103001829536084,0.0857270583008471,0.0857270583008471,FALSE
"gene_779",1097.48023556613,0.0364606179117307,0.0547750774449694,0.0402841186913887,0.0402841186913887,FALSE
"gene_780",697.975578141382,0.0419100760468115,0.0573821472967826,0.0420300516314049,0.0420300516314049,FALSE
"gene_781",80.6011864217334,0.108283176084541,0.112239482277007,0.108843536627779,0.108843536627779,FALSE
"gene_782",89.7666138191466,0.0920006242317905,0.105907142648539,0.0939156436538049,0.0939156436538049,FALSE
"gene_783",18.3537221846658,0.332510427300097,0.322580432697672,0.330940101731809,0.330940101731809,FALSE
"gene_784",290.255873682355,0.072885681067588,0.0674423843052892,0.0721606395345682,0.0721606395345682,FALSE
"gene_785",1544.43536133616,0.0463321359159913,0.0534569262324629,0.0470437973206134,0.0470437973206134,FALSE
"gene_786",1093.53576659572,0.0472024307052612,0.0547915070301999,0.0489914078465897,0.0489914078465897,FALSE
"gene_787",1436.07701659884,0.0773445173399845,0.0537011470324909,0.0740917732346481,0.0740917732346481,FALSE
"gene_788",1512.60562851304,0.0439343167927244,0.0535250353573416,0.0467384648913194,0.0467384648913194,FALSE
"gene_789",4.15254795558369,1.34120631650453,1.2540168225294,1.32282370952059,1.32282370952059,FALSE
"gene_790",103.259257773635,0.13576889389537,0.0986306687808946,0.129548627994582,0.129548627994582,FALSE
"gene_791",1801.15087447898,0.052983762370773,0.0529956086160904,0.0529832820589945,0.0529832820589945,FALSE
"gene_792",14.3662214953406,0.358031097054653,0.398176954703413,0.364291237752089,0.364291237752089,FALSE
"gene_793",122.682919591414,0.0846706167090843,0.0909661346588112,0.085534593474551,0.085534593474551,FALSE
"gene_794",18.7015048514499,0.191818433368789,0.317515484812264,0.210463777682399,0.210463777682399,FALSE
"gene_795",660.357875143444,0.0425271545616892,0.0577901287686624,0.0460631015696885,0.0460631015696885,FALSE
"gene_796",3677.93675252877,0.0342007988494974,0.0515793970637006,0.0385804512106409,0.0385804512106409,FALSE
"gene_797",77.2120846468673,0.0787700554345185,0.114961717531188,0.0835281389950043,0.0835281389950043,FALSE
"gene_798",2419.45749406226,0.041409120022785,0.0522863517286163,0.0463256565325895,0.0463256565325895,FALSE
"gene_799",240.046188068734,0.0575438565010869,0.0710446805639477,0.0595309643874192,0.0595309643874192,FALSE
"gene_800",96.853568330045,0.101744903423454,0.101832430519881,0.101763322246975,0.101763322246975,FALSE
"gene_801",220.657145599156,0.050682703858716,0.0728745129420502,0.0547655692851096,0.0547655692851096,FALSE
"gene_802",58.5157391678722,0.158781193888577,0.135647240576113,0.155240361202595,0.155240361202595,FALSE
"gene_803",196.016914849789,0.082831571286933,0.075722257174377,0.081869248039102,0.081869248039102,FALSE
"gene_804",20.5128517855741,0.36349717057005,0.29391250691287,0.355206546285054,0.355206546285054,FALSE
"gene_805",316.663032059772,0.0534339686187387,0.066006197134127,0.0549669531610077,0.0549669531610077,FALSE
"gene_806",98.4186571702928,0.128155704673045,0.101011675232058,0.124140105512917,0.124140105512917,FALSE
"gene_807",187.638320676053,0.0863286091611427,0.0768609952026833,0.0849540771365161,0.0849540771365161,FALSE
"gene_808",5.02163051032364,1.48574634468471,1.04567839729861,1.40046107038543,1.40046107038543,FALSE
"gene_809",4908.42067254751,0.0590473938455631,0.0512386770337444,0.0599373540062413,0.0599373540062413,FALSE
"gene_810",3594.83807903191,0.048738298908401,0.0516108150435547,0.0480482028604984,0.0480482028604984,FALSE
"gene_811",34.153893439807,0.171413386083551,0.196581990051189,0.175154798524629,0.175154798524629,FALSE
"gene_812",41.1456775214822,0.238442940017411,0.171711100050023,0.226053616815711,0.226053616815711,FALSE
"gene_813",78.4817842001792,0.115512240928855,0.113914312690532,0.115286306580029,0.115286306580029,FALSE
"gene_814",131.174342932575,0.0830305157416345,0.0883284963077269,0.0837624223814476,0.0837624223814476,FALSE
"gene_815",128.625800926657,0.098081990932769,0.0890835582178716,0.0968011565327595,0.0968011565327595,FALSE
"gene_816",107.660001730906,0.0760109016104372,0.0966518297149826,0.0787495040645832,0.0787495040645832,FALSE
"gene_817",14.0148302026091,0.571118032355038,0.406901209743699,0.545106412530928,0.545106412530928,FALSE
"gene_818",38.0794124496543,0.167621986128416,0.181493895995702,0.169720099364418,0.169720099364418,FALSE
"gene_819",97.1393241715608,0.117188506383861,0.101680602415633,0.11491348744757,0.11491348744757,FALSE
"gene_820",1503.91328463968,0.0380732311618538,0.0535441363592012,0.0410637990998722,0.0410637990998722,FALSE
"gene_821",72.991214627529,0.128927480730969,0.118705528093992,0.127418734801054,0.127418734801054,FALSE
"gene_822",10.5221170342387,1.71119688344138,0.525297940048207,1.42860564359053,1.71119688344138,TRUE
"gene_823",2580.59632055504,0.0435134392318719,0.052157339795763,0.0444951221008726,0.0444951221008726,FALSE
"gene_824",209.084232882543,0.0839789673130632,0.0741284367657305,0.0826244939170155,0.0826244939170155,FALSE
"gene_825",800.229302077738,0.0428694457463845,0.0564669974485589,0.0435437755474923,0.0435437755474923,FALSE
"gene_826",11.97789264482,0.408297722416833,0.467557691294775,0.41833062597455,0.41833062597455,FALSE
"gene_827",122.227957622962,0.0744393383715036,0.0911178006446291,0.0766160777859928,0.0766160777859928,FALSE
"gene_828",83.9323879563485,0.092535347960725,0.109777994691692,0.0948983122008078,0.0948983122008078,FALSE
"gene_829",827.265608195255,0.0583008153665573,0.0562628444838991,0.0580456787025141,0.0580456787025141,FALSE
"gene_830",136.22906338959,0.080819682015296,0.0869145066589687,0.0816421567405238,0.0816421567405238,FALSE
"gene_831",187.779043586751,0.124686700381273,0.0768410304513652,0.116940541674373,0.124686700381273,TRUE
"gene_832",40.4013456189386,0.137357010794358,0.173949379674061,0.142573030019194,0.142573030019194,FALSE
"gene_833",109.208923191042,0.0733501961259836,0.0959932859455095,0.0763393055918729,0.0763393055918729,FALSE
"gene_834",15.2326533365694,0.319976784741784,0.378385211685438,0.328809118869264,0.328809118869264,FALSE
"gene_835",5.52982572265687,1.66988854795587,0.954195033226679,1.53222277192751,1.66988854795587,TRUE
"gene_836",1195.64020752021,0.0498101835823096,0.0544011348286554,0.049252779139643,0.049252779139643,FALSE
"gene_837",97.3470989776247,0.0951296659808145,0.101570766961512,0.0960307059582313,0.0960307059582313,FALSE
"gene_838",6.74058953500314,0.685668185590929,0.791820520146663,0.702165831537094,0.702165831537094,FALSE
"gene_839",5608.95382281071,0.0543484661550302,0.0511114812234933,0.0494516779625171,0.0494516779625171,FALSE
"gene_840",77.1626565911067,0.114034332383844,0.115003188944328,0.114247923126044,0.114247923126044,FALSE
"gene_841",786.770443162397,0.0469693392790922,0.0565738570401671,0.0490344456452068,0.0490344456452068,FALSE
"gene_842",4833.64149621334,0.0765039891058656,0.0512544325348355,0.0744022764113843,0.0744022764113843,FALSE
"gene_843",432.301410226622,0.0629559857438608,0.0617835408742332,0.0627992273521233,0.0627992273521233,FALSE
"gene_844",3.81287131144224,0.953324482908035,1.36125925046565,1.02766381215138,1.02766381215138,FALSE
"gene_845",134.078663610917,0.0952170499776247,0.0875030216352204,0.092817052386728,0.092817052386728,FALSE
"gene_846",13.5050420194501,0.351244285771926,0.420365198486823,0.361931418898562,0.361931418898562,FALSE
"gene_847",13.2196127277687,0.376824877884672,0.428357127600382,0.384996717682288,0.384996717682288,FALSE
"gene_848",92.1954352227957,0.129120583803168,0.104440112377451,0.125756541059751,0.125756541059751,FALSE
"gene_849",14.9738820150852,0.521822983507329,0.384056398243732,0.498562985333166,0.498562985333166,FALSE
"gene_850",116.831308140694,0.0943503337680833,0.0930069320698104,0.0941611082289832,0.0941611082289832,FALSE
"gene_851",120.971662817945,0.110545406877054,0.091542522993725,0.107763303293502,0.107763303293502,FALSE
"gene_852",2805.36178973509,0.0455895781951128,0.0520021409826149,0.0469635304815951,0.0469635304815951,FALSE
"gene_853",74.8180831467193,0.0860038739425575,0.117033290896276,0.0912258466746964,0.0912258466746964,FALSE
"gene_854",82.4402056308063,0.110626713797324,0.110856000253567,0.110685256421797,0.110685256421797,FALSE
"gene_855",2087.28465599961,0.0561467308541841,0.0526151520214075,0.0548622961254738,0.0548622961254738,FALSE
"gene_856",2288.68220158126,0.0586424391549956,0.0524044082457936,0.0597393426846699,0.0597393426846699,FALSE
"gene_857",703.075091933883,0.0795267512007101,0.057330201000646,0.077526770418238,0.077526770418238,FALSE
"gene_858",42.244390633667,0.202527591987339,0.168551305866526,0.197463622507678,0.197463622507678,FALSE
"gene_859",4872.57428229984,0.0471567430752208,0.0512461692954517,0.0457507961176378,0.0457507961176378,FALSE
"gene_860",17.1255887796435,0.325824230577709,0.342112294143514,0.329787122449554,0.329787122449554,FALSE
"gene_861",347.234497419301,0.0595595237858065,0.0646163604182466,0.0604093642035139,0.0604093642035139,FALSE
"gene_862",169.104578359151,0.0713561936656704,0.0797808010428184,0.0732571669769921,0.0732571669769921,FALSE
"gene_863",78.4709468786876,0.108166343327982,0.113923109231951,0.108971267662664,0.108971267662664,FALSE
"gene_864",1340.3111756927,0.0409596910721451,0.0539498580428182,0.0428843424823362,0.0428843424823362,FALSE
"gene_865",30.3160295025336,0.126603775481859,0.21511068321118,0.139354381657683,0.139354381657683,FALSE
"gene_866",415.924664103872,0.0483248889577901,0.0622388370949967,0.0505697805334592,0.0505697805334592,FALSE
"gene_867",41.2287065485778,0.218407327566591,0.171466433962773,0.210859174856924,0.210859174856924,FALSE
"gene_868",21.7587564795932,0.396725121648213,0.279958707873025,0.376751333237772,0.376751333237772,FALSE
"gene_869",78.6011926188096,0.162519306667401,0.113817550721084,0.154449684898728,0.154449684898728,FALSE
"gene_870",49.1288630242209,0.120477504822626,0.15196946836192,0.124927129058384,0.124927129058384,FALSE
"gene_871",1021.03681885739,0.0407596090728497,0.0551160895022562,0.0438535442553709,0.0438535442553709,FALSE
"gene_872",37.7763373125481,0.252158195076042,0.182547089033697,0.241154655201428,0.241154655201428,FALSE
"gene_873",114.171248561943,0.130213932205806,0.0940038126359818,0.124780686463131,0.124780686463131,FALSE
"gene_874",51.6931996393302,0.123467273288082,0.146922010972298,0.126793872123892,0.126793872123892,FALSE
"gene_875",782.365142069342,0.0522857277826845,0.0566096325493686,0.0537077479166273,0.0537077479166273,FALSE
"gene_876",8.02889552869251,0.795309709617457,0.672824319780765,0.7751908445735,0.7751908445735,FALSE
"gene_877",490.30167728529,0.0585840048968063,0.0604156617622523,0.059078032397675,0.059078032397675,FALSE
"gene_878",361.24336826267,0.0646353930837698,0.0640580854718015,0.0662839681008205,0.0662839681008205,FALSE
"gene_879",932.82589739793,0.0381792772601071,0.055579054456435,0.0410466114000705,0.0410466114000705,FALSE
"gene_880",106.185385191918,0.0945922556127032,0.0972966337210291,0.0947237036139882,0.0947237036139882,FALSE
"gene_881",312.13145273255,0.0743442061214029,0.0662353801568595,0.0732583460767906,0.0732583460767906,FALSE
"gene_882",112.394272706655,0.0723342926986979,0.0946960393426621,0.0752357511479384,0.0752357511479384,FALSE
"gene_883",29.2403638388674,0.167773740015236,0.221176509488576,0.175877064045401,0.175877064045401,FALSE
"gene_884",97.8877950287075,0.090191262462546,0.101287125709418,0.0917304458209761,0.0917304458209761,FALSE
"gene_885",307.650718899626,0.0570482418504784,0.0664686300396891,0.0583714260926206,0.0583714260926206,FALSE
"gene_886",398.971307213476,0.0736330910927834,0.0627495385816114,0.073595475026542,0.073595475026542,FALSE
"gene_887",754.723555143861,0.0561104870837751,0.0568436419645496,0.0562026545484104,0.0562026545484104,FALSE
"gene_888",209.82634898895,0.0861887490212941,0.0740438780641992,0.0867096731559103,0.0867096731559103,FALSE
"gene_889",413.964563997022,0.0540548326310909,0.0622957444194125,0.0550576900851957,0.0550576900851957,FALSE
"gene_890",20.2087106720153,0.302291586439726,0.297580075456759,0.301518012922957,0.301518012922957,FALSE
"gene_891",18.1003309556314,0.267151968276141,0.326393273427598,0.276449700378746,0.276449700378746,FALSE
"gene_892",133.160222260704,0.0962824401209284,0.0877601707301505,0.0959403265446664,0.0959403265446664,FALSE
"gene_893",15.4623045581914,0.306914983859451,0.373511198116552,0.317457175084621,0.317457175084621,FALSE
"gene_894",16.6823289427293,0.431710948154956,0.349868046726537,0.418694726271601,0.418694726271601,FALSE
"gene_895",101.35033368035,0.0834387406991818,0.0995424743348069,0.0843514007443558,0.0843514007443558,FALSE
"gene_896",71.3462078873695,0.139493820986916,0.120284571076153,0.136626408812607,0.136626408812607,FALSE
"gene_897",20.7810457618266,0.294309577609663,0.290767487473778,0.295929230866469,0.295929230866469,FALSE
"gene_898",4.79659010450144,0.80205152160148,1.09238205520712,0.848463141442552,0.848463141442552,FALSE
"gene_899",8.18742460898402,0.667779280184076,0.660769143236584,0.666711592319848,0.666711592319848,FALSE
"gene_900",2809.5092741485,0.0510727855446024,0.0519995105137188,0.051182523438079,0.051182523438079,FALSE
"gene_901",499.821324966944,0.055710687486104,0.0602214790910707,0.0563280266705199,0.0563280266705199,FALSE
"gene_902",19.3365252222981,0.407694938856528,0.308737386818016,0.392446533351059,0.392446533351059,FALSE
"gene_903",43.6243048385194,0.190230144917239,0.164808284797857,0.186252153191927,0.186252153191927,FALSE
"gene_904",3078.1423960826,0.0569194522447525,0.0518442331538131,0.0571387397358808,0.0571387397358808,FALSE
"gene_905",302.244042823113,0.0628054752900913,0.0667592881346203,0.0633093908122174,0.0633093908122174,FALSE
"gene_906",60.5636857605986,0.168267258661537,0.132758547572055,0.162967649928108,0.162967649928108,FALSE
"gene_907",793.134936842536,0.0488114389184702,0.056522872735764,0.0513205189232728,0.0513205189232728,FALSE
"gene_908",930.483661283211,0.037040951384942,0.0555925437461586,0.0396505151265873,0.0396505151265873,FALSE
"gene_909",128.400649460232,0.114586958442257,0.0891517052933889,0.11280192620228,0.11280192620228,FALSE
"gene_910",84.529644427857,0.0933131184919912,0.10935718086752,0.0955370261155231,0.0955370261155231,FALSE
"gene_911",459.102117415025,0.061838670204239,0.0611085186656834,0.0617465528429948,0.0617465528429948,FALSE
"gene_912",331.850232260595,0.0611910693929383,0.0652837501509189,0.0617079499175386,0.0617079499175386,FALSE
"gene_913",514.33915702195,0.0666442517182768,0.0599391828120927,0.0657722752396436,0.0657722752396436,FALSE
"gene_914",517.840641178799,0.0460980612307122,0.0598734663460465,0.0487051578143004,0.0487051578143004,FALSE
"gene_915",318.94204995115,0.0911154594152624,0.0658933978500531,0.0857274100513424,0.0857274100513424,FALSE
"gene_916",1007.85882070836,0.0669751936755451,0.0551801036685499,0.0636063366870212,0.0636063366870212,FALSE
"gene_917",10.0492103425536,0.879593189305696,0.547654663279846,0.824402247992895,0.879593189305696,TRUE
"gene_918",47.5505319384511,0.135221753364034,0.155346800500272,0.138316320883487,0.138316320883487,FALSE
"gene_919",113.973547949375,0.108913287549741,0.0940797603930073,0.106770250643468,0.106770250643468,FALSE
"gene_920",1125.81840460489,0.0561839961273838,0.0546604273311159,0.0574007909813192,0.0574007909813192,FALSE
"gene_921",4544.50851946171,0.0477694382297693,0.0513202292215992,0.0478654365837407,0.0478654365837407,FALSE
"gene_922",107.694255322668,0.10704365915502,0.0966370615357963,0.105552351041941,0.105552351041941,FALSE
"gene_923",34.1479159719668,0.134924674822984,0.196607610137044,0.143696448946274,0.143696448946274,FALSE
"gene_924",19.4249589623966,0.229531947309389,0.307560466109169,0.241536913660443,0.241536913660443,FALSE
"gene_925",162.569348828129,0.066395241167348,0.0809691242239283,0.0677769919404049,0.0677769919404049,FALSE
"gene_926",5024.78411899611,0.0335575972998061,0.0512150926166363,0.0358054339794779,0.0358054339794779,FALSE
"gene_927",113.266081210214,0.0884318779587027,0.0943537094687698,0.0882009935542937,0.0882009935542937,FALSE
"gene_928",18.3289314354754,0.318360654349897,0.322948812751548,0.319106594411337,0.319106594411337,FALSE
"gene_929",90.2957841151905,0.092406320519643,0.105580794692559,0.0942416528069895,0.0942416528069895,FALSE
"gene_930",221.463943434066,0.0620966366838883,0.0727919830161586,0.0644034776206344,0.0644034776206344,FALSE
"gene_931",225.690626292057,0.0665996606957281,0.0723692648929812,0.0670964348222521,0.0670964348222521,FALSE
"gene_932",326.126916610344,0.0829660615694454,0.0655481046365303,0.0824431194300016,0.0824431194300016,FALSE
"gene_933",2635.60090328928,0.0553202530849518,0.0521169132244928,0.0562619633841205,0.0562619633841205,FALSE
"gene_934",3439.64491616807,0.0691666851208331,0.0516735554597119,0.0678063629339064,0.0678063629339064,FALSE
"gene_935",19.9655312089669,0.249754193612772,0.300592909258075,0.257512249917275,0.257512249917275,FALSE
"gene_936",76.8442128471113,0.126173822797348,0.115271650522866,0.124600533924032,0.124600533924032,FALSE
"gene_937",81.1000999149768,0.103930969176144,0.111857950968826,0.105038531502332,0.105038531502332,FALSE
"gene_938",6.88959518419511,0.744231974781651,0.775781460468526,0.749624806693393,0.749624806693393,FALSE
"gene_939",203.679163548439,0.0659660181584884,0.0747628922246671,0.0667001316959321,0.0667001316959321,FALSE
"gene_940",2727.70423235359,0.0393722956641917,0.052052871036894,0.040776153965462,0.040776153965462,FALSE
"gene_941",10.2967147488414,0.410084029919195,0.53569772265923,0.429504084012061,0.429504084012061,FALSE
"gene_942",125.623620892494,0.104097555788661,0.0900123216098807,0.100766777346053,0.100766777346053,FALSE
"gene_943",4624.63442994513,0.0490083395639209,0.0513011712619467,0.0482835690420356,0.0482835690420356,FALSE
"gene_944",79.623294877824,0.139155273632128,0.113001169844219,0.13528204047255,0.13528204047255,FALSE
"gene_945",1472.19034451322,0.048533922213196,0.0536157596756223,0.0499292682586978,0.0499292682586978,FALSE
"gene_946",10.3274754334024,0.404441924100796,0.534251713979756,0.427849768154891,0.427849768154891,FALSE
"gene_947",12.097089308874,0.257612406461102,0.463445526094056,0.289427820481834,0.289427820481834,FALSE
"gene_948",11.840631346038,0.464994749512789,0.472395632472085,0.465895527318631,0.465895527318631,FALSE
"gene_949",55.8822753567905,0.121480690644998,0.139673004781405,0.124245492020237,0.124245492020237,FALSE
"gene_950",54.2839375695357,0.155543357066901,0.142306853941504,0.153556540867844,0.153556540867844,FALSE
"gene_951",386.896030469847,0.0795628250310764,0.0631405855387966,0.0786926784108742,0.0786926784108742,FALSE
"gene_952",57.8753197519729,0.156814824349104,0.136592532934315,0.153799105809144,0.153799105809144,FALSE
"gene_953",2173.60538659012,0.0659165891286553,0.0525200432698589,0.0602666080089602,0.0602666080089602,FALSE
"gene_954",339.412318981052,0.0769676369553539,0.0649481364497663,0.0753536076940431,0.0753536076940431,FALSE
"gene_955",4970.03742578617,0.0377362772822832,0.0512260510527734,0.0386646101976268,0.0386646101976268,FALSE
"gene_956",3865.28435562799,0.0332514516880726,0.0515135206131364,0.035544249392813,0.035544249392813,FALSE
"gene_957",134.488524809069,0.0858694354287673,0.0873894003601869,0.0860750813932345,0.0860750813932345,FALSE
"gene_958",556.308582991871,0.0715892703333596,0.0592059608991366,0.0696709980485857,0.0696709980485857,FALSE
"gene_959",193.641580851326,0.069983862269652,0.0760350813232953,0.0707750073339861,0.0707750073339861,FALSE
"gene_960",170.746980923919,0.0668588280623611,0.0794964603803241,0.0685031513186556,0.0685031513186556,FALSE
"gene_961",1363.37792045934,0.0579088533050857,0.0538867576343383,0.0574028721313179,0.0574028721313179,FALSE
"gene_962",470.472555810642,0.0489008559350053,0.060845369877259,0.0503266577034957,0.0503266577034957,FALSE
"gene_963",217.149781773101,0.102899753531108,0.073240420332314,0.0985683642832282,0.0985683642832282,FALSE
"gene_964",985.723507530139,0.038669851444386,0.0552914814625543,0.0404794767795538,0.0404794767795538,FALSE
"gene_965",23.9319667235284,0.220913814306057,0.259096655214948,0.226687545616495,0.226687545616495,FALSE
"gene_966",21.332835873634,0.311017346852631,0.28454554948349,0.306780525562181,0.306780525562181,FALSE
"gene_967",10.1828197110324,0.596130235185006,0.5411277975914,0.587128317255953,0.587128317255953,FALSE
"gene_968",140.191489313357,0.0948823285254186,0.0858773664021471,0.0936287280117384,0.0936287280117384,FALSE
"gene_969",2127.18543110901,0.0497990363969554,0.0525702297137745,0.0491340185980037,0.0491340185980037,FALSE
"gene_970",42.8074424263291,0.176198580481331,0.16699488240007,0.174824653068138,0.174824653068138,FALSE
"gene_971",43.2188121497007,0.128018701766493,0.165883386224278,0.133394122285193,0.133394122285193,FALSE
"gene_972",75.8516420461395,0.134704159987525,0.116122892629291,0.134054206423598,0.134054206423598,FALSE
"gene_973",2179.13381928402,0.0618237113133994,0.0525142087492281,0.0605625412874293,0.0605625412874293,FALSE
"gene_974",627.929902400699,0.0524307587222862,0.058181056994633,0.0531975563281201,0.0531975563281201,FALSE
"gene_975",5.40102282936791,0.879780466887691,0.975752906619984,0.899095697952324,0.899095697952324,FALSE
"gene_976",21.924566303796,0.249949780072504,0.278221255407474,0.254343713485979,0.254343713485979,FALSE
"gene_977",16.4932624165902,0.35344662942113,0.353302986692604,0.353441540796405,0.353441540796405,FALSE
"gene_978",1077.33250416118,0.0607121255500719,0.0548602593674131,0.0605338917875316,0.0605338917875316,FALSE
"gene_979",518.12203238465,0.0449103235630871,0.0598682237054745,0.047379077803475,0.047379077803475,FALSE
"gene_980",122.729227280374,0.0795538637933121,0.0909507605921187,0.0810610777230813,0.0810610777230813,FALSE
"gene_981",11.8295670216604,0.551188665042113,0.472790497750344,0.538350659676995,0.538350659676995,FALSE
"gene_982",73.4810801624724,0.101397330909446,0.118248967401236,0.103762929471925,0.103762929471925,FALSE
"gene_983",8.27944910086207,0.709516310153076,0.653983009264126,0.699921768277971,0.699921768277971,FALSE
"gene_984",86.4704410514797,0.104618458243704,0.108029874837474,0.105104892269702,0.105104892269702,FALSE
"gene_985",4.59715963931337,0.499770240142926,1.13759232156242,0.611393372685313,0.611393372685313,FALSE
"gene_986",47.6190729635049,0.162426460878005,0.15519548548194,0.161234033538992,0.161234033538992,FALSE
"gene_987",1506.67046215964,0.0414803424711453,0.0535380537289874,0.0443197503650697,0.0443197503650697,FALSE
"gene_988",30.0997273655034,0.158121139470835,0.21629561590668,0.168199785586595,0.168199785586595,FALSE
"gene_989",46.7061771084009,0.140748848410482,0.157247279374288,0.14313975878932,0.14313975878932,FALSE
"gene_990",4411.53502778894,0.0466151329528645,0.0513533847668736,0.0494108801576294,0.0494108801576294,FALSE
"gene_991",182.977846584185,0.0645197241600817,0.0775395388737648,0.0662041352921202,0.0662041352921202,FALSE
"gene_992",3.74952997634076,1.08154760155286,1.38340681578675,1.13805779570059,1.13805779570059,FALSE
"gene_993",417.836303355288,0.0478664217798326,0.0621838510035739,0.0495585200501364,0.0495585200501364,FALSE
"gene_994",9.09226873851161,0.406265267749252,0.600008557582643,0.435864424050638,0.435864424050638,FALSE
"gene_995",144.312464805632,0.113191149515944,0.0848591448303423,0.109072162976431,0.109072162976431,FALSE
"gene_996",801.469728397804,0.0540066474629773,0.0564573294371352,0.0560655602020194,0.0560655602020194,FALSE
"gene_997",21.0713390678602,0.298579794452079,0.287453542882186,0.296828220402626,0.296828220402626,FALSE
"gene_998",79.8791206584058,0.105977341259971,0.112800103841878,0.106942741906501,0.106942741906501,FALSE
"gene_999",632.325989054918,0.0577956888391622,0.0581257115598779,0.0578808202112073,0.0578808202112073,FALSE
