"gene","baseMean","log2FoldChange","lfcSE","stat","pvalue","padj","dispersion","log2FoldChange_apeglm","lfcSE_apeglm"
"gene_0",1707.49472231155,0.15238019936039,0.0517215816471105,2.94616279138678,0.0032174301916916,0.0111329764418394,0.0626558242011057,0.146610710683608,0.0524602958681479
"gene_1",53.8795466519464,-0.35479720605162,0.0917549849203402,-3.86678943230875,0.000110277566435896,0.000559784601197443,0.178677836137978,-0.33077937945975,0.0918713445855499
"gene_2",10.5281125847031,0.426421761866171,0.196883482181313,2.16585849225012,0.0303220019854249,0.072889427849579,0.808496600349547,0.325993627318205,0.18649986001404
"gene_3",46.9552720186148,-0.153840313323515,0.0846692343490134,-1.81695647192666,0.0692237786112264,0.142435758459314,0.147422059640981,-0.139617444856147,0.0828764267538902
"gene_4",53.3970284217906,0.0684416479531254,0.0772569586152459,0.885896224493869,0.375673450811402,0.511816690478749,0.121924186418133,0.0622223386306597,0.0765890528889854
"gene_5",3085.61893996194,0.654753431702714,0.0450895940498726,14.5211649272891,8.89850262240859e-48,2.28166733907913e-46,0.0476473946278487,0.649649505595633,0.0451269993927447
"gene_6",433.936334125089,-0.0944647824458032,0.051555189486086,-1.83230404906761,0.0669061341894272,0.138235814440965,0.060477058435344,-0.0908355397469049,0.0506218370762439
"gene_7",15.8298245039861,0.00446821461420856,0.132247882324562,0.033786662861207,0.973047271369485,0.985863496828253,0.349102670035911,0.0034446743536102,0.118669424723556
"gene_8",214.261339536581,0.0620291937802509,0.0649054675332346,0.955685185512131,0.339231309307349,0.474449383646642,0.0948240819428148,0.058349540138703,0.0615531751763494
"gene_9",4.41765086028177,-0.599859537540092,0.252521824071713,-2.37547601972707,0.017526331193169,0.0467368831817841,1.22875380514085,-0.429809830994173,0.256257468565177
"gene_10",336.847627857604,-0.255647834169011,0.0500905672237765,-5.10371210265838,3.33054835525959e-07,2.52314269337848e-06,0.0561639002431232,-0.24892461233842,0.0490975355467681
"gene_11",1566.23348172645,-0.0774427026240413,0.0459981079923191,-1.68360626130477,0.0922577878700382,0.176928516798493,0.0493799219130799,-0.0754345483634718,0.0449872090995269
"gene_12",561.561905892823,0.0767160066932132,0.0479122592855161,1.60117698136611,0.109337725645172,0.202038292331319,0.0524521176328422,0.0740863825339309,0.0472410393005522
"gene_13",292.652607831503,0.0566637669481422,0.0537141530183668,1.054913160946,0.291465042504044,0.427368097513261,0.0647161698915349,0.0541891552079261,0.052777962975404
"gene_14",1495.7472842859,-1.59268834006221,0.0474385763315096,-33.5736959923124,4.06156034567217e-247,4.06156034567217e-244,0.0507669340376533,-1.59000444085867,0.0473805862968944
"gene_15",76.4757392633338,0.1503292825858,0.0704255728295759,2.13458373919918,0.0327950268528222,0.0780841491424315,0.103708347139983,0.140290088765915,0.0693924128483093
"gene_16",5.92838593906767,-1.27214810823684,0.27789815282351,-4.57774942118729,4.70005220643648e-06,3.09213960949768e-05,1.45158691667605,-1.16061673795959,0.276376358378263
"gene_17",26.9725107503655,0.118481711037876,0.105302376043427,1.12515705238231,0.260522488688882,0.396533468324021,0.223974828986092,0.102548782588737,0.0963684823387152
"gene_18",596.700161712419,0.370046114529665,0.0480275562067336,7.70487078161565,1.30975754224441e-14,1.74634338965921e-13,0.0526752726521206,0.36401520021336,0.0471491054435676
"gene_19",21.3885213112966,0.14849325417165,0.12219896730754,1.21517601534172,0.224298966125311,0.351015596440237,0.304784254346886,0.118106118694595,0.121243004422985
"gene_20",402.860599260253,0.249664596776755,0.0506706141892442,4.92720683914171,8.34134405933869e-07,6.13334122010198e-06,0.0580685311189405,0.24308529855841,0.0495582714552207
"gene_21",202.575805025268,-0.444217130342742,0.0520988941527919,-8.52642148295843,1.50944549923103e-17,2.28703863519853e-16,0.058537911687675,-0.436345030709648,0.0534394770048769
"gene_22",121.758053636292,0.0291695894074203,0.0646627888271221,0.451103175976621,0.651915188778774,0.763975341032328,0.0904627585296321,0.0271893244112268,0.0651120990480433
"gene_23",5088.62071781853,-0.0795738796293308,0.0506372222903031,-1.57145032903136,0.116078083371602,0.211435488837162,0.0604391618331265,-0.0769524304551655,0.0492635417418694
"gene_24",552.690760320351,-0.109137154947513,0.0511281663153675,-2.13457987666398,0.0327953426398212,0.0780841491424315,0.0599480376746652,-0.10491818016938,0.0514336150480973
"gene_25",1823.59673145675,0.0323745597334969,0.0484951993239923,0.667582774888814,0.504399955982551,0.628927625913405,0.0550553748085032,0.0307686594223323,0.0477688649031548
"gene_26",929.024643454659,0.00718448358503039,0.0479015127574349,0.149984482148015,0.8807768582175,0.935674421010207,0.0531588167263558,0.00685692312496261,0.0461694806467164
"gene_27",51.9053920222959,0.108470382185965,0.0846197589193713,1.28185643130134,0.199893014039248,0.32345147902791,0.149463161884556,0.0980050185403059,0.0809247972815506
"gene_28",408.898849562779,-0.76900573878296,0.0545449963107314,-14.0985569859075,3.87614708548313e-45,9.22892163210268e-44,0.0668592296126753,-0.762292844422488,0.0558911252614892
"gene_29",35.5124013324505,0.177151820991467,0.103099694209901,1.7182574822269,0.0857496609112184,0.167807555599253,0.222019972494853,0.153826141384207,0.100719255541615
"gene_30",12.5456424002614,0.0771945618200779,0.161758796677757,0.477220178472635,0.633205343749263,0.749326546180747,0.536633765390864,0.0530740036806905,0.141824366178563
"gene_31",21.2986113588676,-0.138994663534104,0.126479569375771,-1.09894953169196,0.271790079961972,0.40870688716086,0.329738119371624,-0.111309921697184,0.118872912054619
"gene_32",2141.02587087181,-0.112362372839707,0.0493948875751173,-2.2747773778983,0.0229192879611207,0.0574418244639617,0.0572183133485705,-0.108374066083953,0.0484480854438096
"gene_33",12.4667312931954,-1.50937077002946,0.239511311175826,-6.30187677825966,2.94062916473626e-10,3.06315537993361e-09,1.13147839868795,-1.41593961755441,0.271779489112528
"gene_34",876.310819670768,0.0765325887311813,0.0532014468212582,1.43854337248213,0.150279940389347,0.256888786990337,0.0657608276810605,0.0730778832690258,0.0530978100714578
"gene_35",35.2407020339704,-0.217240460039755,0.0869885717597115,-2.49734483099502,0.0125127213595895,0.0358530697982507,0.149079754214853,-0.200351004257766,0.081728685316083
"gene_36",250.508822906008,-0.201095577119297,0.0545828425450998,-3.684226906159,0.000229397824361825,0.00106265382485182,0.0662564194609002,-0.194144073683383,0.0533200754525046
"gene_37",195.713065270958,0.0387963154608952,0.061134416114138,0.634606788236309,0.525684899765109,0.646598892700011,0.0831366395488863,0.0365993241982174,0.0590908311684213
"gene_38",1494.25889846366,0.077002494597526,0.0515304067484328,1.49431179484854,0.135094143711229,0.237007269668822,0.0621089473111742,0.0739698887588624,0.0500712351962272
"gene_39",26.0429217736456,0.282378584199623,0.0978588698416561,2.88556964388139,0.00390706007262143,0.0131995272723697,0.1855885817848,0.254160384244044,0.101036268316633
"gene_40",10.0203895612027,0.213469911033851,0.161475592875174,1.32199490482051,0.186169847582292,0.306200407207717,0.512291544579143,0.154280090016167,0.150173155355293
"gene_41",247.410996912125,-0.019181577712094,0.0659918713781871,-0.290665764002477,0.77130695794202,0.859873977638818,0.0988372467108179,-0.0179404506088753,0.0630432030652708
"gene_42",4.43336593740197,0.486966400480301,0.202217807879358,2.40812817420522,0.0160345504411676,0.0435899294489306,0.708899708707298,0.364295080185644,0.208331400349466
"gene_43",127.971503532789,-0.134002082497771,0.0635993256190245,-2.10697332390718,0.0351198919581475,0.0824410609346185,0.0875562639562946,-0.126256597493005,0.0643887381429168
"gene_44",440.751478970708,0.124502341384761,0.0570337001770841,2.18296096865877,0.0290386844938046,0.0704822439170015,0.0745740462510611,0.119032443032805,0.0546821900921783
"gene_45",222.23216266228,0.105942239392883,0.0486465641959975,2.17779489967761,0.0294213097934767,0.0710659656847262,0.0513161637250833,0.102240991458216,0.0486018104549841
"gene_46",9.49121247228671,-0.244352712042289,0.168993629578084,-1.44592853974643,0.148197246093268,0.254901041797111,0.563867048890414,-0.179511550414105,0.152698606681354
"gene_47",441.805265173454,0.0897239426646102,0.0649111556479485,1.38225766848515,0.166892598769653,0.280491762638073,0.0973075631706409,0.0843241711569125,0.0631044336547115
"gene_48",4621.79742527523,0.103577909205775,0.0520076486628634,1.99158992703579,0.0464160694821543,0.103146821071454,0.0637449254542056,0.0998678986128915,0.0505377535741856
"gene_49",63.8335865723705,0.000486830312936107,0.0980050898183522,0.00496739826307413,0.996036605918029,0.996036605918029,0.211080668148417,0.000336379730881415,0.0992443900295964
"gene_50",17.7289225703839,-0.140511784935046,0.138427670794404,-1.01505561806163,0.310079316076012,0.446157289318003,0.394810511043711,-0.110475705803341,0.123257781557211
"gene_51",991.626956505771,0.0859394775428429,0.0433081845731025,1.98437035377875,0.0472145684409021,0.104457009825005,0.0433158231506463,0.0834754562953351,0.0427977228380409
"gene_52",1574.21448851951,-0.275910973917306,0.0523364846494275,-5.27186676303304,1.35043101550721e-07,1.0468457484552e-06,0.0640950684790269,-0.268358422945562,0.0532967786521272
"gene_53",106.597465137423,-0.0125190935282582,0.0541785769398561,-0.231070918347591,0.817259707571213,0.886398815153159,0.0598034135999119,-0.0119306343417154,0.0538986975327603
"gene_54",1134.92850148931,0.266070933373077,0.0422985298840475,6.29031160426744,3.16829347518431e-10,3.2662819331797e-09,0.0413664135119039,0.261280626804345,0.0418153941053313
"gene_55",207.721825951508,-0.0613033918623413,0.0634650391614584,-0.965939557783651,0.334074426542325,0.469865578821836,0.0902970559313861,-0.0577529409748718,0.0612002615617805
"gene_56",859.766490300021,0.137513422433403,0.0504920234585366,2.7234682433816,0.00646004259263075,0.0203786832575102,0.0590837464634388,0.133648780130256,0.0489467895246394
"gene_57",60.0631768746354,-0.0654980440192817,0.0713242637665975,-0.918313636347071,0.358454690214791,0.491707393984624,0.103209849059272,-0.0608635944440165,0.068381828192662
"gene_58",4.51257535256623,0.778131645996353,0.257059682327949,3.02704663348816,0.00246955856538831,0.00888330419204428,1.25574278486996,0.60148529377542,0.286693646568005
"gene_59",9.76159712612036,-0.193062955262694,0.161932131850428,-1.19224611605201,0.233164755871841,0.363184977993522,0.512999597010195,-0.146620574746939,0.137441569874653
"gene_60",310.51266778589,-0.616830872636793,0.0532227983831904,-11.5895986564962,4.65307714200617e-31,9.12368067060033e-30,0.0628611168528767,-0.610169215602773,0.0522198651326108
"gene_61",12.2738762232903,-0.1071777351971,0.139881114760957,-0.766205898346295,0.443553799326505,0.574551553531742,0.3790522336968,-0.0813135199970909,0.127283608154224
"gene_62",118.468183241687,-0.172159334066379,0.0632934369064237,-2.72001873307825,0.0065278218070119,0.020527741531484,0.0859272457391162,-0.163819794275601,0.0611448247223456
"gene_63",60.8835226774084,0.42433985157942,0.0754193872306876,5.62640280119856,1.84006391847877e-08,1.54627220040233e-07,0.115921772608675,0.408150521423236,0.0764156640700705
"gene_64",88.6496836987414,0.162587956757202,0.0693164107657193,2.34559110838454,0.0189969350990432,0.0496003527390162,0.1018892130524,0.15246403604667,0.0683897193353346
"gene_65",697.592562591351,1.47867105515909,0.055924575173834,26.4404521726422,4.69847021113426e-154,3.35605015081018e-152,0.0691032132079178,1.47489192108141,0.0543070432952088
"gene_66",22.844569185468,0.170710356149952,0.105063788461094,1.62482581915621,0.104199677934049,0.194512074612804,0.215428129037857,0.147646204840622,0.101565710850817
"gene_67",3.81442657754513,0.355374146331012,0.276041622960729,1.28739333771259,0.197957225288967,0.321881667136532,1.51548877602817,0.166682937514938,0.223938637675631
"gene_68",25.5969509325807,0.258819506958303,0.0964611108192556,2.68314872968099,0.00729325474837223,0.0225797360630719,0.178557754750085,0.234603786312711,0.0944562270204006
"gene_69",327.148068522971,-0.150061455081396,0.0535672663785312,-2.80136481150619,0.00508869569995626,0.0165748790754363,0.06467766437574,-0.144357023738906,0.0532808494422653
"gene_70",4868.19808238306,0.0912519972174172,0.0494483825921497,1.84539902892404,0.0649795143087104,0.134971922286052,0.0576157304824458,0.0879123598578628,0.0485273659908989
"gene_71",155.997214522403,0.198067360389691,0.0683441809303364,2.89808667970697,0.00375446809989669,0.0127702996595126,0.103712501020779,0.188318620816617,0.0633700885331463
"gene_72",52.317277892107,-0.183434805728099,0.0880655306604311,-2.08293533636218,0.0372571181232206,0.087049341409394,0.163432744985676,-0.165736674256501,0.0875234197450878
"gene_73",61.5453053360864,-0.0210273519583744,0.0886534382862118,-0.237185972308135,0.812512518332785,0.8850898892514,0.169197420348733,-0.0187760470271613,0.0794265366009012
"gene_74",570.391643527258,0.117221902792793,0.0511443518305509,2.29198139378454,0.0219067168597926,0.0555441106872889,0.0600443795048481,0.113772510634249,0.0503996531434115
"gene_75",11.5819701555362,0.236739663514293,0.161174314075055,1.46884238268915,0.141875545411189,0.247601300892128,0.523100300555385,0.169962958243565,0.155429505332313
"gene_76",64.3788704060895,-0.127101242897233,0.0647998903995827,-1.961442251113,0.0498274553585433,0.108556547622099,0.0832824403590735,-0.12012526102105,0.0626345506572525
"gene_77",849.297220128651,0.353029846150801,0.0480627430235593,7.34518722699104,2.05471274373616e-13,2.60090220726096e-12,0.0533238846214091,0.347052403158228,0.0481876736070387
"gene_78",1908.65918398543,-0.183349765692448,0.0459511486956822,-3.99010189944776,6.60449149043031e-05,0.000353181363124615,0.0493866529394706,-0.178960669862078,0.045983410090483
"gene_79",338.878179240601,0.0883582544610484,0.0485267491695374,1.82081544659734,0.0686349154627771,0.141515289613973,0.0526451429004046,0.0853762294286118,0.0472360552587387
"gene_80",269.726540294737,0.16257846081403,0.0575585995757148,2.82457290504728,0.00473436763019591,0.0155225168203145,0.0744771165937343,0.155533002350161,0.0568246579073964
"gene_81",1655.95495601359,0.0421906097004289,0.0418864460009658,1.00726162585998,0.31380906541901,0.448674474352394,0.0408713743356986,0.040970057100197,0.0415545730942357
"gene_82",2104.97222923293,0.157683076827509,0.0458222830465653,3.44118770047465,0.000579166614946021,0.00246453878700434,0.0491613833386298,0.154417146469459,0.0465015303944594
"gene_83",4910.24843089471,0.236798638096234,0.044002846988745,5.38143902727025,7.38927327786386e-08,6.00753925029582e-07,0.0455757847288526,0.23202441039102,0.0446618628728111
"gene_84",59.3119324245939,-0.139383764141586,0.0823366265532652,-1.69285250047761,0.0904835465441836,0.174678661282208,0.142847036678167,-0.127319535159247,0.0789500581664077
"gene_85",1148.22632422611,0.0628921721552901,0.0413677025559859,1.52032064314361,0.128430408265851,0.227713489833068,0.0395737143804466,0.061363005244106,0.0402814054564161
"gene_86",104.250900438442,-0.0749624827337763,0.0685950867880741,-1.09282583117614,0.274470277846871,0.411499666936837,0.101404517460168,-0.0701436690968388,0.0646447593130524
"gene_87",182.829010256598,-0.00826881198018622,0.0623027794420512,-0.132719792828459,0.894414988929938,0.937541917117335,0.0861796664258914,-0.00779489411151109,0.0602343777116948
"gene_88",29.5961071380089,0.0252214751936184,0.106289479411903,0.237290419834289,0.812431493760572,0.8850898892514,0.23262644791291,0.0212208941702846,0.0994498136178297
"gene_89",13.12494981527,-0.0856875375522511,0.159701943661836,-0.536546616700493,0.59158082714208,0.711890285369531,0.524828967771845,-0.0620135945772259,0.134224517882554
"gene_90",500.572056730851,0.110215234554824,0.0519987909613832,2.11957302308578,0.0340420695045782,0.080477705684582,0.061877101440345,0.105925198181329,0.0514567230995195
"gene_91",4.39999930807464,0.362982378877527,0.257163563416949,1.41148448113938,0.158101808339761,0.268880626428166,1.31461054907127,0.197302130290182,0.21860892186018
"gene_92",298.199881166419,0.338666387389456,0.0547429429276836,6.18648485589896,6.15205917043763e-10,6.03143055925258e-09,0.0671797705773644,0.330327406646692,0.055218460667019
"gene_93",632.979350545391,-0.0206563475203621,0.0468018136886312,-0.441357842620954,0.658953956988793,0.76711752850849,0.0501774780596416,-0.020118620564034,0.0452596664207404
"gene_94",19.8417238232931,0.27636729570696,0.117170766730321,2.35867105267856,0.0183405051310675,0.0482644871870198,0.270725556122614,0.240516566128036,0.113448047673843
"gene_95",44.2351932110775,-0.0246152539253278,0.0816017315602002,-0.30165112252757,0.762918032037417,0.851674880443161,0.134348055869511,-0.0223648482186012,0.0755492338591763
"gene_96",185.847624280631,0.094400862685961,0.0597684534508324,1.57944295419353,0.114234491461723,0.209604571489401,0.0789271762576887,0.0895744164556646,0.0583209990286534
"gene_97",42.1398555713007,0.281949272152697,0.0973255371893128,2.89697113722848,0.00376784418256269,0.0127723531612295,0.19856354568509,0.256695108641956,0.0948917087810133
"gene_98",273.861391867781,-0.0458299955076926,0.0545064164820496,-0.840818356179874,0.400449702064237,0.536077245065913,0.066503520120118,-0.043885747324403,0.0520204468187988
"gene_99",6.34980695714298,0.130788890966368,0.18000490659115,0.726585143945169,0.467480131640395,0.592946861982524,0.604764258321306,0.0850798995709469,0.154625994044358
"gene_100",145.003244014826,-0.414516700392705,0.0632800245502577,-6.55051421580109,5.73392978198159e-11,6.30102173844131e-10,0.0868794689468111,-0.403580364744334,0.0626078530315285
"gene_101",203.845764641,-0.0812965568406694,0.0578674249795583,-1.40487600527218,0.160058152847447,0.271285004826182,0.074136675948205,-0.0773475762134351,0.0564872836867203
"gene_102",331.987549099693,-0.104900967404694,0.0543979089187581,-1.928400732487,0.0538053007987876,0.115462018881518,0.0668665793401376,-0.100741123559768,0.0523121790732464
"gene_103",147.766707371453,0.186492521541974,0.054585265691929,3.41653593104246,0.00063423293566966,0.0026760883361589,0.0633755487213541,0.180057033893626,0.0540677979642571
"gene_104",7.30972668269397,0.378096440439523,0.211260166788746,1.78971950172514,0.0734990156830094,0.149388243258149,0.903810425080802,0.264088560061372,0.193294253178686
"gene_105",6.42380511518963,-0.0678305991630729,0.26666468565689,-0.254366636497,0.799212323664099,0.876329302263267,1.52190605291907,-0.0309518321896514,0.185277273340273
"gene_106",46.9070760797483,-0.0538504564915854,0.0820391265835253,-0.65639968066651,0.511566995857748,0.633912014693616,0.137281027329068,-0.0481695374410422,0.082328573717376
"gene_107",369.065046334339,0.207016922029147,0.0547604099703183,3.7804122018326,0.000156568925878304,0.000749133616642604,0.0680589394672235,0.19985680401354,0.0538678968213381
"gene_108",154.977239295443,-0.102167308184594,0.0701248293444315,-1.4569348565938,0.145134363144068,0.251786730318861,0.109632836693338,-0.0946896863271934,0.070233048551115
"gene_109",56.305068625614,0.231709201669525,0.0772800903557649,2.99830396940316,0.00271486746688589,0.00962718959888612,0.122516378189202,0.216559851970972,0.0761965684960649
"gene_110",451.701719581078,-0.735173892570488,0.0565442475594954,-13.0017450810879,1.1958299722649e-38,2.49131244221855e-37,0.0724988025842658,-0.728106495115667,0.0562492765360784
"gene_111",215.794933044111,-0.039227955844181,0.0519247098457326,-0.75547761288848,0.449962459921441,0.5798485308266,0.059002221529811,-0.0375476586750504,0.0515315021188855
"gene_112",200.630869497755,0.0201701315286646,0.0557464827900481,0.36181890801307,0.717487361563974,0.818115577610005,0.0683720130171855,0.0193174323105416,0.0540777421713698
"gene_113",4625.56063724183,0.0209974759680282,0.0483627190297528,0.434166572708837,0.664167485106172,0.770304064798031,0.0550942288644824,0.0205385055698634,0.0476141938989073
"gene_114",141.269065413735,0.118514601729849,0.0702031005001819,1.68816762914257,0.0913790552452137,0.175728952394642,0.109224661675525,0.110129136262313,0.0701173002905149
"gene_115",1705.0161710853,-0.168975928827935,0.0428763627590914,-3.94100427261884,8.11411807289038e-05,0.000429111993553898,0.0428632266416187,-0.16626668530049,0.0420659354615729
"gene_116",3379.83554253226,0.186720719249979,0.0495506178478159,3.76828236175483,0.000164374709623899,0.000779027059828906,0.0577563556304788,0.181963464287592,0.0492415443623415
"gene_117",24.4917439523885,-0.185691253737786,0.104670634901858,-1.77405299883674,0.0760543841967949,0.15302692997343,0.216599081290419,-0.162168148980443,0.099904285117369
"gene_118",180.341195061805,-0.210892536190548,0.0609352969194252,-3.46092571714899,0.000538321330994144,0.00230660913574142,0.0819661533554626,-0.202045653786531,0.0601574004008083
"gene_119",66.040757429318,0.19038643825954,0.0824854839614793,2.30812052152656,0.0209924340886074,0.0534158628208839,0.145039125615637,0.175989908267981,0.0777510716247179
"gene_120",515.459278877524,-0.165591505668298,0.0520772262011385,-3.17972975420642,0.00147412458364002,0.00573589332155649,0.0621109876054686,-0.160048668718596,0.0529698876715301
"gene_121",879.680275858892,0.0117216605200784,0.0537960267976668,0.217890822386659,0.82751417803448,0.893643820771577,0.0672738974416114,0.0111306196093495,0.053326107375954
"gene_122",24.8385343764021,0.133388270159822,0.0944053616343476,1.4129310862286,0.157675987755279,0.268713858215918,0.168996060665181,0.120424542343084,0.0829334464986786
"gene_123",14.3384705591958,0.308228037024197,0.153878905998461,2.00305581212853,0.0451712981898702,0.101280937645449,0.485084091081527,0.232992368973422,0.15988532038813
"gene_124",66.1426291958523,-0.0935879086427534,0.0744265705720741,-1.25745292203305,0.208589676079829,0.33466039961391,0.115427246874367,-0.0862651303351055,0.0721223358979872
"gene_125",14.682493639402,-0.445529999927703,0.124060771280333,-3.59122384400598,0.000329128799019441,0.00146932499562251,0.287174216448946,-0.401053972646904,0.126564536263883
"gene_126",128.356128045198,0.247594886151265,0.0691539922899223,3.58034117702481,0.000343145866206921,0.00152509273869743,0.104797033469638,0.234994651398453,0.0683256400604521
"gene_127",15.9815447957685,-0.466653807455479,0.146319889240298,-3.18927119121245,0.00142632002165703,0.00557156258459777,0.434135866721852,-0.410980485613781,0.142355816636035
"gene_128",1765.43190598238,-0.143139864120263,0.0445359468118659,-3.2140298874734,0.00130886048762173,0.00515805118844471,0.0463183018048215,-0.138720557351964,0.0438070387754799
"gene_129",361.198174060547,-0.00913879758377203,0.0539510369409418,-0.169390582682886,0.865489430401339,0.925657144814267,0.065992019729073,-0.00875728169524365,0.0520573602046514
"gene_130",637.326538303816,-1.46895718741501,0.0509074070347066,-28.8554706079124,4.32620904269394e-183,3.60517420224495e-181,0.0565982074045177,-1.46530796576507,0.0519459880346813
"gene_131",113.694421355132,0.069158130411871,0.0607561973225774,1.13828931795525,0.254999692964519,0.389312508342778,0.0782452037883244,0.0651834210821232,0.0609290777084939
"gene_132",140.243999559547,0.040026409924355,0.0607792330649658,0.658554047261036,0.510182179716343,0.632980371856505,0.0800439669552445,0.0377163242089903,0.0597986566709711
"gene_133",38.1364656037222,-0.0740508343384341,0.0884557593803226,-0.83715107820223,0.402507652379744,0.536964453317281,0.158172381239491,-0.0655567744313113,0.0868229067567601
"gene_134",35.2955997525188,0.185523356533676,0.10813131878438,1.71572268441135,0.086212810853666,0.168384396198566,0.246885690983989,0.161879603973774,0.100145410321522
"gene_135",456.689803100028,0.162004329678021,0.0525410017905357,3.08338867088757,0.00204657668701525,0.0075241789963796,0.0629990887897045,0.156153624497652,0.0513082980715642
"gene_136",1938.66324500481,-0.0484871010336397,0.0447663923551111,-1.08311388259778,0.278757877710886,0.415171553782947,0.0468638402510335,-0.0466218820954737,0.0431598334437551
"gene_137",98.3752552228348,0.397064423358231,0.0696560436024029,5.70035854497675,1.19555703150585e-08,1.03961481000509e-07,0.103293738537042,0.38351839723387,0.0693192720292892
"gene_138",15.5132830520849,-0.254490891086956,0.146359123205206,-1.73881125763606,0.0820679677480751,0.162510827223911,0.438471418898858,-0.196329259066513,0.144463851899727
"gene_139",504.062655515261,0.158282734620738,0.0506330959622643,3.12607261342862,0.00177157802417787,0.00676174818388501,0.0585607536877832,0.152976647367934,0.0517144407386154
"gene_140",44.6872092579665,-0.157748679839101,0.0984077307603021,-1.60301105025315,0.108932214457743,0.201726323069894,0.205761773490496,-0.139747473353144,0.0916911628679022
"gene_141",120.497375227298,0.0344090426356345,0.0749026245914078,0.459383670777026,0.645958672338212,0.759856428961893,0.124145270134779,0.0316888672941822,0.070219676797577
"gene_142",217.790023648203,-0.000972707309193123,0.0608049177225831,-0.0159971815705929,0.987236640188967,0.993195815079444,0.0827222926956528,-0.000942777101191104,0.0593811260325423
"gene_143",20.0181568889666,-0.211814767445575,0.135909479245279,-1.55849885248481,0.119115039807201,0.216179745566608,0.384288123597209,-0.171749887964809,0.125221488406453
"gene_144",11.7621687706349,-0.126818474113306,0.154847414890146,-0.818989934079787,0.412792156621874,0.546021371192955,0.479275822138768,-0.0919071120794684,0.137603309544332
"gene_145",71.6772988751668,0.264359600916126,0.0820579381256625,3.22162129532538,0.00127467494987129,0.00507838625446728,0.144332142154816,0.245798526536575,0.0825070736743079
"gene_146",94.141980012893,-0.0690604241690511,0.0747975458707661,-0.923297995476649,0.355851932220187,0.489479961788428,0.121381161875657,-0.0629828204276539,0.0761445958714697
"gene_147",496.89442915904,0.0873699007402509,0.046324602777914,1.88603669542755,0.0592900098996975,0.125614427753596,0.0486723773460788,0.0847913455761597,0.043871932961717
"gene_148",27.5794424976443,-0.246591067324757,0.0936311270631925,-2.63364412091644,0.00844739766904338,0.0256217420736137,0.169115974791114,-0.223540800930153,0.0927690702557319
"gene_149",1798.6173632122,0.10357866210291,0.0424132481041622,2.44212991772128,0.0146008911545972,0.0410137391983068,0.0419679410210862,0.100878008244902,0.0419629448941592
"gene_150",4865.8595659705,-0.149386273364728,0.0465239246111503,-3.21095596756524,0.00132294204256898,0.00518800801007445,0.0509757888946511,-0.144962929517715,0.0466367337161373
"gene_151",13.0954401739017,0.183898935417594,0.153289273864436,1.19968560605374,0.230261465317417,0.359222254785362,0.476029198797241,0.142156383931041,0.132466515053307
"gene_152",1783.098362297,-0.756436697052089,0.0524899572798099,-14.4110747322526,4.40797354212691e-47,1.10199338553173e-45,0.0643531288467822,-0.7504928704423,0.0523390248740407
"gene_153",20.6277607933336,-0.23097294323715,0.121612452950868,-1.89925404539339,0.0575310818667289,0.122406557163253,0.298561174897705,-0.197003328890502,0.11358572781847
"gene_154",205.887116231322,-0.0140598157661172,0.0613548697649279,-0.229155661481889,0.818747932648623,0.887050847940004,0.084032683246016,-0.0133049869980116,0.0590324450201475
"gene_155",4951.67293098035,0.698867881923413,0.0444316192775559,15.7290662210107,9.56106844487748e-56,2.73173384139357e-54,0.0464082981026194,0.694288481526276,0.0447506904846136
"gene_156",143.025074809198,-0.0575610418318633,0.0555350969436511,-1.03648044209354,0.299978059081945,0.434121648454334,0.0657495116624936,-0.054924574243704,0.0540460245665598
"gene_157",200.130444177912,0.187463710817835,0.0580741324025549,3.22800708443451,0.00124655886896316,0.00499226878540246,0.0745181750491655,0.179587662102504,0.0578515228615474
"gene_158",178.892279401908,0.0744867650142238,0.0654062073253195,1.13883327072825,0.25477270200988,0.389312508342778,0.0954131392238274,0.0696654387064785,0.0645633100439539
"gene_159",308.744535844242,-0.210485691693044,0.0548809044973666,-3.83531746826702,0.000125402209499122,0.000620803017322386,0.0678109290174491,-0.202712194618342,0.0554065427981845
"gene_160",131.553687106237,0.122192381776118,0.0578065119286956,2.11381689880964,0.034530909061805,0.0812491977924825,0.0711544301790284,0.116396901668207,0.0574502618730332
"gene_161",614.419515808611,0.193269077313687,0.0490548855074994,3.93985380485988,8.15312787752406e-05,0.000429111993553898,0.0551977938765908,0.187796675904175,0.047824882890713
"gene_162",14.0644190568806,-0.104175608471815,0.143665514311207,-0.725126060845407,0.468374697861098,0.592946861982524,0.415151844365222,-0.0802378598407354,0.124025180575198
"gene_163",149.642456564018,-0.199416925913868,0.0653399690926879,-3.05198990270389,0.00227329747823222,0.00826653628448079,0.0939396292071382,-0.18955502522378,0.0639481741542045
"gene_164",52.8907826550203,0.153010708001137,0.0806330309904429,1.89761821082073,0.0577463937219421,0.122603808326841,0.134069057462759,0.14026146595038,0.0783206113700149
"gene_165",416.285902886999,-0.162775946338308,0.0469064385022082,-3.47022608272945,0.000520020450794648,0.00224146746032176,0.0495267826805332,-0.157720161795196,0.0484140878610801
"gene_166",436.277972447148,0.303449641848698,0.0516197273314146,5.87855956503716,4.13851889304727e-09,3.83196193800673e-08,0.0605230223680913,0.296037420153342,0.0514026467600173
"gene_167",4.74509933282382,-0.235407649302168,0.244793979827019,-0.961656203590125,0.336222329093421,0.471560068854728,1.19542029995539,-0.132949660743285,0.185899300157163
"gene_168",4671.9771214199,0.0690999754986844,0.0410775935041922,1.68218168602385,0.0925336142856119,0.176928516798493,0.0396857003078593,0.0670742053475188,0.0396340644631048
"gene_169",46.1179694383115,-0.147464598591274,0.0829684427351275,-1.77735767636434,0.0755094096553816,0.152236713014882,0.140268298206107,-0.133932207190816,0.0822150497801137
"gene_170",16.0166050446193,1.57643868034599,0.156205084883288,10.0921085989221,5.98694270158937e-24,1.05034082484024e-22,0.397149635713309,1.54661301560857,0.156857926247443
"gene_171",4.30827926981272,-0.148722590572157,0.21937070688868,-0.677951002125487,0.497802760651492,0.623789647400635,0.900260628404447,-0.0773240536668895,0.181022383209549
"gene_172",128.204210638397,-0.163023369370434,0.0619076489848905,-2.63333161642468,0.00845517488429253,0.0256217420736137,0.0825109125020886,-0.155301768791874,0.0603446935932263
"gene_173",6.63705030993959,-0.156874194232957,0.197169285839781,-0.795632005080308,0.426245958422665,0.560112954563291,0.763331136592286,-0.107154288400381,0.15069588864323
"gene_174",50.2873628016561,0.0859079717086485,0.0905897532260023,0.948318862226352,0.342967151256996,0.479004401196921,0.173625146479374,0.0761231509575097,0.0864857875820035
"gene_175",24.5160560011548,0.209907340616747,0.121994609761457,1.72062799354161,0.0853183503473348,0.16729088303399,0.309184657479082,0.175024459326008,0.117409492621832
"gene_176",449.241935004962,0.00746700254502558,0.0554682878584486,0.134617505484951,0.892914300220984,0.936950997083928,0.0704753948797555,0.00706939044408968,0.053449116288242
"gene_177",151.730341383142,-0.0863314951584005,0.0595798530509515,-1.4490048353186,0.147336232244144,0.254027986627835,0.0771480468673623,-0.0819349079377727,0.0579838298515905
"gene_178",76.6185258284502,0.156468985701166,0.0661461410210574,2.36550437086503,0.0180055307555628,0.0477600285293444,0.0899029824089576,0.147423969557601,0.0654390578031986
"gene_179",1705.29030811445,-0.0677175807571441,0.0487892653983984,-1.3879606549552,0.165149026256361,0.278497514766207,0.0556912575915844,-0.0654681604790039,0.0465798233624276
"gene_180",19.3068363668555,-0.100205346381273,0.116169116020793,-0.862581637991782,0.388367529618906,0.524112725531587,0.265844037319635,-0.0820833891473739,0.109939983017011
"gene_181",139.115902624073,0.0678925353547529,0.0646108758169981,1.05079113223987,0.293354529477191,0.428880891048525,0.0913218094860501,0.0636956989459479,0.0627562095732815
"gene_182",376.701490557171,0.0578341603430856,0.0536581946323434,1.07782531148048,0.281111721546495,0.415845741932685,0.0653569532772317,0.0552989673825676,0.0529461529425992
"gene_183",34.6471418951742,-0.217699389147773,0.0873284296082474,-2.49288107119715,0.0126711279936556,0.0361000797540045,0.150187877449151,-0.198275358449389,0.0875846210228104
"gene_184",4948.48173486237,-0.0234085034045849,0.0519747627728774,-0.450382111542805,0.652434941241608,0.763975341032328,0.0636801420782559,-0.0226804132590962,0.0505804987154346
"gene_185",808.835753316395,-0.0584893731591812,0.0496351586909618,-1.17838594056579,0.238642780136916,0.370393822394774,0.0569901256478089,-0.0562065080915225,0.0472337127738632
"gene_186",50.5489216259923,0.0528725991997825,0.0797617171920465,0.662881907024122,0.507406190317617,0.631102226763206,0.130126897899106,0.0481359691958679,0.075380422807188
"gene_187",48.3005246743816,0.08476652413033,0.0912328256192364,0.929123082125136,0.352825303580375,0.486655591145344,0.175525964588347,0.0752312159603379,0.0858932118598565
"gene_188",92.3058539695421,-0.122408935433831,0.0732369870604923,-1.67140867404503,0.0946409837826328,0.179925824681811,0.115627563811245,-0.114412233214518,0.0674884562987755
"gene_189",210.364810781827,0.30006493326098,0.0475375973435892,6.31216026952708,2.75167037869661e-10,2.92730891350703e-09,0.0483004309677998,0.293464328294542,0.0482568213491915
"gene_190",71.5481970113362,-0.0164167671382316,0.0677550926934299,-0.242295692997015,0.808551050855912,0.883662350662199,0.0942321369019362,-0.0153308770320262,0.0644016036280674
"gene_191",6.70252574424239,0.245285211721634,0.18218577848972,1.34634664546813,0.178190749185514,0.295997922235073,0.627651500142677,0.166267462987015,0.166670815190547
"gene_192",47.2987064857786,-0.0558814690923141,0.0817427066440426,-0.683626361134039,0.494211134253488,0.620089252513787,0.136373196638641,-0.0506109495330883,0.0775183340246904
"gene_193",47.3377254218733,-0.0686523748171737,0.0716633336496009,-0.957984666926753,0.338070490393409,0.473488081783487,0.0998621395041443,-0.0635550810030472,0.070726996447385
"gene_194",28.4864041770689,-0.234689035876272,0.10916326522835,-2.14989021613951,0.0315638997195959,0.0756928050829638,0.244834046159187,-0.207676128789399,0.101123241665381
"gene_195",47.5296771748501,-0.127416940233567,0.0844292804892868,-1.50915582242508,0.131258966831674,0.232163248386653,0.146855278968294,-0.115501084572841,0.0811279694497158
"gene_196",76.2998368026216,0.197571627913265,0.0830553507262086,2.37879469758136,0.0173693468193078,0.0465666134565893,0.149372652067298,0.181938945937923,0.0803256656599872
"gene_197",1127.63463261131,0.103151864653974,0.0445642725813155,2.31467627942889,0.0206306548627595,0.0527638231784131,0.046050015555102,0.100311140423034,0.0437633526746984
"gene_198",79.1133106543286,0.11893743914114,0.0662597047771413,1.79501915291014,0.0726506484353372,0.149179976253259,0.0907801279745603,0.111885740485143,0.064012904899457
"gene_199",807.001857781492,-0.0223518990308671,0.0463646101595747,-0.482089657476636,0.629742256647644,0.746140114511427,0.0495649751573255,-0.0216757573961526,0.0451979526886275
"gene_200",117.642871971987,-0.210796665453667,0.0686244768060207,-3.07174167680027,0.00212813809725164,0.00779537764561041,0.10241882869891,-0.199825257240642,0.0675906370516975
"gene_201",297.669403182295,0.230666720993596,0.0588299019343829,3.9209094934558,8.82153930283891e-05,0.000461860696483713,0.0782868101959138,0.221282877754452,0.0600496205301184
"gene_202",978.951558544687,-0.0363040759753769,0.0500019704653251,-0.726052906266017,0.467806337656678,0.592946861982524,0.0580778016433582,-0.0349408559554635,0.049551230590105
"gene_203",51.4616375542638,-0.222480705032122,0.0741785134197075,-2.99926076670355,0.00270635567341984,0.00962718959888612,0.109733105170145,-0.208778679972168,0.0736248251354125
"gene_204",179.783491949113,-0.0382156955554383,0.0549752932211901,-0.695143096402953,0.486965628985844,0.611765865560105,0.0657655341998714,-0.0364830813144718,0.0535796609381539
"gene_205",142.937766541828,-1.48220684206163,0.0707696310997797,-20.944108638518,2.1233501416602e-97,1.01111911507629e-95,0.0980660731723873,-1.47577790805115,0.0710161302775773
"gene_206",45.6346130319353,-0.0922073340224906,0.098441605760093,-0.936670357117137,0.348928148717074,0.484817978075388,0.206597566558565,-0.0806315194652233,0.0908654736924695
"gene_207",24.9993932840529,0.145066827928113,0.0996684924798238,1.45549334918935,0.145532730124302,0.251786730318861,0.193529775499229,0.126063546542962,0.0972857541754697
"gene_208",102.280860489409,0.279079622561964,0.0619390219957508,4.50571567922253,6.61496111143013e-06,4.24035968681419e-05,0.0802474725236468,0.268983859338488,0.0604122766041905
"gene_209",4787.53709469891,0.20861839833957,0.0443178040693793,4.70732706009031,2.50986050137093e-06,1.75514720375589e-05,0.0462297310380811,0.205085977858626,0.043689964138632
"gene_210",553.922768666459,0.114365703443287,0.0436840015996891,2.61802259992822,0.0088440947467148,0.0267193194764798,0.043260223465613,0.111211233321842,0.0433152707991979
"gene_211",148.851359075516,-0.109893366425128,0.0613816063740107,-1.79033057159706,0.0734007843561763,0.149388243258149,0.0821662553739665,-0.104351169094824,0.0597092056416471
"gene_212",30.6108380985712,0.0455948921319369,0.0942535123178104,0.483747406443559,0.628565144574128,0.745628878498372,0.176613733902726,0.0399152181121626,0.0886819287157535
"gene_213",20.3553587705856,0.125862347049397,0.11300526048179,1.11377423062246,0.265376054767999,0.400476363278413,0.251267291000219,0.106191121579135,0.104226257386746
"gene_214",381.432730265446,-0.247002342003767,0.0545154526579776,-4.53086840447654,5.87417221576522e-06,3.78978852630014e-05,0.0674901628209074,-0.238939553122778,0.0549632837146084
"gene_215",6.29260703349876,0.612891890017652,0.213536545685466,2.87019670590919,0.00410216520174535,0.013719616059349,0.878262987923899,0.511719180493854,0.202524946666764
"gene_216",1646.4675164327,-0.0182613310567834,0.0453683791879999,-0.402512308872908,0.687307031494486,0.790917182387211,0.0480536308973829,-0.0179586167810123,0.0456396434175153
"gene_217",7.00809081152634,-0.194307395015287,0.244817594110694,-0.793682315689414,0.427380397882414,0.560385360285157,1.26840185380131,-0.0959623034545006,0.190659853092682
"gene_218",28.9205731238101,-0.0704651943062668,0.108395123106659,-0.650077164790246,0.515642378673001,0.638171260733912,0.242302496103894,-0.0601212822999494,0.0972547970887312
"gene_219",5.84692124932967,-0.0515253036091791,0.201150982418568,-0.256152383595929,0.797833174605338,0.876170575898876,0.781649972495129,-0.0306757386237614,0.159818731738819
"gene_220",31.9169202042846,0.149715459583278,0.109565044249489,1.36645278253495,0.171796891480632,0.287285771706743,0.251468585270233,0.127323806834205,0.104204084420998
"gene_221",10.2781034006053,-1.41180737043469,0.213886569149964,-6.60072942422494,4.09139687751076e-11,4.54599653056751e-10,0.83110996854463,-1.35238726728156,0.210605059497132
"gene_222",135.51759457208,-0.222247075133673,0.071595421492408,-3.10420792979394,0.00190789195707448,0.00714566276057857,0.11342129889426,-0.209737190706386,0.0711207158327576
"gene_223",48.7304292060547,-0.203421374151181,0.0811647495549891,-2.50627735890891,0.0122009869827644,0.0350603074217368,0.134297540287033,-0.188598714989598,0.0779599847189566
"gene_224",11.9949875590241,0.094247703572338,0.158880232991071,0.593199681282156,0.553047525909317,0.676097219938041,0.511199271982324,0.0691168732111067,0.132518855962192
"gene_225",434.030265874735,0.281437465679594,0.0486628689433529,5.78341293455606,7.32000814263013e-09,6.65455285693648e-08,0.0535184152883241,0.275383190248891,0.0483432582464211
"gene_226",220.934725013991,-0.0880549089863703,0.0612005370891836,-1.43879307559105,0.150209158853856,0.256888786990337,0.0839097874350945,-0.0834341191541739,0.0588947762862999
"gene_227",1233.04774544533,-0.0492312164720525,0.0505811956669794,-0.97331065078384,0.330398930541942,0.466006954219946,0.0596718556108892,-0.0474167161394258,0.0487576014817069
"gene_228",19.9484263360333,0.0985205977051089,0.120024366237887,0.82083830803024,0.411738374909524,0.545348840939767,0.289172666338901,0.0794569530954888,0.113436842836645
"gene_229",397.076837556419,-1.61687749646392,0.0637970549911651,-25.3440773510288,1.04444168183654e-141,6.14377459903844e-140,0.0867531960339627,-1.61189563519768,0.0623848907249467
"gene_230",1103.0525908206,0.0832887218624949,0.0490376627224453,1.69846434839098,0.089420156006894,0.172959682798634,0.0559343277300623,0.0791001346388519,0.0485419143693951
"gene_231",23.8078069218509,-0.0181738858270155,0.105509180238625,-0.172249332104681,0.863241516003738,0.925232064312688,0.220417460623768,-0.0152769866143366,0.0998036497429567
"gene_232",629.158244622252,-0.110333770136244,0.0500712000841982,-2.20353756152659,0.0275568825796,0.0675413788715686,0.0576463489588222,-0.106510850695067,0.0486477106396835
"gene_233",27.3072742705073,-0.187509170838035,0.109716471285453,-1.70903391843679,0.0874446667914354,0.170125810878279,0.246454612521786,-0.160936876815324,0.105815660030922
"gene_234",16.7251918020484,0.0370274897380273,0.135638760355135,0.272986052372349,0.784863937121239,0.870137402573436,0.373895054269258,0.0287167675006286,0.118603649302096
"gene_235",658.881094888135,0.19882294454504,0.0466225590083901,4.26452234226912,2.00330298755975e-05,0.000117152221494722,0.0498071772108927,0.193691206469252,0.0458076578702274
"gene_236",36.7207568326053,-0.099087094362434,0.084915630676354,-1.16688875267373,0.243255298609004,0.374815560260406,0.142550790848907,-0.0896576566775579,0.0799031034060002
"gene_237",17.9225048210813,0.16488946714914,0.132166821204813,1.24758593454871,0.212182732040907,0.338409460990282,0.355156644888159,0.130384514997431,0.124719609106576
"gene_238",17.4636170920675,-0.0432111743366179,0.139558172715818,-0.309628404383085,0.756843553519707,0.848479320089358,0.401873406797397,-0.0328619353870496,0.122887048063364
"gene_239",3.9242463998061,0.206476201857079,0.266647302570581,0.774341986086378,0.438728580938601,0.570518310713396,1.41561686900415,0.0863359828925794,0.202303065041148
"gene_240",2416.66837387793,-0.337556843244018,0.0509920525024692,-6.61979321635804,3.59701681354744e-11,4.0415919253342e-10,0.0610371854801691,-0.331660201421735,0.0498940977689641
"gene_241",236.919872993065,0.00743289359936929,0.0529883680642986,0.140274061476094,0.888443457618502,0.936189101810855,0.0620672527479671,0.00710695996401141,0.0514541079213472
"gene_242",25.2434350487752,0.0315227074066428,0.117408586448817,0.268487240670297,0.788324294926587,0.87098956872507,0.28534306463998,0.0256844962140206,0.107560092110904
"gene_243",198.016222141501,0.0601678875611946,0.0609884331676937,0.98654588150768,0.323865312057108,0.457793264864061,0.0827664656501998,0.056887917200287,0.0578801094093178
"gene_244",5.19971997764683,0.166509838872028,0.199256961301989,0.835653809954823,0.403349687440657,0.536964453317281,0.739148544217485,0.104295680584309,0.163635863980289
"gene_245",67.6833356181935,-0.360331968894649,0.074680608525874,-4.82497365791827,1.40021772752813e-06,1.00735088311377e-05,0.115691248275408,-0.343046535300057,0.0781374867041611
"gene_246",4.0644933687179,0.172104850592261,0.242027337781113,0.711096738782089,0.477024290764873,0.603064842939157,1.13105555246135,0.0940437798416939,0.179102543783373
"gene_247",1959.49808761533,-0.139531539218854,0.0410710561545368,-3.39732045589097,0.000680492266936008,0.00284724797881175,0.0393621086361151,-0.136676497804552,0.0412676020402362
"gene_248",4571.44723062434,-0.0602247672373929,0.0411120050404882,-1.46489491763007,0.142949589656958,0.249041096963341,0.0397478182539051,-0.0585976668628903,0.0409129388520413
"gene_249",259.020902352796,0.208642596965622,0.0539931348131625,3.86424306881991,0.000111434214254367,0.000559970925901344,0.0648718205752339,0.201712073387223,0.0526859031627565
"gene_250",25.1847483770255,-0.117434952247471,0.100845587748091,-1.16450263090161,0.244220377786325,0.375723658132807,0.199611909757524,-0.100891360597585,0.0985039701713263
"gene_251",125.30447952324,0.181351793629502,0.0699883472551076,2.59117125553022,0.00956498793566918,0.0282987808747609,0.107479983908004,0.170738972195933,0.0677166700053311
"gene_252",2111.00779694419,0.00948141346897724,0.0501724197837766,0.188976603278024,0.85011115425591,0.913116169984866,0.0590464054823658,0.00894079326495978,0.0493917682269775
"gene_253",105.321081226783,-0.027609058391624,0.0753985712322489,-0.366174821888604,0.714234628661392,0.816268147041591,0.12469006883816,-0.0253521351872517,0.0714743523457828
"gene_254",73.5593630968118,-0.687764808488858,0.0812563629525389,-8.46413478893431,2.5806123477552e-17,3.85166022053015e-16,0.138127054205433,-0.672343448319291,0.0818493955408875
"gene_255",43.0610389223014,-0.083736803760691,0.0982965279767152,-0.851879567715015,0.394280938330397,0.529236158832748,0.204604609892233,-0.0729329041386304,0.0916992670293752
"gene_256",379.805590642355,-0.178278391480853,0.050297484977796,-3.54447924303878,0.000393389478498267,0.00174066140928437,0.0570691181455863,-0.172870628300944,0.0487315664738552
"gene_257",18.6837677269459,-0.161276797264476,0.119039861079333,-1.35481338605558,0.175477020642596,0.292949950989308,0.279656855631762,-0.133201878364604,0.113723602286866
"gene_258",188.336928548089,0.0590671644343618,0.0611141035077546,0.966506273414726,0.333790909302901,0.469865578821836,0.0828631244105665,0.0557640084696973,0.0590618812596817
"gene_259",617.425297829804,-0.175297560958035,0.0453580016964572,-3.8647549363209,0.000111200790938268,0.000559970925901344,0.046958792529876,-0.171947155435548,0.0452755276677442
"gene_260",32.9391812606107,0.369174763436204,0.0948384743799208,3.89266872806597,9.91474969158648e-05,0.000511069571731262,0.179309449897034,0.341649057111087,0.0990202291402712
"gene_261",270.02822234178,-0.0259216529088489,0.0594438371305489,-0.436069644224354,0.662786200681406,0.770002779709384,0.0797593753558899,-0.02450433187403,0.0611198614709315
"gene_262",90.4506801383376,-0.196648470564854,0.0758303137289723,-2.59326990611831,0.00950681293229285,0.0282101273955277,0.124391235674672,-0.182891991657369,0.0768312131528107
"gene_263",4982.2977416272,-0.211455170163092,0.0525708865631022,-4.02228655416106,5.76358772308737e-05,0.000318430260944054,0.065149558957631,-0.20455983428338,0.0515970812352456
"gene_264",7.5031598333565,-0.374316532342116,0.19596809384602,-1.91008916296462,0.0561217340902373,0.11991823523555,0.761740436167381,-0.263480237648102,0.190298090160203
"gene_265",3000.00057061608,-0.171076653299603,0.0444412215431663,-3.84950384708561,0.000118357324811303,0.000591786624056514,0.0463600950682311,-0.167010341305233,0.0441292423417284
"gene_266",172.078462475616,0.0217343470538033,0.0612685489207823,0.35473905350533,0.722785090736053,0.822281104364111,0.082804435744063,0.0204949159830118,0.058142955128093
"gene_267",652.875314210467,0.096317556509851,0.0488390587125655,1.9721419504973,0.0485934041883451,0.107033929930275,0.0548264883796568,0.0930474114018065,0.0476928784025549
"gene_268",57.8464190003671,0.182883151650077,0.0883552793378457,2.06986105437779,0.0384653579267381,0.089246770131643,0.16652327282578,0.16508883142521,0.0874313917655755
"gene_269",4892.55153764091,0.0954111914149906,0.0484255265681491,1.97026647259517,0.0488078387966556,0.107092947603766,0.0552490442293945,0.092643661940795,0.0477449295665082
"gene_270",233.434054998284,-0.0681981462057989,0.0516953343709912,-1.31923213256298,0.187091518969333,0.306325261898502,0.0587879736904244,-0.0655303078670116,0.0502969780537302
"gene_271",7.26066044679818,-0.244224952231496,0.197143703582717,-1.23881690255973,0.215413312838242,0.34246949576827,0.773553195191694,-0.152145336594626,0.177572584970693
"gene_272",31.6215995973629,0.268142584444198,0.111213993026835,2.41105077829099,0.0159066336550741,0.0435899294489306,0.258788132059808,0.232628915375841,0.113310032264109
"gene_273",1540.98857152609,0.36008620852483,0.0434972859788232,8.27836037172846,1.24882814576447e-16,1.78404020823496e-15,0.0440228405490559,0.354887951046657,0.0439534711211558
"gene_274",31.9773068299587,0.00165030578661401,0.099388585356585,0.0166045807040423,0.986752070189529,0.993195815079444,0.201502634652041,0.00141776169657432,0.0912648324399868
"gene_275",18.6817818869927,0.222195996568659,0.144990036519277,1.53249148633132,0.125401196909961,0.224842155085287,0.440697282654473,0.17640621371969,0.132022681876172
"gene_276",59.1627636732451,-0.0737483899556601,0.0846065949297401,-0.871662427933697,0.383392562945733,0.518098058034774,0.151911405376961,-0.066308556922376,0.0810422834214465
"gene_277",33.2468781126704,0.668841179797602,0.0988741494052773,6.76457075808637,1.33705003414723e-11,1.53683911970947e-10,0.191994544403146,0.6452450522493,0.100641822837471
"gene_278",40.0433377607335,-0.097822761117973,0.0878380925357263,-1.11367128194622,0.265420233788789,0.400476363278413,0.156831494640747,-0.0873219487181601,0.0850500336451869
"gene_279",42.2480982964322,-0.00488238259657312,0.0782371765732872,-0.0624048925385189,0.950240398873816,0.972610438970128,0.12059366226216,-0.00445746582867605,0.0741494621109295
"gene_280",139.287693088961,-0.265233740109196,0.066117943808997,-4.01152432803127,6.032795885203e-05,0.00032786934158712,0.0957169021549455,-0.253261773305015,0.0676747842705278
"gene_281",310.887217602341,0.176322670299468,0.0642901000379596,2.74260998497995,0.00609530336020879,0.0194738126524242,0.0943788364742692,0.16761447124184,0.0619522407619673
"gene_282",241.134472513501,-0.715411171455561,0.0596005674324078,-12.0034288644466,3.40875844909666e-33,6.95664989611564e-32,0.07831468509639,-0.707886452685083,0.0597567595742114
"gene_283",297.264005075834,0.115553667427681,0.0586870802812198,1.96897966083788,0.0489554267461314,0.107123472092191,0.0779662568117498,0.109884582781541,0.0578654533812416
"gene_284",309.49821143146,0.221222117830958,0.0465713049208965,4.75018078636006,2.03234873311167e-06,1.43123150219131e-05,0.0478763712679468,0.215513210440739,0.0472151532920407
"gene_285",42.2521331424677,-0.0531023226809639,0.0909587987713898,-0.583806332078197,0.559350617597104,0.681836893097366,0.171414763482768,-0.0473311925076723,0.0831949411974141
"gene_286",169.614516251018,0.298631716567673,0.053481719196087,5.58380921661776,2.35306830084162e-08,1.9446845461501e-07,0.0612632253646472,0.290789525367759,0.0529034025393906
"gene_287",926.189625508785,-0.329548476570351,0.0482206871607128,-6.8341721359551,8.24799393477313e-12,9.70352227620368e-11,0.0538047370120409,-0.32267786584227,0.0485611120002974
"gene_288",1428.32168519433,-0.046796568641722,0.0465140039939594,-1.00607482958894,0.314379575553954,0.448674474352394,0.0504466643079016,-0.0427698676320618,0.045034898827793
"gene_289",34.7154141137425,0.0903873723572199,0.086627702380682,1.04340031968084,0.296762925547044,0.431341461550935,0.147896028052643,0.08137575292905,0.0811622740612863
"gene_290",4800.59807152402,0.02349882827881,0.0509640742520275,0.461086140064148,0.644736805130203,0.759407308751712,0.0612132105713327,0.0221698866131747,0.0511272808622083
"gene_291",4209.30001012151,0.0779168515795536,0.0450070483390741,1.73121443096076,0.0834135264435508,0.164523720795958,0.0476612816015947,0.0747822351741165,0.0441354835121229
"gene_292",6.92016301575556,0.140741282251595,0.193763005126005,0.726357862586154,0.467619415908745,0.592946861982524,0.738494040218858,0.0901382337480832,0.157892419335563
"gene_293",378.487431702688,-0.00902976277262025,0.0626180777857842,-0.144203768175558,0.885339565474165,0.935674421010207,0.090015083866458,-0.00863378216291513,0.061984905351898
"gene_294",5.75742640860105,0.267167938379843,0.268754327808444,0.994097250669273,0.320175523731108,0.453506407551144,1.52311569397656,0.124219944092527,0.205435566655256
"gene_295",26.418690703752,0.25002745818666,0.103449892143358,2.41689433412051,0.0156535605170764,0.0432418798814264,0.212979650778496,0.221388027982589,0.103180963576191
"gene_296",5.55114243037969,0.449814268295408,0.243561742024288,1.84681824229419,0.0647734870807461,0.134944764751554,1.19633074925825,0.275305259704701,0.235100928178097
"gene_297",1320.44263930112,0.121825924942308,0.0505440062868578,2.41029419494166,0.015939661485357,0.0435899294489306,0.0596324760120661,0.117450102776668,0.0495570901274764
"gene_298",2346.11930863968,0.235220237130612,0.0436452463137423,5.38936670077974,7.07064016333951e-08,5.79560669126189e-07,0.0445972591357991,0.230431092500178,0.0430734629475964
"gene_299",87.6374640640791,0.00737198559263029,0.0796852460215097,0.0925138085241069,0.926289820654945,0.956910971750976,0.138462298596865,0.00670715021213899,0.0745691002594769
"gene_300",11.7798449300459,-0.165316354370145,0.158288589928097,-1.04439842723496,0.296301090983079,0.431341461550935,0.504643196688939,-0.118850973203386,0.143729216684905
"gene_301",7.40705836463044,-0.0767592286317265,0.201935658921114,-0.380117256366854,0.703858376780116,0.806252436174245,0.825848148769694,-0.0442301664507859,0.164803155652494
"gene_302",21.3070297940569,0.0692416889958108,0.123645799255474,0.560000334930466,0.575479209244825,0.69586361456448,0.313364639627562,0.0576939445273043,0.103760462284577
"gene_303",126.323247232649,0.0812271959284709,0.0663262718316353,1.22466096292372,0.220702988141206,0.347017276951582,0.0958797282657797,0.0761479551747987,0.0639631719351975
"gene_304",2314.7732712326,0.30023088219785,0.0477531186550347,6.28714711528472,3.23352929911762e-10,3.27395374035558e-09,0.0534608441031018,0.293598496588809,0.0483664452984985
"gene_305",8.80706933595871,0.202935401075873,0.178549193622898,1.1365797680637,0.255714001796667,0.389807929568089,0.634787479456549,0.13962001081224,0.156486795576649
"gene_306",26.4551466769649,-0.107289144372107,0.0872691396675376,-1.22940531762818,0.218919877508023,0.346318167874794,0.141189305196052,-0.0966458562338915,0.0820821241532549
"gene_307",2376.92200906911,-0.0772318666327007,0.0524250795038705,-1.47318549372917,0.140701025497855,0.24598081380744,0.0645651892038286,-0.0741874611030918,0.0511320438932473
"gene_308",195.673498176558,-0.121586450526044,0.0596142466763638,-2.03955358500321,0.0413948089947565,0.0946624543305993,0.0787501691509414,-0.11573944301876,0.0581244446492984
"gene_309",90.991948473053,0.0319653628467023,0.0746327324984628,0.42830219096374,0.668431124004227,0.77293140876705,0.120442102329253,0.029277734240834,0.0725284234668951
"gene_310",791.075572740009,0.0822396101464246,0.0493635772271137,1.66599778148277,0.0957138563098324,0.180592181716665,0.0563237347160277,0.0791414677671088,0.0492847512232986
"gene_311",2462.6510364985,0.0353295408474643,0.0549300313825247,0.643173505608153,0.52011152278763,0.641321236482897,0.0709417594384982,0.0338008544830523,0.052257573166934
"gene_312",124.919049139951,1.5821850983421,0.0753030255736714,21.0109100701963,5.21261896265215e-98,2.60630948132607e-96,0.107836181523089,1.57519041080476,0.0761884088232235
"gene_313",548.714469675472,-0.0369163368653426,0.0508789966533864,-0.725571243411803,0.468101655276798,0.592946861982524,0.0593459439362136,-0.0354580246685375,0.0505150141091348
"gene_314",182.849902694951,0.0822496478786562,0.0591146020966778,1.39135924055012,0.16411651798805,0.277223847952787,0.0770080627769332,0.0780307233370328,0.0578525749995703
"gene_315",79.0838478386543,-0.0214966862043731,0.0641668073104787,-0.335012557198909,0.737615613762096,0.832826791192528,0.0844288958926457,-0.020200098127527,0.0616882365696609
"gene_316",938.62377279209,-0.0123265041926156,0.0431067723150218,-0.285952845240516,0.774914238145002,0.861973568570637,0.042850163976448,-0.0119485308830526,0.0438483085669148
"gene_317",52.2167565352368,-0.163634212814173,0.0827604741531428,-1.97720245671114,0.0480187500365402,0.106001655709802,0.142038834020184,-0.149764703565093,0.0801763928478991
"gene_318",457.073053151279,-0.208624472015369,0.0421112062916255,-4.95413193748518,7.26538984206585e-07,5.38177025338211e-06,0.0396325962187016,-0.204220626425761,0.0417841663325094
"gene_319",5.41018066010172,0.497623236204632,0.202491036338071,2.45750747886845,0.0139904897648275,0.0394098303234577,0.752948417432713,0.387726259082461,0.199487030059268
"gene_320",383.30227409311,-0.00193460578234802,0.048043145786999,-0.0402680913303463,0.967879392565851,0.982618672655686,0.051905129490564,-0.00189670820464508,0.0472617843326035
"gene_321",120.901281463814,0.0261205626171037,0.0683807133835835,0.381987278643609,0.70247080062595,0.806252436174245,0.102094261679481,0.0243249386749952,0.0653641480313353
"gene_322",16.3560439783263,0.691541517676878,0.129139276176378,5.35500537212531,8.55538752386195e-08,6.84431001908956e-07,0.314078234049547,0.653101761079922,0.129252829778203
"gene_323",3865.21797622096,-0.0953760223657632,0.0416233563864434,-2.29140633158615,0.0219399237214791,0.0555441106872889,0.0407061557680489,-0.0921142244661083,0.0406963220572769
"gene_324",591.600172726142,0.120555793824344,0.0480860993909917,2.50708199149395,0.0121732470483666,0.0350603074217368,0.052931197374213,0.116657547222425,0.0473445003084555
"gene_325",2751.67266872093,0.262103904074913,0.0492576460649162,5.32108058370245,1.03152694427436e-07,8.05880425214344e-07,0.0569925572456528,0.25540682189746,0.0496518139409483
"gene_326",131.639124729477,-0.15979548251108,0.0701963192039852,-2.27640828355582,0.0228215843516878,0.0573406642002206,0.108603292439026,-0.149534564338941,0.0694262639765992
"gene_327",1904.90346934475,0.123858483795286,0.0489503775260067,2.5302865893012,0.0113969393396503,0.0333243840340651,0.0561236435102678,0.121695289626069,0.0474771791521204
"gene_328",102.221487008521,-0.0566077393057962,0.0780754257588231,-0.725039136906649,0.468428020966194,0.592946861982524,0.134081268924956,-0.0519459865707319,0.0725344325574028
"gene_329",320.921540510819,0.0700930054968596,0.0465353203107881,1.50623236347661,0.132007534142452,0.232817520533424,0.0480028229854605,0.0677734534473399,0.0463667555464546
"gene_330",14.7006001472505,-0.28759040471583,0.143230542781976,-2.00788462523385,0.0446555533396501,0.100802603475508,0.412337300409758,-0.234583150870116,0.136650408046118
"gene_331",8.90061652532744,-0.244392738099201,0.200171325635231,-1.22091781789243,0.222117137464448,0.348145983486595,0.828969768424893,-0.165115676283877,0.166803568633282
"gene_332",2091.06338884891,0.0891079204756973,0.0558810543148531,1.59459984369,0.110801747589339,0.204054783774104,0.073357636969941,0.0853548626328843,0.052803552258543
"gene_333",5.80635867470469,0.155929173896105,0.221315295621042,0.704556697983958,0.481086154149899,0.606666020365573,0.979259774525891,0.0849796210588186,0.177537840932961
"gene_334",19.8705987388283,0.241919476420001,0.130814935158121,1.84932611958705,0.064410736366184,0.134469178217503,0.35111806437729,0.199435968185769,0.12539031289504
"gene_335",7.12739824259408,-0.249954192272945,0.172379750369035,-1.4500206186506,0.14705276956498,0.253977149507738,0.554412272253779,-0.187633371245934,0.149550050733711
"gene_336",18.0840272957221,0.317451423264463,0.121398494906438,2.61495353388956,0.00892395949934856,0.026740349721749,0.288732659112574,0.275787312881216,0.120766993269429
"gene_337",373.208238612568,-0.203269693799905,0.0525339211371212,-3.86930366894452,0.000109146631375332,0.00055687056824149,0.062445564985824,-0.196443986067321,0.052580404898813
"gene_338",1245.23638675789,-0.151533186858125,0.0608356060467307,-2.49086343845617,0.0127433089361402,0.0362025822049438,0.0866898780004564,-0.14301636006894,0.0604847786456484
"gene_339",9.81012089559429,-0.0902700992097172,0.163997663446702,-0.550435276409011,0.582020858580682,0.701719432044439,0.531487847756507,-0.0641848999585392,0.137551803562472
"gene_340",140.075912487487,0.173560443225645,0.0602898607720151,2.87876669481723,0.00399233560252087,0.0134422074158952,0.0785011862037154,0.164986940312241,0.0613501849461268
"gene_341",607.992727466608,-0.198838616772019,0.049816825084468,-3.99139480356032,6.56858242122983e-05,0.000353149592539238,0.0569593089708678,-0.192474302250815,0.0501386801158221
"gene_342",320.257238629948,-0.27943446952785,0.0492255932567215,-5.6766094838216,1.37390633853536e-08,1.18440201597876e-07,0.0539507457385082,-0.272187392602628,0.0497888255543462
"gene_343",112.736390482424,-0.00360789004009839,0.0691521073407461,-0.0521732479144932,0.958390648964941,0.977949641800961,0.103985082940618,-0.0033659170911202,0.0659601464521169
"gene_344",5657.12231876668,-0.816970387157938,0.0473594311745006,-17.2504265126777,1.11076368609181e-66,3.83021960721315e-65,0.0527759230307629,-0.812105683557932,0.0472135306678976
"gene_345",11.7868441677035,-0.392389113629012,0.168612881957153,-2.32715975834352,0.0199567639363536,0.0516937621084029,0.578452654590327,-0.306979984685937,0.171088869680123
"gene_346",36.4976682135273,-0.0905547410129024,0.0909381189095998,-0.995784189278442,0.319355013959841,0.453506407551144,0.167400188143982,-0.079847723529304,0.0887447514218296
"gene_347",51.7955812925882,0.790024292046115,0.0774556161271394,10.199703153214,1.98879421977294e-24,3.55141824959453e-23,0.114241208572591,0.778514376892228,0.0738936312927023
"gene_348",647.8447393345,0.224988495023448,0.0531183148830587,4.23561055200576,2.27931527363404e-05,0.000131752327955725,0.0650911108567345,0.218050682911629,0.0515502970401176
"gene_349",3149.23581090045,-0.149127882900388,0.0474269051121192,-3.14437306309242,0.00166443103289041,0.00640165781880926,0.0528651408910143,-0.144694332337976,0.046881572293466
"gene_350",13.7707036406034,1.32855271484136,0.16279097034559,8.1610958643527,3.31998534804179e-16,4.67603570146731e-15,0.457576397930086,1.29375224109409,0.156972758952286
"gene_351",99.4059602664954,-0.105650153187847,0.0589604694113649,-1.79188114074753,0.0731520075556817,0.149388243258149,0.0718400666331121,-0.100765107740014,0.0559971678543464
"gene_352",2079.22954818081,-0.0071591451061662,0.0428078441370335,-0.167239094854878,0.867181924321052,0.926476414872919,0.0428441452318227,-0.00752047229118941,0.042915061219985
"gene_353",39.2329148117733,0.232335500707901,0.0977605537623269,2.37657717521475,0.0174741055805935,0.046722207434742,0.199101695337791,0.207123017046171,0.0978683544132299
"gene_354",133.118756186334,-0.137187939638131,0.0590833266540168,-2.32194000248976,0.0202361664606889,0.0520209934722079,0.0747610666499552,-0.131213519923253,0.0559309001748998
"gene_355",1115.39168293722,-0.107711222595131,0.0611098985953097,-1.76258225051936,0.0779709728592441,0.155941945718488,0.0873898222974494,-0.100178978675756,0.0596101136119667
"gene_356",394.399226768151,0.00817190243951891,0.0560419110161007,0.145817697707902,0.884065304486043,0.935674421010207,0.0716700605033673,0.00778380621230697,0.0554751112962102
"gene_357",210.58093448722,-0.154133138931014,0.0618183552747551,-2.4933231925366,0.0126553594990363,0.0361000797540045,0.0854319145771066,-0.146579310632439,0.0612055415984892
"gene_358",919.003420574648,-0.0766099607772081,0.0482902631281345,-1.58644736670681,0.112637862760717,0.20705489478073,0.0540267924480025,-0.0739699197657042,0.0473099415922777
"gene_359",36.7361049208853,0.267871643287723,0.109972702426075,2.43580122501572,0.0148588472368867,0.0416214208316154,0.257023233863999,0.231043343157,0.115298958326856
"gene_360",10.9518106152768,0.0197560240655047,0.164879629485158,0.119820890713993,0.904625032770713,0.944285002892185,0.549566602617882,0.0135621237935401,0.139533112498002
"gene_361",2606.63936483974,0.151872801088424,0.0514588626082162,2.95134391610465,0.00316394410691485,0.0109859170378988,0.0622256410875962,0.14627460975823,0.051798760117916
"gene_362",44.5886051387523,0.142354070662445,0.0853017945167607,1.6688285571117,0.0951513614870437,0.180552868096857,0.148892299877898,0.128937865261971,0.0824182470292528
"gene_363",79.3902610107547,-0.448658949185331,0.075106352362771,-5.97364850070557,2.32005401230506e-09,2.20957524981435e-08,0.118986935965958,-0.432447444861976,0.0766863442020253
"gene_364",163.197612312865,1.59253468722568,0.0641672496559486,24.8184969086959,5.6614538435457e-136,3.14525213530317e-134,0.077060086321206,1.5875942635389,0.0642201602601217
"gene_365",87.4349539988271,-0.111919486507985,0.0650362999946158,-1.72087721037714,0.0852731078325753,0.16729088303399,0.0882209979123429,-0.105680762967652,0.06180872921197
"gene_366",16.110280787791,-0.218678760624117,0.136638093342631,-1.60042309779427,0.109504754443575,0.202038292331319,0.376434912055012,-0.174811952159529,0.130020108280847
"gene_367",5.0997147121474,-0.272570740642085,0.215529511907971,-1.26465623305671,0.205994585596302,0.331634607532747,0.88683001792119,-0.171550116960026,0.182203204169621
"gene_368",4659.28310209958,0.0553794530888087,0.043409792333302,1.2757364205662,0.202048709389793,0.32641148528238,0.0443454202708321,0.053753494118563,0.0431602094707405
"gene_369",14.6548190025031,0.248638145532938,0.140520713574274,1.76940565706362,0.0768262022500552,0.15426948242983,0.394352353271643,0.1989775699953,0.134491250929135
"gene_370",2279.76473906645,-0.187205421867386,0.0425553175067036,-4.39910762827458,1.08696912306912e-05,6.62786050651903e-05,0.0423678163444292,-0.182561100076666,0.0427064104736301
"gene_371",9.33444954802573,0.254501705622277,0.174663160467561,1.45710008304553,0.145088755485081,0.251786730318861,0.607761833129643,0.188200866020328,0.153424244676578
"gene_372",78.241850346239,-0.0166373643049537,0.0862910543266352,-0.192805203677043,0.847111528011593,0.910872610765154,0.162955850282004,-0.0149474911410101,0.0789451366662628
"gene_373",1102.44292304823,0.102554506055785,0.0484515790443951,2.116639087486,0.0342904901042125,0.0808737974155956,0.0545805472234666,0.098879504478881,0.0495671256070911
"gene_374",4744.5641705383,-0.0338361083361726,0.0486357336180637,-0.6957046973299,0.486613783208987,0.611765865560105,0.0557259843684298,-0.0320839791272697,0.0486598123773773
"gene_375",4933.37284309336,-0.0354393474420856,0.0444437143068723,-0.797398417184173,0.425219678243679,0.55949957663642,0.0465061596093711,-0.0344370081678326,0.0442973706427516
"gene_376",31.8347455452512,-0.419157608079387,0.0972948636059933,-4.30811650835766,1.64650652718862e-05,9.7426421727137e-05,0.188635734064254,-0.391630193832993,0.0988523598697485
"gene_377",74.8688391266972,-0.0105895317680464,0.0713713611356114,-0.148372282657261,0.882048973175441,0.935674421010207,0.106777271528759,-0.00981887888236518,0.0675021622664536
"gene_378",19.315075891011,0.0405708252216748,0.129522522705466,0.31323374787822,0.754103080474139,0.846355870341346,0.343582722232338,0.032230657102553,0.11362778050761
"gene_379",203.443683572383,-0.0996707993198566,0.0603301268374699,-1.65209000120903,0.098516204960704,0.184833405179557,0.0809951836481128,-0.0946208242050858,0.0582673217289822
"gene_380",339.347767645084,0.147545964858948,0.049697884527361,2.96885805627636,0.00298908635940153,0.0104513509069984,0.0553454924882611,0.142518310465966,0.049857503344787
"gene_381",55.4086274330617,0.0412602179107438,0.085004516298574,0.485388538249184,0.627400761227406,0.745131545400719,0.15238197874991,0.0369144300062653,0.0813870349232314
"gene_382",3613.18154143703,0.143772893163636,0.0480369762966089,2.9929630099092,0.00276283232974013,0.00969414852540397,0.0542855334239183,0.14110737790729,0.0466324475246869
"gene_383",94.1830005134156,-0.0664801406346275,0.0709866458761679,-0.936516154751109,0.349007498918752,0.484817978075388,0.108251097380229,-0.0617107734910987,0.0698451043460935
"gene_384",1176.44710276681,0.216139601066942,0.0439945184281238,4.91287571246088,8.97501745101758e-07,6.55110762847999e-06,0.0448749345682461,0.21115740198628,0.0442447842039611
"gene_385",3368.25570281323,1.4991983743901,0.0467008608023626,32.1021571900931,4.11360713066238e-226,8.22721426132477e-224,0.0505096990913509,1.49424599194593,0.0472149133799555
"gene_386",251.794737021279,0.131836982994029,0.0651857157665723,2.0224827087292,0.0431265081630256,0.0977925355170649,0.0963667255592262,0.123310191486925,0.0660766010823879
"gene_387",851.229200169779,0.148957594653416,0.0590309548752391,2.52338107977814,0.0116232366317355,0.0338869872645351,0.0811865310567476,0.142497983262058,0.0560619878230135
"gene_388",592.885672689715,0.0213676485196217,0.0490293940812067,0.435813024412065,0.66297239332978,0.770002779709384,0.0551166294086915,0.0211238640281687,0.0480525327265664
"gene_389",328.403066774521,-0.731193742278781,0.0556287837421792,-13.1441619444283,1.83830939723985e-39,3.91129658987203e-38,0.0689829440311571,-0.72376920272913,0.057878182473339
"gene_390",4.72577944086843,0.0957106731319084,0.2009874212749,0.476202304227788,0.633930258068912,0.749326546180747,0.736870479963988,0.0577334069926917,0.160807800355051
"gene_391",628.800110766452,-1.42244770404176,0.0509254483964894,-27.9319622866555,1.09193535044151e-171,8.39950269570392e-170,0.0567997909305831,-1.41875868315919,0.051485888238757
"gene_392",19.2840050048788,-0.105942598567446,0.141142866390249,-0.750605406259239,0.452890166569772,0.582870227245524,0.417741922191488,-0.0826489327215732,0.121485461230404
"gene_393",212.022550617844,0.0720742402223994,0.0514102469117386,1.4019430862905,0.160932242776348,0.272304979317002,0.05765081270224,0.0690663124404648,0.0507965705174383
"gene_394",89.9185374556686,0.0663324809183928,0.0708380075327986,0.936396762538533,0.349068944214279,0.484817978075388,0.107242132657655,0.0614554775313538,0.0686332083981533
"gene_395",4432.58131228499,0.000298249820356507,0.0581117530029579,0.00513234939481735,0.995904995634996,0.996036605918029,0.0796341577275252,0.00501031900126619,0.056322441160563
"gene_396",673.081958829228,0.315929004964876,0.048778510814103,6.4768070958315,9.3683837949605e-11,1.01830258640875e-09,0.0546469501479702,0.309126554786936,0.0493171494093756
"gene_397",5.13393219877879,-0.27496396777979,0.224255339051919,-1.22612005110893,0.220153501351253,0.347017276951582,0.981879201677396,-0.16721109970585,0.18673993554832
"gene_398",45.8694430114689,0.0395003635078321,0.0809415915060077,0.488010709610278,0.625542255290753,0.743807675732167,0.13262096589573,0.035894962870069,0.0756039197532502
"gene_399",145.933513758329,1.49404927350417,0.0713843678984867,20.9296421259737,2.87647765348552e-97,1.30748984249342e-95,0.100036133846695,1.48733770701344,0.0727294631243446
"gene_400",332.534108428744,0.0859635955311867,0.0565398969229947,1.52040594711848,0.128408980716965,0.227713489833068,0.0724969344622297,0.0820376027301496,0.0537524035139302
"gene_401",41.7045794446113,-0.0929889244757938,0.0931564133446044,-0.998202068297854,0.3181813837202,0.452605097752775,0.180491099154308,-0.0826623876595843,0.0858773084100199
"gene_402",24.2076027845367,0.171144730863071,0.105349006019874,1.62455002974385,0.104258471992463,0.194512074612804,0.219485178454859,0.149823650718719,0.0974991493597875
"gene_403",326.912885424533,0.078063868977029,0.0478103510460775,1.63278175685835,0.102514905252411,0.191975478000769,0.0509037295076636,0.0754530553079249,0.0463288206553868
"gene_404",627.789604110021,-0.194658103188039,0.0440738042751209,-4.41663946168407,1.00247231104416e-05,6.18810068545778e-05,0.0442636048214365,-0.190496256831541,0.0440722264068251
"gene_405",353.896054945454,0.0027945625162709,0.0519381241623959,0.0538056112217894,0.957090038889287,0.97762006015249,0.0608919503320935,0.00293134811889352,0.0494737138788263
"gene_406",107.616844707018,-0.00292042884393677,0.0666128183445564,-0.0438418448057667,0.965030471802288,0.981719706818197,0.0953941882654385,-0.00290719993681603,0.0668829807727209
"gene_407",34.1673752429201,-0.466766012770938,0.111870814092323,-4.1723662830033,3.01452515600643e-05,0.000172258580343225,0.262328287256113,-0.427677198347703,0.119534789212174
"gene_408",244.535845114345,0.0490605447445852,0.0539915712791995,0.908670438407598,0.363524112912883,0.497232809266432,0.0647343890510823,0.0469969017657748,0.0526438946674849
"gene_409",2310.35782285957,0.340948146155769,0.0426137036005802,8.00090387241365,1.23509184077727e-15,1.66904302807739e-14,0.0424680981679114,0.335968001682117,0.0428714594931546
"gene_410",129.329511082932,-0.759290968009665,0.0638245510320684,-11.8965344171111,1.23364577204024e-32,2.46729154408047e-31,0.0855006636279265,-0.750290068525066,0.06447015132532
"gene_411",4.07336686207415,0.031739550487356,0.205431666091343,0.154501743043077,0.877214136972069,0.93320652869369,0.750704525756036,0.0183104112653699,0.162504476431731
"gene_412",196.84932865383,-0.0493291604910033,0.0559881855462153,-0.881063746034147,0.378283318344231,0.51327451607087,0.0689080472081243,-0.0468717995008325,0.0562371080950656
"gene_413",1069.76098239762,0.0924920201923995,0.047534340672682,1.94579369111887,0.0516795267735213,0.111860447561734,0.052470914728598,0.0893292482294139,0.047259431596349
"gene_414",105.516327778836,-0.0931783556398491,0.0690813722784771,-1.34882027624225,0.177394700328002,0.29541996448303,0.103096175967274,-0.0871680683605001,0.0672843603403957
"gene_415",13.6814655868159,0.0520528352347371,0.153598084125181,0.338889873081454,0.734692693627164,0.831100332157426,0.48304044319185,0.0391458722620254,0.125612909442588
"gene_416",4858.21648082677,0.146645520522092,0.0439774997976511,3.33455792614033,0.000854351038805328,0.00353037619341044,0.0455253486789285,0.147113242586581,0.0437004044906246
"gene_417",185.048842412079,-0.124924252271845,0.060705549824325,-2.05787201719384,0.0396024205536946,0.0914605555512578,0.0815494441820322,-0.118799802075991,0.0586504035867472
"gene_418",315.225583220082,0.303346493241194,0.0588101937750022,5.15805974729052,2.49522004579899e-07,1.90474812656412e-06,0.0783494121177664,0.292717724002802,0.0613498564081057
"gene_419",136.978202180177,-0.0464135124984395,0.055765566223094,-0.832296982563739,0.405241333389865,0.537455349323429,0.0660409968052667,-0.0442518743174665,0.0543005623224889
"gene_420",780.684320317093,0.130121353416507,0.0493584517445191,2.63625273519557,0.00838272697451819,0.0255570944345067,0.0562855457366637,0.125819795142427,0.0479137765778219
"gene_421",14.1546571114981,-0.232832527959611,0.148159652302602,-1.57149753216263,0.116067127191159,0.211435488837162,0.445008197145568,-0.178038617095521,0.142656185405173
"gene_422",24.3463980906103,0.470885156051633,0.117908838740405,3.99363746672427,6.50673262707409e-05,0.00035171527713914,0.281163176449475,0.433322144173658,0.117316414509353
"gene_423",40.3850490662652,-0.243526644948752,0.0890346242470984,-2.73519034878937,0.00623442126402524,0.0197918135365881,0.161250783454837,-0.224081418122288,0.0867162957334036
"gene_424",937.261136454095,1.52803160961012,0.0480874339643944,31.7761103813841,1.38432965697894e-221,1.9776137956842e-219,0.0508560338838491,1.52461653667743,0.0478193889170536
"gene_425",112.954496688552,0.0603969667831746,0.0683430628222854,0.883732222248025,0.37684078175598,0.512708546606776,0.101346245773739,0.0564546436926089,0.0645370144324722
"gene_426",7.1573808631825,-0.293314198756331,0.191312768300829,-1.53316582767289,0.125235001668391,0.224842155085287,0.717011573087672,-0.198420719652429,0.177029040100609
"gene_427",299.755506312321,-0.0610346353462765,0.0574671791822448,-1.06207814990741,0.288200208568929,0.425074053936473,0.0746651631883983,-0.0579930479477085,0.0565059024415994
"gene_428",7.42658390154758,0.067832103406593,0.187118104864078,0.362509568252982,0.716971274658936,0.818115577610005,0.688454588516893,0.0437629407584298,0.150493218148611
"gene_429",1027.43369354736,0.382274747131953,0.0452564709491168,8.44685277298259,2.99260735116981e-17,4.40089316348501e-16,0.0473450941451179,0.376738081398783,0.0471672466021126
"gene_430",67.5261892911738,0.0285312526151962,0.0703197562682673,0.40573594291696,0.684936629784177,0.789097499751356,0.101751262970156,0.0265994028459257,0.0646850004932935
"gene_431",8.031337394436,-0.132386993428316,0.181106328743195,-0.730990431681921,0.464784997367368,0.592946861982524,0.64766664111863,-0.0857837369374186,0.155335000601852
"gene_432",73.2760854617641,-0.0114544622338349,0.0702025026092815,-0.163163160971423,0.870389970747511,0.928911388204387,0.10254969945262,-0.0106007900421918,0.0688231371965569
"gene_433",64.6629455858733,0.150632387826223,0.0791593968506062,1.90289964071486,0.0570536418799133,0.12164955624715,0.132098548413611,0.13875261465858,0.0760279791309059
"gene_434",179.512769480784,0.259680974394453,0.0577744833439029,4.49473468847312,6.96567411715422e-06,4.40865450452798e-05,0.0729878478911554,0.250410259996761,0.0584973537045204
"gene_435",18.3417955007156,-0.0342391334576416,0.128420372760702,-0.266617614647815,0.789763591904008,0.87098956872507,0.33425297955954,-0.0267607099576295,0.117147135370756
"gene_436",3241.68742963521,-0.0924576131837275,0.0552119985065043,-1.67459276397748,0.0940141599728204,0.17907459042442,0.0717752422337089,-0.0880818851868488,0.0546191284168981
"gene_437",230.888708397838,0.0531702875410255,0.0497823264887566,1.06805549863231,0.285495478034051,0.421706762236412,0.0541574772369115,0.0511292496929039,0.0476130637131316
"gene_438",2022.58885299291,-0.190123171654023,0.0460798425762896,-4.12595098039356,3.69205910041725e-05,0.000206260284939511,0.0496967474020983,-0.186145767786073,0.0448309414027879
"gene_439",1334.39464785949,-0.135582142588021,0.0539958945787127,-2.51097131820597,0.012039947885464,0.0347975372412255,0.0681727592807468,-0.130095041046528,0.0516827907269474
"gene_440",1898.96824082204,0.284064408094196,0.0459718339328439,6.17909671624499,6.44693939508737e-10,6.25916446124988e-09,0.0494123868158667,0.27852891787193,0.0455824127037513
"gene_441",5.78901253144356,0.420890868700163,0.207609633879739,2.02731858264328,0.0426298422987074,0.096886005224335,0.823368180222208,0.324090598602355,0.182879550624625
"gene_442",434.274658302751,1.47749327031925,0.0495659483180109,29.8086351710609,3.01927278897091e-195,3.01927278897091e-193,0.050966666988021,1.47444568684232,0.0500976922721042
"gene_443",148.261773395474,0.0704286845269433,0.0641673813278824,1.09757766437541,0.272388950409636,0.408992418032487,0.0904261506858462,0.0659912117782258,0.0637339729583332
"gene_444",630.271236383589,0.0119306181616791,0.0512360502938288,0.232855930409532,0.815873280231423,0.885855896016747,0.0604523535608632,0.0114975280198252,0.0503228235122547
"gene_445",231.841879881087,-0.279174658121756,0.0624710148244949,-4.46886702426822,7.86349942996855e-06,4.94559712576639e-05,0.0876500080820891,-0.269589533181273,0.0614109734335548
"gene_446",23.89565590672,-0.110599444493201,0.109146158716037,-1.01331504282203,0.310909704559567,0.446709345631561,0.238658650789247,-0.0948677852452511,0.0980612294814496
"gene_447",419.771955456716,0.0478003908268632,0.0514258377664186,0.929501451079464,0.352629273564183,0.486655591145344,0.0600925739544083,0.0457610550182953,0.0508999313428072
"gene_448",64.5435270979543,-0.133610353732017,0.0871990645639562,-1.53224526432873,0.12546192253759,0.224842155085287,0.16378339557016,-0.120849522836111,0.0802873930986931
"gene_449",2157.53198399872,0.213812665471893,0.0446337596506357,4.79037990851501,1.66465830177856e-06,1.18904164412755e-05,0.0466246527256625,0.208607318998544,0.0455687783998343
"gene_450",750.651007728282,0.0555604004583093,0.0433284017867164,1.28230902057742,0.199734264833647,0.32345147902791,0.0430265792551005,0.053942463917179,0.0422916792975457
"gene_451",659.991709488128,0.307752711157951,0.0539834774140773,5.70086859720708,1.19198494441892e-08,1.03961481000509e-07,0.0672684222185535,0.299597998268023,0.0538591762459724
"gene_452",22.1615780391709,0.185471695059648,0.121237870953676,1.52981649711182,0.126062156963229,0.225110994577195,0.300513374224355,0.154225718250027,0.114748062957092
"gene_453",467.484113385518,-0.08108288398966,0.0526325851740818,-1.54054534318387,0.123427479065683,0.222793283512064,0.0633051841370117,-0.077864999445701,0.0510825723188754
"gene_454",249.296181931824,-1.53364645852863,0.0664697692120537,-23.072841634758,8.67732350189958e-118,4.56701236942083e-116,0.0916996925967107,-1.52805957682894,0.0674587190605465
"gene_455",1281.7817123411,-0.0682030104754702,0.0462795620599406,-1.47371771554654,0.140557610975032,0.24598081380744,0.0498484274795567,-0.0661415898783462,0.0451098300116532
"gene_456",36.9698024442226,0.0109929481826358,0.106207997703211,0.103503958462287,0.917563007971602,0.949858186306006,0.239099973378976,0.00936202968895116,0.0959934879754024
"gene_457",697.349930140598,0.253530951785107,0.0547067137902177,4.63436631849822,3.58032509783209e-06,2.40290275022288e-05,0.0692463996393622,0.245125270295104,0.0559355912063683
"gene_458",4.79157483023839,-0.198696672628157,0.254435679775367,-0.780930853737099,0.434843164238109,0.566940240206139,1.31408559153457,-0.0879847061519082,0.198367996506009
"gene_459",97.7872859431886,0.282290482050891,0.0751882378022772,3.75445003503382,0.000173722493255012,0.000819445722901,0.122687328062133,0.26710918589197,0.0739806314358047
"gene_460",27.1102375632166,-0.257422938874401,0.110660288277635,-2.32624496900419,0.0200054859359519,0.0516937621084029,0.250366417333533,-0.22503982625981,0.109252213735572
"gene_461",13.1940542727708,0.542259821138421,0.156712805434993,3.46021385829481,0.000539746537763493,0.00230660913574142,0.489705326786187,0.474932172483918,0.160743026438834
"gene_462",1833.69843728506,-0.146410079887188,0.0448557953924495,-3.26401702625548,0.0010984456419032,0.00444714834778623,0.0470161784409802,-0.141524354562603,0.0456559287388552
"gene_463",272.25259291376,-0.273792542284448,0.0540275191717958,-5.06764971780117,4.02757689662276e-07,3.00565440046475e-06,0.0650857582450287,-0.265805422744568,0.053829573786868
"gene_464",94.5978606409007,-0.0609481365184573,0.0782493718352261,-0.77889617627601,0.4360408765672,0.567761558030208,0.133914229830566,-0.055826139080961,0.0734019607473529
"gene_465",332.119415974977,0.0841033108657099,0.0540312737100528,1.55656724505575,0.119573265604617,0.216618234790973,0.06593583128395,0.080530657858878,0.0529333734024383
"gene_466",2732.11837623299,-0.00144934513863477,0.0504385228543384,-0.0287348846995449,0.977076033880534,0.987943411406,0.0597904739678583,-0.00153742491872965,0.0501898766557398
"gene_467",572.612751044821,-0.181353975110756,0.0474434229100574,-3.82253142768734,0.000132088637224582,0.000650682941993015,0.0514006923055103,-0.17625361570597,0.0470118864676748
"gene_468",41.4073230564058,-0.212357361422883,0.0744814136411909,-2.85114568912319,0.00435620048768684,0.0144724268693915,0.105933724476033,-0.199371546387343,0.0722488543206513
"gene_469",226.734209924603,-0.10266153341793,0.0573204518751004,-1.79101053916369,0.0732916037692817,0.149388243258149,0.0731470888073728,-0.0977549534011475,0.0575979599986922
"gene_470",9.531668264956,-0.0477525005012856,0.149908539423442,-0.318544231602447,0.750072148571468,0.842777695024121,0.423872341525678,-0.0359122284375093,0.125212529948127
"gene_471",886.980679218388,0.220288392356144,0.0479378737851665,4.59528917246865,4.32149538006899e-06,2.88099692004599e-05,0.0531534961551193,0.214660269446033,0.0471496607420863
"gene_472",9.78180042123697,0.108698503274171,0.142407660538603,0.763291123968051,0.445289794392871,0.576050079610048,0.374348920163919,0.0809312984485042,0.130947249495465
"gene_473",4794.07051338252,0.105662859742902,0.0539866568185255,1.95720324186928,0.0503235778289785,0.10939908223691,0.0687139203543155,0.101258629151585,0.0533588957350486
"gene_474",12.4573496865194,-0.160224737237687,0.161048350401595,-0.99488592610943,0.319791748606653,0.453506407551144,0.529784701520952,-0.116408012386677,0.141153143880822
"gene_475",167.44214309628,0.233425741152817,0.0618900362302681,3.77162069003051,0.000162190677048557,0.000772336557374079,0.0842466275176928,0.223509386755338,0.0614688344651695
"gene_476",36.5265304091353,-0.086789617521258,0.104076081426718,-0.833905507696969,0.404334233347912,0.536964453317281,0.22789903386787,-0.0749546898243236,0.094543203544266
"gene_477",5158.75323693326,-0.317874018850041,0.0464645749432467,-6.84121224047141,7.85258123265524e-12,9.34831099125624e-11,0.0508474247913109,-0.311246240829879,0.0472899850092744
"gene_478",34.2881498540392,-0.239052747391488,0.0989048470442055,-2.41699729119083,0.0156491335831557,0.0432418798814264,0.200560237818958,-0.214892487073194,0.0954818239332053
"gene_479",36.7622125613137,0.292509279040048,0.104034051802503,2.81166862168692,0.00492852501098831,0.0161062908855827,0.226592680749446,0.263776671247753,0.101133351120225
"gene_480",23.1804079929774,-0.0439050601121146,0.0928067107722135,-0.473080661374542,0.636155633162881,0.751069224513437,0.159593260618224,-0.0386340847266746,0.0872725960568855
"gene_481",90.0753867353222,0.0513874016517807,0.067408296223,0.762330522073737,0.445862761618177,0.576050079610048,0.09605110792975,0.0479697781845472,0.0649492435454141
"gene_482",4.49254154993087,-0.546510993415558,0.230378932722296,-2.37222643128717,0.0176812512931166,0.0470246045029696,0.993697236697856,-0.355333340468346,0.259998451414739
"gene_483",136.207257555194,-0.0472556194155368,0.0551694337709331,-0.856554366893541,0.391691214365032,0.526466685974505,0.0644450066093719,-0.0450345018708304,0.0549542435487723
"gene_484",12.3929679466472,0.08753695968783,0.135062761355655,0.648120613033541,0.516906942784994,0.63894554114338,0.348708558506966,0.0688195356010925,0.118372811159961
"gene_485",64.3318042860433,-0.192200175291111,0.073464820680875,-2.61622057346349,0.00889091022418335,0.026740349721749,0.111385619065487,-0.180588910627686,0.0697729712589396
"gene_486",325.75158337582,1.44171530943525,0.0553130849736419,26.064633894896,9.18302436576065e-150,6.12201624384043e-148,0.0632133573399225,1.43772409194218,0.0548490416128035
"gene_487",80.7232532698832,0.341388015949217,0.0695395359098972,4.90926508902153,9.14183339468757e-07,6.62451695267215e-06,0.100794354023153,0.327079763187015,0.0709007754785946
"gene_488",1162.63227629566,-0.125823135427312,0.0428620587345657,-2.93553644276642,0.00332971497058597,0.0114817757606413,0.0425550684423854,-0.122981070605018,0.0425403247164006
"gene_489",86.690384365556,-0.314547535769473,0.082988572506273,-3.79025119085759,0.000150495015408311,0.000723533727924571,0.150345358454612,-0.295371259878888,0.0822809015194306
"gene_490",114.609194880581,-0.199274829586104,0.0644178970299189,-3.09346996368961,0.0019783057765248,0.00732705843157335,0.0889735547417524,-0.190065704038498,0.0619376870067031
"gene_491",8.16574722866402,-0.163476322966771,0.175085389126716,-0.933694831888326,0.350461331660229,0.486076742940679,0.597874353167741,-0.117769523341124,0.142980888160107
"gene_492",151.983881519477,0.0840351908909737,0.0551393334712809,1.52405162704303,0.127495815066057,0.227265267497427,0.0651236514298867,0.0801564048870848,0.0552165889004451
"gene_493",204.998508858186,0.175399175178292,0.0585641878255896,2.99499031217933,0.00274453558529275,0.0096638576946928,0.076003689778074,0.167677555279448,0.0583990605008361
"gene_494",21.3479229206584,0.113831103420333,0.109790579248999,1.0368021026847,0.299828095420344,0.434121648454334,0.236784991097598,0.0957824582810038,0.104018014125939
"gene_495",4.9869742803573,0.159110776390716,0.218854633244669,0.727015800542079,0.46721627651262,0.592946861982524,0.924494717698153,0.0965814401580258,0.167040574559986
"gene_496",2436.93808294242,-0.145812583737152,0.0452999818099046,-3.21882212555923,0.00128718304336463,0.00510786921970091,0.0481042418753068,-0.141965358901617,0.0462913483306379
"gene_497",3396.20962064593,-0.117932629331406,0.0415486688649394,-2.8384213635042,0.00453372890319337,0.0149489960832825,0.040521372370675,-0.11556257715008,0.0416196332665578
"gene_498",27.2065387900657,-0.714194892062876,0.106984368062123,-6.67569388873862,2.46065104522038e-11,2.79619436956862e-10,0.22160999311533,-0.689575493390583,0.104412182082724
"gene_499",1320.53973558609,-0.142102361008224,0.0467560575890089,-3.03922889002575,0.0023718457422231,0.00856262000802563,0.0509127832184853,-0.138599267071308,0.0461693028088832
"gene_500",436.817041729935,0.0186706185633251,0.0568583823929904,0.328370554657687,0.742631503759923,0.836196627444682,0.0741019364632585,0.0176756072690014,0.0569772290333951
"gene_501",4152.14497150906,-0.0836332317054166,0.0515475227422022,-1.62244909660704,0.104707223997686,0.194896083994271,0.0625931385340756,-0.0810999606763523,0.0507447044001159
"gene_502",1042.0392443617,-0.0966552958368235,0.050069631584152,-1.93041755608637,0.0535551213731573,0.115172304028295,0.0582965059042422,-0.0931305787324322,0.0494350259000552
"gene_503",657.09701493818,-0.294147108240118,0.0473398501790662,-6.21352004975695,5.18106179174842e-10,5.12976415024596e-09,0.0513502119419711,-0.288535921500835,0.0470629273877103
"gene_504",443.71944569659,1.53501088005023,0.0599659373996729,25.5980469348687,1.60387441113175e-144,1.00242150695734e-142,0.0771253630049041,1.53049542446586,0.0601584045859575
"gene_505",44.6284147133619,-0.719440418386896,0.085652301517301,-8.39954567060379,4.48209374311656e-17,6.49578803350225e-16,0.143691616337283,-0.701631308759103,0.0888957172667082
"gene_506",11.9015979448504,0.267783546693077,0.151438252284223,1.76826886637924,0.0770159661210271,0.154340613468992,0.452612865110815,0.209525131659823,0.143443298135625
"gene_507",360.847441561696,0.1810840539253,0.048963500288696,3.6983478071952,0.000217007403180784,0.00101405328589151,0.0537931127005471,0.175411299475068,0.0485835334308249
"gene_508",365.381817182467,-0.17261293116484,0.0521888839961913,-3.30746545907049,0.000941443211184024,0.00385837381632797,0.0615494450798701,-0.166797653094097,0.0513000262783048
"gene_509",165.771943772051,0.0185385974016704,0.0775412894560903,0.239080334254286,0.811043290638164,0.8850898892514,0.135998849349576,0.0169361402723018,0.0771278067268147
"gene_510",468.569589180396,1.62101175194571,0.0529008975686136,30.6424243528803,3.33410753635676e-206,3.70456392928528e-204,0.058163916199481,1.61759244825226,0.0536850208555304
"gene_511",6.65823235593578,0.0815164608232094,0.19080314833206,0.42722807005964,0.669213218011341,0.77293140876705,0.70713270400782,0.0515816846284251,0.153867679377459
"gene_512",7.09022281319679,0.0112101852517233,0.168113043340003,0.0666824240939541,0.946834526706017,0.970117342936493,0.524490584294775,0.00745245476536137,0.144914905390949
"gene_513",21.149637677633,0.0858044925392233,0.105290502090275,0.814930984616783,0.415111816127666,0.546919388837504,0.213799393329066,0.0731812708988678,0.098295250632291
"gene_514",218.066554419748,0.0964076500271757,0.0542385835137558,1.77747359502346,0.0754903515172618,0.152236713014882,0.0648381264377569,0.0923063328299941,0.0532095689030703
"gene_515",2748.19388130267,0.0602628074933128,0.0511685834074559,1.17773062063179,0.238904015444629,0.370393822394774,0.0615462149420136,0.0574711259477327,0.0496327000547005
"gene_516",162.216535148228,-1.39874169508883,0.0697261414636305,-20.0605062280468,1.63411954176012e-89,7.10486757287008e-88,0.0984454678511644,-1.39224695529069,0.0695730741924983
"gene_517",73.5872979854708,-0.395505897500313,0.0741923967148333,-5.33081440973641,9.77732994647617e-08,7.69868499722533e-07,0.114954437925993,-0.38093708929296,0.0719494699032453
"gene_518",46.2685123607054,-0.00910073834171892,0.083483534872021,-0.109012374184565,0.913192675649332,0.948857218915426,0.142641676821906,-0.00829656830392536,0.0750661893998474
"gene_519",1747.90823520781,-0.75518756092661,0.046694287639854,-16.1730181377058,7.8173039870082e-59,2.44290749594006e-57,0.0507417294212968,-0.750308406294839,0.0462500297722654
"gene_520",11.4260709876379,-0.122551974100859,0.166375021110877,-0.736600802708162,0.461365146677937,0.590736423403248,0.56412323242843,-0.0867242341175247,0.141282805878669
"gene_521",91.7190409400179,0.00891945266282169,0.0712863122095331,0.125121532961399,0.90042733641818,0.941869598763787,0.109003446688716,0.00819854989554785,0.0687506909285974
"gene_522",574.186012246768,0.196314875289749,0.0457577365134028,4.29031001636733,1.78423867564375e-05,0.000104955216214338,0.0476842625562996,0.191383887067755,0.0452421464143045
"gene_523",206.448440446556,0.109156597027122,0.058290497536989,1.87263107435059,0.0611193472226794,0.128943770511982,0.0753420592789064,0.104006653378812,0.0567370254445518
"gene_524",5.30256092973601,0.201054184933477,0.215918191138791,0.931159083322631,0.351771279713423,0.4865439553436,0.905621767099355,0.127678044287155,0.167353807056522
"gene_525",193.801538993066,0.0342994625330724,0.0602398352911455,0.569381744941689,0.569097102605865,0.690651823550807,0.0805139793161696,0.0323911081019691,0.0584660077387253
"gene_526",10.5823929785953,-0.0234144569513566,0.170152316158956,-0.137608805333469,0.890549596090386,0.936950997083928,0.587982879048549,-0.0164200819749012,0.135959258207079
"gene_527",97.737784577137,0.160504531705024,0.0670008906561461,2.39555818039415,0.0165950803083766,0.0448515684010178,0.095515734538964,0.151036409454303,0.0665205065912458
"gene_528",158.274586815512,-0.396641555307674,0.0614719460609977,-6.45239952081707,1.10092876872995e-10,1.18379437497844e-09,0.0822498488844825,-0.386280932834804,0.0604976393485541
"gene_529",766.461791600613,-0.101648095990799,0.0455314776910912,-2.23247961949383,0.0255832807500413,0.0631685944445464,0.0476787738041184,-0.0992468751937177,0.0457714171625322
"gene_530",190.394482118904,-0.0213624126698651,0.0652522050211961,-0.327382234254396,0.743378801798323,0.836196627444682,0.0952979156145297,-0.0200270338779089,0.0629468228560008
"gene_531",12.6194934413104,-0.0806478052275999,0.143746812141819,-0.561040652143533,0.574769824553197,0.695847245221788,0.407304496348092,-0.0613909230293161,0.124628368537418
"gene_532",1316.49392737365,0.123337182118321,0.0490711257899346,2.51343697811839,0.01195611377965,0.0346554022598551,0.0561599909151292,0.118890084628377,0.0484959105419845
"gene_533",8.85349805133589,-0.157823286297012,0.14959092084254,-1.0550325207446,0.291410451601481,0.427368097513261,0.413106733232989,-0.118722184869555,0.13440859457703
"gene_534",449.949099159709,0.0343764384003716,0.0587357634508386,0.585272692150233,0.558364373550883,0.68176358186921,0.0793027961636574,0.0325010209914199,0.0576678658803085
"gene_535",1123.09212694367,0.0504382287780475,0.0483279276732878,1.0436662858591,0.296639813250124,0.431341461550935,0.0543194023994832,0.0494685933856167,0.0477398713707436
"gene_536",506.93633090488,-0.705474894617905,0.0503073817478581,-14.0232878378319,1.12289531701474e-44,2.61138445817382e-43,0.0571390238280318,-0.699997869020774,0.049152627802282
"gene_537",10.4275283422319,-0.345609930988745,0.151497122222153,-2.28129700366155,0.022530877915255,0.0567528410963601,0.437693121208372,-0.289056305210534,0.139746098078719
"gene_538",547.306115736819,0.548171085368502,0.0506904936568456,10.8140806258349,2.95238014092281e-27,5.57052856777889e-26,0.0585127904581508,0.541682355963079,0.0507351758431091
"gene_539",51.4450791398582,0.0164217766990197,0.079259060075728,0.2071911612796,0.835860569827345,0.90168346259692,0.128631812603617,0.0149547505899314,0.0743595839091391
"gene_540",1200.60062427684,-0.189516499515479,0.055926417127817,-3.38867585746372,0.000702309781764028,0.00292629075735012,0.0730953381852287,-0.183091228463042,0.0561821281149422
"gene_541",107.989334421723,-0.0875011780285236,0.0652545736996514,-1.34092023083726,0.179946353004725,0.297924425504512,0.0911610437703444,-0.0820273098048198,0.0656943394729644
"gene_542",5049.59267790257,0.0669029296556568,0.042411422921898,1.57747429929103,0.114686431208771,0.210048408807273,0.0423359680846102,0.0651645743986151,0.0407543724578331
"gene_543",167.026930023795,0.0885357500033762,0.0561642060067246,1.57637321522494,0.114939817443085,0.210127637007468,0.0684260658336062,0.0844519992017982,0.0554088371432105
"gene_544",75.6244904033719,0.127838036935898,0.0825488768236233,1.54863448001892,0.121469612373612,0.219655718577959,0.147448039043028,0.11629195010627,0.0795764185125948
"gene_545",1740.88894691868,0.137510606391931,0.0473523787278242,2.90398518693908,0.00368445591888718,0.0125749348767481,0.0524315903089694,0.132925260304572,0.0482083877057113
"gene_546",13.7042397941732,-0.0151727581503778,0.13708821860649,-0.110678789939864,0.911871065804798,0.948857218915426,0.370077105954362,-0.0115781270824902,0.121687282082892
"gene_547",520.458052175295,-0.15619183519432,0.0521217444150676,-2.99667321090596,0.00272943129793066,0.00964463356159244,0.0622431040190502,-0.150531970434364,0.0522352009620981
"gene_548",3863.51555651317,-0.0440139390247772,0.0472075078294393,-0.932350404596647,0.351155466635487,0.486364912237517,0.0524389142467875,-0.0425377393500414,0.0464405247752145
"gene_549",15.1250498371038,-0.121020542556935,0.136027163248692,-0.889679235136873,0.373638146892874,0.509738263155353,0.369657088589422,-0.0956323644175083,0.120070728627668
"gene_550",993.836240592827,0.0683882553158312,0.0438650546469722,1.55906007335959,0.118982162459721,0.216179745566608,0.0444680176605983,0.066947422027516,0.0436401675180052
"gene_551",2546.10469491997,-0.206823401697917,0.0465802387083681,-4.44015332323236,8.98948090050627e-06,5.58352850963123e-05,0.0508988890433696,-0.201193682642789,0.0462957036271813
"gene_552",61.7019376738297,-0.00819985811124718,0.0749226631646139,-0.109444295823163,0.912850101747998,0.948857218915426,0.116142712141207,-0.00748042680333885,0.0732196304723004
"gene_553",7.15402903631026,0.196003976960452,0.18111162390099,1.08222748346403,0.279151459181652,0.415171553782947,0.630072535512159,0.129032832456513,0.161846566538282
"gene_554",898.351573003413,-0.0255708790060112,0.0479541549675332,-0.533235942189445,0.593870264127211,0.713482755452038,0.0532397602337792,-0.0247669356726389,0.046618362774161
"gene_555",36.2836160928557,-0.27771750566281,0.0897580604473682,-3.09406758878949,0.00197432502833684,0.00732705843157335,0.161066670669427,-0.256275033887321,0.0880302893350634
"gene_556",49.2066895238005,-0.103405169680998,0.0832059929829295,-1.24276107974834,0.213955888539684,0.340694090031344,0.14279321344661,-0.094309455980932,0.0770150335288374
"gene_557",468.376475413679,0.355940654011726,0.043674716349619,8.14981031959996,3.64495535097027e-16,5.06243798745871e-15,0.0427430759774018,0.350542955070475,0.0437500959123004
"gene_558",3.57933037784821,-0.0365256786031879,0.230876507774266,-0.158204396607125,0.874295739394231,0.931092374221759,0.97705954829549,-0.0201451484946715,0.167588484167266
"gene_559",48.016115793487,0.0270667020562473,0.0897998189961882,0.301411543573336,0.763100692877073,0.851674880443161,0.169372338754948,0.0239928592399336,0.084152931560885
"gene_560",1011.72576958885,-0.00752372449318965,0.0514840951888703,-0.146136869368855,0.883813341287402,0.935674421010207,0.0616700208338986,-0.00736189723144217,0.0508920551717263
"gene_561",5.0096578534742,0.458806499397954,0.224576340333853,2.04298680224238,0.0410537446096485,0.0943764243899965,0.962770935038447,0.301719773967433,0.227673735296583
"gene_562",17.1252060942666,0.0241993220119615,0.132046090721725,0.183264206306261,0.854590717953486,0.916942830422195,0.352660556133531,0.0185677852342393,0.120217159777798
"gene_563",110.803472527291,0.296724285421789,0.06742014996947,4.40112170554583,1.07692694695353e-05,6.60691378499096e-05,0.097750918354207,0.283170211503802,0.069441174168622
"gene_564",726.637580400749,0.393386531903462,0.0460585335421773,8.54101296002456,1.33050289585219e-17,2.04692753208029e-16,0.0486138886303641,0.387889238821998,0.0461608324932383
"gene_565",91.4205057542888,0.00174085588940657,0.0663208362555866,0.0262490038982271,0.979058729872234,0.988948211992155,0.0928060103486091,0.00162716835002142,0.0628021844248697
"gene_566",130.638360898094,0.0692758022827901,0.0667258518054418,1.03821533046567,0.299169816943603,0.434121648454334,0.0974172720535746,0.0646808928230082,0.0652636299892234
"gene_567",857.789695850895,0.255379398982783,0.0548403818936887,4.65677645129918,3.21198882666261e-06,2.17026272071798e-05,0.0698776396557239,0.247388472510534,0.0543322893299137
"gene_568",465.820438881332,0.0243831526875756,0.0441902006840764,0.551777369419413,0.58110089403872,0.701719432044439,0.0439755198258797,0.0236243689670023,0.043181321671832
"gene_569",18.6384470199662,0.372220157795832,0.136331927122322,2.73024936750042,0.00632864343804464,0.02002735265204,0.380295285419506,0.318374795173181,0.136764611519941
"gene_570",36.7705535989864,0.136139322985402,0.0984559448047639,1.38274355352907,0.166743512258774,0.280491762638073,0.201099746467379,0.118656044109806,0.0963045854456679
"gene_571",5.36830691026208,-0.126383283167023,0.186682221491952,-0.676996888921588,0.498407928273108,0.623789647400635,0.633642727041628,-0.0849452274303697,0.149380890465989
"gene_572",94.7882726235654,0.00517517213720506,0.0747192105671752,0.0692616008376105,0.944781390397497,0.969006554253843,0.121204492160767,0.00475215758673854,0.0703513595897435
"gene_573",4.4424146850847,0.0777979328841688,0.220966857161906,0.352079646166868,0.724778532347772,0.823611968577014,0.926115579344546,0.0451235307408783,0.163971512315321
"gene_574",88.5406753680714,-0.351558228643386,0.0654153904930346,-5.3742433698507,7.69049281461011e-08,6.20201033436299e-07,0.088831662213189,-0.339425012449272,0.0654502757629138
"gene_575",380.343498773551,-0.487324789885883,0.0529135984041007,-9.20982138020907,3.26668065234068e-20,5.26883976183981e-19,0.0631131080357692,-0.479271859799073,0.0538764872544939
"gene_576",217.000040388463,0.204410732814948,0.0646235846025977,3.16309802484604,0.00156099760855571,0.0060270177936514,0.0939034132650334,0.194954304927685,0.0618207452253694
"gene_577",5.4042058710345,-0.346317633669974,0.203504821139894,-1.70176623693798,0.0887991980529327,0.172425627287248,0.779606635027398,-0.23748366291897,0.187397498979145
"gene_578",70.6770516101377,-0.160810334501157,0.0727393115238414,-2.21077614198272,0.0270513427579359,0.0666289230491031,0.110426209088884,-0.150172416733121,0.0704575802270877
"gene_579",2547.67082474915,-0.118653282507932,0.0444847881819699,-2.66727767754155,0.00764684633247077,0.0234866129633918,0.0463935034962371,-0.116864180906392,0.043637709898019
"gene_580",1989.56892966747,-0.703660840228135,0.039123053359156,-17.9858364777517,2.51563713587751e-72,9.31717457732413e-71,0.0355062940223447,-0.700036303486938,0.038839765639129
"gene_581",300.964045461176,-0.0723010779863091,0.0546181501401023,-1.32375552450692,0.185584251397226,0.305740117623107,0.0671239459782417,-0.0692324295076999,0.0545248246507166
"gene_582",3711.65623483999,-0.243375849369318,0.0456143703495234,-5.33550825111544,9.52772960613544e-08,7.56169016359956e-07,0.0489204046649411,-0.237802876894651,0.0453823919006557
"gene_583",4192.86542011377,0.0246731929639,0.0502713405558889,0.490800378328278,0.623567642433998,0.742342431469045,0.0595235052269288,0.0238172913726419,0.048050632074136
"gene_584",716.56661791354,0.748208876964474,0.0496669402549956,15.0645252782452,2.77149217456382e-51,7.29340045937847e-50,0.0563282596616759,0.742313352797525,0.0499162053816103
"gene_585",53.0742175413814,-0.232326057912926,0.0763932977987909,-3.04118377668209,0.00235649950703023,0.00853804169213852,0.118118323920415,-0.217765305630707,0.0748204818018925
"gene_586",141.365744503858,0.167564457770467,0.0642290145228206,2.60885923620906,0.00908446030808508,0.0271177919644331,0.0901793349505288,0.158684865629579,0.0632951970893248
"gene_587",1333.30254644434,-1.46497624068609,0.050028572048205,-29.2827914271572,1.71790650654442e-188,1.56173318776766e-186,0.0568333369290087,-1.46180916940142,0.0491639735965721
"gene_588",4301.14220322271,0.277377670970725,0.0492841135945045,5.62813553375249,1.82167931109423e-08,1.54379602635104e-07,0.0571935217610616,0.270130737909828,0.0492488741701733
"gene_589",20.2147981792794,-0.0440586513741841,0.128791278404907,-0.342093439244138,0.732280574660476,0.829309824077549,0.341514047002565,-0.0346433195723444,0.116141278541938
"gene_590",4.67684015000709,-0.217954768561656,0.212408182239579,-1.02611286563255,0.30483838659958,0.439248395676628,0.843018552580085,-0.127157204645109,0.179849010387138
"gene_591",137.765791188587,-0.0971208590003277,0.0687469207904649,-1.41273031407973,0.157735034772744,0.268713858215918,0.104275220607542,-0.0908259342978587,0.0675982964203972
"gene_592",2641.16834261409,0.0178269741329767,0.0497147187238696,0.358585436880233,0.719905242910462,0.819937634294376,0.0580629640769425,0.0170484632974069,0.048491429845921
"gene_593",7.25411950307082,-0.247995469099708,0.196219142859238,-1.26386990324187,0.206276725885369,0.331634607532747,0.76524413063807,-0.147609156566977,0.183256490592625
"gene_594",27.7875977453583,-0.350922180956791,0.110404144957371,-3.17852360608642,0.00148027163900154,0.0057374869728742,0.248857219171868,-0.316465080295475,0.109880719111069
"gene_595",4.78751971704632,-0.444974944165337,0.231400425712863,-1.92296510602574,0.0544844322375908,0.116669019780708,1.03039599402158,-0.291555723174973,0.223734269814877
"gene_596",127.789877880398,0.102620064362462,0.0615957858220022,1.66602411176328,0.0957086120608857,0.180592181716665,0.0816514887945745,0.0970340149438692,0.0604906589811377
"gene_597",3.52286948391875,0.0213379797397216,0.263011202161584,0.0811295471993332,0.935338927865775,0.964266935944098,1.34481462095418,0.00996498769851446,0.18206643689807
"gene_598",134.786932111478,0.129413503242866,0.0629629117566161,2.05539260546138,0.039841099147003,0.0917997676198225,0.0860698031605401,0.122427044593035,0.0615977003137602
"gene_599",120.985288339625,-0.24340801788098,0.0634470731214922,-3.83639474455958,0.000124853669754191,0.000620803017322386,0.0864332722987684,-0.232956043808216,0.0632070171721144
"gene_600",4697.04706897982,-0.0433653554285606,0.0505109758628692,-0.858533312567392,0.39059804396247,0.526325101977823,0.0601208561699682,-0.0425362815241377,0.0509143671799776
"gene_601",4631.56466765864,-0.00158312586405766,0.0429794699322609,-0.036834466933929,0.97061699204778,0.984398572056572,0.0434652779930267,-0.00155272022768752,0.0428492415254188
"gene_602",200.847693110876,-0.00838552360348164,0.061944040142141,-0.13537256504806,0.892317314358648,0.936950997083928,0.0856282461961485,-0.00790675691239285,0.0599287203279753
"gene_603",403.719276598414,-0.115120748360555,0.0497558675476902,-2.31371201095457,0.0206835246106338,0.052764093394474,0.0559819084395032,-0.111170065803831,0.0488342262488346
"gene_604",676.001640419764,-0.71146979548895,0.0425669706102548,-16.7141280032164,1.03421688448854e-62,3.44738961496181e-61,0.0408156529640809,-0.70744359278634,0.0424160940086225
"gene_605",2396.71948993937,0.126149610542913,0.0538407786975837,2.343012370818,0.0191287488320903,0.0498144500835686,0.0681242350852028,0.121192880753979,0.0524314450086322
"gene_606",56.4049710937871,0.219762395816671,0.0703421901920806,3.12419040715927,0.0017829503901867,0.00677927905013953,0.0983340753570411,0.207802877377562,0.0684639685068458
"gene_607",571.554249217431,-0.0360628027129035,0.0536346139017586,-0.672379273186509,0.501342274439468,0.626677843049335,0.0662320722843875,-0.0344152139026909,0.0532405221943761
"gene_608",4726.49438183668,-0.00665690972190893,0.0468543083234545,-0.142076789949679,0.887019351117676,0.935674421010207,0.0517022033596194,-0.00301478040742087,0.0456435921400602
"gene_609",73.9537204928933,-0.0380388292972071,0.0742155297290959,-0.512545412477115,0.60826934606957,0.727594911566471,0.116375194864758,-0.0349395784957836,0.0715282357004334
"gene_610",322.118231809269,0.0463247212635529,0.0530777382712809,0.872771198855286,0.382787800969266,0.517980786155976,0.0634326043849596,0.0442066822792116,0.0531047257766726
"gene_611",2423.94803663459,0.125860764074413,0.0429302378975967,2.93175091120236,0.00337056968297047,0.0115827136871837,0.0431586374276838,0.12269314619772,0.0421562472626143
"gene_612",211.103919823441,-0.170860795578087,0.0620875572840918,-2.75193296454369,0.00592446469485494,0.0189886688937658,0.0862108654540415,-0.16213055003962,0.0627050777419338
"gene_613",556.799150507496,-0.00555738411488254,0.0518827812960632,-0.107114228961049,0.91469835903447,0.948857218915426,0.0618140811841429,-0.00555461528241986,0.0502237212266486
"gene_614",4.50105184095428,0.384176259551798,0.218145277243406,1.76110280454587,0.0782210044437171,0.156129749388657,0.882486830111412,0.228411625224544,0.216465486278796
"gene_615",37.3820891138342,0.0775540535431865,0.0977967926128238,0.793012239677654,0.427770691704431,0.560385360285157,0.198661239769947,0.0666619827076732,0.0957135000467822
"gene_616",3246.50670905666,-0.161313063947777,0.0441398660220253,-3.65458888949239,0.000257594407255417,0.00118162572135512,0.0457559767375913,-0.158975420055025,0.0439832796541532
"gene_617",57.2412395233489,0.193778678591356,0.0852857694230194,2.27211034035712,0.0230798467229347,0.0575001667886559,0.153700654955619,0.177168715386546,0.0831146386243938
"gene_618",4971.6254626784,0.0365384898461843,0.0447235862917515,0.816984792047484,0.41393711905407,0.546812574708151,0.0470979975196419,0.0359400504186512,0.0438031930365733
"gene_619",112.137215285991,-0.0665029784433117,0.0604761432404444,-1.09965640796414,0.27148185472994,0.40870688716086,0.0773170023363642,-0.0629155817192799,0.0593531819974011
"gene_620",60.0296518720291,-0.0290531224492787,0.0845920496628957,-0.343449798947502,0.731260101083615,0.829093085128815,0.152152011992016,-0.026138852462415,0.0793461137761197
"gene_621",57.3303295061276,0.0276736530812278,0.0727915674529835,0.38017663377152,0.703814302933535,0.806252436174245,0.107389524706871,0.0253632624374152,0.0712061551399512
"gene_622",16.6415123747089,0.338191243528915,0.136249510537641,2.48214648400871,0.0130593577861034,0.0368908412036819,0.373792678865278,0.281360057401985,0.140143345940552
"gene_623",11.7061519496993,0.170573639094104,0.169297102420605,1.00754021572281,0.313675242019799,0.448674474352394,0.588457063911146,0.120071095407211,0.147877039977642
"gene_624",566.619211850419,-0.232732973350766,0.0517313336756954,-4.4988782777141,6.83129553432877e-06,4.35114365243871e-05,0.061413363297741,-0.225742203931662,0.051822298092064
"gene_625",313.008029103948,0.067120619452141,0.0508870001082695,1.31901309390084,0.187164735019985,0.306325261898502,0.0579491970021008,0.0652054940681341,0.0498375979394882
"gene_626",35.7066832563319,-0.270792481378895,0.0967002558188018,-2.80032849019872,0.00510506275523437,0.0165748790754363,0.191305157646988,-0.24768932053582,0.09157196233957
"gene_627",2009.85097384895,0.146426343806276,0.0525300891009862,2.78747564133728,0.00531204476558468,0.0171356282760796,0.0647416421958812,0.14100193836,0.0518617104459455
"gene_628",88.987033313197,-0.493027693155773,0.0710441867698394,-6.9397330812305,3.92841471930003e-12,4.73302978228919e-11,0.106190150926241,-0.479446612663654,0.0713118023985101
"gene_629",41.2944895977702,-0.156250703581752,0.0911535214107049,-1.71414884651293,0.0865013927584811,0.168618699334271,0.171370500270585,-0.13920631275812,0.0903719590678417
"gene_630",63.3319955065009,0.115192008045228,0.071028876968043,1.6217630485282,0.104854093188918,0.194896083994271,0.102983827156774,0.106997134065869,0.0694625156006663
"gene_631",129.472102235784,-0.0583195097222386,0.0540623150487588,-1.07874606682382,0.280700943515537,0.415845741932685,0.06118749405849,-0.0559075845100726,0.0517687186046399
"gene_632",452.757214253429,0.0343629229187953,0.053653581676718,0.640459068060809,0.521874191828522,0.642702206685372,0.065807602464359,0.0330139937772403,0.0514921108033115
"gene_633",79.705113576734,0.00888829787807252,0.062335403450164,0.142588278668615,0.886615355152066,0.935674421010207,0.0790458317889131,0.00834246697869697,0.0618895516680934
"gene_634",293.825059721129,0.0340392318196816,0.0508970078388346,0.668786501702945,0.503631678510162,0.628753656067618,0.0577643539178095,0.0327874286862796,0.0489055700808226
"gene_635",16.3818427159903,0.470523870928605,0.13438215326687,3.50138660149455,0.000462843895660474,0.00201236476374119,0.356440681884243,0.418568755653718,0.13770499216806
"gene_636",1649.50051870335,-1.50868012997295,0.0469596756974561,-32.127141160276,1.84259037313147e-226,4.60647593282866e-224,0.0501901640721457,-1.505760875041,0.0480724060711478
"gene_637",372.32057533334,-0.00427344626457171,0.0560293916109064,-0.0762715093222584,0.939203092068248,0.965269807321464,0.0714814064077214,-0.00402011784091382,0.0543089569644879
"gene_638",239.204232511524,0.106891156400681,0.0629109680866236,1.69908617927322,0.0893029470683706,0.172959682798634,0.0892714973293653,0.101254237321635,0.0589137258288016
"gene_639",27.150547227825,0.120184597233712,0.106959512696676,1.12364570671279,0.261163357739065,0.396904798995539,0.232531392364492,0.10276464902263,0.100084514511263
"gene_640",604.74043018717,0.180432717369889,0.0509490007108816,3.5414378074613,0.000397952661727645,0.00174540641108616,0.05965469230479,0.174767149771069,0.0495041176060464
"gene_641",9.90563471866125,-0.422501968948466,0.175614151751682,-2.4058537693812,0.0161347216282024,0.0437255328677571,0.616255045950548,-0.319646681781366,0.187669318517267
"gene_642",117.874141557433,0.139064588874298,0.0588224682743981,2.36414065838894,0.018071949695903,0.047809390729902,0.0730222101233744,0.132742678337189,0.0570946329100604
"gene_643",801.126191313986,-0.30401638823383,0.048236837596746,-6.30257710456414,2.92736827270692e-10,3.06315537993361e-09,0.0536692185087247,-0.297439246911562,0.047887657955829
"gene_644",5069.6680688554,0.177111315459094,0.0405678606334585,4.36580368531981,1.26656196669246e-05,7.60583300416685e-05,0.0387153598655598,0.173464120923916,0.0400773258970779
"gene_645",78.9063391578299,-0.0801816132066758,0.0652622440220957,-1.22860643865585,0.219219400264745,0.346318167874794,0.0876967246224035,-0.0750932627710269,0.0646324237919487
"gene_646",271.075281273252,-0.227981159943368,0.0626385767354941,-3.6396286733345,0.000273031478291263,0.00124671907895554,0.0888794912962327,-0.218610432168482,0.0629608430415228
"gene_647",3121.34675039936,0.133427666202121,0.0493428997979153,2.70409049222028,0.00684916339178513,0.0212706937633079,0.0572483219278982,0.130991259187089,0.0485301448661793
"gene_648",93.0594617487647,-0.166161893480044,0.0705209194520188,-2.35620713358817,0.0184626195846052,0.0483314648811654,0.106409411151472,-0.156126764917869,0.0688083488918587
"gene_649",13.5482432805672,-0.106802289295175,0.161651085425816,-0.660696394421602,0.5088070365381,0.632058430482112,0.541807832702777,-0.0778525743900444,0.134723926910938
"gene_650",101.019565948235,-0.695328982669712,0.0704394130529337,-9.87130574394745,5.54381847062856e-23,9.2396974510476e-22,0.104216735222544,-0.682942362227978,0.0735959851897227
"gene_651",1107.38269463967,0.766074801320954,0.0461782576229849,16.5895129169977,8.29906721299199e-62,2.67711845580387e-60,0.0491057222831502,0.762297903821048,0.0462739160385282
"gene_652",9.1427592036077,-0.277651579179338,0.167530051066365,-1.65732402880573,0.0974539817766764,0.183529155888279,0.547690037642201,-0.202962356464743,0.160450782462882
"gene_653",12.1867765951163,-0.0549593135219042,0.157779621423053,-0.348329606993683,0.727592661289465,0.825871352201436,0.504050288411104,-0.0389188724566439,0.136046899421774
"gene_654",78.6929717991652,0.0437980747137843,0.0796556151085382,0.549842903781551,0.582427128596884,0.701719432044439,0.137002220108061,0.0397936588560884,0.0759347173562425
"gene_655",5.32838552925421,-0.1009592118413,0.222823326807352,-0.45309085582672,0.6504833195917,0.763478074638145,0.981121835948344,-0.0525516272417213,0.176444048520938
"gene_656",103.772259710447,-0.0557792738668248,0.0684365960471119,-0.815050383692758,0.415043470663331,0.546919388837504,0.100870307508174,-0.0521982621496588,0.0654679699203247
"gene_657",624.390688462498,-0.368172125682159,0.045401967780412,-8.10916670975219,5.09680788039769e-16,6.9819286032845e-15,0.0469646212491761,-0.362406661710663,0.045990859463324
"gene_658",18.149080630504,0.184017718641655,0.130518286429676,1.40989989736652,0.158569242998931,0.269217730049119,0.345237639489461,0.15038692309621,0.119172235160566
"gene_659",233.084950677095,-0.17774940768912,0.0491964456993347,-3.61305385302507,0.000302611822874893,0.00135807154965319,0.0527584103130175,-0.171922028314392,0.0505444973773493
"gene_660",449.954207722511,0.154120571475816,0.0512447892767333,3.00753644714061,0.00263374540404805,0.00940623358588589,0.0597877480429904,0.148718105481135,0.0511300031168404
"gene_661",28.554545468083,-0.234667559904979,0.0965973971807544,-2.42933626323146,0.0151264956541788,0.0422527811569241,0.183859201718306,-0.209827795066081,0.0971429446612861
"gene_662",106.292002860655,-0.177280908876791,0.069015945959687,-2.56869490683129,0.0102082287768209,0.0301127692531589,0.102824420359772,-0.166929453009193,0.0689277571999797
"gene_663",111.373230409067,-0.0309924892614342,0.0697575061108684,-0.444288951674628,0.65683368803196,0.76711752850849,0.105856624246696,-0.0290047064023369,0.0638154820266455
"gene_664",14.5629171849518,0.28174177875456,0.13424214094339,2.09875808575916,0.0358382313899444,0.0839302842855841,0.352725945306034,0.236506371204408,0.126696677243607
"gene_665",113.529778554773,-0.716394097059115,0.0674737343412542,-10.6173773254625,2.47414819087277e-26,4.58175590902365e-25,0.0957110072428052,-0.706204903925948,0.0673572634874488
"gene_666",1905.38085314739,0.194816302152014,0.0471659996292339,4.13043937759066,3.62070566251439e-05,0.000203410430478336,0.0520599630698567,0.188351534894719,0.0472937189035132
"gene_667",28.0624690564111,0.012187123961854,0.109732231795969,0.111062390351397,0.911566872334861,0.948857218915426,0.248133890898986,0.0102570391476529,0.0991155397421665
"gene_668",59.3724278243088,0.113263542581752,0.0674140613301683,1.68011747618988,0.0929344612821563,0.17735584214152,0.0901419286184983,0.105779845197154,0.067120597010432
"gene_669",130.103831433044,-0.222473463557388,0.0675389130861488,-3.29400420278623,0.00098771021633474,0.00403147027075404,0.0997478823128301,-0.212117793168812,0.0649830761054039
"gene_670",4748.3417721142,0.0869429041981089,0.0472919875297079,1.83842779167387,0.0659993930167536,0.136644706038827,0.0526767714995636,0.0870873866383935,0.046848970837662
"gene_671",266.721395034246,-0.126045196986289,0.048206857791795,-2.61467357052552,0.00893127680706416,0.026740349721749,0.0510745595076486,-0.121916042681143,0.048113714209699
"gene_672",15.2841053527344,1.32042390366497,0.148212493098327,8.90899192140957,5.14986640423487e-19,8.17439111783312e-18,0.369528990301941,1.29145795512543,0.142827639345932
"gene_673",14.3572569324158,-0.131620226541909,0.12155937747007,-1.08276489466489,0.278912791247637,0.415171553782947,0.277793754603995,-0.107433232216229,0.113575910975487
"gene_674",20.0798031889059,-0.00201672990754182,0.115974446188298,-0.0173894333952449,0.986125938811444,0.993195815079444,0.267248837113132,-0.00163714751145064,0.111440939843648
"gene_675",1806.57760181737,-0.175509161237617,0.0546119823366169,-3.2137482238937,0.00131014500186496,0.00515805118844471,0.069955071105148,-0.169626903727646,0.0551175903812323
"gene_676",4947.05361232145,-0.156872920008604,0.0447826541029151,-3.50298398232704,0.000460077128571103,0.0020090704304415,0.0472189083923705,-0.152121937747607,0.046143826965616
"gene_677",4963.37577390171,-0.233474358676937,0.0498109400175223,-4.68721045205745,2.76954130838183e-06,1.92329257526516e-05,0.0584648673438097,-0.228248454080148,0.0519475136569574
"gene_678",6.55919852136937,0.00189082561350582,0.186895755709894,0.0101170067042123,0.991927934250539,0.99591158057283,0.669618253165649,0.00123645906291497,0.145235838997509
"gene_679",78.9651263304642,0.735359567261521,0.0694716913291994,10.5850246797208,3.4968858830628e-26,6.35797433284145e-25,0.0966144711115646,0.725286910717252,0.0674649685182177
"gene_680",6.13915431802496,-0.372511879575481,0.201917696242944,-1.84486989752142,0.0650564665418772,0.134971922286052,0.785464389297634,-0.277032158239987,0.178942957854567
"gene_681",90.5825986009964,-0.147828117490551,0.0723937550690681,-2.04200096195471,0.0411514359097506,0.0943840273159418,0.112487564833656,-0.137626388839683,0.0710033809429128
"gene_682",49.3502092398875,-0.201817941038947,0.0723744315316612,-2.78852540555927,0.00529485943122797,0.0171354674149772,0.102771282524833,-0.189477538456412,0.07162984976863
"gene_683",72.3189345569051,0.276475835438206,0.0712775869127591,3.87886076694208,0.000104946798020697,0.000538188707798447,0.105344641346381,0.262073524889108,0.0717214169850197
"gene_684",220.165609390814,0.182604525949403,0.052545692982242,3.47515686987161,0.000510554694136555,0.00221019348111063,0.0605393687483722,0.177729676282836,0.0520926388476975
"gene_685",28.1570751798501,-0.178538331779158,0.0895299189856765,-1.99417506239139,0.0461329264161618,0.102745938566062,0.152676102945808,-0.160475944140754,0.0889028613181177
"gene_686",215.003828549313,0.142147490702341,0.0558175674544018,2.54664431262548,0.0108764229608313,0.0318956685068367,0.0688443431564828,0.135946824287652,0.0560615243088274
"gene_687",35.1768623686015,0.153810921427817,0.100996508214744,1.52293306121808,0.127775453338883,0.227358457898368,0.211662100495186,0.135114656724775,0.0951173013672335
"gene_688",224.028616057593,-0.0340611737571881,0.0584279407722974,-0.582960366341331,0.559919981296392,0.681836893097366,0.0761461652672876,-0.0324063355076855,0.0557220226589544
"gene_689",15.4006465289817,-0.0158996203903785,0.11079159924678,-0.143509259713485,0.885887998751107,0.935674421010207,0.224105498504564,-0.0131614500571395,0.104871137250575
"gene_690",268.432794542706,0.0534170378733091,0.0583162039835619,0.915989625942838,0.359672336072996,0.492701830236981,0.0765906741443009,0.0505696400954086,0.0575514557668036
"gene_691",838.185599283901,-0.225593276971125,0.0443657478980578,-5.08485233900454,3.67912186246521e-07,2.76625703944753e-06,0.0452835682811813,-0.221705028049064,0.0429571477735892
"gene_692",26.1367621879809,-0.108747663917446,0.105823462436865,-1.02763282747741,0.304122576260325,0.438849316392966,0.225460118351873,-0.0932800156454855,0.0980340201590128
"gene_693",24.6794044003426,0.168060236177996,0.112170149604527,1.4982616745232,0.134065277353195,0.236030417875344,0.255373552685586,0.141013312105444,0.110136599247857
"gene_694",24.9384632750632,-0.344507854362274,0.110802305269199,-3.1092119746541,0.00187587082228926,0.00705214594845585,0.246317063485597,-0.313480879427433,0.104579738334501
"gene_695",13.8683493646194,-0.227585207915983,0.152056618890732,-1.49671358982094,0.134467798621933,0.236323020425189,0.470518408260114,-0.173742140868015,0.141917486801833
"gene_696",72.5612163870817,0.0655223069084371,0.0785373483099499,0.83428213860559,0.404122014492652,0.536964453317281,0.131692891566539,0.0598358965024639,0.0745697794173272
"gene_697",16.1812764052171,-0.0774982595317483,0.126211910200697,-0.614032854811513,0.539193616645419,0.659967707032337,0.313218739017007,-0.0627848151135758,0.111053695830723
"gene_698",433.931885698838,0.105256066937048,0.0516481853172739,2.03794317826389,0.0415556157821202,0.0946624543305993,0.0607017023347013,0.101108621684374,0.0504646180992127
"gene_699",284.587584883625,0.176917864309983,0.0545027590463196,3.24603501557835,0.00117024444816535,0.00471872761356995,0.0665714208122271,0.171053110232236,0.053444028949628
"gene_700",33.2251925896027,0.136573538108484,0.0905307763754369,1.50858684280034,0.131404398586846,0.232163248386653,0.162689176686488,0.122789417943894,0.0847570861643836
"gene_701",125.077541616321,0.0711261272317829,0.060811277501192,1.16962067159975,0.242153654740505,0.374271491098153,0.0792169814948122,0.067232218868241,0.0588297021501937
"gene_702",12.7083837590757,0.0139681504033318,0.150333545399493,0.0929143948957848,0.92597156974671,0.956910971750976,0.454008467425121,0.0103460580844163,0.126856043153237
"gene_703",6.40173523111188,0.252631650729141,0.189103388389759,1.33594460088914,0.181567381437922,0.300111374277558,0.680554203824379,0.164867428685534,0.173446828222013
"gene_704",19.2145416882677,-0.235302524767484,0.110654995294498,-2.12645189800287,0.0334656504068115,0.0793024891156671,0.235011011263984,-0.204949475895327,0.107117534284415
"gene_705",517.491498684603,-0.0148123794459635,0.0556848714902474,-0.266003656820106,0.790236392722234,0.87098956872507,0.0713457521765656,-0.0142716197418926,0.0526764803502972
"gene_706",82.8378287847159,0.0608926032019148,0.0662716957852274,0.918832730631413,0.358183069725799,0.491707393984624,0.0914628539355937,0.0569286262537861,0.0645058059099739
"gene_707",108.17926980523,-0.115948402004567,0.0623231191948519,-1.86043964908201,0.0628233494912053,0.13225968313938,0.0823140941432833,-0.10987491825386,0.0605890074780927
"gene_708",284.912420669907,0.120894190727074,0.0532438073924179,2.27057749337982,0.0231725672158283,0.0575001667886559,0.0634064453410967,0.116304915929194,0.0519513608462876
"gene_709",98.8550311894472,0.125550035464947,0.0704561586651564,1.7819597015163,0.074755803590408,0.151634490041396,0.106914187490935,0.117358637842285,0.0676540412826776
"gene_710",34.6570850876019,0.205349090869746,0.0852785975775464,2.40797921990938,0.0160410940372064,0.0435899294489306,0.141770763085569,0.18756900455373,0.0848389639634893
"gene_711",4627.7781363645,-0.0190937305157087,0.0416495403004091,-0.458437965413058,0.646637821046571,0.759856428961893,0.0408031865762998,-0.0178779990035732,0.0412948453658494
"gene_712",261.330591361427,-0.0824308934570077,0.0642943461777343,-1.28208619198237,0.199812412183227,0.32345147902791,0.093810316201139,-0.077813033864223,0.0606724221583448
"gene_713",112.351072036676,0.0148599648042199,0.0579412500811337,0.256466071812601,0.797590975294545,0.876170575898876,0.0702660503567113,0.0140056722358143,0.0573367562937727
"gene_714",947.25335464799,0.0941565224086386,0.047794345125324,1.97003478469568,0.0488343841073173,0.107092947603766,0.0529316762880802,0.0909653565412633,0.0474982791267196
"gene_715",23.4027731510172,-0.134925130122582,0.120626425839388,-1.11853707994492,0.263337679114112,0.399601940992583,0.299842397292023,-0.110354909944042,0.113380096737179
"gene_716",79.4613750841771,-0.130710352904464,0.0758498406113268,-1.72327788497613,0.0848382850120417,0.1670044980552,0.12302217393372,-0.120157068240006,0.0762850988468898
"gene_717",18.7495969544528,0.645190713034034,0.109747755859779,5.87885107972841,4.13123823249151e-09,3.83196193800673e-08,0.217576577347993,0.614382546737098,0.112994617405024
"gene_718",143.905785513736,0.00320280260670262,0.0640058555790699,0.0500392124708968,0.960091140413125,0.978686177791157,0.0897514597587449,0.0029880529052259,0.0622990506616193
"gene_719",1159.78341252767,0.0978925070976209,0.0448815640605605,2.18112958286237,0.0291738333224086,0.0706388216038948,0.0467471083357257,0.0951495605987388,0.0432014053496004
"gene_720",14.8804440914628,0.0336444871042468,0.126866527806744,0.265195932180768,0.790858528402364,0.87098956872507,0.311961285357538,0.0261532655418266,0.11799895512908
"gene_721",4749.45650330834,-0.00980579025918359,0.0447061534186087,-0.21933871535237,0.826386205585494,0.893390492524859,0.0470515758143994,-0.00916598155900016,0.043688437420976
"gene_722",1250.53517146675,-0.140371933088926,0.0512276383829296,-2.74016014635767,0.0061409254338463,0.0195570873689372,0.0612309427383879,-0.13544336621784,0.0506802029317094
"gene_723",156.139023783477,-0.0100746667961262,0.059119803888954,-0.170411032063802,0.864686896706205,0.925657144814267,0.0760847792344723,-0.00951455375399511,0.0586698885266678
"gene_724",81.4407770242952,0.0307904643788587,0.0721040103874532,0.427028458103857,0.669358599992266,0.77293140876705,0.110363823055972,0.0282290744197573,0.070661852553003
"gene_725",566.030079537375,-0.0160014353483568,0.0575057790587847,-0.278257865735538,0.780814417588363,0.867571575098181,0.0763898275676546,-0.0152391846965265,0.0557375911461741
"gene_726",4726.87421292593,0.256630586842053,0.0444826156208672,5.76923328945759,7.96330015436406e-09,7.17414428321087e-08,0.0465697876774573,0.250923228583543,0.0436291721461111
"gene_727",446.870017850885,0.165993570392638,0.0487873607568919,3.40238881172085,0.000667995300451045,0.00280670294307162,0.0539526489829816,0.160727678307576,0.0484741495159701
"gene_728",68.4315855030648,0.082614779535363,0.0764983791143228,1.07995464076304,0.28016237945791,0.415671186139332,0.123324399010312,0.0758321554343384,0.0733042698707212
"gene_729",49.9889119696485,-0.129454495767967,0.0895646042245739,-1.44537562454218,0.148352406325919,0.254901041797111,0.168985224683964,-0.115661392485391,0.0867750443167435
"gene_730",1115.53814657201,0.113388498281165,0.0499234014695629,2.27124945303046,0.0231318812578865,0.0575001667886559,0.058014381916824,0.109246322497983,0.0487219550061062
"gene_731",24.7664966827017,-0.7805302418351,0.124154246680659,-6.2867784445805,3.24121420295203e-10,3.27395374035558e-09,0.307819605822182,-0.746493223358082,0.126331526925888
"gene_732",9.2754435664272,-0.216916361169213,0.17148018503866,-1.26496458538524,0.205884023312433,0.331634607532747,0.582515511963391,-0.162089057100316,0.144275460006782
"gene_733",128.499608348418,-0.187336304568593,0.0600965912482873,-3.11725341949294,0.00182544581610476,0.00688847477775383,0.0772625828742418,-0.179526943918777,0.0577439519500236
"gene_734",3955.02477936669,0.168650283917367,0.0465082049050063,3.62624797628371,0.000287569212641995,0.00130399135780592,0.0508909768408997,0.167610300603683,0.0476606123842641
"gene_735",165.066351682089,0.0417364937485108,0.0627203160955258,0.665438192067532,0.50577026390173,0.62985088904325,0.0868042548112412,0.0392584632773914,0.0612149533140415
"gene_736",4.68391558334756,0.176477087666379,0.24113821755072,0.731850344830798,0.464259916577971,0.592946861982524,1.1512846554904,0.0996792027664847,0.17676124654645
"gene_737",47.2186430719157,0.0107148722975224,0.0891791627033948,0.120149954010664,0.904364361395426,0.944285002892185,0.166357894764469,0.00953490612137162,0.082639339760212
"gene_738",375.50835039065,0.266212429410751,0.0560242297865664,4.75173742548414,2.01676162359337e-06,1.43032739261941e-05,0.0713676993006107,0.258496841057132,0.0534620806482908
"gene_739",244.160735438423,0.0791955221258118,0.0587353486462408,1.34834514395754,0.177547398654301,0.29541996448303,0.0773638875217361,0.0751386578884348,0.0576735323463757
"gene_740",11.8997151456367,1.32956174830032,0.15189324888332,8.75326426997193,2.07268564701102e-18,3.23857132345471e-17,0.36490064207971,1.29545417745103,0.155433738891412
"gene_741",672.194769715478,-0.0141066860999087,0.0490555258825272,-0.287565689004942,0.773679212119117,0.861558142671623,0.0553821909085726,-0.0134178361980625,0.0473611041644986
"gene_742",126.388235618784,-0.053870781192392,0.0679853484804031,-0.792388101208606,0.42813441525786,0.560385360285157,0.101171362589174,-0.0505218857242577,0.0675966417143863
"gene_743",565.844988733193,0.277564536987233,0.0475836857413941,5.83318699807597,5.43785657331349e-09,4.98885924157201e-08,0.0516423831642645,0.271221814880127,0.047838658240282
"gene_744",132.401735848978,0.0773768137003272,0.0619568577645662,1.24888214948467,0.211708181425497,0.338191983107822,0.0830033210780709,0.0729319975084973,0.0611198699072586
"gene_745",17.8191901270899,0.236527613892545,0.11786331653386,2.00679584495313,0.0447714054801783,0.100836498829231,0.269437070258577,0.201428541853899,0.114612527000137
"gene_746",874.542768067432,0.0344126339222435,0.0462321440031795,0.744344322856341,0.456668193237313,0.58547204261194,0.0493726675722733,0.0334439056732511,0.0442994180346624
"gene_747",5.85034469013234,0.332295820888028,0.197525692955503,1.68229163465274,0.0925123024665538,0.176928516798493,0.737799427060636,0.235070873584451,0.178847017691855
"gene_748",15.0313807435663,0.0271523902603115,0.119496991171253,0.227222376012789,0.82025082916468,0.887717347580823,0.269914061421019,0.0220661304229304,0.108131847127281
"gene_749",86.4169628010984,-0.0695721252440847,0.0658049338617908,-1.05724785606815,0.290398484156031,0.427056594347104,0.090495608923967,-0.0652043900493221,0.063788658669194
"gene_750",159.533813042675,0.15882914466472,0.0659470528862271,2.40843430772767,0.0160211092931024,0.0435899294489306,0.0963171715755435,0.150211490435503,0.0636427509865055
"gene_751",63.2879745258464,-0.16205209530551,0.0739962140132691,-2.19000522481394,0.0285238579004694,0.0695703851230961,0.113077937235166,-0.151105189409187,0.0713990359085848
"gene_752",117.299936205978,-0.176225357353639,0.0809567022918783,-2.17678527366744,0.0294965923157375,0.0710761260620181,0.146073349625536,-0.160939432934737,0.0791164241461761
"gene_753",5.62646043679835,-0.250740553147853,0.224708589945129,-1.11584765499655,0.264487351162152,0.400476363278413,1.005271248398,-0.152623614031981,0.181737549846002
"gene_754",98.9847049041966,0.25018205891956,0.069002455583852,3.62569790890323,0.000288182090075109,0.00130399135780592,0.101852878638626,0.237673431901844,0.0682324536289859
"gene_755",23.2230345235384,-0.88792848750525,0.116215111191535,-7.64038753998045,2.16568886356861e-14,2.84959060995869e-13,0.253762310766004,-0.862011993872595,0.115232621879201
"gene_756",241.337956783825,-0.0648991140518737,0.0558755464365632,-1.16149403792507,0.245441046381198,0.377021576622423,0.069570204841149,-0.0619407031730602,0.054191369125821
"gene_757",3664.47599295918,-1.50252618916364,0.0463520224938878,-32.4155475494466,1.65753402209919e-230,5.52511340699731e-228,0.0499148889414001,-1.49936126936173,0.0461699610999317
"gene_758",4824.14807295815,-0.0876827783911536,0.042164170598078,-2.07955657961289,0.0375662231026383,0.0875669536192036,0.0418313396512526,-0.0853183707493565,0.0422299808008585
"gene_759",24.9846945057592,-0.284401545316156,0.10490600512393,-2.71101301570087,0.00670779931250422,0.0208965710669913,0.217434801420065,-0.255198377508111,0.102201678528331
"gene_760",860.31873069408,-0.135663983827969,0.0513181267075368,-2.6435879976898,0.00820324393150121,0.0250863728792086,0.0610735998781359,-0.131621680759301,0.0510054795035897
"gene_761",16.8190784074132,0.154780159877533,0.132145107365469,1.17128937244315,0.241482481775616,0.373811891293524,0.351528415796286,0.122635526221236,0.123017879305598
"gene_762",1722.57023062259,-0.101714183406507,0.045349235772548,-2.24290843437056,0.024902719760346,0.061640395446401,0.0480363124630958,-0.096306280326953,0.0447998497392773
"gene_763",257.195071870982,0.412864719583455,0.0608711449546737,6.78260150833182,1.18030873761342e-11,1.37245202048072e-10,0.0831944345123822,0.402656426988852,0.0603503774603157
"gene_764",55.4224623689781,0.182196573621512,0.0773067422261198,2.35680056324961,0.0184331437072359,0.0483314648811654,0.122486289714109,0.168520381135764,0.0767963997164425
"gene_765",95.753240529159,0.061863045554667,0.0804558911679502,0.768906349263213,0.441948907933708,0.57321518538743,0.142336948253582,0.0557382883144908,0.079862199638104
"gene_766",10.0289466236655,-0.695414217556853,0.183327742946391,-3.79328412808861,0.000148667879624846,0.000718202317028243,0.665213342146684,-0.60010735249008,0.20427668279019
"gene_767",593.709045788326,-0.178742881981928,0.0504706064660844,-3.54152435441886,0.000397822131225128,0.00174540641108616,0.0584757188635963,-0.173425735559856,0.0490479499751213
"gene_768",22.1476747951485,0.0632107357054967,0.118919993998484,0.53154001762145,0.595044618047,0.713482755452038,0.288054708850523,0.0513057664225457,0.109718784370313
"gene_769",22.9406352000571,0.240258337596021,0.135075631300195,1.77869490805538,0.0752897944575083,0.152236713014882,0.385174913925824,0.196571676447528,0.127329611486953
"gene_770",674.631991429462,0.0667339689164016,0.0541269697377028,1.23291529601217,0.217607368025004,0.34540852067461,0.0677589101304269,0.0636770339685369,0.0536919653759241
"gene_771",1794.17403692466,-0.0935802923250758,0.0499346159949351,-1.87405651291216,0.0609226363138473,0.128800499606442,0.0583939710801651,-0.0902029540488443,0.0491701857480699
"gene_772",16.0401603953109,0.0246526020231267,0.127344583844214,0.193589717590858,0.846497150056266,0.910872610765154,0.319883606547882,0.019451110361515,0.114649870653824
"gene_773",375.865685785618,-0.650661070867857,0.0481496152612811,-13.5133181716423,1.30504117024799e-41,2.83704602227823e-40,0.0513295461841243,-0.645230862559976,0.0467929445595109
"gene_774",915.427852737415,0.172314648886758,0.0502724078262539,3.42761877414533,0.00060889987512172,0.00258008421661746,0.05862638200042,0.167635169206891,0.0490820922056758
"gene_775",4998.69355269635,-0.214426696562097,0.0517372661143829,-4.14453087041812,3.40510084912289e-05,0.00019347163915471,0.0630936925505884,-0.208000089830484,0.0519751405774494
"gene_776",762.299051077351,-0.348580352750491,0.0472057053678066,-7.38428437907034,1.53275529144355e-13,1.9650708864661e-12,0.051247597535743,-0.342260970311549,0.0470853043922322
"gene_777",45.2453103202492,-0.114320850701063,0.0865928192550101,-1.32021167210639,0.186764356029142,0.306325261898502,0.154501781310676,-0.103248826755435,0.0815158459914476
"gene_778",94.7077347202636,0.152936861715807,0.0639495051885894,2.39152533338281,0.0167785259955535,0.0452251374543221,0.0857270583008471,0.144491397662564,0.0635766519745233
"gene_779",1097.48023556613,0.134769057013983,0.0417544007099511,3.22766115002254,0.00124806719635061,0.00499226878540246,0.0402841186913887,0.131547405989255,0.0406606158905091
"gene_780",697.975578141382,0.19501877209999,0.0429063090725148,4.54522368191573,5.48769452922771e-06,3.56343800599202e-05,0.0420300516314042,0.190620360464869,0.0427643594516884
"gene_781",80.6011864217334,-0.142381243934411,0.0717327401525725,-1.98488505571614,0.0471572614233068,0.104457009825005,0.108843536627778,-0.132870686650428,0.069427879486915
"gene_782",89.7666138191466,-0.204042436822656,0.0668249627144148,-3.05338646718978,0.00226274324211258,0.00825818701500941,0.0939156436538044,-0.193979175033192,0.0641847012593845
"gene_783",18.3537221846658,-0.16751505563898,0.128007431874166,-1.30863539082365,0.190657886758365,0.31153249470321,0.330940101731808,-0.13558743686194,0.119650308732777
"gene_784",290.255873682355,-0.132382797505687,0.0565915389316533,-2.33926837836251,0.0193215481723403,0.050185839408676,0.0721606395345696,-0.126913874222944,0.0541660363650733
"gene_785",1544.43536133616,-0.0318634839318701,0.0449149264490208,-0.709418593127068,0.478064752946888,0.603617112306676,0.0470437973206137,-0.0312914001912144,0.0442201271231833
"gene_786",1093.53576659572,0.288120110863327,0.0459715474769968,6.26735723889862,3.67227028893639e-10,3.67227028893639e-09,0.0489914078465891,0.282201549909405,0.0463629838040761
"gene_787",1436.07701659884,-0.0532408101511303,0.0562422128507003,-0.946634341939257,0.34382513811785,0.479532968086262,0.0740917732346468,-0.0508563370055072,0.0539184548001029
"gene_788",1512.60562851304,-0.0384057236616065,0.044777705526852,-0.857697445854515,0.391059550769522,0.526325101977823,0.0467384648913198,-0.0376101038759021,0.0430665539956999
"gene_789",4.15254795558369,0.0272429801116869,0.257551079939278,0.105776998171042,0.915759287186795,0.948973354597715,1.32282370952059,0.012582425153543,0.182934698604384
"gene_790",103.259257773635,-1.58905435375384,0.0828598758368684,-19.1776096416354,5.69384793978943e-82,2.27753917591577e-80,0.129548627994583,-1.58145166820297,0.0796796070342776
"gene_791",1801.15087447898,-0.029925817018712,0.0475865305525791,-0.628871587636475,0.52943312835054,0.64961120043011,0.0529835222143392,-0.0289799254102776,0.0466317593646368
"gene_792",14.3662214953406,0.208135449918509,0.136030672240575,1.53006264315459,0.126001223887899,0.225110994577195,0.364291237752089,0.166727518173914,0.127679086429636
"gene_793",122.682919591414,0.109654360047404,0.0630303660202136,1.73970685831395,0.081910504462868,0.162510827223911,0.0855345934745516,0.103628995645287,0.0610443342257408
"gene_794",18.7015048514499,0.334307662094256,0.106519060258631,3.13847738876544,0.00169828037157653,0.00650682134703652,0.210463777682397,0.303376975051464,0.104241638563042
"gene_795",660.357875143444,0.148539044622836,0.0448825690114954,3.30950406570515,0.000934614086625761,0.00384614850463276,0.0460631015696885,0.144735962661564,0.0446288680260741
"gene_796",3677.93675252877,-0.00121795699955368,0.0405355194493011,-0.0300466607089373,0.976029840088245,0.987884453530612,0.0385804512106411,-0.00125213040368877,0.039313431875684
"gene_797",77.2120846468673,0.0150344948724175,0.0639739065706855,0.235009798187104,0.814201128323784,0.885855896016747,0.0835281389950044,0.0140885046539789,0.06070784720632
"gene_798",2419.45749406226,-0.0166942894348628,0.0444609604451452,-0.375481979420121,0.70730204605526,0.809270075578101,0.04632565653259,-0.0131850649178137,0.0439273089779236
"gene_799",240.046188068734,-0.147935506384418,0.0519663507264581,-2.84675572397079,0.00441672393602392,0.0146249136954434,0.0595309643874192,-0.142594248719213,0.0515453069440509
"gene_800",96.853568330045,0.0679739396805956,0.0689368811309803,0.986031548938875,0.324117631523755,0.457793264864061,0.101763322246975,0.0630003293530559,0.0683977401070761
"gene_801",220.657145599156,0.19096087076797,0.0501661084571663,3.80657134150677,0.000140906659392451,0.000684012909672094,0.0547655692851097,0.184778425391672,0.0509896970461734
"gene_802",58.5157391678722,0.105212121313974,0.0855048611697769,1.23048116650429,0.218516975343768,0.346302655061439,0.155240361202596,0.095312894192296,0.0797175032818126
"gene_803",196.016914849789,0.121156097491338,0.0607080811282645,1.99571614255701,0.0459648289747634,0.102600064675811,0.0818692480391025,0.115175087505979,0.0580963166695624
"gene_804",20.5128517855741,-0.180223694324038,0.13104073822344,-1.3753256946457,0.169030493980777,0.283133155746695,0.355206546285053,-0.145666231994568,0.121536055275836
"gene_805",316.663032059772,0.0437162317099427,0.0496148201686007,0.881112368469472,0.378257003436259,0.51327451607087,0.0549669531610077,0.0420092695606718,0.0495869346336558
"gene_806",98.4186571702928,-0.147270828789722,0.0754695021901995,-1.95139525922097,0.0510100449967538,0.11065085682593,0.124140105512918,-0.136136358230563,0.0746836873375407
"gene_807",187.638320676053,-0.685996136818665,0.0623978704882626,-10.9939030202594,4.0885463594189e-28,7.86258915272866e-27,0.0849540771365159,-0.676868540889314,0.0629426648205618
"gene_808",5.02163051032364,0.0698671578670249,0.260492123329943,0.268212170770823,0.788536007190571,0.87098956872507,1.40046107038543,0.0317393861287076,0.185698584641746
"gene_809",4908.42067254751,0.00389100731988576,0.0504300420338944,0.0771565353300833,0.93849901830624,0.965269807321464,0.0599373540062413,0.00526853109810873,0.0494480092980077
"gene_810",3594.83807903191,-0.0997825353058038,0.0452084493002166,-2.20716562612391,0.0273024902814506,0.0670822857038098,0.0480482028604989,-0.0972148164259032,0.0442767454563288
"gene_811",34.153893439807,-0.172877681149336,0.0932458349236779,-1.85399896189291,0.0637393085116657,0.133804151866938,0.175154798524629,-0.155375280902421,0.088380225782332
"gene_812",41.1456775214822,1.56696718814932,0.112612512886,13.9146809532222,5.15896256765112e-44,1.17249149264798e-42,0.226053616815711,1.54914516497424,0.114345039986277
"gene_813",78.4817842001792,-0.122864701945369,0.0737084883025971,-1.66690030924213,0.0955342294056349,0.180592181716665,0.115286306580029,-0.113965457490205,0.0709843003528071
"gene_814",131.174342932575,-0.237676221663794,0.0623170654689258,-3.8139828933747,0.000136744937700584,0.000667048476588214,0.083762422381448,-0.227402520569843,0.0622137760749868
"gene_815",128.625800926657,0.0170194044611436,0.0665630487516466,0.255688475518071,0.798191394643876,0.876170575898876,0.0968011565327594,0.0157957652760689,0.0652848768698558
"gene_816",107.660001730906,-0.00465969370112352,0.0610979642670661,-0.0762659403962377,0.939207522523784,0.965269807321464,0.0787495040645822,-0.00441089710370035,0.060901232870412
"gene_817",14.0148302026091,0.126508667689575,0.161760829543454,0.782072322741087,0.43417207134187,0.566804270681292,0.545106412530928,0.0931587506362353,0.134757298960372
"gene_818",38.0794124496543,-0.220648318785995,0.0913409925859255,-2.41565492709562,0.0157069388946848,0.0432698041175889,0.169720099364418,-0.197082074918817,0.0958552731988308
"gene_819",97.1393241715608,0.746042994539892,0.0739560310579939,10.0876559202436,6.26476397687822e-24,1.08013172015142e-22,0.11491348744757,0.733974817182425,0.074227133156488
"gene_820",1503.91328463968,0.160404563187794,0.0420202202737943,3.81731847531103,0.000134909978407721,0.000661323423567261,0.0410637990998711,0.156923780249563,0.0417674053969695
"gene_821",72.991214627529,0.55122828987141,0.0780748641278686,7.0602529511755,1.66199781288473e-12,2.02682660107894e-11,0.127418734801054,0.53577875735331,0.077452766571915
"gene_822",10.5221170342387,-1.26575464266677,0.287824928316583,-4.39765467873076,1.09426896722018e-05,6.63193313466774e-05,1.71119688344138,-1.16980625711413,0.254150292339418
"gene_823",2580.59632055504,-0.777806302552746,0.0436536811720041,-17.8176566481996,5.15512122983121e-71,1.84111472493972e-69,0.0444951221008726,-0.774029729494272,0.0419925076702291
"gene_824",209.084232882543,0.244390985063566,0.0609023518791894,4.01283329005682,5.99942845540316e-05,0.000327837620513834,0.0826244939170155,0.234311889120219,0.0613216501110783
"gene_825",800.229302077738,-0.145326567360446,0.0435460595623054,-3.3373069531702,0.000845944653803473,0.00351014379171566,0.0435437755474923,-0.142014380175209,0.0426279585352394
"gene_826",11.97789264482,0.422575424009138,0.147157704243749,2.87158206347928,0.00408422722887013,0.0137054604995642,0.41833062597455,0.355790088283237,0.153371054607519
"gene_827",122.227957622962,-0.234051309473668,0.0600509713493808,-3.89754410652146,9.71731282305929e-05,0.000503487711039341,0.0766160777859931,-0.225005406049663,0.0587800761344167
"gene_828",83.9323879563485,0.0824692212111556,0.0673136316162459,1.22514889229735,0.22051912654488,0.347017276951582,0.0948983122008077,0.0772675597679388,0.0641946842718153
"gene_829",827.265608195255,0.210042339975232,0.0500839974015397,4.193801431049,2.7431813531276e-05,0.00015765410075446,0.0580456787025141,0.203857523010344,0.0494329583264385
"gene_830",136.22906338959,0.225703449854134,0.0614846363324897,3.67089184090802,0.000241705613182397,0.00111385075199261,0.0816421567405235,0.215721662052375,0.0619339686275714
"gene_831",187.779043586751,-1.47587007530585,0.0771409428866952,-19.1321238771169,1.36402080363947e-81,5.24623386015182e-80,0.124686700381272,-1.46811983974502,0.0774395576469837
"gene_832",40.4013456189386,-0.0114734842796968,0.0842631497844025,-0.1361625373494,0.891692790151598,0.936950997083928,0.142573030019193,-0.0104136293596889,0.0765543356904897
"gene_833",109.208923191042,-0.0651744278985565,0.0602166726061887,-1.08233193695027,0.27910505981421,0.415171553782947,0.0763393055918738,-0.0617974586694469,0.0577339899269894
"gene_834",15.2326533365694,0.261833559736003,0.129805373360185,2.01712419877616,0.0436825539032599,0.0988293074734388,0.328809118869263,0.223371267880993,0.118192654668929
"gene_835",5.52982572265687,0.295119209588891,0.280824555864429,1.0509024350825,0.293303401902986,0.428880891048525,1.66988854795587,0.13979318173673,0.210181864152253
"gene_836",1195.64020752021,0.0528326178041706,0.0460327669357567,1.14771762205613,0.251085154021068,0.385099929480165,0.0492527791396428,0.051066511617339,0.0457711671855254
"gene_837",97.3470989776247,-0.153403450413435,0.0671730418795469,-2.28370557773033,0.0223888400366741,0.056537474840086,0.0960307059582321,-0.144455282435243,0.0659594973141025
"gene_838",6.74058953500314,0.0840980723723115,0.19006779858225,0.442463547216384,0.658153803053009,0.76711752850849,0.702165831537094,0.0538310319060155,0.152558830885376
"gene_839",5608.95382281071,-0.715687449836404,0.0458409069724683,-15.6124190620015,5.99212575911482e-55,1.66447937753189e-53,0.0494516779625166,-0.710282690687472,0.0476590843858653
"gene_840",77.1626565911067,1.57518859115496,0.0805309087595234,19.5600498667995,3.38745898548617e-85,1.41144124395257e-83,0.114247923126045,1.56700673938534,0.08221721372304
"gene_841",786.770443162397,0.0596426735388623,0.0461382287634545,1.29269534477892,0.196116448473598,0.319407896536804,0.0490344456452067,0.0578548994297642,0.0448892975824492
"gene_842",4833.64149621334,-0.163588790034124,0.0561702631733177,-2.91237357263857,0.0035869337005517,0.0122840195224373,0.0744022764113843,-0.155388316417509,0.0558399089521413
"gene_843",432.301410226622,-0.0208385566554464,0.0524971254352635,-0.396946622937351,0.691406822408886,0.794720485527455,0.062799227352123,-0.0199373437536669,0.0527807958122588
"gene_844",3.81287131144224,-0.255237192318874,0.234985355166237,-1.08618340125201,0.277397859435326,0.415171553782947,1.02766381215138,-0.14682623270937,0.188324732489481
"gene_845",134.078663610917,-0.18670616049989,0.065228887834166,-2.86232322363921,0.00420547786019807,0.0140182595339936,0.092817052386728,-0.176899675299485,0.0651237648687213
"gene_846",13.5050420194501,-0.238745930022993,0.136411994194043,-1.75018282984253,0.0800867706369908,0.159535399675281,0.361931418898561,-0.193533023553972,0.129597945785185
"gene_847",13.2196127277687,-0.147926672523842,0.139909221347506,-1.05730466583345,0.290372564532772,0.427056594347104,0.384996717682288,-0.113809784000688,0.128627461323653
"gene_848",92.1954352227957,0.429233603447453,0.0764307472041191,5.6159807296025,1.95450444410059e-08,1.62875370341716e-07,0.12575654105975,0.413199813151259,0.077227857424028
"gene_849",14.9738820150852,0.0512079323929395,0.154844446040586,0.330705644938131,0.740866837967714,0.835250099174424,0.498562985333166,0.0355898442518911,0.13871031200248
"gene_850",116.831308140694,-0.647911243174422,0.0667170116202991,-9.71133489703983,2.6978044268594e-22,4.42263020796623e-21,0.0941611082289832,-0.637947780495787,0.0653485384389697
"gene_851",120.971662817945,-0.182150981628913,0.0701599283869073,-2.59622530719265,0.00942542371402341,0.0280518562917364,0.107763303293502,-0.171462949728013,0.0679129405780473
"gene_852",2805.36178973509,0.179643415847507,0.0447390446509413,4.01536101740892,5.93548681649866e-05,0.000326125649258168,0.0469635304815947,0.175582916027128,0.0446212967036961
"gene_853",74.8180831467193,-0.0203072249564053,0.0666035380051559,-0.304897090524429,0.760444531753015,0.850609095920599,0.0912258466746965,-0.0189950466234178,0.0638508814623363
"gene_854",82.4402056308063,-0.0383937044411576,0.0721629866953979,-0.532041510466004,0.594697245693074,0.713482755452038,0.110685256421796,-0.0355261437326789,0.0714270571859643
"gene_855",2087.28465599961,0.205011300486828,0.0483853967552626,4.23704907337626,2.26476650743729e-05,0.000131672471362633,0.0548622961254733,0.19940706780821,0.0475096529228033
"gene_856",2288.68220158126,0.00541893601668504,0.050447712593258,0.107416882513108,0.914458261687699,0.948857218915426,0.0597393426846703,0.00517633316456255,0.049339230932591
"gene_857",703.075091933883,-0.208847527250644,0.0578068641986653,-3.61284996419968,0.00030284995557266,0.00135807154965319,0.0775267704182378,-0.201321778189582,0.0589417882644918
"gene_858",42.244390633667,0.13010229752141,0.0968794141162846,1.3429302675721,0.17929455456549,0.297337569760348,0.197463622507678,0.115473075144044,0.0891970872459674
"gene_859",4872.57428229984,-0.175765601934233,0.0440860940289866,-3.98687172918217,6.69501973613528e-05,0.000356118071071026,0.045750796117638,-0.171238729167554,0.0445881318206533
"gene_860",17.1255887796435,-0.223457343426151,0.128601652310946,-1.7375930978387,0.0822825368850147,0.162613709258922,0.329787122449553,-0.185298338764328,0.12100388540332
"gene_861",347.234497419301,-0.237965914612709,0.0518050410489789,-4.59348954839596,4.35894860861581e-06,2.88672093285815e-05,0.0604093642035135,-0.23092032821067,0.0517197014230902
"gene_862",169.104578359151,0.215904776915141,0.0579791525655632,3.72383464334002,0.000196219471130151,0.000921218174319957,0.0732571669769922,0.207820615943235,0.0565234711032118
"gene_863",78.4709468786876,0.0140341918060822,0.0718348517238181,0.195367450051114,0.845105296692355,0.9106738110909,0.108971267662664,0.0129673655210763,0.0685591664990252
"gene_864",1340.3111756927,-0.24542239829896,0.0429767872353401,-5.71058038738519,1.1259153903172e-08,9.96385301165664e-08,0.0428843424823379,-0.240610561346396,0.0422087884763876
"gene_865",30.3160295025336,0.174599518059857,0.0856748849747029,2.03793116397426,0.0415568174511331,0.0946624543305993,0.139354381657683,0.159360353197692,0.0820482132683514
"gene_866",415.924664103872,-0.114503131709818,0.0473664699462231,-2.41738790836255,0.0156323478950339,0.0432418798814264,0.0505697805334598,-0.111006910302108,0.0471846448624714
"gene_867",41.2287065485778,0.160828542724228,0.0999089471024354,1.60975115231004,0.107452193002494,0.199354718000916,0.210859174856925,0.140462549303025,0.0971384434333839
"gene_868",21.7587564795932,-0.0694250927660877,0.133908072709392,-0.51845337895912,0.604141979961357,0.723523329295038,0.376751333237772,-0.0532511692827774,0.122413529399041
"gene_869",78.6011926188096,-1.3854923059836,0.0888379500241463,-15.5957257636744,7.78338132668208e-55,2.10361657477894e-53,0.154449684898729,-1.37440541632332,0.0897639301613824
"gene_870",49.1288630242209,0.0442594136694573,0.0785170785354896,0.563691549596463,0.57296406939299,0.694501902294533,0.124927129058384,0.0402129553355603,0.0759208546818388
"gene_871",1021.03681885739,-0.00207510734310788,0.043553195402824,-0.0476453523998684,0.961998887061691,0.979632267883596,0.0438535442553709,-0.00209090624954124,0.0423962733186808
"gene_872",37.7763373125481,-0.0806709309514691,0.106532664516999,-0.757241277285396,0.448905324861801,0.579232677241034,0.241154655201428,-0.0679461707159679,0.101582844962464
"gene_873",114.171248561943,0.174543795946093,0.0752578751371094,2.31927616383134,0.0203800670159118,0.0522565820920815,0.124780686463131,0.162882029363486,0.0718272951695911
"gene_874",51.6931996393302,-0.0509518781217649,0.0787512243600665,-0.64699791699495,0.517633291602992,0.639053446423447,0.126793872123892,-0.0465004219176283,0.0744999032154035
"gene_875",782.365142069342,0.0359198622777526,0.048234751600602,0.744688447349737,0.456460084688551,0.58547204261194,0.0537077479166273,0.0346368974213437,0.0475033056088631
"gene_876",8.02889552869251,-0.177474591900619,0.195495796383568,-0.90781794383143,0.363974416383028,0.497232809266432,0.775190844573501,-0.112169789067249,0.164445120333557
"gene_877",490.30167728529,0.017020490463023,0.0508596483186793,0.334656078555146,0.737884536996579,0.832826791192528,0.0590780323976753,0.0162089219361719,0.0501219460564968
"gene_878",361.24336826267,0.310568633122718,0.0541318914731603,5.73725810554217,9.62215630930081e-09,8.59121099044715e-08,0.0662839681008203,0.301987869911026,0.0551476305857591
"gene_879",932.82589739793,0.184331493770009,0.0422276841209955,4.36518122191691,1.27017411169586e-05,7.60583300416685e-05,0.0410466114000694,0.179932740038639,0.043336708160616
"gene_880",106.185385191918,0.0830561903212317,0.0664447404737977,1.25000398419774,0.21129809191719,0.338076947067503,0.0947237036139891,0.0775575641916398,0.0657186066011942
"gene_881",312.13145273255,-0.0547476150139402,0.0568957807603587,-0.962243848002255,0.335927128015589,0.471560068854728,0.0732583460767916,-0.0520346578569616,0.0562068885498994
"gene_882",112.394272706655,-0.0792175480632392,0.0597387604227473,-1.3260661503963,0.18481778706311,0.304979846638796,0.0752357511479379,-0.0752245085408367,0.0573975171256969
"gene_883",29.2403638388674,-0.183784175608103,0.0945729318746243,-1.94330631360511,0.0519791591272702,0.112266002434709,0.1758770640454,-0.164226224837642,0.092090066767494
"gene_884",97.8877950287075,0.662006110350824,0.0666587160119424,9.93127605746593,3.04335601908833e-23,5.15823054082768e-22,0.0917304458209761,0.651300005634923,0.0676449402819111
"gene_885",307.650718899626,-0.138724461652854,0.0510980683049089,-2.714867043996,0.00663023829327273,0.0207844460604161,0.0583714260926205,-0.13377914119674,0.0509600560525694
"gene_886",398.971307213476,0.133912517641766,0.0567632273646917,2.35914206888567,0.0183172417356827,0.0482644871870198,0.0735954750265427,0.127794822997126,0.0564051841385581
"gene_887",754.723555143861,-0.0206966023230625,0.0493364527347929,-0.419499197364608,0.674851341177833,0.778375249340061,0.0562026545484098,-0.0198793069459106,0.0490588825559511
"gene_888",209.82634898895,-0.0649606693807037,0.0622420196027389,-1.04367868837349,0.296634073120787,0.431341461550935,0.0867096731559107,-0.0614334825984943,0.0592204203319164
"gene_889",413.964563997022,0.214002437427556,0.0493567860191136,4.33582602693544,1.45213764669795e-05,8.64367646844016e-05,0.0550576900851963,0.208394389612338,0.0471254474483573
"gene_890",20.2087106720153,-0.338751603955129,0.122583049883055,-2.76344571519717,0.00571946052328404,0.0183905483063796,0.301518012922957,-0.300224956474446,0.116181586427696
"gene_891",18.1003309556314,0.00833065622844747,0.118673893270553,0.0701978842933488,0.944036158262485,0.969006554253843,0.276449700378746,0.0066734729234847,0.110166702911688
"gene_892",133.160222260704,0.310076709342526,0.0663450412933399,4.67369833973792,2.9582374603216e-06,2.02619004131617e-05,0.0959403265446665,0.297575478067681,0.0666084229878617
"gene_893",15.4623045581914,-0.0167329180140213,0.127355751417527,-0.131387219091218,0.895468998704107,0.937663872988594,0.317457175084622,-0.0133304334585747,0.112729143465861
"gene_894",16.6823289427293,-0.00594327480308171,0.142463227673577,-0.0417179569783399,0.966723538823852,0.982442620755947,0.4186947262716,-0.00455489729106349,0.12119443508688
"gene_895",101.35033368035,0.000522370675922933,0.0632031926497471,0.00826494127943429,0.993405606033638,0.996036605918029,0.0843514007443558,0.000484116835431115,0.0615222139665342
"gene_896",71.3462078873695,0.37401402213104,0.0802224540393862,4.66221118026898,3.12829936732821e-06,2.12809480770626e-05,0.136626408812607,0.355311003681066,0.0817478349692812
"gene_897",20.7810457618266,-0.0523622616761382,0.120835905051086,-0.433333632532492,0.6647724079207,0.770304064798031,0.295929230866469,-0.0428356944774257,0.107455542701195
"gene_898",4.79659010450144,-0.0935741984155419,0.212000388962012,-0.441386918550933,0.658932910904119,0.76711752850849,0.848463141442552,-0.0502132518588884,0.17302174491928
"gene_899",8.18742460898402,0.0850941143293393,0.182961360680958,0.465093361858646,0.641864599505632,0.756915801303811,0.666711592319846,0.0554657374926469,0.150179288600867
"gene_900",2809.5092741485,-1.49787143486703,0.047053278970256,-31.8335186760074,2.22585137351676e-222,3.7097522891946e-220,0.0511825234380783,-1.49515477563875,0.0465665351758334
"gene_901",499.821324966944,1.59738605653002,0.0518984214655678,30.7790875217624,4.9923431503177e-208,6.24042893789712e-206,0.0563280266705194,1.59376656314123,0.0525466312112327
"gene_902",19.3365252222981,0.102298200228351,0.137316377411869,0.744981786997742,0.45628273026636,0.58547204261194,0.392446533351059,0.078259430563554,0.125154852631867
"gene_903",43.6243048385194,-0.237641319446402,0.0943423371476824,-2.51892550716018,0.0117713557759962,0.034219057488361,0.186252153191926,-0.215204406123072,0.0922088880015743
"gene_904",3078.1423960826,-0.29544079222193,0.0493043829814339,-5.99218110757377,2.07045159803167e-09,1.99081884426122e-08,0.0571387397358806,-0.287120274235949,0.0499243855425831
"gene_905",302.244042823113,-0.116107998780608,0.0531226759330124,-2.18565794627929,0.0288406397641568,0.0701718729054911,0.063309390812217,-0.11156559318369,0.0524436985099688
"gene_906",60.5636857605986,0.104746770409349,0.0872490522709533,1.20054909117014,0.229926158999162,0.359222254785362,0.162967649928109,0.0942047562895954,0.082432235945882
"gene_907",793.134936842536,-0.215366085748398,0.0471851483482535,-4.56427696610961,5.01218729898214e-06,3.27593941109944e-05,0.0513205189232734,-0.209826540801106,0.0468512051627487
"gene_908",930.483661283211,-0.0943903047343995,0.0415158659306287,-2.27359595225888,0.0229902910622092,0.0574757276555229,0.0396505151265885,-0.0919467148491263,0.0406537568566648
"gene_909",128.400649460232,0.0718906382262305,0.0714774091358239,1.00578125446071,0.314520806521028,0.448674474352394,0.112801926202282,0.066576104988419,0.0691658898859487
"gene_910",84.529644427857,0.0186556438544703,0.0674709346436983,0.276498968822462,0.782164851549927,0.868107493396145,0.095537026115523,0.0174074650404118,0.0644173376994112
"gene_911",459.102117415025,-0.138744983181346,0.0520258366192363,-2.66684770870259,0.00765663582606574,0.0234866129633918,0.0617465528429949,-0.133763328025804,0.0507764376423792
"gene_912",331.850232260595,0.204547053720371,0.0523799663136812,3.90506271988466,9.42009503209147e-05,0.000490629949588097,0.0617079499175383,0.198264785120976,0.0505840714704971
"gene_913",514.33915702195,-0.238079556375038,0.0535596323596677,-4.44513051875092,8.78385232500686e-06,5.48990770312929e-05,0.0657722752396437,-0.230652587360341,0.0526883329608123
"gene_914",517.840641178799,-0.125582454162489,0.0463054425312248,-2.71204522185067,0.00668694694414778,0.0208965710669913,0.0487051578143003,-0.122022369137809,0.0448321738097375
"gene_915",318.94204995115,-0.164418084039116,0.0613477912039478,-2.68009786191838,0.007360063937949,0.0227162467220648,0.0857274100513424,-0.156919299975765,0.0588681034211993
"gene_916",1007.85882070836,0.148354130302925,0.0522803663534343,2.83766432124819,0.00454449480931789,0.0149489960832825,0.0636063366870214,0.143017283954463,0.0512852488232226
"gene_917",10.0492103425536,-0.29738439204692,0.204263913648363,-1.45588315985595,0.145424921715599,0.251786730318861,0.879593189305697,-0.190847141442296,0.18577659391338
"gene_918",47.5505319384511,-0.139035929652133,0.0822681213675995,-1.69003409025079,0.0910214329026273,0.175378483434735,0.138316320883486,-0.126769711905117,0.0797800514332935
"gene_919",113.973547949375,0.0401626423302706,0.0699717764332135,0.57398345986835,0.565978994010352,0.687702301349152,0.106770250643469,0.037357690580003,0.0663832193486386
"gene_920",1125.81840460489,0.0976695192886215,0.0496583854636121,1.96682832872587,0.0492030054807821,0.10743014297114,0.0574007909813192,0.094029290722109,0.0490799006090739
"gene_921",4544.50851946171,0.0933639859391749,0.045094512366985,2.07040681977813,0.0384142637443514,0.089246770131643,0.0478654365837407,0.0954341481136287,0.0454384370032459
"gene_922",107.694255322668,-0.0059304241183595,0.0697561475946471,-0.0850165085494857,0.9322482663009,0.962072514242414,0.105552351041941,-0.00569227873128006,0.0686926155273892
"gene_923",34.1479159719668,0.131500974378681,0.0857690564852881,1.53319833244566,0.125226995022484,0.224842155085287,0.143696448946275,0.117752438451525,0.0860210448525887
"gene_924",19.4249589623966,0.0706360158695373,0.111513197353921,0.633431894570762,0.526451642459861,0.646746489508428,0.241536913660443,0.0581067850989665,0.106828634145262
"gene_925",162.569348828129,-0.0623266021342298,0.0559761845557254,-1.11344856082826,0.265515828853588,0.400476363278413,0.0677769919404049,-0.0594857289122299,0.0540600109764469
"gene_926",5024.78411899611,-0.117407435504836,0.0390217587837434,-3.00876841957592,0.0026230897526926,0.00940175538599497,0.0358054339794779,-0.115308986600342,0.0383401454496143
"gene_927",113.266081210214,-0.136466435438299,0.0641606900567608,-2.12694775130336,0.0334244246704961,0.0793024891156671,0.0882009935542926,-0.129189916774697,0.0616986810922126
"gene_928",18.3289314354754,0.110001444309717,0.125978614704739,0.87317553512977,0.382567407534215,0.517980786155976,0.319106594411337,0.0908063539889124,0.108691524480056
"gene_929",90.2957841151905,-0.0839912581526469,0.0668297513312549,-1.2567944138581,0.20882808935908,0.33466039961391,0.0942416528069897,-0.0788221355468378,0.063926250584133
"gene_930",221.463943434066,0.108170789616619,0.0540442794053671,2.00152154505139,0.0453362143192883,0.101423298253441,0.0644034776206342,0.103676066365106,0.0525281996723066
"gene_931",225.690626292057,0.0760137614699329,0.0550474673449009,1.38087663495338,0.167316895164778,0.280733045578487,0.0670964348222521,0.0728345661313169,0.0530488184645666
"gene_932",326.126916610344,0.0298053200798245,0.0601608207618903,0.495427417750674,0.620298444927435,0.7393306852532,0.0824431194300011,0.0284166961520035,0.0595022070023341
"gene_933",2635.60090328928,0.0132609207291334,0.0489431770440181,0.270945237519151,0.786433151340183,0.870911574020136,0.0562619633841206,0.0126844471021466,0.0489638614449053
"gene_934",3439.64491616807,-0.304464545653764,0.0536699462471959,-5.67290573110405,1.40395496128289e-08,1.19996150536999e-07,0.0678063629339066,-0.29651697264641,0.0532333444425274
"gene_935",19.9655312089669,-0.135744369381194,0.114367022575579,-1.18691880162822,0.235259650333432,0.365878149818712,0.257512249917275,-0.115040047344187,0.103928250890503
"gene_936",76.8442128471113,0.0189645926779156,0.076374570710173,0.248310301473021,0.803894329138023,0.880497622276038,0.124600533924032,0.0173319025624586,0.0731037449250578
"gene_937",81.1000999149768,-0.15485248867502,0.0705897750609262,-2.19369573768108,0.0282572904641589,0.0690887297412199,0.105038531502332,-0.144535046897226,0.0715304602348582
"gene_938",6.88959518419511,-0.393025370201165,0.196174781537976,-2.00344492355192,0.045129553661475,0.101280937645449,0.749624806693393,-0.280399294052605,0.192649810946849
"gene_939",203.679163548439,-0.17086292410879,0.0551099126760765,-3.10040273721869,0.0019325767291774,0.00721110719842314,0.0667001316959321,-0.164445589152287,0.0539060013109417
"gene_940",2727.70423235359,1.3914308698098,0.0420881312067859,33.0599347111297,1.11982154701677e-239,5.59910773508386e-237,0.0407761539654603,1.38843635595331,0.042574492199493
"gene_941",10.2967147488414,-0.127380825191333,0.14971230827279,-0.850837360407489,0.39485970486345,0.52930255343626,0.429504084012061,-0.0974403131096676,0.127549807766606
"gene_942",125.623620892494,0.000750257295546596,0.0678684616233296,0.0110545793672255,0.99117990143857,0.99591158057283,0.100766777346053,0.000479044771457135,0.0661781674793568
"gene_943",4624.63442994513,0.105243770830367,0.0452884334930915,2.32385540220598,0.0201332452181225,0.0518898072632022,0.048283569042036,0.105533431572834,0.0454536729770988
"gene_944",79.623294877824,-0.0555204676784578,0.0791633071036239,-0.701340933189945,0.48309027427316,0.608426038127406,0.135282040472549,-0.0505707591851457,0.0753586601224971
"gene_945",1472.19034451322,0.117834911869257,0.0462706410695252,2.54664532726488,0.0108763913405956,0.0318956685068367,0.0499292682586971,0.114303152141588,0.0447214613229909
"gene_946",10.3274754334024,-0.27740917567524,0.149834874321353,-1.85143263163339,0.0641073382133355,0.134115770320786,0.427849768154892,-0.214215914266946,0.148644220483344
"gene_947",12.097089308874,0.153822550500944,0.125902918819416,1.22175523763332,0.221800200586127,0.348145983486595,0.289427820481835,0.125063665304771,0.116824349653347
"gene_948",11.840631346038,-0.165531628413224,0.153036977690748,-1.08164465158038,0.279410455695923,0.415171553782947,0.465895527318633,-0.126925593959545,0.131579943276236
"gene_949",55.8822753567905,1.33372698172659,0.083610046626165,15.9517550287936,2.77001797842667e-57,8.39399387402022e-56,0.124245492020236,1.32350407294633,0.0853623551022104
"gene_950",54.2839375695357,0.207079382490934,0.0855161270821772,2.42152433180165,0.0154555663186108,0.0430517167649325,0.153556540867844,0.189320781354863,0.0845327190242363
"gene_951",386.896030469847,-0.0667787283202022,0.0586528551240736,-1.13854181827874,0.254894307346524,0.389312508342778,0.078692678410875,-0.063284367197563,0.0577451226406586
"gene_952",57.8753197519729,0.266083527393614,0.085352944708386,3.11744988181375,0.00182422960707802,0.00688847477775383,0.153799105809146,0.246974847793203,0.0835473598095784
"gene_953",2173.60538659012,0.264436694802738,0.0506869005309186,5.21706184503101,1.81783577906352e-07,1.39833521466425e-06,0.0602666080089609,0.257307562859254,0.0508606099725748
"gene_954",339.412318981052,-0.188813169015596,0.0575945441073696,-3.27831692987454,0.00104428076484228,0.00424504375952148,0.0753535922514416,-0.181481889171363,0.0567098087679354
"gene_955",4970.03742578617,-0.125218029126176,0.040542547268111,-3.08855850368995,0.00201130088352546,0.00742177447795372,0.0386646101976268,-0.122652350408955,0.0404023386257231
"gene_956",3865.28435562799,-0.0118891265120383,0.0389124157750418,-0.305535554018825,0.7599582954966,0.850609095920599,0.0355442493928134,-0.0113179024546128,0.0382847023277618
"gene_957",134.488524809069,0.0497233611161841,0.0629532061489878,0.789846366180407,0.429617497084002,0.561591499456212,0.0860750813932342,0.0468166938519815,0.0610939459158561
"gene_958",556.308582991871,-0.0320134382558926,0.0549923344470779,-0.582143649251713,0.560469926126035,0.681836893097366,0.0696709980485853,-0.030570046187837,0.0534235064020411
"gene_959",193.641580851326,0.335412261076627,0.0568535130161549,5.89958726000485,3.64412009922116e-09,3.43784915020864e-08,0.0707750073339855,0.326230445243048,0.0568552892191361
"gene_960",170.746980923919,-0.0656047907649121,0.0561370045345817,-1.16865499520015,0.242542661147108,0.37429423016529,0.0685031513186556,-0.0625302776078731,0.0550121671332029
"gene_961",1363.37792045934,0.0457930735001021,0.0495895872453389,0.923441311853354,0.355777271247656,0.489479961788428,0.0574028721313187,0.0441999773678319,0.048191156067833
"gene_962",470.472555810642,-0.670912282461612,0.0474078233618755,-14.1519317885652,1.81696546949382e-45,4.43162309632639e-44,0.0503266577034946,-0.665399159497785,0.047587294211981
"gene_963",217.149781773101,-0.0162721568822952,0.066090739298135,-0.246209333638886,0.805520190717369,0.881313118946793,0.0985683642832282,-0.0152212821286794,0.0632954685782169
"gene_964",985.723507530139,-0.0350393616525331,0.0419018969440492,-0.836223756154059,0.403029036285595,0.536964453317281,0.0404794767795529,-0.0340555635761966,0.0410394813322909
"gene_965",23.9319667235284,0.228639713977425,0.106980307613114,2.13721309163068,0.0325806637061165,0.0779441715457332,0.226687545616495,0.200951780438793,0.103068689695293
"gene_966",21.332835873634,0.364337881903161,0.123097221019742,2.95975716498694,0.00307881619665209,0.010727582566732,0.306780525562181,0.318090046189382,0.127106271945798
"gene_967",10.1828197110324,0.176136047394936,0.17072951160694,1.03166725973212,0.302228019960227,0.436745693584143,0.587128317255954,0.123081007931654,0.149990184930989
"gene_968",140.191489313357,-0.0942495051233138,0.0653485653720352,-1.44225821311827,0.149229543772439,0.255968342662846,0.0936287280117389,-0.0886860982130778,0.063406174436537
"gene_969",2127.18543110901,0.189758956395712,0.0458088805711956,4.1424054469262,3.43682074256698e-05,0.000194170663421863,0.0491340185980036,0.185781823063734,0.0454315637305294
"gene_970",42.8074424263291,0.228134764442002,0.0918408152206688,2.48402373055874,0.0129907150742979,0.0368008925617504,0.174824653068138,0.207260329091112,0.0896635557257279
"gene_971",43.2188121497007,0.157810795296846,0.0815891424477574,1.93421318771544,0.0530869216080569,0.114411468982881,0.133394122285192,0.14451419793674,0.0793023645988387
"gene_972",75.8516420461395,0.0403948991432692,0.0789966136487649,0.511349756368965,0.609106170089141,0.727725412292881,0.134054206423599,0.0364917282808449,0.0781369762398656
"gene_973",2179.13381928402,0.237985989001382,0.0508079763353153,4.68402810280724,2.812914160719e-06,1.93994080049586e-05,0.0605625412874299,0.231200554404691,0.0506235667993195
"gene_974",627.929902400699,0.114933095875813,0.0481582097677571,2.38657326404112,0.0170062184874084,0.0457156410951838,0.0531975563281199,0.11133786866036,0.0462263828471175
"gene_975",5.40102282936791,-0.446058256376886,0.216587756811145,-2.05948047546302,0.0394482335068603,0.0913153553399544,0.899095697952324,-0.311812535691864,0.212865662924717
"gene_976",21.924566303796,0.853704022627315,0.116624948079996,7.32008062324485,2.47822018962741e-13,3.09777523703426e-12,0.254343713485979,0.824759361022271,0.120134248293054
"gene_977",16.4932624165902,0.0826797576672738,0.132596023196114,0.623546284981621,0.532925596385792,0.653095093610039,0.353441540796406,0.0630903919879666,0.124134803032951
"gene_978",1077.33250416118,-0.0119306272769835,0.0509897232344014,-0.233981016569515,0.814999716223902,0.885855896016747,0.0605338917875315,-0.0115378327840002,0.049482484821982
"gene_979",518.12203238465,-0.168370191342016,0.045702142023399,-3.68407658564039,0.000229533226167993,0.00106265382485182,0.0473790778034753,-0.163583796998652,0.046617075549293
"gene_980",122.729227280374,-0.0617328105588246,0.0614955068333521,-1.0038588790904,0.315446639488745,0.449354187305905,0.0810610777230813,-0.0582336195873809,0.0603448620347122
"gene_981",11.8295670216604,0.08099949820043,0.162612834744003,0.498112577201825,0.618404696200598,0.737953098091406,0.538350659676995,0.0576645792980398,0.136632844221934
"gene_982",73.4810801624724,0.514836488910829,0.0712343665732375,7.22736108534797,4.92469456360418e-13,6.0798698316101e-12,0.103762929471926,0.501944062501541,0.0700991461744342
"gene_983",8.27944910086207,0.188650652715549,0.186912789349128,1.00929772313854,0.312831871755521,0.448674474352394,0.699921768277971,0.129122545685404,0.155009028420757
"gene_984",86.4704410514797,0.286589948861215,0.0705063718459758,4.0647382833325,4.80863897736603e-05,0.000267146609853668,0.105104892269703,0.273153800225553,0.0692608954102025
"gene_985",4.59715963931337,0.312654174998466,0.188873464825192,1.65536315695715,0.0978508547852472,0.183930178167758,0.611393372685315,0.218578147644411,0.176170743377229
"gene_986",47.6190729635049,-0.671568628622569,0.089329241079595,-7.51790366185,5.56614912171886e-14,7.22876509314138e-13,0.161234033538993,-0.652959151845792,0.0889075402597365
"gene_987",1506.67046215964,0.0565908755955277,0.0436223496077684,1.29729086361386,0.194531126799813,0.317342784339009,0.0443197503650697,0.05485947551975,0.0430965549424173
"gene_988",30.0997273655034,0.00179856577477143,0.0924564497030329,0.0194531131202676,0.984479640266387,0.993195815079444,0.168199785586595,0.00160126462486286,0.081713525890949
"gene_989",46.7061771084009,-0.154984781313383,0.083621726942436,-1.85340325989766,0.0638245804405292,0.133804151866938,0.14313975878932,-0.140725986535015,0.0827936452355043
"gene_990",4411.53502778894,0.0204739138000017,0.045815959594641,0.446872966999834,0.654966783468941,0.766043021601101,0.0494108801576303,0.0201155407733732,0.0465584473636677
"gene_991",182.977846584185,-0.0987028537637154,0.0551189849109636,-1.79072335826131,0.0733376994282495,0.149388243258149,0.0662041352921202,-0.094508997701856,0.0534008513001762
"gene_992",3.74952997634076,0.188092258800288,0.244622708610844,0.768907595980851,0.441948167771644,0.57321518538743,1.13805779570059,0.0961427980568625,0.187094270836617
"gene_993",417.836303355288,-0.74533106619014,0.0473030577862298,-15.7565092209982,6.19622812556712e-56,1.8224200369315e-54,0.0495585200501363,-0.740013626326687,0.0477528299780551
"gene_994",9.09226873851161,-0.127734936559667,0.152323175895882,-0.838578475063953,0.401705893737265,0.536964453317281,0.435864424050638,-0.0943715725869223,0.134281863649817
"gene_995",144.312464805632,0.0111426907270009,0.0700925652647652,0.158971078956961,0.873691659685371,0.931092374221759,0.109072162976432,0.0103142136758967,0.0688454107864727
"gene_996",801.469728397804,0.0856870405741558,0.0492459648168153,1.73998094854865,0.0818623632981985,0.162510827223911,0.0560655602020194,0.0826328626060218,0.0478870354196574
"gene_997",21.0713390678602,-0.00735131103027377,0.120851904804819,-0.0608290869899521,0.951495325139611,0.972899105459725,0.296828220402626,-0.00600188650729404,0.107246312531317
"gene_998",79.8791206584058,0.000478155744946287,0.0711679146552696,0.00671869826820734,0.994639294714317,0.996036605918029,0.106942741906501,0.000260975335893915,0.0699972215811892
"gene_999",632.325989054918,-0.694156266887456,0.0503827488675644,-13.777657680253,3.47360652288334e-43,7.71912560640742e-42,0.0578808202112077,-0.688353232376452,0.0504075559980462
