"","sample_0","sample_1","sample_2","sample_3","sample_4","sample_5","sample_6","sample_7","sample_8","sample_9","sample_10","sample_11","sample_12","sample_13","sample_14","sample_15","sample_16","sample_17","sample_18","sample_19","sample_20","sample_21","sample_22","sample_23","sample_24","sample_25","sample_26","sample_27","sample_28","sample_29"
"gene_0",0.00810966474688507,0.0555172585060446,0.00112971734275296,0.00797622465464303,0.0332912210697389,0.000122035898005348,0.0111999249311808,0.0476422146202879,0.00723859306095486,0.0306360321309204,0.0318392465483544,0.00516197757365182,0.0709701407396195,0.0301586795178591,0.0518929619129849,0.019218325253289,0.0427590691501882,0.0032262703873083,0.0155188208485595,0.0824557147764301,0.0215776869715764,0.00374087462899481,0.000192880795867503,0.0033137594464457,0.00598614428745726,0.0229523062582808,0.0230101844748935,0.000614984531550592,0.0226148216826028,0.00167423530488414
"gene_1",9.8976782780833e-06,0.0368456975975301,0.000187351848217748,0.00804064201820642,0.0021104693028545,0.00341345519968096,0.0233570614590531,0.00940997783649549,0.0885609188243438,0.0473902389046537,0.0397430572127372,6.55607899348326e-05,0.0629781083325643,0.0150349378818372,0.218935874520405,0.0218663921060086,0.0935030309658416,0.0309871806616826,0.0170030202977396,0.000759095099888123,0.109395970625399,0.0642190644017987,0.00105334387580549,0.0102663157873269,0.00286979628738026,0.00310692586207869,0.00847201724903979,0.027542269498453,0.0223419437059981,0.00109554341249211
"gene_2",0.0169196913548573,0.00730616902389177,0.00296055046052539,0.260554467210828,0.0266925311660781,0.00605883907165955,0.00352674219270306,0.0081092296990656,0.018520202104941,0.0109207983280831,0.00011912563345045,0.00164213712108465,0.0491890560840147,3.40372326959213e-05,0.0102183587529181,9.72432912000112e-05,0.0107877871081731,0.0183483178707686,9.52604625612021e-05,0.045365645858116,0.0222267984117494,0.00185191610080059,0.0043656841529522,0.102395952126464,0.0629200929077451,0.00738307878668959,0.00095766667866891,0.147310427554255,0.108382102189579,0.0620743495710611
"gene_3",0.0112081931928269,0.00112558113397058,0.000222425756654785,0.000339331427920299,0.0165654985573866,0.0142266304016764,0.00536945036579402,0.109018134526963,0.0124229521264329,0.0272172820994543,1.21157244788561e-05,0.0433336772425935,0.00901174609330199,0.0118444640327291,0.00203878594046283,0.00266707380281315,0.000544369511305316,0.0397859312328782,0.0456508101538467,0.00484200711102116,0.106037251415941,1.96742790338565e-05,0.0141831247854456,0.00337704268949606,0.00655900881323161,0.00219112072570629,0.0258849966721368,0.00741368273562884,0.00194586847741154,3.25016918993203e-07
"gene_4",0.00877905334357759,0.00537000957710836,0.00500256513105834,0.0714078814467317,0.059501296745352,0.0033935411048068,0.0024565969828384,0.030862104848643,0.0213270982466928,6.25169172050329e-05,0.0328209303391696,0.0456342717027674,0.0837840600134011,0.0205728990412663,0.011871533618083,0.0119269609044143,0.014097496732048,0.118255394631215,0.00865542204258214,0.0129039268019095,0.0434336896854312,0.0171173107776729,0.0112931318073873,0.0211806459907159,0.0298143699201751,0.00340759931796264,0.00349435742516173,0.0139384259363624,0.0711897068767003,0.0263497454076689
"gene_5",0.000229928726063138,9.62189378432459e-05,0.000111237397478362,0.0202895853363608,0.0227581274383397,0.116903143216121,0.00368687065715295,0.0260612381647244,0.0445484691665091,0.00608445106321043,0.0603616258568535,0.0274430240930857,3.2137271934957e-05,0.00669542327275717,0.00177577222498822,5.62095652819369e-06,0.0437574165554057,4.3236583868124e-05,0.0764093755078169,0.0230789744122093,0.00389208346803238,0.000808162841482703,0.0393449109069733,0.0169801969716745,0.000752202979582721,0.000196531259944534,0.00168327770331234,0.0523843413533113,0.00817550058322893,0.00323351048862786
"gene_6",0.000507650912828601,0.00263031341405584,0.00179964195117278,0.000407584599464959,0.000275138764704804,5.39977782592195e-05,0.0105167588537382,0.000107937861875722,0.000869153221995447,0.00582463022889727,0.0353954990830504,0.0125876488843799,0.0105281403692119,0.0156337639870825,0.001261207688764,0.00188855634680508,0.00902475794797241,0.00119634411962996,0.00612297027355312,0.00446261657668881,0.00932109629046841,0.000322737250112532,0.0137100419263982,0.0135254738794561,0.0132083285752198,0.00652086548168596,0.0485559868272424,0.00197952331983878,0.0141519701343876,0.0027970211979015
"gene_7",0.0234367714787612,0.000785563150553927,0.00956338852285574,0.0151555206932191,0.0758683872035398,0.0229503977080268,0.0382345836261955,0.0208840667235311,0.0212639308300486,0.0122130097255823,0.0394797114745039,0.0124991726166796,0.0717107373124903,0.0217790659546453,0.0157435383905143,0.103057865073737,0.0188277735182844,0.00216526199285582,0.00647193378333402,0.00091678776593621,0.000541875504153141,0.000899455320742711,0.00878732324914586,0.00697376980516862,0.0305834255264034,0.291165658305102,0.00244617482002758,0.00369645787940958,0.00973504755448507,0.00296803129666385
"gene_8",0.0335469927193817,0.0236115793655969,0.00469637339369093,0.0993128611796805,0.254048050519653,0.0191124287666939,0.0305897870620307,0.0294825648146684,0.00986304447696183,0.000534437333094437,0.0134860118456994,0.00114280495633715,0.0258266931856484,0.0315147337258467,5.32030253553561e-05,0.00302390544387243,0.0580096720854234,0.000984081418719736,0.0322091770192448,0.00866289096880559,0.0808754724526624,0.084500819028168,0.222432219002919,1.67700445050855e-05,0.00114630297190658,0.0209028907904911,4.48001678047268e-05,0.00202123738529778,0.0118859344731257,0.00141449809155818
"gene_9",0.0193677752287958,0.0206312351982145,0.10052578039312,0.0853536999537748,0.0453656012611842,0.013603729950065,0.0159312245635646,0.0324698245842722,0.00938164257306067,0.0770742949625037,0.0543249249189019,0.00480748597641302,0.00316990911243085,0.00368932652965006,5.46402913917223e-05,0.00120402836039965,0.067030312629567,0.00522802195822823,0.0412752146892858,0.0363022514947423,0.010460150422183,0.0338592623213123,0.000511201476186357,9.86808999690043e-06,0.196516162257656,0.00141738690777773,0.000573799954669726,0.00709571020272938,0.000538122438647427,0.00247370069769797
"gene_10",0.0422891410394819,0.000389328579517175,0.0319510512882535,0.0233261115027976,0.0153887595266465,0.0505718290530257,0.00173191281024763,0.149477105444339,0.00630045672079961,0.0289639888894379,5.74961823989452e-06,0.0736794541328041,0.000147878702849633,0.00244718802135964,0.00183631104099128,0.0844779841602549,0.000460340585877935,0.0021417257137683,0.00536615757969189,0.0495174723162298,0.00400777565699996,0.102591858446817,0.10596640692706,0.0596261559952628,0.00333799230952373,0.0235185183821733,0.00960209228057323,0.0810518289204116,0.0103861989386012,0.000378299166972804
"gene_11",0.0335075582764973,0.146650847002717,0.0485517112007282,0.0524522048296906,0.0755122820603644,0.0125780285576275,7.96259478292052e-05,0.00133983455792926,0.0183535729709513,0.017400764581672,0.000119063097334372,0.0025767825349197,2.98002470016128e-05,0.0253119830493935,0.027900933781652,0.000578903699252324,0.0278655168884129,0.0352386326979705,0.00292204848002756,0.0086542417725191,0.0392417690633763,0.022284304075822,0.00487216826327358,0.0323677076988448,0.0205223048330073,0.00703786999671811,0.00060669056463664,0.0072661140784285,0.00213801394744315,0.00450008678706898
"gene_12",0.0471783316763933,0.0101307725714295,0.0152841283248291,0.00338152335495722,0.0119918575158392,0.020541927362694,0.0259703161341167,0.0965997476884508,0.0785740378236063,0.0696439368456526,0.000168385872693459,0.00381342860969216,0.0829553437059753,0.0094359057641567,0.000849485400476021,0.00862470216738574,0.00537612940583404,0.00651183907411504,0.000436677583402845,0.00433730624164545,0.179464152001791,0.00296632000000117,0.0295453257165768,0.0568350021476594,0.0039120505003385,0.00159031846305118,0.000693289400306154,0.00084288573579598,0.0913607277286012,0.0334885230346943
"gene_13",0.000220660807491791,0.00384260798512399,0.00168686441312623,0.0312680756234339,0.0290378437962936,0.00540582878438355,4.60751189072566e-06,0.000842443947490855,0.000592947934884827,0.000280469472822043,0.00687853693803396,0.0332911303159616,0.00283393912147096,0.000170024491711637,0.0681270429978462,0.0243331036919917,0.0074906795766542,0.000129169660158767,0.0124368361561231,0.0254177253511417,0.0378154285829412,3.80767206388497e-05,0.00089655347001721,0.0749411981786171,0.024989491363021,0.00193360631523989,2.1793798293118e-05,0.000904520382396489,0.00890524565341403,0.0099585870669933
"gene_14",0.000137118694457607,0.0447449117598107,0.00326597567751437,0.0421665598592664,0.0208043959676065,0.0120875772067576,0.00415703793985712,0.0966721623401078,0.00390644888549008,0.017551392905714,2.15959167779143e-05,0.00452057040482297,0.00232484444587828,0.0140915034910073,0.00793911657986155,0.000501320674994377,0.00819865377667426,0.155699673726798,0.0389667670270242,0.0583022855586437,0.00243546512132371,0.00383942437332142,0.0119704407446457,0.00531941245545873,0.0169097254934807,0.00647592861827619,0.0404595073734774,0.0501679778911936,0.0506792617086928,0.0158623817866263
"gene_15",0.0304517932687683,0.00101714749464242,0.00323054048531445,0.000885234510124896,0.0193429027577918,0.00471735310281056,0.00586909564727047,0.0332260310689202,0.0157636425181384,0.0592803473619717,0.0402482703627156,0.0794325143841777,0.00996040057958022,0.0463455867397372,0.00336934053119568,0.0275847558384712,0.00530518611955511,0.00358216077268513,0.00849562623086028,0.0400652248284446,0.00371739081974927,0.0153657257744944,0.0079155646801452,0.00223555798319967,0.00666020867509296,0.0450057778518981,0.0219334006657085,0.00499679554881602,0.0227078989203225,0.00566934558091633
"gene_16",0.0755193714938275,0.582745750301793,0.0169117162039213,0.00435231722692082,0.0349277270730381,0.00414923494302236,0.000440859025071095,0.0792306787001204,0.00105224846426894,0.027716813291012,0.0016537707555559,0.0173774389960809,0.0087172241001269,0.246717891849375,0.000754373656698375,0.00558609266067165,0.0306607962353314,0.00701539958875919,0.00104737320094248,0.00356680287638133,0.0139228633768393,0.012426456025325,0.114313551645757,0.220377952549751,0.0673577162722542,0.0149018454064791,0.0263642116743974,0.0266817159079574,0.0438828665239977,0.0114833236467439
"gene_17",0.0756276020081103,0.00448890755808028,0.0742251612156359,0.00353239698317472,0.000816966154920694,0.0219456132974844,0.000764826329020108,0.0151952886366358,0.128924737423993,0.00749995111661225,0.00070260691178391,0.0151685833967784,0.0538729751399688,0.0170439005093611,0.00668613911241223,0.0394874007599328,0.0053922405319197,0.00542129511319474,0.0469676640017666,0.0743588080274637,0.00135752527263636,0.00119863891360112,0.0124875863326471,0.0340337387356329,0.0779230429079405,0.000217535479798214,0.000316923731496467,0.0183302321237638,0.00832363408016612,0.0889166862126851
"gene_18",0.0216210417024196,0.000994816066876015,0.0194024151886681,0.0368878940954621,0.00288487006234352,0.00897926210413988,0.0232787725545748,0.0132572689536052,0.000856325052070105,0.0531720791305703,0.00556058172858256,0.120591476155414,0.000441474626026989,0.0261125307186236,0.0506263798455736,0.00364115217161686,0.0138092816716914,0.00629641904817069,0.0166438610742502,0.000899017652444023,0.0107538554550092,0.0516536910466272,0.00348618579126915,0.000299702489271762,0.00377188539265012,0.0266078279536621,0.0518636783802651,0.0093900680812328,0.000503793726087294,0.0286241985807368
"gene_19",0.029927461391387,0.00734404636600561,0.00194779337329136,0.124922813704604,0.115140435572715,0.0666044242566636,0.04644821137575,0.00276563024432411,0.501267445434501,1.59419957469246e-07,0.0500834683084974,0.000514785142029504,0.0665049467271768,0.0155056054738266,0.0260381265274381,0.0259653216709962,0.0144350188532422,0.0323946880009822,1.12482598037454,0.0229650446849769,0.00552947246078679,0.0238901658121437,0.0498399370043671,0.0663041453562902,0.00703559901369681,0.00809662427815602,0.000928201466529837,0.0397235973451019,0.0451054125370088,0.0351179356807875
"gene_20",0.000419113268396509,0.00423318657306707,0.00423913544274982,0.0124388751496013,0.010174812178161,0.0010079172928431,0.0371817367621147,0.152163856920292,0.122827495350074,0.00588932575415839,0.103544064136112,0.0452791871992557,6.81959959817922e-05,0.00029109682662357,0.00273447226228838,0.00945157249296523,0.0399242614995684,0.000497056745207991,0.0976810226210159,0.00349717440935437,0.131097319163661,5.8774672417917e-06,0.00157056791421665,0.00249097177868011,0.0159961161924658,0.0795677664631823,0.00478339141683953,0.0868249462004721,0.0184844051533064,0.0232668075359537
"gene_21",0.00415560766568335,0.0453485802741793,0.00615406356546926,0.00378729331669846,0.00686158014880313,0.0245283247134406,0.00239883868829072,0.00697108890189403,4.81552574596925e-05,0.0479426709023605,0.00348753340152473,0.0450443434904886,0.00388919771646386,0.0027848172144722,0.00972899697854405,0.0629815673703589,0.0549132224947097,0.0650713600282403,0.000592956039643191,0.0801667064556668,0.0196931093328778,0.000817329820300394,0.0144926842335395,0.000380988517179996,0.00733915822893056,0.101321722104604,0.28114420631684,0.0055881301160965,0.0133274749178243,0.0104818707038292
"gene_22",0.0199394614247183,0.0239282170598416,0.00772468022699186,0.139533936013128,0.0223488419797398,0.124488624508832,0.0253743095745277,0.0192765469272407,0.00588085247765397,0.0237179607489718,0.0103072689040813,0.00218467212989231,0.0011103769835005,0.0200173211519819,0.00829785678637798,0.00664543742580464,0.0233324757482605,0.122118201698498,0.0244583220323972,0.0230358822419288,0.0140956711590581,0.00441145396888358,0.125609902132738,0.0220392448054173,0.00248565609058012,0.073720003796725,0.00148527374606063,4.4735831396167e-05,0.0216387262322256,0.00428166225439462
"gene_23",0.0195624036693763,0.00151297216080504,0.0633373166481538,0.0248927661519244,0.0277121821899927,0.396101898625512,0.0212961984517024,0.000225110018580446,0.000288793381388329,0.0262022645438575,0.0215007548883218,0.0308357880600034,0.0138999482308759,0.0140956700481595,0.0298978045436332,3.77507585168149e-05,0.149443825269753,0.0176455259759207,0.000174133230681488,3.86681323890721e-05,0.00342652816363457,9.50086157560041e-07,0.0382438083106226,0.0617642370877801,0.0670837233368717,9.73819802326724e-05,0.00719706930162092,0.0136295853140462,0.000501230900764651,0.0350012644942969
"gene_24",8.55257756349041e-05,0.0267451050997261,0.00709680036385132,0.058877948019825,0.129282602366338,0.0517160532055836,0.00108516912315516,0.0171683952529393,0.0301445971060031,0.0253962916549922,0.0158973906808476,0.0223791603868269,0.0423487863462694,0.0041049502115156,0.0102876675873123,0.00259291461050539,0.00567342453248054,0.0184746837315339,0.0479739192577561,0.000817855874201161,0.00640233691408068,0.0205710301110778,0.00788388717249578,0.0459462070104934,0.0442193011964405,2.34703688880687e-05,9.99597857827092e-05,0.0667301995003364,0.0431266355793954,0.0146166787403995
"gene_25",0.00577043967722854,0.000743747300617856,0.000632098459949357,0.00241017008507154,0.0166555942530733,0.00907344371237585,0.000771750086003038,0.023444821266395,0.0221374702518341,0.0214936215274829,0.000249826325484393,0.00494348379980029,0.00465473584488873,0.049344807976416,0.0295387703549778,0.0109060392291492,0.022296105907096,0.000630322188508865,0.000150940845163171,0.036250498545451,0.312063447023042,0.0257131492541839,0.0263002131131763,0.00408208428638313,0.00509634355695785,0.0439234330623992,0.0423111670338822,0.059723546221607,0.0165088658734081,0.0357248933824038
"gene_26",0.0063001995908603,0.0638370425022584,0.00673006711485794,0.0149463688905097,0.00961373914823248,0.0439653556481327,0.00249706668139683,0.00514104616571847,0.0100435497914188,0.017081099829221,0.0353363087765909,0.0158412630623809,0.025277528544029,0.00750080394763451,0.0367969701336399,0.000450972558128075,0.00528040024850869,1.63924178642035e-06,0.000376815897283477,0.000162526938342024,0.0189051412506511,0.00090727866973763,0.000360806297109291,0.00110357614099024,0.00257277590634326,0.0764747281756307,0.00927654371689475,0.0119363850108976,0.0163280618449684,0.0269931251316762
"gene_27",0.00121223017135981,0.00399032190836487,0.0815537822064702,0.0112472904183958,0.102589803081558,0.00619763504400918,0.0190996543447226,0.0649650520483207,0.0056616069432175,0.00903244238058826,0.000835551799027306,0.000299379079338362,0.00263858380241678,0.00118894543102139,0.0173945137630586,0.0110883440678123,0.0120957792418208,0.0512300155717699,0.0115004432014744,0.00926685967587764,0.000293265507474189,0.0290630195760592,0.00320376563576451,0.0243415151992109,0.099084910641712,0.0756549144917486,0.0266894844257797,0.0595520819793646,9.1602324651273e-05,0.0124536630237529
"gene_28",1.79166400316403e-05,0.0318425132777706,0.0052226728437571,0.00469132519214454,0.0367846805918079,0.000453984617722223,0.00827776551228978,7.89399596753711e-05,0.00536244285941616,0.051647466418614,0.0231680788631026,5.65247095695138e-05,0.0898894610374112,0.00168039668902897,0.0443624863689604,0.0223564234928419,0.0593214632100033,0.000422594552753904,0.0212908265412529,0.00712056368021453,0.013244941068954,0.000103160355782281,0.00581731329364208,0.0608115406130984,0.0321303820438504,0.0333894658075699,0.0251687857393528,0.0455133036706784,0.00862898271592566,0.000269750025449553
"gene_29",0.0119329084872374,0.00380590078000114,0.000618879277634094,0.00193328938736647,0.00765122514335775,0.148701474557159,0.0735080515555804,0.00227154693907612,9.5927714838004e-05,0.0102719693808593,0.0358373467505882,0.0372391900654497,0.0325893379230356,0.0341021252467592,0.0195850319099043,0.0162776150070214,0.00281910167673593,0.0495889024659095,0.00185693445572607,0.0105836275472187,0.0213463716840118,0.00430071013751417,0.00758242470227447,0.034176170580016,0.00227324180989039,0.00497213181472583,0.00989152346799475,0.00181240456315534,0.00990957147147407,0.0107713523054026
"gene_30",0.00031397037885805,0.0300371872517544,0.0154363474509541,0.07606922084984,0.0598032918973988,0.0679487066694325,0.631134734141504,0.00984448347322511,0.0529830578253364,0.0014269814910348,0.0123448062274087,0.0522973028349271,0.0678296914789165,0.00396228163545232,0.460416132519012,1.28556560331993,0.0565555535488587,0.00356674851701477,0.366035078159653,0.00562965406743897,0.0310235137276246,0.011023065875643,0.039225343862596,0.0505107812543309,0.00188043129780994,0.0414851590224864,0.00275152214079179,0.0187876309119161,0.0487472027112665,6.78294805887032e-05
"gene_31",0.0261399669612946,0.0320435299304245,0.000891881757695785,9.07811113193922e-06,0.0517396523242522,0.000783874637337612,0.00194138740307386,0.000723710084662841,0.0116967968559456,0.0390998148099538,0.000452711771312663,0.0244437103617812,0.000781893034472382,0.000117770039055046,0.098059015501626,0.00742109842132007,0.0398746716282289,0.00466846892698619,0.0364494741993464,0.0117528755693871,0.00955552556559473,9.13008534227456e-05,0.000436734275370622,8.84344135409048e-05,0.0742832893150647,0.0184341758605743,0.011966095806851,0.0351072274436867,0.0181308079595368,0.0160424864259586
"gene_32",0.0213130850685161,0.017150386407975,0.00535361520442553,0.00740294145993228,0.000926065021731543,0.0218901085355102,0.0148135930465966,0.0109458078516566,0.0225527566171103,0.000144349290637157,0.0141792673379626,0.0112096356826146,0.00496915703502255,0.00726975383010461,0.00652276861859914,0.00375985143846029,0.066277323933917,0.00461376016699447,0.0100406942906721,0.0118300283588726,0.0024849913676455,0.000663076083307195,0.0413066082310197,0.0661362328447013,0.00293637109286734,0.00125392837934685,0.0104030593636078,0.0345660141152867,0.018739557970377,0.0735098486328542
"gene_33",0.0129902364083007,0.0168258105304881,0.0139010572253163,0.000807861381229201,0.0564050354258934,0.00581311661979962,0.00818920356186479,0.00576922000847857,0.0968505509904346,0.223703756007295,0.0653962860118303,0.000285682349528545,0.0416391662390294,0.0199740909148467,0.000170423908454054,0.00210770540961041,0.0357482753622602,0.000309513072614691,0.0329157323117182,0.00538345067376652,0.00813481838283673,0.017951332009638,0.0113897082195669,0.02552792373662,0.00422467931238364,0.00285710494057439,0.0094013594472704,0.000752522376591764,0.0243668165084625,0.0221605400786112
"gene_34",0.00355331824735995,0.0190633583875136,0.0195849153529811,0.0432708557593565,0.00403723256801807,1.55100485856097e-05,0.0694102887637306,0.0358473560137028,0.0401984252606298,0.00197130380965884,0.00531838989120587,0.00526947568609337,0.0358219537645885,0.0266410599114344,0.0177979016615389,0.0441578340503393,0.00101701335171073,0.0250513049098805,0.0110277056796357,0.0419744848707812,0.0304326118053298,0.251874597549802,0.974408356955936,0.0402584521501675,0.00670781516840225,0.0163369083082066,0.0435784094796312,0.0400539230246358,0.039567744040722,0.0417672402670184
"gene_35",0.0061264467678038,0.0960732433814013,0.0241977728774316,0.000483620996417731,0.00827447969781208,0.00853587340854948,6.21430918437448e-05,0.0773172445847156,0.000851822351511504,0.0072535985267896,0.0268814254458487,0.0432790749746364,0.00763635594301261,0.0201918699455271,0.296124629456511,0.00192144794270136,0.0020583379123109,0.00256115980098204,0.152294913509721,0.0951034482584376,0.00907156621106881,1.10249137999926e-06,0.024344727164507,0.000748736636985044,0.0252636059307967,0.0142649386280093,0.0789172254168275,0.00205971399476908,0.323663013141001,0.0463155544490844
"gene_36",0.00290828036044494,0.00384815406188248,0.0344998954876711,0.102306659182094,0.0207240491913635,0.000869498920648196,0.0111583934223833,0.0237238218387001,0.103695023279269,0.0111774272405516,0.0426201059924416,0.00170409013264214,0.0698603653972227,5.03453350071831e-06,0.00353610993705395,0.0047698574205333,0.0144193321275832,0.0357006953309019,0.205064083819993,0.0450151458142241,0.0159195147779429,0.000830553281350764,0.0217515506432433,0.00772131916221677,0.000232400163539404,0.0020305913838911,0.0158343261771219,0.0917440261013425,0.012795912260546,0.0408388417596401
"gene_37",0.040770228119022,0.0307567823103284,0.0166019433725571,0.00607621580728268,0.010046164831919,0.0392421722946725,2.269711382083e-08,0.000355088579494875,0.0243869702686019,0.0339375886499298,0.0487730344239284,0.0328888240948189,1.94130603674077e-05,0.0363327277594939,0.00140763334905487,0.00140077455862992,0.00197088657414446,0.00139034351233123,0.000791566418260336,0.0518123252936716,0.0363325147584289,0.00308112963851837,0.107314800041145,0.0211610351090696,0.00174098010164844,0.024348555263924,0.044129202775292,0.0113437749903484,0.000423372559677504,0.00049879105956001
"gene_38",0.0202279956645977,0.0583763276930263,0.026234818072926,0.00271672653064589,0.0641109870521903,0.00514939390336408,0.0402030187052099,8.64874177863255e-06,1.17016697851849e-08,0.015310828324869,0.0566530230207751,0.00400578946507171,0.0402715280849362,0.376440535318374,0.00011034392223152,0.0223117222592939,0.0532071404695252,0.274701820435234,0.0900518676858987,0.0808864062721698,0.00800264363826671,0.717750717959763,0.267572548144429,0.0748778675444043,0.0414895839894742,0.00243715708039634,0.000614163631751633,0.02108998980121,9.68098881721325e-05,0.0112986391915048
"gene_39",0.0159446515796502,0.0152724987023047,0.000141954413046157,0.0446725940734093,0.00210591527949499,0.0159588184672283,0.0266113944002713,0.134514714531708,0.0164454101654307,0.00456059392728368,0.0161498731010563,0.0128797570707003,0.011713896605877,0.00893630456331959,0.00657814517000773,0.0135040227274635,0.00259642343194802,0.0127732320401232,0.014383901621037,0.0825693800067313,0.0142806915099427,0.0143108657492804,0.000412852330188573,0.0644210981303119,0.00170899661418456,0.0155487665915383,0.00323376534820601,0.0338329514577864,0.0122541528775712,0.00221535605824305
"gene_40",0.0138612143601136,0.00642392855153367,0.00472893233850532,0.0222531909270665,0.11324313273009,6.62189051381825e-06,0.0309105532103506,0.0180992846157698,0.00501869369389094,0.000211307054957822,0.00257211454652692,0.00571213298154011,0.0252529219597277,0.0188473898883772,0.00744209192044052,0.00476769169270058,0.000676444068967987,5.06916668703771e-05,0.0241294551344106,0.00652236570256175,0.0200766768582384,0.0124490742623581,0.014687093125398,0.0380797396733987,0.000267245883715152,3.28039064210491e-05,0.000244068296414116,0.00925041709299352,0.000156321102889862,0.0299127864130228
"gene_41",0.0127854077293187,0.00202450200488322,0.0015150956836238,0.00159871580395328,0.0103682400942847,0.00789683548468651,0.0567360648377588,0.00977374831803215,0.030363775039034,0.0285134137125422,0.0477901417283168,0.0155278665512242,0.000110271483871459,0.00942016686534913,0.00253499585556963,0.00826258866191291,0.000539828285599972,0.182041566106666,0.0194839405429996,0.0231398533355374,0.0236313838512408,0.0534484396992408,0.00227708292286974,0.0128580025932162,0.0622608506846954,0.019734382733315,0.0198616559718849,0.0163011679060465,0.0377228083354606,0.00322153765587971
"gene_42",0.00353776787950087,0.0139156732823487,0.0237538969051568,0.00440122405028996,0.0306695407407469,0.0873240071225505,0.00492162285007399,0.00789053245472106,0.00279373157772112,0.00208748497851081,0.00198559118680739,0.00632673731420294,0.0503780442783993,0.0275855440293439,0.00428740361803578,0.00498892335027024,0.025309356577713,0.0255902760656185,0.0210525015009301,0.0180135076335169,0.00113652747457378,0.0271296196333552,0.000259860797652757,0.0143207723260397,0.000698821424687671,0.00197284943078129,0.155628344032106,0.140164815568494,0.0438620268143757,0.60131807545588
"gene_43",0.0238820317696748,0.0567126613714393,0.010678118822582,0.237156774110407,0.00610129305067559,0.00290684854904951,0.00828570715637693,0.0169107583076056,0.00314996443152875,0.0179954676288328,0.0161840343954146,0.0161992419333789,0.0347860021431828,0.00627842383374879,0.0125532472748163,0.00500368580877854,0.00115714188305613,0.0360824451401412,0.0972778637833019,0.0720874833547802,0.0108417953726562,2.23810454558197e-06,0.0195125742149653,0.0233212668811559,0.00109913890630665,0.000196143964340723,0.0181737278141691,0.0680549955497146,0.0606882237977215,0.000150126114242781
"gene_44",0.00103896166418157,0.00758000126500926,0.0146375349218597,0.000143974157288897,0.00529030953072476,0.0290972504792153,0.0170425850841293,0.00328194424186423,0.000193938415755445,0.00100703274841346,0.00413772441063012,0.0102358099413309,0.00532423288801815,0.00460254711886065,0.000366031909584103,0.00291097785766615,2.96251528117215e-06,0.00110260809430981,0.00348412424523533,0.0287545656690478,0.0104304091122972,0.0492423430326874,0.0277424568113354,0.0122570148283446,0.0229391935566086,0.0284459592706963,0.0150351606180357,0.000778224259531234,0.00636582848352148,0.00604543937521814
"gene_45",0.11663086200147,0.0138144257382774,0.000519984272467903,0.0435327999589608,4.51783833978203e-05,0.0413642473652879,0.0134423811767116,0.0436882084982665,0.0022323788876576,0.0409905032868582,0.00186229750167418,0.028161198312976,0.00067430584407367,0.000707077193170692,0.00456394229298273,0.0266603356965927,0.0266400024198578,0.00020943006225075,0.00294167207010594,0.000596689450347708,1.75202340793713e-05,0.0566507288049876,0.0623478903743119,0.0062791981550031,0.0169195307154413,0.00830420184173374,0.00934330521479169,0.0206997969727834,0.00994194517515065,0.0240240497994121
"gene_46",0.00449805412919782,0.0090051683068752,0.00387841739783796,0.00299107733586641,0.00813530149310175,0.0433615684263899,0.0111229592815017,0.00193364220921099,0.00736388118908692,8.81199550587783e-07,0.00748313620570455,0.0233409930673365,0.0103625599012376,0.0141907639314641,0.0118755128825966,0.00768153586379018,0.000573530381816187,0.00922683238697353,0.0091446583129078,0.0106241688220614,0.01317994016842,0.00414076100343455,0.000185316435725111,0.000672916887899839,0.0268674391251671,0.00150092182857085,6.93577187975141e-06,0.00492915196107789,3.55700739324853e-05,0.0420873753680318
"gene_47",0.0203531155074103,0.116349209498308,0.00233910947279809,0.0396314628048895,0.0180453574318618,0.00395935095955156,0.00644972679556065,0.0611894278372083,0.0022329814746203,0.0019902860564601,0.055123965489936,0.0220405945000175,0.000361783220521241,0.0264169130988008,0.289667389696199,0.0299458090401929,0.0462773180099363,0.000382107932406458,0.0074706488983972,0.0163507680668017,0.0171585050909809,0.00679535004283252,0.0507246807564223,0.0269043426909546,0.0520826829590835,0.0371257616922767,0.0185050457104602,0.050201311232176,0.0837137877516995,0.0110246540250153
"gene_48",0.0644741750330445,0.0962837586340279,0.000192548036856004,0.050918715573033,0.116911804572069,0.0226968135414452,0.00452551576109913,0.00974627796292735,0.00331206990434225,0.0146804654485079,0.0201652445054913,0.0123856808792079,0.00147825715235644,0.0167294054845781,0.00300810571025402,0.00663393392320104,0.0149654514759612,0.000965508148806711,0.00884049010309415,0.0432274823211882,0.0201735386535259,0.0561020868114454,0.0207765694447373,0.0352335750875839,0.0355625648838302,0.0335584512270077,0.000822722386624592,0.0305652869039109,0.0742148767881451,7.88189020981841e-05
"gene_49",0.00434307427368582,0.0288217519636104,0.0048238660645586,0.023897431351716,0.0214503422347903,0.0164957229646002,2.02564363163804e-05,0.0402015182762355,0.0305755134641839,0.0427519259489805,0.0279197881204373,0.00608408523789575,0.0140501885342823,0.0506493668936741,0.101817015737172,0.120032811305264,0.0500755811431472,0.00957296139640339,2.94647219133724e-06,0.0107367225176422,0.00524654424210667,0.0180055114106663,0.0099701428946757,0.0197889000330564,0.000488033999894613,0.0294215403516333,0.00950010033103372,0.0227629897928651,0.00296749117687553,0.00513026849944671
"gene_50",0.000460641348234596,0.000787774317184315,0.0207842977021161,0.00515555153454681,0.0178929980072038,0.0053713043107067,0.0129573244710071,0.0810919865207446,0.0187114087619024,0.0142162650339504,0.0243595223947398,0.000773951343180858,0.0514098237452959,0.015970990321092,0.000967199186273086,0.0186220731603782,0.0183396223294762,0.0190376043518402,0.00913031245422059,0.000124487939442948,0.0165241060347367,0.00104194150495814,0.000310336713569688,0.0484513876631726,0.000190715568360137,0.0190956392131074,0.000357898569655189,0.000174357155461439,0.175374731936819,0.000226953161007679
"gene_51",0.0395448289609015,0.00334737295206786,0.00257996744249787,0.0290892080805682,0.0270919775094751,0.039915718942718,0.00246348355187009,0.00196739110316599,0.0181204106296438,0.0307676400074249,0.00402423490661727,0.0153328175710594,0.0375639208885927,0.108731124666911,0.0555024207572822,0.00610153658009808,0.00439683259322036,0.0397401167995474,0.00128233052784627,0.000149827364842107,0.00151134938408465,0.000265621217236485,0.0422319774654807,0.00895293464047968,0.0257487956337633,0.0261820275378582,0.00222238025199177,0.066640002554485,0.0324300159868694,0.103137722873035
"gene_52",0.000389679842028587,0.0190778739955899,0.0148474114796867,0.000437665726725758,0.000850892440965881,0.0350637740367039,0.00423016619646047,0.0149186649559755,0.0032332483583661,0.00545037347290753,0.0069331293332727,0.00119531611957286,0.000150062661186234,0.0202435899691915,0.0878465731265888,0.0295265822064761,0.0465520006999368,0.00310264871031856,0.0525887688260114,0.0134403757240889,0.00951098568120043,0.0238269838493854,0.00443447699695361,0.0908737846571181,0.0389797352503221,0.000305225216295948,9.12209539184093e-07,0.0682930546287567,0.00534116912487787,0.00791343754195805
"gene_53",0.0207452734298087,0.0407069018669779,0.0149376076242983,0.0302685584781639,0.00178551839932947,0.0290790932052523,0.0064068329789186,0.00232266186060012,0.0770613556306791,0.191457081726076,0.00587520176267166,0.00702900004202903,0.0108709389493328,0.00810772579115154,0.0161936100294394,5.28045075729897e-05,0.0076146800997496,0.00233944968071562,0.157706843207224,0.0575589595849118,0.00349004543702416,0.000172492315152574,0.0360986674105839,0.00233667271192675,0.0189713073220698,0.00616488259978496,0.0298614846865625,0.0413613058590081,0.0025621185657172,0.0177844441713246
"gene_54",0.0154184734041605,0.0233446491660827,0.070613806878562,0.00120116869576064,5.57106147396158e-05,0.0539522986779734,0.000984112565979106,0.0200633175080384,0.00013997934149702,0.0327849591102094,0.00167194506244575,0.0214880027798214,0.0125992578812292,0.00664650960201925,0.0805119550129983,0.0106071183640759,0.00271178081645895,0.00950946546227266,0.0218563704689034,0.0795722709431226,0.00305840497160861,0.411436544775763,0.0571856644345036,0.0305391421025302,0.358181396273286,0.0034548353200551,0.00583126543959763,0.0634937351305558,0.0224975661081208,0.000245337606551202
"gene_55",0.00937652301481098,0.0043733339520368,0.0882567066126995,1.91924990715378e-05,0.0199708616641185,0.00629511294162933,8.5079125927245e-06,0.00820001314854354,0.000293731613416045,0.00701468878825067,0.0394587636567279,0.00434653907143506,0.0773687655629451,0.000674739324434476,0.000382154997472261,0.0176511118951517,0.0161960423454476,0.00117618404585694,0.0489657580020214,0.176627551538228,0.110794824257401,0.0230574974908238,0.108304583939093,0.0127654140129456,0.0311662374002579,0.00303604336022757,0.0094627399545424,0.0133027111509707,0.0719733621321416,0.0150962792174624
"gene_56",0.0106563918084011,0.00175576096619415,0.0137784394317968,0.00436383928713827,0.035463609843232,0.0326252861100861,0.0490462734103521,0.00450660317083154,0.0336561344504728,4.00097330513145e-05,0.0229969831098051,0.0234078142311126,0.158031238510857,0.0326704010703056,0.0607205080892242,0.00107156807469946,0.0703269383706407,0.000167336212746844,0.244491076843746,0.0365451678823622,0.0119790746258617,3.88723329787389e-06,0.0311367721182731,0.0578362456042033,0.0285936035581227,0.0330965681827177,0.00243659190326235,0.00202992577295433,0.0120220291641996,0.0318725211974368
"gene_57",0.00616596351896185,0.00502237711853174,0.000118063215420725,0.000357829910353274,0.00923629123204894,0.0203062988008822,0.0202836538753544,0.00963765102591939,0.0381415483262606,0.00287056737324978,0.000190675581605464,0.0850502243697197,0.00858739495935907,0.000335844699274195,0.0108383943878952,0.0180141439255215,0.0119131640843084,5.58507576796189e-05,0.0474241693314959,0.00208849930634033,0.000858815123003828,0.0400626148664207,0.0272268091346725,0.0118863489867907,0.0103441091756601,5.97795716895314e-06,0.0378747613162817,0.0722808433016176,0.00085060271338142,0.00981555168943028
"gene_58",0.0027128048342535,0.0762853248111591,0.000105570455585625,0.0276986700740659,0.0424863713253094,0.0135626590172957,0.0426195776379234,0.0014683361268006,0.00291720714037955,0.0378452181460049,0.00949312750023469,0.0380235548458514,0.0199572689895658,0.00850658291882006,0.0337794885117233,0.0299851507012871,0.0915012516836372,0.00640691073600159,0.0297472060232289,0.00350700714781187,0.00444165660088098,0.0139663471000137,0.0136486358743927,0.0116074348786456,0.00308765266415816,0.0203434105981978,0.0640361304019873,0.0232452254977422,0.00631188361924012,0.0520849935296884
"gene_59",0.00114000687052342,0.0019674684035093,0.0053827523734859,4.61464839567327e-06,0.0282990004669543,0.000334395761564624,0.0854126625831245,7.75687454061251e-05,0.0534434454296068,0.169399155948946,0.0643967249539641,0.0282657254065619,0.0214543749721678,0.0486190492016252,0.0317210790649697,0.114909332867066,0.0148884187608428,0.00708265639288207,0.0135573186526305,0.00523061307659553,0.0208022184206699,0.00407937549112276,0.270542642279255,0.0369114976139268,0.0425736789562239,0.0188535098790107,0.0187536906317832,0.000311349369570727,0.0141416031843749,0.0454726449089385
"gene_60",0.0413325051342237,7.69491772716754e-06,4.20791174672382e-05,0.0304384438751462,0.056410349342772,0.00906900462955868,0.0638277567675822,0.00695889870524525,0.0184496517449098,0.000157266325766023,0.0352091780468086,0.123338997501999,0.0320654631407687,0.0351666129613425,0.0973868838085843,0.0164054670431909,0.051991269008551,0.0379545892303138,0.0104811400650207,0.0183723557375186,0.00644855425595611,0.0176745314859844,0.0185762443224168,0.00126519456372453,0.00632922466733016,0.00390890883562188,0.0288139780454547,0.000587063851062497,0.00125671289647037,0.0217088122050818
"gene_61",0.00144016754026738,0.0503516163588401,0.0247328924027047,0.0243305099513347,0.0257229138217047,0.00131659621779163,0.0684596545355478,0.0273288857495363,0.00294491927872775,0.0239623698713814,0.0311308836247414,0.0109941524354633,0.00261095378184293,0.00513295906920155,0.0146227249579267,0.00450533105078334,0.0683723325455944,0.00525454612832215,0.148987269630797,0.0402929496510124,0.00345371281908934,0.0669655015992228,0.011320062508247,0.0116064607731023,0.0510576666711325,0.00381334996604451,0.000137732329137924,0.070289690906149,0.00355364330727225,0.022153810231545
"gene_62",0.00011060309313438,0.00676298388006469,0.0212158617642332,0.0319196994875776,0.185065062864068,0.0189370632306446,0.0587223939938248,0.0192851028907351,0.0032127929661333,0.00555364596027875,0.00295141527539023,0.00928379451123448,0.00272688725318153,0.000908104040114894,0.0017073727153678,0.00384090803653653,7.05396345675671e-05,0.0159629003415491,0.042831422160202,1.44010465960268e-05,0.0202278568942043,0.0203216592925892,0.0235697835645658,0.000124275264171896,0.0867297266296417,0.0243638185550335,0.0496668162687644,0.0151763241496539,0.0146695061709177,0.0170992380838719
"gene_63",0.00124858595368856,0.0161142340574628,0.00688328745033903,0.0373883998918564,0.000685532832631571,0.00432703181647831,1.92528850152825e-05,0.0615466818601957,0.0166241710862676,0.00899647687091796,0.0259058061215692,0.0066288332000482,0.00703955022878994,0.0232919183434428,0.000203368157520087,0.0762458393805979,0.523510630632734,0.0173841225988469,0.102418746084978,0.0424395050304668,0.020201671061818,0.0623483123264159,0.00109315422184963,0.0172036390263137,0.00718171390666616,0.00196218415059929,0.00104025207152401,0.0078099733817477,0.29017131338805,0.00252996745928952
"gene_64",1.7351461448441e-06,0.0127338359060413,0.0022535589046921,0.00452914404839317,0.159077319811002,0.0146273954865773,0.000391246822793351,0.0878118701925076,0.0110754103462262,0.00855380049465223,0.0672684394115425,0.0260190358655118,0.054726932084056,0.00251099288077062,0.0343222965017579,0.0380156438239618,0.00176797542730024,0.0015701109416488,0.000202450032667656,0.00831944221560115,0.000325673170738138,0.0246781340737885,0.00337119147904449,0.000871777407628495,0.0177013475483939,0.0156081108269479,0.139532324269563,0.000973650717663332,0.00787341925749139,0.0278628833319846
"gene_65",0.00229349534817707,0.0101754610234799,0.0144427543550885,0.000161035255889199,0.00340954408363341,0.00699856142403812,0.000781399316928965,0.00805944559782671,0.0004224702520573,0.00914231318384004,0.00603760470098693,0.00750516132590446,0.00522970992590566,0.00126138539855057,0.00700183287351033,0.000171137615709231,0.00764518366218125,0.00172547273665687,0.0153162858719496,0.0025636580303208,2.05736605828279e-05,0.00148570460039198,0.0043968287896769,0.0247968834964166,0.0562283935943316,0.0293211265592195,0.038865780781776,0.00510051956070274,0.00851702642899036,0.000684851820432499
"gene_66",0.0109749212263704,0.0651642254942702,0.00569821048145165,0.0205020219294701,0.00476838756168388,0.045177618621743,0.122696549771168,0.0429508620332532,0.0178726560861462,0.0105736406300609,0.0413470761265173,0.000678932162348354,0.00659744209754855,0.000907575014819655,0.00681767320197705,0.000301815222850752,0.0239110506392836,0.00520779891034589,0.014601807227635,0.000145990073611145,0.0104748246156328,0.00130906275907885,0.145996739848839,0.00687715511711291,0.0103420184590683,0.00160808075916918,0.0208184026892865,0.00783741018529772,0.0029649542511052,0.0117706374974401
"gene_67",0.0210984173287885,0.201113736878131,3.06014857729374e-05,0.0323377197868506,0.00213240155301064,0.00825503113987072,0.00687261447111355,0.177086463728326,0.00614053848311811,0.0570379437960188,0.0133158220710926,0.00927785408597755,0.00116717119243862,0.0586816251622714,0.00046748776964951,0.0579011626715613,0.0289895170359023,0.00773956078799775,0.0202125815353281,0.00779579129524558,0.0162757243601171,0.00618788953467049,0.00659077743380703,0.0452014404140257,0.055950770285197,0.0101867488251443,0.0275662832714958,0.00703355704062527,0.00155645973972696,0.0904157369561612
"gene_68",0.02515020203003,0.00635974896621164,0.00771274347480662,0.00144004313248961,0.104814153538606,0.00209418838023003,0.0360420651760099,0.0219452195823639,0.00181890094611841,0.0321704735889236,0.0136864345624431,0.0356226221628745,0.0427410887588823,0.00412983549460804,0.0413158241930777,0.0065159209576875,0.0308403996943229,0.00112440351685,0.000833114615932286,0.0247592286293433,0.0483407021417677,0.0395575591592196,0.00191824401541279,0.269221311920481,0.00964361708529829,0.00270413021202333,0.00452106094496302,0.0273872436602854,0.0194016965378571,0.0347271946616604
"gene_69",0.0322760084487636,0.0052836424160528,0.179432260715792,0.0266519673317087,0.0149488006901915,0.0224857202876757,0.0224379811774418,0.0774969243844471,0.0249353736582479,0.000684700288946266,0.0234156088044863,0.0247858887106287,0.0224509014856328,0.0623761983339075,0.0290503570115025,0.000502296124388067,0.000112478153297288,0.00161696920222303,0.00833562112316978,0.00469058177983765,0.00416471975448321,0.0237215116807969,0.0100455055694733,0.013647625047473,0.222105846476398,0.025010391520943,0.00304251815238836,0.000178465407720895,0.00114983652918853,0.0149499863831905
"gene_70",6.43481461686033e-05,0.00241315337279282,0.00457360996044543,0.0152801423917835,0.00673570826721363,0.00229133912569189,0.125976291505059,0.0123445687329259,0.0089463391639293,0.146825227556176,0.0496809824937958,0.0995429069188573,0.0348717130044457,0.0192786560998266,0.0316360818537066,0.000321666778761438,0.0883323265542689,0.170423538687608,0.0235641605907715,4.23094952066916e-05,0.0657713891966263,0.00355138104205943,0.00349782049638207,0.0110136538758278,0.0568242005247868,0.0416877089634004,0.00754939301178103,0.0182327666958774,0.00617290811368639,0.000106656430030178
"gene_71",0.0188328260596313,0.0216487394464922,0.00731691995521198,0.019003118629008,0.0373155333481356,0.0212832876651497,0.0484854348005236,0.00273235928789347,0.00143371123627641,0.0231490706335574,0.00391904659341248,0.0128424285722989,0.00993183471528601,0.00765573472025117,0.0554738652797945,0.0893142262230886,0.038970244897745,0.00411871868915312,0.0208779136392905,0.477466734640161,5.99902165344378e-08,0.0262750628504036,0.0833150743433138,0.0149128266219857,0.00577071491803198,0.0930351029817594,0.0210524883501475,0.0687636928394762,5.66704668808943e-06,0.0344818102366272
"gene_72",0.00462394993518261,0.0190165650700916,0.00155437761355729,0.027826618464105,0.000112411896301549,0.0174534087671065,0.00966217685895004,0.0011597742571032,0.0119143131610392,0.0369692666880195,0.033777967894474,0.0855519703960442,0.0190962076040946,0.018573172115938,0.0633191043552406,0.0144968209953765,0.08237372495231,0.0075201518875395,0.00970464047340893,0.000159663664777612,0.000404463219149507,0.0649628956479393,0.000235884890488216,0.0429127902714887,0.0252449548097566,0.0480224983617474,0.00808063523852962,0.000517383817995312,0.00237785571028747,0.0473796239949058
"gene_73",0.0207422240696467,0.0452370651807637,0.279075303473999,0.0032862907964092,0.00447093711134116,0.00754091407582641,0.0132707204809645,0.0023827462966623,0.00470225628275508,0.000784489821046721,0.0204865325894257,0.00798092578048165,0.00745608369675228,0.0344606287952854,0.00237519063066178,0.00999969116400402,0.123760060816278,0.0256295880056934,0.000202688628490212,0.00251756740754373,0.00869648063616021,0.00813435897409311,0.00110409007129556,0.0108786411690646,0.000347631212847859,0.000953705843695651,0.0205786933786588,0.10558009290823,0.0346584255330665,0.00153360084448794
"gene_74",0.022333556490007,0.0153860771829222,0.0267800878351953,0.0113859190725826,0.0439332486458604,0.00390845497066052,0.0499788066418444,0.041730750855413,0.0336818905629398,0.0463253775272736,0.00168614502397233,0.10435867089313,0.000101382111151148,0.00137438425592485,0.0147452434170581,0.909634149527042,0.0415393986053427,0.0192355530257864,0.0261670562350894,0.089859487686021,0.0343290471825984,0.0440675199446047,0.0472102234852675,0.0183275149822191,0.0612962387953096,0.000140549788920121,0.024478822221138,0.0381810566193758,0.0171540082819783,0.0078535925360248
"gene_75",0.000573617682241598,0.0111187504567889,0.0205167685086389,0.0129590477145839,0.00217207153244805,0.0278999642052928,0.017003786226578,0.0384902761753116,0.055758463052386,0.0474719599385197,0.00719165811030177,0.071819188081563,0.00455743043905622,0.00108728955483939,0.0460944952722262,0.0690810716159514,0.00844594477295381,0.0243991672976588,0.0395423612706148,0.00377440215870257,0.00218158347046612,0.0496042033682468,0.0218233893967398,0.0147951729645788,0.0448281169338008,5.06279072556826e-05,0.00597475276860672,0.0221257859330857,0.00743946481249051,0.00129388590265651
"gene_76",0.0901184283690257,1.55495040088516e-05,0.435096556469995,0.0171122782701767,0.000904077418752015,0.0956446425795332,0.00170603693008667,0.0100975810205588,0.0160164395204583,0.00829392454576744,0.0161120559024991,0.00993022446935333,0.00274463983883019,0.00216859878362568,0.0986219645246372,0.0114663966363237,0.0215479068260635,0.0149639062809759,0.00071984666114657,0.0479996479253189,0.0710278546854902,0.00824477597335365,0.00503075756984258,0.0159933070421959,0.0242710211248713,0.00722060023044953,0.0764579362916441,0.00308662443024413,0.0043250071983943,0.0960910655163583
"gene_77",0.0178137139077096,0.0272796290745234,1.6502058364804e-05,0.00795947580457228,0.0304765813366845,0.00776446463398948,0.000173023613813811,0.00170169136310073,0.0119267421710964,0.202610830418651,0.00327746799156758,8.38328139613642e-06,0.0347472897677249,0.0721927058865735,0.247374826873343,0.0107116715230074,0.0252351182265754,0.0361367489147011,0.0429686097277342,0.0213028945622572,0.00686662006283035,0.0383618976786376,0.00276474264976462,0.0244328791017357,2.77386202334671e-05,0.0452901017229011,0.0022819046922336,0.00167512558802995,0.000729649853462994,0.0368160009386769
"gene_78",0.0619092439715138,0.00471965414304707,0.0169948084110511,0.000338339752289678,0.0531287517273366,0.0169655500556314,0.0227014716041282,0.0266348290369228,0.0133148864363405,3.32727134998227e-05,0.000178478000036343,0.0443634572379166,0.00126263336654305,0.0177960910497548,0.000211959582398279,0.0194778094512515,0.00436513682223763,0.0627954697488538,0.042883876806789,0.00683887350330172,0.0444152341622252,0.0485902832057383,0.0216170162231494,0.0052784163073997,0.000162724019141516,0.0255793551681858,0.0309880023064888,0.00419078833185953,0.0196856694052914,0.0119743633903433
"gene_79",0.000730007646808048,0.0188465842785715,0.000791698353679596,3.39361517687571e-06,0.00166543763127114,0.0133569974779339,0.0106875871601997,0.00494203108058937,0.00978484725211416,0.0176463187729864,0.00106400842536177,9.10689775707996e-06,0.0178817892746948,2.41314148569482e-05,0.00213815916599564,0.0423166573918901,0.0079457582014744,0.0281458191769618,0.00171944167432044,0.0303762623911174,0.0336984814614001,0.0539658187383935,0.0548162913364766,0.00785470471926383,0.0525393869619063,0.0185448711258971,0.0056860187321929,0.0957220263198125,0.00519173385145618,0.014714444819297
"gene_80",0.0620063867997155,5.78747181627773e-06,0.0124998988572337,0.000130878554544106,3.75930306920958e-05,0.0597494692747173,0.0351823668603466,0.0150162609687623,0.0269381639511937,2.27388463393569e-06,0.000218917382401465,0.0743469824553332,0.00652436855012021,0.026789289804891,0.00250666338032106,0.0784878399839248,0.00606380381250461,3.05450156335081e-05,0.000268939200464091,0.032916550569954,0.00193814743466106,0.0134795625663519,0.0568265835123787,0.0374694875621827,0.0143985738533435,0.0457077980161218,0.00888679418287026,0.000930052612307956,0.0853595245649707,1.04989064660906e-07
"gene_81",0.00659646270134847,4.55062901241593e-07,0.0167690671416198,0.0022571943838395,0.0379654602765448,0.0301355319180488,0.0361220086909951,0.0129309815192488,0.0587135606200122,0.0309979459015929,0.000653512693009444,1.26654891612919e-06,0.011781447769302,0.0209957546759965,0.0331169055081762,0.0447903685614072,0.00452791155931125,0.00483245707675437,0.0632853246477579,0.0010451272414295,0.110078629729916,0.00759226851448904,0.00017052053443547,0.00421484281193699,0.0297603219226838,0.00689599551805658,0.0027685832014193,0.015273207449577,0.0200479409614866,0.00408488568302032
"gene_82",0.0293632641356418,0.0014358165539892,0.00221693599477042,0.06528299737804,0.00794954291492981,0.00123698301086174,0.0648398672128598,8.09762165404741e-09,0.00337416898042299,0.000270559137478852,0.0195220735630631,0.00714285251432288,0.0789034935999336,0.00369777190091074,0.0255603654360221,0.0183832835111203,0.00177605204333574,0.000580647086130886,0.0195217886215152,0.000281658663852689,0.00253154000521907,1.63904562221286e-07,0.00922448012732636,0.150706708615299,0.0694677498200221,0.03825939931762,0.0548923345817957,0.0418922040167112,0.0942934387328566,0.00688062559065672
"gene_83",0.00239277429712092,0.398671522570633,0.0198926125028662,0.00721722624670421,0.02928432232044,0.00128203596850574,0.0864069154647996,0.00232060324121237,0.00317164259894569,0.0185669208722667,0.0385360802444995,0.000273976472318569,0.0786813490859004,0.0073870733447213,0.00147919262559243,0.0723118126516392,0.00140211623581215,0.0512932023856819,0.00960262229129019,0.0123463067356088,0.0582873448403999,0.0108991223806422,0.0558298333279017,0.000205431894200956,0.029974512283885,0.000446318459232234,0.0234556627111727,0.391410192887183,0.0120125786966845,0.00474134983286965
"gene_84",0.000220485535418395,0.033321983197124,0.0369967998084797,0.00547411874366666,0.010358349405288,0.0721780141083713,0.0324525007132485,0.0160669687410925,0.00984317980956631,0.0171733690601916,0.0822263707676713,0.123930045588011,0.000355867677802617,0.010802059458099,0.00700484966946602,0.00275659861230781,0.0626718909779303,0.000526862260366751,0.000150425352848709,0.00129420698908007,0.0297260512916616,0.0077216711287198,0.0149254471635963,0.000514026954386215,0.0201907281838815,0.0333246829952,0.0345751096014695,0.0452182427264636,0.0448535365410956,0.0240123141105297
"gene_85",0.0436437716673742,0.00792842109721791,0.0170994986697949,0.0201885002854023,0.00482373330269573,0.0166523614074839,0.0188594508595803,0.0274127458618379,0.00865440942788594,0.0131746211470182,0.000159211319648485,0.0216561274435561,0.00277283234813442,0.0109872853208872,0.0003186099763746,0.00115454741744174,0.000578389381490676,0.0010718881241663,0.00109616949222577,0.00257672224010989,5.41121506709903e-05,0.0145598212054599,0.0236728394215575,0.0205488154880621,0.000382347959921115,0.0652972750122646,0.0220099138571963,0.0128720402925131,0.0798038773242803,0.00538718995646034
"gene_86",0.227647517519979,0.0635131631572664,0.000601506547038975,0.00342290827933197,0.0500345928868965,0.0744784677406004,0.0202069526870727,0.169813562949832,0.118285759215445,0.000649619805702749,0.0509290698291801,0.00887010507462039,0.00445753346828836,0.00955985169281124,0.00017300094475416,6.63433060944532e-05,0.00175394621157942,1.43933852684025e-05,0.0011874832144578,0.0015855177736305,0.0184336678010528,0.0335557530303703,1.52664291280374e-05,0.0767193756657982,0.000112471117737429,0.0213489471858664,0.00875727940656994,0.0041729115574497,0.0323783509870974,0.0245499250220862
"gene_87",0.016821314375457,0.3530392148132,0.000578346308082663,0.10998662435973,0.00663104362315018,0.0127737524965923,8.04499966062211e-05,0.00179314316986167,0.0596095118322147,1.4831171289462e-05,1.26780001817369e-06,0.0416939952645315,0.044620827183986,0.0808932557651006,0.076743746190406,0.0819313253862128,0.000383024073686606,0.00121299109350051,0.000107763836268377,0.00219680458989644,0.00872363455839993,0.0127853491591965,0.000267722309188114,0.00845049512529276,0.129595526225021,0.00626878133677452,0.199051131194234,0.140565090784708,0.0211198969748436,0.00170125222288178
"gene_88",0.00351281172485833,0.0426450942159262,0.0614861916944324,0.0665852322660068,0.0185384317081692,0.00366066696157199,0.00355558629796358,0.055303860512968,0.0112351398744645,0.00152639009514836,0.0581680813969313,0.000782552981562603,0.0815517706942259,0.530790777905554,0.00984407185476974,0.0111374757129146,0.0495336006914768,4.47377911807672e-07,0.0170594103646876,0.0479535454512507,0.0202241248323519,0.00255197954069351,0.341987220821384,0.00994049630365068,0.00842740870602117,0.00015548586850611,0.0530963009021432,0.0517424395853778,0.120895248001139,0.0133327686217933
"gene_89",0.0102661704558149,0.0140324673721399,0.040820373975706,0.000624899348824602,0.0739850909650838,0.00183399764418405,0.0133806586360033,0.0544553996554705,0.00378358021185129,0.0562698316195254,0.00244704436418466,0.0172167789010212,0.0493539801278855,0.214663843585069,0.180794763060611,0.000605253082325635,0.00537603807312856,0.0125356432079932,0.00275557503520346,0.03787224417976,0.00366784636856811,0.115434203851493,0.0194692340564022,0.0233654374015028,0.0410106212391399,0.00513399165093324,0.0354398012905748,0.0337503240789577,0.0175795827505025,0.00459484078724669
"gene_90",0.000115417127565062,0.0376098072972744,0.0881225139101318,0.0295136760260907,0.0512327354946864,0.0212455889754206,0.00403767851823116,0.0150795135459651,0.000113237436584508,0.0131185977966298,0.00222686443371709,0.00551835734233191,0.00122694449292779,0.00657446898505257,0.0386995892310921,0.00050599420070206,0.00594856329968885,0.00772413443703472,0.00579507236795793,0.0861898536811536,0.0281822612199228,0.0167800866003904,0.0301360839418008,0.00131741622211631,0.0344657501303321,8.87199758425326e-05,0.0119794346958234,0.0212080185359876,1.19789917436508e-06,0.00711202445433805
"gene_91",0.0823338358405285,0.0120655639858433,4.54449444569333e-05,2.93411490604882e-05,0.0625211768243751,0.0020981648214654,5.80319167121127e-05,3.70122357007905e-05,0.001509343651039,0.0433609128005207,0.000395644878047688,0.00092040873441487,0.00909864838911476,0.00014446731507871,7.80791264794061e-07,0.000893991160029658,0.0177458116766854,0.0643321951708954,0.0620492253294477,0.00869805268610933,0.00101647860776736,0.0391253816703512,0.0127234677105938,9.85561334317889e-05,0.00831754705051082,0.0160965847564429,0.0690789252714799,0.0269632634834159,0.0432400858207241,0.0203214795635425
"gene_92",0.00924456399319608,0.0147098130426732,0.0174972426815217,0.000747194838388518,0.0233871529297639,0.0175674746652448,0.0394899359702008,0.00502470573102808,0.0372690692827254,0.00864663028986904,0.0312094781492182,0.029099849505404,0.00528963054841065,0.00880944158613971,0.125889804159192,0.00181607848198154,0.0120909270350666,0.109356748313399,0.11376575502261,0.000123486405209857,0.00672676817635244,0.000372607207224833,0.000258285170010051,0.0115387475273688,0.0161377823324436,0.00129117865815983,0.00170782766837633,0.0136415939024644,0.0185829337207331,0.00842254600558977
"gene_93",0.000747094357163085,0.00431836559943287,0.00137613138256376,0.00288805091841295,0.00216856136276345,0.0273273555874422,0.00598330449028652,0.047601320139846,0.00237023921012997,0.1462278335174,0.0011339497781711,0.210387496378375,0.00480200065023114,0.0303400910891763,0.0046621855602804,0.0544900579154735,0.0491782989845607,0.000617862351577142,0.0221253047452992,0.0108390485503721,0.00466922390876843,0.0133046464768344,0.0749725680527736,0.000146652515376913,0.0128810070932539,0.015811827880319,0.0181322915677733,0.0411166197661342,0.0993319428470305,0.120423495953769
"gene_94",0.000836025752318586,0.00266221415780357,0.0359800204230735,0.0885477758144144,0.0102328718236898,0.101960460123303,0.312549913900878,0.0291128458900229,0.0193637747388941,0.00263662664067028,0.000415378205006539,0.0523054279757845,0.000900334962522792,0.0424954517969729,0.00365640332102107,0.0185290487541024,0.00756787336182355,0.00387378925617689,0.10209765029517,0.019158335489153,0.00281173829592028,0.0101428415962879,0.0261291682676435,0.00073395911003907,0.0166767006572019,2.25532622313811e-05,0.0159160644161186,0.000646010424679078,0.00454524895597245,0.0121968000791486
"gene_95",0.00821375825517176,0.000975326797969173,0.000869207224773368,0.0397367614178202,0.000241372471706497,0.0555781752087637,0.0433197709242193,0.00977021490484859,0.00915705429633792,0.0136271682580128,0.00698965557651792,0.00673919744037648,0.00470269252809246,0.0415936506028744,0.000899177563616379,0.022544331550784,0.0120801089813864,0.00714451236136298,2.86076751351074e-05,0.0216550792616563,0.0675389560977834,0.0386725108213413,0.0223006583579495,1.21249964964229e-06,0.129779716719124,0.000434230909898832,0.0517172582317723,0.000238262098535741,0.0408212820003665,0.0835945900101684
"gene_96",0.00212612476755975,0.0112251448416955,0.0531361108810629,0.0162465522605173,0.0808563288470857,0.019737682286233,0.0401987542811312,0.00396412014751528,0.168650672215707,0.0390348064676014,0.0231140415923941,0.00832376006019841,0.00408639088427843,0.0120302180955411,0.0404792875189244,0.0573127665128497,0.00968219467342332,0.0332630606081205,0.0111718080773754,0.00854943627497662,0.0206420212166219,0.0141214052940856,0.00219765929371218,0.0118838994599913,0.000908438354406912,0.039844500714733,0.00238735495097551,0.00211518062838454,0.00415328159269516,1.84750279886237e-08
"gene_97",2.51769756065973e-05,0.0135114254060874,0.00495968048665209,0.00150646837770011,0.0557402498413492,0.00665938640114816,0.0273032351195842,0.088510291986581,0.211077820016799,0.106169836036728,0.0788289909398773,0.00665387302874168,0.00132913109096766,0.0228862681864175,0.0199705334442784,0.0265073474968363,0.00336437672259926,0.00300218341303584,0.00522370507689377,0.0234048228678972,0.00325222485355885,0.00742996598218244,0.000985093146598964,0.0123702799058066,0.0241616060370492,0.00116822294365617,0.0305358286744387,0.00555128878199326,0.00236786795676297,0.000472477601546629
"gene_98",0.00138064985363158,0.0171446455275267,0.0496542229869294,0.000125156346928759,0.00103172444557246,0.00673920914367734,0.0158071590748588,0.00177898590640696,0.0192956088265836,0.0442145056898216,0.00465781913532826,0.00112399084005923,0.113254520774632,0.00101134944991433,0.0226451036095146,0.00819886158052147,0.00530552189124891,0.000159965887512419,0.0947798237108684,4.86590727349153e-05,0.00231194683461578,0.0767666947317546,0.0115868972349044,0.0425542400131474,0.0468939340105146,0.0367918739363923,0.0539673650172318,0.0613446364084442,0.00178800242416643,0.0333415728885768
"gene_99",0.0101023309615285,3.19808265872003e-06,0.134903244614335,0.0370929711767047,0.108742436469636,0.0857757761532957,0.000837534945224603,0.0109771503023083,0.0283290464901574,0.00985215292751828,0.0129727589752715,0.00878075977976485,0.00207847555584068,0.0414182886335776,0.00615626387325397,0.0164290151500293,0.251635431418805,0.000596967259274358,0.0100106189630899,0.0405728616179875,0.014403595239972,0.00138872030983225,0.00424274477965523,0.0117333796404559,0.117561161516718,0.0574438266272155,0.00425729633145664,0.0753844118347425,0.023020375481827,0.0197580796228473
"gene_100",0.0123148295267869,0.0199806617887467,0.0135093012938166,0.0345935968493816,0.00127787039442104,0.00950459674955893,0.0527027594891236,0.0288467608297347,2.02044588152243e-05,0.0394593134594716,0.00388577828501862,0.00034061600990604,0.0266154753511531,0.0483428693222741,0.000382164928982131,0.0202720255065049,0.00210111681232218,0.0201847531137812,0.00867671774083219,0.00811641089762893,1.72066020778458e-06,0.129248058769103,0.000167350147721992,1.62844556774214e-05,6.36524039990331e-05,0.0025297363937431,0.0435829922312105,0.021541571314602,0.0153497245540121,0.00077215296373042
"gene_101",0.0542897652122113,0.00691526637503656,0.000745947354755572,0.0580747345777855,0.0340267906180312,0.002856304962183,0.0227579555092497,0.0143978779507603,0.0284045018443413,0.0333558358156998,0.0182772304998961,0.000169280938767526,0.0120453129860759,0.0145165409992861,0.0316691228367825,3.80897827833228e-07,0.000546856318872989,0.13320724863521,0.000273952181895949,0.051463527087733,0.0122050201781765,0.00947013016350584,0.0104563682767007,0.0155946041148581,0.0109129942400968,0.0180637424881038,0.0172748148287864,0.0923354526065646,0.000173093395491079,0.0220053240223964
"gene_102",0.0176523923460355,0.0915288703346111,0.0487116728702057,0.0013247378958796,0.0179206568469921,0.0324853353725049,0.0517685150461269,0.00426561637289572,0.00174641882806777,0.0230410128979201,0.0426448752568226,0.000125644530646942,0.00626792451270588,0.00321325189858086,0.0220902152547119,0.0417502673292725,0.0402752708107339,0.000816498414536611,0.00856027891806232,0.100344914036564,0.0687290582405867,0.018976746348734,0.0122814219033585,0.0100915957999857,0.0119095383584774,0.00851713454067635,0.00527035279789949,0.0992283526576841,0.127352443079366,0.00168981791561326
"gene_103",0.00629476904219187,0.0868943842072742,1.88464079773599e-05,0.00951921006179124,0.00664374954720499,0.0752482069893322,0.446286514254034,0.0134325896314468,0.0129331347462484,0.0416373505275927,0.0248235781263596,0.00968358775691603,0.0915923126867585,0.0163969064094636,0.0740170452655345,0.00131473217880445,0.00976590319759134,0.005590191671846,0.129456164509397,0.0079928388412523,0.0336639834687541,0.21025582208032,0.00146522383254717,0.0231395103469781,0.0214793432621491,0.0654267836372253,0.00121606606390478,0.00476596959683025,0.00333171490172355,0.0329082454960282
"gene_104",0.00379071347000205,0.0134821777019787,0.00245506706326985,0.0233327905010155,0.00586265042763488,0.0273774428346634,0.0862395551420936,0.00112394651452166,0.00944388251265557,0.0250762531776045,0.000369930353700648,0.00595318417448781,0.0663618429754814,0.0596048123460918,0.0505173361488423,0.0167835137851255,0.00199359279380275,0.0619715108781413,0.00681759803394369,0.0372047964780533,0.00320558258152149,0.00434540707166084,0.0108219279041432,0.0713659152190583,0.0853897740479886,0.00335172940719526,0.000208108279692654,0.00400898396716089,0.0245699275002914,0.0552067431065674
"gene_105",0.00989937297746289,0.0479128322815754,0.0021823027702445,0.0065172650675808,0.0357385518749863,0.000801013573657137,0.000659043006288035,0.00387893297665318,0.00695136127970416,0.0372956421518899,0.00424375396163386,0.000383951049753707,0.00618683125099821,0.00299193971424288,0.000128398052021829,0.0129554600462107,0.0547839916325885,0.0182336283885367,0.0127057473882536,0.0776114699531813,0.000285785437121403,0.00119575769372997,0.00733709588332946,0.0446788145981251,0.00812786245667059,0.040212915496763,0.00366765976403975,0.00601570634027883,0.0133211219627169,0.0451685982508361
"gene_106",0.0183761824712647,0.0735064427303738,0.0415481818040676,0.000267865251398593,0.0752142746128241,0.00223047636577385,0.019204361670254,7.58228586251456e-06,0.0308688709265076,0.00940551599392581,0.0189124562548635,0.18236050568437,0.00145339288960966,0.000667051136088004,0.0221557771904391,0.179066131193713,0.019685316174985,0.00494780052382695,0.0350461374739193,0.00648424613747198,0.000369132033334871,0.0129305201392203,0.02353774367517,0.0274127691307486,0.0890664838141334,0.00516596824366406,0.0163125087220758,0.0124611577187077,0.00753778109190671,0.00905502467171608
"gene_107",0.000570585471909171,0.00342963175465409,0.070188234063007,0.00467068512606913,0.0483380680238744,0.00468157953382819,0.00189575186159224,0.113192432178199,0.0401410173167,0.0263526986018985,0.0163579778348371,0.00492908496785901,0.139376779005073,0.0176167408506508,0.000309186595605778,0.0136393712506305,0.0186104298409311,0.0185644686564373,0.00199850342016882,0.080880673805785,0.126603647395934,0.0351609850490363,0.0580387117183566,0.0235242264753017,0.00523781480835257,0.0331047782274821,0.0334568153306149,2.88322433308358e-05,0.000215662848253852,0.00227636794778734
"gene_108",0.0225120937580535,0.028484417675165,0.00662697607288122,0.0110654802888817,0.06633382847259,0.0047531892065848,0.0035476361301852,0.000456882014004627,0.0781413142157893,0.0657857527407449,0.021102613070821,0.00591401663985314,0.0256271382323333,0.00096674992800219,0.0167284477607298,0.0183019789757598,0.024997454158777,0.33840493079065,0.0836820532847535,0.0501769049369003,0.0283025146061528,0.0201233522470545,0.032366466479876,0.00619428353363727,0.0350722145998617,0.00322984821950961,0.0136534100475347,0.0044489187533833,0.0435204082185031,0.0414857532707806
"gene_109",0.000438057018945261,0.000426361934148599,0.000653599447034124,0.0378710116436914,0.00554800662522827,0.00114935123906909,0.0359143952556472,0.0257471231070968,0.000385385841530456,0.0263316664604283,0.0406438522820154,0.00117079535578834,0.00259889529554071,0.00308132572268036,0.000872589411854854,0.0228818538858456,0.00284534682309485,0.000238574286789945,0.00450224399014001,0.0157498824287861,0.103337801461714,9.54960063904989e-06,0.040361776613905,0.0211173604684713,0.00210689947435026,0.0317683444003722,0.000324168696800516,4.2708296770468e-05,0.00095145221356219,0.000686129559966239
"gene_110",0.00942459268691541,0.0771221632189271,0.0128946163654273,0.0554124908070019,0.00581078353513325,0.0303344416589626,0.0293626333720849,0.00505343557781733,0.00688773050011713,0.0704957262090364,0.00465235096829459,0.0196499104304954,0.000164054017424774,0.000232259202533161,0.0158545331546186,0.00959868294886071,0.00995130941159234,0.00415919323620462,0.0321311392929423,0.0708437344363134,0.00269455360353026,1.46521516353486e-10,0.00167175209149386,0.0342237715761515,0.129454615135595,0.0485038898071602,3.57123605343702e-06,0.0547224996952951,0.00326434715286499,0.0383291889889788
"gene_111",0.0401644624809878,0.0329549996069249,0.153063469497826,0.109649521732983,0.0600010398506309,0.0288242050607712,0.000697910561266057,0.00236115506775277,0.0469007060304119,0.034453342197449,0.0065172322750145,0.0257422477293953,0.0356011798535318,0.00830939923312357,0.0601652478493326,0.0411681982986889,0.00271220229106451,0.00887553157253795,3.57641596795562e-05,0.0046374715675395,0.203656861209848,0.0511458505848019,0.00250965999721756,0.00728893176017302,0.00522054486780614,0.00019526944925068,0.00750131581565758,0.00217485057050661,0.0641968748456184,0.0296344110625092
"gene_112",0.0153960578811579,0.00984307737191208,0.0462871052524188,0.00257541616489822,0.00263841611998594,0.000375114512653723,0.0499725910769909,0.0448053647669927,0.219589944180843,0.00547709133561124,0.00332974807748867,0.0576924548211707,0.000715205194590626,0.0726483363478508,0.000365970541767134,0.0184313222496212,0.000932783087756599,0.000716779599613683,0.00776051761344608,0.00863829763863628,0.165769472866024,0.0427083541616272,0.0385744677690958,0.000646341427814101,0.0161010907896917,0.000893650729824239,0.0880090423256233,0.000241322036956462,0.0887398694118568,0.00569238228381827
"gene_113",0.00369416724088917,0.00336365510691766,0.00423578985219964,0.0294483847848903,0.0147907776420449,0.016870787226645,0.00429648345693411,0.00115184096172103,0.0064323001181062,0.00238714448779957,0.0211550780381599,0.000440368313633841,0.0320659923610746,0.000501165816314825,0.0170716650376399,0.024688796576984,0.00623883961557549,0.00278939670002002,0.0072512150228199,0.0108581562357901,0.00722035993161882,0.000141005694918892,0.00747493240935572,0.000453468506382458,0.00202366090188654,0.0229703704664698,0.00640978340844913,0.00822234028194173,0.0134203381459704,0.00891332600248166
"gene_114",0.109806886915963,0.0153386125713489,0.0251311730734687,0.0611942972558041,0.0020684535407918,0.00241484539915995,0.0280587117431046,0.0315413443014698,0.0401115394165533,0.0212106279551382,0.00961848033122385,0.0167776664415435,0.0256921893399548,0.0110498550013733,0.000816648795769441,0.0154264006889818,0.0045639393178729,0.00019644540231222,0.0230638681147307,0.0180718258522709,5.00106454910299e-05,8.57750280673507e-06,0.0175655499163233,0.377947408301739,0.121315613919024,0.0413336925922771,0.0344179766076115,8.15255505123232e-05,0.00532791869569667,0.00549413467132155
"gene_115",0.0167512241221903,0.0229857161464407,0.0382565665433951,0.00109360947579869,0.0032483633686595,0.0664082672079864,0.00152218118438564,0.0681668312857811,0.0249619486871539,0.000348126669940541,0.0138989610137823,0.0339083572379028,0.0452131241573523,0.00295981927196721,0.00134322630016222,0.0322805760495887,0.0403719434116907,0.009369068711595,0.00726355614276893,0.0141137569180188,0.00566006114272309,0.00110790939556908,0.0273236301053988,0.0029694950689585,0.000138391767548155,0.00338907888461316,0.0342112461962187,0.0827930751664136,0.00450139279352632,0.0121301323670305
"gene_116",0.0122064984126301,0.0219110698465329,0.00704655468396935,0.059006023161139,0.00335760507539418,0.0256171024944273,0.16667987702409,0.0048496654618276,0.00160272089820342,0.0834072479345033,0.0148885204275444,0.00693518411673531,0.0441946369958108,0.00915028923051313,0.002231937944007,0.00491097386584218,0.000807696444096613,0.0669884447484006,0.0346679310469095,0.00592402708221723,0.0493513746818336,0.0545242579124782,0.044325053944913,0.00189719185194165,0.00575671313457377,0.00515624679126075,0.0353077602323831,0.00156908688955732,0.000290231292899951,0.0455268370699528
"gene_117",0.00804787771861588,0.0198731086546085,0.0394479515285999,0.0292112215218649,0.0107890600025508,0.0132786100547253,0.00588371636346336,0.05849030161306,0.000124188347736554,0.0110981278300214,0.0181451220321616,3.87664735086991e-12,0.0317368282478332,0.0030938434289345,0.000101398851582809,0.00882271933438242,0.0106795003734085,0.000113100829705831,0.00316123966536542,0.00533924266113005,0.00201759719052989,0.019713714352384,0.0154375315084745,0.0140048075332624,0.00326074731737257,0.002107657506054,0.0271807080318477,0.00495960311884832,0.0359559404930649,0.0157256828505787
"gene_118",0.0249515423696884,0.000120862985902376,0.001428748327971,0.0062909803783029,0.000664808236395168,0.000778129900515516,9.1605603047836e-05,0.00248151223924266,0.00337160858314245,0.048418875186706,0.054449331416063,0.000142824592166553,0.0251252040593951,0.0201546784702925,0.0121985003868992,0.0255321855662822,0.0271760866619529,0.0214930356928494,0.037742183658807,0.0128803824615923,0.00294908183668154,0.0394234611129123,0.0023571113459183,2.50450959443262e-05,0.000420362290678509,0.000223762160919701,0.00933014348182748,0.0156294488580954,0.0232838708831623,0.0120649171459344
"gene_119",0.305257080147827,0.0423470799198035,0.0201312448212906,0.0296503528369013,0.0641218989071414,0.0145888303646293,0.0582855036964866,0.0305000027524809,0.0562831071452342,0.000835882834241436,0.0524941967058354,0.000634462792342542,0.0144821874929008,0.0529527937592266,0.0142525088887862,0.0319589772322542,0.00536995719596743,0.0197033407875104,0.0587008136676856,0.0945737335706696,0.00794947178593087,0.00908960174465354,0.0178929731115029,0.00205143574731144,0.0168274956955772,0.00312942357861174,0.000116165049240835,0.0180743816278567,0.230359683952081,0.000494434673102992
"gene_120",0.0269156299354798,0.00417683672924294,0.0484932905465181,0.0362242941149876,0.0094988184749079,0.00768994959536235,0.00432612580124967,0.0150557525819478,0.00169183110284561,0.000373735762618122,0.0068019437292072,0.0294476035331053,1.02957775186561e-05,0.0799166796426119,0.0135227579401708,0.340898611867516,0.0753121696858382,0.00878307099883252,0.00242774354228826,0.0337542220145625,0.0185175805296945,5.79903403637336e-09,0.027166703467979,4.85967157804887e-05,0.0285547238981159,0.0292183504895522,0.0391900853016064,0.0117887850012709,0.0602672707463921,0.0073050666268389
"gene_121",0.00132027010770477,0.000653077026706152,0.0107877354439273,0.203207592624602,0.000510691639287855,0.00638731133446175,0.0771622990304037,0.00118754803539741,0.00639391383173637,0.000646718445356712,0.000343856341197867,0.0129037766246116,0.0376602120934964,0.0413187221015881,0.0314946265912376,0.0273316666542734,0.0195257820982508,0.0324067706207352,0.0172597084120923,0.0107604755315241,0.0580747187814846,0.0819472277524212,0.00723686215920265,0.0502371085588522,0.000358263623623839,0.0156970590853288,0.00558673995694213,0.0107556249130716,0.0300756121474259,0.0208917539993387
"gene_122",0.00226324859155182,0.00870472428282149,0.000469470613188266,2.55771022857953e-06,0.0138082006483539,0.00299379541059957,0.00117285168835108,0.0117388633586446,0.0190358952102873,0.000271824970976909,0.00487692822319787,0.000610015765174683,0.00531412170236604,0.00125349597929818,4.65592203013631e-05,0.0182065122601582,0.00502271713225845,0.0228221111172135,1.62111749653555e-05,0.0880360062421064,0.0106647987527547,0.00138347338467871,0.0308513860049412,0.0327445610121684,0.0328160637978418,0.00140626581822704,0.0584578075516119,0.0374454476831092,0.00126541691840436,0.00239890800480461
"gene_123",0.227103897574279,0.0336186344345685,0.0196691597928045,0.0060805097029653,0.100686867546443,0.00231410839443443,0.0310318140357047,0.000251692215378668,0.00102386951909038,0.00454205649769228,0.00559900964714018,0.0597992373252815,0.0958580056891947,0.00666801430658619,0.0139311167767736,0.00867146278211018,0.0656557411675099,0.0148448620664454,0.00307804960661713,0.00602191770105257,0.00486384691242688,0.0018234364202444,0.0052576249240103,0.00719881261530764,0.00261486073252889,0.0230437368720208,0.00449809716801118,0.0097125694411072,0.0114844716596225,0.0271342184564984
"gene_124",0.0178320770865874,0.0451440796065852,0.000505279536175287,0.00285918563339418,0.0402289415731565,0.00241994065864614,0.00392288300243883,4.39935905947056e-06,0.00568396806717913,0.0878817451111159,0.0211226281259231,6.35655808134963e-05,0.00627047978153849,0.0288186404519051,0.0110532351652828,0.0124840047104375,0.2631010575227,0.00998693841472313,0.0156522940096758,0.000656754527596203,0.0419257053872512,0.014234070615399,0.00015987391236898,0.000166726524826697,0.0384201951766076,0.000165648471202486,0.00378842379856372,0.0453669478124612,0.0041585515387107,0.000517049368105741
"gene_125",0.00154789323616873,0.0294633396249661,0.000615108245652639,0.334302496905122,0.00211899802137391,0.0387906143008745,0.119692046098121,0.0472738721142011,2.1311678933819e-06,0.000362151352887668,0.0182277315180544,0.0867870351018721,0.0289873963977615,0.00890417120842697,0.00571286365660521,0.054673531256757,5.47321702756675e-05,0.00144187306876861,0.00450396516854064,0.0415079371979426,0.0122938672052658,0.00437119966497202,0.0220144937884826,0.0409958489612768,0.011823273538453,0.0116269880619192,0.0426072366920326,0.00378483202212025,0.0220066733697355,0.00509406370763673
"gene_126",0.0250415110607652,0.0201040502667678,0.0967398467073737,0.00662330238404186,0.0054809722716433,0.014511401888311,0.0305230240897034,0.0868523089553489,0.00482578612004695,0.0307657690611073,0.0803684520996463,0.0258914901571714,0.0294448476151635,0.0197897633672662,0.0109060137326406,0.0939906117565273,0.00146161251788522,0.0111382468729514,3.67530523499232e-05,0.0750188312303466,0.0214135909984867,0.000274266595600849,0.000420764579617894,0.0246043922773072,0.0420316497879922,0.0401278049497492,0.207340490704941,0.00180186612417432,0.00020014363352849,0.00160924819836818
"gene_127",0.00901439899219349,0.00348937972430525,0.0240390056811388,0.00324811659663369,0.0260459983300045,0.0207260291773866,0.0533156705666785,0.03130358915153,0.0152087557143599,0.0117522691905746,0.0126587606259341,0.106385221435877,0.0198834956842607,0.0125368032521895,0.0257662934115227,0.0178996137621329,0.0283437129141055,0.0116000431581637,0.0153747878506077,0.0732876904853767,0.0104524728543655,0.0576770841795537,0.0123572645260463,0.0759714750762244,0.0261413340352366,0.00424744999354981,0.0139618121256756,0.00179753871159989,0.00541193280755296,0.00784482706678893
"gene_128",0.000730130585490831,0.0260475060201902,0.00154171452936754,0.00908694419481632,0.000556452915925479,4.57594608245399e-05,6.48812404565805e-05,0.0190775681447098,0.00923672968580286,0.0245187956641123,0.0367776286458029,0.0030101132568949,0.0304273250498038,0.00385351562440095,5.04191777186136e-05,0.00899071828894329,0.00525049819964916,0.000453723744629518,0.00223601033820292,0.0121048656659619,0.00459525093885719,0.00780186986038243,0.0105792169886324,0.107627559092464,1.66620967338911e-06,0.00461307837341637,0.00154944355096056,0.00731590864567523,0.037384902417796,0.0116123907992874
"gene_129",0.000441201048003062,0.00075415522547602,0.00876142630757819,0.00894506659880746,0.047951571461508,2.05905444249982e-06,0.00508147436784306,0.00401610366262593,0.0028281526820821,0.0254359661363782,0.000621943296832382,0.0052200937106088,0.012322127251627,0.00408824239097802,0.00103806864943541,0.0261125643131333,4.22857923483946e-05,0.00837497164678532,0.00169939531713063,0.0167315171218834,0.00610150115394045,0.0257572323852319,0.00512889146224358,0.00700828499187385,9.7001833608448e-05,0.00287262688129492,0.0357219220341551,0.00322267605345066,0.0723411083890317,0.00731626330328842
"gene_130",2.10294492227214e-06,0.0393097639314928,0.0114612645017985,0.0373900646818203,0.0103955349982594,0.0279217136184682,0.0658145571307142,0.00310951579801848,0.0286280478173063,0.0254843168019203,0.0544949922697969,4.64631070967027e-05,0.0132433407502426,0.00178097417998976,0.0237445330242649,0.0313394358727117,0.0405211015212657,0.000788827476518704,0.00749904513644013,0.00346304916045252,0.0018199685879665,0.0394599706866703,0.0183221460153913,0.0152705412074912,0.017083196447176,0.000827366252755103,0.0108248201302074,0.000718834742525674,0.00180987935894374,0.000982289648895799
"gene_131",0.0124754705073706,0.0208519778909869,0.00226639050788121,0.0106223098372787,0.0297047734620199,0.049620631850857,0.396387774165277,0.055239544505053,0.000772524820419231,0.00657834174970042,9.44922498417498e-06,0.0255218461842758,0.0057642531397493,0.0222369594356408,0.00406283035898516,0.0533484875518482,0.0707179916009321,0.0690546184663308,0.0613422236052587,0.0119121006943976,0.0526454321758723,0.00374402826190815,0.0184710616713962,0.0362624160823248,0.000664255350415475,0.114160471658016,0.0089255780832604,0.000204290246750203,0.00928548409056248,0.000480082095813465
"gene_132",0.000306466807379328,0.000909672915000149,0.0357881466970056,0.0379705770762923,0.322617453529163,0.0833591995599234,0.0318000125468299,0.00517624726561218,0.00750289784138936,0.00129808208559251,0.000134164520825434,0.0108435554053352,0.000538187692767747,0.0441665224091798,0.0182114871420028,0.00389662398341224,0.266012190575107,0.00345897874126629,0.00794024546788466,0.00917568257265845,8.65385464448456e-05,0.101400322766516,0.0908548719694977,0.0204481183686999,0.0110873343279143,0.0814217239220712,0.00711946275644721,0.00346963970771308,0.0440023569720441,0.014725645548375
"gene_133",0.00834644238669289,0.023166863137788,0.00695477293473124,0.024970217443134,0.00376069005249943,0.00845663979199456,0.0057247231634736,0.0193750163503395,0.000369413745616554,0.0743384165408543,0.00210365345704335,0.0164590621975942,0.0387087566545748,0.000437429784616861,0.0313660200715184,0.0782250554704605,0.0110135254281911,0.00365106713053006,0.0211214636192365,0.097545593270459,0.00414860657817745,0.00138628182940239,0.00056904481233482,0.00054374085054289,0.000218129668289683,0.0192274636382338,0.00104168542111527,0.000444351598508618,0.00680173372324502,0.00989112698654705
"gene_134",0.000236509550362002,0.0468722214776229,0.0176728019952565,0.0346097209988357,0.00856926366902047,0.00452295201502931,0.045372401314423,0.000831488816744731,0.033469509038085,0.0362127462581039,0.0288498861501561,0.00546825738970975,4.25476546142411e-06,0.0339358749050135,5.98570737738322e-06,0.0545949880014681,0.0349941746903934,0.0555576019966599,0.0087573651178574,0.0398976879863098,0.0141110555285697,0.00872302635464903,0.011849548123958,0.0173648843085959,0.00307721231478992,0.0315708931210424,0.0279252167240966,0.00885004365218984,0.0620530535635863,0.0154410391922837
"gene_135",0.0632084423082197,0.0024488869266936,0.0064861971439708,1.78326256137704e-05,0.044490274511406,0.00663664288261166,0.00134864498222636,0.00305127214981185,0.00778115515185181,0.00113353093503257,0.0723253209142981,0.0776628652733661,0.0343710873868205,0.0258469316864608,0.00500341430642052,0.052946809888726,0.0423646309491194,0.106965302215385,0.0120926849484419,0.034332346671904,0.00314173180514083,0.000484365019862726,0.00686490359039704,0.0909004959172783,0.00476700133553408,0.00364360121275929,0.00869308608357427,0.0129429505537203,0.12519815459973,0.00665127042684176
"gene_136",0.00110960090789738,0.0058858389814294,0.00157484108766126,0.000102287454749803,0.000205738522476193,0.000471307896495329,0.0159377615690196,0.00262261745234397,0.0027994314462617,0.0212096580852426,0.00633256040857032,0.0222338924717579,0.00132587253024355,0.0261292531417046,0.0146275556618092,0.00464411068242422,0.00277951977628436,0.00299956344473398,0.0212166197659244,0.00326352544264078,0.000422075372936265,0.000738400339288524,0.000416233711461652,0.017080240201143,0.0166926870707969,0.0244338391887413,0.00495463537236406,0.00763770290359795,0.0045163715135143,0.0221036188643431
"gene_137",0.018661644667546,0.00918941943781543,0.70891190652486,0.00132155501044081,0.0165608538000318,0.00346326089485972,0.00695466579003912,0.0419274999486185,0.0747147748711236,0.0541637551895524,0.000319607125273573,0.0282953336932877,8.75065365001294e-06,0.00251809748206,0.0267857087408019,0.0623965634282704,0.00431332261751033,0.050881105954111,0.0659703548562827,0.0229839423331182,0.167133137492528,0.0118215249934154,0.00148821528838246,0.0583721953654524,0.00416684860950327,3.99043777783751e-05,0.00704482966389275,0.0355704211329556,0.0037491722236489,0.00100864804843402
"gene_138",0.00119628901967256,0.0243494289495105,0.100644845292988,0.134031759674935,0.0136258308291894,0.000770417139331065,0.0275380809052803,0.0033168859673226,0.0270052653750007,0.12414256278947,0.005535995011152,0.0170252057517596,0.0026961963870884,0.00207440052939261,0.00955147016505226,0.000273926505307395,0.0549006956403618,0.123638312630315,0.0021274449078991,0.046672621979104,2.16221169825474e-05,0.0164336721445186,0.0258240798255875,0.0535764537530799,0.0030862122507654,0.0804649981570067,0.00197503005315192,0.0263911855718106,0.0205142740720746,0.011706060430488
"gene_139",0.104102927069505,0.02458161420821,0.0233202812230305,0.00151884634976961,0.000942757917600247,0.050756335150116,0.00393185853250285,0.0440925124514956,0.0164854211723864,0.0438110889661806,0.00905406184432591,0.000201006702415238,0.02390885160486,0.0267387452965367,0.0163693677880925,0.00978012307591648,0.121385767588994,0.0258575126958027,0.0688592238853262,0.011644288777404,1.10669164832571e-05,0.00223870377887517,0.0276648895504966,0.0114847693157659,0.0280803733214218,0.012680589518844,0.0470891309339418,0.00363488357602159,0.00895067948270721,0.0431781753346581
"gene_140",0.00022010408200677,0.125536320106256,0.00169847844157539,0.11669230077502,1.75788359970706e-05,0.0112596764293523,0.00739486406842249,0.0518809644637871,0.0362923386722903,0.019191442080643,0.0606880564454442,0.00197362226018066,0.0495663034122979,0.00281968701533597,0.00890928857559387,0.00392440726419162,0.0043085714295726,0.0892954728863223,0.00120596711559482,0.00497470894636016,0.0203038412977761,0.0970539448921173,0.0617231588832245,0.000570512997294253,0.0032277153650826,0.0305194051678116,0.0216262409240092,0.0702713320050784,0.00165307997912499,0.000881344177417793
"gene_141",0.00848266407695804,0.00246250813220272,0.0500321141676202,0.0017720640734704,0.0589728003593344,0.0725075959400586,0.0294681654344587,0.00936244381866971,0.00137010063355537,0.000930011622016883,0.00950872286475669,0.0209055658267354,0.00507567665448623,6.70633433304949e-06,0.0287201910447509,0.000499851490262129,0.0230522522043425,0.0230485836555164,0.251068734754213,0.00249650133556471,0.00209893903604395,0.00670885031372183,0.00504886569381001,0.00318757117822546,0.0681571390619471,0.141872562253734,0.0193585022816544,0.0300783248980899,6.36076213634747e-05,0.0443420471458541
"gene_142",0.0396475544662855,0.000965958993572593,0.000316131065633735,0.00323915218352396,0.010158631668897,0.00518946345912014,0.0364381406979369,0.03767707408379,0.000243565640355039,0.0408914058307887,0.00264036280342675,0.0168093143187441,0.00974299916855331,0.0338672098656154,0.0483769243021899,0.0148987793821695,0.00765588671809807,0.0225033849074915,0.0144366710794096,0.00620605132410827,0.00243403232202692,0.011979281275629,0.0201317678189843,0.00301805098290493,0.011515889877275,0.000885071859284965,0.0451150059617848,6.0097202792454e-05,7.0497428284059e-06,0.000110750065185179
"gene_143",0.00880809676519582,0.0136498543921053,0.0117770638764418,0.000126215411563194,0.00124753419970072,0.0539654073397143,0.00116529951299295,1.91668863188553e-06,0.0011897742578761,0.090461819209431,0.045186885728978,0.0674083249835478,0.00135124648827243,0.0443959793971618,0.0566556370776897,0.00054324148442324,0.00142517348840041,0.0435837345460113,0.00319003226208146,0.00709065619181433,0.0171927663562617,0.000534937626752156,0.00576459323603046,0.0139239657119275,0.00681386730423756,0.00963544928590939,0.00619137157739364,0.0156426208556659,0.00637648938554639,0.0159854324691069
"gene_144",0.0804833785191316,0.0242240310061514,0.0153459641060527,0.00570330602357725,0.0236521509880342,0.0292405727386536,0.0586321678350164,0.0112962946966564,0.00913366893799631,0.0268524021404763,0.0128210428006079,0.00114914437015778,0.0151285738394272,0.032788088439542,0.204686697559588,0.0382093398877351,0.0420054205644295,0.160216805521285,0.0108140720516426,0.00953563102901629,0.00680898818469339,0.0251743595252989,0.0206510756210228,0.00806029361104308,0.0271674231740557,0.0179871427330169,0.000525639590000738,0.0209449124861649,0.0165487088974648,0.0131234360780799
"gene_145",0.000569815340888992,0.00775221370141451,0.0224275632329899,0.0144436178703782,0.0181051870243808,0.000691226800113951,0.0424413852845103,0.00506537009772349,0.0207617375440967,0.000488943434108879,0.00103798569386914,0.00409697774466949,0.0040923423653877,0.0113809286580631,0.00216267073328014,0.0178592857777776,0.0137072725618582,0.00462103905817766,0.0300662078643812,0.0180681462336532,0.0174519573795426,0.0334127387674793,0.00181390635114214,0.0145936263132676,0.0281792299957107,2.02145919713026e-07,0.014160972702589,0.000284732201167692,0.0049894374493507,0.000370247577350922
"gene_146",0.0369451686587153,0.0420706381732401,0.0207939675924685,0.00041204872823146,0.000102981812149554,0.0171298556915192,0.00278458151475851,0.0302972418771745,0.0941203193012156,0.000191554534750286,0.00194683101833418,0.152179967192276,0.0284300449454044,0.0204008349351581,0.0362285818454173,0.00105569303123473,0.000522125327600753,0.000272233144708767,8.63259959193553e-05,0.0206274828376753,0.00961905405481506,0.00919913619791506,0.0195801296791677,0.0443655160633121,0.0202909879934165,0.0179301602005492,0.0521227727478291,0.0422834524453217,0.247768108547961,0.0197193822169595
"gene_147",0.263632506538242,0.191320212039129,0.0799552323213785,0.0754364615839259,0.0404307545797556,0.0410954513387751,0.0226506454795824,0.0245309681194811,0.0114055043894283,0.0163876862962681,0.0196114268936199,0.00394916624332087,0.00835135077207731,0.000332542632048915,0.0272206779448256,0.0406441410828033,0.0602096176877487,0.044763646630511,0.0191548826834053,0.000801537816819174,0.00242253243392261,0.0210059953403822,0.000843625307241594,0.0244528021059879,0.0285262309280316,0.00332999447324196,0.00704250790552032,0.00166265584473191,0.0134200801576919,0.00182101312251036
"gene_148",0.0297619864603305,0.00911950384614475,0.00973705977288811,0.0288433211936558,0.00113038154267432,0.0397260853684636,0.0365085504622752,0.0100943602767429,0.00555774307955532,0.00284230444286415,0.0369124656603859,0.0152361376632861,0.0300990262426375,0.00570848014358482,0.00150440733554773,0.0151557916042197,2.73056326908299e-05,0.00688252229377826,0.000633068911273666,0.0925612800966883,0.0436292791989878,0.00607514217599484,0.00817006849565625,0.0132797087050773,0.0268710117561271,0.024981014311823,0.010878363182458,0.00169341627420692,0.0211659698311317,0.131306607464442
"gene_149",0.00342093971210244,0.000272681524544312,0.00708533195375237,0.0134185670435774,0.00585123982904686,5.46013280259849e-08,0.0112788809803162,6.81463152734624e-05,0.0209406986896939,0.0170343326198119,0.0041375732477732,0.067491018957651,0.0113653511251041,0.0191502954744288,0.00442776673146169,0.0339920894633128,0.0292313690662895,0.0506533084063387,0.00436473525774856,0.000419396679022707,0.122758463350805,0.0351892203393494,0.00320771339138547,0.0198276912711766,0.00162395566624727,0.0151592359549356,3.69183744921541e-05,0.0118601508796284,0.00142356478614003,0.0107933456262147
"gene_150",0.00856418250994658,0.0457248177133373,0.0186436941584657,0.0177570481858864,0.045583368066272,0.120612083884874,0.0131040543908166,0.0199846891296267,0.0571560227769631,0.0158733240188447,0.00847888105561291,0.00287857172183527,4.8172843934091e-05,0.0119627005040453,0.0448844295677501,0.0198493497023086,0.00365729342013987,0.00191019317090669,0.0236800087807635,0.0571105821047149,0.080752640580931,0.0325981779883238,0.0170527144564191,1.77734239167281e-05,4.37565527100102e-05,4.16858256797533e-05,2.00193484289241e-05,0.10037164990962,0.0207864336101574,0.000113171886165713
"gene_151",0.00572999212222079,0.000635415533622013,0.00145548398222769,0.129926293764004,0.00197374008878937,1.0690355917723e-05,0.0643100166030897,0.0220394868773444,0.757031585475257,0.00284559255258814,0.000157788672273114,0.0338658373312153,0.000737445522743668,0.0156869154430449,0.0834299012877304,0.0203916919218324,0.033957335216388,0.00651060859167091,0.0677844462445388,0.000200846578506355,0.000269686628908261,0.0141785556559741,0.0375526849660494,0.0158344452206105,0.00753551220742056,0.0881622819654951,0.00744003809601939,0.000420703613817901,0.00989107573156674,0.00361207751090174
"gene_152",0.00134434922142915,0.027517497077756,0.103023694100489,0.0665876730407419,0.0234715828188097,0.0154068340485639,0.113774221774604,0.000666467648385312,0.00698175956493843,4.83690777346776e-05,0.0581487231797708,6.88975571550611e-05,0.00814620992385522,0.000370257874658617,0.018897118691369,0.00346005983663775,0.0244938047220574,0.0472159955940612,0.0785048040703308,0.00161333383392939,0.00194827571467313,0.0840895288981218,0.0216535000192241,0.0139568617026685,0.0540433721817862,0.0172097581517014,0.00938977134028057,0.00499785911065193,0.000128149751366601,0.199096662315559
"gene_153",0.0549618196331908,0.00330340113464144,0.000768847159889026,0.032289602214634,0.0300740757251553,0.00103248010294421,0.0290753421620478,0.00274190922942318,0.101958625896862,0.000581244864168235,0.50569913125474,6.12438986975862e-05,0.0734281232401339,0.00441271944004398,0.0673235932514487,0.032274926491057,0.00976082149808087,0.00465031466454972,0.00186917487554792,0.0398723389228314,0.0779217293903323,0.108319445485777,0.0478842693231729,0.0458665179160046,0.00504457721143489,0.0019732474848719,0.0183973043779566,0.00793670051410258,0.00766756237065276,0.332279690054181
"gene_154",0.483395727385748,0.000255289483038809,0.0580799390844767,0.00367301934655119,0.0454889219571763,0.00159858400819311,0.00912721670044836,0.00529803164518711,0.0118992614680124,0.0611324248302826,0.0559886733277652,0.00368100192825902,0.0223588895396928,0.00134966838249877,0.0313734476172021,0.0199153995494442,0.164237759360888,0.00830977159602638,0.00681556806397786,0.233265047364218,0.00631963208068352,0.116059894537408,0.0617253969036379,0.0241813206375245,0.0224059386952114,0.0260888338513445,0.00143449465428114,0.000603321054988929,0.0468461403860108,0.0114508576385769
"gene_155",0.00365435061540766,0.0551052496907879,0.0374141906073741,0.000524364253500443,0.00182280931871521,0.00194108435508247,0.0179942584234866,0.025240202583554,0.00799840210523574,0.106620483187381,0.0440116544054068,0.0442454392458925,0.00864149506641918,0.0945694518281722,2.30692865429379e-06,2.60378574380546e-08,0.0159248130050435,0.0128498884491415,0.000123457846462963,0.066304971212914,0.0100127762622188,0.0982611928844786,0.00384941811513818,0.00146658902945752,0.00497608070756748,0.0179551214139262,1.36619058668561e-06,0.0295838151220656,0.0535872260483423,0.00260945273004254
"gene_156",0.00380173755352724,0.0291889731642763,0.0180267486103862,0.00765358653805171,0.0122523209954961,0.00408885841212022,0.046925818147619,0.000843676745601618,0.00244126643948019,0.0071356691530678,0.107368553254949,0.00357741080931107,0.0172402638050106,0.180400351134732,0.029422270192746,0.0319647953014202,0.000790331030291078,0.0122655186045601,0.0530890333921055,0.00121534880932171,0.00905605742410328,0.0495533544555208,0.0163456517721722,0.000164277260562254,0.163036617854686,0.00356874999732664,0.00118712397449591,0.000552854928868324,0.116446003537075,0.0302818743024433
"gene_157",0.0192664802981691,0.00523278035251534,0.0261400719677667,0.00182080106252977,0.00894520543950269,0.017375034646584,0.0124804677256283,4.30800951685702e-06,0.00552850536595302,0.03007615743863,0.00631153962574932,0.00100942007147337,0.0101884014465061,0.0166911446756637,0.00242115959991072,0.0054038798061655,5.10429379270504e-05,0.000164424285988361,0.00272596884061623,0.000337732441336743,0.0129901495620728,0.0117464807629749,0.0080194795425954,0.00133971628229113,7.64882395340844e-06,0.0128181552184661,0.0040301831592134,0.0414468650066633,0.000263469130556133,0.00024359913509215
"gene_158",0.367007582932163,0.00333260259798775,0.0505510253636009,0.0266058478013709,0.00519070761348696,0.0405442977979062,0.00735117973601768,0.00756011836084263,0.0146408538515585,0.0343153775140669,0.00670207547070807,0.0243794063918338,0.00726738736665085,0.000452448146107749,0.029416348125638,0.000196385067366626,0.0156630361993695,0.00322549082193058,0.0075767611742555,0.258939035580768,0.00227299690490899,0.0140590725595559,0.0139697350362398,0.00810331211531566,0.712562586914348,0.0652061413338446,0.0821606572476927,0.00753450769862154,0.00125540636828852,0.0969723438960881
"gene_159",0.0013194523647394,0.0331922534818017,0.0378367262707223,0.0113871488734993,0.0225988635832843,0.00798009540470889,0.012832828826592,0.00617717690663418,0.16427923302186,0.00340679985659435,0.0572363398026039,0.00795762971189811,0.038979918173715,0.0485402478122655,0.000859769333379909,0.0190460866275683,0.00761752232943183,0.0270510952830151,0.0103276332589749,0.0170086910807701,0.0232079584840413,0.00619956726713297,0.0360549471832569,0.00155333746016202,0.0156291524595526,0.0306043258791759,0.000108252973300345,0.0120195498132638,0.0219481503391955,0.0377358961091441
"gene_160",0.0512781880116221,0.000197029791041945,0.00262037507894682,0.00909751514492592,0.00808403368916846,0.000372176972655318,0.0121406990265016,1.45762649599391e-05,0.0285978311991191,0.0182629727677017,0.12355191762076,0.0200749923077011,0.000420426919804844,0.000461185654632417,0.00513253929910655,0.000776273035884415,0.0261076398345583,0.0489964092474172,0.0058707888789986,0.0301028446070118,0.128246144426121,5.26088185103687e-05,0.0456392256028548,0.0425297340376655,0.0185322250018144,0.187704577602491,0.0444440969655456,0.00356830239285788,0.0143994721600504,0.00214034711124227
"gene_161",0.00887603168515544,0.0114571706256495,0.0256657431211221,0.029569650670533,0.000296028341123255,0.00170553764927897,0.00108406590409628,0.0191968056661323,0.00677179674077462,0.0116165428830654,0.00345093292939792,0.0513205995495816,0.00306714514929232,9.11939177367609e-05,0.0144950716409392,0.00538178678579365,0.0309760413180492,0.00779942343706947,0.044485290167879,0.00801709250480319,0.0393821116802506,0.00775149003143003,0.0033700048551787,0.0153240629032986,0.0427635907594301,0.0223203412148283,0.00779509454676686,0.00214633065978027,0.0166620358958269,6.00813464267112e-05
"gene_162",0.0153447483941333,0.00154541478990087,0.0320778985524273,0.0215897091749505,0.00461497269943795,0.0133832649292893,0.0012823138199835,0.00489598528979872,0.0149257573639295,0.000472667873521703,0.00715400032657075,0.000331006868189221,0.0021157969290731,0.00731830464000491,0.0279290014616335,0.0112527562315232,0.0164919494079313,0.000333584158579178,0.0240797118130914,0.0118584708106815,0.0184585415004358,0.0128327546121779,0.000116599738034831,0.00346738436467145,0.0024888382781597,0.00912142504952983,0.0021377141618256,0.00723382434039142,0.017955611829291,0.00857440153444502
"gene_163",1.36295418175109e-05,0.0243398740334024,0.00955332022935024,0.0430740471243003,0.0367339697950025,0.0205292060131768,2.79984181211775e-05,0.0647596549514965,0.095345770732432,0.0450125338780237,0.00188348978920186,0.00324762587002185,0.0423770518083183,0.000529638152818833,0.0229470964960905,0.0553948113750984,0.0361756333619258,0.0200113445273448,0.0183351410221386,1.49417264486749e-05,0.00361933177403155,0.0116237953869571,0.0116254337560484,0.0111261052338422,0.0334802665781449,0.00368907301116979,0.00340235044553979,0.134953194964503,0.00704841699394703,0.0345763459623847
"gene_164",0.00208891826627335,0.410341258480798,0.0270025657464248,0.0905935002574824,0.0110530037734869,0.00170811664948196,0.00909066307645474,0.011390244415374,0.000380399358330749,0.00146689291578131,0.000944893136778538,0.00158382075306861,0.00140739147358114,0.00241420167610602,1.53870414548198e-05,0.000434937558390378,0.0264905843687166,0.0959286761966403,0.00112655427834272,0.00867742036126448,0.00890025212794508,0.0718598272070692,0.00736327559238392,0.00270232958574069,0.14321334908873,0.000419468197752853,0.0395867757277518,0.0246028886586197,0.0311394560212363,0.0292152441518442
"gene_165",9.75740954248698e-05,0.0546053179739006,0.000847393784567486,0.0281716651989942,0.0477670164965149,0.00471882227966094,0.0334439141876953,0.0902523811678898,0.012789562656732,0.000859641936005859,0.0123370021369986,0.0230585514318107,0.0572567315257145,0.0134288126873823,0.000369929818170198,0.00633749321238955,0.0323949380513861,0.0153891446775521,0.0392532038578049,5.39621205719997e-06,0.00975147181797043,0.000282990065184778,0.00467037496557305,0.0140328193741227,0.00790400268710613,0.0424077242847445,6.45436582040622e-05,0.0397189935896204,0.00813631080899721,0.00358229542650634
"gene_166",0.00968165785124595,0.0595006377746215,0.0129977099664398,0.0107497359867677,0.0126016606371727,0.0223448787440192,0.019293548552942,0.0011071905027948,0.0103769078543273,0.000709892441563302,0.000907847960341854,0.000484921400218434,0.000830519719847166,0.000308592065267112,0.0184397575348069,0.00366960811787218,0.0108296468501278,0.000533612278409626,0.0328338190984362,0.00655990431388165,0.0858330790914318,0.000538424463898952,0.0709874633702698,0.0330043434046054,0.0430526725246949,0.00217539053415264,5.41413359815472e-06,0.00748772921547752,0.045445522313261,0.0180276701628265
"gene_167",0.0181926689676654,0.00741632733375184,0.0095991212552736,0.0355167893126236,0.000568549384881821,0.29301866923077,0.00648614294670431,0.00671471499631488,0.00620146055252133,0.00445843608625542,0.0227893022632718,0.0187638490818354,0.00150842478553327,0.00636348801860554,0.00220384205762699,0.0135122064980362,0.00298725753820947,0.026194644233874,0.00464681837432042,0.0129152837322685,0.0135619031044208,0.0545753108344122,0.0115402045252615,0.000344820994180917,0.370813589348658,0.0047973707741412,0.225710634758185,0.00295452335910366,0.00550635533226067,0.0624841745191509
"gene_168",0.00666784950907989,0.0581662129698609,0.00170289660629508,0.0106059641284821,0.00129098678156,0.0066045169191048,0.000892392575914347,0.0209158767887575,0.00799224382430427,0.038930671691775,0.00365505638567954,0.00138458596725468,0.00326404131176277,0.0248054758007775,0.00192858864649561,0.0243938864064938,0.131585121162069,0.0149171403227903,0.0231561632075468,0.0133312850877113,0.00603031322049458,0.0762295305757149,0.00613703530547383,2.53509596796321e-07,0.054175519343315,0.000935389093970815,0.197175094211999,0.00662639517859001,0.0211379139890417,0.0281605202060609
"gene_169",0.0323442587166363,0.014385514643705,0.0356945744837332,0.0626301594281776,0.0100193729336248,0.0175725505363965,0.00400150479556229,0.00119750491404854,0.00183889125658866,0.0308780369011627,0.00388407606052634,0.0229499973344179,5.26770110254132e-06,0.00559276512733994,0.0147150323291099,0.0407626832137789,0.0155526468689844,0.000151569718402455,0.0242093030492965,0.0256440430754313,0.00573538815620936,0.013728746862931,0.00520397497455898,0.0244368546135466,0.00166390940277583,0.0117915748327163,0.000946696277187268,0.000261145190218091,0.00362395788007382,0.0244890353259512
"gene_170",0.00279191640141162,0.0050910231664284,0.0228662056002021,0.0272805831410342,0.0103430198988857,0.000587876457319331,0.0392042302119893,0.0113330685399555,0.00806706124954927,0.00243834403589125,0.000346551634355749,0.0495699949760227,0.118053960780204,0.0321342249562154,0.00423845667365026,0.0221543465182257,0.0128443440391605,0.0183257547739484,0.00405338818529857,0.101916088458379,0.0378314698516772,0.0188492011304508,0.0118212791102856,0.00179200450592632,0.00636174923779095,0.00983779606607018,0.347680645646943,0.0194234139713601,0.0162712643187598,1.56932807001506e-05
"gene_171",0.00131302381677376,0.00584827859949646,8.05645161646066e-05,0.00726382467456213,0.0722820484370326,0.00374607429165213,0.0584536839840114,0.0180519376149286,0.0346680200489147,0.0616085755699786,0.0318011343398891,0.0867281847253355,0.0302732002261631,0.00114647657336295,0.0859475145185088,0.0278968159557851,0.00359862372496119,0.0179334706025451,0.00419587543589984,0.07229368072975,0.0164196678206371,0.00180680978215336,0.025344051806813,0.00241255558935169,0.0255929889873264,0.00556690744066274,0.0436118723072157,0.00962642030271257,0.0219515037461138,0.00737461170926674
"gene_172",0.0376395533861256,0.00101735763716632,0.0469992091496341,0.050234420382834,8.11665526992048e-05,0.0022651458424398,0.0294342307024778,0.000124209409222851,0.0171943574518537,0.0132844144814082,0.00365877076207571,0.00534971300255972,0.00365698907508622,0.243902086563837,0.0160692570037832,0.00239402881571943,0.0785590613590151,0.0348340460663306,0.021610549136278,0.00403672632830446,0.0178580890195517,0.0147642528852525,0.00672968921330125,0.0815748613528532,0.0419868686421568,0.0163809494236626,0.0026787665261329,0.00022550194273273,0.113895225306024,0.042942303551252
"gene_173",0.0013002694655137,0.00474132580409214,0.0737432166916229,0.0323328486063247,0.0405496192342456,0.0211107907481708,0.0413181712677771,0.0054192707340928,0.000855578873712607,0.017589558443774,0.000851704610427882,0.0192563509070591,0.00888808280820342,0.0349090295548592,5.74583319928043e-05,0.0147850225121001,0.0261342440493035,0.0365394376563436,0.207830120679509,8.75891329897342e-05,9.57106187847185e-06,0.0170141582840041,0.0119196418263689,0.00287948944015901,0.00843952729353465,0.00217368313209653,0.0587567391320749,0.00857553037147178,0.0637325757277914,0.0528588139172175
"gene_174",0.0122320717024613,0.0149387201712547,0.010362597063069,0.0205073380269553,0.00721774222995656,0.00822610770413137,0.0671693862653032,0.075329159309695,0.000937175489084128,0.0300744585520975,0.0322794057915151,0.0200474634664139,0.0192393700170847,0.0137732042988818,0.000352450631211764,0.00785815215249193,0.0314387166738038,0.103487098506813,0.000242724836478356,0.00696553774937845,0.00131481160434238,0.000387061749988743,0.035687178731093,0.0102259455775869,0.000690799380030809,0.010516564700827,0.0800700129658485,0.000110096766932746,0.161183642704285,0.0140879977651035
"gene_175",0.00621956683910332,0.0298319514537371,0.00324302729089299,0.000104307944369105,0.000403225976575263,0.0318455406195322,0.00552934772446316,0.00578194501136244,0.00494733989163759,0.000156945901022643,1.78021596889213e-05,0.000185389930595684,0.00908456441957136,0.00103521735551258,0.0616575026213899,0.0536773225499437,0.0439955084484998,0.0459173161997943,0.000483526118169713,0.00200253795581777,0.0139886406456047,0.0407978532632038,0.00135112979489209,0.146205644251655,0.0173131322149625,0.0367829715006813,0.00984738110991033,0.00284188196474442,0.0109719985973718,0.000901052062878914
"gene_176",0.00994049021327788,0.0210060023752011,0.0361879116201408,0.14465394827779,0.0221574265321826,0.000145346374078078,0.0107201163117435,0.0105995540300425,0.0421767706740866,0.0361182989301915,0.0222590778407479,0.0057918085659909,0.0129372699862999,0.084275386334984,0.00296752776125514,0.000805546795415125,0.0970046520423093,0.00292086193244162,0.00754372967121484,0.00945910337409861,0.00311585385487749,0.0894799227248454,0.0142167649207099,0.00755054656557634,0.173876465720856,0.0877268741047612,0.0149758268829633,0.082151037326702,0.000804979076413045,0.000622863676402166
"gene_177",0.00327200574307157,0.000487168261892226,0.0136662874676019,0.00916546885040241,0.0163668676542654,0.00394707709361243,0.00789373480335149,4.02387391052233e-06,0.00361861958450747,0.0213632985265257,0.00632143414675387,0.0734680546681633,0.0166172898751747,0.00627361639005335,0.00622397590924953,0.007604770160446,0.016556252054835,0.000368345610421271,0.00279766035860857,0.00377933868634232,0.0119597090618691,0.00293172678885896,0.031825948150919,0.00374897772892407,0.000490468055399941,0.0010610835553643,0.00172588378747184,0.00262466859765211,0.0641708126090116,0.0605598776982055
"gene_178",0.0109994300254483,0.00558482612291969,0.0827451133072105,0.00146268663082689,0.0366827498465845,0.00990026679452268,0.0112275748722528,0.0283210993984854,0.108917428212903,0.0015714149025934,0.000792355051983103,0.0388254915627937,0.067843685120929,0.0218798022347203,0.0272017024017474,0.00982282442055914,0.0190146859379933,0.00117005593313433,9.72739719565292e-05,4.5178624665701e-06,0.0546820708615767,0.0218890643457806,3.44437769550008e-05,1.97690068458378e-05,0.0247904659701877,0.0100130895646461,0.138402267187958,0.136903008226546,0.0213911097853322,0.0378766810217504
"gene_179",5.19343616812564e-05,0.0273778462393049,0.00708219400640382,0.0190937794716561,0.0395359124417992,0.000303639587469521,0.101264901885135,0.00652138102604122,0.000430246034739106,0.0158237986916881,0.0373142786838403,0.0159409975829233,0.00533817046485974,0.00539616786028165,0.0168482475208042,0.0555059813415579,0.00306401525358324,0.0007844168960604,0.0508782064882444,0.00606891402722265,0.00240221586891092,0.0470196809292315,0.0135930597093311,0.0355836564181551,0.0465550991585746,0.00409245065975466,0.0282713127279064,3.04896926415073e-05,0.0069876995866445,7.15320242939798e-06
"gene_180",1.69479177212682,0.000491134166238866,0.0495693648331352,0.0553346396272266,0.0547095308691701,0.0235738064029855,0.0456344470000351,0.000479834669375555,0.0310185739607156,0.0168485104623043,0.0263124208110837,0.0333274473118545,0.0456636034582261,0.00272196324214266,0.0586735852177152,0.00335750037732472,0.0217272122698125,0.352739277387366,0.0157127265608047,0.10606770597797,0.00733164545463802,0.000140261840723751,0.0953013522712848,0.0312166105235771,0.000699379780384327,0.0328927388899192,0.00609962310503766,0.0116444580439466,0.0489640460347184,0.0520252850409267
"gene_181",0.00018141172903557,0.00787036284617868,0.0259495240515194,0.00614611351095665,0.00298806867473155,0.00645074519086064,0.0877132197592465,0.0184567847290336,0.172567539649021,0.0182486025469869,0.238295554131347,0.0310980655742688,0.0289896762652296,0.0014957618971953,0.0142665479796254,0.0023840223009213,3.66192801986521e-05,0.00451769958364895,0.376344557844042,0.0237393836590172,0.0423508523608325,0.000285055614284541,0.00377302741855155,0.00109919475829078,0.0246724808177947,0.141325815442286,0.0670479977325375,0.00544932927486931,0.00576974092613935,0.0487785194749613
"gene_182",0.0132782802566404,0.012707711823279,0.0462495697519019,0.134126427397986,0.0301884308380764,0.013854543837652,0.0383446749156573,0.00126526155643953,0.039588828422871,0.00244101928100721,0.0141030464692354,0.00243841480763348,0.0211519413218038,0.00184128926380833,0.00454752121661547,0.0843370283413818,0.000225747716092533,0.0725073638233896,0.0253313658086138,0.0372384008384794,0.00872458054801773,0.00324669003217646,0.0177002965471975,7.41050066004484e-06,0.0148111804785286,0.0308952637133465,0.000750364101324512,0.0558409303527854,0.0130382761170156,0.0185539809396363
"gene_183",0.00400458969817199,0.0204131864361873,0.0147326700400122,0.0301716265774919,0.139479824153262,0.000590143651685747,0.000384614255353514,0.0126057005727828,0.0081481229252468,0.00867810617573584,2.00800105846574e-05,0.000263169739247693,0.00450489702077799,0.00173452714049093,0.00017079526059425,0.00706756512790141,0.0112269408786853,0.0897719989539463,0.00441925760852043,0.02574114981803,0.0015711228117856,0.00424594691691053,0.0107995004177868,0.0247104982425463,0.0192144252968724,0.0331108827142633,0.0188948241251155,0.00426629020458785,0.0287779560853626,0.010460515745639
"gene_184",0.0199477928759278,0.0537864387674566,0.0128012889781924,0.0305236821136316,8.39128107520509e-06,0.047982309121682,0.0024711520608433,0.00543668710962873,0.045379480366007,0.00229309318130727,0.00694886572844498,0.0040985086774633,0.0021590031932735,0.0246633648221247,0.0521076398288886,0.0251563260344749,0.00219071394543657,0.00885115594225114,0.00514976877391105,0.000414085606315809,0.0626589920059155,0.046718736148437,0.00448909231349987,0.0356963796831076,0.0289497146292013,0.00420952398829885,0.0183947356012023,0.0569541926409993,0.00485250599464617,0.00181673988829038
"gene_185",0.00564423245529677,0.00112293531707349,0.12292037139505,0.0170628384041649,0.00111984297853773,0.00257778261479718,0.0138785891068025,0.0146524721144331,0.0435973945131111,0.0034981845823765,0.0281340568004041,0.0113776624206886,0.0139111256542845,0.114855680260036,0.0107967795935853,0.00771245683702729,0.135373086183881,0.0432414984219519,0.00673686967298533,0.00161958972439875,0.00096324355286336,0.0379999992189848,0.0108691270480671,0.0426160844291002,0.00932887763433756,0.0321590797335326,0.00177827065575643,0.00100327089684771,0.0674273315120523,0.0133048502028347
"gene_186",0.0126385203099101,0.0484873911882176,0.00568712240703569,0.000512420824667307,0.0148594248913319,0.00220460625408632,0.0212964188209664,7.44782934386871e-06,0.357956652967775,0.00861240098296051,0.0147095808894911,0.025605034833259,0.0287986765451372,0.0200227455731382,0.00464070655373027,5.28990620240696e-05,0.0335899464231622,0.0141561066615055,0.0158441225055893,0.0335764392377467,0.000123620980641316,0.0325645839482356,0.078083585210951,0.007580325620236,0.00394556542936575,0.00669691870713113,0.013602955361019,0.0269209573377754,0.0153149879573691,0.012983015078305
"gene_187",0.000139778672273483,0.00966159778163233,0.00137153047346367,0.00794249512819626,0.0064768888786932,0.0325015948727017,0.000310720620838315,0.00168589081227309,0.00822947433029965,0.00343280029612918,0.00202460956748476,0.00134173900088104,0.00576306125183236,8.9831600047356e-05,0.000448452739956317,0.0232560830325962,0.00532249675112877,5.5019588608359e-06,0.0229897385607992,0.00563855336537859,0.0519772508666399,0.00430489582576585,5.87792638218468e-05,0.016770354842386,0.000440146310867883,0.026386949778179,0.000166128006420972,0.0287036028967481,0.00317223117732582,3.43404183915062e-06
"gene_188",0.00630602284385104,0.00986229829005422,0.00099547890005846,0.0125397399784854,0.167046179583551,0.0183123163334615,0.0353710170746711,0.0592183883536208,0.104456929877959,0.374056213583094,4.25654034991973e-06,0.0654574982054401,0.0583414912748132,0.0397125871293781,0.0265207946108725,0.00386877308054144,0.0387956892072533,1.05672691840757,5.64681540232848e-06,0.000448851458398594,0.0726412655734274,0.0223386660872513,0.0144500045532465,0.047751296400121,0.000464313504561421,0.00607464759295407,0.00598518392201039,0.0472691015577113,0.0311605602579882,0.00029371555760055
"gene_189",6.97811140743538e-05,0.00162438871596272,0.0714316227200542,0.0584614016305303,0.00693100571245989,0.0740992315985788,0.000318001035650435,0.000232749290708814,0.000534931501818857,0.0672193959294355,0.000145826073331398,0.0716039126591949,0.0291803258927927,0.00608809458908285,0.00688408294014404,0.0339144471837343,0.00795228948447497,0.000923180320473427,0.000108748304174155,0.00567104898921305,0.0066965198569359,0.0550251014649403,0.00223733638508364,0.0103677236783886,0.0291171428597105,0.000881787057123006,0.0368483292282216,0.0167762212074769,0.00197409735712589,0.0648364220326259
"gene_190",0.000575891564705948,4.24684721136678e-06,0.157439819571632,0.00797943180235096,0.000773435410754312,0.0384379111653182,0.0152749686614583,0.0406678088187366,0.00500849271632043,0.000414995073853599,1.53408298310465e-05,0.0249259569527311,0.000940721104626605,3.41235373848644e-05,0.00155654806959658,0.000760883111326513,0.00111205300000098,0.0282389837007551,0.0410609618424376,0.0174129613716589,0.00186007660227859,0.0460403513088506,0.0771223327037829,0.0248591097249384,0.000380803734247594,0.00111385677030365,0.000964787750304843,0.0170150158559713,0.0163999520393994,1.58966662201213e-05
"gene_191",0.0145661388483886,0.00800975326744462,0.00649970442451202,0.0150926738349567,0.0513703641071328,0.0167536930492663,0.0227237955634314,0.00556245803820456,0.000463452251625218,0.0258304332837608,0.000255621522120352,0.0516246076706425,0.0128563202870168,0.0406452894150319,7.71969243446856e-06,0.0535130634209795,0.0113643122712292,0.03858259703218,0.0386194117422502,0.0159424047156204,0.0617155492789024,0.0107509979935662,0.00446589909987813,0.00110792094986097,0.0277849427200607,0.00146666386592096,0.00571660020261213,0.00182637361274015,0.0360266782607066,0.0388325222265018
"gene_192",0.0250450810645436,0.0135183121479202,0.0464442626972386,0.0103056493795969,9.73353711468146e-05,0.00184668260068032,0.0609678419711107,0.000516341226448128,0.016510988067052,0.0179336405729823,0.0818505463484573,0.0024729880116154,0.0720923576416747,0.199195866247153,9.25539538351925e-05,0.0122607609860459,0.0565873489023138,0.000613673638444607,0.182490098305497,0.000260042557280968,0.0270153521754478,0.00127359329040005,0.0189593011602311,0.0656147708043921,3.2393091908563e-06,0.0073178475026584,7.71725253587428e-05,0.00280968811657107,0.00652277031983709,0.0039165657603881
"gene_193",0.0101912259442949,0.0029742987459525,0.0395270793063883,0.000276130989484541,0.0180443082711547,0.000729638781187341,0.056800684839363,0.00897091222005171,0.00038961016846841,0.0303951632031699,0.0949625034216469,0.0347139861445189,0.00510389048951221,0.329571879117164,0.0482985510539509,0.0504017609091267,0.0213285054837558,0.0947038035999289,0.370151023172636,0.0787322280807602,0.0365434283670262,0.00688501623826562,0.00256643984644624,0.0022361731123244,0.00521804708603672,0.00796187556263238,0.0221187818068508,0.00395560737485929,0.270763790817576,0.0613817489849706
"gene_194",0.00144825189919874,0.0163738877565377,0.000260368654718201,0.0174580004365396,0.0138703984529405,0.0455428757175346,0.000343532460367434,0.019289818075955,0.00310824639016813,0.0127481075211541,0.030710597195305,0.00050631980783899,0.00894262413408794,0.027722769593118,0.00403843168044044,0.0124038726789235,0.0112353835584149,0.00921961791354441,0.0213105507952266,0.0503911239685841,0.0530529316121797,0.0306446148387541,0.0356958189058517,0.00218600745328067,0.00322543171476301,0.00986062930514107,0.0568833725263024,0.0726093719855866,0.015935804685441,0.00127184697076508
"gene_195",0.00323953180124116,0.0466709682048371,0.0229680053168593,0.0214586257846336,0.0578188981073877,0.000583718314352063,0.927211364739419,0.00497785066454942,0.0155998455930094,0.0560962145630292,0.00536988334293928,0.0320907666670519,0.000109890043070341,0.000196321586274868,0.0117932017741312,1.41233606776693e-06,0.111895327761437,7.29452910971921e-05,0.0498073030935327,0.0459354942862178,0.0201076724806919,0.00244602214125229,0.00512981814928815,0.124038127915696,0.00729258330646028,0.00170115025692144,0.0484618518059315,0.0429881505097027,0.0218077047881933,0.0225856281255277
"gene_196",0.00484015119988993,0.000569069890831161,0.000360717561602869,0.0160431936224864,0.00944837925698438,0.0291308404847885,0.00474230704083293,0.0254450376745369,0.050050519373193,0.0273893907893979,0.00406677460699929,0.083687388762454,0.000123068644067157,0.00195428615245737,0.252006861792819,0.0231794006606162,0.0368464446432959,0.0023094357232327,0.0525048070663131,0.0025983873390892,0.0531050545234093,0.0962326289062428,0.00124093652687415,0.0934533902689085,0.0135795670274942,0.00370399462376825,0.0423906666868078,0.000925711552078937,0.00172353320755092,0.000577664102202532
"gene_197",0.000104458735150339,0.00247201763042295,0.00553991407756258,6.76839258196012e-05,0.0151035326071726,0.0154801400865815,0.00183425755702167,0.0508915449406434,0.024466850774766,0.00421835375265659,0.0219976485482207,0.0129284544023212,0.0313686730395923,0.000494758846612292,0.017843281515149,0.00429158751393325,0.000302002836217115,0.00415171075091658,0.00387105405198441,6.74877843551109e-06,0.100310158241824,0.216932155247482,0.0148375246319239,0.0176010687980937,0.0365793687312927,0.00576562292458907,0.00171972855636818,0.0353861800787668,0.0325108574429622,0.00756020146754975
"gene_198",0.0014535117118333,2.2949764553456e-07,0.0528844084279165,0.00753354941004157,0.0458645355879235,0.00128125062859825,0.04594856387164,0.0013210646588954,0.00745278265227409,9.87493019058057e-07,0.0115835824776567,0.000505478435136029,0.0452959525845841,0.00900617649088785,0.000111895807510689,0.0026065896287057,0.00717246754483163,0.0221193177025346,0.000309011968118123,0.00691193450314071,0.174722637138931,0.027750384910612,0.00234428506010766,0.0810213885026656,0.00010378979005624,0.0662508589380531,0.031817695066783,0.0212237882147053,0.0355579750825337,0.0312231201134783
"gene_199",0.000409950889070236,0.0773136600620595,0.0854670615491427,0.000795033455401623,0.00106779672633653,0.0153861551171312,0.00786389773292713,0.00626888686399875,0.0602448800356195,0.00243785744948627,0.118564375597736,0.0325796731133364,5.65673703983722e-06,0.00853667617124721,0.0188459346751028,0.0117043247025672,0.00017124854187215,0.140809274443472,0.0226635729097176,4.04163100881667e-06,0.00694622730449566,0.00228299982507483,0.0152779538905122,0.010942807631955,0.0233850873733812,0.017951292692607,0.0397108023114259,0.000757194784907997,0.000177060159740096,0.0539833904310143
"gene_200",0.0072793923688562,0.00106653494831706,0.0232415718024988,0.00156269647843163,0.0453171665632077,0.0128863929940408,0.0125538454813792,0.00276788043497315,0.0228887818676964,0.0212820155194006,0.000128503637457177,0.00475662039026291,0.0196970177225945,0.0848344900156419,0.00559811603564848,0.00337932199476264,0.0624459280638654,0.0562427463595354,0.145916033020194,0.00932502694253066,0.00257916953721362,0.0511054278327609,0.000290728831201994,0.0646268327369671,0.000881744893093579,0.00376038031440666,0.000910533338873719,0.0921891766789762,0.0105530466110433,0.0098246285696196
"gene_201",0.0220692655914994,0.0153302790633408,0.0235874305399397,0.00681589662787657,0.0396250582979331,0.00346552865371651,0.0230913054344066,0.0161211114154128,0.000953785527327725,0.00535310795555654,7.95227769955862e-05,0.0181643331757903,0.000913577806921843,0.000578858708356901,0.0258315979449773,0.0443129261077288,0.00315972335693593,0.00856971516181123,0.0014955105351081,2.17608005340936e-05,0.0166087718039808,0.00277312197889814,0.000307802071747667,1.12580169210648e-05,0.00875548688139525,0.0208513335693219,0.00482160059697583,0.000534299496755467,0.00776425389631979,0.000294263378262479
"gene_202",0.00353860651001168,0.00368948652770366,0.00349068728461766,0.0370839604802389,9.17384223230953e-05,0.000889074358087743,0.00342649973173169,0.0131441893827022,0.00288585165852866,0.00358843907947379,0.00446973977042685,0.0216521922612065,0.000806711168784821,0.00390372102894373,0.0180053368980383,0.00570961164571882,0.0426870452097349,0.0223167653707374,0.0767361123250242,0.1106420712849,0.00125608701432271,0.0165532403556148,0.050167232749125,0.000357720977616034,0.0433719489463777,0.027573545718548,0.00246580287209286,0.0155452897328852,0.00286639839706292,0.00627902733606718
"gene_203",0.0248519526953451,0.00902269464995561,0.00987646445640762,0.000717720821088519,0.0260406106485685,0.18044215313225,0.0381917875057241,0.00177299415309939,0.0265348666768911,0.00106915487776609,0.0188939049615803,0.0386513506735381,0.000915413384765673,0.0245828671762751,0.0128298705928413,2.87205056806341e-05,0.065376441434496,0.0297363725775273,0.00737391209992629,0.00910464657120683,0.15489881715436,0.0175510576489894,0.0559203509802144,3.92928903377942e-06,0.000778243728218199,0.0265974734391831,0.00387535723135856,0.0167676841301508,0.00164072913690502,0.0472271669614544
"gene_204",0.000271535764952143,0.0500203621050719,0.0895399906575225,0.121590921347959,7.72360611471064e-05,0.0119405555242878,0.000330194243448916,0.00153131836464835,0.0107916940828574,0.0586838690885151,0.0054406507548511,0.0357142213150265,0.157617543938942,4.88986354232458e-05,0.0365587488047811,0.0787043429344936,0.0106812831003856,0.00232629199495903,0.0010049614814039,0.00502699264813125,0.000613787834485934,0.0102564344571715,0.004907563987437,0.0124848947403775,0.0638562503286721,0.0450143720400297,0.0870080639232212,0.022666237856897,0.0359012297714255,0.00279255397365444
"gene_205",0.0201965210529349,0.0471188531175514,0.00106602243366985,0.000142324363802534,0.0285509949654059,0.0251789990059028,0.0345272745188012,0.0215794138299806,0.00238402266750209,0.00353332291981979,0.0479746413967932,0.0397955269715927,0.0745141841488652,0.114232499655853,0.0170352566355862,0.00664667602434307,0.0747974646182508,0.000291850684410962,0.00666717906963279,6.23222257032322e-05,0.0358983655052583,0.018503501753485,0.019606638346888,0.056506677360764,0.000498545858632125,0.020211880829688,0.0131712596096395,0.0249473728475586,0.0706089427474427,0.0192059833770549
"gene_206",0.00248198110516731,0.0110726252653817,0.00594370932635138,0.0356801442145113,0.00365915919113674,0.137590939904,0.0151587732578362,0.0509325662906418,0.022698695406379,0.0170536663793346,0.0326271354183032,0.106410038908158,0.00750060441291447,0.0129604655744281,0.0124402347847358,0.0684027043563195,0.000637373021192849,7.26913247881497e-07,0.0898818197919278,0.0043368743118001,0.000712046659094629,0.00116262187625603,0.00228252111362552,0.00384932121679602,0.0409698990736074,0.0055156698822093,0.0697882687279974,0.0409651990751978,0.000883150747596128,0.0104189056082168
"gene_207",0.00125983105118315,0.0485789709550113,0.00117747970439759,0.175046721230189,0.00397983966120125,0.0257076768495741,0.0310456596812692,0.14092516235385,0.020583286013596,0.0291517724364762,0.780099921219808,0.00930561086941153,0.000351868504892931,3.5567682799945e-05,0.00292115575302353,0.00555088743160823,0.0576292320337497,0.057186640423168,6.57804728133419e-05,0.00287625949029697,0.019270227656837,0.0148575701998943,0.00127665660523535,0.0227728417176351,0.085346947106899,0.00235441373781332,0.000543616474576525,0.0341692467630672,0.0374901808994569,0.446851549439088
"gene_208",0.00211862297413831,0.083348482058305,0.00202948895172978,0.14477560710764,0.0260964704449107,0.057250881543205,0.00243090990562164,0.000950063535866875,0.0130107014079726,0.0594798715810026,0.0096767224905919,0.00899415226817306,0.0594002663054472,0.0484387851375171,0.043626602469463,0.000525970594322301,0.00924185098668765,0.0125424875660326,0.100881486502005,0.00123179036240745,0.00910883868371481,0.00829073386366352,0.18007937056475,0.0184975912889379,0.0112287994688196,1.98475597707369e-05,0.0116802342010232,0.0587224706332599,0.000417665723655263,0.0304339675157532
"gene_209",0.0210904337334603,0.00157211289503067,0.0278394146519227,0.183487251514168,0.0369100575736803,0.00584028546520046,0.0150591731169875,0.172815630273005,0.00107615563788284,0.00610442472898245,0.154017086725498,0.00505710547385507,0.00104717570181562,0.0422491985391443,0.00104123752821954,0.0704377605168671,0.0026237718613736,0.00599979514954984,0.0016530471507783,0.000122776087791274,0.0127337965626759,0.0384624038667715,0.0482416239547245,0.0104956241069774,0.0510921262308416,7.89312982530172e-06,0.00485672728538167,0.0175715602541631,0.000592767752354063,0.00741815813856548
"gene_210",0.0290821732681463,2.0178942827138e-05,0.00397433620439213,0.044319782697437,0.136936034182374,0.00200296866668498,0.0882075478644576,0.015912334447897,0.0916968631753226,0.0147211271202728,0.000667602087210069,0.0167331018309257,0.124523084944641,0.000963556410383119,0.0578638379302968,0.0978517029123717,0.0277889956644249,0.0060469689509812,0.014967595384866,0.00287165409617826,0.0141650466178506,0.222443390123254,0.00315868671949577,0.000215860058520274,0.00734815667208394,0.0419281026952956,0.00139227112579362,9.71540076903643e-06,0.0531495074594109,0.000583289782287486
"gene_211",0.00964895389852048,9.78342647266106e-05,0.0024580272237365,0.00883971951485709,0.000438382399103848,0.0102432935259671,0.0749099249635052,0.00608112719872655,0.00016480659946304,0.00768530132842045,0.00232743892488283,0.00401268408872259,0.0134070723032753,0.0543544929225476,0.496385278691113,0.0086908191137905,0.0402604883150269,0.023334233202503,0.00148259991981948,0.0118259053336203,0.00554050256679263,0.0427606585690883,0.170826093379678,0.0500162160226241,0.0739482905652807,6.04655918759059e-05,0.0256623703220812,0.0417170922842174,0.452790103510704,3.85843339611014e-05
"gene_212",0.0161835664617822,0.0159117624967315,0.0340648584954594,0.00530080445810293,0.0775017594894573,0.00751805300153134,0.0476544549344525,0.00606156770039372,0.0515033799919199,0.0653201856388754,0.000490941786799102,0.0134695164316617,0.0135073321370493,0.00711842073395224,0.00507917981673463,0.00205832128602388,0.00469513593331967,5.57583414259037e-05,0.00652225133617882,0.0235951862269104,7.56458719026113e-05,0.0849942705823451,0.0130633369000432,0.00447995996167982,0.0266735816514233,0.0153251011372642,0.00265085307188321,0.0170945225976567,0.078020805625352,0.00543791229468099
"gene_213",0.00228511895300922,0.00809583957163773,0.00178861140521458,3.3309994365878e-06,0.0107685071478768,0.00306986307964114,0.020779098587213,0.130229043023709,6.91891882739392e-05,0.117039860039,0.0612124666718127,0.00614583958620388,0.111353091170915,0.000166135016381548,0.00805188290132594,0.0296834781080948,0.0445034533040427,0.0161452554595851,0.0496018828502952,0.0151130977062566,0.197843769176821,0.000169117998036208,0.0107204399109398,0.00202734325567491,0.00671935166729767,0.0201086266296066,0.00154962674842479,0.00166818512484825,0.2244237656219,0.0381939012829577
"gene_214",0.00438388815583177,0.0238695864455014,0.000511724096914358,0.00331120044636431,0.0144331467928995,0.00169838298094164,0.0169111446157481,0.0928057591058264,0.000516955031436641,0.0256482459791123,0.00453675228180291,0.00533843828716424,0.00369164803283126,0.0675718614812328,0.00177540824465434,0.0447148061380046,0.089209050338831,0.0309954950631717,0.000757842853558734,0.00749786334935018,0.0442300900676946,0.0198066311053367,2.30492706871353e-05,0.000627766854523338,0.00511146415055944,0.0357866483250409,0.0293501212585462,0.000592217737393199,0.00362655304719341,0.00993221198245708
"gene_215",0.00113975887149634,0.0370490905979383,0.0184512325833406,0.0176392957161654,0.08606204334937,0.0222791629433004,0.00414975307078992,0.000868356141329281,0.0927006269848691,0.000277118827980966,0.0154980385325454,0.00551979476805295,0.00843810296813527,0.00183893185085295,0.0588509898244455,0.0055072476634416,3.09617025519113e-05,0.0634177579260126,0.000114481080258268,0.000493731824284305,0.0204317838387016,0.000135867445927765,0.0460178849492509,0.00467620189686972,0.0571388687623961,0.019057677187269,0.0236153719747201,0.00316043096676528,0.0615173329943304,0.00126600823021754
"gene_216",0.00239878002043671,0.00615986567618957,0.0566397232741495,0.0156370804809694,0.0524753319483989,8.32468401131283e-06,0.034527751663743,5.26510186680535e-05,0.135737953551901,0.0340629649916053,0.000138215055312358,1.06191696612605e-07,0.0167415402356004,0.00122228934387728,0.000168762596231045,0.069501580975658,0.0241074848694406,0.0123008210147374,0.000318758772832765,1.40118395836602e-05,5.97231540895942e-05,0.00579913267177062,0.0501420056570754,0.00530946738921433,0.0226964330962268,0.0293907465480905,0.0257984372211654,0.0554150158619804,5.09213059888263e-05,0.0695129773886111
"gene_217",0.0143731875993873,0.0309002637454363,0.000851426959813534,4.09661145251563e-05,0.00543925859227415,0.0806566187037904,0.0010413791081355,0.0399801282201205,0.144379251151553,0.0217100474707406,0.0409031216079887,0.000722118390136872,0.00485596827568061,0.00107480397769441,0.0802281969630308,0.150006822017441,0.0459912481813176,0.0585380943101694,0.0161079359710117,0.00939269434386621,0.00816223790969405,0.00739173503608835,0.0545903220008139,1.86326559507662e-06,0.0261190899551904,0.024515802329396,0.00157003525346847,0.0168764495597895,0.000290767109486091,0.0152583393770165
"gene_218",0.000721740842524745,0.0445156146468773,0.000920867407182927,7.9588874419766e-05,0.0184860421440034,0.000996555639052005,0.016050947905501,0.132915126894678,0.0440049093377655,0.00199772993055564,0.0233069744654587,0.0976873524658825,0.0205992483485911,0.0209872020837703,0.0436448612880684,0.00822133140093386,0.00930621793064747,0.000482328298772821,1.38107646524789e-07,0.033026827357302,0.00491942608574301,0.172075764185452,0.0445632006164767,0.00059734537736701,0.0107099007799588,0.00668927168592745,0.00217003776888918,0.00507664444748909,0.0060347839205073,0.0159959096253055
"gene_219",0.00149213988627587,0.0383020154799023,0.00694957385941559,0.0188470554477341,0.000531147085379022,0.0443026858771196,0.0155270686625551,0.00158217013616888,0.0574140870355149,0.000357567715160946,0.0305911299806108,0.100922512994447,0.0280670906988354,0.087883581312882,0.00126524104041289,0.0136573764278728,0.0308388624517058,0.0152192986436543,0.00654634409264643,0.153046066764631,0.0129463425605532,0.0130936659298141,0.00178757812816038,0.00320179466969101,0.0886681301209055,0.0196788301685485,0.0477171565007433,0.0221398813739981,0.0254450083355076,0.0237727130806315
"gene_220",0.0206483793428007,0.0021131005313249,0.0229690906219636,0.000627275191536953,0.00267453660693901,1.79553356980433e-07,0.00678401479286737,0.0204997733462474,0.00608760242292653,0.000690754979205544,0.00295101147907404,0.000515208895597768,0.0310561048303927,0.00525309775084305,0.0208758159378795,0.00674508848379438,0.000123926983481211,0.023156191236554,0.168769981900668,0.00611032181459158,0.0203593822307651,0.019635355643694,0.00318436609757187,0.00365993728991355,0.0117203607930261,0.0147458097230124,0.000132162446612822,0.0067053416607318,0.0117476071374113,0.00576881956288187
"gene_221",0.132326199404807,0.000932116291888919,0.0284309569966033,0.0261200449281335,0.000486103610357774,0.0301310707827088,0.00450716827769383,0.0192740332296905,0.0329219278499777,0.0157970273576196,0.0032239400849052,0.0719733531017429,0.0779999884457361,0.00685818007860796,0.0237407277845947,0.00223930186442778,0.0130509704836543,0.00224739960562181,0.0140618631013767,0.0816600033008065,0.0221195473985936,0.00402007902444555,0.0301431872069109,0.00434281122667436,0.000103864299326876,0.0127851002790545,0.0090044622135982,0.000268197378036487,0.00210655773086242,0.0715418922723807
"gene_222",0.0779770049881303,0.0293000360021688,0.0728286712075285,0.0251521993531773,0.00988211453375649,0.0224873931481023,0.00306941415144897,0.0330187708573838,0.0827522697807812,0.013955060476828,0.0152105236747822,0.00639066249872638,0.0146767458190253,0.0388552313527118,0.0112944833337285,0.0028360817025,0.00106170758579831,0.0389019513497798,0.0384034775086153,0.0873670307259654,0.0108640983435443,3.36586784293902e-05,0.0160842720655603,0.000680448018921732,0.04832535776536,0.12294142052553,0.00634360835242581,0.0183974241222262,0.00517966280681548,0.166057352048974
"gene_223",0.00195848394701856,0.00812128511379467,3.89799356614452e-05,0.00132261762706651,0.0122452420263567,0.0116016292495388,0.00470836768679152,3.81518755274008e-05,0.0104447724635836,0.000125208470589634,0.00459271103980944,0.00194346244203829,0.0302454541626238,0.0160467605315353,0.000745530817672285,0.0114315857901694,0.0269343196071359,0.000103514304514681,0.0226432208194668,0.0065546017338267,0.0182442058180066,0.00116022708904936,0.00352590847236042,0.0115988675649957,0.0312951055014359,0.00156061969045384,0.0162913333015208,0.108781923326244,0.00217732490583878,0.00308494647884041
"gene_224",0.0153400335819975,0.00160156554077665,0.029187943266059,0.00575889104342103,0.0293304554819343,0.00675487288312254,0.129973558887871,0.0633340425218627,0.0140348122616738,0.0305543093773035,0.000367480703301981,0.0413958682477319,0.0428643399943755,0.0482840283035582,0.00273432137342688,0.00251248536677565,0.0192313040740867,0.0150502362603648,0.0106826698001568,0.00804280870725927,0.0101478387124428,0.0113306977354407,0.00164508815966434,0.0471956937980452,0.00103659609545326,0.0407777833203762,0.00185404830165972,0.219268989770806,0.13510797288887,0.0198603853657727
"gene_225",0.00785550732505772,0.00152006158256024,0.0198154927792599,0.0174789314561789,0.131076502554555,0.0211962598569191,0.00684483761169553,0.042949091704656,0.3055254205431,0.00653587700432964,0.000530802631751824,0.196125000534281,0.0440725935929379,0.000921499346265976,0.0388191021360716,0.000765002944124212,0.0722444722906035,0.814209935055445,0.0120783148419696,0.0492816933318884,0.0222859944404343,0.0462767495363544,0.00577624894616947,0.0374996834492548,0.00681654636180019,0.0149494198330138,0.0218682930481908,0.0126994267120313,0.0568082912138856,5.23998337511406e-06
"gene_226",0.0379806313195595,0.0472747609517104,0.055391540010335,0.00283007974539218,0.0145745644264425,0.0260280714391891,0.00605710420284313,0.190128370922741,0.00185920305034307,0.0279156034489433,0.0131835782528416,0.0456870462358542,0.0212044520148137,0.0119548182991841,0.0560611766080028,0.0677057303406561,0.033834387868427,0.0541654788232144,0.0102076175288882,0.0160765164794016,0.0212473897447186,0.0098367341988845,0.0493082282092809,0.0406161696183708,0.00269209626923235,0.0607214822023704,0.843512922539374,0.00175174902410265,0.0110971129736508,0.00180205543150197
"gene_227",0.00336509740767027,0.0163946470518612,0.0127421915299225,0.0487822487937755,0.0188419181862352,0.00256071464084271,2.30357527475954e-05,0.00160254585796283,0.0259000906293565,0.0746610865430503,0.0113515187182078,0.0425141024288774,0.00201086947773061,0.00799889633172438,0.0157115887470315,0.00942050477420035,0.000253234876345706,0.00226561245067841,0.00995414815305694,0.0487098654237432,0.0760356150200078,0.000226302479054372,0.00347329353236101,0.0100777277843902,0.000212284816787335,0.000520371962620007,4.43245972069142e-05,0.0227771029187065,0.0110062692339851,0.033279418262813
"gene_228",0.000946935229795013,0.0229279554390526,0.0266006829828425,0.00648457520860616,0.0281112846451792,0.0231946697740828,0.0738373294208678,0.00120215435285865,0.00367944364671508,0.0011918850864528,0.0098761519640411,0.0121392906224775,0.0231518685941024,0.000124229651880167,0.065596357574139,5.29397813081124e-05,0.0900651096575642,0.00669304521609913,0.0139381826046077,0.00332605182478908,0.0239841093613637,0.0183101559924203,0.0294629464972395,0.0141258501623454,0.000107345649969362,0.0213166518446289,0.0275641169087744,0.0432726632421007,0.00262116232137468,0.00774170976101046
"gene_229",0.033051806909011,0.0460026526839354,0.0163959859048302,0.0134445011782588,0.00362174820616713,0.000556561930808197,0.0184406317094906,0.000182060977193515,0.0131762765145735,0.000847915552076524,0.00239163824644062,0.000824686382315163,0.246249845392466,0.03153070947104,0.0305799941465198,0.0493946677612105,0.0709577251855282,0.00663526348490501,0.0625842649106962,0.0377737134320819,0.0150983737430696,0.0472998730105972,0.0390199924294876,0.00347947696327842,0.00215178438204946,0.00929989525126536,0.0758241128214548,0.00886388682830806,0.0420474025479971,0.0402384757184866
"gene_230",0.0474941639912991,0.00148848166333168,0.19858942816828,0.00132730691470734,0.00196278005308397,0.0281482165548566,0.0393445779831428,0.0301111387177523,0.000523212206958007,0.043898139210339,0.00870446492154015,0.0685602233704107,0.00170737987102937,0.0128792984633907,0.0117114624282105,0.0133937480532517,0.0785920788370795,0.00326906583216178,0.10108620487285,0.00416425348182391,0.000193916437342503,0.0211937951054747,0.036205522975133,0.0376643847821823,0.00436682849674942,0.015271851478567,0.00830143385370613,0.0604818531083881,0.00680648850744172,0.0989978438805687
"gene_231",0.00743198463778961,0.0148182400643198,0.0053676968905177,0.0440377148756515,0.0375143216225285,0.0260014435576099,0.0116223438954236,0.0034762047310115,0.0827826935502927,0.246928963324339,0.0165008563800362,0.0253606368824141,0.00684224272277372,0.0287492989025626,0.0162269216665059,0.0579936408310839,0.0441048041268567,0.000408069084052959,0.1264377032042,0.0252400601286731,0.0166837993509071,0.0185945142998991,0.0351028436531862,0.0143562314880825,0.149713768457803,0.0146358231401134,0.0352195755935336,0.00497206216996391,0.00163042821814911,0.019638348293431
"gene_232",0.0539164579100662,0.00175991382113069,0.00260123325181117,0.12304610188151,0.00675401624663896,0.0090941838565487,0.0165161320700535,0.0138262682880965,0.0526448663518855,0.0781121991821181,0.00980442038051916,0.00281949426170934,0.0210394406180394,0.0260205044895434,0.0343357942016201,0.0152087196548763,2.84690250162223e-05,0.0265530335051194,0.0645389177744169,0.0309918722546467,0.0422465351346527,0.00149350247610428,0.00368977618540658,0.000752571639417739,0.000828125528001742,0.000892954392562121,0.0321066653046003,0.00149028801002037,0.0113327062470971,0.0255710982915487
"gene_233",0.023979569454989,0.00581627107358181,0.0274543123782589,0.0460984188828337,0.0137015756617787,0.107484248734703,0.0233853815874806,0.0126004859094956,0.043096150499898,0.0634421768944957,0.00140590649811009,0.0428348489695165,0.00438405444809367,0.0798718443332359,0.0423359766524721,0.0483327773684614,0.0153350206589507,0.00684554710518546,0.0325481666090107,0.0227002817064464,0.00382520333670188,0.00787165892398158,0.00692624251337137,0.0415061369529803,0.0107259113668428,6.52723772733857e-05,0.0031108860658033,0.0317311847838319,0.0108655263918603,0.00393721101826747
"gene_234",0.00490826634847812,0.0164014321019329,1.71191759258566e-05,0.0204944521369104,0.0145361926172947,0.00166542108849217,0.23521698538652,0.00212246777210168,0.00312106892239388,1.21299044499738e-05,0.00677678410776487,0.0461776406091231,0.00479667661121651,0.00352683909727265,0.00428997131679997,0.00438157324166095,0.000307778975455443,0.0429600878261113,0.132460329945716,0.0342503532174412,0.00809153379952302,0.0164760861570297,0.0209661536755522,0.0996528430189337,0.0216024960859494,0.000952878908458499,0.0220945429826081,0.022516133272165,0.0217430953478488,0.0599174179572055
"gene_235",0.0011742350224139,0.0570113259336057,0.00454170123977832,0.00776202054828558,0.0467739828647064,0.0206180644675841,0.0380943468163006,0.0241846947279353,0.0169458601310788,0.0643149967312626,0.00125865148038381,0.00905709367380794,0.0975788764824693,0.0109736381304291,0.0227625792953005,0.00526462732548879,0.00622004188553604,0.0093552808094062,0.00858093997794182,0.00598466465307251,1.69626300010209e-05,0.0793395451986168,0.011400052430632,0.000412029405163958,0.00855960429721091,0.00732422707922203,0.0623617122281554,0.0148313575208102,0.148971736548637,0.0710395289380689
"gene_236",0.0851222513823484,0.0258951158663444,0.0238832621527667,0.0117201749869003,0.031203177688924,0.0103929111020651,0.000949186133621182,0.000976645544990163,0.0131879540379765,0.0105595284382098,0.027879336883489,0.00771829618151714,0.0103253977812727,0.025439781448279,0.16656844617175,0.0259349236656088,0.00162279419921224,0.0693675239478463,0.000307717326635059,0.0591806282484845,0.213217720779984,0.0586189279105303,0.0253973173351563,0.0384333052907533,0.00245471285065596,0.000582024442497657,0.000446257326631837,0.0604018264259115,0.000119076962315287,0.0162053460253376
"gene_237",0.00650889521558019,0.0460392750000699,0.0476937004061508,0.000102226004074765,0.0105779487519492,0.00885628630422732,0.04462410317294,0.010247248650725,0.0663192019415463,0.0119853201472156,0.00508179664943051,0.000606886221956772,0.00414766484041881,0.024214772881354,0.0191839848252836,0.00107597276592198,0.00243136854556979,0.0601284399858329,0.000102833836570354,0.0371606995772184,0.0343278829828617,0.00431204998446271,0.0130680834075459,0.0243420924467008,0.0577684314292797,0.0309897579142653,0.000981423415340229,0.0569378302049378,0.00860118467284031,0.0112934136026968
"gene_238",0.00400229678038058,0.0426722087615501,0.0595058444551012,0.0455234512606765,0.00629990652078852,0.0195396823520178,0.00178369370292552,0.0671862732719173,0.00227976283019484,0.000814260556397265,0.00738650139093492,0.0673060807497199,0.00130575780980918,0.025893554739053,0.0377663631298617,0.000926180231665305,0.0179147573258523,0.00714168061811602,0.00559492067605662,0.647185196348387,0.0277849699979879,0.0156547881287158,0.0157001482090706,0.0232643911868483,0.0578349861439266,0.0398954468580509,0.00389253491482712,0.00058043862689921,0.0108589266026066,0.0475135962007659
"gene_239",0.0155128953856976,0.101467058752877,0.00284155995654032,0.013966359558776,0.0287099532624517,0.0158140451323477,0.0153906967676849,0.000722223431866302,0.00136897877286224,0.0258999280886221,0.0241910305334048,0.0453394289267979,0.107835733869485,0.103135250224021,0.0392668912958463,0.0226679136157297,0.00691313852542876,0.0260448332373462,0.00251146302645563,1.44284350930523e-06,0.042785143337714,0.0205232266320055,0.0295339777962927,0.000712500850891387,0.0482239649060879,0.116192549847962,0.0474375184333627,0.026071178270127,0.0097285371733344,0.0011761674859809
"gene_240",0.000292447544489691,0.000214558132762776,0.000587756529242436,0.026538986162977,0.0217591490238244,0.0460378812586809,0.0106025791156964,0.000228045558681384,0.00321630868676374,0.0303509404969226,0.00702096084741658,0.0108754883168941,0.0382792806671057,0.0379699038108739,0.0089106583377241,0.0600081014180057,0.0379329847218077,0.00516968475877219,0.0409020118344341,0.0200026435762736,0.00871275576420272,0.00118279961259552,0.000139493057461326,0.0344602399926932,0.000356034113846634,0.007701899307188,0.000488767625129604,0.00209162924394782,0.0521575787661323,0.0352717732577002
"gene_241",0.00479084945880539,0.00136305601728958,0.0205244409831429,0.0960953845366099,6.11618922360179e-06,0.00510320315424742,0.0183260365220998,0.0598808523317063,0.0152552933349334,0.00143549726163837,0.00169159510044232,0.0173483908321081,0.0547017718955009,0.0255725629750168,0.0465179613029806,0.0360413290224989,0.223269769577022,0.00779440978880316,0.0220209888791976,0.00087279361262467,0.00705652602524164,0.00105533266306258,0.0209617753257321,0.00202163434115466,0.000810310577060299,0.000143889881679881,0.0138377915667784,0.000331424116217638,0.0127651001755828,0.0121019075396619
"gene_242",0.00054425631888826,0.0719499550970327,0.00196531464814447,0.0122864806924785,0.0238554835513442,0.00147773407269043,0.0346546826414484,0.0427833595530044,0.0283857396923119,0.0171008942837199,0.000682352774992998,0.00322049911774147,0.000907099288127431,0.000538479394284175,0.00742566345830766,0.0559889427240599,0.00043030401054085,0.00736979811000278,0.00183961760133138,0.0114917210871909,0.0451794083259056,0.000208925415259641,0.00175893007386688,0.0107960184949711,0.0399649743596854,0.00833015940238372,0.000113904054151226,0.110525433714509,0.0303128775629045,0.00355857560002459
"gene_243",0.0163127027309083,0.028491435167226,0.00125859555799651,0.00798827339335889,0.00354720541318443,0.00157983477905949,1.20219449030325e-06,0.000296822734198894,0.00485756142533982,0.00622444529849115,0.000187721672039975,0.029842006575825,0.0317189996181741,7.39997779229183e-05,0.00661296363343345,0.113245103573036,0.0187961046671499,0.259692211965516,0.00103101046735342,0.00190900872822126,0.0227731409252348,0.0032830040843083,0.104805358390207,0.00107936190248984,0.0444003090751781,8.91941690210336e-05,0.063363173329058,0.0872903399808078,0.0283901820853136,0.0137612829242278
"gene_244",0.0165178654409947,0.0702236318567873,0.127627058938467,1.10625235050777e-05,0.0113663353378835,0.000315812207915235,0.00999663069650255,0.0226037209423053,0.0131560224362868,0.00100832344902669,0.0241482805450708,0.00280912847403615,0.0475131986920941,0.0509411896975718,0.00995778156388505,0.366111567855103,0.018887432184959,0.00135189508077338,0.0120550279523036,0.026817024087034,0.00534874759290663,0.0270103749846594,0.0484292295166381,0.0340999529661367,0.0109293399604976,0.0184590987828752,0.00157117339616162,0.0147650584048889,0.0351694724115879,2.18069756656046e-05
"gene_245",0.00162154772499336,0.00200331342638497,0.0103338021165989,0.0945938735787624,0.0761607958946935,0.0145711148795257,0.108889497363108,0.000924233797923921,0.000491662680238631,0.00829751496535345,0.0339332676953692,0.0077739782445804,0.00997032033131868,0.0267641458269273,0.0011173880767574,0.0636097893702307,0.00882646594773431,0.00122406633254577,0.138434289449697,5.46832078706023e-06,0.0563231386399523,0.120001220049433,0.0464449595462151,0.061374879515638,0.00728564396685802,0.0335500062192507,0.0480221870443247,0.00410666120306654,0.0172962279727888,0.0852651511849355
"gene_246",0.0190496612041113,0.0418564530309752,0.000226057132130291,0.0349779039238092,0.00491743184575639,0.00376011487371119,0.0303222581792485,0.0989467872447998,0.0185994973132183,0.00734370562932767,0.0758451476252917,0.000650598441306134,0.0509135245557297,0.0248097332451192,0.00060040973329115,0.0366307476145231,0.173498626362887,0.0262252776953091,0.00936855431089107,0.00268922335316092,0.0580800907040856,0.0935284152445527,0.00120499413677711,0.0104732420942473,0.483487014757149,0.0141473344327995,0.0012296105449111,0.0402260616633775,0.000363564883692761,0.0389634229954902
"gene_247",0.0852571614550055,0.0069986866006028,0.00416336683552885,0.0607757747092648,0.0350870749281317,0.00306662263225487,0.0182061942105216,0.000798119310366887,0.00861510336476114,0.0124565964815828,0.00977364602901315,0.0208121560079951,0.0468375107358181,0.000445369090266178,0.00335554154205865,0.000169824722362412,8.36157876143501e-05,0.0178515888816156,0.00104936771044555,0.0250350940522018,0.046149116119078,0.010860443283628,0.0209759976889802,0.0312184444857728,0.0471100786477801,0.000206108006613955,0.0049195744261457,0.0251961053906152,0.000468915507748243,0.0498579628496147
"gene_248",0.0553300782869554,0.0314405257303689,0.0691305171111526,0.09263878706137,0.0154806652004611,0.0361593101507685,0.000234835578773308,0.00980990862951419,0.0299032662346141,0.000331490748564433,0.0224260422348273,8.42938450053548e-06,0.0016238808544783,0.0396899672597962,0.00226122268109235,0.016222126796878,0.0325437877335322,0.00536506409129606,0.0431201875395825,0.132824747903108,0.259175927657484,0.041690029202504,0.00553450305226643,0.00200733501357853,0.00343740355070515,0.000409207395757393,0.00777435052446736,0.00972279835415444,0.026316076044106,0.134718983374161
"gene_249",0.0921362644391963,0.00330571178819623,0.00970376112195831,0.00597673242563424,0.0177073660238723,2.34494004095244e-07,0.0556061728383523,0.0054928392972098,0.189225692073109,0.028110590210413,0.00968356422857746,0.0245230027245994,0.0180055430322906,0.078104128135431,0.00274504605836169,0.00916987862079629,0.00520399891321719,0.00320216480306912,0.0569572927757896,0.0259923915070742,0.014597140429233,0.0433524762999745,0.0520627194266499,0.0724509182193132,0.0110832742826455,0.0023612172602075,0.529209330222836,0.00186133004183136,0.0157978218347739,0.039875080014371
"gene_250",0.0479972987558811,0.00470384257958975,0.084041195420302,0.0189388238652147,0.00445630226274596,0.00275053712947423,8.46906515246756e-06,0.00841717915881788,0.000727884888270923,0.00195686136839655,0.0183473820031707,0.0280185645939533,0.00688034143383883,0.0126655741052707,0.00815220523331317,0.035350098295332,0.015426536401031,0.0126662910670515,0.0125056052558055,0.0262086817285258,0.0141591047460348,0.00371723876237246,7.48422306126567e-05,1.92127608984567e-05,0.0132027687277212,2.17786146854502e-05,0.0289174806528776,0.0311293693748463,0.0215833724642009,0.0103504060579015
"gene_251",0.00205844780843447,0.00305670256032795,0.00219078072809873,0.0560475015675936,0.00446297848452029,0.0799393599951769,0.26115460154881,0.0121091071860032,0.00811326829408659,0.0123009028586697,0.048010334058385,0.0138746041728239,0.160796475315068,0.00448869208872795,0.000519633553228385,0.0121829042216478,0.000636947515582946,0.0117121663046175,0.0235829928689158,0.0453067928772231,0.0217822780091928,0.0189793509801385,0.047879690136475,0.0918589128175005,0.00755646384311284,0.0134158747865848,0.0439429515887945,0.0122651762348511,0.00135971408920177,0.00671806511522639
"gene_252",0.000259497791640472,0.00425425443233693,0.00762361389326377,0.144508305187343,0.119696738888455,0.0200321789425142,0.00338732114332999,0.0260515621838223,0.0023725890121977,0.000233081131990475,0.487325273575759,0.0040471900699519,0.000108633582728996,0.00619844019058783,0.140560958126266,0.0592736948668075,0.000889418762777486,0.00843298995935743,0.00577868662071951,0.00376917610991525,0.0530496276843105,0.0437098723773788,0.0148634474130659,0.0325994102847502,0.00308466218956141,0.00874130763893658,0.0113943351090222,0.0019880877258074,3.74702838269977e-05,0.11296474661776
"gene_253",0.0868951301209969,0.0717508732470818,0.0450220048187484,0.0186443804727946,0.027060940315663,0.0101914521831897,0.0106138352648271,0.0796375657167985,0.0152182903342346,0.00138325382138016,0.0160056126126849,0.00069852511711276,0.00069157111983787,0.267339226410197,0.00154248647903829,0.087319723259845,0.018085862934681,0.028075047239346,0.00015681840610751,0.00217441938500247,0.00236930053941119,0.015575910686797,0.0354546717097945,0.000115872991899374,0.0141066745341233,0.000173703458738563,0.0210001972294786,0.00771226768649039,0.00578509513796394,0.00347149543298087
"gene_254",0.00442668880462575,0.0567707001776814,5.4541033174252e-05,0.00400697062187004,0.00112341354617474,0.028514953436046,0.000799678812191485,0.00324189360692649,0.00360289945612472,0.0342361594363523,9.62177073173045e-05,6.46616471995437e-06,0.0295117195366607,0.00771217955254327,0.0308660269928375,0.0385532782700369,0.0123404159924542,0.145530364313281,0.0330033610850499,0.0422300937062871,0.0129974721656646,0.00150936897059493,0.010333358368928,0.00436443285683846,0.0219021571986132,0.0470160611567137,0.0566725511644165,0.0289725874018867,0.00587437717330199,9.91750442781611e-05
"gene_255",0.000115894357826758,0.017819666378411,0.11119127902302,0.00189270393040077,0.000850226850801246,0.00421828806367128,0.122862200283406,0.0494802224229776,0.046829500063269,0.0796356447642794,0.0287907872685244,0.0195055090558406,0.0155349273767583,0.000884659074873376,0.0164318101855136,0.0035550385530527,0.00287881739706709,0.133974257319239,0.0025169125251305,0.0273544922308003,0.010027757738851,0.00253463463332918,0.0129949121349216,0.0638669181889634,0.0085802765354582,0.00333068186961942,6.5690964081631e-07,0.0107215918619017,0.0127878441040249,0.0496330718463276
"gene_256",0.00107329957706154,0.00245318854230737,0.00270364362469252,0.00510791654165245,0.0520033399911047,0.000582960855823122,0.0273261649506471,0.0572959035789653,0.000485541860860873,0.0131892049861913,0.097959123946365,0.0327902884942495,9.81013038564433e-05,0.00254620626975815,0.043657668636248,0.00317039013422603,2.45091261437295e-06,0.000840665653606729,0.0141571577954359,0.000144222536625214,0.0232348647178664,0.00582176540163343,0.00968707922648364,0.0299055889087422,0.000193880388293766,0.000137291975434055,0.00926180458724158,0.0191361140935709,0.00910334557759955,0.00705464576195748
"gene_257",3.48773590718886e-06,0.00151044463777665,0.0553623878620601,0.00128654946368549,0.00256751786508219,0.047211297996037,0.000976898890964276,0.0159473585472867,0.0350994600657069,0.0531199366950348,0.0607593637774913,0.0240862399802296,4.15228438800827e-05,0.0241389849142522,0.00317773549362972,0.00338037494735373,4.23590045811389e-05,0.020283330992918,0.0489881332043808,0.00760124664295058,0.0114316290616067,0.0594016383843564,0.0154046690196512,0.000304611653150586,0.0180254352089452,0.120998706397842,0.00946112026139871,0.00364173871957276,0.030745873519501,0.0342846298009898
"gene_258",0.0210125515938438,0.0433897849771653,3.67118455953434e-05,0.0118869266537693,0.0517548890794249,0.00625753716661717,0.015055561471712,0.0136080669842597,0.0404005347392233,0.000317845224494394,0.000111976577332465,0.120218173812236,0.0379594638950354,0.0479769374735136,0.00210074101121362,0.00503737301533756,0.0583657520286596,0.00177386133278898,0.0230862327993973,0.00327521334451547,0.0044500193469369,0.00384985967655043,0.000754760141813814,0.000270595461081294,0.00292441030233961,0.02577359927371,0.0712190277635826,0.0474595156884897,0.0149542246427086,0.000255274666935399
"gene_259",0.115758017160933,0.00545104080699661,0.00014131118271111,0.0162050447118363,0.0336325259833917,0.00159267510521495,7.04058015366169e-06,0.00200705916973904,0.000303880533702929,0.00857475779776295,0.015395568367749,0.086987232523196,0.2149240389393,0.0133751406958292,0.0162925594837086,0.000113036359624731,0.00686981151654874,0.0435873027662013,0.221358100130654,0.00529485571448924,0.101421041757556,0.0277882701913958,0.0199290660998039,0.00392473574220603,0.00119657921755538,0.0261035201447961,7.17302115017719e-05,0.0986764308284236,0.0591254552041469,0.0142154098579515
"gene_260",0.0520312120680779,0.0371397082204716,0.00150145791625712,0.0257408030472258,0.0324412679158926,0.0107485650564679,0.000405317292839416,0.0048698327733747,0.0578901955286943,0.284641377184829,0.000884367301473224,0.000300450315149993,0.0190476666312068,0.00175804402416085,0.0438981725714117,0.00657525818211522,0.116996973651609,0.0663703205194766,0.00347384820545354,0.0539767912846081,0.00833151356588703,0.059660844419984,0.00247245789917397,0.00986533154145095,0.00403078421638477,0.0316593327970874,0.0204207422778572,0.0293766985698254,0.0500340903285917,0.00455797924505515
"gene_261",0.00986920692958472,0.0575562533686029,0.0325674009097376,0.0318742314422098,0.0164178064396728,0.000174426585742272,0.00243678466327322,0.0138865608823876,0.0132509883530618,0.00160469681011662,0.00271859170554632,0.0017725768772287,0.0108967773888336,0.0084727720953132,6.6955387827744e-07,0.00267225681930626,0.00288639396477686,0.0746764521213812,0.0382037411417198,0.00357735143283818,0.0345045385474392,0.00213081555210259,0.044006069016866,0.0276580169151597,0.0336517340797454,0.0165769936676797,0.00382018471054274,0.00278996426308865,0.023593891079253,0.00832151883628395
"gene_262",0.00387611903831082,0.0127386558940492,0.0542488852897151,0.000631105963715833,0.00179090951598111,0.000179252811785356,0.0360510863254358,0.0194509141989524,0.0117775527145057,0.000223643252649414,0.00189437176515059,0.121273334885103,0.0260783387852135,0.000436386744992549,0.013524622157754,0.00604623204755643,0.0701275680721339,5.16397758687705e-05,0.00335752090700764,0.000643180716484247,9.8711726046971e-06,0.0168136932414732,0.0119404073810704,0.0124901301610537,0.000555935473008703,0.0534656577107133,0.00308406832490204,0.0308160218663866,0.00735769696792623,0.0442836508958799
"gene_263",0.0490559875154144,0.0119953237583265,0.0107221946609214,0.0809449064320687,0.00481072455532484,0.0476496462788283,0.064147356966139,0.0266353820295701,8.54482451396083e-06,0.00385075165889519,0.00319973926022402,0.00581703750474898,0.0156784717284684,0.00565893416821976,0.0545125408679055,0.00633006868965735,0.0176834082394584,0.00868653381259783,0.0157186005189231,0.0112846715528434,0.000746833598814822,0.0912132698387152,0.000457230302321368,0.00115076103239683,0.0277103255957096,0.000266158254230552,0.0374080731341386,0.0252603833457981,0.0398980573111583,0.0413346928963374
"gene_264",0.00508794190657267,0.0258259352881452,0.00248915796061857,0.0584606608152932,0.02959261897037,0.0173412871642334,0.169414671470111,0.00828133516911202,0.0101245345413487,0.00979608643245053,0.0163524569400687,0.0227992419366067,0.0284627396179006,1.73641307430773e-07,0.000116433668588749,0.00185932486715545,0.00446496800243057,0.0272815423860746,0.022910081763441,0.00571368286476614,0.00286965342024405,0.0124303862966184,0.0533184219930157,0.00687508887896346,0.00255797831628828,0.155223593843627,0.00146222728136985,0.00365216893556155,0.00271493009487995,0.00257070934199068
"gene_265",0.0249405106808707,0.00965142893686605,0.0526841615841114,0.0724004938153473,0.0129058813430618,0.0015301454389571,0.00598119081271487,0.0755637784315664,0.226649669571113,0.00291255199237822,0.0574469698283353,0.00162715080417678,0.0193724452824999,0.0150778576109943,0.0042660255029045,0.00161037354881902,0.00230584329993978,0.0311551155597582,0.00646181862899529,0.0073598899403828,0.0387158858958362,0.0109007824007988,0.119377945042432,0.00668868692256408,0.0157517973902812,0.0814506315711968,0.00115137836453947,0.00589735803521444,0.00697347850188398,0.00349687009709769
"gene_266",0.00556387619778177,0.000851785064919154,0.0132324799852289,0.0674797352767691,0.00260990900256609,0.0130848694812731,0.0437842079938789,0.000190541393736126,0.509893688894906,0.0172671905124364,0.0115704716786156,0.0126574290030008,0.0216466540317463,0.10349437590193,0.00244337989365916,0.0205016485656684,0.0737893961618063,0.0301872257701444,0.00370432870282077,0.0115561241308881,0.00871983204189093,0.00716847681478351,0.00341358687115494,0.0206793686077213,0.185043180837064,0.0274475265571001,0.0143445274402176,7.45055515051587e-05,0.00603383512186943,0.00327617219640068
"gene_267",0.0145099972248091,2.54137177303437e-07,0.0398545557381786,6.47025756394029e-06,0.0427299233180098,0.000226485078675983,0.0273356047616845,0.0586494137980307,0.000886790519600097,0.00979469356986088,0.00877126820862288,0.00738611305399641,0.0440116010460274,0.0806423779409153,0.086160510955941,0.00274206729424291,0.0251925555665807,0.00416688162753261,0.0398350113461276,0.043515620543099,0.0259246649070972,0.00424327414176727,0.000473727590116965,0.00161760305302044,0.000952835659069962,0.000361086736816278,0.00801756098237415,3.85891109790975e-06,0.0229195552047417,0.0014178377756174
"gene_268",0.0040400316493733,0.18020536992313,0.077722554685611,0.0202444581593265,0.134204040838053,0.020378923837956,0.00657791830979916,0.0115344226362146,0.00486923108379903,0.00478284849986227,0.0199811074140376,0.00529991131861034,0.0035586289319536,0.000416898365597781,0.0404202415553754,0.000691270508086058,0.00395931484950241,0.140968680866316,0.306038249043446,0.199848543828046,0.000626662097238431,0.0225797155126607,0.0294607394302677,0.00107878841003991,0.0026914198696848,0.00679004908079006,0.0100679672349742,0.0203456867658349,0.00765183838615101,0.0690889307895356
"gene_269",0.00157208709993275,0.00038754453110985,0.00911228263025332,2.51337858042683e-05,0.0278729667474655,0.00568641073115972,0.0131514695291778,0.0267915422762245,0.0140299996076728,0.236364253123716,0.0196664522477687,0.109825060293699,0.0151861592512833,0.01391482095428,0.0139583879636601,0.111897499172892,0.00856121914451072,0.0830258969269065,0.0633506889279537,0.00426506399930324,0.00142699087809569,0.0369516129394208,0.000809946483556272,0.00136410763717952,0.00741347773461844,0.000514737152949157,0.0269729089834754,0.0957924397653072,0.000781804586219405,0.0295869203147572
"gene_270",0.0211229893456303,0.0168492330731023,0.0098346761400876,0.00323373119975573,0.0102063390071368,0.0020155156940761,0.0262317606358837,0.024142483931877,0.0273227678270016,0.0154816382460853,0.010112617551919,0.00323365831703786,0.0327457917213414,0.194866407801907,0.0134646796521856,0.0177224724905444,0.0152608181287813,0.00142934166511562,0.0696163213825393,0.00507820778866347,0.0544394320770971,0.24422281832274,0.000259051261816064,0.00439584000651883,0.0363950202068644,0.0324356952863205,0.0629300994372762,0.0216052466634584,0.0511581474832606,0.0119721490350897
"gene_271",0.00331791594637839,0.0187357177779889,0.0503772335081836,0.0329968384136561,0.0334969007160499,0.000607372894404215,4.05650419599737e-05,0.0430915488730692,0.0220339493680913,0.00598397413739651,0.0206476521726502,0.0258865004648825,0.233797096486351,0.0872872185077545,0.00617165675297768,0.00286077246151659,0.0115755671156407,0.00691875371451963,0.195773543101642,0.00512218860328713,0.0102504819967819,0.172410302389353,0.0188120358164028,0.000335252805283123,0.0136001385461717,0.0345806523656623,0.0541891593383492,0.0196883306099525,0.00159669180101996,0.0410389416771318
"gene_272",0.0275591776038704,4.94308851263701e-06,0.040799344992033,0.001250269135198,0.0472931918063967,0.000161221326753913,0.0412926582608588,0.0031278550187453,0.000127942695621705,0.00220829949237458,0.0124901075489168,0.0133513914948538,0.0449730053844924,0.22239397616361,0.01591189577112,0.00467949267748076,0.00904879860425544,0.0252444374132649,0.0134072527717243,0.000652955697337199,0.00200814929540904,0.0248929780252401,0.000272621512334079,0.0260487497351947,0.00683403722320072,0.102578276221477,0.0027974007643146,0.0740267370855446,0.0484040631663733,0.0408042330235276
"gene_273",0.00547261030308125,0.0490705264852062,0.0524043189482249,0.00397730125104356,0.00326287782206805,0.0154070709761686,0.00737749699041532,0.0145615059537395,0.0382638558470399,0.0128712954797505,0.00348825860791857,0.0170023469100418,0.00357346669995223,0.049633072203129,0.00315217929229647,0.0499787570997116,4.46471153431968e-05,0.0938367828628325,0.122186354473942,0.109703903135914,0.0647529457418181,0.00156077989028398,0.227294319296768,0.0390929086811562,0.00700756781399454,0.0122902243760087,0.000104078005504302,0.000985585058031515,0.00115511533614466,0.00199390553927199
"gene_274",0.000378600437086251,0.15158013204659,0.00184591811258335,0.00724615360784058,0.00913621816677913,4.33906930479348e-05,0.00570519958719591,0.0156055055081085,0.00339117092603214,0.0547112074269937,0.0723745446240208,0.0721928856221278,0.0307798522327993,0.0605270076581378,0.00528166872854208,0.0111417952926787,0.0280762735743939,0.000778921084446634,0.000347354276285449,0.00790519106862865,0.00821023892267151,0.0838971593634149,0.0349402704002358,8.44020415532946e-05,0.0497020625926361,0.015088204193792,0.10218033264495,0.0375085677590849,0.0140680185302776,0.0514404323939188
"gene_275",0.00362687688411018,0.0164282852541847,0.0236271010230022,0.00670580388418624,0.00518444871817207,0.00426045012741172,0.0115369200846849,0.0103640180002998,0.0258489944453338,0.255125862134819,0.0602439587533092,6.8794180788908e-06,0.0408549662095349,0.00218459729993307,0.0213795913358887,0.00359854363580316,0.00241390865824953,0.013353715899034,0.000565081563435948,4.61067993400911e-05,0.0614339562630254,0.0600985893273375,0.0145014994676155,0.0105505990415683,0.073974125030926,0.139142763343046,0.000108892059469322,0.005003626969803,0.0102385555721441,0.0969667505568554
"gene_276",0.00176913164302045,3.37223078442379e-05,0.00739901758432586,0.00103838159284111,0.0241561350814733,0.00125291224712433,0.0391429766019501,1.33366604206274e-05,0.0935045363601598,0.00777082788884244,0.0564671716425209,0.0538239816044988,0.022521229892236,0.000543155166046959,0.0125039136041007,0.00265241774884187,0.0520040549253266,0.000248743670881071,0.00112494121424662,0.0572933028159443,5.02170777522691e-05,0.0162657715906392,0.00917878519518446,0.00244765339390769,0.0368240663518045,0.0171483926002225,0.0124753143771702,0.00901270301565652,0.0071330776991461,0.000316779726436278
"gene_277",0.0535489186082651,0.00103802087213236,5.71120848198339e-06,0.0782191683398425,0.010740973540342,0.124626475698056,0.0136650073325447,0.0383574723972709,8.39140066982488e-05,0.00230776823418983,0.042805233976943,0.000272844830470721,0.00210523482688853,0.0136242056203579,0.000687026514218233,0.000112262984358124,0.00550492881642733,0.0412950779976239,0.0603742283593382,0.00566288242884841,0.00730662364480848,0.0175461546136555,0.100318876434308,0.0623436765084885,0.032219992492463,0.0190030806053513,0.0171218177885783,8.927813161268e-06,0.0140087700183176,0.00855248636593864
"gene_278",0.0534210859536063,0.00259646285535547,0.0226487055966066,0.0331405575641843,0.000358952806059646,0.00770042338273446,0.00168620413690372,0.0384420965379781,2.59944689898034e-05,0.259032613926271,0.00506387835283668,0.0477966935239218,0.203578980011666,0.0741657664279896,0.181611186247603,0.0437489394788385,0.00240726111076927,0.00133581647118898,0.00011827565075426,0.0241695326839474,0.0163738563305645,0.01218896360269,0.00555756019866306,0.0418221750679606,0.00202590440142752,0.165400090420259,0.027580757765907,0.0384132279769386,0.00627794102907192,0.0226361101949134
"gene_279",0.0129459537735091,0.0261770424250622,0.0176517584151107,0.0118850822160636,0.00277470692590428,0.00198871970354239,0.0248172753536602,0.0223062723405149,0.0192580479084386,0.0295236756804162,0.0103329647157752,0.0573338356445258,0.0171600106414231,0.0147403182314953,0.0258175825462501,0.0578046642002383,6.91674527326621e-05,0.00253139050566712,0.00815909871841816,5.79642735695328e-06,0.0130092176429538,0.0159409870650587,0.00936771696997256,0.00676419733926996,0.00144227053197268,0.0028191177153922,0.00132502384240165,0.0346131160094664,0.270304893624353,0.106794800211154
"gene_280",0.0168233836200843,1.7127427681634e-07,0.00798479736636301,0.405148696274328,0.0297221505959099,0.0258942546676484,0.0120904763989425,0.0132419147824007,0.0314309291994809,0.00653568007932441,0.00101191652396909,0.0369228370162568,0.00983790144478045,0.00182859271464935,0.0272447056843916,0.0275688639515327,4.29463881448926e-06,0.032394525743694,0.000146605281554458,0.00968951932145529,0.0188728528436698,0.040015329200383,0.000257014988970698,0.00121172854108033,0.00877982981041983,0.0421709281361422,0.0361863103961053,0.0199594435913967,0.00268343829170363,0.00137063897117911
"gene_281",0.00124775842546424,0.0166704655134901,0.525322753714856,0.00629387891571438,0.0328455665077879,0.0300948419575803,0.0129626631228328,0.000854808459513188,0.0427452634355524,0.00150207057511166,0.0218952028142351,0.011022699479507,0.0300688781623088,0.0310004778420396,0.000817846065678165,0.228746037293525,0.0193479693478125,3.85061985086576e-05,0.00490250086058648,0.000275087842568173,0.0214940717868686,0.00139118079087609,0.0245993101700812,0.016840188593993,2.24037688666779e-05,0.00106916417048779,0.0379107329406991,4.02792667590589e-09,1.59664364438056e-05,0.0185053958024124
"gene_282",0.00294187019306463,0.00743121802377411,0.000306123488751289,0.01922974259643,0.0116592413325347,0.00101000830478658,0.102414408972135,0.0110913684041309,0.000308648018775076,0.0182426456800237,0.01348298436688,0.0359374559773797,0.00180247963795509,0.000544092558646555,0.00629173754692549,0.0588457573822847,0.0179693755064339,0.0158521968582554,0.0168550770456454,0.0351071777721932,1.90910130626336e-07,0.0154681026177716,0.112200353310698,0.0387974623570753,0.0219430749343229,0.0490124537606548,0.00230286102559706,0.0273108695540342,0.00688025875350911,0.00900820255237009
"gene_283",0.0338979992510826,0.0922927365901729,0.0105238590850279,0.0626291177310844,0.000699817155126404,0.0239243452746518,0.0276924123201083,0.0626172908384873,0.0019066062809849,0.00762145020795879,0.0210625668401977,0.007876737097622,3.60876392324211e-05,0.0214084373733686,0.0227451523685692,0.0206814450977085,0.0023808768387893,0.0103237869686325,0.0291493217673498,0.0146707633639009,0.0110009150074791,0.00207596051283178,0.00591011995861245,0.0066227423014298,0.0471365408745094,0.0289233362414677,0.0247334189451395,0.180055474978203,5.17225042748672e-05,0.0252099340156933
"gene_284",0.0171974258558238,0.0329470926279773,0.00740805425124276,0.00858227356458008,0.0162048580516304,0.0337799402445521,0.0184935100158239,0.0266995756417589,0.0232151527340874,0.00109693820303413,0.0566746145754689,0.0162554218067715,0.0173755536246579,0.00173507676443413,0.00631974280249262,1.25039426550018e-05,0.0199250045830485,0.0168927967540128,0.00121000661422577,0.0217622465900791,0.0364609938996753,0.00771274729233493,0.00160158220116376,0.00409358115610934,0.0136941668125782,0.0503844840599236,0.00144510390997677,0.0548640480800081,0.00443697167758718,0.00409794967128052
"gene_285",0.0758217668514053,0.0283278873601968,0.0248262578078501,0.0287284426223552,0.0598364854675604,0.397810807591491,0.00780705569958697,0.0424649967816718,0.0260426770182724,0.000943491139068957,0.157020013233139,0.0186955274446782,0.00266215439016557,0.0480652341773455,0.0510045714776844,0.048056663600389,0.0488092179162129,0.00241740129944429,0.435453092585721,0.107153201233276,0.0107684633911241,0.021869641570105,0.0306088587524573,0.0668065128097059,0.00330821728912632,0.000439254894610592,0.0136095168850767,9.36981995582892e-05,0.0960419272127357,0.00161794823087991
"gene_286",0.341081215180676,0.000826067275065045,0.0557634571420141,0.0262941823248957,0.0248020632243296,0.0322881830054367,0.00172196459094621,0.0160227611969788,0.00291511244969129,0.0440677449696416,0.00388985440837252,0.02778149051798,0.2009516806035,0.0739179549383076,0.0406842889000801,0.0363240473014283,0.00905536222125071,0.00487978488250687,0.0068927538099279,0.0313109565907742,0.0250311229242039,0.344996868369017,0.0258556828145233,0.0437708316320197,0.00286218387952746,0.00820470060221358,0.000823418409044019,0.0252816240252911,0.0417459669486192,0.400810712156867
"gene_287",0.0589647861238124,0.0155646917096052,0.00214832879341165,0.000976905994439941,0.000113295826338629,0.00116964845471744,0.0197724436226033,0.0681520467517718,0.0382795220453523,0.0518534790485466,0.000360046715122256,0.0545072734485265,0.0771543145600893,0.000264587686602896,0.00345778792837744,0.0166402859180158,0.262109173936526,0.0665613359442935,0.00208320640361594,0.01582566001653,0.000329526830037715,0.00589719801526968,0.014963907499917,0.0156426867691341,0.00344856421107486,0.0406762071415223,0.00265748596446889,0.00878684658494375,5.28463410972438e-05,0.000243742167185576
"gene_288",0.0358817051320922,1.15755946899537,0.0434320882368253,0.0551954369970333,0.0538749831363745,0.0168513941271266,0.0359630941711,0.0636568730291945,0.0014213763133903,0.0484269753115094,0.0660483481187633,0.205836913201487,0.0126885354367503,0.000483632703293101,0.0233991753613879,0.00223650374804373,0.0658200292536405,0.0614528148079069,0.201773144378752,0.0383656617023734,0.00205505872706163,0.00351861359351365,0.00902099729044318,0.200001936107492,0.0021044248601835,0.021933547288705,0.0126490366815997,0.013730662729193,0.0312905829011815,0.111449321829823
"gene_289",0.0472324229875365,0.00744521723798158,0.0187207703975715,0.00756260089641035,0.136088481589518,0.00121605274717434,0.00818810151942818,0.00347737851231595,0.0189546275947337,0.0332450485781866,0.0327755696020842,0.0596553608953911,0.00458974200395912,0.000281490426324275,0.0228850346814415,0.0568746569876261,0.111471600568762,0.00671364007981245,0.0866432730160355,0.327302363841741,0.0771296565721555,0.00445909923071751,0.0268224497943052,0.0012436447908907,0.00149802459775728,0.0305678375845396,0.0228529952602653,0.113423051390635,0.000403746948873288,0.00682381829372034
"gene_290",0.0016893374288731,0.0172380650070364,0.0170386188063514,0.000911583684315363,0.000502488843517739,0.271678343295214,0.0144426963196764,0.0326031952512389,0.00242429456248111,0.0190543859452777,0.0285086363234806,0.0531025457358613,0.0044312844496517,0.0250759674440384,0.190451675546504,0.0720319237559547,9.53239297578833e-05,0.00890740245196997,0.0549306730726303,0.23597975645615,0.000111833355836815,0.0133926361508211,0.320268088199389,0.118458103479795,0.0166606951435573,0.001735451434933,0.0215947983380506,0.0902713170130452,0.000700548963650318,0.0361851538373045
"gene_291",1.8185300543422e-06,0.078236040896448,0.0384859365034986,0.00536236798207796,0.00481853535969017,0.0166077126310683,0.0110124799814071,0.0180414471661905,0.00139554820971437,0.0160117414553935,0.0659234682626436,0.000433077706186483,0.0424632091725968,0.0228320853875621,0.0452268870009669,0.00163354786207586,0.00848233296690881,0.00863951959581357,3.84576040838964e-05,0.000263946664590926,0.0338441232533891,0.0113424633326554,0.0579575280443688,0.0124339778073733,0.0314131399943591,0.0411958876899161,0.00179208606484398,0.0472665284208861,0.0189259770945343,0.122325405178147
"gene_292",0.164305504025355,0.0201852436870381,0.0430039439116908,0.0115856840328893,0.00017067778570302,0.00794562278485943,0.0552816370855486,0.000614764328650575,0.018466481475466,0.0640002207117961,0.0125047521416972,0.00351363247103289,0.000517446295036723,0.000277949136670367,0.022226480443487,0.0509209405279147,0.0483890185326337,0.00419093579463997,0.00743125123982021,0.0267732320621596,0.010989990537068,0.00646896550929038,0.00740049100649214,6.93501369130474e-05,0.0053391606283391,0.0433479641994243,0.00171590853449598,0.0586198546348244,0.0207474081609854,0.130671066554366
"gene_293",0.0274287274674171,0.000179955363010389,0.00685483266526886,0.0520061131583773,0.000900342867523688,0.0569349225724056,0.000681722803678914,0.033775162635611,0.0208414821386811,0.0967284641839064,0.0181575690736847,0.00891390579232886,0.000281548722246352,0.0350200506780479,0.0155850434330601,0.0150327706706882,0.0761366451638278,0.0342573508000459,0.00761560560887813,0.00135022345971435,0.0241307495814693,0.000157356498617262,0.00741180867303915,0.0415922626057002,0.00892214081852075,0.0273481501384055,0.00209751216411856,0.0334363023889138,0.105402640558089,0.0325704665653066
"gene_294",0.0104603024579947,0.0167786364620613,0.00677541734889905,0.00237817317160043,0.144556216204989,0.00586750956280994,0.0110058646882983,0.0242023575896142,5.79887507639502e-05,0.00728129936078499,0.0400436750453887,0.00303715116196057,0.000370027703645064,5.62871508660818e-06,0.013158416093823,0.00876530716228507,0.00983610272699592,0.0308605240564807,0.0245934124204207,0.0597439584268648,0.00643851799667121,0.030524678679279,0.0422560379703848,0.0509521239782666,0.00177089563346972,0.0053784791290693,0.015172638408789,0.0044445880591579,9.87299000012802e-05,0.0145791772422134
"gene_295",0.135800481284923,0.0267338026326704,0.0046439123714622,0.113379648794264,0.00193917061562902,0.0243450214127819,0.00303751847064059,0.0139818832881668,0.0083912602168742,0.0687641442365145,0.0242180890599185,0.044647269549152,0.00286492716711667,0.0520266267392534,0.0264307900038036,0.0109517859270557,0.024070730234941,0.0244041389943166,6.19256309462779e-05,0.00306410275923033,0.0272201155701678,0.0728611335457205,1.80127685599927e-05,0.0387200632995072,0.00810269460758048,0.00313659600609692,0.00235958640660773,0.00117753252869905,0.00033664100125144,0.0460790611780245
"gene_296",0.0300383879928331,0.0596589157791926,0.0410318974602174,0.000182393085450526,0.00848121552968492,6.26421257608933e-05,0.0436010772532907,0.00421463981948384,0.0257532767378136,0.0306863181119268,0.0522070661547123,0.158844195675611,0.00246099551795817,0.00193155549584291,0.00769733653979084,0.0176271734362467,0.000275809224341914,0.00226387384740097,0.00130628667537796,0.0141068565921669,0.0218088456871165,0.0460264345283048,0.0236556207026489,2.96249210213558e-05,0.00138205798379251,0.0520895034446984,0.00633064971595033,0.0176622867955374,0.00138234602132276,0.00362817163156036
"gene_297",0.00164692928370861,0.0439833538423035,0.0473613577116955,0.0863472392066843,0.0462201314102407,0.00668388292497592,0.00256525151523351,0.0145030248505068,0.0494835109432349,0.00675862258662873,0.0237343397636289,0.010754093604765,0.00157550497868469,0.00214390697296303,0.00458903218161251,0.000727541832928256,3.83443447600089e-05,0.372765461349693,0.00931345406587869,0.00292477472068691,0.00869547581871344,0.0529958319333604,0.0594044848176183,0.0419316392564519,0.246821549510931,0.057685136954135,0.0363142744233996,0.0259470701348232,0.0049388549034406,0.00951204161581873
"gene_298",0.113639419643764,0.000580903589580454,0.0080632185477352,8.87286370674781e-06,0.0153447154580964,0.0282118007703719,0.00110900985535246,0.00504323919468475,0.0144560593882127,0.0268025323571662,0.00238656650295193,0.0235133531839402,0.0405287937804955,0.00677261021817769,0.0173269868363933,0.000398280434705746,1.64858105828909e-05,0.0322677984323615,0.0906841797383759,0.0633459732429865,0.0072769039688906,0.0194774528055231,0.0409469894571354,0.0121550160248059,0.0304482452336701,0.0418770971813341,0.036423262299192,0.089192585855694,0.00130968466419858,2.6557163793783e-05
"gene_299",0.00862209995330766,0.0508668719704601,0.00337596523486875,0.00623818980654474,0.0593853206065807,0.00185278495974837,0.00886464567204598,0.0446419527470695,0.0229819593459466,7.12184633080256e-05,6.74847806566342e-05,0.00155492182527929,0.124095806685265,0.03888820994975,0.00718419716474279,0.0292027206501707,0.0335190628930788,0.00428877793443506,0.0435308412329646,0.0123731510853955,0.0111846885128158,3.36929714335706e-05,0.00255568351734631,0.000995155385609639,0.117135245944909,0.00789171610572389,0.0292485719581766,0.0315654557194252,0.00455406308494562,0.0710834623177441
"gene_300",0.0627958757503313,0.0178447101585213,0.0113299439637328,0.0148240513811461,0.00180065810429531,5.49668161886583e-05,0.0626751849948212,0.0388785598308292,0.134227982186306,0.014448421150771,0.0342496589870442,0.0531868563113084,0.134362450921995,0.0065332275641241,0.0172780254827712,0.00065402860488937,0.00696191661801403,0.00272959726365872,0.00364606295245277,0.0276748257314473,0.0270930894366141,0.0123119620472698,0.00442694852531807,0.00920061803682976,0.0544058139367291,0.0450211311831243,0.0384222437575302,0.000122343208055343,0.00075155425996988,0.0205394042747314
"gene_301",0.0320325060538706,0.0595165796441637,0.007796816378766,0.026615330335329,0.0397620146513879,0.000240297123167972,0.00216533162226873,0.0214678976973288,0.00216528904149283,1.8946605399334e-06,0.00312392795726266,0.000160155412402706,0.0134449609375065,0.000242480387348623,0.000143573810453982,0.0238541251741867,0.00936512977222105,0.0255793940472575,0.0212256150075646,0.00918118208573372,0.000330249329502773,0.00396815511669954,0.0173193892380438,0.026998762709295,0.000371679335926294,0.00654182306399447,0.00532869796550068,0.000206555728753673,0.00486657012677516,0.0024092756674401
"gene_302",0.033175163009058,0.000812253527873648,0.00966801381939182,0.00156627165047027,0.0023176608184364,0.0512321087546088,0.050213846161072,0.00760336417653029,0.00308463335986692,0.0483092279945979,0.0559909107510951,0.00337163002951885,0.00253106448204304,0.013312005801496,0.0985070860682914,0.0509914476552311,0.00872025209379686,0.150421162269065,0.00921545939712728,0.0025494950921855,0.00223706001248951,0.0206213173766192,0.0175074587193017,0.00267204200314729,0.0467627658722055,0.00590109746554642,0.0242960031201605,5.28737780727433e-05,0.0320089064470675,0.00152616556062738
"gene_303",0.0383745059838988,0.0103826033359872,0.0569317119005843,0.0266072954616426,0.0137100073425232,0.00675612939353848,0.0234195202584261,0.00130653781831501,0.0662487612457692,0.0314532242010861,0.00398892271541278,0.00172790310989925,0.0813462469932448,0.00207533612942294,0.0184337691793668,0.0279565301165326,0.00515885722422498,0.00290977451756502,0.046413960373033,0.0108983687698161,0.0180004433210371,0.00454214371568727,0.000746730062275503,0.0554745109605539,0.0181620972480061,0.00941551661680414,0.000224557800191394,0.0318233686648549,0.0225953227769464,0.0058467280390793
"gene_304",0.0479659137812262,0.00606797656743218,0.0129486039916837,0.0183569564041085,0.0269288339867924,0.0778003870235678,0.0605662154397436,0.00222584629702585,0.0219492962985709,0.00275342321595442,0.00118299667973436,0.0214452823898383,0.00211034622896081,0.000901371773278137,0.00384325767002093,0.0710300739397482,0.0578368676482726,0.459649082860591,0.0346300877000463,0.118380931770766,0.0037888933963615,0.00126097938168967,8.59827767896028e-05,0.0471747161730478,0.0029994200386326,0.157652405324464,0.330335583274785,0.00248621258454199,0.000235494537899814,0.0937401843289961
"gene_305",0.0698359428497563,0.00674651435894237,0.0236511955511146,0.00712276236231526,0.0252001573295726,0.0290759217524436,0.00201089139734192,0.016683216214089,0.21601561313598,0.0205898724741829,7.52636993970353e-06,0.001562482026002,0.00543997294029999,2.31821536121105e-08,0.00187149463888499,0.0274154312619369,0.00706650835946077,0.000253806874673097,0.0262178083470841,0.0203312961712105,0.00509380284111059,0.0142959474912445,0.0209121698683456,0.238675923286862,0.00311392531887777,0.000278254911698348,0.00701216075579718,0.00561468253646916,0.000244287443932638,0.03366684413518
"gene_306",0.0201810762464421,0.00895937723708732,0.00449898144043796,0.0151425349981533,0.000251102378872097,0.238057244203239,0.000668944264126862,0.000188566148855817,0.00604751378927425,0.0564745474693903,0.000220361266936585,0.00100152542358846,0.00560093941123713,0.000280053098234125,0.00804037868124604,0.000470785511246494,0.0411921632411449,0.00238773500502564,0.00127038787948287,0.0121515129591389,0.00781518549536841,0.0272706723874931,0.0211364136395383,0.0225990968908529,0.0201194084910047,0.103200186263901,0.00350269780186843,0.0545984724151379,0.00014051190593252,0.000192098405464337
"gene_307",0.035248611772031,0.038086710145853,0.00456961127358013,0.00578048673845291,0.0138334557924331,0.0034698853744918,0.0795209648415106,0.0313386531198398,5.14204714769286e-05,0.000361948346099978,0.0284191055187332,6.4474936302113e-06,0.0134640651684578,0.0026783110548428,0.262429317853445,1.24204474102983e-06,0.0792943914880443,0.000133579782904612,0.0293844008993037,0.047551632363657,0.0171871427991142,0.00239214898977918,0.0687867535454418,0.00967298300611271,0.0224956204599568,0.0010392395492688,0.000596966950864565,0.017337816774367,0.0808898808718604,0.0336118199818918
"gene_308",0.0420782009636061,0.000626090051947321,0.0129643073686813,0.000961738265462633,9.34607166041621e-05,0.0290311020975439,0.0242877456204674,0.0171291125620419,0.000867555730371797,0.0123624070143633,0.0480823121645214,0.136882770108763,0.0038066669979275,0.00697681576394708,0.00566922240486342,0.000655816279166745,0.0487989555490924,0.0512458261138242,0.000554092763413332,0.00278956484641623,0.0119115786425734,0.0306101390079936,0.00763202164933354,0.0149252621446098,0.0249079141851315,0.0127781836289072,0.0108385331461916,2.34662963916783e-05,0.0442383777931069,0.00767853803923089
"gene_309",0.0109263559681937,0.0247966126265512,0.0269970606773302,0.0255543216674811,0.0447309412833627,1.50618045944716e-07,0.0254290485689737,0.0493960542869742,0.00019660951850621,0.00152640343664285,0.0593707510219675,0.00245839622039139,0.00598871981297076,0.0200976723204876,0.0513439095940468,0.0276773038118485,0.00118227117785678,9.92262325708982e-05,0.163334044100499,0.086482975098837,0.00072881778475322,0.0141698817707251,0.00216200915599375,0.0174245267427848,0.00509895647662343,0.0624447788470776,0.0115229101620318,0.0105848580064692,0.000177721471835289,0.00339193036886233
"gene_310",0.0905211595096903,0.00392634124272221,0.0129863604449341,0.000391719099133413,0.0315851400870226,0.000190204221379676,0.00252813680293385,0.000805087474016145,0.0152097270668913,0.00391346980847646,0.0578182114016523,0.000177117868623015,0.0164327345575058,0.108125250092603,0.236594895167095,0.000127784449900952,0.214040252785601,0.0120696379713759,0.00403875424304893,0.136433311137323,0.0470391617256807,0.0786814651555347,0.134897992119594,0.0200224991333789,0.002488894444774,0.0118572719381886,0.0178231537480336,0.00419132408764291,0.0104361506031375,0.00965663232368194
"gene_311",0.0108502984317759,0.539806475386674,0.0169840409061107,0.0293140130728418,0.0663653063214966,0.0196649977205907,0.0099121498483155,0.00161305228377493,0.00463358091276456,0.0756743762979548,0.10293325608961,0.00634095583672418,0.00832340134319082,0.0238467583367332,0.0170073546445417,0.0346741007451965,0.00970414549160253,0.0106888600165007,0.00296502325130509,0.139182098337073,0.00480230907381289,0.0435424646256384,0.0123881500321882,0.148731247960312,0.0105117907950637,0.0497460267472287,0.00176503832552694,0.00147134235286983,0.0205379145999433,0.0216902190541963
"gene_312",0.0707302158213512,0.0356175610203709,0.123650706194527,0.00803487496740576,0.0177972149085351,0.0232035355069886,0.0119836687744876,0.00971320622997095,0.00193981449649316,0.0428885021172428,0.0265937601574887,0.00014775186664526,0.00572286513210094,0.0231327292071374,0.00403856172729707,0.0264718394020077,0.150478787784074,0.00459725098343694,0.0152910278463801,0.0671886623475194,0.00516163227575019,0.00351351111046121,0.0201004224152582,0.0417427462591171,0.0938369484462225,0.00126218167827336,0.00198553113821424,0.0252006955081734,0.0171579281271092,6.64430964555694e-06
"gene_313",0.0170242329455762,0.0831914556862249,0.034981241238157,0.00879007679232278,0.0476483488768442,0.00150265016855538,0.00808447919552801,0.000433328000982348,0.00116234505863503,0.00771699127760883,0.0085961856541142,0.00406995693293747,0.0436202920882618,0.024553139513146,0.0141430451050787,0.00205621081838249,0.0180673853702082,0.0109278448163532,0.0437709680823963,0.0347271021394537,0.0331364746744471,0.0125060402591022,0.00886577416567681,0.0001475882573919,0.0157524973089492,0.00819583945064946,0.0220202545813542,0.0732607846819059,0.00220109603973025,0.113033071596802
"gene_314",0.0488019715429285,0.00643046318372317,0.00503502844398811,0.0505135125407742,0.0388338000935243,0.0200100933042829,0.0261617337818392,0.0100803539588522,0.0207125293760813,0.0304245152651145,0.010448455795095,0.00923621596622208,0.0154720571377075,0.0883473089975845,0.00309655267918846,0.00458174093181814,0.0150740822443408,0.137913944204628,0.139005938617744,0.00661705895052625,0.00102869260237592,0.0341304526140615,0.0234368644517892,0.103868274958974,0.00523370296399931,9.43082396463948e-05,0.00119289859884437,0.0856447505494748,5.80297208534126e-08,0.000976094447626039
"gene_315",0.000233955558979346,0.00275836275121634,0.0599980180081495,0.0495003625094597,0.00118882486503921,0.0299139802021605,0.0353226131583306,0.00105761434145191,0.00239607649010039,0.000259185058794231,0.0124499637184505,0.0499247003987601,0.106949486500601,0.0244093126995453,0.000424296119440142,0.000719942753494813,0.0277974054734704,0.0181205466343394,0.0800353209394205,0.00499025969562735,0.0114527177370383,1.43812275828811e-05,0.000965045420120674,0.214258756387492,0.0382349807691,0.0711102660115677,3.97912465892274e-05,0.0426317363212385,0.123130188693726,0.00230972107026601
"gene_316",0.00554082133278218,0.00377324533457454,0.00660727312879912,0.00106247489552318,0.00244511180233595,0.000226507634339126,0.0624544754720894,0.000880957146791567,0.00304123026062626,0.000841861920543186,0.000819759115448507,0.000370558616284753,0.000238770258719356,0.000188128234236686,0.0046006128255702,0.0133304218439921,0.0200237471848733,0.00966780201604948,0.0121007924562597,0.00278082219744282,0.000181474474366681,0.0142838312971863,0.0131212544656365,0.0104474628430067,0.00351791592309531,0.010921355973857,0.00432440624692056,0.000394168693415126,0.00659088415170327,0.00303548063404787
"gene_317",0.0528857188606103,0.0142607525822436,5.3008527609876e-06,0.0153596545040811,0.0121253801429106,0.0150526725520972,0.00233945728617394,0.0329733883360694,0.00523631272602341,0.00529122488035881,0.0218004883585287,0.000108570773605077,0.143933134689409,0.0135685528300926,0.0423218894120849,0.00547784603717657,0.114190236598374,0.00398295833873694,0.0232386943933031,0.00211995979044174,0.0205133504174764,0.0195715944273523,0.0171838994181723,0.0148705994753319,0.0792370409078997,0.00228698355911713,0.0120952829157659,0.0573146976999664,0.143706809604497,0.000117393306304671
"gene_318",0.000218919524616783,0.00393996704579353,0.046101116689663,0.0437106441152637,0.00921820040378764,0.0181274409607879,0.0118693026491326,0.0995621806088491,0.0112546915881428,0.00282831569094271,0.000123847542206031,0.0222544689112208,0.0781604348939407,0.0706023736029208,0.00394474190144246,0.0404549828510614,0.0139765703546424,0.00401364780392583,0.390301699861727,0.0190438888075856,0.000878954087042262,0.0255531925344168,4.60088455811993e-05,6.95585365317502e-06,0.0218558055522771,0.00589516135657664,0.0711625086625302,0.110947627103618,0.0331308504631693,0.0420091179061562
"gene_319",0.0120307080686884,0.00615543456470881,0.0344345494067894,0.000530657568639118,0.0221408144844259,0.0389346685903243,0.0185138879550839,0.00584674328946434,0.084157824731464,0.0251147621280224,0.00138055967254556,4.19408935540653e-05,0.13903817030763,0.00190025404146508,0.0226189361337204,0.000549394881970239,0.0127487391098704,0.0264812085479249,0.00681154024552238,0.012582757975885,0.115325012897638,0.0494222628567203,0.0110924110089452,0.0661353029932878,0.00934125742802788,0.0290535512826119,0.000143943230115639,0.021356841248327,0.099343482633768,0.000590779198150228
"gene_320",0.0397803658699402,1.41338049088799e-05,0.0278443460686475,0.0181570696084683,0.000722371149813542,0.00449879484920429,0.0589369851994234,0.0284009784889388,0.0455492753463715,0.00166871111816882,0.000110483745223614,0.0254356773085687,0.0200667374931468,0.0611590499326154,0.000337604569986191,0.00702205558395793,0.0362939180308649,0.00875513100071208,0.0152185553636386,0.00696627764402171,0.0257920377844009,0.0162514054715043,0.0124764946807247,2.2067111607363e-05,0.00738515450832227,0.00144820563274553,0.0214346974481011,0.000123790275874511,0.0245821542936634,0.0227869199980428
"gene_321",0.0694855543497507,0.00321443756139768,0.00240654665656531,0.00203179028736757,0.0610942589848143,0.023688860381267,0.0337215865921191,0.000172743649542233,0.0293534929336521,0.00253445042621625,0.0710150146115065,0.00262026610277257,0.00146189372595482,0.113031065668303,0.00606260492529288,0.0428694980249789,0.0181273376009962,0.00384301594668467,0.00315789362116751,0.0114963151835655,0.0171604699794505,0.0217289821356781,0.0737162802136149,0.0466379920671111,0.00611511305718913,0.100159013223388,0.00467226540743788,0.00312284416238429,0.103642933553305,0.0246597370844777
"gene_322",0.00494900995259539,0.00036577434924109,0.0110264198576142,0.00690646161433602,0.014691739127912,0.0236299928534038,0.0639683556062249,0.000620100173067038,0.0505717614488632,0.0464947603225391,0.0308995052251274,0.00642139907461244,0.0154119029450622,0.000114108101243417,0.0273471365626854,0.0551292024667043,0.000763562113800776,0.274138671169814,0.0736439046091315,0.00270533519504751,0.0338576604818378,0.000568247620191511,0.0527540774667192,0.138525796605787,0.0514001583819797,0.0284807264841919,0.000161721376932196,0.0055346570968611,0.0517348129952688,0.00011196250596104
"gene_323",0.00613183708187408,0.0202692098665665,0.00637115157706973,4.48016370706475e-05,0.026022123145926,0.0673110390977408,0.0160949173569547,7.02649559343703e-06,0.168372051612612,0.0716977673343718,0.000168940998767981,0.00228538796899435,0.00266064833541695,0.00681553732672916,0.0832898843407681,0.0220956315974925,0.0321712236657854,0.00058006103953517,0.0801423185254108,0.00320406659128214,0.00160181283864882,0.0238053869614596,0.0758826522289732,0.0327702256087671,0.000107027617383049,0.0193481880410979,0.10576413793172,0.00132718422145979,0.197785255491769,2.28313374501272e-05
"gene_324",0.000144991615214286,0.0074782845983145,0.052585079021026,0.00219706259961933,0.0333770335751743,0.00440695660202622,0.000764149841781238,0.00831559418401145,7.98969886119224e-05,0.00666957721240652,0.00621286206118182,2.71289680157934e-05,0.00256741507982593,8.68364682930009e-05,0.00743685111427733,0.00366227156743647,0.026213869720725,0.00333723536996065,3.67189933625246e-06,0.0133807644838889,0.0204877607472579,0.0345406430374222,0.024727025919356,0.0152123456056723,0.00981464486962914,0.111852656037066,0.0561018034625634,0.0212656575927547,0.00226880052014083,0.0407860655335232
"gene_325",0.00488403443074923,0.0645885234248432,0.0969915054407976,0.0658003742133308,0.0103025528709164,0.000132559325941355,0.048817916202484,0.0127522041214126,0.00667227647110317,0.00534486721084934,0.0276608443757103,0.00133953625606841,0.000111569907434582,0.13424081934598,0.0278061744501049,0.035253646201995,0.000228682752857398,4.15099599873797e-08,0.0580710490698417,0.0813019853699928,0.0139766745481723,0.0196073016460019,0.00142707568297986,0.0405019614317999,0.000356084259351481,0.00150870355264308,0.000267397602539195,0.136974542035885,0.0433413418443635,0.00253284660817504
"gene_326",0.000265345686736069,0.0150782997509512,0.00103396674896342,0.0321110264766143,0.025514037191405,0.00127483371542424,0.0785050416427043,0.0226504528553951,0.0167351633209373,0.0107785158962406,0.105413621172385,0.0438325413389032,0.0431914985626979,0.0185779552992934,0.00246730595736284,0.00726419990425643,0.057533812757018,0.0222829998284004,0.000334952282189461,0.0643904353631831,0.0249465743236198,0.0295767060805195,0.00149579809500018,0.0669657117917751,0.00471986026908907,0.0583348792092285,0.013798344971634,0.00884125652577905,0.000362748690291426,0.0147360153709744
"gene_327",0.0148376170798995,0.00166397059981259,0.0207488036417391,0.0252822546065111,0.0162710325560529,0.0203959991732081,0.0226654363886924,0.000984602421203189,0.0234827320417287,0.0178915067489012,0.013455326590193,0.0804547349636777,0.00481557280945103,0.0164530402077093,0.000547257040337752,0.0268458758153232,0.0329508491252365,0.0112131120525404,0.0116648389760176,0.00422420090704934,0.0280477860620849,0.000316848621334594,0.0060817500068201,0.00163254802127532,0.111253837385804,0.0318734755665087,0.0019856810468033,0.045554088016323,0.00404852602221774,0.0906850319327303
"gene_328",0.0112080009911886,0.00866412328428333,0.0305180184104223,0.0116526244469358,0.00448567424465523,0.00552335991979202,0.006426784102363,0.000475865663642427,0.0337961643992127,0.0363290743941702,0.00130325209392481,0.0220679477476598,0.0420703364061657,0.121770219307727,0.028096097319302,0.0166881428730892,0.0204300067566977,0.114582454065928,0.0152871526354728,0.0403254147074051,0.00445504780808591,0.0377096548090932,0.000384661140849452,0.00133804085935258,0.00472783276444229,0.0181272007565783,0.485096245448025,0.00969454304246941,0.00212287812379526,0.0133843600001169
"gene_329",0.043342418219458,0.000640867233189205,0.000277901374155006,0.0083229978109907,0.0265453656005477,0.00239978924963903,0.00829762036777254,0.00288622872468978,0.0406777419361305,0.0241329010441148,0.113152326204947,0.00119815279601391,0.0151980694662703,0.0505998262768292,0.0027420541533186,0.00782100942022426,0.0101792982627508,0.0311199264276084,0.00905682219982853,0.0285655293269504,0.0571667251415515,0.00731762178625771,0.000281778319790904,2.58073139531195e-05,0.00100631179452499,0.0528530339692204,0.0314619490262393,0.0132774366163301,0.0287486966122023,0.0018422796967543
"gene_330",0.000332641147160032,0.0296295610147734,0.00981579044761146,0.0386718609645283,0.0355604169675744,0.0111720969711369,0.00863384712683734,0.019537007626,0.036568072047342,0.00686619398708957,0.0507032990633009,0.284580136843195,0.0257429249734196,0.00516402640453705,0.021871472899161,2.78502779920073e-05,0.000529171808974649,0.000506239309674518,0.0749153929700358,0.00488155071162932,0.00110439330078225,0.369977144536051,0.000435740398496173,0.000894967479884066,0.00193841898550614,0.0290699598220171,0.0214378503650071,0.0169812160960071,0.135185566228569,0.0616039809617054
"gene_331",0.043241667119463,0.027253987285785,0.000178134116329924,0.0128437339164465,0.22396384895342,0.107062618480718,0.0607768982862859,0.0214132412083076,0.00234322149398614,0.0130969187367232,0.00210186413797343,0.00431491302268388,0.0723722835755458,0.00602724835282484,0.0277432682590256,1.53378387632735e-06,0.033477407475867,0.0073400861427944,0.058802672729621,0.00218862380998584,0.00012718549963008,0.00322694566059427,0.00806507776762902,0.00104750974587005,0.00357636778951869,0.00866611306577691,0.00104209708967378,0.0121990266648242,0.00394000890001026,0.149602874718637
"gene_332",0.0273120615662835,0.00360154325565345,0.00920934807181665,0.00372206782527252,5.58409571972385e-05,0.000438752631897457,0.00538405078861258,0.0062942933622394,0.0109575724743872,0.000192724676178304,0.0161736254601782,7.90502382847986e-06,1.22969726074793e-05,0.000575496469438695,0.00940905906735989,0.00248129889150239,0.0164512474963779,7.4564167028866e-07,0.0298619117618649,0.0132357832478702,0.0900361745887937,0.0691400257996181,0.011352656575878,0.000461706118731132,0.0490036524846255,0.00255376314834146,0.022160687784948,0.00156649215335719,0.0595529231542097,0.0101007880849602
"gene_333",0.0176711467141771,0.000824904596059752,9.77503661857593e-05,0.00218865400575489,0.101709295225696,0.031940542717762,0.0218218126569924,0.0671984200177577,0.0196172152131376,0.0160109875012366,0.0146280822112852,0.0359934290853526,4.42053164422224e-06,0.00229305192201657,0.00804447094401747,0.000126825178082112,0.0105339930038101,0.023204920697996,0.0123087666199273,0.0290341833101815,0.0464815677997683,0.000873530353680593,0.0304427046939345,0.123046339408213,0.0253841065898531,0.00900280967959785,0.059753672637652,0.0571526052934282,0.0279573156986934,0.00945904279088975
"gene_334",0.131607517544564,0.00246169243151875,0.00310190250106979,0.00213458698210156,0.000633304430842553,0.0211977586229087,0.000822339393975461,0.0196185178900474,0.00854888516395713,0.0323174040834688,0.0232037216984046,0.000359525959364675,0.00228559304678247,0.0226894104222039,0.0254674717293373,0.00183570225851228,0.000141984246883012,0.00806980492258614,0.000552425587780641,0.00267317471344957,0.0295328148118726,0.00390266956567614,0.0724471819754581,0.0586865127384496,0.00096340877991776,0.116982483004773,0.0602535717295359,0.00384784218242132,0.0524433733566255,0.00717538515290368
"gene_335",0.121402421264771,0.0163708466116948,0.0267131387842426,0.00397337095136134,0.0394977701436518,0.175529062843666,0.0436888639059301,0.00173136879798939,0.0210429183911009,0.0733672707517721,0.00826989340135049,0.126664895129683,0.0437517579674436,0.000305074021909989,0.000397469697383046,0.00269862454091395,0.0159754343877359,0.0621267414060175,0.00025924388679626,0.0154533485182663,0.608547152584146,0.158159051905644,0.00656120352025117,0.0301672874188084,0.008255253983356,0.00457005425668641,0.042452180496093,0.0182639056954592,0.0584098215246724,0.0126923838033947
"gene_336",0.0396264519536425,0.00281261157936276,0.0038383039697138,0.000846878617684338,0.00327886073987078,0.0325503390350271,4.72367164801741e-05,0.0409767016285871,0.00400643363816191,0.0309117434575185,0.057286513257218,0.0219342275757332,0.000494843502833681,0.0268233964418256,0.125181519411941,0.0353765139324374,0.0117069952089541,0.0167551923636775,0.00280949175562332,0.020492142828913,0.0262156321987346,0.0576983244992759,0.165495881525488,0.0104634882058203,0.0121345537996715,0.0309647678744117,0.0126065656974052,0.0146119102737226,0.00175783258049576,0.0545785725130542
"gene_337",0.00876971058950372,0.0361274448902986,0.0880600189883607,0.0388225147850484,0.00179639081009968,0.0759489796316062,0.00272326401514765,0.00255233695450859,0.0199794148918706,0.0240928359518435,0.000910367966366755,0.00336080230557181,0.0631198232053056,0.0874489647111888,0.00873591014700576,0.0295517709811936,0.0134435606824311,4.42041160743484e-05,0.000331777946371758,0.0398594738122704,0.00106301127922616,0.0152589494963545,0.00940696504874696,0.00434285805758624,0.00709509541244847,0.000175974080186981,0.060998241186972,0.000749839092074448,0.0170548688021575,0.0211118690757935
"gene_338",0.0639496608222101,0.00712701002027632,0.000985259264879943,0.0124121609602908,0.0307036007307411,0.0806713121652735,0.0336086270126612,0.0364060625536921,0.00114838564929423,0.0290700039820722,0.0625665196296959,0.00171163183798715,2.31231144734565e-06,0.000161641660928262,0.0076546232128656,0.0568068431666113,0.032996250665344,0.00715458663798647,0.007181585774489,0.0717360804122979,0.120229108421697,0.0394475378827548,0.0130758706778317,0.00473111834200584,0.150752296349037,0.00573221167124848,0.000821459094097352,0.0162540517267029,0.0207012918886811,0.0309581883536653
"gene_339",0.00131261556399727,0.00694953017111072,0.0802367377948164,0.000821096059236289,0.10644957509722,0.000506794328481165,0.0104840953843752,1.0245279535012e-05,0.28928500909503,0.0863786434789908,0.055172035630715,0.0624075517248967,0.030249749635304,0.00430183153367355,0.00036101673062699,0.0422840775538871,0.0714286201221544,0.0222164482484627,0.0166294788700308,0.019993000634482,0.0565222598593068,0.0118879185474345,0.00731783740393415,0.0349939184072686,0.0282563395000558,0.00589688914186998,0.00287413583712412,0.00163550777002773,0.0116095334462626,0.0028143416106522
"gene_340",0.0290789995943399,0.00110188677489042,0.00400393552844802,0.0557266652419956,0.0259210883750492,0.0235059279069559,0.0234749122685518,0.00701417566261543,0.00501474558638548,0.0170431147526676,0.000505983452495243,0.00481128850920648,0.318368068125565,0.00813279864815503,5.07124331401828e-05,0.0155174159470567,0.0639336559465343,0.0223204364059217,0.0143640973220902,0.0332693751293472,0.0241678307993736,0.0242039040381871,0.0154138154001632,0.0220379665923399,0.035183192587436,0.0861418886164673,0.0135576455249967,0.0219268591594214,0.0345485534055682,0.0118690012741653
"gene_341",0.0200699509251448,0.000226821303371434,3.55579555050096e-05,0.0180256636304124,0.00900209185812411,0.0109694575984536,0.00323529318336577,0.00113234232430112,0.0357228059420614,0.0035169776117225,0.0444615379242252,0.049995843239759,0.0143931059015601,0.000631744982387689,0.0853358918754672,0.0153886886247439,0.0113625096051805,0.0591775647189338,0.00286023555889285,0.0502796057561838,0.0257247422962473,0.259461737746001,0.0226905912019366,0.00982485685655951,0.0180882708234357,0.0189351788727642,0.0246085863121477,0.078322618770047,0.052982439251988,0.0090307823845009
"gene_342",0.00421554376168097,4.59157120359017e-05,0.0481259834102362,0.0289001598077054,0.000248065088236497,0.0091327523893826,0.00307806676276785,0.00174922973892771,0.00608093120468883,0.00130755955265857,0.00137606472892455,0.0105550623481779,0.000903717254682221,0.00358142830264037,0.0179967361616503,0.0546706050538956,0.0610749706958203,0.059675718350932,0.00388194201480962,0.00814858283768344,0.00407683373120959,0.0303966113017642,0.00646535969655756,0.00506721221295015,0.0431479788589164,0.175489015995489,0.00378969449648288,0.00087870177928536,0.0207897429849693,0.00542128587550391
"gene_343",9.12051927073928e-06,0.00414537398427205,0.0204249349140203,0.0725966881792218,0.0179205730140973,9.08079281126703e-05,0.0416568693341638,0.000345040419582709,0.0363855995147686,0.034850549489852,0.0120270405624268,0.0402207582107205,6.6099667950397e-05,0.00133039270446034,0.0219717639318718,0.0561644611301333,0.00344398160953608,0.0178468146419103,0.00062480249126212,0.0714838335362137,0.0144506912291522,0.0417826624874447,0.0418479993765597,0.00577131547438614,0.0634545824477833,0.0241571894454031,6.8873879574242e-06,0.103712466636237,0.0116752570851366,0.0157471651073591
"gene_344",0.00964800890638357,8.23653652763776e-06,0.00750962674492578,0.0171998877143555,0.0954257186640655,0.00319593584113183,0.000263391191158879,0.0723771526487102,0.00217341970656972,0.0326939580109097,0.0348070428301585,0.00508821466988128,0.0348087929047941,0.000685359635503748,0.00166849696282767,0.0842523134473872,0.00298601493619029,0.0398281017502747,0.0396014818564765,0.00649887477359677,0.00342835136465147,0.00313773706754994,0.199581500626854,0.0151785903033009,0.00357863544210613,0.0188106536513109,0.0244483354259358,0.192664398772585,0.00384565692254904,0.00230844618513304
"gene_345",0.00860987072675669,0.00356270842417097,0.0361227115919287,0.000467911832006771,1.91963774352373e-05,0.0267124477689088,0.0368705071515715,0.0302498788042476,0.162344056488083,0.000180299356659242,0.0642528884145842,0.00113335250168506,0.0468009806753496,0.000652518302142717,0.0489460501537105,0.0284207039782841,0.0175349007449043,0.0133931512764043,0.0238472408083788,0.045755988150133,0.0430402668017798,0.044481381968869,0.00516503224476683,0.0223037506239877,0.00439515828334491,0.01317894576414,0.181755938365479,0.00380779259302128,0.0189091926819897,0.000450957955700778
"gene_346",0.0635666655186958,0.0471877251943599,0.0421368466272996,0.00507440353113904,0.0215067323793881,0.000734236800887395,0.0231050107488866,0.00627223926566931,0.0129166121144262,0.0225487974342431,0.183961050720481,0.00133145601582747,0.00519639369300826,0.0120765445067415,0.39462983725524,0.0251665681976889,0.019499866586492,0.04511328099284,0.011091136633899,0.198654789170779,0.0240796858391323,0.00137897555507706,0.0254001362980891,0.0222721659852752,0.0305241883554474,0.0194657687714168,0.0103826848565164,0.079647986404346,0.00203815664608799,0.00240920985413432
"gene_347",0.0697822181026033,5.34547374136432e-07,0.00546311489599667,0.0284654981011818,0.0082867217966451,0.00427153301721405,0.0369429617772987,0.0656340052651485,0.00841477410851604,0.0191942693176011,0.0108626027263223,0.122521153390795,0.0564395411612206,0.0162914356519562,0.00808712462627677,0.0650201019865269,0.040860355586137,0.0141168466154218,0.00136663959606309,0.0120441266109746,0.0528632368609653,0.0949947807730237,0.00931462422012118,0.000107626792579345,0.0334740915516986,3.02924228209269e-05,0.0077146756719054,0.0984012389694178,0.0059021348993085,0.0670675059310239
"gene_348",1.44208204327639,0.022155751057617,0.0138650088085381,0.0362960135987359,4.27039699382384e-05,0.00992100981165799,0.0433855782674379,0.00127580523823843,0.0329288425097384,0.00370186779141273,0.0199929088513459,0.00458220943066793,0.0406310790348235,0.0302840439025866,0.0148822549957829,0.00396900834057639,0.0124112744561819,0.150252180539859,0.036446961219687,0.00471054033202645,0.000230268582076178,0.0131112869770423,0.0466283645281042,0.0313076779230662,0.0210821696261458,0.011386511663767,0.0072237824205088,0.0109682193422026,0.00317657503618229,0.0172169718750341
"gene_349",0.0117811208363949,0.016656368687206,0.0900292971667646,0.041957264230293,0.0453004465952738,0.0447764152958475,0.0269273606826493,0.00599739043233638,0.0187714259558418,0.00116532496559698,0.0124448053913707,0.0295370721310647,2.62904631430533e-05,0.0249547928114054,0.000710437739763003,0.016254427224721,0.00622096006869129,0.0587243257012713,0.00499551765348598,0.0126888920162524,0.00231497071317226,0.062880709583056,0.012275659840963,0.0439050730180146,0.0799093515071655,0.000800296949509306,0.0448683448364261,0.00799852147061319,0.0012200725820293,0.00739758560648004
"gene_350",0.223788808893066,0.143953225524028,0.00445567466848788,0.0443412432703528,0.000146908941081083,0.00316822854347045,0.0259637443212942,0.00507331471443863,0.000933764389780457,0.0830607887756869,0.0204923551439083,0.0123158745880602,0.0129528892936577,0.0385428561864349,0.027149806596037,0.0361137417179742,0.00865099617716955,0.272246848580973,4.92960295863887e-05,0.0475549744189538,0.0255423710777147,0.000602339576704098,0.0385628515028422,0.00629082280527626,0.027639049283766,0.00852909634705618,8.26909554402752e-05,0.0544237175961257,0.0552441490223001,0.00608800292145982
"gene_351",0.000344712905858727,0.00308828969585742,0.00183452067868161,0.00553879109605359,0.000510011946398463,0.01158254063433,0.0013016891029118,0.00192176335528844,0.00148062617579724,0.00510459108139497,0.0133367035822633,0.000237509060280416,0.00205800802728966,0.0118739195269899,0.0138254747640334,0.00464636190643598,0.00461435107694026,0.000588751235516918,0.00565463725303451,0.0312604415833063,2.34619655363742e-05,0.0118625471899871,0.0272490053813238,0.00389627141191214,0.0194809514563126,0.0459802581963225,0.0086153349874376,0.000603570345246975,0.0346651725624584,0.00285718072249602
"gene_352",0.0018673393163929,0.00184501215383741,0.00255123072090969,0.0384714461433933,0.0226401787632764,0.000239192523103773,0.00179710946665606,2.26400526641138e-05,0.00434995308278757,0.00960886164736278,0.000106693650233732,0.0975522339796927,0.14558187475117,0.00219927178297719,0.0177191288731972,0.00871763655433686,0.00402714825923232,0.00323300739397668,0.0524738721152799,0.0296025675806153,0.00322412317546757,0.0522509325972297,0.0407527754050913,0.0812070912206839,0.00469465820738696,0.00321529774582025,0.031197957327994,0.0241589229028032,0.0112811542610793,0.000582296213763409
"gene_353",0.00604001388905636,0.0124538198181819,0.00528500341641049,0.0112017595132975,0.000318461111588866,0.0139310459505922,0.295387625773521,0.00622547001805255,0.0350725662828035,0.000877319908808082,0.0540874834219656,0.000641936498072789,0.00429755318974854,0.00117877147751085,0.0254352263145443,0.0159305489602378,0.0421862020598864,0.00679704021399137,0.00052121482323689,0.00265746444464342,0.0293210809245897,0.0499778028726192,0.0391343825859914,0.000162588371372432,0.11178233204781,0.0399943218202232,0.000529821947339899,0.00538820708878592,0.00018013263050513,0.0342758938109338
"gene_354",0.0108224110850912,0.047964490035659,0.185625548062478,0.0330586964206766,0.0398731781047344,0.0122001624952502,0.00694452933304879,0.00916030960802823,0.00774551957195715,0.0179335573293572,0.00479877657543093,0.0231240916733562,0.00696835561734664,0.000522546204036759,0.0751419254594121,0.0127310247268248,0.0124202272356485,0.01168944985455,0.0362620586970938,0.000225635276183713,0.0115504135183216,0.0395444181936601,0.00514320303721433,1.76617960025357e-06,0.0370241358827918,0.031442828821663,0.00310244129264426,0.00561383214940799,0.125952643639728,0.102807574057933
"gene_355",0.0410623493314448,0.0450960856157454,0.00164881146435581,0.000657148440080813,0.0366730429133948,0.0300967282847598,0.0248985025112023,0.00359218005434226,0.0292215443450547,0.0218921365156278,0.0156374158568858,0.000318311284276897,0.0563748776445629,9.21024185271778e-05,0.0488065757365337,0.0394840894503438,0.0721729556611593,1.01122667291061e-05,0.00241356255891798,0.00262341296904543,0.0021771026424157,0.000147748096408583,0.00547556460375669,0.00459516578021637,0.0717870881945229,0.00662909782001195,0.0237002380843651,0.114746086220615,0.00632244799651446,0.00329093625474095
"gene_356",0.00774533703332135,0.032838921729922,0.0209808770720654,0.0103291051852133,0.00721964613268755,3.75731442036346e-05,0.0923525180843309,0.0124680255094473,0.0379314202551354,0.0736582395619953,0.0122148193279369,0.00120958068119616,0.00553402253738983,0.0217136980293746,0.011030140520316,0.00318293004628935,0.00947504908792355,0.0382596309995799,0.0152977392662669,0.000115654829124488,0.00516387421374353,0.00527133187317714,0.000537887954636459,0.120234087464686,0.000333101210579432,0.036131689098607,0.0182288075279876,0.00263452945483169,0.0103001416328268,0.00964473955334943
"gene_357",0.000143037142859592,0.224562411948438,0.0392704994045487,0.000237218433655195,0.0253702378273077,0.00354505702289453,0.000130218309756712,0.000661472195679795,0.0357359035568285,0.00435009118128536,0.00855922204301394,0.0105385528227795,0.0165269437008144,0.037165519122123,0.0688590668487984,0.000493677759244973,0.000225856039687349,0.000414300158483828,0.00162689374046406,0.00689823567083523,0.0933873497467626,0.0456492514278539,0.0107563164713395,0.000196976015814681,0.0192285803174199,0.420826370151915,0.00263504803482246,0.0600046395760472,0.00639456735727461,0.0731555974515987
"gene_358",0.0197933802404488,0.0023716092906049,0.0156239587771062,0.00759146805156102,0.0482820343217428,0.0237812267732499,0.0672150937129223,1.298097937266e-06,0.000983116618929776,0.018685380649283,0.0121899046906086,0.00362993077615511,0.000385639728253412,0.00201962749514389,0.00864008583912457,0.000695581395631622,0.00927946522816255,0.0559969681053143,0.000179231675642858,0.0353477127453726,0.0301269054826547,0.11443498480002,0.000439244718016599,0.0522818957277457,0.000109395508691279,0.0833423307211773,0.023589178385677,0.000195088642095624,0.129034720805775,0.00180019082703105
"gene_359",0.00194734325789432,0.0244839022355983,0.177951360876525,0.040994487209457,0.0164131031096189,0.00546498813975734,0.0198736231045578,0.0177318536391731,0.00242063989290092,0.0164374566830164,0.0527430663661203,0.00164109881267731,0.00716580754752443,0.00920116314390186,0.0214915930754773,0.0172022815315184,0.00596922165900853,0.00661806624895895,0.0241414983099325,0.004127625042098,0.0480121309663858,0.000863412457072113,0.0407104094185622,1.07307399937846e-05,0.0148712491814947,0.0661543759074866,0.0775601992554349,0.00107551964420425,0.00677451943716211,0.0416284077781833
"gene_360",0.00158634065607194,0.0138063326427875,0.000106326747434649,0.000227918487403651,0.00941975143609795,0.0114212729094945,0.0195446880118524,0.0569056781735013,0.00339027851000132,0.00691354276809762,0.0210054449348613,0.0159380527003529,0.00251564203460434,0.011308642671282,0.0204801704331581,3.02407053755551e-05,0.00276648078842232,0.0135575821803453,0.0569961415488734,0.00551864060903536,0.0192462921343713,0.038789231874374,0.0134636857040296,0.000497931955800393,0.00188208613738119,0.0155134210847033,0.00875184843516415,0.00124938656375567,0.0288381235315289,0.00153989682121103
"gene_361",0.107971975109178,0.031732192744495,0.00196453715966341,0.536062910748535,0.0172416922712772,0.00918986233271395,0.0350498203346796,0.0306821455828917,0.00229013767025268,0.000171496627964043,0.0011377821149908,0.00134173959520167,0.108058930380154,0.000653453381929239,0.00951447084474475,0.107762419491766,0.0628362132591231,0.0200013966502226,7.63945277943045e-05,0.00190806073550794,0.000222898979921765,0.0643603470322302,5.61906302273541e-05,0.0651688328755341,0.000303158984493996,0.00330731007049792,0.0159240925601141,0.0530784901920267,1.12849270205564e-05,0.107226636490901
"gene_362",0.000107643419860486,0.00701052951246617,0.0073764478077243,0.0287268220879616,0.0247749766316404,0.0283873086834311,0.0462361347123035,0.00232033976214522,0.00393469154713676,0.00641362441300483,0.0102446667258088,0.000930940469435862,0.000237554031098632,0.00362034187566107,0.000199257510742397,0.000566785263921067,0.0849489708548226,0.000628037772125907,0.00223260417983761,0.0085621945898235,0.00915940155519086,0.0852646707352568,0.0397420066686382,0.0865258750086946,0.00261948341690928,0.0481317492846042,0.00466495863994374,0.000536121191293153,0.00426093926873307,0.00103577483657161
"gene_363",0.00234271009781407,0.232188473728552,0.00718168490668708,0.0336274408029381,0.0126380947921123,0.0396005139783185,0.0196358754936617,0.211576418874663,0.00571724537560273,0.0662811529258543,0.00221128411180052,1.65575177546757e-05,0.0281612942729345,0.0452582152022086,0.0766984187980784,0.00230845332869458,0.00947182517433914,0.0177565474313942,0.0314994062582005,0.00363232942734702,0.040185812114744,0.00649816713911874,0.0244700589796808,0.00422398443271665,0.00256858802653838,0.0318420615624757,0.0158970588894386,0.154067730268266,0.0603773640982355,0.0694776327413114
"gene_364",0.00609160504402117,0.0154198484233902,0.138318718400727,0.0676445636866315,0.00302660814625734,0.0209099269943953,0.00820825841081905,0.00193342159441772,0.0429440067224511,0.0660475245539262,0.0658058461746316,0.000836475188027038,0.000380524414412781,0.000948476082588614,0.000253639549741179,9.18445436199568e-05,0.018043939670294,0.051944273423507,0.0352077702417317,0.0574940800826823,0.00329730257900744,0.0222844903047012,0.00575692535661451,0.00677900813146984,0.00755696494652272,0.000443833007827807,0.00486512737402072,0.000498136014068019,0.00334795939348801,0.0569469180948995
"gene_365",0.0798006636703866,0.00221532234886291,0.0228650490033744,0.0165818183650753,0.000169844055561433,0.0129527294526946,0.00288122177983228,0.115148896176909,0.0549058726943033,0.0198931923907069,0.142663504872873,0.0097108005399954,0.0196066177677711,0.00269876995172969,0.0147984827056463,0.108428084806857,0.000684062350576174,0.00244202531997185,0.00111653514176392,0.0319874843373276,0.000998308630255617,0.00294695349588781,0.00848631181210862,0.0723732163395964,1.42405334430093e-06,0.085560852949942,0.276322173429028,0.0102698337025054,0.04140908493261,0.000290318226895068
"gene_366",0.00913932856627821,0.00028994686134585,0.000404202274383141,0.120421050439518,0.0151857453393224,0.0250313761126593,0.0155070105986569,0.0605165370821573,0.000333506529587265,0.00614888817122841,0.000143743152221726,0.0712504389054914,0.0679932237954725,0.00892968596138736,0.0135584144800958,0.0192442654987994,0.00474657913274793,0.00220547252176637,0.0782250210248311,0.0160130831073369,0.0287624367619023,4.23607032864749e-05,0.0286866482901421,0.01563831397673,0.012203671008474,0.00724542524420752,0.00101841488973941,0.00188181637298359,0.00228128913687611,0.000356531909716594
"gene_367",0.000683570777226499,0.0550520028885101,0.028581871937641,0.00556717496356573,0.0016879171696297,0.000804487077281026,0.00590718656839058,0.0120783056547445,0.714439138339001,0.0546929549818586,0.0593886573557651,2.14312520221125e-05,0.0150868230151773,0.0241161260040357,0.0456985885267723,0.0597017488044713,0.0669738053320616,0.0195625969018016,0.0161658681405902,0.0181651270780633,0.0436733294982317,0.214029795042357,0.0151448238771064,0.0127967372908398,0.012958983978358,0.00125411685433457,0.021181424925279,0.0273458976479249,0.0249697410973826,0.05330839509771
"gene_368",0.00265759440027681,0.00115614199006068,0.00550695707060002,0.0248277007591808,0.0381570123239927,0.0479557068097763,0.00254781480921295,0.0273711309166275,0.0203368489820846,0.00303108016878215,0.0470722159320488,0.0202765684467991,0.00518404517223752,0.00780217307787556,0.027234713201692,0.0502176400804883,0.0238483393634742,0.0212742507332274,0.00361996787448501,0.0092158766170841,0.00134021873338807,9.77016952297671e-05,0.00425366032899485,0.000576856297124998,0.000680326196523205,0.00356204640374464,0.0179971514981289,0.00018173389757729,0.0398850794950054,0.00936713831784622
"gene_369",0.00763366479837792,0.00566572439191557,0.00241138461886917,0.000532183883210601,0.00324534861778751,0.00597147326632776,0.000900496537381625,0.0276507989149967,0.0178405003672633,0.000434465358601624,0.00303105845416266,0.0746651387589194,0.118505396064995,0.00900815576812526,0.113679122600005,0.0714288319914125,0.00486895197857579,0.00607298517203095,0.0164181212919689,0.000280730048927859,0.0123336826594991,0.0417749788441737,0.0201913302019326,0.121007207643265,0.0252752898247914,0.0309672936376423,0.0207224145809241,0.11753063095479,0.000413959503717875,0.00389835348903066
"gene_370",0.00374082726704162,0.00834613351118512,0.0386033844497872,0.114608891482285,0.0859251856037886,0.000528951000342656,0.00902908837611154,0.0941288188487983,0.167702323999954,0.0690233854552077,0.00188891338112577,0.0096976692604697,0.00111332462469043,0.00670739994943591,1.8299542092849e-05,0.00135789376139709,0.0382398153230152,0.0393407010608635,0.000984345016405847,0.0168260707739555,0.0268556285762002,0.00914321036581683,0.00168920622106683,0.0535937331453098,0.0149346604618121,0.154173557878905,0.0791440203009991,0.00740159001244795,0.00246545430329661,0.153587925467087
"gene_371",0.0217202798172968,0.00923180915082271,0.0047079899206178,0.00397253988701264,0.00767163947297504,0.0278958699139557,0.000109115987624894,0.0097036180080205,0.0231668081886417,0.00609926787813576,1.20851467133022e-05,0.00548438803311376,0.0398004884642492,0.00052166003919422,0.0020947657456837,7.08141452176424e-05,0.00144431097574056,0.0211012702393385,0.0245955664180635,0.0188950953525625,0.00153992367462747,0.00621082396367713,0.000628670656736543,0.310955602759057,0.00234634366959854,0.0229759545034067,0.0219844101046547,0.0892935550478639,0.00469752814123645,0.018799110981133
"gene_372",0.0273562773248115,0.00576944550189841,0.00279854896601726,0.156700750771684,0.000630142591149294,0.000683491960815398,0.0140945486280637,0.0423749139705453,0.00149952614413952,0.00148471766135946,0.000190346985461809,0.029907465423224,0.000291081704578245,0.00550974190211796,0.0259745712855846,0.000856314245849258,0.000206208637797762,0.0375662140000082,0.000253558978691217,0.00193223950303924,0.00359080093651792,0.0294551731445484,0.0135679376897639,0.0206238075082843,0.0281341945544545,0.00373267023314414,0.000743740383836681,0.0373462440505436,0.0040027475166076,0.00116006770509856
"gene_373",0.00378122693645673,0.0230530211510144,0.00317675530950079,0.0384305134782125,0.0170460379619,0.00257229684032558,0.00191032660596899,0.00627481952786757,4.8399009247636e-05,0.0361018521435993,0.000692998966403706,0.0380908956234538,0.00406310028199006,0.0100972428558103,0.000675622283349779,0.00077893798543146,0.000470430476394446,0.00176321054975117,0.0127823032714955,0.00961266189595228,0.00518663146616115,0.0291837745438508,0.0127379163500364,0.00486848747091056,0.0781355672882741,0.00953159114993393,0.00187796514422431,0.00191297680787179,0.024944491008123,0.00490021729021639
"gene_374",0.0221623050193141,0.00113410379541476,0.0143894988411164,0.06503826580176,0.000226837928925437,0.0614810381723856,0.000800750018565713,7.5920369315512e-07,0.121295701576862,0.048702090244936,0.00498110276110395,0.00422340509206981,0.0421043350363783,0.0111490280700288,0.0370944290506633,0.000446997351535859,0.0618031762531119,0.000406837640127493,0.0292439267392769,3.0436998182008e-06,0.0166470358846776,1.47804300074748e-05,0.00216450081223454,0.0572479150443712,0.0206651587446022,0.00222773921485102,0.00439714871943405,0.0846973318305475,0.000552578087090489,0.00131623689973808
"gene_375",0.0366058678270063,0.0337821057347575,0.0059476914272762,0.0400405510590187,0.00695209131932255,0.0147672464509674,0.012871399482143,0.069667460926521,0.0399434840722888,0.00629664599573254,0.064054695716924,0.00279303721472362,0.850690279099904,0.00169032395255608,0.00500621043596394,0.203327944863568,0.00735086717909927,0.00165036191920904,0.00989622505342409,0.0655921268720055,0.00526151498840629,0.0105813558478309,0.0181950609183377,0.0586402567543911,0.010489460289353,0.00175945631324257,0.0715135363979193,0.00935987440624876,0.0406769908204341,0.000325520476275416
"gene_376",0.288537476877138,0.00157790890593603,0.0104531263545405,0.103995356165295,0.10240515708912,0.0612675723683451,0.00159928476788969,0.00667443467506051,0.00592460470107477,0.0357889116072767,0.00145214399183412,0.000889781536409027,0.00431194764352245,0.00818424858107904,0.0401503354888555,0.0391600674681047,0.0168913187348019,0.0262404339696886,0.0187678074372751,7.85256314774553e-05,0.180903914282932,0.0691464195507978,0.0276027302128252,0.000716268854398019,0.0509517909752707,0.00340921268204554,0.0275191381639753,0.000964792348852244,0.0039059153366073,0.0450024791001651
"gene_377",5.88704800230008e-05,0.0429949723270268,4.32627220274149e-05,0.000224680697425097,0.00121329733476027,0.0149021855620529,0.000543640448109296,0.0173274502519116,1.2623349960983e-05,0.0380928807516657,0.0224989352378754,0.009671133779296,0.0311244689790573,0.0137052208136041,0.0361351453095201,2.93814268222434e-05,0.000118366961598654,0.00168562193737196,0.0123657740330151,0.0398520951664154,0.00376847296627077,0.00116087203781305,1.85970359790397e-05,0.0147386807052899,0.0106687906837782,0.00905662775701845,0.00766316424209505,0.0024976748123373,0.0191566310470693,0.000510741672375197
"gene_378",0.00280259149710296,0.0134542776984796,0.0209074613664559,0.0498482192074025,0.020881354131972,0.00657845105690958,0.00033431255577035,0.0131239438071177,0.0374011543720601,0.0329561490455597,0.0174281808281868,0.00594099346372678,0.000342153949513512,0.00152915546594388,0.00203764721510132,0.00476420046529089,0.0987095805875679,0.0574953372330906,0.0135527675376304,0.0349450938020184,0.0393712579217461,0.00142719380653862,0.00647381266645281,0.00157603864470104,5.25754296121139e-05,0.0522233453043753,2.23402795909805e-05,0.021883783357172,0.00416738286412088,0.0624514766237615
"gene_379",0.0141033656349602,0.00330970543579896,0.0037688464715447,0.0502533385964491,0.142068125619727,0.0270589702354141,0.00196786244553967,0.0522519429247132,0.0636320957112844,0.00345315420412224,0.0440094847533314,0.00150930088597443,0.150016804544907,0.010423102805023,0.00879441778469705,0.0118115559403711,0.154684686154221,0.0259556634724713,0.00470367255510191,0.0843170467528198,0.00917453156283332,0.000153182925157675,0.0264108255561381,0.00688747145489138,0.229161134659746,1.76627190162399e-05,0.00105607355037536,0.111007243852044,0.0171237455011133,0.0101018711933934
"gene_380",0.0304036160660806,0.00033213587811527,0.0561078406889479,0.0111671590342529,0.00168309211743576,0.0146614264942236,0.0109548888514708,0.0198448172852398,0.00577476803657252,0.0646478718550095,0.220465313135724,0.0300218138538351,0.00799003855460925,2.43807240536007e-10,0.00122301838799934,9.46648286845222e-06,7.39987486990589e-05,0.000479320440817641,0.0453173777393131,0.0271494887711228,0.00945976446877271,0.0210091879596222,0.0589768141799158,0.0404639298199483,0.00232370715668905,0.0657696682186363,0.0422785184001927,0.0090369640149296,0.000646392731481537,0.0881052468936364
"gene_381",0.0046963898045518,0.0178124268637898,0.00186718725649694,0.00326623211093578,0.0212221550247838,0.0239285146680872,0.0100324743593324,0.0405903134927797,0.0310764414021824,0.0449144548626097,0.0154774637678367,0.0019930660479066,0.00453704778422446,0.0156261560175667,0.0720951122323011,0.00271811328734232,0.0120379058764351,0.00247174984424598,0.0238166541345131,0.010280631218524,0.0421637411964367,0.126707824306804,0.00994362205083436,0.0153573778156821,0.0385394865201297,0.000116816905990718,0.0128340178751167,0.0453209789531804,0.0206394048881072,0.0249408821209652
"gene_382",0.0237542619530824,0.00432427748728307,0.0332166001639353,0.00191559312732548,0.0777865149312887,0.132512483091821,0.061616693427912,0.0125006975294237,0.0227023824190068,0.0298170621580776,0.0044966372023103,8.39838245048268e-05,0.000202122850029705,0.0239033687263341,0.000197169321676378,0.00494642238711738,0.019448651210557,0.00752190569428697,0.132631613842369,0.0263892406059392,0.0146494978060511,0.00358569156081046,0.00577054379529172,0.0695226701063588,0.000598188556830152,0.00635723288988499,0.0342056584401908,0.0210755144493279,3.26740073284153e-05,0.00804333493840094
"gene_383",0.20146809287644,0.00183934230841774,0.224247662793247,0.00721769009377335,0.00464617500949391,0.0136025039418195,0.00798446390811323,0.0131212077881057,0.0214636964365245,0.00919166628223628,0.0126367363893417,0.237848049884808,0.00965272695486575,0.0125781547936921,0.0289542854408123,0.00592392565094658,0.000448325825147714,0.0125003516274311,0.00197895348600956,0.000278746145646103,0.000585444587862139,0.00479694453596123,0.464184651014308,0.0368129612812303,0.00178293748837092,0.0529214866737436,0.00351806989020832,0.00916956825245015,0.0203535418547051,0.0262420776616272
"gene_384",0.0584317882555895,0.0421016278288542,0.0766931325320116,0.0130665028428783,4.57534509135179e-05,0.0213806687364691,4.3716875285416e-06,0.00630985732014551,0.117114597924206,0.00254487840117974,0.0169853133554254,0.000342034821727995,0.00830640075576461,0.00232750906791405,0.00237924302616885,0.00688835042609033,7.95826798849232e-06,0.100825769630108,0.000288601632960429,0.0488332234565126,0.00251742654202237,0.0530305509447925,0.0851877777102652,0.00086649091647706,0.0397612079650173,0.01072829191405,0.0382812367248008,0.0779791933147144,0.000529726098028259,0.00339766065814565
"gene_385",0.117202960635774,0.000855362242181869,0.0001596443296065,0.0180434252127596,0.0175305171209411,0.0193091500798647,0.00420177291243984,0.00159778802768703,0.0330134783329955,0.00431215792108069,0.0317104456643113,0.0328872452200205,0.276099736659741,0.00010286782715421,0.0364884521844788,0.018465128202471,0.00702176823724168,0.000151444721014394,0.0289508319698257,0.0156072941605104,2.9643225125187e-06,0.0288294654802015,0.00542152885433346,0.0333088827350805,0.284068269091148,0.014323777436553,0.0283173366110413,0.00395990006822815,0.25631552120064,0.0339284410043083
"gene_386",0.00447620826859764,0.00728988373123171,0.0160145495702437,0.00441997848446362,0.306937867834689,0.0152718873722305,0.00736555056926163,0.0554193660572262,0.0184602054179185,0.00920097661908796,0.0866841210397713,0.00782070193651296,0.0257047941144025,0.125105903487706,0.00490502953401596,0.00635668263146188,0.0334725908165742,0.0542863614916047,0.00972900953287709,0.00267084500572413,8.28461066905929e-08,0.0257053180665877,0.0548385143843229,0.0128553339647785,0.0298673581679427,0.167991323573078,0.00878983882534596,0.00588535527809292,0.0354558709156446,0.010974894536947
"gene_387",0.00518836685310646,0.00144376435142428,0.00399938271954559,0.00678310412882092,0.0392547953227129,0.00466291220997795,0.0487220176707844,0.0311214231628392,0.0343644348709164,0.050180628057039,0.000387261890160381,0.0333810690253941,0.000342078393014072,0.0528033584603786,0.036992005443728,0.0100460128309122,0.00643931527203239,0.0211376381630129,0.000595947234228146,2.04190292968078e-08,0.0134024419162989,0.0258151344223496,0.0467207633922766,0.0168344844628183,0.00199742360238896,0.00586846614769576,0.000163823959154517,0.0139097297433488,0.00929319230996035,0.00810142308950226
"gene_388",0.120194565565832,0.0189634129188345,0.0359793909276123,0.00557869608014877,0.0224296070990865,0.00254059772251313,0.0107143439567061,0.00232097298045814,0.0357946339014058,0.0413326483001474,0.00244900428503893,0.00501674840856428,0.0462028633591089,0.0245049844517197,0.00187048058992911,0.0209357871040752,0.084945428518253,0.0037925488286436,0.0361324429071618,0.000939431254274446,0.00458633516531404,0.00815755909872722,0.0353738039996411,0.0198276745771698,0.00165578435075852,0.0171770067780916,0.0295400117569666,0.00044215144151446,0.00978632520360668,0.0332222590371097
"gene_389",2.70432014055378e-06,0.0137919871332336,0.00403359061366598,0.0163296116017694,0.00105323301897487,0.0107806643299446,0.00675654149336645,0.00950329221045377,0.018821371057832,0.0139354643142043,0.006246919406081,0.000261351204853516,4.71252001368335e-06,0.00197139457697159,0.0174529727177211,0.0252067512215708,0.000766954728500487,0.00318560848203524,0.0163888902607653,0.0232214191191524,0.0263579466578511,0.180283927304304,0.00453041656890662,0.00391937030232464,0.00498542569457003,0.000484618499138524,0.00147667277907444,0.00422645885121671,0.0202045976294954,0.0120770688519334
"gene_390",0.00491814655992353,0.0022412140511781,0.0106943147275876,0.023232189426668,0.0342464526167889,0.0172033552587894,0.00584343764552045,0.0295939918518348,0.00540057083393726,0.0112859131352196,0.0282839130682926,0.000258330071688766,8.76848814651901e-05,0.00777376815880109,0.0583532498272579,0.00761663791707969,0.00363762525453268,0.00554972345804727,0.00258122410034703,0.00514803490213641,0.00359272838469397,0.0159823758830697,0.00102935992309481,3.25388342824954e-05,0.0118456372988074,0.00488267718113871,0.000813893744866992,0.000188606138130264,2.35236920805156e-05,0.00897669689186508
"gene_391",0.062857398488007,0.0355300706527076,0.91644814442644,0.00917300870382584,0.0313357521728619,0.14327277219228,0.00705421693161838,0.0247181931423704,0.0286486761457952,0.00226528254369957,0.140642319422709,0.000928113217478395,0.0229841411509054,0.00851001998469125,0.00349191380180816,0.0740694618320313,0.0110179723325021,0.0219618119844532,0.00192487473062154,0.0146890248274282,0.0394215938877362,0.0293883652833752,0.0200110561031213,0.0748212219999432,0.0429740243702944,0.00177284343172763,0.00463814369024335,0.0204264763088651,0.0787456546469914,0.00248675181162469
"gene_392",0.0330002026196213,0.0442145813823372,0.00121000800977794,0.0378340580018751,0.00644315431977198,0.00663772754813556,0.00140630292520998,0.0347746178660604,0.00277273510118082,0.0368269129892424,0.0255216398898877,0.000243312762176154,0.00277437832148932,0.0417895352572963,0.0261276252611144,0.0228325982573157,0.0177330103761667,0.0289463593219609,0.0145646136267588,0.00312073610463955,0.000630013018443792,0.0873245057033094,0.0933502295162787,0.0153075789905286,0.0010372315088483,0.021063666632733,0.0138042600644071,1.48063263161731e-05,0.00652056354093312,0.0318150958801577
"gene_393",0.00298879577394325,0.011079195389685,0.0582933163746385,0.0294167435682775,3.27557387627321e-05,0.0315152900669741,0.00159832141896937,0.04581394368092,0.00878903840359605,0.0108286763004837,0.00319270956008098,0.0030779632887688,0.00179878182034628,0.00286775710766716,0.00802338069458938,0.104886050515831,0.136028919667614,0.0392125290381015,0.0715492107589242,0.0821271201826359,0.00239571361739852,0.00683711090135651,0.056071763737813,0.0235758176539322,0.00104551648691357,0.00867634241457585,0.00268743708961394,0.000876450683717633,0.00151579082674032,0.00154979608963593
"gene_394",0.0355201538452477,0.00866667329033328,1.57476673165785e-07,0.00348251592526085,0.0405023745435481,0.00573437774328665,0.14269407927984,0.024360509124602,0.00651135593748885,0.0199430576528179,0.02788205652919,0.0114936582136111,0.0541390033454807,0.0127726506562235,0.00516248202228715,0.0070464411899763,0.0262610889042281,0.0233053714033576,0.00687595067330895,0.103656884735087,0.0168083481574638,0.105969556167445,0.00013238793481446,0.0281240380515628,0.0215327490255306,0.00100693438675954,0.0453335572085321,0.00996450705800529,0.0229278911056977,0.00663398160737974
"gene_395",0.0844341900883734,0.0470368565054861,0.00267361404934333,0.00331774820359799,0.00391965398337705,6.62881133233313e-05,0.000735027587063734,0.00295374775432712,4.11490547142875e-05,0.00551007174866134,0.00305308289000573,0.00772417494221361,0.00369747193980436,0.0023981820220267,0.0172824376702874,0.0800694130224999,0.000240841673152053,0.0156521602191026,0.026525614902249,0.00897932273902436,0.000591332987774278,0.0144591707370093,0.0027771662451942,0.000509556859289004,0.001685367409171,0.0114518279873724,0.0162364688711196,0.0187143594498633,0.103705961455999,0.0546463587081799
"gene_396",0.0231686212353462,0.0132006765410994,0.0039154656840337,0.171195041472487,0.0451624234350807,0.00123642355590587,0.0317513438225203,0.0275936092998047,0.00730883516517704,0.0125373554441828,0.00182829600636807,8.63371021608498e-05,0.068707206252395,0.00766924353395531,0.00871890870699498,0.135810640013169,0.00265950490727812,0.00537074778188579,0.000408146343503288,0.0137582247234815,0.012046181617672,0.0103098102532409,0.001247327893698,0.0742703834004769,0.00225471732801435,0.0543239518175292,0.0254325693244678,0.0231192766055947,0.0093468553505735,0.00300469687287618
"gene_397",0.0106840619910867,0.0154247388900993,0.00471219442739208,0.000731579356978334,0.120435542501145,0.00708756810688619,0.000936476846305284,0.0208601147969325,0.00530267620073939,0.0543064736317881,0.000876920065738881,0.00267464852860696,0.0143748808864373,0.0189515136351663,0.0278236481382082,0.0389765499447527,0.0046098074994959,0.00192275619116051,0.0947650112678985,0.005494689927929,0.000493866688067778,0.0173002275556252,0.120305670578142,0.0920650054457951,0.0327030560970613,0.00290423936287883,0.0818003272063008,0.0311011968346974,0.0076558859953931,0.0216987049150082
"gene_398",0.0800635634517349,0.0378668615710457,0.00385498822599333,0.0239350535777374,0.182905600158008,0.0207635567278992,0.0455912935586527,0.00361404485232856,0.000938218732651151,0.0035754378385765,0.108368175370445,0.00733964118524372,0.00690001038224299,0.0185566249402896,0.000696883889169403,0.153054305996795,0.0177748330716252,0.00484394547768121,0.0509474730994078,0.0155150457939188,0.00187494743467708,0.017733023922402,0.012902226184703,0.102162793789771,0.037043949753897,0.0117737918631234,0.00945462189665173,0.37512374167392,0.0253182880057232,0.0440736708850252
"gene_399",0.00447410317830223,0.00886737309688555,0.00408747195269177,0.00793960724062897,0.00165101224515973,0.00173947656869616,0.0161536913725428,0.000607240810985418,0.0102356708712266,0.0211264903147986,0.000193887778126955,0.0211783518691709,0.0133001575465757,0.0014840979569835,0.0222330305897894,0.0230133256215236,0.0126449116254545,0.00128286002072792,0.00791729907449189,0.000523329739928446,1.10269874296789e-06,0.000728209574163027,0.0101035624288649,0.00419459115608663,0.00249139891494978,0.000950119984549118,0.0129891645318783,0.00404173786075915,0.00946853665619789,0.0245459700163108
"gene_400",0.0199118732991107,0.0151859262696026,0.00728916577450849,7.27112306259891e-06,0.0239554650622292,0.0133211891847702,0.0047416711619885,0.00634139329966495,0.0210657735964714,0.0982117575043243,0.0309697782713935,0.00677291444106007,0.0051601895182693,0.0385230230466116,0.0604159833571446,0.00738974500561585,0.0498031451386147,0.0154535437158683,0.00160935180828644,7.62284276473976e-05,0.0065156202448951,0.0280886385131759,0.00801931689237221,0.0131431171507763,0.00372415870148413,0.000642954301560888,0.129944519494388,0.0603773951512402,0.00148252952607705,0.0532776715153501
"gene_401",0.0027767511899097,0.00180627982361559,3.58604534790417e-05,0.139051801571512,0.0256173795925267,0.00928083882292441,0.00301943942229149,0.0507404325024142,0.0856620009972308,0.0680558551761489,0.0450958470535848,0.00156019700045384,0.0333401013955228,0.000159881261849416,0.000796238985321337,0.00106195339046041,0.000585847105946027,0.00352134348158897,3.587950620419e-06,0.0162872651956201,0.0309210722132505,0.0373157396069159,0.0210516756890996,0.00443766501567375,0.0488084448868984,0.000636421104404936,0.179261328195253,0.00126783204988863,0.0695698402343936,0.000611482371477023
"gene_402",0.0283526804392194,0.00145830550580166,0.0371030145404115,0.0130674216579589,0.12087955541582,0.0170339466234088,0.000230006030345292,0.151595960846183,0.0121482394012733,0.0207934999567938,0.00427433610356909,0.00234425313821732,0.0552238941249571,0.0312662562457816,0.0151229986410265,0.061004149198807,0.000957800488887808,0.00455670824833256,0.0478505406762313,0.140756814411566,0.0298082511982534,0.0626087913146687,1.56397510005163e-05,0.0122392142613823,0.000425947512409915,0.0418383327896764,0.00700952341620993,0.0255721106974086,5.79928321102963e-05,0.00908030448500816
"gene_403",0.0795014683067053,0.0600880296279695,0.0153573699277526,0.0267592492552916,0.000647185605639562,0.0927983464657958,0.00224983933184875,0.0166722465596565,0.00264695104639777,0.0164177144335941,0.0119976916582586,0.000606268897880114,0.0686461526725007,0.014408107639363,0.00365913463698775,0.0713411660536185,0.0126619460740725,0.0203819056413612,0.0156779581902213,2.72891732307693e-07,0.0496918454465069,0.021012343663692,0.0236974168635074,0.0797231000869474,0.00136640505242229,0.00560416084404599,0.00178730589451267,0.0872058051320891,0.00805968650247,0.0254597693840769
"gene_404",0.0193254261461748,0.0220422527226205,0.00991134847327354,0.00785061804705595,0.0217776968885509,0.198768903529988,0.0352556602532638,0.000392416466008275,0.00383759681681842,0.000887480638284475,0.00153251717359268,0.00598808030795518,0.0028747059240377,0.000206150728582704,0.0024093999555689,0.0276908494959293,0.0339414237278929,0.00113700965498856,0.00276592919973742,0.0273685777207795,0.0249963306397749,0.00543685364715716,0.000208463108422345,0.0328373313178249,0.000849846881167569,0.00427346479515967,0.0390661627937185,0.0104647196034396,0.00939401352047674,0.0286280511102325
"gene_405",0.0573150216293591,0.0272416882934649,0.0374319847986463,0.0149079135217799,0.00499225281704098,0.0025821488122406,0.0115351527166842,3.94262214223637e-05,0.0229260760695291,0.000438179260529894,0.00358486243732786,0.00893106984883566,0.0373031034543976,1.47690961458191e-05,0.0524230049128461,0.0298531641815504,0.0191446463246605,0.0423736591680644,0.0076937504392225,0.0171447683839861,0.0707647040821497,0.00565068128489341,0.132938277999822,0.0143910282913612,0.0126441948473826,0.00950805903607632,1.34114813214535e-05,0.0152226150092715,0.0120402508535358,0.0240367001759942
"gene_406",6.41026782944338e-05,0.0425692179668926,0.00176242488362196,0.0127710292403074,0.013254605628222,7.09654268328271e-06,0.0367725496959219,2.08427230450531e-05,0.0353911287082112,1.56289679230761e-05,0.0133387916613301,0.0701254672522178,0.0294451894453913,0.0254153371749731,0.0163371949210738,0.0253119425973466,0.0669983300043561,0.0946859062098171,0.00735084748634848,0.000404170918892649,0.000599843389828174,0.0310657263140683,0.00142777237617917,0.0815656854241738,0.0395380321368003,0.000648660028333098,0.00668027630205759,0.033674505902938,0.0514016546930977,3.45417666638986e-05
"gene_407",0.104641342712372,0.0752079370827279,0.130823555766465,0.00757505467946792,0.00308167497491457,0.00288836858651915,0.0393141507466288,0.00134278109319149,0.0174823208383161,0.0131874009787894,0.0498021991428181,0.0244343380503006,0.0676340317765023,0.0398304884782363,0.0223786253592272,0.000429841958938975,0.00168555876853674,0.00900413993873741,0.00259082707480642,0.0271578194658483,0.000195028456418075,0.0308060786075013,4.16632940410838e-06,0.0204450695503092,0.0277714390941983,0.000112042378979893,7.31683617401496e-05,0.0238760150199544,0.0150332635062485,0.00358654229974554
"gene_408",0.00793616291365737,0.0740335950083627,0.00318412370997044,0.0515139144210187,0.0281346380325343,8.90592435781658e-06,0.0045801074026797,0.00324969434432905,0.0114748659632098,0.00455264378204081,0.0133123697542715,0.0190348473086778,0.00769948875065428,0.00277805745371544,0.00398862897408134,0.0406527472828423,0.00135928057794738,0.00359715978359186,7.7780855734768e-05,0.047356583336312,0.0673150478291995,0.0065211111092972,0.00519056515150182,0.0139065986241441,0.00161290165981488,0.013877059130926,0.0118419176891038,0.0312673493396095,0.0105609678905732,0.0130298489823443
"gene_409",0.0268404455444499,0.029066744923791,0.0134666097082653,0.0030070742439123,5.83267997812501e-05,0.0366138422068037,0.0147243243072669,0.0151884703743904,0.0741682979116557,0.0324878789809905,0.000901609817301735,0.00303641276270102,0.0132976179295291,0.0336533644681628,0.022298623186275,0.00154594937965573,0.0594521192218686,0.0177044474161341,0.0699598084372168,0.00767392865555813,0.000284757397132575,0.0957444090498871,0.133834415557428,0.00586296409254705,0.00890607869504333,0.0383452366052639,0.00436740250745832,0.00121848760539179,0.0414916648438313,0.00642672991386117
"gene_410",0.0283555576429877,0.00250007280622687,1.88037723589779e-05,0.0314182689088147,0.0206960360724111,0.0129044774632197,0.0208166072563443,0.00826816446702925,0.00294686560510103,0.00570318209038789,0.0442110489406063,0.0402694864287138,0.0616733983499292,0.00147813242943155,0.0311482393515416,0.00803794869128007,0.0329526233737175,0.000332737736788084,0.00382071683010602,0.105389307078639,0.00217587286748891,0.00927977322686176,0.0273466630900754,0.0458496965982222,0.0513071509904275,0.0469809544663559,0.0263672400271427,0.00377210590503091,0.0108361627427483,1.62472522901612e-05
"gene_411",0.00918621116268514,0.00264039894593615,0.0001187439529405,0.00694739309581459,0.068904508609043,0.0535198995350233,0.0073651529579515,0.0116843044133022,0.000158611155187706,0.360038546353936,0.00183213593522194,0.0168484729089601,0.000679548084304611,0.000275464564006697,0.00804190848673343,0.00695209968799032,0.0145353674449094,0.0416392636760493,0.0961031665014181,0.0267610305041209,0.00975860936091046,0.0153715340601216,0.000609526995436772,0.0709204234929818,0.00183561665452991,0.0584787861926222,0.0942238109202206,0.000419709799640834,0.00162013314206156,0.00242429748163528
"gene_412",0.0104768014043556,1.37606282082369e-05,0.070559287554922,0.0224422346083351,0.0153536837515539,0.0548651997426118,0.029814768869676,0.0275904365820009,0.00349243867570552,0.00147966328608574,0.000170946048610983,0.101114680396828,0.0020214650197626,0.0791287698727166,0.0216707990475499,0.0254934377701669,0.000498070848579243,0.0681067624610333,0.00171908366863081,0.0593974377113201,0.00171541902237056,0.0710878798147969,0.00819744648440933,0.0240623744134145,0.0114951355654641,0.0244187999220844,0.00163787137795936,2.45071251037088e-05,0.0472451954580881,0.0339085317499766
"gene_413",0.0283389151040144,0.00469881507271383,0.0209719301208653,4.77481076849701e-06,0.253722177321803,0.0179860558866774,4.70339333019419e-05,0.00325497210259119,0.0106249330614604,0.00142181309118811,0.000542854923590346,0.0178182102451885,5.01320756383971e-05,0.00221718141752383,0.00684542401142513,0.00208499232410462,0.00480895919411576,0.0270841693255469,0.00731066323987746,0.000258739226241253,0.00281024118001965,0.00547363893466416,0.0163215333016405,0.00405687541968856,0.00658021452716969,0.0157405782433085,0.0303712664765841,0.0193835194278572,0.00323552656083378,0.00589885616422744
"gene_414",0.000604876519368263,0.00141013578710347,0.0122010025772172,0.0346957448243435,0.00327336372852274,0.00245259423020942,0.00647731193518471,0.0237813695037304,0.017085118972144,0.00375096898681701,0.0554702194155335,0.0105487126328031,0.000577694200950078,0.00413634014230446,0.112981654245934,0.000138339285837495,0.000221975935041208,0.0107831354069406,0.00819502553196802,0.0142309335405985,0.00206986154243571,0.000965733890470336,0.0946346458355049,0.00181788267791894,0.0500477957446623,0.00952205361791816,0.0018563470064548,0.0153061948343069,0.0369374703661343,0.00409318955987616
"gene_415",0.0211866442299089,3.84470450794643e-05,0.174429597017052,0.00360977636677681,0.000349664025096319,0.00987571037725726,0.037239992026489,0.0223810354392603,0.0652074801203773,0.0274482953394146,0.0227347862350817,0.000608612408160548,0.00976750416623543,0.0354831027511879,0.00503897864261138,0.048071360537058,0.000673247817100511,0.0666545491995111,0.00347176736491368,0.0052111024028336,0.00157109887016514,0.00728061999623247,0.0174061597548303,0.989313883917235,0.00461108992367009,0.00645531719797742,0.0472575085355074,0.0818926446896026,0.0171172891968744,0.0425890627282667
"gene_416",0.00380988435895669,0.00368956010263319,0.00167825650675573,0.00174177835146958,0.0908344365253172,0.00700871140442094,0.0101523619960135,0.0026124333632298,0.0326243576474712,0.00215962312829953,0.01507248815524,0.0282632211273771,0.0103423064420483,0.00185772995810281,0.00106731305841668,0.0504917798122459,0.059375825150287,0.00595071743615615,0.000830371041091547,0.0470532751132148,0.0355687026103251,0.00183033247955859,0.0475377876681659,0.00235152110442454,0.00293127309336026,0.0434464671809609,0.0196921286983429,7.69074970095751e-05,0.00856600812965112,2.8628941915847e-06
"gene_417",0.00039877301259834,0.00468225953591372,0.000553505735322454,0.0226577132459288,0.014644983869338,0.00566703706783866,0.0195557350080672,0.110266832674795,0.0100825542898984,0.0285070820806786,0.0142230869358865,0.030043589007514,0.0893421560507205,0.00983535894996726,0.0068502011679594,0.00845208358296654,0.00229978991146729,0.0687987188109036,0.0271514726783371,0.0390963721040779,0.0167683884042901,0.0505472921554801,0.0063797617484507,0.00814770820206145,0.0374334565175979,0.0137267098649526,0.00107581790231181,0.0163803932015476,0.00143754672298586,0.0429188911973111
"gene_418",0.0191419207241716,0.00250001261621079,0.0688748025525186,0.0283833440097053,0.00137823053178302,0.00541239722751333,0.00220248179157045,0.0310036007745506,0.00183842570115651,0.0401280100432168,0.000265413616247114,0.00090983518707463,0.0331316188440416,0.00450267101720823,0.00192811188988873,0.0107636051920822,0.0194506354266111,0.029500935250824,0.000133638049428291,0.0032653371473733,0.0293696395656889,0.00483614188878429,0.04385803308271,0.0038369573574864,0.0176521144116128,0.0646051547679136,0.0174399640117365,0.0157243084112779,0.00229089301471122,0.0289106108910686
"gene_419",0.0202019457811688,0.00014321686234381,0.0269225840531705,0.0122579193426025,0.0182538858898345,0.00248703573171026,0.017251542991553,0.000637944601559118,0.00718296712068357,0.00840630159518717,0.00977934099830708,0.00535744575177225,0.00163680920446302,0.0131178506459204,0.000296304142357371,0.000109053932028438,0.795877832453241,0.0134492049870177,0.00404888634888326,0.0141026926777564,0.00388264728442449,0.015400901888356,0.0166809453110058,0.0131705489813052,0.0127592011336196,0.00613712475835491,0.00471636587888325,0.0130619130374774,0.00173462498322183,0.00046517620665631
"gene_420",0.0740718474153677,0.0419017095845664,0.000796176466938621,0.0167911156352422,0.000143960915700657,0.045504092200554,2.8025714304034e-05,0.00521193852542986,0.00248389602445311,0.0288062483789588,0.00899052062982433,0.0527549957645495,0.0121086102616224,0.00314847994343088,0.000416622143268901,0.0160205498918416,0.00617285853325509,0.0179008112276752,0.0372696207503614,0.0407850020366975,0.00437748328472432,0.00140022939113563,0.0238234475237682,0.0117058146480905,0.0180203030296945,0.0487932307533137,0.0957047718941164,0.00203603870599445,0.102994410094663,0.0309803736153336
"gene_421",0.00959955373416073,0.0105285554960769,0.0233487689992539,0.0227239667576185,0.000675396368203856,0.00456525298275962,0.000438691794192636,0.0101094147679821,0.0186210434839325,0.0246487343597576,1.80742883615961e-05,0.038921052330396,0.0148909539965576,0.121367680573909,0.0110118987555936,0.016928005191185,0.0493999999680652,0.0109559518373059,0.01861950399024,0.00389931783186051,0.0311482659404727,0.0184471704030243,0.0470118143012992,0.00813894909452982,0.00234309593175692,0.0240369181540326,0.00434086055910071,2.72829734541881e-05,0.0233304299214952,0.00090074240285441
"gene_422",0.00870085141140957,0.0548556703980579,8.32917161676622e-05,0.0267233274803292,0.00570098125557699,1.96387949126357e-07,0.0708548895928929,9.14727724104449e-05,0.000582196854962433,0.0439528655564786,0.000720014406559426,0.259670660511505,0.0162644273812839,0.00122389120701824,0.00883992582354231,0.0152301495641613,0.0911539423375704,0.0758247304071809,0.000312273861148682,0.0262003335280349,0.0289628938724054,6.03085317376873e-05,0.00696866447227886,0.00219443851200807,0.0325936971112223,0.0199795521984349,0.0320367468823789,0.0638737261658225,0.000372583183603526,0.00844301036019113
"gene_423",0.0234919157305692,0.0114488297297271,0.00671440066516277,0.0171567719027227,0.00929501787076033,0.614747775110289,0.188959623775083,0.0466300962825072,4.34686631629622e-05,0.0599992897223318,0.00338880546666042,0.0573922050758482,0.073619368050697,0.00386725498642023,0.00465918366998066,0.0117369619975077,0.0347794859670991,0.00868366621765556,0.145453251672147,0.00142192034618875,0.00510987435577837,0.719254629605011,7.44556218250006e-05,0.0592880310633043,0.00717995857324698,0.0833952398928764,0.00376924777449589,0.058655976893885,0.0571755722957326,0.0357712726045072
"gene_424",0.107440128015667,0.000925272464545877,0.00906704416038087,0.000370579214592611,8.42131835783788e-06,0.0122990670818414,0.00350530086736685,0.0462137642947312,0.003317851323505,0.0102774531900457,2.05077554699483e-05,0.0199627423079285,0.00112805044847179,0.00924984229788163,0.00294164535233879,0.00365283598854693,0.0100312697745792,0.0159406668104299,0.012720865759656,0.0183576033428521,0.000790311012563659,0.00277140958597907,0.0248211543715205,0.0118619186112357,0.0851779014829411,0.00063766398305183,0.00312952920518075,0.0119359157478439,0.0133922724166436,0.00683546752688455
"gene_425",0.000101812107836791,0.00891395859404386,0.0492630962220924,0.0612350759521121,0.014059459225122,0.00945036410321031,0.00508012571032798,0.00173757707824769,2.73090652630817e-06,0.00474349744517606,0.0171602106517513,0.00519982544809189,0.00308675823383229,0.00508645947540023,0.0303734006914885,0.00650720261528956,0.00995617101747318,0.290754602426142,0.00163302150536942,0.0238412693139843,0.0432406976038349,0.0140423967462808,0.0446326837025891,0.040070904336537,0.00405912102722756,0.00867127087000842,0.0351470055749993,0.0984960258566595,0.00761483661944514,0.0231745012382465
"gene_426",0.0640439186516649,0.0288126936021427,0.000218510952900463,0.0757184728424008,0.0231493793150438,0.00944066796703722,0.0263105284330878,0.00119761741511115,0.00293782186284748,0.00893941803689699,0.00378963700940378,0.0535985420128599,0.00336462653381737,0.055643419249505,0.0109430250802978,0.00493226262713328,0.00206460502526801,0.00623391793596812,0.0161955504661706,0.0381803952885773,0.0994404052214099,0.000448478586852344,0.0087003047473376,0.010701868382153,0.00351285413740298,0.00106060823957105,0.00221367449101062,0.000292130042504944,0.0159965750690093,3.18888715280341e-08
"gene_427",0.00837861623119482,0.00245412544383656,0.0049621393529534,0.0327541304217277,0.0421272183970387,0.0238847070487298,0.0153420904591041,0.000239651579511202,0.00731981498491629,0.000987885963710212,0.0321752603733467,0.00326483435698618,0.00512683578507033,0.0278599193611366,0.011602474400625,3.58322153461373e-07,0.00115821840080176,0.00349246825035984,0.00610517781690827,0.0140017360591625,0.00299019906358342,0.0115008303663586,0.011446442852457,0.0249938415169958,0.00613467570370748,0.00627001975777883,0.122806364173252,0.0347198108869113,0.0150367971893994,0.00143580918308872
"gene_428",0.0155754626320855,0.00721511299736395,0.0513336881497834,0.00460180299280497,0.0371169618311877,0.00418361550621522,0.0644313121403484,0.00156538073187692,4.57093440765151e-05,0.000395991272551226,0.0916066535140513,0.126764935122697,5.65147785151889e-05,0.00808293307636637,0.127087231034449,0.0410681952424195,0.00168095474359739,0.0395723552523233,0.00823874509413083,0.0209904245388759,0.0217119169963131,0.0588107477801938,0.0139286989261579,0.517986758865821,0.0173445611226924,0.0168476575208492,0.0482098651776074,0.00274059028571779,0.00133839240360867,0.0058972056161707
"gene_429",0.0108004549436463,0.0102117890115368,2.2092795476356e-05,0.0334709505070007,0.00319611036951863,5.02001188599365e-07,0.0302875780547687,0.000805567467065353,0.0409715081400751,0.0183647547254635,0.00225592556128659,0.0252370445004773,0.00166643396454111,0.0046593128343758,4.31345297881989e-05,0.0178178813669519,0.00354961070710322,0.0011879766176751,8.72685695046102e-06,0.0185450468635359,0.0352082702617681,0.041223257276957,0.00481203993037424,0.0014844042615804,0.00126599713112308,0.0148075596925543,0.0290398543196656,0.000200227925156441,0.0604127681696437,0.0330554286907841
"gene_430",0.0294605589072018,0.000139477611777256,0.0262447544230207,0.0416822349467658,0.0521372593406246,0.00038991089410589,0.0315733321585236,0.00162043776149286,0.000389989779226797,0.000145262829499509,0.00166413026953314,0.0234803393949609,0.0462690993488205,0.0481272073977504,0.01432703440435,0.0079101823343033,0.00064544584599192,2.5943899687595e-05,0.00739085900515851,0.000632620658281574,0.00839145755162996,0.0448451389907903,0.0138761651830084,0.0222866146684626,0.0206597424557713,5.91199931408696e-05,3.21465951345508e-05,0.0124387177118486,0.000960762604148311,0.065698058668189
"gene_431",0.0166934608032002,0.0152274659171045,0.00975433232199143,0.0364774351993568,0.00197258459307487,0.0370477000390544,0.0230724623587563,0.0695522053407854,0.000272328389590243,0.0116597080666435,4.60079158092979e-06,0.057775053522119,0.0229368210992097,0.0136892236639607,0.000695402767398367,0.0185019311140731,0.00450303512152423,0.0151844960964831,0.0014445012428483,0.0418771867717127,0.0250280774929766,0.0117342855109082,2.56322745629623e-05,0.0581686309569786,0.00452510013651697,0.0860728318916624,0.0489967319642418,0.0663897773067872,0.00347396758842464,0.0439969447574963
"gene_432",0.000506998911109839,0.000669565528390309,0.0310710553193109,0.0599445062216607,0.0883772164721789,0.0217136767350532,0.0029357750195223,0.107047328784255,0.0108730791196287,0.0281753248897629,0.0514455811302481,0.0771001789453437,0.00418049578076503,0.0164607961172905,0.000371378440135885,0.00948995031734492,0.115921962121455,2.26367087073001e-06,0.0335261450213306,0.00513924478457915,0.0246508534846951,0.00312230157613242,0.149749223389557,0.0380785786557392,0.000470180943101855,0.0360263551089612,0.0226275061983153,0.00110828696123945,0.00406494397212333,4.10314180858849e-05
"gene_433",0.0712638880785368,5.84691256982751e-05,0.167431438258651,6.05068476801845e-05,0.00301455791858594,0.32072825487871,0.0231063320464059,0.00278008006461783,0.0236037753726589,0.000607673929207725,0.0279631647224386,0.0243790633562052,0.0362978739593197,0.00714650702529451,0.000108397933183537,0.0515383244106249,0.35664615686219,0.00480117456650371,1.43219757814453e-06,0.0967298880723423,0.0365387327496739,0.000990863198266431,0.0293378873948292,0.00161990295558393,0.0150613644729879,0.00080685697226983,0.00850094589608913,0.0804854862785672,0.0746159369845388,0.00457933327542443
"gene_434",8.79838642995711e-05,0.0297608461337667,0.111283535654116,0.000311007424243265,0.00153687382332073,0.0120961067591905,0.113783833752897,0.00466209160073821,0.000956030100963223,0.0521872404923268,5.18302131140558e-06,0.361934250950121,0.00893033586996371,0.0329803684432615,0.0238538132960332,0.0536861652722995,0.0632622056601652,7.69374332983009e-07,0.128206072397349,0.0445724784039715,0.0244809582254991,0.0415468191483332,0.00386822088806174,2.81964710354376e-05,0.112586342108097,0.00359625044592418,0.0037025732888652,0.00308949220400946,0.00061875017198326,0.0273127368412057
"gene_435",0.0185223808673528,0.00362279723802606,0.000730591421707877,0.0351316738148491,0.00637783496740583,0.00955239510732738,0.00342765585631446,0.000314140591160602,0.000973360219793849,0.0577927824604864,0.0313734511452049,0.0141804638513242,0.0294726643419924,6.30151091297521e-05,0.0282054140592672,0.00548230364329056,0.000768235426051609,0.0330096274493165,0.00367971416371841,0.00114181562100532,0.00172940250170096,0.00432267355410596,0.00462016294333982,0.00602020452140718,0.0173069797504459,0.00363932089854142,0.0188475927048707,0.0316469181841991,0.0321539209836519,0.0219826083147224
"gene_436",0.00669129083147417,0.000159130917254717,0.112079807869636,0.0999798786173095,0.00413732895824826,7.1692007856694e-05,0.00628530200115586,0.000167999921428033,0.0409285594654414,0.000328854248846528,0.00542402169290796,3.97577868782165e-06,0.00288534711438286,0.0127751044985582,0.00924562980628431,0.0597092691202336,0.000769905933229086,0.00428764485441375,0.0919463386718238,0.0251400924668167,0.000469802086688564,0.00310753446739865,0.00252416140230745,4.48046449264182e-05,0.0529476274390348,0.000404681199705512,0.000435522429476366,0.0977481807559721,0.0561061411259384,0.252403149335333
"gene_437",0.0315507920719836,0.0291060301360583,0.0103176411765728,0.075492194893456,0.0304550256988877,0.0170905278172538,0.0296905883289718,0.0619984394546273,0.0106092062979153,0.00178694944066451,0.000137935232499896,0.00320876915429238,0.150364785893706,0.0246630897874299,0.00293231251099611,0.0308390698165216,0.00132426571198186,2.43687075323737e-05,0.015996946318389,0.00686235183121786,0.00653153115104868,0.0561963617560325,0.0328853103608403,0.0182104973789446,0.0131809652364188,0.00293003288680017,0.000417592215187995,0.0222684625377871,0.0115958695357471,0.00694867572556288
"gene_438",0.0350557495469326,0.049356877918611,0.0390815172511117,0.0341959826071657,0.0151839629442842,0.0138759735299701,0.00364416711164268,0.0387349337188476,0.00922544704669099,0.0260884236912801,0.000221582223505579,0.0292362976916398,0.000422780707877771,0.00521517181942339,0.000429184131969651,0.0094041861438486,0.0266831889577461,0.00642491907541841,0.0798548273791651,0.0831552840831539,0.0920167764601003,0.00283777201026374,0.00613900015484268,0.00209386485799307,0.0595429026108469,0.00476629601261698,0.0413637666353072,0.0229829515745874,0.0225603499650564,0.00156851842622207
"gene_439",0.515542713604392,0.0641648533696874,0.0342112985270099,0.00418028679205557,0.00386809827133558,0.0599614263973087,0.00483843472520999,0.0312944026556521,0.00697920813078803,0.013822147140605,0.024747660084469,0.00458468869918577,0.107773837775902,0.00998188080116002,0.0193441679357462,0.757702386248882,0.018676109889353,0.00230692659017487,0.028976450747979,0.00610115414931393,0.0481089534803259,0.100142792649632,0.00918015817534923,0.122479411266903,0.0175733353571495,0.0285169569749716,0.00227234690494314,0.00209779410106295,0.044190811272396,0.000930959808242044
"gene_440",0.0283115470435283,0.0221845611857163,0.0489955651806103,0.0016078741176628,0.0310468234864801,0.301831053791262,0.0637009953867355,0.0161243957753147,0.00922905950465257,0.0319332852448507,0.00525092254608099,0.0034453665124515,0.0321740720622022,0.0421381200177808,0.00798674927818795,0.0408238383190765,3.03436017782477e-06,0.00048119772250119,0.0012092030520389,0.000585602807521931,0.000819015689504188,0.000660540879373501,0.0174846941199434,0.00108202828763269,0.00212623658574073,0.0209160601301573,0.00806503835927948,0.000602917431153647,0.000914635457718653,0.0279395513254772
"gene_441",0.131642791932148,0.0448809019017017,0.0226645956112671,0.00632971941441326,0.000378417116890433,0.00705569734607113,0.0456647727894339,0.0132178134368685,0.024322986363205,0.037065746943724,0.00757439928770047,9.73444416922086e-06,0.0390517854744914,0.10987692519632,0.0292055683581187,0.000183208415319317,3.37394358384798e-07,0.00593820717220373,0.00151325722561107,0.02340992623962,0.0294256957658154,6.00748944333847e-06,0.0924580861767788,0.0332212465098414,0.000386881354174399,0.124523632733382,0.00123066570235297,0.00959924167955007,0.00987587745276333,0.0544223322328552
"gene_442",0.0155832981029195,0.00127232303844912,0.00533766784897361,0.0018727595278542,0.00610279143391299,0.000402530929913182,0.000951289154225122,0.0125823125809779,0.0114712044085984,0.00120940226615039,0.0234794073259058,2.35503693979089e-05,0.0171348508557601,0.00654508804586945,0.00191041036816495,0.00500226126548501,0.000966302819690819,0.00628104581367477,0.0091176235868315,0.000828793820376238,0.0184255678562509,0.0335314286420166,0.0478785533714117,0.00365323626138935,0.00885787591156758,0.0203995441011094,0.00268472904106326,5.16426137674824e-05,0.107082425595677,0.00333940697410971
"gene_443",2.91673873703221e-07,0.00107744872092574,3.72463958589667e-05,0.000103645009756024,0.0124299385868688,0.0265608414506507,0.00150838699843872,2.73043705904218e-05,0.0284393187273976,0.0109280388793542,0.0581557321979568,0.00331041251345921,0.00682482237183918,0.00891831963827372,0.0865811562980616,0.00586516969373733,0.00735219269656901,0.000127696268586284,0.204784888475659,0.00167533916446341,0.0293619006515533,0.0114260533422142,0.00184246850077086,0.00680361435329894,0.00559125854543397,0.00786065653310209,0.0283012189147468,0.00076395220175988,0.00805171633438749,0.00583713685480825
"gene_444",0.0523570088184863,0.0225326247548313,0.0310800230027396,0.0501567705412729,0.0218626265275993,0.00823325500673983,0.000404971094441177,0.0213276682154697,0.000103265005671385,0.0874230364361699,0.00347648765529318,0.0184297001071916,0.0109595430085832,0.0089675385997535,0.0367488008134733,0.00121007043063139,0.0147273265174873,0.0476803674223966,0.0393094468302059,0.0233649287195466,0.0480105392410567,0.0127277334140547,0.0231593236231597,0.000992350439323776,0.0164768327837074,0.0122597348152955,0.0107853111708008,0.0167456310580116,0.0372043466697954,0.0432584393746036
"gene_445",0.0106254265932235,0.059994458328983,0.0276829167147524,7.23755810551025e-05,0.0320568298452716,0.00422951094043395,0.0108292575489797,0.0258889480951155,0.0197530798075673,0.0540364027328961,0.0080668568128972,0.000809654156851657,0.00068371380379165,0.00623920947338438,0.00437661513853129,0.10482416213197,0.000100223655988353,0.00860914235610745,0.000132353891532523,0.0476843840866639,0.00131801388415254,0.0345162637963951,0.0341099156807251,0.204804947528779,0.0486680845812365,0.0203933008867931,0.0826808815926505,0.0238922664480086,0.000401969162612011,0.000298846940841445
"gene_446",0.0214607602562468,0.0206241838194183,0.0331259747720945,0.0853327550980085,0.00145137869597161,0.0480515748049247,0.041484558482399,0.0573069564502585,0.203833920368304,0.0182564721408964,0.0643939961487494,0.00350027760095608,0.0191263688455634,0.0338303766630657,0.000527646438429918,0.00179180466044333,0.00253776802302638,0.0718465004354437,0.00281635809801242,0.0560811684614022,0.0123672849415028,6.24435374851304e-05,0.0259189014170105,0.00402596137637134,0.0255550860260445,0.00688052789874321,0.186851722061629,0.00661263988944859,0.000908089738350869,0.00117419915415578
"gene_447",0.0618605477352611,0.00797174106397599,0.00208685792947333,0.0554086572507445,0.00356252168940399,0.0401512827441605,0.000142863421546499,0.000159678516776012,0.00930024720840118,0.179811282198488,0.0124548260106759,0.000349289550450979,0.314903974194329,0.00319978331939463,0.0574051924042638,0.00311955953775753,0.0532811285313317,0.0274634378741291,0.0856688826927656,0.000381056855487953,0.00135854663969656,0.00287978190249551,0.128825052938762,0.0141031129703889,0.00689013223744673,0.0328911914222165,0.000781831469396264,0.00593483588788262,0.0890041510531794,0.00421399024887755
"gene_448",0.0469413174523809,0.00399999759477763,0.0241272900280174,0.000275721616441672,0.0736761984847848,0.000255836185728749,0.00458215938951548,0.000378630117341648,0.247749390072179,0.0321381492706158,0.0293076931910234,0.0317950348289741,0.00346359032262245,0.0575193859050313,0.0268392280351229,0.0181791707348185,0.0652618250307542,0.0185804606091232,0.25172642085968,0.000603522940198684,0.0035434089294822,0.0431893857841995,5.90412761205554e-05,0.00171221211295949,0.000129203109081228,0.018168812526463,0.00624064094516791,0.00414657889518526,0.0131749281210689,0.00114431886550596
"gene_449",0.000782120989020901,0.0213604586188964,0.00939716209896879,0.00362210417303837,0.132437495890878,0.00300425106041865,0.0840322976312131,0.000157694872089859,0.131592772753372,0.00506843704294326,0.00247934250172543,0.00728030242264444,0.0589281743802499,0.00393737762033779,0.0297380388192158,0.00878985215806501,0.16883742279308,2.69737279755609e-05,0.00570902673271717,0.00739729956204449,0.00985996577228721,0.080899649122719,0.0153427321085341,0.0265845787820445,0.0399420357984932,0.0106140172593083,0.0099908603776969,0.00581063521258378,0.0569024826979364,0.0360718065562411
"gene_450",0.00909412588712237,0.0383720870809874,0.000351898730739707,0.00184636407109723,0.0195372343702424,0.182564513615758,0.0065712318692118,0.00316832544651047,0.0266803013901724,0.0774838150045918,0.00252969573708361,0.0858080297771269,0.0842096982527665,0.00202199417904474,0.0356402282775433,7.55145361073935e-05,0.000118603612854273,0.00260368767598067,0.0663407836529785,0.0149093815091185,0.00524528920297368,0.00235722631504045,0.0844904811810028,0.0306826242798408,0.0127593675415782,0.00252698347332351,0.0129271136961657,0.0246545206558942,0.0510844537364997,0.000546791556370243
"gene_451",0.000317576782076038,0.00780064486526663,0.0143412150614972,8.45221342606561e-05,0.0193628315222434,0.0296362433191784,0.000552224098325959,0.0430699714233707,0.0236056808644749,0.00110579654847831,0.00277725912398847,0.0689776969847598,0.00083551619319453,0.0577337914913135,0.0415711088522763,0.00925988850584508,0.0148456760340178,0.00306013645846507,0.00057219196278571,0.0257825790751859,0.000176032557960772,0.0100154066216792,0.00461789681053552,0.00634098999569307,0.00455364927787243,0.00325439725221012,0.00317563053606119,0.0274831923164547,0.00283162190045734,0.000133596362948787
"gene_452",0.000316746063275947,0.000271942979697898,0.0513901522904502,0.265152993286373,0.0174803055754139,0.000969151607924581,0.0155284139579453,0.027702374326419,0.0399641841730994,0.00521606015412233,0.000516156712944125,0.0883449059014064,0.0258851208280445,0.000821157626796381,7.11545476742652e-06,0.027824256003646,0.00380709227198221,0.0287302815623435,0.0645917013990339,0.0447524833952539,0.00150603318579444,0.000325182851030139,0.00498946002232366,0.0445265192302033,0.00985678094865801,0.0113873251419635,0.114738321503036,0.00947280121569657,0.00423795051686895,0.121507565082829
"gene_453",0.0153859776681405,0.154826590960008,0.0139604077338835,0.000371787582842216,0.00243489718990782,0.098687084704734,0.00171000091953232,0.0719153391978335,0.0635414662628638,0.00697583001253534,0.0144965152553355,0.199514095716314,0.00676619239095755,0.0183954500413043,0.000227608908813921,0.0207401439537637,0.0858805968232212,0.0181459082101407,0.0144928927017884,0.00212717706607522,0.161780267130962,0.00243242346238283,0.034657890443446,8.40755355654678e-05,0.014620756576551,8.49699224262334e-05,0.0179888369408312,0.000451872502905178,0.0641733018309966,0.00859423703293077
"gene_454",0.00258152846703812,0.0156815389124654,0.000964848072023475,0.000238596775331573,0.00331139086998896,0.0227883442774714,0.0025833803522402,0.00896291952912463,0.0154127913464936,0.0453231852639222,3.48597417676829e-06,0.00185354156227059,0.00522055247171986,0.00364033727952143,0.0133477462861312,0.0385094770054664,0.000286146870258636,0.00342138336759635,0.000660226607459268,0.0436392694641412,0.00617307833096207,0.0205281395876896,0.00201847732101028,0.00239175604190927,0.00135200858630703,0.00116393565491915,0.00550507389117377,0.00963170085769123,0.0231326478498267,0.0412216421468335
"gene_455",0.00702734231479065,0.00680462236032855,0.00600181593738055,0.0176566825498255,0.0236841725233149,8.30935942270159e-05,0.278652173222069,0.127597680182717,0.0690874764121925,0.0414058410199849,0.00779084976301594,0.0277893987463293,0.0658222677154835,0.0161853589895818,0.000897608041047938,0.0381657778574177,0.0254450275388022,0.0723160653430749,0.102343623791056,0.0626206112250019,0.0298532076162062,0.0107232792030958,0.013083181829897,0.00816151324510292,0.0389577785667891,0.00712926607914029,0.00841357063946882,0.0316336531045164,0.021689932904785,0.0035643604137653
"gene_456",0.04142106309618,5.82059882510219e-06,0.0127366690116529,0.105455316992038,0.0848975365897792,0.0109875098651263,0.0366794538637637,0.00132467320313096,0.0486423634116007,2.92136408532272e-06,0.0535253660724514,0.0328910726076825,0.00503863951023116,0.0212546948628425,0.00152906598572408,0.00727289865561374,0.0160366736651716,8.96789294459036e-06,0.00801919867812048,0.00295140252814281,0.0576413247226567,0.00148645139977839,0.00845985477196928,0.00511323207955724,0.0162212966359046,0.00458654078171909,0.00127189536402867,0.00931911225166993,0.0102140153548104,0.000219037668813468
"gene_457",0.0079156857581226,0.00124636140024752,0.00295482071961619,0.018470156806313,0.00168404086625584,0.0299714646055544,0.000925248470105439,0.00302832991981334,3.94701930872096e-05,0.00255253410988463,0.0272672755168847,0.0493858107852753,0.00909622836556284,0.010855659878415,0.0699248569435657,0.0621934705583465,0.0780865365364424,0.000208386602454917,0.020925242599429,0.0128573156605595,0.00359272546938336,0.00656268152168793,0.00897448803338275,0.000433577226964574,0.0154398226961591,0.0431621902075956,8.44901567191991e-05,0.0661993873834113,0.0750688682419712,0.00122915292780635
"gene_458",0.000360096941461991,0.00129586577709907,0.0316453673860447,7.03641430724426e-06,0.0112961278772732,0.0946047154828116,0.00397197346862526,8.09230877202262e-05,0.0818158283577889,0.0146524054578823,0.000764067882409755,0.00205880842191271,0.0904112683542969,0.000134026328169216,0.230432871769363,0.00643750198617364,0.00704921112344217,0.00121768343993267,0.00569700739946413,0.0112052253108827,0.0758367423974299,0.00332624728564051,0.00839276579834319,0.00400331336544517,0.0279000775411331,0.0506771426505742,0.00783614335937271,0.141006743982218,0.0678011833959741,0.0315978309507963
"gene_459",3.57649279518865e-06,0.0312625406578851,0.00694600379028386,0.0661995228282975,0.00778102343998263,0.00284891275799138,0.0162977714887885,0.0311878106737165,0.000111104604948132,2.21286608034064e-05,0.00720147100647172,0.0331028962531925,0.0109582751616289,0.0225492554353399,0.0167569083089014,0.0617924163434648,0.0119698398283131,9.6201013984314e-06,0.044382509257489,0.0092839337801586,0.0219717441603212,0.0523220252308764,0.000740157394928508,0.00125335062920781,0.00610352666776136,0.011245436097475,0.0100912743307905,0.181848596284912,0.0222320109404443,0.245393045436069
"gene_460",0.0268000697554433,0.0133168765951799,0.0711860759705751,0.108255248544611,0.00114890825994885,0.0148357058365478,0.0501687087838298,0.00177982100457616,0.0277793178043136,0.00135672129394521,0.341537066753014,0.000367657610818457,0.0626826876310647,0.00314595940084221,0.0152235582476504,0.0332387446190466,0.000122304511801026,0.0153861539290785,0.0670339581642534,0.0361773123886874,0.0460845354490724,0.0663846540637767,0.644637653712837,1.14812697662389,0.075308387940268,0.00407114924829302,0.0636942363602134,0.029805366880998,0.0489758259932464,0.0821452828793423
"gene_461",0.0141633496545515,0.461545290265641,0.000128937352209185,0.0595896399274537,0.00203313346875215,0.0215648067048376,0.0230654566871857,0.0103507159341436,0.000319608152912916,0.0215194719298398,0.132719641088041,0.046419646989809,0.00215168883022334,0.0027784272474563,0.0144196174421986,0.10670735021484,0.01448529764005,0.000423412167308453,0.0022391678271052,0.0430112961832877,0.000125360144376432,0.00169967061539988,0.0567660031863026,0.000401018211736303,0.0532286598512413,0.0044220468766116,0.0487662342190447,0.0436545157140769,0.0453704944060887,0.00853386869165849
"gene_462",0.000243282029069315,1.89338068923765e-05,0.0145792412905517,0.0528084043246593,0.0530174878537021,0.00871203347167299,0.00456772216685556,0.0224743653651392,0.0423223076420453,0.000272571379094379,0.0057054070283102,0.00501209357505312,0.0199257676809861,6.10607187073577e-05,0.0642673973117839,0.0155865287431423,0.0293974828810885,0.000768384450786422,0.00480061301706586,0.0111801862067683,0.001003898262226,0.239972496944352,0.0308772030465222,0.0399581919856988,0.00827962446957205,0.0275461359029297,0.130217358557619,0.0223991151147773,0.0891276591629515,0.00306632638497413
"gene_463",0.000181338000908496,0.01301711873603,0.0330023885309375,0.0121421752306989,0.0455356792280908,0.00145134162108923,0.10711998832566,0.0147338347615517,0.0532454591540749,0.0115155409943944,0.0314830884240203,0.0349947559378569,0.0137840659005551,0.000154939239163835,0.00571397924038463,0.194329433593623,0.0162570240437813,0.000467302144509323,0.00271358221124418,0.00227058184688137,0.0266966763343192,0.0349700343120429,0.00764931164421787,0.0483538621939798,0.00510199705201717,0.0328646886681202,0.0528211738415471,0.0266511114817542,0.0358553524456,3.61888465025826e-05
"gene_464",0.0395522741435648,0.00407378869631804,0.0018191308875349,2.74039824799118e-08,0.0522970510567413,0.035267985472419,0.0180779558283358,0.0635955554126326,0.0207734095498376,0.0788963068926739,4.59578662064746e-05,0.0454359758398998,0.113690894391854,0.00627393634659721,0.0378553847023854,0.00357136076434709,0.00105713598054315,0.00247243793269855,2.84902452837323e-06,0.142525982594372,0.00854884176708632,0.0331323661309364,0.00128191253736482,0.0223843877872424,0.0199051778873566,0.000347075827126804,0.0094441678526596,0.00293229744324986,0.0914188387377857,0.00104011480795092
"gene_465",0.0262714981887857,0.00299449976476114,0.133922169271418,0.018011774778851,0.0499955416239347,0.000456946999947757,0.0363215877551245,0.0117593478502093,0.0389179112320566,0.000507073557862389,0.0324906340573508,0.00126130542531327,0.00865099832383845,0.224998861534595,0.0189287679119372,0.0304920502029477,0.00161972769706003,0.00614967028192738,0.00150886873802737,0.00785385394156713,0.0112987926836457,0.031830977906168,0.00706431852747852,0.000201132042258289,0.0167429600936084,0.00810907545634759,0.000789900476304131,0.25169107525821,0.00977967834874229,0.189154435026791
"gene_466",0.0734847284177969,0.0608016457858793,0.00978655883388943,0.0233823184049642,0.00221628589040861,0.000319415112527251,9.04812730039892e-12,0.00257851830349254,0.00323923600914039,0.00289412753891739,0.000190287702869012,0.000359587224197859,0.0473935940592423,0.00559295488716249,0.0148918829738128,0.0261460251472718,0.0227512083053583,0.0271837547080062,0.0308253614289534,0.0409387853552051,0.0230025277919185,0.0112607722092629,0.017027795561519,0.0145021775526474,0.0105273800656751,1.77979294658896e-05,0.120439723672305,0.00218673645100672,0.0622958954577552,0.0981969369307379
"gene_467",0.0447802141708136,0.00223838977990206,0.0918691544697479,0.0807303232522953,0.000272881754817929,0.0013611899396329,0.0477009257904809,0.000156228862046893,0.020783694622756,0.000156880135319972,0.0189607427127224,0.0173403040317305,0.0505681989321131,0.0163133614272586,0.00777052254130289,0.0195252483476976,0.0295817768235377,0.00498328038146443,0.00853133364657128,0.00411332094190396,0.121606061291318,0.00215512847389046,0.00093489958469199,0.0221071552346958,0.00900787804038796,8.1654781570169e-05,0.0561875805257675,0.0269064151840034,0.0698014758531368,0.0516255170082906
"gene_468",0.0204455465176916,6.22462554607139e-05,0.0173533433909776,0.00862752502158396,0.00115833290590966,0.0544192800616808,0.0124008634296227,7.52724404377724e-06,0.109922945659111,0.0120281519251197,0.0356624678158718,3.83738097024152e-05,0.00357431584024611,0.03675142954213,0.000836869048605112,8.66962201220645e-05,0.00487955192017919,0.00549176475180955,0.0284293090209755,0.0023395036075915,1.94488128640727e-06,0.0659800954229719,0.022158385409459,0.0229041641243837,0.0140617637785595,5.58137204947278e-05,0.00732457308719987,0.0452775798175867,0.025259856716921,0.00635144606081512
"gene_469",0.00618046570620157,0.00484048605545325,0.0080726609854055,0.00150910400791298,0.0117315563857273,0.0687378796041948,0.0076588428447043,0.00148538097263663,0.0562889572786927,0.00149796296675873,0.016584979442356,0.00307268562836576,0.0528674019272773,0.00730137825152942,0.000996728538115524,0.0245477126112988,0.00131815330665926,0.00293086409318036,0.0633912538246935,0.0163782715962226,0.0288056971739906,0.0452994251943079,0.0143411298899067,0.0219200989371249,0.0334660667105109,0.0022697173222171,0.0280404315697948,0.0661447985431247,0.000588800777078548,0.00991448684885826
"gene_470",0.0254710025211284,2.91301348440061e-06,0.021849675544692,0.000571054265136412,0.0179783328331393,0.0218933296181254,0.0124154884038102,0.0064384276076658,0.182504392695333,0.00572529459804667,0.0252698920885747,0.00934038279179441,0.0274260271635885,0.0253251146459517,0.045783686782745,0.0359637786917842,0.0091469175330941,0.0119371868758865,0.0126293920938685,0.0356141753101407,0.000454653079799801,0.0200197233407118,0.000534699734977641,0.00295600466155482,0.0266331872093427,0.00106802541371097,0.0306713546661052,0.0005689629444097,0.0152771248986655,0.0622956450090423
"gene_471",0.00151972479572016,0.00608752337421588,0.00146417381092837,0.0481581221388354,0.0470660779662823,0.0300453535847141,0.000495768911948975,0.00176453357456914,0.000493357146141847,0.101340437436078,0.0439263814543603,0.00289171194215108,0.0198385507251834,6.86655606283728e-06,0.104891114922406,0.000510329360248668,0.00863959594508585,0.0462373502598891,0.0029246961065502,0.00808577570753518,0.0306203398160281,0.00887790469703227,0.0187115555500762,0.0196742945163861,0.01059881469433,0.00184257208287349,0.00157343106518577,0.010945325037135,0.00390962110717791,0.00374442158956817
"gene_472",0.029825979667756,0.00579112519393329,0.00993024799533305,0.00562788468504846,0.101987178159264,0.00485802233465744,0.00463118018385921,0.070095416584699,0.0030416788143311,0.0448055105524299,0.0108339063357282,0.0313805527941617,0.0122806484570619,0.0883827964891573,0.023532967008713,1.54609643231342e-07,0.00353245775022184,0.0101152149027952,0.0565530301628013,0.0300971172813664,0.00311329584667045,0.0040147607379765,0.00204285691939171,0.0107982941529111,0.00348293732137449,0.000201105250712498,0.0151227699794098,0.00199807130862642,0.0130095096292779,0.00409527145794906
"gene_473",0.000790206755974512,0.0145343316158288,0.0315912020757605,0.0067820954119605,0.0170603502943258,0.0366564266211805,0.388901689048258,0.00870990073677344,0.0123469374792943,0.0111099088914185,0.000255182826360745,0.0118518224793391,0.0536733106085297,0.0024193217340508,0.0214763820713473,0.0442131420194429,0.0287453487714405,0.0227865632069126,0.00932629854173143,0.020836617740497,0.0269040130540087,0.028535802382853,0.0200586788508604,0.0106912095427735,0.0946675727276362,0.138070008267433,0.0143901021598226,0.00221197910904774,0.000374042765981434,0.000629663604505055
"gene_474",0.0156251448138802,0.012605469050077,0.0386554219249503,0.00496944063521974,0.06007221529367,0.0129668765035483,0.000119202330904318,0.0432371401563239,0.0220346034451217,0.00618420538105331,0.00952115139282734,0.160185359882799,0.0260446846228409,0.0270025813429833,0.0121086337466273,0.0145315435851799,0.016101469309458,0.0164871120832497,0.0410086631453744,0.0275164977108974,0.00016258698086371,5.08676743502764e-05,0.00119386564504338,0.0231136806509498,0.0152998765962487,0.00086517914683596,0.0287884729974296,0.00275531696898764,0.0539032380865572,0.0579586061197717
"gene_475",0.00506501856245183,0.0676850987116634,0.000204826872858194,0.0494542570279108,0.0543144944910046,0.00392529438106923,0.0259624945204302,0.00157896851109367,0.0157617231015196,0.0383881550115928,0.0196959517036934,0.0115436738187537,0.00635322948804347,0.00339179622656317,0.0116571186278638,0.0361438154012499,0.00539684117295908,0.00358569200154444,0.0040017094578839,0.0855300991160068,0.0434231277698713,0.0300048548517372,0.0162463447506094,0.0903941601029944,0.0142859449785302,0.0325671298668004,0.00351647797348148,0.0222695006385565,0.0287020053926913,0.000251467262275122
"gene_476",0.00261083074366193,0.00226573790599095,0.0277207445164904,0.00277291453561041,0.0100923244592874,0.00488836899848171,7.99071981389241e-06,0.0267049796095251,0.015436124123263,0.0960479966470281,0.000231639532709541,0.0249492593256941,0.00018163697754562,3.19978534824516e-07,0.0440554169756076,0.0508578573948087,0.0169097844455566,0.00023310001226586,0.00179531439481618,0.00294561613711482,0.000970565809824289,0.0338163063979168,0.0145879311447838,0.0515264895768538,0.0572940991683048,0.0669674140995159,0.000920719422836557,0.0209434312345409,0.29522808590195,0.00374105626034367
"gene_477",0.0300587559731085,0.0203792818462486,0.00108739995216003,0.062076836729473,0.00313218727326194,0.000796043308978503,0.0951868780279283,0.0135294679853682,0.03839769685233,0.000183582894987666,0.00488240573013481,0.0293605013487074,0.0282161417452843,0.00433806104157829,0.00608643223860426,0.0364861870301357,0.0263958794230201,0.0894597561580589,0.000314900833506951,0.00325467634459557,0.0440019543115031,0.0343249964440522,3.21293032720266e-06,0.060844796253729,0.000148910512086152,0.14758286020346,0.00433342971095638,0.0221537162476001,0.00801693551832936,0.000971226214715044
"gene_478",0.0738977934827325,0.00623210272140035,0.00373550029554459,0.0502043174104375,0.0139806991778447,0.018321079801168,0.179342767105506,0.0147935092212697,0.0496077041857175,0.0298263754373795,3.23107965746877e-05,0.0278743243312927,0.00152209295808854,0.00192116279587418,0.0791297171905549,0.0628005861616443,0.150076357762195,0.000346976369410364,0.0334170123172709,0.00796061200982323,0.00185786993975108,3.91508433188159e-07,0.150100490311566,0.00640580917828743,0.168471203882091,0.00350645422313728,0.000506436182501328,0.0558784593223684,0.0263752976193357,0.0215722897494157
"gene_479",4.90544878578511e-05,0.00362802347636191,0.086666889595023,0.010170442732968,0.00614999980900427,0.000251057481769896,0.000687968918574442,0.0028909338349776,0.0357521140564868,0.0885934990612803,0.0335635672625089,0.0119193955968449,0.00960554076185041,0.00268131101877881,0.00171019820849119,0.0285680562647245,0.0112112301212139,0.0034381834395995,0.000209311762325673,0.0148747543599689,0.0106797701783026,0.106152556154392,0.0288904567274969,0.0317116651235753,0.00193554747889068,0.0543762838672794,0.00431067504697591,0.0110782241553057,0.0531190606246632,0.0543582161779181
"gene_480",0.0121591980625501,0.0350128801489401,0.00958747977272426,0.0297737844991989,0.000527326849867229,1.17741804690019e-08,0.00301273993406995,0.0453181757693058,0.045352904859266,0.0114667913248841,0.0137124224006677,0.000128038308073776,0.0275419336330942,0.0017809565574161,0.010279313272911,0.0319336984395398,0.00297299499701938,0.017526214482152,0.000209618702625557,0.00509228514856243,0.00479276532672005,5.3023902188861e-05,0.00800246284941503,0.12818088251048,0.0119377877451284,0.0125280405499024,8.82103075221455e-05,0.000379777355432512,0.0171735590001645,0.000392962745474
"gene_481",1.85870864773463e-05,0.000187773041912484,1.14436478305191e-05,0.0157002207857601,0.00275558805708786,0.00262186629836619,0.00556820787551651,0.00384815041758031,0.0138073740959271,0.0153266799785836,0.00197489948381068,0.00445322034651069,0.00032666443531364,0.018583525146155,2.2034636311771e-05,9.36375928798956e-06,0.0028913247052032,0.0318155085361247,0.0361371060510551,0.00319128249381972,4.22809729231615e-05,0.00161212809997633,1.22658063696223e-05,0.000554276335805092,0.0267396875028797,0.0380787863588122,0.0276847456494978,0.000400223423395082,0.00125411929965637,0.0284916238218235
"gene_482",0.0313315657576045,0.0179079882789187,0.0239624620696816,0.0106429064036732,0.000104795416790235,0.0860986485772225,0.0140093299844924,0.0356610727865714,0.0191144766542628,0.00178892168911722,0.0386278294519397,0.00308040139721275,0.00240811840638183,0.0342006372506854,0.00275931814368428,0.00484059289560407,0.0223495704636845,0.00927750711896075,0.00406718800048009,0.0177377717273691,0.00335352448701195,0.131217553201295,0.000123507576659232,0.0109785417381368,0.0273257458919623,8.62020669425361e-05,7.29843643294074e-06,0.00217826384056783,0.00304463343687203,0.0434116463365805
"gene_483",0.000349635271282979,0.0133075267142387,0.000258304412114128,0.0142094321535359,0.00490887451034252,0.00235684740470817,0.0256489179094654,0.0122150487161999,0.00892457233518547,0.00318492147316346,0.00958773993927327,0.000856494287801397,0.0118005786861689,0.00256906974686837,0.0147981392488311,0.0032245176975271,0.00527661211274868,0.0168737737964398,0.0049039359849285,0.00252477233542701,0.00360426148386117,0.00762429659608091,0.00646255081025436,0.00537737805891929,0.0070204670126611,2.73340706055294e-05,0.0120500807697166,0.001869278389187,0.00725390131763025,0.0253617047000305
"gene_484",0.0572880622150404,0.00738284466707603,0.0377263271263033,0.0475716791315508,0.0337313489499822,0.0315246041107771,0.000157806460315553,0.0485869197274083,0.0292175268346862,0.000760201090128272,0.0152769013846701,0.129621977884653,0.00994758662023095,0.0079421508562326,0.0203140388279018,0.00106064878887273,0.0804002125253232,0.025094289803343,0.0140810861534042,0.00876470336037685,0.0253515122142698,0.0101221260244445,0.0688257624485839,0.00613139668529618,0.00116313155615374,0.00526757812370927,0.0099929594908196,0.00285228854031863,0.0957556940561552,0.0929086525920642
"gene_485",0.0333198034264958,0.0034236011171016,0.0331635557124588,0.0125410879471552,0.0255742618075405,0.0171301196544929,0.00315048913807637,0.00438704348678574,5.68069112309573e-07,0.171528466857027,0.014133705083472,0.0157650649787815,0.000908762707211938,0.00665670073667904,0.0115896412173258,0.00940648951033514,0.0327536878987326,0.00255522588510417,0.0126989149805594,0.0261842846556423,4.24504354430923e-05,0.00272268863501261,0.0055267516498027,0.00385445250599951,2.67021393742453e-06,0.00281930609060857,0.00289603384804558,0.00657843378830035,0.013876346883556,0.00603624228977891
"gene_486",0.0415260243484235,0.000257777883209905,0.00803565471816642,0.000263165596668802,0.0113833908459557,0.00381531040594357,0.0103408156808905,0.0562140992617469,0.0328238616152855,0.00290766288299862,0.0275408321969682,0.000123127594492309,0.00962445631754755,0.000155052741928788,0.00102897583389816,0.0762191785847071,0.0301306058195597,0.0742797240400539,0.0448506597865547,0.0161089476990161,0.0115369013279886,0.0452905027561778,0.00444166759404246,0.0222053939931509,0.0888733428358003,0.00457962775331539,0.000398187932482748,0.0197708244892507,0.00278159041938483,0.00372289058283625
"gene_487",0.00659542670548746,0.0422079005790539,0.220553082141963,0.0522554429356762,0.00378430506381228,0.00680123015616419,0.0563115248135778,0.0270559748671352,0.0123624910080242,0.00800570183575985,0.0129689800755265,0.00261323536030812,0.0124097405829699,0.000271045915392534,0.00654965507617229,0.0127525308700149,0.0337370446762795,0.000641600115647714,0.0754518920759062,0.000614131594664576,0.00304378724482793,0.273214847491013,0.122261493323407,0.0572091740202317,0.0346796496006504,0.0013114729092629,0.0611107356497867,0.147641707648679,0.0238768605190073,0.02179166601796
"gene_488",0.0128400953843589,0.000333308536067023,0.00645509224449761,0.00435245917920421,0.0210317405424238,0.0329769145515173,0.00325747119492782,0.00633049076261575,0.0103844584783613,0.00785262029900398,0.00951063524117438,0.176402090932967,0.00619187611588831,0.056566759131709,0.0413498809302241,0.00050757113083166,0.138049054030839,0.0824643944893996,0.0212666754521154,0.000431176209172345,0.0364763463140235,0.00278318561654037,0.0133957440473214,0.0111081987009503,0.033962021004504,0.0101889266471874,0.0112038410579662,0.00162005856202171,0.00846563737874432,0.11951739108519
"gene_489",0.00845614737350734,0.0120956805110017,0.0101437017003201,0.0257591915676734,0.082518012393623,0.00333873247696283,0.00176080553900738,0.00454497422629588,0.0225207623243712,0.046124998532917,0.0122420665110097,0.00297165583413971,0.0992440040757344,0.00224611441726335,0.0426836611275872,0.0190575120919457,0.0114981051081869,0.0129558825425273,0.0437464069900505,0.00421275129205455,0.0310322078701626,0.118894173313976,7.8899418857177e-05,0.0434095260646846,0.0256199546390639,0.0135709441013688,0.185691646056764,0.0104520335568695,0.018077364902075,0.0111984095431556
"gene_490",0.000287327059335692,0.00635561415047424,0.000195934915751294,0.00392568934417619,0.303755649946162,0.00335152632915112,0.0078629062746334,0.0701635011998937,0.0200271927015971,0.00663129639311289,1.80557825870718e-06,0.000160896261000947,0.0685395348873824,0.00802613466182086,0.0153794407924147,0.000196116903505344,0.0323929095871781,0.0265379779960869,0.00146479349693141,0.0322884104934686,0.0373317266893051,0.0224269101221845,0.0294947148965486,0.0183684479501044,0.000567384326239721,0.0821909788254542,0.308766442481675,0.00678376611896086,0.00331927753654371,0.0267740527047282
"gene_491",0.0438054091758242,0.0325435440413495,0.0182247942013728,0.00631324438769184,0.129573392041319,0.00328460202593037,0.0386554911294325,0.00867136786155864,0.0643772467951175,0.00337912871909048,0.000332099023786784,0.000187733452520668,0.0459813963230916,8.97089307430602e-06,0.00556733572166037,0.000452576614291885,0.00902262891374555,1.83360437137024e-06,0.000337050614745603,0.0082295996713925,0.000443787686327131,0.0126369809043771,0.00770928960562534,0.0005143887683594,0.00968737706322661,0.0115148612532681,0.0269241622703456,0.0338063920002886,0.0826619911744621,0.00126985137713139
"gene_492",0.0159083264108596,0.0210711148650942,0.0011737059531684,0.0245835479167191,0.0940096271792403,0.0371391626835603,0.00716614813423611,0.0368200918805358,0.00717315587226527,0.00121583711828009,0.0498835663072164,0.0214713613119402,0.0573358533318642,0.113931415118354,0.00622902851402443,0.034967539139141,0.00299497098416643,0.044795288321818,0.00679645211382495,0.000303572437869055,0.0103984445450507,0.0467037839163639,0.00163897990561707,0.000355775247745317,0.00100094639982916,0.00608327581144122,0.00266647187954153,0.012133475379931,0.00296044191932994,0.00991104215186024
"gene_493",0.11000215383422,0.000324626561759823,0.000148029790603013,0.000919839723474108,0.00932846650060885,0.0186304093886586,0.00125068618584641,0.00241032538221805,0.0102614256978536,0.0202993146873795,0.021588945284886,0.0128300886533037,0.00160514638043368,0.0737382258900633,0.0709360726380006,0.00296801830713676,9.15592576862317e-05,0.00409722082380012,0.00945749072486281,0.000274234500234131,0.124069353984056,0.0256612265445374,0.0179234255733985,0.0189106352366149,0.135672088886916,0.0572803895806863,0.012302836198904,0.0305886820632776,0.00493483058565741,0.0279972394220447
"gene_494",0.018922630647148,0.0132002159545272,0.0162720895728376,0.000119137431997776,0.00557264134292093,0.0124990167572849,0.00764617785060012,0.000131887014471707,0.0153456203953957,0.120139973766554,0.0832520674674545,0.0289169935900903,0.00429261742192796,0.30515931551726,0.0259404799031282,0.213382900262953,0.0217546122141473,0.00939852574821562,0.0107417083606383,0.00043590437158013,0.0294723614184593,0.115783320427496,0.00415096765354589,0.008688734052997,0.218698710508711,4.33614017858581e-06,2.3944726861861e-09,0.0658565580442855,0.0142349534437005,0.00114319809566799
"gene_495",0.029777520383916,0.077361886276262,0.00937471260196897,0.0279489658737042,0.00357582323015855,0.0742176888751852,0.0416903144809462,0.00100665981794014,0.0127875460697631,0.00125293492854508,0.0112977034054062,0.0096602709417719,0.00469005622830672,0.0459761985289714,0.046040830014711,0.0787925230044644,0.0107343969117737,0.0111415397449491,0.00514646767238449,0.0123639510120667,0.18572829782963,0.0292967988950508,0.0234262968002873,0.0567669895783218,0.0154547513338721,0.0025299470940316,2.75763752426454e-05,0.0356133176629126,0.0353839945670633,0.0208660846012969
"gene_496",0.0146263541523875,0.00564430079636209,0.0122430008755163,7.76301033471241e-05,0.00485898897175874,0.0234770481176676,0.0976051953997294,0.0190823327350547,0.195510111352117,0.01962113516082,0.00870644693004618,0.00553891041207604,0.00178298010647425,0.02155574588172,0.0372914476410009,0.152325635841447,0.0100352711388858,0.128705130945333,0.0658298693047751,0.0182667432988574,0.0176770266420265,0.153887732128354,7.10454399584858e-06,0.0243022392641021,0.00179839561085182,0.0191170797620534,0.0014040552184932,0.000931196544478595,0.0013374076341461,0.0240459417231796
"gene_497",0.0485871444354901,1.22237273027186e-06,0.012351197379248,0.0161724357010521,0.00857329125112304,0.0138072386754862,0.00181969132028031,0.106071231691282,0.0145852345944756,1.03081085147156e-05,0.0412456177495036,0.0913931149162314,0.00117967503969076,2.73759454052414e-05,0.00740992401083912,0.00404652371466667,0.036839342647042,0.0315364311152104,0.000149515995105122,0.0101516903173798,0.00959726251227148,0.00153924574308798,0.0742094018242741,0.154495794637105,0.184183828128449,0.00591866515258295,0.0810867058195597,0.00498972714708598,0.000986592705664985,1.368539195764e-06
"gene_498",0.00591101924275186,0.0267905201950375,0.0107473892624437,0.0945524853615519,0.00556489750902387,0.0249682868361842,0.00354785646079464,0.00599141052362262,0.00931643690533788,0.00390137509157559,0.00210262624824142,0.0129209679654016,0.00801302182348521,0.0601095008402891,0.000458784404790727,0.0134432836107617,0.0124265205727301,0.00332853465397727,3.39645992703014e-05,0.000204871160670775,0.000679356898126502,0.0149008224104121,3.44178552841006e-06,0.0135121333306779,0.0228748474342346,0.00437045078259906,0.00139526758450908,0.0689652215587815,0.0130891312430273,0.0270212101699527
"gene_499",0.00704119039945973,0.00351503762489455,0.0509503922348702,0.0287541983855631,0.000311697163227759,0.0572557305194355,0.096752499792196,0.000907197468567184,0.00438258514545208,0.0171315271813401,0.0272735446569814,0.00627632338965814,0.00129216905311632,0.0247624507552678,0.0174786354695183,0.0188529317948729,0.00739740322273311,0.0538786162004402,0.0234038418311116,0.050680636842582,9.56402845402759e-06,0.00808885888879331,0.000773698438032685,0.0110726798656057,0.0552920047924938,0.00895776558266424,0.000842188244986418,0.0230347381188909,0.0302251730278901,0.0486490845273613
