"","sample_0","sample_1","sample_2","sample_3","sample_4","sample_5","sample_6","sample_7","sample_8","sample_9","sample_10","sample_11","sample_12","sample_13","sample_14","sample_15","sample_16","sample_17","sample_18","sample_19","sample_20","sample_21","sample_22","sample_23","sample_24","sample_25","sample_26","sample_27","sample_28","sample_29"
"gene_0",0.0665809795512256,0.0663369858423867,0.0667039922533209,0.0668580400105126,0.0668425286253932,0.066585973382273,0.0665824374820864,0.0666047813073786,0.0667539719102619,0.0667740732825079,0.0666527450479361,0.0667444169376128,0.0665833955292498,0.0666648840900437,0.0667307772001466,0.0670521073914635,0.0666389995482802,0.0665421397712717,0.0667420878382414,0.0666106477938291,0.0667302700305172,0.0667337379072646,0.0668409028384878,0.0665114111936315,0.0664642525671409,0.0668674163025469,0.0666981655026783,0.0664991700239433,0.066469701290268,0.0665989812210004
"gene_1",0.0658897498431658,0.0638074771214655,0.0669857835620254,0.0684048239186125,0.0682595226155469,0.0659336232315484,0.0659025531637944,0.0660993269179894,0.0674403973023079,0.0676247893700731,0.0665252672126245,0.0673530619008669,0.0659109689881126,0.0666338413008702,0.0672287385649521,0.0706876816420827,0.066356052749787,0.0654090719258925,0.0673913624399327,0.0660763230081684,0.0672712046006964,0.0673064242853541,0.0684114041748621,0.065113703317682,0.064665037267724,0.0686898463979852,0.0669467212246492,0.0649967052499609,0.0647165924684319,0.0659618310341266
"gene_2",0.0665999386725312,0.0664096070891537,0.0666957801596296,0.0668156914682572,0.0668036228942213,0.066603830981958,0.0666010750314741,0.0666184891644138,0.0667346979159556,0.0667503466552815,0.0666558620071483,0.0667272587237036,0.0666018217587498,0.0666653187366154,0.0667166384494698,0.0670526200594427,0.0666389623223319,0.0665419745961509,0.0667421871990688,0.0666105730773464,0.0667303537118966,0.066733826189124,0.0668411335209555,0.0665112055048487,0.066463984775772,0.0668676822865516,0.0666982066169511,0.0664989482064223,0.0664694406697328,0.0665988910866776
"gene_3",0.0659805892199241,0.0641274406183856,0.0669506441694701,0.0682011150488179,0.068073356448633,0.0660194907521459,0.0659919422449326,0.0661663629506814,0.0673519232587639,0.0675145025532354,0.0665435093778599,0.0672748829913585,0.0659994044919933,0.0666395565282378,0.0671651747078273,0.0785977893846814,0.0656398333586035,0.0631789323347181,0.0684698166683359,0.0649006360170123,0.0681335293724883,0.0682318805826673,0.0714121241578533,0.062434910857415,0.0613252761584995,0.0722435370136729,0.0672358373200168,0.0621431898335412,0.0614515435931675,0.0646010944877087
"gene_4",0.0664252596782239,0.0657473666127799,0.066770437023528,0.0672059677741165,0.0671619475708151,0.0664392277224846,0.0664293372075474,0.0664918685483927,0.0669113416141316,0.0669681203116869,0.0666263557786527,0.0668843742404485,0.0664320168414964,0.0666604483998891,0.0668459025563079,0.0678176368139377,0.0665826220833648,0.066297374803658,0.0668879990158351,0.0664989598198053,0.0668528972683295,0.0668631951697709,0.0671824621646824,0.0662072182591998,0.066069171215301,0.0672617633793247,0.0667576621951029,0.0661713482154473,0.0660851017869881,0.0664645736993351
"gene_5",0.0665403744048327,0.0661820674251599,0.0667214900268646,0.0669487458804522,0.0669258405092774,0.0665477208344595,0.0665425191145595,0.0665753938598914,0.0667951670538796,0.0668248140371786,0.0666459986891904,0.0667810776427886,0.0665439284874685,0.0666638755340812,0.0667609682980603,0.0678688066446427,0.0665787884619772,0.0662811347875559,0.0668975709872228,0.0664914758732747,0.0668609218167798,0.0668716735149113,0.0672050818305438,0.0661870802218724,0.0660430861433834,0.0672879172381571,0.0667614969238072,0.0661496623936928,0.0660597016675226,0.0664555922119218
"gene_6",0.0652169151035485,0.0615429157059823,0.0672292225718261,0.0699197402775313,0.069639694659766,0.0652963988705326,0.0652401013252806,0.0655973919969447,0.0680805041421321,0.0684286244389799,0.0663769011005686,0.0679161950672595,0.0652553460656266,0.0665769509233501,0.0676829322885971,0.0681548496708269,0.0665572049253618,0.0661906191669795,0.0669506615506563,0.0664495928397492,0.0669053826351554,0.0669186648188299,0.0673310407995475,0.066074941744921,0.0658979912991473,0.0674336455397829,0.066782604858423,0.0660289428393045,0.0659184005733813,0.0664053855880705
"gene_7",0.0662629536307457,0.0651454261035366,0.0668378265576821,0.0675688810564665,0.0674947002986124,0.0662861395984117,0.066269721372683,0.0663735778529565,0.0670736404167376,0.0671688523377444,0.0665973844048023,0.0670284569770335,0.0662741692366247,0.0666542153446994,0.0669640405616489,0.0685139939451245,0.0665297692016817,0.0660776407900247,0.0670163453940663,0.066396924324585,0.0669602812394224,0.0669767253170402,0.0674880404875962,0.0659352130788436,0.0657175680377693,0.0676154951401418,0.066808348789145,0.0658786093050787,0.0657426571123912,0.0663423806884315
"gene_8",0.0662529542764322,0.0651087563727738,0.0668419143634665,0.0675912441859469,0.0675151905829637,0.0662767035781858,0.0662598864077272,0.066366269916846,0.0670835790659267,0.067181165234665,0.0665955498262765,0.0670372713103832,0.0662644423297275,0.0666537766373122,0.0669712546677817,0.068679010258076,0.066517033674189,0.0660259704114846,0.0670461600444842,0.0663726887083649,0.0669851588562748,0.0670030500792717,0.0675597473145221,0.0658713977270083,0.065635304901349,0.0676986303070898,0.0668198921309521,0.0658099832533567,0.0656625137048045,0.0663134378628554
"gene_9",0.0665252255971441,0.0661244855404755,0.0667279862611551,0.0669825879221043,0.06695691692017,0.0665334474305811,0.0665276258490282,0.0665644199322745,0.0668105061229097,0.0668437175441865,0.0666434569684758,0.0667947239900978,0.0665292031587741,0.0666634719906062,0.0667722000631773,0.0672517614853757,0.0666244761247238,0.0664779770177502,0.0667806364052429,0.0665815718262868,0.0667627219346575,0.0667679785079387,0.0669305568676957,0.0664315461468448,0.0663603322234779,0.0669708216012217,0.066714071565742,0.0664130558664925,0.0663685576600888,0.0665639224182487
"gene_10",0.0656549902973554,0.0629967943658796,0.0670740421155677,0.0689320768891546,0.0687407360412796,0.0657115280189189,0.0656714870982991,0.0659252623287161,0.0676667245400404,0.0679078059159918,0.0664761146400696,0.067552677714993,0.0656823317287219,0.066616864232642,0.0673904839662336,0.0727661359840169,0.0661791288249887,0.0647933780234404,0.0677158956898146,0.0657678298695066,0.0675363571273172,0.0675889496356585,0.0692527173122928,0.0643649823791617,0.0637176881127604,0.0696762102757271,0.0670530746160727,0.0641957895448261,0.0637918572760939,0.0655999632298141
"gene_11",0.066022077954573,0.0642747581723258,0.0669344178575638,0.0681081487017169,0.0679883512186349,0.0660586955763371,0.0660327647074917,0.0661969218358114,0.0673113578466311,0.0674639988443642,0.0665516997573917,0.0672390114168758,0.06603978890084,0.0666420119822557,0.0671359700733821,0.0682409664063567,0.0665506642371296,0.0661634662208321,0.0669665129910419,0.0664369763194491,0.0669186430044463,0.0669326848741083,0.0673688051391811,0.066041334670529,0.0658545579326919,0.0674773653882077,0.0667888578841581,0.0659927759745699,0.0658760976915566,0.0663902791396994
"gene_12",0.0666029950426529,0.0664213299682386,0.0666944545453838,0.0668088664302626,0.0667973522023744,0.0666067096255263,0.0666040795164157,0.0666206983233461,0.0667315895025478,0.0667465208234154,0.0666563629590974,0.0667244912485684,0.0666047921478401,0.0666653871582037,0.066714357576061,0.0669892203090433,0.0666435472890593,0.0665623979075875,0.0667298728475892,0.0666197980802484,0.0667199788827687,0.0667228822764942,0.0668125792691442,0.066536645412751,0.0664971159887228,0.0668347637971679,0.0666930978332093,0.066526385462028,0.0665016836958925,0.0666100244732041
"gene_13",0.0661124157986661,0.06459820123774,0.0668986640180125,0.0679057938011832,0.0678032256547123,0.0661440302642592,0.0661216428932785,0.0662633268102184,0.0672226368356088,0.0673536843773859,0.066569204254243,0.0671604958577238,0.0661277074577206,0.0666469961665308,0.0670719575915411,0.0673279337208574,0.0666189015720389,0.0664535590413658,0.066795251289375,0.0665704690002583,0.0667750152988824,0.0667809529210906,0.0669646548899231,0.0664011755814257,0.0663208500983995,0.0670101690575724,0.0667200674592635,0.0663803174088193,0.06633012681807,0.0665505477799708
"gene_14",0.0664819006772945,0.0659604328197781,0.0667464749549175,0.0670793914137842,0.0670457888360412,0.0664926194654602,0.0664850297975965,0.0665330055005693,0.0668542926071931,0.0668977085435209,0.0666361163406008,0.0668336659010767,0.066487086115869,0.0666622395621554,0.0668042330686905,0.0675597076429126,0.0666018248441614,0.0663794661768301,0.0668394080546585,0.0665366513769249,0.0668121234250213,0.0668201286556132,0.0670680442379274,0.0663090986386512,0.0662012704642338,0.0671295413737481,0.0667380650215702,0.0662810901778925,0.0662137188528094,0.0665098538367249
"gene_15",0.0658212099408784,0.0635684001626659,0.067011932607396,0.0685586427439642,0.0684000047978262,0.06586880821928,0.0658350997118131,0.0660486294679542,0.0675068227561816,0.0677077187334127,0.0665112159763472,0.0674117042472242,0.0658442299298032,0.0666292136624003,0.0672763389916738,0.0713346892990089,0.066302026652286,0.0652149998875974,0.0674958292557313,0.0659804403602104,0.0673569870384461,0.0673976754365344,0.0686775648232116,0.0648769079022728,0.0643642128027634,0.0690011050294547,0.0669824275932532,0.0647431122664672,0.0644230722912526,0.0658489349199276
"gene_16",0.0654034268131017,0.0621528703454532,0.0671646421844339,0.0694985831960708,0.0692567558154856,0.0654732482223995,0.0654237966059701,0.0657374604083788,0.067905669780878,0.068208016660574,0.0664203126562908,0.0677628270140718,0.0654371885906255,0.0665952315029799,0.0675598865637057,0.0733637780727494,0.0661265458193243,0.0646204368147637,0.0678034219111212,0.0656789333404146,0.0676071532522353,0.0676646366151096,0.069487377994888,0.0641559761027193,0.0634552090099255,0.0699526556519595,0.0670793121445224,0.063972687825296,0.0635354430522688,0.0654963891792027
"gene_17",0.0659306584447305,0.0639511153704367,0.066970034220494,0.0683130805954508,0.068175697203828,0.0659722980538031,0.0659428101892091,0.0661295393238848,0.0674006257551389,0.0675751873165814,0.0665335403191679,0.0673179289419055,0.0659507975898648,0.0666364790075259,0.0672001892667249,0.0698243260798642,0.0664265500323562,0.065671525957927,0.0672469375573672,0.0662039847599596,0.0671519931411948,0.0671798297859454,0.0680501045436319,0.0654351184339994,0.0650751810976356,0.0682684691991086,0.066895244926851,0.0653413550397535,0.0651165919048023,0.0661127783519136
"gene_18",0.0652153972878336,0.0615379942797435,0.0672297457229943,0.0699231877436846,0.069642827315698,0.0652949592973418,0.0652386063135401,0.0655962504855609,0.0680819283585442,0.0684304235847802,0.0663765445179922,0.0679174436218019,0.0652538660563525,0.0665767988087338,0.0676839328960333,0.0755317209636021,0.0659302066929748,0.0640078271752572,0.0681005039225945,0.0653562452502538,0.0678448310128226,0.0679196670889183,0.0703124088549896,0.0634200501942438,0.0625376845038921,0.0709293890066267,0.0671594113859018,0.0631887477430507,0.0626384400573054,0.0651228157760299
"gene_19",0.0655515875875515,0.0626469177177816,0.0671117539041036,0.069164683413354,0.0689527394111302,0.0656136200854488,0.0655696865852327,0.0658482222013019,0.0677653534960865,0.0680315485202356,0.0664535533247571,0.0676394938246323,0.0655815849538686,0.0666083841752096,0.0674605748441712,0.0711367455395676,0.0663186513520201,0.0652741282080292,0.0674641991132576,0.0660097819662905,0.0673310537347673,0.0673700749534516,0.0685965459327389,0.0649489765353799,0.064455651403532,0.0689062834152784,0.0669717517199273,0.06482026522454,0.0645123026539562,0.0658834423070908
"gene_20",0.0665875827200496,0.0663622573899696,0.0667011353843994,0.0668432909488382,0.0668289793015902,0.0665921931388938,0.0665889287206026,0.066609556567677,0.0667472622471456,0.0667658125593491,0.0666538331584051,0.0667384442524967,0.0665898132127619,0.0666650382500848,0.0667258562152064,0.0670444962881423,0.0666395506802753,0.0665445903949395,0.0667406113751641,0.0666117554860618,0.0667290263180801,0.0667324259036815,0.066837477063623,0.0665144632941047,0.0664682266820913,0.0668634665394409,0.0666975536784352,0.0665024615792811,0.0664735689410612,0.0666003177994062
"gene_21",0.0656126432841974,0.0628529776326294,0.0670895766415547,0.0690273203728238,0.0688275652830867,0.0656714375989162,0.06562979809862,0.06589373980395,0.0677072012742784,0.0679585577648239,0.0664669446237731,0.0675883197763331,0.0656410754829121,0.066613468153843,0.0674192791851262,0.0719949061220343,0.0662458967959147,0.0650192240403114,0.0675991880075454,0.0658824454948095,0.0674414659442319,0.0674876781318866,0.0689451591784345,0.0646387770382268,0.0640628256874461,0.069314773618981,0.0670164087331609,0.06448836080133,0.0641288877921377,0.0657339541153471
"gene_22",0.066011132179398,0.0642358804819307,0.0669386763763463,0.0681325938688708,0.0680107037162204,0.0660483518425423,0.0660219945656259,0.0661888568986502,0.0673220224030824,0.0674772781894469,0.0665495283945626,0.0672484408201288,0.0660291342311023,0.0666413511635873,0.0671436448994727,0.0724901347489598,0.0662031543938172,0.0648738376352118,0.0676746111524779,0.0658088489580854,0.0675028503331797,0.0675531685368825,0.0691432614026009,0.0644624154834379,0.063840343526839,0.0695474674221696,0.0670403099942021,0.0642998646734351,0.0639116485452425,0.0656478589626333
"gene_23",0.0665668858171312,0.0662831203826885,0.0667100792963136,0.0668895216894971,0.0668714470986549,0.066572697218865,0.0665685824200163,0.066594585587517,0.0667682831300576,0.0667916962344071,0.0666504142168584,0.0667571547739562,0.0665696973118778,0.0666645458586626,0.0667412699369442,0.0671609058458201,0.0666311013668637,0.0665071466407372,0.0667631379752663,0.066594808211657,0.0667479957825794,0.0667524390273347,0.066889808924518,0.0664678433435713,0.0664075449945813,0.0669238144752884,0.066706867758739,0.0664521891406492,0.0664145106636606,0.0665798763155914
"gene_24",0.0662171996661385,0.0649779994660783,0.0668564837725169,0.0676712428553539,0.0675884767545992,0.0662429595003639,0.0662247184846929,0.0663401223709066,0.0671190781731012,0.0672251622451298,0.066588950601756,0.067068747216484,0.0662296600611774,0.0666521651875364,0.0669970054468815,0.0687492736022441,0.0665115880275739,0.0660040167847668,0.0670587868823323,0.0663623642357596,0.0669956870974844,0.0670141934168026,0.0675901987976127,0.0658443005075159,0.0656004000431901,0.0677339497859732,0.0668247545266518,0.0657808493882862,0.0656285056510293,0.0663011170920162
"gene_25",0.0657970795248853,0.0634847097306824,0.067021060541749,0.0686128119548756,0.0684494585755802,0.0658459836661894,0.0658113501597811,0.0660307560686137,0.0675301358930688,0.0677368509778346,0.0665062082833743,0.0674322744437284,0.0658207308237591,0.0666275175250654,0.0672930192103562,0.0713292066609667,0.0663024877033312,0.0652166340783969,0.0674949566335691,0.0659812525685103,0.0673562719625178,0.0673969142573415,0.0686753253083461,0.0648788989521239,0.0643667377494686,0.0689984831798869,0.066982134336196,0.0647452434883379,0.0644255363888649,0.0658498897347577
"gene_26",0.0660177667828431,0.0642594138584542,0.0669361099404039,0.0681178087419865,0.0679971853825493,0.0660546221463543,0.0660285228923509,0.0661937482617569,0.0673155787900696,0.0674692519245011,0.0665508532738408,0.0672427447911492,0.0660355926848576,0.0666417618997394,0.0671390108206756,0.0707667409689965,0.0663495063103652,0.065385240660095,0.0674042997393343,0.0660646174465132,0.0672818491698584,0.0673177400250314,0.0684441377239149,0.0650845856508446,0.064627984860824,0.0687280872687041,0.0669512156037297,0.064965507371808,0.0646804459795798,0.0659480267697267
"gene_27",0.0658638262164589,0.0637168130032328,0.066995712823977,0.068462995613935,0.0683126598998464,0.0659091112116087,0.0658770412753444,0.0660801640546188,0.0674655576628042,0.067656187713782,0.0665199829076143,0.0673752798369492,0.0658857278327837,0.0666321243246363,0.0672467813626854,0.0704879447683049,0.0663725295666315,0.0654694352723883,0.0673584674307484,0.066105890217427,0.0672441141515367,0.0672776344756711,0.0683284466390928,0.0651875058557367,0.0647590269570903,0.0685929789555071,0.0669352081751386,0.0650757983640576,0.0648082764285089,0.0659967254487044
"gene_28",0.0665729538773102,0.0663062999221856,0.0667074602555952,0.0668759669220109,0.0668589963417772,0.0665784134025197,0.0665745477579884,0.0665989759261748,0.0667621230175536,0.0667841100542756,0.0666514191335944,0.0667516721492241,0.0665755951451297,0.0666646929934631,0.0667367540047648,0.0670586562447919,0.0666385251782185,0.0665400314343477,0.0667433578225749,0.0666096946455855,0.0667313397678149,0.0667348663985876,0.0668438500150577,0.066508785494993,0.0664608338294993,0.0668708143506856,0.0666986916079902,0.066496338362495,0.0664663741220041,0.0665978311788876
"gene_29",0.0664313997589373,0.0657703850033808,0.0667678519893074,0.0671922478499096,0.0671493594576261,0.0664450164436443,0.0664353747348754,0.0664963318156963,0.066905169545223,0.0669604986613801,0.066627423444249,0.0668788898226132,0.0664379869670085,0.0666606531492447,0.0668413982101825,0.0669688138265879,0.0666450201590977,0.0665689764454622,0.0667259015727993,0.0666227663847843,0.0667166322433985,0.0667193523552214,0.0668033797092343,0.0665448417785158,0.0665077933922354,0.0668241597820542,0.0666914473988328,0.0665352260528454,0.0665120745518619,0.0666136079096133
"gene_30",0.0656450004554152,0.0629628558964222,0.0670776866494373,0.0689544685063569,0.0687611501872685,0.0657020700797628,0.0656616523600474,0.0659178236712492,0.0676762388277898,0.0679197373502643,0.0664739420988922,0.0675610544926207,0.0656725989957385,0.0666160515508534,0.0673972495993664,0.0737653133997598,0.0660908106410368,0.0645052287808788,0.0678608205602442,0.0656191669382511,0.0676533973258785,0.0677141406755839,0.0696432542378049,0.0640170548550624,0.0632812175319511,0.0701366187873114,0.0670958913988706,0.0638245116674633,0.0633654238142811,0.0654269225396008
"gene_31",0.0664402839083605,0.0658037304998955,0.0667641031034966,0.067172388514204,0.0671311370846532,0.0664533917046369,0.0664441103506593,0.0665027874869299,0.0668962293598077,0.0669494609681993,0.0666289622902835,0.0668709447281854,0.0664466249616966,0.0666609426901246,0.0668348714508974,0.0674035447778656,0.0666133488842536,0.0664293531521941,0.0668097075811453,0.0665594416594026,0.066787169596298,0.0667937825064276,0.0669984429459198,0.0663710815880441,0.0662817473520314,0.0670491695699333,0.0667259788525722,0.066347881762904,0.0662920632395132,0.06653727118771
"gene_32",0.0663184431581722,0.065349799970578,0.0668149997757672,0.0674447737579442,0.0673809559226257,0.0663384931115153,0.0663242957273787,0.0664140877632963,0.0670183499569619,0.0671003987291579,0.0666074560219729,0.0669794019786659,0.066328142037248,0.0666565295548034,0.0669238627709676,0.0678972647374862,0.0665766530437338,0.0662721095338439,0.0669028848066821,0.0664873128451403,0.0668653755253815,0.0668763794529327,0.0672176504434452,0.0661758910548797,0.0660285963672059,0.0673024516822955,0.066763622096015,0.066137614114699,0.0660455919926453,0.0664505974602417
"gene_33",0.0664777951278018,0.0659449364263546,0.0667482193126975,0.0670885643180903,0.0670542085315451,0.066488749991404,0.0664809931572013,0.0665300262075133,0.0668584345162713,0.066902818126751,0.0666354148198413,0.0668373485213779,0.0664830947630787,0.066662116263284,0.0668072608171833,0.067109539991422,0.0666348350404691,0.0665236589694549,0.0667532128259291,0.0666022878189295,0.066739639511459,0.0667436224589668,0.0668667344773186,0.0664883985749584,0.0664342944108526,0.0668972024337651,0.0667027695340955,0.0664743534322082,0.0664405450443257,0.0665888960283818
"gene_34",0.0653796430451684,0.0620744277244638,0.0671729587325866,0.0695521350573972,0.0693054778152788,0.0654507037566835,0.0654003741100287,0.0657196304640601,0.0679280153350401,0.0682361752180643,0.0664148495366805,0.0677824441833288,0.065414003737897,0.0665929785476709,0.0675756472482487,0.070277847538559,0.066389735904284,0.0655331381458178,0.0673235181581153,0.066136951822509,0.067215288593108,0.0672470158991598,0.0682407693632881,0.0652654736391998,0.0648584462003317,0.0684906783064638,0.0669228271250049,0.0651593852644205,0.0649052440618921,0.0660334288174329
"gene_35",0.0661451245796349,0.0647162213551765,0.0668855773832157,0.0678325549241083,0.067736189304796,0.0661749173761532,0.0661538201672995,0.0662873249930107,0.0671903830530357,0.0673136282359992,0.0665754315843618,0.0671319319423973,0.0661595353187939,0.0666486792687164,0.0670486399759971,0.0697484898792086,0.0664326502375065,0.0656947711393322,0.0672339702826494,0.0662151791423023,0.0671412559109796,0.0671684393644583,0.0680180282422942,0.0654636523992859,0.0651116945284945,0.0682311220186697,0.0668905075750184,0.0653719761223214,0.0651521917761353,0.0661260506030908
"gene_36",0.0666466864856622,0.0665894569045451,0.0666754178386116,0.066711283494084,0.0667076778487402,0.0666478544496858,0.0666470274823994,0.0666522520681429,0.0666870680959979,0.0666917499544635,0.0666634582091765,0.0666848418663555,0.0666472515546661,0.0666662923877448,0.0666816630733297,0.0667818774436031,0.0666584481948148,0.0666293530346684,0.0666893493333116,0.0666499379023801,0.066685810289946,0.0666868488955736,0.0667189068473771,0.0666201102635364,0.0666059139127805,0.0667268271311485,0.0666761916103875,0.0666164266086688,0.0666075548837317,0.0666464344965764
"gene_37",0.0664195889242065,0.0657261183638257,0.0667728249839876,0.0672186460331647,0.0671735795707588,0.0664338814132994,0.0664237611504698,0.0664877462209049,0.0669170438168066,0.0669751620485346,0.0666253695273946,0.0668894410349038,0.0664265030230013,0.0666602592105395,0.0668500637811276,0.0678395734129077,0.0665809800592218,0.0662904114235644,0.0668921056479923,0.0664957522152783,0.0668563403935976,0.0668668328766358,0.06719216272159,0.0661985827013597,0.0660579842715683,0.0672729789361544,0.066759308713996,0.066162048655599,0.0660742087138893,0.066460723789075
"gene_38",0.0650704865547795,0.06107304419725,0.0672784078289051,0.0702511334522354,0.0699406040994526,0.0651574476305948,0.0650958518722165,0.0654869415260479,0.0682164120316821,0.0686006797408619,0.0663416269512308,0.0680351797005928,0.0651125302966579,0.0665612879521656,0.0677780434406003,0.0728168722905645,0.0661746844849781,0.0647786167363247,0.0677234174202969,0.0657602765768404,0.0675424523939131,0.067595461978001,0.0692727577783504,0.0643471224546853,0.0636952275380251,0.0696997975536665,0.067055367568961,0.0641767176354193,0.0637699188961936,0.0655911524152029
"gene_39",0.0661476359340644,0.0647253915854877,0.0668845220864909,0.0678268227621186,0.0677309389861798,0.0661772867525132,0.0661562900960132,0.0662891575343062,0.0671878365401599,0.067310474954315,0.0665758798539669,0.0671296724328533,0.0661619780146183,0.0666487736917519,0.0670467885892671,0.075092347311987,0.0659706407313747,0.0641301305012254,0.068042790161415,0.0654216222049487,0.0677989940417392,0.0678703624341427,0.0701484496775649,0.0635664322730986,0.0627193734245409,0.0707346786264075,0.0671450002563909,0.0633444826881968,0.0628161484019095,0.0651982154775158
"gene_40",0.0662988315719427,0.0652774022513214,0.0668230922233738,0.0674886319342721,0.0674211577304826,0.0663199916915687,0.0663050081244085,0.066399778425829,0.0670379139788487,0.0671246121377551,0.0666039159585418,0.0669967631511699,0.066309067389198,0.0666557330929039,0.0669380873709039,0.0700775820490753,0.0664060672245657,0.0655941218835895,0.0672899092729276,0.0661665757212707,0.0671875354834236,0.0672175480111133,0.0681568231181826,0.0653401821419712,0.0649538171614049,0.0683927976908729,0.0669108092157193,0.0652395034892122,0.0649982521549359,0.0660684685328935
"gene_41",0.0659186851044766,0.0639089983181868,0.0669746563619905,0.0683399311146177,0.0682002333093675,0.0659609793868056,0.0659310278153975,0.0661207005210304,0.0674122781606341,0.0675897156833971,0.0665311285875964,0.0673282241049462,0.0659391407786178,0.0666357176659916,0.0672085578396226,0.0699511272820598,0.0664163150402631,0.065632727040495,0.0672685159988555,0.0661852585481911,0.0671698483498166,0.0671987754808999,0.0681036133351615,0.0653875164957812,0.0650143050591596,0.0683307935776203,0.0669030861123117,0.0652902802410799,0.0650572351424734,0.0660905896622505
"gene_42",0.0665753041225748,0.0663152830747302,0.0667064449468975,0.0668707166230366,0.0668541734971639,0.0665806273001888,0.066576858199521,0.0666006760940872,0.0667597361767645,0.0667811709241664,0.0666518076692879,0.0667495476982116,0.0665778794294144,0.0666647492234736,0.0667350039647743,0.0671111582230101,0.0666347174673823,0.0665231384339369,0.0667535258048871,0.0666020521370345,0.0667399030450637,0.0667439004997047,0.0668674617863664,0.0664877505191157,0.0664334509501158,0.0668980411844532,0.0667028988581872,0.0664736546195513,0.0664397241422779,0.066588611783418
"gene_43",0.0663532770649238,0.0654788475775203,0.0668005566595395,0.0673668808454435,0.0673095410928095,0.0663713501635175,0.0663585527032852,0.0664394817171211,0.0669835356206159,0.0670573334773207,0.0666136896792475,0.0669484979702218,0.0663620198038464,0.0666578846593871,0.0668985277849494,0.0680467352593282,0.0665653944781083,0.0662247793758793,0.0669306791563766,0.0664654338899312,0.0668886579420159,0.0669009849293396,0.0672835302091182,0.066117241509644,0.065952690429333,0.0673786601877303,0.0667746931939478,0.0660744718698462,0.0659716727600613,0.0664243632062183
"gene_44",0.0660693294678904,0.0644434802237985,0.0669157868824534,0.0680022893298651,0.0678915219655598,0.0661033352570637,0.066079254245071,0.0662316777676924,0.0672650163223362,0.0674063545012709,0.0665609107111366,0.0671980106243659,0.0660857774807795,0.0666446795823643,0.0671025577414835,0.0681680293528651,0.0665562091801476,0.0661864655240664,0.0669530945050017,0.0664476664217267,0.0669074189419498,0.0669208174229031,0.0673368272087261,0.066069798951941,0.0658913422227217,0.0674403430396296,0.0667835683341985,0.0660234076905344,0.0659119248100126,0.0664030777304583
"gene_45",0.0662901376226486,0.0652453680378849,0.066826669948217,0.0675080739038099,0.0674389767816009,0.0663117892119257,0.0662964575997421,0.0663934319936219,0.0670465774102445,0.0671353374965408,0.0666023391900943,0.0670044497971962,0.0663006111389736,0.0666553718107344,0.0669443833594316,0.067486427014341,0.066607242120746,0.066402858423783,0.0668254972805696,0.0665473486043343,0.066800438752736,0.0668077910242493,0.0670354140167115,0.0663381561573006,0.0662389876600421,0.0670918561624505,0.0667324142372219,0.0663123995616497,0.0662504376502526,0.0665227192745648
"gene_46",0.0662734318268974,0.0651839091753787,0.0668335317462097,0.0675454400294551,0.0674732204041111,0.0662960267860817,0.0662800271015193,0.0663812325998498,0.0670632136567092,0.0671559378774802,0.0665992987491121,0.067019208382111,0.066284361598485,0.0666546660241883,0.0669564689752325,0.0734198654748966,0.0661215768254817,0.0646043008665838,0.0678115094965886,0.0656705902192228,0.0676136786834644,0.0676716186392484,0.0695092387583007,0.0641365033061974,0.0634307969709875,0.0699784388783252,0.0670816810163993,0.0639519120808295,0.0635115907190254,0.065486683465286
"gene_47",0.0655817462719572,0.062748504374956,0.0671008360625664,0.0690968363173118,0.0688909209262621,0.0656421816831992,0.065599379602708,0.0658707166766144,0.0677366655476844,0.0679955282480894,0.0664601954720567,0.0676142535315083,0.0656109717008274,0.0666109258958682,0.0674402144945121,0.0735420171358046,0.0661107256425989,0.0645692031009703,0.0678290414190451,0.065652409973728,0.0676278128837426,0.0676867458896203,0.0695567481491813,0.0640941657547993,0.0633777478089926,0.0700344920720902,0.0670867769867214,0.0639067482958802,0.0634597550831228,0.0654655441827133
"gene_48",0.066637376184967,0.0665535472189845,0.0666794866838241,0.066732077402228,0.0667267891612072,0.0666390876977319,0.0666378758723591,0.0666455321366131,0.0666965668604903,0.0667034316097812,0.0666619558360616,0.0666933028210551,0.0666382042230919,0.0666661100103617,0.066688642334224,0.0668456642683432,0.0666538793968064,0.0666087283380032,0.0667018568914517,0.0666406705247398,0.066696360882354,0.0666979737667122,0.0667477712588189,0.0665943895828333,0.0665723703768499,0.0667600783767158,0.0666814250421754,0.0665886755638188,0.0665749153351015,0.0666352334104
"gene_49",0.0652789286646172,0.0617442856828572,0.0672079849291407,0.0697795775648269,0.0695123155657778,0.065355216842451,0.065301183489479,0.0656440395515012,0.068022579202528,0.0683554456265996,0.06639152125763,0.0678654191824869,0.065315815490332,0.0665832334804837,0.0676422498489986,0.0728163743149942,0.0661747320140977,0.064778766154125,0.0677233467303543,0.0657603548133388,0.0675423957991181,0.0675954012620699,0.0692725633623374,0.0643473024669366,0.063695452968427,0.0696995680752716,0.0670553485424301,0.0641769096132821,0.0637701391718229,0.0655912430714271
"gene_50",0.0660395827354753,0.0643371467626909,0.0669275338360639,0.0680689278761283,0.0679524803545846,0.0660752340788589,0.0660499875915206,0.0662098032853348,0.0672942067149329,0.0674426583685772,0.0665551261724608,0.0672238395034754,0.0660568264507177,0.0666430157462442,0.0671236100273865,0.0719471727623353,0.0662499900865344,0.0650333056950516,0.0675918251141947,0.0658895375013609,0.0674354618193011,0.0674812765354581,0.0689259477567734,0.0646558800157667,0.0640844336275177,0.0692922292345434,0.067014035478019,0.0645066483146285,0.0641499832266358,0.0657422617630743
"gene_51",0.0659217362816866,0.0639197300075204,0.0669734767481169,0.068333082264706,0.0681939748638637,0.0659638636942776,0.065934030317411,0.0661229527128308,0.0674093058059127,0.0675860098700352,0.0665317423567657,0.0673255978729912,0.0659421112760299,0.0666359106707037,0.0672064229074533,0.0700232268187282,0.0664104759632929,0.065610703802072,0.0672807281317197,0.0661746060593759,0.067179946509361,0.0672094927581864,0.0681339695219553,0.0653605100719276,0.064979788621437,0.0683661636778887,0.066907500322579,0.0652613085122597,0.0650235780023145,0.0660779749639937
"gene_52",0.066638590570255,0.0665582283333103,0.0666789564382019,0.0667293653645406,0.0667242966618802,0.0666402312165322,0.0666390695680714,0.0666464087872011,0.0666953283836336,0.066701908387472,0.0666621521472747,0.0666921997147891,0.0666393843232675,0.0666661341870991,0.0666877324918706,0.0667931764403064,0.0666576400294158,0.0666256980849596,0.0666915676457552,0.0666482967742001,0.0666876818299904,0.0666888221989778,0.0667240229241737,0.0666155515362735,0.0665999675730258,0.0667327201767729,0.0666771208702974,0.0666115077626742,0.0666017689063325,0.066644450533048
"gene_53",0.066484011196934,0.0659684018546547,0.066745577954984,0.0670746764399005,0.0670414609232451,0.0664946085998573,0.066487104885428,0.0665345369335925,0.0668521632230144,0.0668950817952532,0.0666364767037931,0.0668317725892185,0.0664891379176965,0.0666623026637755,0.0668026763663869,0.0675977801968478,0.0665990036366904,0.0663673250396575,0.0668466168853775,0.0665310917446677,0.0668181766008759,0.0668265207955122,0.0670849756435706,0.0662940216853853,0.0661817074439476,0.0671490996602356,0.0667409863608435,0.0662648464930443,0.0661946729517511,0.0665031698628358
"gene_54",0.0658629922853336,0.0637139047544862,0.0669960295264218,0.0684648625511378,0.0683143649573415,0.065908322558809,0.0658762205508144,0.0660795469985312,0.067466363565224,0.0676571940355073,0.06651981120046,0.0673759912155936,0.0658849157921736,0.0666320671207876,0.0672473586316487,0.0699012707048485,0.0664203431686066,0.0656479704769901,0.067260045986366,0.0661926212863772,0.0671628414066328,0.0671913400338455,0.0680825921467727,0.0654062151164117,0.0650382126473245,0.0683063059397329,0.0669000137634376,0.0653103417973969,0.0650805466111093,0.0660993120083499
"gene_55",0.0660131158385204,0.0642428664901735,0.0669379355624481,0.0681282342239007,0.06800671930165,0.0660502276411166,0.0660239467588021,0.0661903244175032,0.0673201333778471,0.0674749204411225,0.0665499398842606,0.0672467731963335,0.0660310657365552,0.0666414919641135,0.0671422917725749,0.0699009236824234,0.0664203726411867,0.065648078385457,0.0672599880826251,0.0661926740772198,0.0671627937297586,0.0671912893616805,0.0680824465278952,0.0654063471947091,0.0650383811685856,0.0683061361007221,0.0668999935915836,0.0653104834104768,0.0650807109614931,0.066099374307339
"gene_56",0.0665795230885792,0.0663314144158185,0.066704622092717,0.0668612935590012,0.0668455174307956,0.0665846014626815,0.0665810057001436,0.0666037279124236,0.0667554516459162,0.0667758952036121,0.0666525047797717,0.0667457340924388,0.0665819799662872,0.0666648498033216,0.0667318623525181,0.0670245585655258,0.0666409933324839,0.0665510113356686,0.066736741133178,0.0666146566941446,0.0667257658917386,0.0667289865503132,0.0668285001519819,0.06652246083226,0.066478641215871,0.0668531171034578,0.0666959489010507,0.0665110868079443,0.0664837043741305,0.0666038188662695
"gene_57",0.0666362549616177,0.0665492258510546,0.0666799761753907,0.0667345814418638,0.066729090479615,0.0666380318980737,0.0666367737495252,0.0666447227111487,0.0666977102664844,0.0667048379305952,0.0666617745208077,0.0666943212364537,0.0666371146516038,0.0666660876188534,0.0666894823065602,0.0672210757024618,0.0666267170341064,0.0664878238430825,0.066774734803003,0.0665860435265277,0.0667577562630405,0.0667627382591151,0.06691680413297,0.0664437969252803,0.0663762638861514,0.0669549545880456,0.0667116452050482,0.0664262630875609,0.0663840645528089,0.0665693110003037
"gene_58",0.0663545046257963,0.0654834058581703,0.066800046101585,0.0673641361442245,0.0673070242953908,0.0663725079443614,0.0663597598989088,0.0664403761008433,0.0669823072961006,0.0670558145647562,0.066613908115575,0.0669474073887172,0.0663632136138526,0.0666579310520097,0.0668976334032105,0.0678988701589097,0.066576531989575,0.0662715998958533,0.0669031839822728,0.0664870774257312,0.066865626174969,0.0668766443327427,0.0672183589741368,0.0661752593908607,0.0660277785938194,0.0673032711518091,0.0667637413800965,0.0661369340065513,0.0660447956507721,0.0664503151304634
"gene_59",0.065542048498723,0.0626148194989942,0.0671152190754057,0.0691862056249159,0.0689723476586985,0.0656045862073718,0.0655602947986248,0.0658411078567656,0.0677744509429833,0.0680429710693662,0.0664514566279427,0.067647498231149,0.0655722900499209,0.0666075858836017,0.0674670323636824,0.0729563704742816,0.0661624687526871,0.0647381345114084,0.0677440284810327,0.0657395392620988,0.0675591479287593,0.0676133022889835,0.0693277570358287,0.0642981574446819,0.0636336739706424,0.0697645477065621,0.0670616290370118,0.0641244356079746,0.0637097938136647,0.065566969136064
"gene_60",0.0653664625974597,0.0620309419127618,0.0671776153605327,0.0695819714615387,0.0693326233993245,0.0654382114370153,0.0653873942558391,0.065709756286586,0.0679404757485046,0.0682518706037324,0.0664118459384702,0.0677933865195824,0.0654011558352437,0.0665917590662745,0.0675844441452709,0.0714397279888781,0.0662931609262158,0.0651836986559969,0.0675124887974991,0.0659648572513613,0.0673706302351514,0.0674122012872279,0.0687204060727228,0.0648387853252449,0.0643158878126774,0.0690512731899072,0.0669879961195419,0.0647023107444857,0.0643759099027145,0.0658306242716872
"gene_61",0.0666383284014498,0.0665572178175595,0.066679070851766,0.0667299507009245,0.0667248346137108,0.0666399843447135,0.0666388118652467,0.0666462195203711,0.0666955956660375,0.06670223713031,0.0666621097338472,0.0666924377781967,0.0666391295551272,0.0666661289290691,0.0666879288401661,0.0668209012803188,0.0666556547336906,0.0666167323810113,0.0666970056310423,0.0666442688132803,0.0666922691412653,0.0666936591447343,0.066736570663608,0.0666043701712087,0.0665853848030193,0.0667471745952707,0.0666793968103252,0.0665994436043405,0.0665875792017952,0.0666395818921137
"gene_62",0.0655568225549228,0.062664536902697,0.0671098563075861,0.0691528888630952,0.0689419935281541,0.0656185778726867,0.0655748407356258,0.0658521269128255,0.0677603680435094,0.0680252885722594,0.0664547057615582,0.0676351075629718,0.0655866859501609,0.0666088245184517,0.0674570366162755,0.0860344140497913,0.0648928656847954,0.0613320634319619,0.0691531135042612,0.063809597804663,0.0686372545379428,0.0687878500578217,0.0737821308118956,0.0602806818657872,0.0587336922034331,0.0751289624195351,0.0672730618839172,0.0598715584446214,0.0589084727312542,0.0633740113655482
"gene_63",0.0666399290997598,0.0665633894472786,0.0666783715693484,0.0667263754391049,0.0667215487253949,0.0666414916139318,0.0666403852867566,0.0666473749587463,0.0666939627734575,0.0667002288888695,0.0666623682577769,0.0666909833320143,0.0666406850525201,0.0666661605277647,0.0666867291581031,0.0667925862126446,0.0666576821779368,0.0666258888939444,0.066691451736927,0.0666483824216899,0.0666875840319879,0.0666887190862154,0.0667237556673058,0.0666157895384424,0.06660027803076,0.0667324123372957,0.0666770722837056,0.0666117645690759,0.0666020709907333,0.0666445540837804
"gene_64",0.065827740763844,0.0635910936278434,0.0670094550951993,0.0685439832169411,0.0683866196973826,0.0658749851170321,0.0658415273081455,0.0660534646310565,0.0675005065083198,0.0676998283261915,0.066512565819894,0.0674061301241047,0.0658505896479033,0.0666296666859434,0.0672718174624829,0.0714301639409089,0.0662939710700367,0.0651865485325056,0.0675109767553011,0.0659662782451827,0.0673693926909139,0.067410883420654,0.0687165105002565,0.0648422551043965,0.0643202845195322,0.0690467103067229,0.0669874932901393,0.0647060239434719,0.0643802009972934,0.0658322932632648
"gene_65",0.0657691133954517,0.0633880149624996,0.0670315947897681,0.0686756164163385,0.068506784048091,0.0658195276275904,0.0657838244450836,0.0660100267122341,0.0675571162836587,0.0677705821995663,0.0665003686692816,0.0674560735584444,0.0657934947202096,0.0666255124759103,0.0673123076479794,0.0676561004543495,0.066594671989059,0.0663487416251512,0.0668576341810741,0.0665225715233139,0.0668274248072513,0.0668362878758467,0.0671108824457033,0.0662709510163436,0.0661517820001013,0.0671790312205589,0.0667454410924798,0.0662399928126105,0.0661655375521436,0.0664929301515945
"gene_66",0.0661304115725771,0.0646630715438391,0.066891474276719,0.0678654995491469,0.0677663461322504,0.0661610244995129,0.0661393464516548,0.0662765333411861,0.0672049013760957,0.0673316553139446,0.066572638276855,0.0671447907624238,0.0661452189122791,0.0666479308577754,0.0670591391231896,0.0696002100609104,0.0664445364012655,0.0657403153367326,0.067208485071741,0.0662370604054272,0.0671201382528485,0.0671460423405103,0.0679551521351771,0.0655195899908348,0.0651833229931891,0.0681579429149928,0.0668811449253621,0.0654320166886126,0.065222023207478,0.0661520101019368
"gene_67",0.0665336675577663,0.0661565587102921,0.0667243688019331,0.0669637299503257,0.0669396005538333,0.0665414017321313,0.0665359254559919,0.0665705361513481,0.0668019609285187,0.0668331858775358,0.0666448753800745,0.0667871221220082,0.0665374092136952,0.0666636990828054,0.0667659437659885,0.0676380410454017,0.0665960149896732,0.0663544947126628,0.0668542261221124,0.0665252107782903,0.0668245644228796,0.0668332668605631,0.0671028641078013,0.0662780923735689,0.0661610438382388,0.0671697664455788,0.0667440645715609,0.0662476857626121,0.06617455501081,0.0664961015111062
"gene_68",0.0662934661756016,0.0652576280767461,0.0668253009819496,0.0675006306373104,0.0674321549982183,0.0663149296541033,0.066299731256875,0.0663958620150712,0.0670432613555274,0.0671312319710301,0.0666029434618309,0.0670015077237378,0.0663038487124543,0.0666555107881713,0.0669419737147175,0.0684318296967375,0.0665360802967991,0.0661034245978724,0.0670014148343291,0.0664089834194906,0.0669478132482018,0.0669635354408401,0.0674522358218902,0.0659670781701781,0.065758676978605,0.0675740025506468,0.0668025345717535,0.0659128841813552,0.0657827034887958,0.0663567934191964
"gene_69",0.064961946596093,0.0607296903256637,0.0673140243985132,0.0704972451727783,0.0701638427673156,0.0650543899508118,0.0649889093646785,0.0654048012589561,0.0683164082452171,0.0687275920730014,0.0663148170980366,0.0681225908637977,0.0650066389005928,0.0665489487728328,0.0678477189038771,0.0679973096407196,0.0665691126815933,0.0662404010880911,0.0669215002520319,0.0664726576938393,0.0668809696043212,0.0668928595181747,0.0672617640678871,0.0661365967756555,0.0659777358177908,0.0673534787729827,0.0667710383275295,0.0660953087538218,0.0659960631558488,0.0664330243982148
"gene_70",0.0663814326879365,0.0655835778224433,0.0667888202841663,0.0673039345706986,0.0672518153405565,0.0663979033613775,0.0663862406520054,0.0664599869485177,0.0669553388930785,0.0670224749539619,0.0666186790547433,0.0669234594705559,0.066389400364298,0.0666589260104594,0.0668779883218124,0.0681232808020438,0.066559602955833,0.0662005906901285,0.0669448394046147,0.0664542226188542,0.0669005112904852,0.0669135146947411,0.0673171816167343,0.066087286027912,0.0659139493072207,0.0674176032596358,0.066780305381042,0.066042228368093,0.0659339427568698,0.066410930119073
"gene_71",0.066395470981775,0.0656359389950947,0.0667829473177527,0.0672725531695742,0.0672230317288819,0.0664111411445107,0.0664000453075005,0.0664702039234772,0.0669412604695456,0.0670050773424444,0.0666211500353182,0.0669109549521606,0.0664030514590385,0.0666594268814199,0.0668677262830694,0.0681166177140994,0.066560107843242,0.0662026949894408,0.0669436088103032,0.0664551987729295,0.0668994814074039,0.0669124259614758,0.0673142547011115,0.0660898915119106,0.0659173181833707,0.0674142156563352,0.066779818445627,0.0660450326784203,0.0659372237856431,0.0664120994476568
"gene_72",0.0663844979932444,0.0655950013940655,0.0667875398969965,0.0672970839452919,0.0672455321399488,0.0664007939922207,0.0663892549768859,0.0664622183977112,0.0669522670506943,0.0670186783535037,0.0666192200069346,0.0669207312772413,0.0663923811817123,0.0666590369538978,0.0668757497335702,0.0682690293218547,0.0665485270738805,0.0661546257616999,0.0669716642139125,0.0664328626612822,0.0669229505327703,0.0669372397595422,0.067381094970938,0.0660303964200459,0.0658404268974427,0.0674915964056328,0.0667908841396184,0.0659810058662141,0.065862333910696,0.0663853556362083
"gene_73",0.0653693260391741,0.0620403687480032,0.06717661333296,0.0695755100355208,0.0693267455306066,0.0654409257858627,0.06539021423634,0.065711903353717,0.0679377820542317,0.0682484755606695,0.0664125041603081,0.0677910219301741,0.0654039472265963,0.0665920306319892,0.067582544647699,0.0683016993660982,0.0665460333429315,0.0661443361917848,0.0669776506431567,0.0664280699372072,0.0669279551051339,0.0669425321903932,0.067395391131595,0.0660176678585354,0.0658239869098147,0.0675081528610368,0.0667932341274018,0.0659673102418825,0.0658463207943617,0.0663796210130052
"gene_74",0.0654389434311193,0.0622705708076549,0.0671520643178643,0.0694184218770448,0.0691838004705218,0.0655069058284492,0.0654587712799569,0.0657640476772379,0.0678721090161697,0.0681657676759892,0.066428365823169,0.0677333453784161,0.0654718067845912,0.0665984764814716,0.0675361720059661,0.0725645283056906,0.0661966909576889,0.0648521086846761,0.0676857901469029,0.0657977908342193,0.0675119296013738,0.0675628618256565,0.0691728299447204,0.0644360911965623,0.0638071871174038,0.069582234150889,0.0670437878831322,0.0642717416343778,0.0638792681806374,0.0656349410340672
"gene_75",0.0657889872969477,0.0634566941907723,0.0670241154270988,0.0686309864296705,0.0684660489528488,0.0658383288348847,0.0658033854991427,0.0660247598336,0.0675379496959845,0.0677466177593142,0.0665045235331236,0.0674391678272045,0.0658128500490798,0.0666269428896086,0.0672986074431423,0.0709089275310163,0.0663376913669493,0.0653424603128326,0.0674274441293575,0.0660435551796072,0.0673008768287023,0.0673379727300806,0.0685028589658712,0.0650323442411876,0.0645615511577048,0.0687967158540962,0.0669592040582512,0.0649095442464067,0.0646156321049145,0.0659232039167526
"gene_76",0.0649044248904155,0.0605493311264775,0.0673326509176932,0.0706279382857483,0.0702823111975104,0.0649997545571337,0.06493222860449,0.0653611856455383,0.0683692043905036,0.0687947022566015,0.0663004045781283,0.0681686999152672,0.0649505115129586,0.0665421863936314,0.0678844102413534,0.0741870738583812,0.0660529771625028,0.0643851071284569,0.0679199455180224,0.0655564059960723,0.0677008809950007,0.0677650257868548,0.0698054768765608,0.0638724644240534,0.0631005136983133,0.0703283492513733,0.0671124533031048,0.0636703823392617,0.0631888058463295,0.0653541104832541
"gene_77",0.065344788903664,0.0619596869076737,0.0671851849792985,0.0696308909994417,0.0693771204831012,0.0654176651141999,0.0653660491908038,0.0656934999020519,0.0679608523764881,0.068277558453145,0.0664068517009467,0.0678112711922084,0.065380026947073,0.0665896903514346,0.0675988075234036,0.0725921814874262,0.06619429915252,0.0648440551361117,0.0676899461669656,0.0657936945374548,0.0675153060831159,0.067566466260216,0.069183815919695,0.0644263340559569,0.0637948978233518,0.0695951516096191,0.0670450851319409,0.0642613177539822,0.0638672664673336,0.0656301549004834
"gene_78",0.0659609438811545,0.0640579441249986,0.0669582886602705,0.0682451513790581,0.0681136119530506,0.0660009239879719,0.0659726115409465,0.0661518802371725,0.0673710969948133,0.0675383874613134,0.0665396001789435,0.0672918323482916,0.0659802806560494,0.0666383599096377,0.0671789654185981,0.0699749875377195,0.0664143810054436,0.065625431836942,0.0672725595351401,0.0661817302085674,0.0671731919646164,0.0672023240841698,0.0681136630616075,0.0653785701961954,0.0650028701087407,0.0683425026844136,0.0669045476676261,0.0652806827221058,0.0650460849644848,0.066086411351846
"gene_79",0.0659040627246169,0.0638576470422782,0.066980288008545,0.0683727259837758,0.068230198165044,0.0659471555738364,0.0659166383716475,0.0661099019586874,0.067426496652465,0.0676074480346322,0.0665281729537669,0.0673407845394834,0.0659249044946276,0.0666347765444756,0.0672187649311969,0.0711073317887151,0.066321124599424,0.0652829448741841,0.067459482047284,0.066014152125025,0.067327184924895,0.0673659578847806,0.0685844815565154,0.0649597264208739,0.0644692968250093,0.068892167760436,0.0669701555334437,0.0648317749390676,0.0645256178672652,0.0658885832617679
"gene_80",0.0658567360890069,0.0636920672115722,0.0669984201216174,0.0684789067993914,0.0683271920956676,0.065902406571598,0.0658700635848596,0.0660749203795276,0.0674724311698335,0.067664768194751,0.0665185311779759,0.0673813483094632,0.0658788240747601,0.0666316476011774,0.0672517076862756,0.0700067626428613,0.0664118111501097,0.0656157311622551,0.0672779435541545,0.0661770395025768,0.0671776444845183,0.067207049410888,0.0681270422987518,0.0653666739807324,0.0649876651256,0.0683580913883451,0.0669064956472367,0.0652679206231299,0.0650312585671433,0.0660808560805705
"gene_81",0.0665074903144239,0.0660572156473154,0.0667355717155245,0.0670222138587752,0.0669932998582318,0.0665167355157949,0.0665101892951223,0.0665515657109377,0.0668284463372654,0.0668658333122305,0.0666404653244079,0.066810681606237,0.0665119629257741,0.0666629820888184,0.0667853299790567,0.0675007431950903,0.0666061853293175,0.0663982863060208,0.0668282187288558,0.0665452593835491,0.0668027251330096,0.0668102050208637,0.0670417930672441,0.0663324757751903,0.066231612937798,0.0670992226307782,0.066733521241106,0.066306278617474,0.066243258291608,0.0665202060486321
"gene_82",0.0665366235517304,0.0661677981880207,0.0667231006717116,0.0669571263766831,0.0669335365216598,0.0665441868707107,0.0665388315748248,0.0665726773330484,0.0667989673246429,0.0668294967963057,0.0666453709427508,0.0667844588025133,0.066540282555724,0.0666637773819796,0.0667637515894509,0.0672713466758956,0.0666230449128234,0.0664716959203174,0.0667843992499147,0.0665787179697268,0.0667658876496618,0.0667713194021068,0.0669393298587462,0.0664237325566913,0.0663501724660882,0.066980944131688,0.0667156173220904,0.0664046326058935,0.0663586686258659,0.06656048388303
"gene_83",0.0657141433165419,0.0631989071182533,0.0670521464428533,0.0687991067528289,0.0686194631209222,0.0657675147460885,0.065729716783737,0.0659692320843579,0.067610006978519,0.06783676071363,0.0664887696626633,0.0675027051326084,0.0657399541928846,0.0666214385828565,0.0673500674586917,0.071171396851926,0.0663157541356716,0.0652637702509259,0.0674697624926572,0.0660046533831958,0.0673356187970156,0.0673749321872683,0.0686107586026753,0.0649363454915704,0.0644396163601826,0.0689229115503643,0.0669736423849333,0.0648067408556326,0.0644966557684334,0.0658774071056603
"gene_84",0.0658552855247449,0.0636870072826539,0.0669989735034081,0.06848216198014,0.0683301650484284,0.0659010348405041,0.0658686360141274,0.066073847429809,0.0674738369140718,0.0676665232037807,0.066518233792941,0.0673825893423983,0.0658774116233809,0.0666315496510575,0.0672527150417577,0.0697773678381003,0.0664303292509508,0.0656859160069372,0.0672389136605175,0.0662109169298129,0.0671453498136541,0.0671727820862615,0.0680302492941469,0.0654527812148696,0.0650977812231293,0.0682453500529889,0.0668923158145788,0.0653603092840181,0.0651386267840331,0.0661209965283041
"gene_85",0.0663500022140897,0.0654666906219876,0.0668019182087498,0.0673742032233861,0.0673162553440169,0.0663682614324202,0.0663553321712065,0.0664370955410953,0.0669868120571453,0.0670613851991458,0.0666131065412546,0.0669514069186492,0.0663588349743241,0.0666577604563382,0.0669009132965023,0.0692294844934954,0.0664739937987977,0.0658547090559794,0.067143991862027,0.0662917082104936,0.0670666060623965,0.0670892988809807,0.0677970202835526,0.0656602748799509,0.0653637575331919,0.0679740707387312,0.066857138312673,0.0655830888624941,0.0653979017575354,0.0662169439683092
"gene_86",0.0666004815096072,0.0664116875891892,0.0666955453935527,0.0668144806855078,0.0668025105006789,0.0666043422822833,0.0666016086617804,0.0666188816665575,0.0667341467599655,0.0667496681765104,0.0666559513838179,0.0667267680744421,0.0666023493389088,0.0666653313576938,0.0667162341571272,0.0669725289415203,0.06664475213187,0.0665677786230844,0.0667266248524638,0.0666222260354927,0.0667172417919165,0.0667199952751635,0.0668050548662747,0.0665433493084796,0.0665058490391873,0.0668260906177544,0.0666917481002789,0.0665336162497474,0.0665101823904729,0.0666129555404859
"gene_87",0.0660078965703119,0.0642243133920165,0.0669399798380716,0.0681399279005864,0.0680174123728673,0.06604529591446,0.0660188113743663,0.0661864811230834,0.0673252391138623,0.0674812759751462,0.06654891195834,0.0672512885996498,0.0660259855027427,0.0666411857176946,0.0671459686292216,0.0692740689024162,0.0664704707816863,0.065840911556734,0.0671518067301499,0.0662851404440894,0.0670730995966499,0.067096179567554,0.0678161080457431,0.0656432921957985,0.0653419547487406,0.0679962526390157,0.0668600707127679,0.0655648471166095,0.0653766517109202,0.0662091323401535
"gene_88",0.0648276885965753,0.0603106144481993,0.0673571158064908,0.0708022877389787,0.0704402594379273,0.0649268439021012,0.0648566068483877,0.0653028887372534,0.068439255446774,0.0688838803878614,0.0662808925661385,0.0682298214794382,0.0648756232018991,0.0665328481153497,0.06793296270466,0.077054120156179,0.065787679527963,0.0635909241552917,0.0682909786188085,0.0651297857347992,0.0679947841506672,0.068081445100216,0.0708680001822697,0.0629230750223211,0.061923838213511,0.0715915110986903,0.0672024398933975,0.0626607499413341,0.0620377373582983,0.0648627123768622
"gene_89",0.0661933015707152,0.0648909336499007,0.0668661718793248,0.0677247237217446,0.0676374584386523,0.0662204015947477,0.0662012114517085,0.0663226294346149,0.0671427595964021,0.067254529367246,0.0665845004248433,0.0670897376600221,0.0662064100965402,0.0666510449404538,0.0670141674697747,0.0685897198050138,0.0665239349459016,0.0660539106688142,0.0670300557397846,0.0663858054067258,0.0669717245408518,0.0669888331540006,0.0675209802215348,0.065905898322518,0.0656797682372569,0.0676536785241846,0.0668136682066769,0.06584708212544,0.0657058324140026,0.0663290983682529
"gene_90",0.0662273505591341,0.0650150618306505,0.0668523563536604,0.0676485284955291,0.0675676704273127,0.0662525402489802,0.0662347030082172,0.0663475486777455,0.0671090078862594,0.0672126782774087,0.066590831199094,0.0670598194989663,0.066239535221808,0.0666526304158342,0.0669897034698908,0.0696778428457652,0.0664383204060716,0.0657164551841045,0.0672218498000802,0.0662256057039776,0.0671312151364018,0.0671577894056869,0.0679880975981928,0.065490279653288,0.0651457829078467,0.0681962820644529,0.0668860635139192,0.0654005545602334,0.0651854257526916,0.0661384176661896
"gene_91",0.0666433154444451,0.0665764496607884,0.0666768918259539,0.0667188124331489,0.066714597727522,0.066644680269524,0.0666437139155586,0.0666498191816357,0.0666905080818101,0.066695980237053,0.066662914825975,0.0666879061105255,0.0666439757551704,0.0666662270021126,0.0666841908536146,0.0667805685888655,0.0666585418616354,0.0666297765620054,0.0666890923527824,0.0666501280824004,0.0666855934846231,0.0666866203004407,0.0667183141654824,0.0666206385193111,0.0666066029692677,0.0667261444441825,0.0666760839749843,0.0666169965953666,0.0666082253565637,0.0666466644008064
"gene_92",0.0663106113579567,0.0653208678189404,0.0668182339697852,0.0674622859822076,0.0673970089007044,0.0663311048590377,0.0663165933700025,0.0664083743037093,0.0670261646995856,0.0671100696853333,0.0666060444454079,0.0669863372058897,0.0663205247625211,0.0666562138003651,0.0669295456226116,0.0688105699658797,0.0665068257375938,0.0659848873033633,0.0670697687760646,0.0663533544060958,0.0670048399460567,0.0670238823344748,0.0676167243620659,0.065820697253045,0.0655700084580172,0.0677647230152054,0.0668289703344882,0.0657554750785715,0.0655988936319454,0.0662903696108895
"gene_93",0.0656703887333721,0.0630492678785241,0.0670683655115199,0.0688974574103104,0.0687091676732486,0.0657261038552521,0.065686645659331,0.0659367156183337,0.0676519816243847,0.0678893306598885,0.0664794269293224,0.0675396914684839,0.0656973325355434,0.0666180748278804,0.0673799860794299,0.0811597506594641,0.0653881529396173,0.0625178058962103,0.0687369090963711,0.0645219340757698,0.0683362557219324,0.0684533551073031,0.0722741715051357,0.0616575006827505,0.0603808405172317,0.0732841595514067,0.0672703524984456,0.0613211285850826,0.0605257295295554,0.0641719101154824
"gene_94",0.0659367212701172,0.0639724705213976,0.0669676872683568,0.0682994790996264,0.0681632670269918,0.0659780290011216,0.0659487762055991,0.0661340132282905,0.0673947181043404,0.0675678233616172,0.0665347570118799,0.0673127086232885,0.0659566999537314,0.0666368594442191,0.0671959446787114,0.0677965570527053,0.0665841986574466,0.0663040688908084,0.0668840489518632,0.0665020418342822,0.0668495849910374,0.0668596958510937,0.0671731359953885,0.0662155208043282,0.0660799282353572,0.0672509815005538,0.0667560770045438,0.0661802895050269,0.0660955760794316,0.0664682733865082
"gene_95",0.0656051947418407,0.0628277456303569,0.0670923029476174,0.0690440917540834,0.0688428522969909,0.0656643853381655,0.0656224651069659,0.0658881924563427,0.0677143184863523,0.0679674849221722,0.0664653256049473,0.0675945855851785,0.0656338184866974,0.0666128643842647,0.0674243394795981,0.0723900892237504,0.0662118437837482,0.0649031220115355,0.0676595270071689,0.0658237346728982,0.0674905940901686,0.067540085291902,0.0691034271109408,0.064497904180448,0.0638850606614483,0.0695006423036384,0.0670355996508816,0.0643377825346059,0.0639553171888569,0.0656652533744373
"gene_96",0.0662219702032653,0.0649954096996634,0.0668545458528167,0.0676605698739134,0.0675787005816052,0.0662474621929711,0.0662294108644148,0.0663436129196086,0.067114347635564,0.0672192974188138,0.0665898356475967,0.0670645536047971,0.0662343010640509,0.066652385223141,0.066993575800416,0.0686373700423205,0.0665202552489301,0.0660389950764112,0.0670386583914991,0.0663788067033469,0.0669789019245702,0.0669964283084147,0.0675416784098112,0.0658874784814127,0.0656560260936345,0.0676776769478902,0.0668169963459743,0.0658272743054933,0.0656827017930301,0.0663207412005839
"gene_97",0.0663667967760667,0.0655290907199702,0.0667949273391944,0.0673366523134621,0.0672818211739148,0.0663841009068686,0.0663718479900668,0.0664493300020344,0.0669700015048043,0.0670405995809666,0.0666160905407711,0.06693648069364,0.0663751675823305,0.0666583902279465,0.0668886711860498,0.0678670669589659,0.0665789184829126,0.066281686125848,0.0668972455874111,0.0664917298740137,0.066860648995696,0.0668713852748509,0.0672043130004088,0.0661877639040482,0.0660439717071809,0.0672870282689925,0.0667613664537333,0.0661503986213238,0.0660605639813302,0.0664558970713843
"gene_98",0.0664927978605206,0.066001606692322,0.0667418380518935,0.067055042728775,0.0670234380824111,0.0665028895703781,0.0664957439384853,0.0665409111982842,0.0668432920218257,0.0668841399866391,0.0666379731101087,0.0668238842507717,0.0664976799606431,0.0666625610273652,0.0667961895288008,0.0677133123957236,0.0665904142979384,0.0663305327370796,0.0668684149757302,0.0665142123606148,0.0668364715990406,0.0668458432319956,0.067136264582474,0.0662483519818895,0.0661224788334585,0.0672083624036316,0.0667497903887107,0.0662156496829392,0.0661370069254373,0.06648288755317
"gene_99",0.0663931713645451,0.0656273556573566,0.0667839100794151,0.0672776930200998,0.0672277463028757,0.0664089727193416,0.0663977839804724,0.0664685305408343,0.0669435671886991,0.0670079276278773,0.0666207458742241,0.0669130039053787,0.0664008152984418,0.066659345493562,0.0668694079573304,0.0679040380942177,0.0665761438700269,0.0662699614211628,0.0669041481150629,0.0664863213040408,0.0668664341528571,0.0668774981028673,0.0672206404342295,0.0661732282830707,0.0660251486691847,0.0673059096306497,0.0667641266333649,0.066134747025795,0.066042234682441,0.0664494080631052
"gene_100",0.0659389050507748,0.0639801630951991,0.0669668431105881,0.0682945843425865,0.0681587937544529,0.0659800932691257,0.0659509251241837,0.066135624837531,0.0673925922295389,0.0675651733244627,0.0665351958156548,0.0673108301479643,0.0659588259503617,0.0666369971675164,0.0671944174210527,0.0709988624095224,0.0663301933163267,0.0653154566245678,0.0674420036491829,0.0660302288727318,0.0673128369659309,0.0673506937037777,0.0685399032609431,0.064999387071899,0.0645196689209255,0.0688400281753265,0.0669641963571055,0.0648742459584614,0.0645747681818319,0.0659075082223573
"gene_101",0.0650775614506117,0.0610955344611175,0.0672760826794185,0.0702351572697476,0.0699261072847324,0.0651641642157092,0.0651028223548536,0.0654922916100744,0.068209902750155,0.0685924235449668,0.0663433670151487,0.0680294876971995,0.0651194320793003,0.0665620849625347,0.0677735037275211,0.0712752280675095,0.0663070315264008,0.065232741661738,0.0674863597549751,0.0659892573029806,0.0673492270966903,0.067389415213011,0.0686532661320014,0.0648985250602217,0.0643916287569964,0.0689726594491925,0.0669792452565237,0.0647662517725704,0.0644498272960763,0.0658593000772527
"gene_102",0.0663525177000202,0.0654760263329328,0.066800873411008,0.0673685809477767,0.0673111000735119,0.0663706339995547,0.0663578059465283,0.066438928624124,0.0669842967872118,0.0670582745698893,0.0666135550795465,0.0669491738501332,0.0663612813341461,0.0666578565777765,0.0668990821843337,0.068004066591032,0.0665686155745955,0.0662382778145318,0.0669227644807093,0.0664716817311749,0.0668820302988308,0.0668939798950792,0.0672647467521696,0.0661339633473495,0.0659743247907302,0.0673569276283579,0.0667715482197541,0.0660924728624459,0.065992741644563,0.0664318520794859
"gene_103",0.0659734456858944,0.0641021357528417,0.066953434961551,0.0682171456550824,0.0680880119508604,0.0660127399518872,0.0659849132775127,0.0661610991716118,0.0673589094967441,0.0675232029089313,0.0665420949134634,0.0672810598570011,0.0659924508501563,0.0666391294589989,0.0671702021970931,0.0696823298463419,0.0664379611037364,0.0657150776813928,0.0672226211269143,0.0662249440279271,0.0671318543227588,0.0671584672991691,0.0679900002413116,0.0654885877534917,0.0651436163792986,0.0681984964562859,0.0668863470586321,0.0653987385489123,0.0651833135811388,0.0661376326166293
"gene_104",0.0661429005091858,0.0647081774119214,0.0668864715124555,0.067837538820929,0.0677407517966933,0.0661728174199845,0.0661516323102451,0.0662856943361613,0.0671925810878267,0.0673163568547973,0.0665750111200171,0.0671338790157026,0.0661573712681439,0.0666485681683423,0.0670502301854152,0.0688611575734349,0.0665028871911215,0.0659691153830307,0.0670788085115665,0.0663459164357696,0.0670123713892642,0.0670318558229343,0.0676385878821224,0.0658012425091573,0.065544967331801,0.0677900927616503,0.0668324312716239,0.0657345626551815,0.0655744939306591,0.0662815002778267
"gene_105",0.0665456597699905,0.0662021841542469,0.0667192198289582,0.0669369395989849,0.0669149981888344,0.066552700496477,0.0665477152397292,0.066579221396937,0.0667898120190731,0.0668182158530237,0.0666468825342886,0.0667763130315992,0.0665490659665333,0.0666640130992836,0.066757045966024,0.0671637198606349,0.0666308967970469,0.0665062427505494,0.0667636812067607,0.0665943986137265,0.0667484531038048,0.0667529215535563,0.0668910723657023,0.0664667182620698,0.0664060810783081,0.0669252717273437,0.0667070919348437,0.0664509760337681,0.0664130858578937,0.0665793824293431
"gene_106",0.0666354408968846,0.0665460885138112,0.0666803316193033,0.0667363997469883,0.0667307615721175,0.0666372653343033,0.0666359735527316,0.066644135029153,0.0666985405327272,0.0667058591098717,0.066661642893131,0.066695060742904,0.0666363235677288,0.0666660713838848,0.0666900922406362,0.0668328558721595,0.0666547979565799,0.0666128679344511,0.0666993483347581,0.0666425318134932,0.0666942451474329,0.066695742758718,0.0667419786709916,0.0665995512448372,0.0665791007699703,0.0667534048081231,0.0666803765280357,0.0665942444067397,0.0665814644651264,0.0666374826500072
"gene_107",0.0651979058490694,0.0614814600797427,0.0672356926621347,0.0699627478074176,0.0696787672202541,0.0652783660477659,0.0652213766512774,0.0655830791104964,0.0680982287972269,0.068451033052923,0.066372386376658,0.0679317253912956,0.0652368086150826,0.0665749889943866,0.0676953655255478,0.0733394575593294,0.0661287001318614,0.0646274403772849,0.0677999094368907,0.0656825526070103,0.0676043186160924,0.0676616038531217,0.069477891011141,0.0641644291836643,0.0634658081198839,0.0699414677740012,0.0670782813057647,0.0639817069672289,0.0635457989516794,0.0655006001095098
"gene_108",0.066637018285655,0.0665521682703659,0.0666796426795359,0.0667328761112541,0.0667275231960624,0.0666387506720332,0.0666375240671234,0.0666452737170457,0.0666969314813259,0.0667038801102829,0.0666618978143995,0.0666936275650558,0.066637856422399,0.0666661026927465,0.0666889101478088,0.06680014427189,0.066657141212785,0.0666234442543364,0.0666929348882145,0.0666472844192634,0.0666888352463958,0.0666900383641157,0.0667271771202561,0.0666127405865903,0.0665963012996916,0.066736353545953,0.0666776932780919,0.0666084748304393,0.0665982014773254,0.0666432268192548
"gene_109",0.0657919950072683,0.0634671106045371,0.0670229766766041,0.0686242221909025,0.0684598741739502,0.0658411738608025,0.0658063457624887,0.0660269879520191,0.0675350404778425,0.0677429819271022,0.0665051479216538,0.067436601046175,0.0658157791120849,0.0666271543307757,0.0672965262265877,0.0677121691155688,0.0665904972058417,0.0663308936361604,0.0668681980990916,0.0665143770062595,0.0668362892955935,0.066845650788785,0.0671357565098293,0.0662488003350433,0.0661230607143304,0.0672077755536732,0.0667497017368779,0.066216132776218,0.0661375734208278,0.0664830857449368
"gene_110",0.0664088563375653,0.0656859558518915,0.0667773332665127,0.0672426310232241,0.0671955834990337,0.0664237622189492,0.0664132075951522,0.0664799412315727,0.066927823175976,0.0669884765274782,0.0666234951049073,0.0668990179615049,0.0664160671349759,0.0666598923528549,0.0668579271410778,0.067803903317162,0.0665836496632771,0.0663017360712429,0.0668854261918001,0.0665009681033727,0.066850739949721,0.0668609159976784,0.0671763868055566,0.0662126272828447,0.0660761790591732,0.0672547395915854,0.0667566300255822,0.0661771733148338,0.0660919254670873,0.066466984354927
"gene_111",0.066145251328899,0.0647166754088376,0.0668855287928178,0.0678322763870823,0.0677359344599068,0.0661750371460131,0.0661539448801479,0.0662874183726847,0.0671902611476512,0.0673134764981798,0.0665754569128751,0.067131824147654,0.0661596586929198,0.066648687201585,0.0670485522465825,0.0679932756232618,0.0665694291039684,0.0662416929663293,0.0669207602226141,0.0664732613498392,0.0668803516505168,0.0668922057679746,0.0672599933903579,0.0661381946859292,0.0659798002092339,0.0673514285223246,0.0667707507394854,0.0660970281199043,0.0659980738459138,0.0664337458370429
"gene_112",0.065376869027151,0.0620652053887511,0.0671739776374688,0.069558505551121,0.0693112765577168,0.0654480760954402,0.0653976427561711,0.0657175596274071,0.0679306931452271,0.0682395406213674,0.0664142397551726,0.067784799308775,0.0654113004486415,0.0665927481248482,0.0675775463166657,0.0733583851100364,0.0661270258837645,0.0646219922318577,0.0678026451677447,0.0656797382817845,0.0676065268518541,0.0676639662710921,0.0694852760207178,0.0641578529337629,0.063457561674953,0.069950176364304,0.0670790858110312,0.0639746901704278,0.0635377417922056,0.0654973253280838
"gene_113",0.0665981683121656,0.0664028166524104,0.0666965488524394,0.0668196474370054,0.0668072575456323,0.066602163591416,0.0665993347318493,0.0666172096624613,0.0667364997668909,0.0667525642852433,0.0666555722685969,0.0667288629892017,0.0666001012132946,0.0666652796260367,0.0667179607180715,0.0679062659655441,0.0665759768912942,0.0662692555743484,0.0669045639519219,0.0664859957236481,0.0668667826858315,0.0668778663725783,0.0672216240663108,0.0661723532284307,0.0660240155560924,0.0673070471505837,0.0667642929712363,0.0661338047974792,0.0660411312855287,0.0664490174288387
"gene_114",0.0654750787170562,0.0623907069223528,0.0671392520255735,0.0693370608462843,0.0691097360527326,0.0655411463957883,0.0654943541892432,0.0657910841581827,0.0678379859830849,0.0681228282376619,0.0664365327745403,0.0677033631718612,0.0655070263619605,0.0666017517536006,0.0675120457721841,0.0723678650258017,0.066213767360012,0.0649096296613289,0.0676561634261709,0.0658270370560993,0.067487859187806,0.0675371665299772,0.0690945638822661,0.0645057935307691,0.0638950058327304,0.0694902264957178,0.0670345426082223,0.0643462129541681,0.0639650287477705,0.0656691140859251
"gene_115",0.0664865861703139,0.0659781303878872,0.0667444816842163,0.0670689206674705,0.0670361774715634,0.0664970353853781,0.0664896366033115,0.0665364049652871,0.0668495628073419,0.0668918743733846,0.0666369151918962,0.0668294602941305,0.0664916412078554,0.0666623782977377,0.0668007749029376,0.0676821686590716,0.0665927335077793,0.0663404428445446,0.0668625500627937,0.0665187633478237,0.0668315504365607,0.0668406452799747,0.067122451848988,0.0662606504808441,0.0661384243300903,0.0671923998525462,0.0667474257790535,0.0662288969894946,0.0661525321835648,0.0664883545297124
"gene_116",0.0658909968006507,0.0638118355076691,0.066985310295497,0.0684020389757155,0.0682569787558923,0.0659348024227041,0.0659037803548365,0.0661002493429215,0.0674391938303502,0.0676232869361673,0.0665255236551264,0.067351999467341,0.0659121831821324,0.0666339266074734,0.067227876278922,0.0700482691640586,0.0664084463421429,0.0656030629938606,0.0672849614001505,0.0661709071927794,0.0671834460987045,0.0672132072132212,0.0681445023808474,0.0653511423203123,0.0649678189433742,0.0683784381327626,0.0669090275359677,0.0652512597775284,0.0650119059942764,0.0660735957169714
"gene_117",0.0655170207485455,0.0625308581012259,0.0671242345513626,0.0692425695910896,0.0690236888115391,0.0655808801008173,0.0655356523867495,0.0658224239904399,0.0677982257460779,0.0680728413102887,0.0664459059809583,0.0676684080500108,0.0655479010837951,0.0666054348773781,0.067483888172667,0.0683049954412964,0.0665457824020151,0.0661432994239455,0.0669782547402159,0.0664275872345945,0.0669284601913066,0.0669430663040158,0.0673968333118191,0.066016385280718,0.0658223303208447,0.0675098230434107,0.0667934715399879,0.0659659302057801,0.0658447072200313,0.0663790433625906
"gene_118",0.0666008500200903,0.0664131016834927,0.0666953851785302,0.0668136568644562,0.0668017535742159,0.0666046893491825,0.0666019709120673,0.0666191479562986,0.066733771423893,0.066749206271607,0.066656011564735,0.0667264338780731,0.0666027074753646,0.0666653393494865,0.0667159586767266,0.0681118557436794,0.0665604686988029,0.0662041991710565,0.0669427291783581,0.0664558964995821,0.0668987452341878,0.0669116477248284,0.0673121626784796,0.0660917539808567,0.065919726404987,0.0674117943899376,0.0667794703526316,0.0660470372871252,0.0659395692036269,0.0664129352617964
"gene_119",0.0650374892910461,0.0609682119015773,0.0672893171903552,0.0703259260057424,0.0700084671449339,0.0651261226602442,0.0650633419102233,0.0654619952356564,0.0682468874708143,0.0686393280916279,0.0663335393269603,0.0680618322955499,0.0650803409661511,0.0665576061048426,0.06779930701438,0.0727091143808887,0.0661841011713217,0.0648099642262788,0.0677074075640768,0.0657763011340099,0.0675294730810917,0.0675815965671044,0.069230157574184,0.0643850583533472,0.0637429469006435,0.0696496656290307,0.0670504670197807,0.0642172306998083,0.0638165277032215,0.0656098499568809
"gene_120",0.0660638404004733,0.0644238379831332,0.0669179542955506,0.0680145736634074,0.0679027600092681,0.0660981499800825,0.0660738538076749,0.0662276419052256,0.067270400114418,0.0674130495552995,0.0665598441407483,0.0672027746948151,0.0660804353118027,0.0666443732705376,0.0671064411234827,0.0689791716488009,0.0664936690435445,0.0659323747070249,0.0670998134467159,0.0663285557418099,0.0670298619039969,0.0670503762782573,0.0676894939526237,0.0657559429853506,0.0654866913627155,0.0678491807123574,0.0668404398463746,0.065685876400462,0.0655177075235365,0.0662608098842638
"gene_121",0.0649852839635478,0.0608031365403258,0.0673064448482784,0.0704443389388572,0.070115871650867,0.0650765535531731,0.0650119047321356,0.0654224849080075,0.0682949875491327,0.0687003787394556,0.0663206392163668,0.0681038774304591,0.0650294092268709,0.0665516660921989,0.0678328194412337,0.075141623709153,0.0659661361986376,0.0641163850919653,0.068049336387133,0.0654143045875437,0.067804204530494,0.0678759629616323,0.0701669275743141,0.0635499647241241,0.0626989106504429,0.0707566043888163,0.0671466744355815,0.0633269572330722,0.0627961362863282,0.0651897669254644
"gene_122",0.0662299104803763,0.06502441329109,0.0668513157851017,0.067642803813138,0.0675624264440664,0.0662549563623887,0.0662372209656705,0.0663494214034226,0.0671064693022355,0.0672095313720083,0.0665913054050888,0.0670575688961884,0.0662420255945302,0.0666527477403487,0.0669878626511857,0.0683973561391741,0.0665387223516456,0.0661142540054454,0.066995133568563,0.0664140415185288,0.0669425660619645,0.06695798511023,0.067437193386722,0.06598046589232,0.0657759547784538,0.0675565741204654,0.0668000819688467,0.0659272858570717,0.0657995340499158,0.0663628409895149
"gene_123",0.0662891010679325,0.0652415500482106,0.0668270966926507,0.0675103932184091,0.0674411024404241,0.0663108112493506,0.0662954381437544,0.0663926753145882,0.0670476107609083,0.0671366168161547,0.0666021512286032,0.0670053666322023,0.0662996029221966,0.0666553287940944,0.0669451343166193,0.0686751503384986,0.0665173331991643,0.0660271781838312,0.0670454657926802,0.0663732566096947,0.0669845799739787,0.0670024373815204,0.0675580734616984,0.0658728885924716,0.0656372255752552,0.0676966890133885,0.0668196247640368,0.0658115862249431,0.0656643850042231,0.0663141155894319
"gene_124",0.0659160378930896,0.0638997194577127,0.066975663465751,0.0683458363204707,0.0682056283487922,0.0659584762911608,0.0659284226418182,0.0661187433597999,0.0674148339928058,0.0675929051859149,0.0665305865624855,0.067330480913725,0.0659365632455316,0.066635539084278,0.0672103902129777,0.0679332821784204,0.0665739409446448,0.0662606863015827,0.0669095957256175,0.0664820367186432,0.0668709981925989,0.0668823212458541,0.0672335429551651,0.0661617327422626,0.0660102670386824,0.0673208328936323,0.0667662989088737,0.0661223700405251,0.0660277429533595,0.0664442696751937
"gene_125",0.0664461640165794,0.0658258171819841,0.0667616212008062,0.0671592504378276,0.0671190813844637,0.0664589348689957,0.0664498921112858,0.0665070597352614,0.066890312775924,0.0669421568755583,0.0666299797805357,0.0668656864506855,0.0664523420855158,0.0666611333136704,0.066830551534566,0.0678735481388668,0.0665784328708008,0.0662796307711195,0.0668984568413088,0.0664907823327412,0.0668616643416989,0.0668724580717434,0.0672071765049989,0.0661852154743129,0.0660406711354759,0.067290339429662,0.0667618514052779,0.0661476544239428,0.0660573500304964,0.0664547600399092
"gene_126",0.0657102661625101,0.0631856229015673,0.0670535846299866,0.0688078102808247,0.0686274025364566,0.065763845476283,0.0657259002535616,0.0659663516189413,0.0676137251679103,0.0678414163983781,0.066487943439055,0.0675059818553255,0.0657361775304918,0.0666211421529803,0.0673527185873826,0.0708671663246757,0.0663411637263116,0.0653550106915265,0.0674206603089574,0.0660497391917145,0.0672953011419749,0.0673320434100535,0.06848563023689,0.065047667034693,0.0645810316488161,0.0687765771432605,0.0669568675290944,0.0649259574656932,0.064634638129169,0.0659304905136845
"gene_127",0.0665001102917095,0.0660292715076879,0.0667387203990682,0.0670387015905273,0.0670084366521841,0.0665097808030469,0.0665029334216697,0.06654621441623,0.0668359039308336,0.066875029005454,0.0666392145272515,0.0668173140383876,0.0665047886425544,0.0666627716979991,0.06679078563611,0.0675157929619986,0.0666050731559301,0.0663934805247647,0.0668310773036397,0.0665430623372083,0.0668051264253765,0.0668127404443519,0.0670484964793548,0.0663265056906868,0.0662238629954713,0.0671069641534976,0.0667346829998202,0.0662998457164518,0.0662357135637476,0.0665175634793107
"gene_128",0.0663895830035273,0.0656139675165683,0.0667854114627548,0.0672857130666449,0.0672351025793802,0.0664055890105959,0.0663942553498104,0.0664659190895016,0.066947165694536,0.0670123743799029,0.0666201145207969,0.0669162001744752,0.0663973259259595,0.0666592177258457,0.0668720311112018,0.0717006530555934,0.066271035504739,0.0651062011300442,0.0675535215888079,0.0659261388021217,0.067404190932039,0.0674479482601338,0.0688263902645102,0.0647444795120589,0.0641964668884449,0.0691754634790449,0.067001565505359,0.0646014073678339,0.064259349442258,0.065785171775632
"gene_129",0.0664493053238185,0.0658376244006434,0.0667602937741184,0.0671522307344425,0.0671126397354956,0.0664618960769695,0.0664529808506361,0.0665093416535293,0.0668871503222763,0.0669382532072904,0.0666305222511204,0.066862875684225,0.0664553962759001,0.0666612339216635,0.0668282420872931,0.0669362931574538,0.0666473645273282,0.0665794652866624,0.066719565103951,0.0666274959081908,0.0667112915861662,0.0667137194997419,0.0667887100500795,0.0665579120287684,0.0665248230261321,0.0668072521829048,0.0666888111237753,0.0665493243207447,0.0665286468572731,0.0666193186232537
"gene_130",0.0653607068109077,0.0620119996144168,0.0671796296754174,0.0695949643711966,0.0693444425654175,0.0654327552947841,0.0653817258164559,0.0657054402965255,0.0679458913844284,0.0682586965400268,0.0664105225956305,0.0677981404073031,0.0653955448537544,0.0665912129871729,0.0675882628807379,0.0685128988008305,0.0665298519294043,0.0660779823509275,0.0670161456045955,0.0663970834710214,0.066960114211514,0.0669765486855496,0.0674875628989647,0.0659356354415291,0.0657181131943237,0.0676149418259875,0.06680827027003,0.0658790636823341,0.0657431881557806,0.0663425711222793
"gene_131",0.0662551844894796,0.065116929645359,0.0668410039489358,0.0675862579018335,0.0675106220693545,0.0662788082200771,0.0662620799773966,0.0663679001785881,0.0670813639469205,0.0671784206221002,0.0665959598895589,0.0670353069209729,0.0662666118125268,0.0666538754881457,0.0669696471280825,0.0691889158821998,0.0664771944353332,0.0658672729567738,0.0671368665968854,0.0662976829774861,0.0670606838508863,0.0670830241641309,0.0677796348238174,0.0656757426357996,0.0653836207157653,0.0679538702137767,0.0668544589045005,0.0655997046271588,0.0654172608358425,0.0662240521836113
"gene_132",0.0659584589820506,0.0640491534583365,0.06695926041853,0.0682507375772767,0.0681187184953968,0.065998575644671,0.065970166476485,0.0661500490123766,0.0673735300554011,0.0675414178103904,0.0665391081004996,0.0672939834312233,0.0659778617825555,0.0666382114601671,0.0671807161251886,0.0700323787883869,0.0664097339781286,0.0656079104846032,0.0672822754659674,0.0661732538566356,0.0671812256705158,0.0672108504570504,0.0681378193230089,0.0653570853742363,0.0649754126030371,0.0683706499768825,0.0669080585261282,0.065257634837258,0.0650193108210954,0.066076374032358
"gene_133",0.0655784460200049,0.0627373701473814,0.0671020336629615,0.0691042596788041,0.0688976854179884,0.0656390564059773,0.0655961303694284,0.065868256034114,0.0677398074410859,0.0679994721397692,0.0664594708782883,0.0676170182739138,0.0656077560223155,0.0666106502335916,0.0674424453458647,0.0759444104969637,0.065891922041953,0.0638937546318891,0.0681535695235512,0.0652948292461688,0.0678868152762695,0.0679648860349982,0.0704649177894818,0.0632837638168497,0.0623688920162412,0.0711107817887787,0.0671721099918231,0.0630438426528319,0.0624733083579693,0.0650521149729753
"gene_134",0.0661647173343276,0.0647871433904165,0.0668777061114065,0.0677887000747611,0.067696040232963,0.0661934164876103,0.0661730938204488,0.0663016892035667,0.0671710348758032,0.0672896111215536,0.0665791357082233,0.0671147923784426,0.066178599198964,0.066649658946671,0.0670346413058078,0.0693395241312524,0.0664652891009787,0.0658206755208801,0.0671632509256846,0.0662754963227478,0.0670826054767815,0.067106253357029,0.0678440963688268,0.0656183915676653,0.0653099974465669,0.0680287842411536,0.0668643535576557,0.0655381029536681,0.0653455034872333,0.0661976654860486
"gene_135",0.0666378949888673,0.0665555469939617,0.0666792601557986,0.0667309187491945,0.0667257243029225,0.0666395762268644,0.0666383858375001,0.0666459066570386,0.0666960377593134,0.0667027808575689,0.0666620397064936,0.066692831553684,0.0666387083801045,0.0666661203421266,0.0666882536339451,0.0667948777351829,0.0666575182650503,0.0666251477710608,0.0666919015278482,0.0666480496128283,0.0666879635019145,0.0666891191923628,0.0667247931190346,0.0666148651782276,0.0665990723482355,0.0667336073662658,0.0666772606753618,0.0666107671977336,0.0666008978191541,0.0666441517611429
"gene_136",0.0657438270483512,0.0633008715777814,0.0670410721793759,0.0687324109601486,0.0685586125364607,0.065795603338941,0.0657589353267593,0.0659912688338058,0.0675814668569683,0.0678010418472815,0.0664950519080833,0.0674775460636936,0.0657688668201658,0.0666236590911642,0.0673297002567541,0.0675699584806311,0.0666010640406792,0.0663761943851263,0.0668413489832233,0.0665351528368957,0.0668137530918322,0.0668218496191285,0.0670726035164327,0.0663050357679522,0.0661959986870849,0.0671348079933524,0.0667388511264179,0.0662767129077294,0.0662085864352592,0.0665080523841523
"gene_137",0.0659776600826899,0.0641170551563127,0.0669517926112628,0.0682076967214891,0.0680793738755846,0.0660167228277182,0.0659890601361259,0.0661642054213089,0.0673547935213277,0.0675180762578397,0.0665429318457112,0.0672774210953665,0.0659965533035181,0.0666393842666899,0.0671672411109466,0.0701454088411428,0.0664005527846754,0.0655734497685929,0.0673013314114706,0.0661565504379138,0.0671969725684832,0.0672275664133997,0.0681853000048437,0.0653148482143589,0.0649214623783417,0.0684259928216207,0.0669149110942641,0.0652123317015569,0.0649667004031919,0.0660566050407418
"gene_138",0.0665215229625525,0.0661104285511467,0.0667295717433082,0.0669908603709832,0.066964512772217,0.0665299585834058,0.0665239856211351,0.0665617369323741,0.0668142532333907,0.066848336181185,0.0666428338605491,0.0667980572602924,0.066525603943554,0.0666633713182494,0.0667749430560805,0.0674054538435546,0.066613208714604,0.0664287427413934,0.0668100721320281,0.0665591634473916,0.0667874760642951,0.0667941060125618,0.0669992954281103,0.0663703227965418,0.0662807615919307,0.0670501536629283,0.0667261278230236,0.0663470639691303,0.0662911036571873,0.066536936268007
"gene_139",0.0661209670891212,0.0646290089579894,0.0668952499698562,0.0678866450689798,0.0677857003201761,0.0661521058273997,0.0661300553831844,0.0662696031578398,0.0672142112369356,0.067343218133075,0.0665708380124446,0.0671530351949855,0.0661360286991591,0.0666474424609515,0.0670658687538567,0.0693086986259892,0.066467730851238,0.065830202579382,0.0671578657476137,0.0662800384942076,0.06707813290069,0.067101513399448,0.0678309207384585,0.0656301136540338,0.0653250398831694,0.0680134688864877,0.0668623399650312,0.0655506925094521,0.0653601652511964,0.0662030655540253
"gene_140",0.066640423529546,0.066565295765545,0.0666781556674344,0.0667252714028368,0.0667205340463467,0.0666419571875968,0.0666408712919327,0.0666477318683499,0.0666934585513873,0.066699608753468,0.0666624481593319,0.0666905342174539,0.0666411655217256,0.0666661703460145,0.0666863587200286,0.0667898814179909,0.0666578757468149,0.0666267638613814,0.0666909208543958,0.0666487753702324,0.0666871361589447,0.0666882468533787,0.066722531103254,0.0666168808236219,0.0666017014313087,0.0667310017717943,0.0666768499684058,0.0666129420470354,0.0666034560101359,0.0666450290931383
"gene_141",0.066409737541149,0.0656892487020849,0.0667769647695194,0.0672406647420016,0.0671937797739597,0.0664245931365963,0.0664140741218261,0.0664805824228255,0.0669269403194458,0.0669873857131032,0.0666236500325265,0.0668982337364358,0.0664169240152967,0.0666599236583442,0.0668572834684751,0.0676949837221559,0.0665917796609863,0.0663363644695452,0.0668649644541187,0.0665168909115513,0.0668335764449086,0.0668427851965842,0.0671281367646972,0.0662555889201304,0.0661318613945897,0.0671989693397008,0.066748399653262,0.0662234448386878,0.0661461422544449,0.0664861050658297
"gene_142",0.0666395945200025,0.0665620992882084,0.0666785177744299,0.0667271227981108,0.0667222355997224,0.0666411765649761,0.0666400564090582,0.0666471334575685,0.06669430413165,0.0667006487052499,0.0666623142475132,0.0666912873897795,0.0666403599217538,0.0666661539532986,0.0666869799625698,0.0668196391598637,0.0666557451281767,0.0666171403827449,0.066696758197962,0.0666444521552229,0.066692060425318,0.0666934390671511,0.0667359996040706,0.0666048789718063,0.0665860483340057,0.0667465167350882,0.0666792932881646,0.0665999925647804,0.0665882248529508,0.066639803485964
"gene_143",0.0662958446399852,0.0652663923624936,0.0668243220275469,0.0674953114406815,0.0674272798064232,0.0663171736559072,0.0663020704812987,0.0663975982162884,0.0670408910121027,0.0671282975110581,0.0666033747241331,0.0669994046165714,0.0663061621440635,0.0666556095050755,0.0669402510745702,0.0684941085505768,0.0665312983638502,0.0660838774333557,0.067012737045106,0.0663998432720178,0.0669572686141082,0.0669735380628571,0.06747938113997,0.0659429194209424,0.0657275079911234,0.0676054590574588,0.0668069456232364,0.0658868979756951,0.0657523403408716,0.0663458686587887
"gene_144",0.0654836809193329,0.0624194138013361,0.0671361705286743,0.069317651633983,0.0690920630031284,0.0655492959240807,0.0655028244177568,0.0657975128391185,0.0678298242598787,0.0681125659149076,0.0664384563379218,0.0676961882689212,0.0655154097848208,0.0666025079503723,0.0675062666826519,0.0715311238824141,0.0662854248462072,0.0651565083518542,0.0675269164264599,0.0659512937359633,0.0673824371295966,0.0674247750261937,0.0687575992528394,0.0648056852527883,0.0642739533505656,0.0690948428382116,0.066992789508314,0.0646668904024944,0.0643349818681663,0.0658146952189913
"gene_145",0.0663993808584384,0.0656505394766942,0.0667813090367999,0.0672638132576944,0.0672150147383322,0.066414827881199,0.0664038900574547,0.0664730486812912,0.0669373370159179,0.0670002297160886,0.0666218362295447,0.0669074697668574,0.0664068534042404,0.066659564171123,0.0668648655820113,0.0673137232565212,0.0666199428819682,0.0664581117435247,0.0667925285871343,0.0665725406488043,0.0667727255027038,0.066778536128656,0.0669582981046398,0.0664068371851277,0.0663282087691419,0.0670028328317781,0.0667189518626642,0.066386420079381,0.0663372897023665,0.066553042799809
"gene_146",0.065672702099478,0.0630571616752396,0.0670675101284801,0.0688922539753424,0.0687044224112773,0.0657282934946045,0.0656889229455958,0.0659384356305692,0.0676497637769769,0.0678865520443392,0.066479922790526,0.0675377375770072,0.0656995860940073,0.0666182547170196,0.0673784061136273,0.0724658367257126,0.0662052765053219,0.0648809568450824,0.0676709619502764,0.0658124747847286,0.0674998877995912,0.0675500051958556,0.0691336006131603,0.0644710395945097,0.0638512056196953,0.069536108061495,0.0670391795386852,0.0643090779308879,0.0639222563962288,0.065652093533426
"gene_147",0.0655552817985553,0.0626593119352335,0.0671104369377395,0.0691564125301086,0.0689452053834839,0.0656171195624494,0.0655733240180029,0.0658509818309149,0.0677618669684847,0.0680271665007234,0.0664543792842978,0.0676364282998279,0.0655851850430259,0.0666087098297303,0.0674581051599405,0.0700959505659082,0.0664045727393403,0.0655885183891776,0.0672930043999072,0.0661638585633148,0.0671900927712806,0.0672202628059763,0.0681645382076135,0.06533331461729,0.0649450457026972,0.0684017906180416,0.0669119208458089,0.0652321375991302,0.0649896984803238,0.0660652530895866
"gene_148",0.0658833124870707,0.0637849306717624,0.0669882566671788,0.0684192754828305,0.0682727247273164,0.0659275368387026,0.0658962181780538,0.0660945703639788,0.0674466535969201,0.0676325947274522,0.0665239602028996,0.0673585874375583,0.0659047013141263,0.06663342078154,0.0672332271155487,0.0693302769634078,0.0664660215682191,0.065823532585505,0.0671616360428011,0.0662768586550762,0.0670812643092422,0.0671048319946932,0.067840144700038,0.0656219067661069,0.0653145081228699,0.0680241906870819,0.0668637498836405,0.0655418782361489,0.0653499000373868,0.0661992850724913
"gene_149",0.0665455859066812,0.0662019038636261,0.0667192510911158,0.06693710350945,0.0669151486921468,0.0665526308870718,0.0665476426182115,0.0665791678191727,0.0667898861958265,0.0668183073227024,0.0666468699150533,0.0667763789949977,0.0665489941610856,0.066664010863219,0.0667571002122702,0.0670203576886827,0.0666412970878184,0.0665523644673941,0.0667359251899191,0.0666152678796256,0.0667250784568719,0.0667282614092903,0.0668266081751924,0.0665241463356318,0.0664808362973211,0.066850935953951,0.0666956103806804,0.0665129046437237,0.0664858406101411,0.0666045564929689
"gene_150",0.0663437146042011,0.0654433642266752,0.0668045301106543,0.0673882621323575,0.0673291461557045,0.0663623310069003,0.0663491488044095,0.066432513449644,0.0669931006139541,0.067069162505795,0.0666119851987953,0.0669569898373241,0.0663527201245563,0.0666575200807067,0.0669054911682614,0.0681925997069452,0.0665543430106353,0.0661787143476863,0.0669576198218231,0.0664440656974133,0.0669112047668036,0.0669248200646233,0.067347605547112,0.0660602047460389,0.0658789417503608,0.0674528205473935,0.0667853541459789,0.0660130824739799,0.0658998472077211,0.0663987661330874
"gene_151",0.0664737328176381,0.0659296096445824,0.0667499450239337,0.0670976428893624,0.0670625414215582,0.0664849212199504,0.066476999015336,0.0665270780815242,0.0668625329984405,0.0669078743769491,0.0666347202810118,0.0668409924357183,0.0664791454221131,0.0666619938557327,0.0668102566124184,0.0675834269076411,0.0666000676801308,0.0663719011490195,0.0668439005842921,0.0665331877835012,0.066815895904766,0.0668241123334837,0.0670785942102078,0.0662997039817767,0.0661890799275651,0.0671417278555228,0.0667398861116756,0.0662709683854477,0.066201850610987,0.0665056896026469
"gene_152",0.0665153078528387,0.066086846881449,0.0667322316120837,0.0670047482720299,0.06697726433331,0.0665241021969899,0.0665178752257216,0.0665572327682138,0.0668205420202126,0.0668560882545045,0.0666417866215935,0.0668036512480137,0.0665195623649726,0.066663200925488,0.0667795460632402,0.0675370593716873,0.0666035010691111,0.0663866927083147,0.0668351138545638,0.0665399581597999,0.0668085169881228,0.0668163204876222,0.0670579653456553,0.0663180740579766,0.0662129187505344,0.0671179000068246,0.0667363226201361,0.0662907606973798,0.066225059001757,0.0665138301558134
"gene_153",0.066101274159763,0.0645581146211691,0.0669031026526064,0.0679307401942532,0.0678260552034114,0.0661335078290868,0.066110681914157,0.0662551464110551,0.0672336049119443,0.0673673118012077,0.0665670684723907,0.067170206567211,0.0661168652465908,0.0666464067676775,0.0670798808755995,0.0691466215252313,0.0664805264687831,0.0658803810974067,0.0671294240026873,0.0663039108599776,0.0670544962429125,0.0670764688246977,0.0677614927833173,0.0656918838440402,0.0654043540119798,0.0679327937197485,0.0668516545371113,0.0656170450828522,0.0654374674066171,0.0662314633899543
"gene_154",0.0652495475537444,0.0616487247533042,0.0672180632614887,0.0698459369620374,0.069572629763489,0.0653273513703206,0.0652722441400661,0.065621945653534,0.0680500302294711,0.068390117071117,0.0663846101764416,0.0678894856421751,0.0652871667594251,0.0665802736091192,0.0676615371639232,0.0738242784391323,0.0660855430781974,0.0644883847228356,0.0678691609004235,0.0656103952899407,0.0676601056008178,0.0677213258685853,0.0696660285714334,0.0639967632731097,0.0632558331852353,0.0701635179510898,0.0670982622558813,0.0638028754327923,0.0633406159415901,0.0654167373227674
"gene_155",0.0662518404701388,0.065104673752592,0.0668423697651511,0.0675937364145197,0.0675174740231522,0.0662756525089621,0.06625879090893,0.066365455857695,0.0670846864254696,0.067182537191672,0.0665953454268584,0.0670382533779896,0.0662633588650529,0.0666537277374112,0.0669720584166299,0.0690771988400447,0.0664859849764954,0.0659019184834588,0.067117175912418,0.0663141308773373,0.0670443097762804,0.0670656782478019,0.0677316763157383,0.0657184123657195,0.0654384415490758,0.0678981614094122,0.0668470268826897,0.0656455474006164,0.0654706877556584,0.0662436294113523
"gene_156",0.0666336081192326,0.0665390264143537,0.0666811316714086,0.0667404934546364,0.0667345238069579,0.0666355394862584,0.0666341719932022,0.0666428118670384,0.066700409603517,0.0667081580176879,0.0666613463998853,0.0666967254725686,0.0666345425223165,0.0666660346697906,0.0666914652477229,0.0668482698364164,0.0666536925720474,0.0666078864770647,0.0667023670953377,0.0666402919769165,0.0666967911872881,0.0666984275177796,0.0667489494705453,0.0665933398886404,0.0665710017019475,0.0667614358029947,0.0666816382828246,0.0665875430730336,0.0665735835167238,0.0666347759667969
"gene_157",0.0661950169178549,0.0648971758090243,0.0668654769792841,0.067720882771378,0.0676339408786015,0.0662220208094736,0.0662028987481433,0.0663238853038005,0.0671410598301369,0.0672524211985812,0.066584820406952,0.0670882311641322,0.0662080789534264,0.0666511259276116,0.0670129359125307,0.0740448509246123,0.0660657774568198,0.0644255229218675,0.0679001471001753,0.0655775769347504,0.0676849997969122,0.0677480001149914,0.0697509498330206,0.0639210822267163,0.0631612283954829,0.0702638706553236,0.0671069728214565,0.0637221963714832,0.0632481524168185,0.0653786553484769
"gene_158",0.0656761503484883,0.0630689401247328,0.0670662298779728,0.0688844872214865,0.0686973390750584,0.0657315570933613,0.0656923173487359,0.0659409983723804,0.0676464507612434,0.0678824024336506,0.06648065876676,0.0675348183616981,0.0657029450856529,0.0666185192048318,0.0673760447773634,0.0743069025263109,0.0660421608092807,0.0643511281821774,0.0679365183570517,0.0655385647451795,0.0677141600574113,0.0677792671043587,0.069851280134435,0.0638316134899334,0.0630495340357467,0.0703825378229086,0.0671169903101155,0.0636268544334925,0.0631389713160384,0.0653334386984921
"gene_159",0.0659043863393193,0.0638587836419236,0.0669801629114585,0.0683719986962107,0.0682295336382432,0.0659474615020641,0.0659169568273791,0.0661101408804884,0.0674261812405619,0.0676070547297751,0.0665282381338647,0.0673405058796253,0.0659252195582216,0.0666347970912504,0.0672185384319153,0.0711799312197787,0.0663150390687261,0.0652612188479189,0.0674711304901014,0.0660033890469113,0.0673367409671965,0.067376126301336,0.0686142567822619,0.0649332347141822,0.0644356680037785,0.0689270047352685,0.0669741060512956,0.064803410257724,0.0644928029151574,0.065875919611287
"gene_160",0.0654650412569555,0.0623572721871151,0.0671428269663754,0.0693596756985675,0.0691303254599998,0.065531636136959,0.0654844704290922,0.0657835782124449,0.0678474829871149,0.0681347744761146,0.0664342751510097,0.0677117096835582,0.065497243698608,0.0666008543318177,0.0675187650844173,0.072450768585242,0.066206583866121,0.0648853637335808,0.0676686905295251,0.0658147147641336,0.067498042128745,0.067548035018477,0.0691276024494976,0.0644763800812187,0.0638579346294832,0.0695290570902482,0.0670384698652525,0.0643147839281831,0.0639288276566514,0.0656547110821284
"gene_161",0.0659246782497199,0.0639300714464427,0.0669723442353838,0.0683264915315927,0.0681879524789446,0.0659666449381787,0.0659369254027264,0.0661251251358457,0.067406447091183,0.0675824449704682,0.0665323368440642,0.0673230724206103,0.0659449755353985,0.066636099952038,0.0672043705116144,0.0792947209829117,0.0655720963816777,0.062996344926143,0.0685460477721348,0.0647973925378921,0.0681919841609462,0.0682955155722055,0.0716516116151767,0.0622194852166124,0.0610624964870249,0.0725316763117748,0.0672477238602633,0.0619151270135245,0.061194054702278,0.064483709600634
"gene_162",0.0664614465634386,0.0658833072056852,0.066755155521703,0.0671250980816158,0.0670877398075578,0.0664733406980006,0.0664649187573177,0.066518158968535,0.0668749197328241,0.0669231583742747,0.066632613055263,0.066852004211636,0.0664672005478133,0.0666616162991245,0.0668193081132554,0.0706097097662754,0.0663624981219938,0.065432612714034,0.0673785590101612,0.0660878690569439,0.0672606651098273,0.067295222021132,0.0683790654081956,0.0651424762797836,0.0647016669239653,0.0686520767398911,0.0669422561872158,0.0650275375711601,0.0647523249116513,0.0659754524714722
"gene_163",0.0665224929940771,0.0661141095025213,0.0667291570272455,0.0669886943727559,0.0669625239828911,0.0665308726356594,0.0665249393117747,0.0665624399747556,0.0668132724261386,0.0668471271293497,0.0666429975061952,0.06679718483238,0.0665265468952158,0.0666633981566657,0.066774225212335,0.0672069613869835,0.0666277464487736,0.0664923544812747,0.0667720172785548,0.0665880997174127,0.0667554693579187,0.0667603250198891,0.0669104750126064,0.066449434417065,0.0663835963980447,0.066947653089592,0.0667105267191033,0.0664323409875491,0.0663912014471399,0.0665717892377319
"gene_164",0.0663870120151348,0.0656043781400823,0.0667864870615071,0.0672914603993537,0.0672403741372948,0.066403164628365,0.0663917271501201,0.0664640479411717,0.0669497440706693,0.0670155606465186,0.0666196619869124,0.0669184902992522,0.0663948258495051,0.0666591260023157,0.0668739105396892,0.0678533217881356,0.066579949155678,0.0662860473765271,0.0668946765127895,0.0664937405867229,0.066858495492849,0.0668691099028903,0.067198239369811,0.0661931714317754,0.0660509753324767,0.067280005215463,0.0667603380939265,0.0661562215705162,0.0660673837852332,0.0664583098233859
"gene_165",0.0655075020330198,0.0624989919779976,0.0671276517392738,0.0692640080466241,0.0690432139844979,0.0655718632395897,0.065526279988829,0.0658153144364217,0.067807256893747,0.0680841919210367,0.0664437859990546,0.067676349193601,0.0655386249236283,0.0666046069373174,0.067490287150732,0.0729508418450762,0.0661629545061488,0.0647397380730382,0.0677432149150972,0.0657403621059127,0.0675584894069913,0.0676125984389388,0.0693255810844905,0.0643000962686997,0.0636361101577055,0.0697619852219939,0.0670613835929969,0.0641265055044572,0.0637121735729456,0.0655679282681998
"gene_166",0.0665088619623988,0.0660624125193052,0.0667349859661242,0.0670191492882761,0.0669904862821866,0.0665180280799035,0.0665115378581536,0.0665525601397994,0.0668270597273001,0.0668641236909443,0.0666406973954645,0.0668094483525764,0.0665132963175595,0.066663020746957,0.0667843154368653,0.0672575194719145,0.0666240556676471,0.0664761303932015,0.0667817431605549,0.0665807330386057,0.0667636531240064,0.0667689612030778,0.0669331366017642,0.0664292488436089,0.0663573449257823,0.0669737980722777,0.0667145264494093,0.0664105792659784,0.0663656499823114,0.0665629117013423
"gene_167",0.0665940355451277,0.0663869747904874,0.0666983405576898,0.0668288782643317,0.0668157383093008,0.0665982710585937,0.0665952720979032,0.0666142221171499,0.0667407026109243,0.0667577375261105,0.0666548941114933,0.0667326046978517,0.0665960846668504,0.0666651862887151,0.066721044303133,0.0679163336734847,0.0665752204286609,0.066266064137295,0.0669064412942046,0.0664845225674782,0.0668683558618658,0.0668795287444405,0.0672260675768818,0.0661683972402417,0.066018893595017,0.0673121862028254,0.0667650427703563,0.0661295452968344,0.0660361435870083,0.0664472503109231
"gene_168",0.0666427571610202,0.0665742960500689,0.0666771358675502,0.0667200593511193,0.0667157437577783,0.0666441545831635,0.0666431651489545,0.0666494162437473,0.0666910777267679,0.0666966807751324,0.0666628247793641,0.0666884135244374,0.066643433242234,0.066666216112528,0.0666846094187729,0.0667802738419244,0.0666585629560427,0.0666298719418333,0.0666890344815097,0.0666501709117304,0.0666855446607434,0.0666865688215131,0.0667181806953136,0.066620757484436,0.0666067581475856,0.0667259907053117,0.0666760597360657,0.0666171249585013,0.0666083763497306,0.0666467161761127
"gene_169",0.0655172300305153,0.0625315538271466,0.0671241624133438,0.0692421055783413,0.0690232663940459,0.0655810784628783,0.0655358584849588,0.0658225808527421,0.0677980315103866,0.0680725966344851,0.066445954290263,0.0676682375192027,0.0655481050879517,0.0666054550797487,0.0674837511814004,0.0696272015383587,0.0664423768045324,0.0657320155905833,0.0672131370414489,0.0662330779709128,0.0671239944808323,0.0671501316698594,0.0679666131257675,0.0655093931413808,0.0651702611231848,0.0681712790738691,0.0668828590454926,0.065421070783963,0.0652092895202211,0.066147283775868
"gene_170",0.0663918654863181,0.0656224814350227,0.066784457235878,0.0672806131798823,0.0672304248422309,0.0664077413528229,0.0663964998494609,0.0664675803423489,0.0669448777970108,0.0670095470293669,0.0666205165823846,0.066914168082824,0.066399545460921,0.0666592995409647,0.0668703634951286,0.067020431398164,0.0666412917582581,0.066552340723795,0.0667359395077547,0.0666152571554627,0.0667250905197985,0.0667282741338397,0.0668266413736224,0.0665241167595883,0.06648079777911,0.0668509742262411,0.0666956163212367,0.0665128727455003,0.0664858031245671,0.066604543550076
"gene_171",0.0665825692211385,0.0663430674663502,0.0667033049313581,0.066854489592305,0.066839267084176,0.0665874707760159,0.0665840002137121,0.066605931045592,0.0667523570961653,0.0667720850552054,0.066653007325861,0.0667429795442267,0.0665849405583419,0.0666649215635455,0.0667295929888147,0.0669673287487295,0.0666451271989641,0.0665694551757103,0.0667256123486481,0.0666229822852863,0.0667163884811845,0.066719095253371,0.0668027099980644,0.0665454382987164,0.0665085705624976,0.066823387872891,0.0666913270936573,0.0665358694791576,0.0665128308571971,0.0666138685903617
"gene_172",0.0660795850820181,0.0644802340215749,0.0669117217115033,0.067979315604805,0.0678705030263322,0.0661130224748958,0.0660893440295692,0.0662392145523348,0.0672549379994676,0.0673938251875671,0.066562893266273,0.0671890907694446,0.0660957582438941,0.0666452402611356,0.0670952842931345,0.069672317167438,0.066438763532827,0.0657181525865706,0.0672209002561587,0.066226421302309,0.0671304283532669,0.0671569549458555,0.0679857546401223,0.0654923643654221,0.0651484523373538,0.0681935551508738,0.0668857147906608,0.0654027921692575,0.0651880282162676,0.066139385241329
"gene_173",0.0664589349957615,0.0658738527029989,0.0667562185296034,0.0671307089146556,0.067092889082673,0.0664709732670524,0.0664624492613262,0.0665163351294467,0.0668774494941721,0.0669262804150942,0.0666321807812486,0.0668542529155066,0.066464758702124,0.0666615374249167,0.0668211561380873,0.0675891137149309,0.066599645826763,0.066370087507139,0.0668449767357393,0.0665323569723108,0.0668167994479607,0.0668250665039995,0.0670811226151366,0.0662974519530495,0.0661861580528527,0.067144648663904,0.0667403218965585,0.0662685421403846,0.0661990059491009,0.0665046908855462
"gene_174",0.0662526647003043,0.0651076911514416,0.0668420347439022,0.0675918966673097,0.0675157885215109,0.0662764303924369,0.0662596016145283,0.066366058650974,0.0670838697665142,0.067181525059081,0.0665954978350347,0.0670375292793812,0.066264160680505,0.0666537652702288,0.0669714660521696,0.0677640929190294,0.0665866256212919,0.0663143851635278,0.0668779593562706,0.0665067893068143,0.066844478043614,0.0668543007211004,0.0671587652209287,0.0662283173679135,0.0660965102726005,0.0672343689707944,0.0667536312454875,0.0661940711179692,0.0661117220361287,0.0664739730267037
"gene_175",0.0661224729491816,0.0646344390080371,0.0668946474568034,0.0678832713360036,0.0677826124342595,0.0661535278438889,0.0661315367804816,0.0662707080883522,0.067212725918689,0.0673413733905123,0.0665711248475126,0.0671517198422492,0.0661374940145289,0.0666475200683959,0.0670647950465519,0.0691059141393688,0.0664837289949917,0.0658930069789387,0.0671222470203681,0.0663099041664265,0.0670485278891133,0.0670701463139163,0.0677440151051553,0.0657074344883204,0.065424333812929,0.0679124920386032,0.066848944889547,0.0656337523025051,0.0654569391065557,0.0662385972254293
"gene_176",0.0661023163104008,0.0645618596726684,0.0669026889919949,0.0679284093727794,0.0678239223220607,0.0661344921336392,0.06611170718764,0.0662559119133068,0.0672325809613235,0.0673660392578617,0.0665672691970191,0.0671693001476843,0.0661178794247756,0.0666464629912694,0.0670791415270831,0.0694552852799766,0.0664560961955358,0.0657849444045849,0.0671834054269567,0.0662584333771101,0.0670993364679735,0.0671239873505845,0.0678934933567861,0.0655744445273304,0.0652536275657811,0.0680862184094146,0.0668718621668142,0.0654909097430203,0.0652905575486363,0.066177388788032
"gene_177",0.0664998213795571,0.0660281758269999,0.0667388447500547,0.0670393497076472,0.0670090317140812,0.0665095085821333,0.0665026493817171,0.0665460051232687,0.0668361974502875,0.0668753907693562,0.0666391661773218,0.0668175751601289,0.066504507804596,0.0666627641869179,0.0667910005564188,0.0698982319948744,0.0664205900281243,0.0656489018675626,0.0672595303072885,0.066193071649005,0.0671624149771021,0.0671908874644795,0.0680813109905491,0.0654073574467793,0.0650396730329554,0.0683048134210853,0.066899827370607,0.0653115673420536,0.0650819705953086,0.0660998453508542
"gene_178",0.0662869383878798,0.0652335865823141,0.0668279863922726,0.067515231346555,0.0674455365177204,0.0663087707819894,0.0662933111285111,0.066391096411056,0.0670497659362644,0.0671392851412731,0.0666017586272619,0.0670072787321781,0.0662974993499155,0.0666552385468983,0.0669467003661576,0.0685045566153178,0.066530495052849,0.066080600322357,0.0670146333262339,0.066398309640868,0.0669588518722167,0.0669752130799847,0.0674839313641601,0.065938869942695,0.0657222846565048,0.0676107326265904,0.0668076831776945,0.0658825424631299,0.0657472519279146,0.0663440360067919
"gene_179",0.0655597610532047,0.0626743807701727,0.0671088196459831,0.0691463384796829,0.0689360272605643,0.0656213618664163,0.0655777341850432,0.0658543239244244,0.0677576108428308,0.068021821296969,0.0664553687996664,0.0676326842102681,0.0655895497706045,0.066609090705116,0.0674550857730653,0.0704915035902479,0.0663722366777446,0.0654683576708588,0.067359056105253,0.0661053633757143,0.0672445992478057,0.0672781498976029,0.0683299279391222,0.0651861877418665,0.0647573473742859,0.0685947080524494,0.0669354152181056,0.0650743855402442,0.0648066381436853,0.0659961033721397
"gene_180",0.0654506531119111,0.0623094710089499,0.0671479068200532,0.0693920174157812,0.0691597654244165,0.0655180016062152,0.0654703019891502,0.0657728090503623,0.0678610383911467,0.0681518362062438,0.0664310110580186,0.0677236182473468,0.0654832197720583,0.0665995357979348,0.0675283446650976,0.0704667246209704,0.0663742592394119,0.0654758427382871,0.0673549429012649,0.0661090144356329,0.067241206908434,0.0672745465019457,0.0683196029395288,0.0651953472148526,0.0647690234786095,0.0685826587965717,0.0669339580876588,0.0650842043888748,0.0648180267127825,0.0660004173627204
"gene_181",0.0657896610271227,0.0634590307351617,0.0670238583917919,0.0686294664890767,0.0684646613514657,0.0658389660486318,0.0658040485793009,0.0660252585739143,0.0675372952128372,0.0677458001558612,0.0665046622846155,0.0674385902181334,0.0658135061259575,0.0666269889447353,0.0672981388379575,0.0718844584805282,0.0662553551453374,0.0650518184095882,0.0675821218912552,0.0658988487570519,0.0674275451631467,0.0674728372499249,0.0689006723461848,0.0646783716107519,0.0641128596757826,0.0692625755343643,0.0670108936499829,0.0645307001148369,0.0641777340385157,0.0657531729993988
"gene_182",0.0661736945165124,0.0648197010632958,0.0668740889016414,0.0677686042058152,0.0676776402659703,0.066201891856406,0.0661819245817547,0.0663082675128965,0.0671621590815133,0.0672785968152103,0.066580824861056,0.0671069283433902,0.0661873337063319,0.0666500989245952,0.0670282162700674,0.0687688867719383,0.0665100652612561,0.0659978934307798,0.0670623040783431,0.0663594814871247,0.0669986188696191,0.0670172967712096,0.0675986902077468,0.0658367443026636,0.0655906694258398,0.0677438002493488,0.0668261059887374,0.0657727259160061,0.065619024757367,0.0662976779456601
"gene_183",0.0646191672029662,0.0596717381888941,0.0674219364378754,0.0712774299623982,0.0708702029386642,0.0647285969195471,0.0646510782460549,0.0651439330462365,0.0686282078181463,0.0691250928600916,0.0662265441559871,0.0683944116004052,0.0646720642895675,0.0665060166637495,0.0680632993017787,0.0731919113484696,0.0661417340333072,0.0646699795449125,0.0677785033104081,0.065704496619598,0.0675870299231497,0.0676431116133151,0.0694202175293277,0.0642157943735991,0.0635302460220169,0.0698734768900992,0.0670719523269011,0.0640365196980678,0.0636087549694025,0.0655261435495799
"gene_184",0.0666313669362762,0.0665303934088872,0.0666821094530018,0.0667454989382971,0.0667391239035783,0.0666334290271391,0.0666319689750027,0.0666411937088531,0.0667026945557973,0.0667109685907187,0.0666609834485815,0.0666987605541733,0.066632364583064,0.066665989338491,0.0666931436135003,0.0668726345122782,0.0666519435874335,0.06660001505332,0.0667071344097871,0.0666367508816313,0.0667008114803534,0.0667026670203498,0.0667599630991778,0.0665835261665673,0.0665582072014886,0.0667741254256959,0.066683629210133,0.0665769556133463,0.0665611334142178,0.0666304974327256
"gene_185",0.0648060569841927,0.0602436425705975,0.0673639739571712,0.0708515371294099,0.0704848595296106,0.0649062871554735,0.0648352883628812,0.0652864395004205,0.0684589829075829,0.0689090138735057,0.0662753565183314,0.0682470263954247,0.0648545107841246,0.0665301775088345,0.0679466182804845,0.0731731119311364,0.0661433940270518,0.0646754102418353,0.0677757668327056,0.0657072948838833,0.0675848187953366,0.0676407469157758,0.0694128566002876,0.0642223538098776,0.0635384779997763,0.0698648013286884,0.0670711399118312,0.0640435201352776,0.0636167973097896,0.0655294017440586
"gene_186",0.0656256523053065,0.0628970891734668,0.0670848122699494,0.0689980459818491,0.0688008800086663,0.0656837541103031,0.0656426051902031,0.0659034266661077,0.0676947714607538,0.0679429690077902,0.0664697688034731,0.0675773760939939,0.0656537497704924,0.0666145190883264,0.0674104399093255,0.0703917965989983,0.0663804215400124,0.0654985634785518,0.0673425191086177,0.0661201120065451,0.067230966011377,0.067263666472893,0.0682883763640693,0.0652231458563842,0.0648044562818093,0.0685462153384334,0.0669295782383253,0.0651140029933865,0.0648525871548045,0.0660135242731012
"gene_187",0.0666119926648478,0.0664558728508471,0.0666905459166925,0.0667887698107636,0.0667788868696341,0.0666151836595745,0.0666129242820585,0.0666272001332548,0.0667224319129558,0.0667352513044812,0.0666578332985157,0.0667163373723382,0.0666135364657698,0.0666655836544389,0.0667076363125562,0.0667350242639769,0.0666617957208672,0.0666445179903283,0.0666801391956793,0.0666567426436928,0.0666780387058336,0.0666786551475079,0.0666976786072636,0.0666390280244998,0.0666305945560398,0.0667023774258482,0.066672329377965,0.0666368398568124,0.0666315694640571,0.0666546623066823
"gene_188",0.0652966364427347,0.0618020651982923,0.0672018667671282,0.0697395522208489,0.0694759282068995,0.0653720085987622,0.0653186242684134,0.0656573437336123,0.06800598552781,0.0683345005815882,0.0663956557869791,0.067850865700797,0.0653330806237011,0.066584982804226,0.0676305777402926,0.070598715970162,0.0663633949418567,0.0654359215703805,0.0673767416845176,0.0660894853911569,0.067259166915344,0.0672936303977649,0.068374495313339,0.0651465236542952,0.0647068235348742,0.0686467416734346,0.0669416143845517,0.0650318756619937,0.0647573548342841,0.0659773616022513
"gene_189",0.0664995902148937,0.0660273023915279,0.0667389425963735,0.0670398645501694,0.0670095043161768,0.0665092907057146,0.0665024220959129,0.0665458373452193,0.0668364299787358,0.0668756776304255,0.0666391265304476,0.0668177818953011,0.066504283067966,0.0666627570531524,0.0667911705086304,0.0675132302854075,0.0666052627005039,0.0663942989005605,0.0668305907696078,0.0665434365858207,0.0668047177538325,0.0668123089340966,0.0670473552416685,0.0663275222752632,0.0662251825683922,0.0671056461344646,0.0667344853819778,0.0663009410884168,0.0662369982033444,0.0665180135785729
"gene_190",0.0658833710570657,0.0637851364014085,0.0669882338067354,0.0684191431211423,0.0682726037892313,0.0659275922017468,0.0658962758126361,0.0660946135752175,0.0674465961564164,0.0676325231267329,0.0665239718906067,0.0673585366768055,0.0659047583336437,0.0666334243675629,0.0672331858334932,0.068651023583286,0.0665191993086195,0.0660347231148988,0.0670411196019947,0.0663768006249262,0.0669809549130743,0.066998600951551,0.0675476048800494,0.0658822037999912,0.0656492287361586,0.0676845491770731,0.0668179469535909,0.0658216025009887,0.0656760793716049,0.0663183462676001
"gene_191",0.0664396179025431,0.0658012285245032,0.0667643847866898,0.0671738782714878,0.0671325041152932,0.0664527638804227,0.0664434554892909,0.0665023036835215,0.0668969003811635,0.0669502892831126,0.0666288473456507,0.066871541123812,0.066445977424794,0.0666609214599515,0.0668353614765456,0.0677676225882795,0.0665863617924454,0.0663132630919825,0.0668786218020301,0.0665062730591504,0.0668450336257043,0.0668548876435332,0.0671603281405584,0.0662269254386852,0.066094706445499,0.0672361756194231,0.0667538974075,0.0661925720094995,0.0661099656611837,0.0664733532001896
"gene_192",0.0664810280282856,0.0659571376274858,0.0667468461761784,0.0670813419260175,0.0670475792303719,0.0664917970166951,0.0664841718017867,0.0665323723417403,0.0668551735720267,0.0668987952375163,0.0666359675137855,0.0668344492187078,0.0664862377502447,0.0666622136808605,0.0668048771553223,0.0675636420964009,0.0666015335883449,0.066378211211582,0.0668401536650408,0.0665360769848041,0.0668127495825197,0.0668207898501071,0.0670697946652051,0.0663075400503862,0.0661992478784043,0.0671315632417352,0.0667383674419638,0.0662794109191186,0.0662117497559545,0.0665091631885123
"gene_193",0.0658599443925463,0.0637032736122097,0.0669971890955269,0.0684716918311707,0.0683206021365034,0.0659054402199026,0.0658732209459886,0.0660772920888778,0.0674693121702192,0.0676608756210435,0.0665191847442623,0.0673785941317704,0.0658819479388657,0.0666318593715008,0.0672494710945031,0.0709792169938565,0.06633183042475,0.0653213487728312,0.0674388266467273,0.0660331375924836,0.0673102274117539,0.0673479180615818,0.068531816427144,0.065006577528164,0.0645288053466963,0.0688305722085803,0.0669631077236166,0.0648819469016243,0.0645836826030543,0.0659109338449527
"gene_194",0.0655614062383441,0.0626799207471189,0.0671082233825327,0.0691426339222858,0.0689326519550548,0.0656229199237688,0.0655793539662786,0.0658555509786312,0.0677560445625156,0.0680198547086339,0.0664557308818117,0.067631306142888,0.0655911528435349,0.0666092290225672,0.0674539740965773,0.0716386793815185,0.0662763044963477,0.0651245757613285,0.0675438214236617,0.0659353369033472,0.0673962628430704,0.0674395017059899,0.0688012741474348,0.0647668288848149,0.0642247522261153,0.0691460224075832,0.0669983770886069,0.0646253164434594,0.0642869589003952,0.0657959640106927
"gene_195",0.0658153176969169,0.0635479942192156,0.0670141358099857,0.0685717999596518,0.0684120157173677,0.0658632339540915,0.0658293002095736,0.0660442607245577,0.0675124769452624,0.0677147882886804,0.0665099791658138,0.0674166912158573,0.0658384914115942,0.0666287828429429,0.0672803796540484,0.0726192500243052,0.0661919311560549,0.0648361457005199,0.067693989264138,0.0657896580588745,0.0675185857905717,0.0675699691947549,0.0691945489209941,0.064416757623991,0.0637828439850836,0.0696077769430547,0.0670463288483514,0.0642510889563528,0.0638554939705078,0.0656254432091932
"gene_196",0.0656067910629978,0.0628331585714022,0.0670917148132076,0.0690404874233661,0.0688395667796231,0.0656658965909518,0.065624036623348,0.0658893806472231,0.0677127875007365,0.0679655652631742,0.0664656704403545,0.0675932374271472,0.0656353736894251,0.0666129912474784,0.0674232501838354,0.0714832531561262,0.0662894802680409,0.0651707457683082,0.0675193682425299,0.0659583994437505,0.0673762611958971,0.0674181975680151,0.0687381286781027,0.0648230151410226,0.0642959055758174,0.0690720322415592,0.066990285689674,0.0646854343667097,0.0643564075422939,0.0658230390578375
"gene_197",0.0662514620856458,0.0651032829183051,0.0668425265749766,0.0675945879543905,0.0675182543460173,0.0662752955209336,0.0662584187681992,0.0663651797023951,0.0670850656019868,0.0671830066174622,0.0665952772007086,0.0670385898200845,0.0662629908285558,0.0666537125463855,0.0669723340383412,0.0676031474647412,0.0665986053473351,0.0663656138653475,0.0668476319822376,0.0665303076536121,0.0668190288236008,0.0668274207900339,0.0670873612600137,0.0662918970346291,0.0661789510631079,0.0671518556457151,0.0667413972251809,0.0662625575330826,0.0661919893868403,0.0665022273799623
"gene_198",0.0664218867184458,0.0657347266847339,0.066771857449948,0.0672135082718315,0.0671688658488219,0.066436047754145,0.0664260205769896,0.0664894166414058,0.066914733241604,0.0669723086272195,0.0666257692549392,0.0668873879543445,0.0664287372326993,0.066660335968697,0.0668483776711994,0.0677502233904927,0.0665876611016989,0.0663187939086629,0.0668753546592653,0.0665088168574091,0.0668422932860582,0.0668519928055132,0.0671526222147858,0.0662337868600542,0.0661035989216427,0.0672272683389355,0.0667525838477669,0.0661999619184465,0.0661186241471654,0.0664764076793283
"gene_199",0.0666381587286217,0.0665565636356981,0.0666791449998588,0.0667303297577118,0.0667251829900711,0.0666398245759392,0.0666386450839226,0.0666460970480885,0.0666957687914374,0.0667024500494342,0.0666620823426425,0.0666925919852454,0.0666389646738682,0.066666125594449,0.0666880560380818,0.0668394705843501,0.0666543236445576,0.0666107299753896,0.0667006440234192,0.0666415705953958,0.0666953379601421,0.0666968951052491,0.0667449703787082,0.0665968853784767,0.0665756246226912,0.0667568514796029,0.0666809181601911,0.0665913682250901,0.0665780819447981,0.0666363210588902
"gene_200",0.0660637379844593,0.0644234632206523,0.0669179992610567,0.0680148134226585,0.0679029796203875,0.066098053411161,0.0660737530975285,0.0662275674597167,0.0672705070027581,0.0674131816901619,0.0665598268503831,0.067202869651611,0.0660803357231547,0.0666443706150109,0.0671065191246906,0.0697373404968815,0.0664335466322902,0.0656981922665859,0.067232060609129,0.0662168255349898,0.0671396743282444,0.0671667616797285,0.0680133081888596,0.0654678526539178,0.0651170705782323,0.0682256270819683,0.0668898088350384,0.0653764838858853,0.0651574331929716,0.066128002951654
"gene_201",0.066269535106659,0.0651695907781823,0.0668351303484135,0.0675541584636583,0.0674812096741384,0.0662923499411892,0.0662761945452717,0.0663783862767413,0.0670670927975163,0.0671607421471897,0.0665985878319377,0.0670226493706292,0.0662805712186791,0.0666544995470871,0.0669592862781775,0.0700724992151355,0.0664064798433954,0.0655956718402963,0.0672890517415898,0.066167326745954,0.0671868267847061,0.067216795726226,0.0681546872573154,0.0653420820088232,0.0649562441113851,0.0683903082940419,0.0669105005791213,0.065241541319035,0.0650006188116914,0.0660693574754048
"gene_202",0.0662423628819435,0.0650699585827912,0.0668462407283368,0.067614942578863,0.0675369027630668,0.0662667084812361,0.0662494690196432,0.0663585276191048,0.0670941050557144,0.0671942076353276,0.0665936030252825,0.0670466057898874,0.0662541393222564,0.0666533081781286,0.0669788934233787,0.0685734565531979,0.066525189079887,0.0660590040291885,0.0670271150801794,0.0663881934382022,0.0669692705478281,0.0669862365077358,0.0675139105647588,0.065912189423749,0.0656878788195478,0.0676454826192081,0.0668125286998651,0.0658538476816788,0.0657137339206308,0.0663319505464696
"gene_203",0.0657918354174669,0.0634665513860656,0.0670230407070742,0.0686245895622781,0.0684602097623977,0.0658410230451764,0.0658061887316839,0.0660268704081021,0.0675351999818219,0.067743180612743,0.0665051168688099,0.0674367420844188,0.0658156237640316,0.0666271455479879,0.0672966410807136,0.0700362366111505,0.0664094215325422,0.0656067336230422,0.0672829278125587,0.0661726842618403,0.0671817649956098,0.0672114228817159,0.0681394420949736,0.065355642469648,0.0649735688573405,0.0683725410308372,0.0669082940100597,0.065256087023841,0.065017512933303,0.0660756996237293
"gene_204",0.0664291872809062,0.0657620875995335,0.0667687842829032,0.0671971927042101,0.0671538964918472,0.0664429306154994,0.0664331992229828,0.0664947237484426,0.066907394552389,0.0669632460509619,0.0666270392685135,0.06688086701747,0.066435835750567,0.0666605799854199,0.0668430222060217,0.0675432274904389,0.0666030447391265,0.0663847243380773,0.0668362838104073,0.066539057644802,0.0668094996147095,0.0668173580609332,0.0670607107948402,0.0663156292092406,0.0662097456526203,0.0671210709711267,0.0667367975166628,0.0662881264658572,0.0662219698611363,0.066512747245911
"gene_205",0.0663150385428894,0.0653372192980013,0.0668164061634855,0.0674523862768422,0.067387934228514,0.0663352813486078,0.0663209473933583,0.0664116041788348,0.0670217475002335,0.0671046031214103,0.0666068427452965,0.0669824172101614,0.0663248306967768,0.0666563926812213,0.0669263336044115,0.0681232664744997,0.0665596042719988,0.0662005954964376,0.0669448369335097,0.0664542249634095,0.0669005092573949,0.0669135125332216,0.0673171754436154,0.0660872919278395,0.0659139568728858,0.0674175960810884,0.0667803045328191,0.0660422347018676,0.0659339501308522,0.0664109328851656
"gene_206",0.0661092890335641,0.0645869451616373,0.0668999108527437,0.0679127952378064,0.0678096332053738,0.0661410773467071,0.0661185668504368,0.0662610314208588,0.0672257161397233,0.0673575099474446,0.0665686057392419,0.0671632223050851,0.0661246647602144,0.0666468317238305,0.0670741824148781,0.0695751158392438,0.0664465420537328,0.0657480347778592,0.0672041545414869,0.0662407621037167,0.0671165478014097,0.0671422350899153,0.0679444902307956,0.0655290752299322,0.0651954753434628,0.0681455378015801,0.0668795469058527,0.0654421991943912,0.0652338700212164,0.066156404000993
"gene_207",0.0655938999564037,0.0627895469695016,0.0670964187243442,0.069069498831718,0.0688660081881799,0.0656536905231618,0.0656113452633692,0.0658797762511935,0.0677250882564307,0.0679809981067215,0.0664628585961173,0.0676040649693369,0.0656228136998052,0.0666119351957376,0.0674319919238263,0.0715806668758329,0.0662812286825967,0.0651417938308121,0.0675347153051645,0.0659439458051773,0.0673888170305865,0.0674315701123571,0.068777731251729,0.0647877774730898,0.0642512738186177,0.0691184314160646,0.0669953728217139,0.0646477291582429,0.0643128458324198,0.0658060681379845
"gene_208",0.0662061365473441,0.064937662208204,0.0668609731803269,0.0676959985706201,0.0676111509878029,0.0662325171367825,0.0662138365013917,0.0663320258995534,0.067130044891179,0.0672387603837576,0.0665868941250297,0.0670784684293736,0.0662188971482575,0.0666516505692198,0.067004954604884,0.0677850461828763,0.0665850597842726,0.0663077263320818,0.0668818909580705,0.066503725495151,0.0668477753713514,0.066857784063939,0.0671680418503264,0.0662200572791642,0.0660858062271209,0.0672450924456447,0.0667552108116833,0.066185175076747,0.0661012995357143,0.0664702945446397
"gene_209",0.066435926843851,0.0657873701759941,0.0667659433248935,0.0671821301825677,0.0671400759842363,0.0664492843046611,0.0664398261580855,0.0664996218346472,0.0669006158886877,0.0669548762577612,0.0666282086978267,0.0668748431852512,0.0664423886628169,0.0666608019435999,0.0668380742308157,0.0677112929504065,0.0665905647821812,0.0663311751779029,0.0668680349394441,0.0665145074945243,0.0668361527458089,0.0668455064347489,0.0671353692279186,0.0662491491894371,0.0661235123444579,0.0672073276404863,0.0667496372679349,0.0662165083698735,0.066138013208777,0.0664832420530659
"gene_210",0.0664930924528248,0.0660027225194289,0.0667417115934236,0.0670543822720628,0.0670228317356864,0.0665031671618301,0.0664960335682559,0.0665411246907701,0.0668429931341278,0.0668837715271396,0.0666380226378018,0.0668236183885239,0.0664979663290333,0.0666625689433291,0.0667959707605106,0.0672607852214178,0.0666238167633452,0.0664750826550294,0.0667823704567901,0.0665802568774431,0.0667641808400176,0.0667695181328566,0.0669345993970724,0.066427945519753,0.066355650307798,0.0669754859134709,0.0667147840111058,0.0664091742618498,0.066364000515927,0.0665623380316067
"gene_211",0.0657786085479714,0.0634208077465118,0.0670280243595629,0.068654291802919,0.0684873212495157,0.0658285105039395,0.0657931701950125,0.0660170667509771,0.06754796162351,0.0677591348088478,0.0665023561456491,0.0674479992272756,0.0658027422241478,0.066626198517777,0.0673057649839905,0.0704692570145759,0.0663740657578135,0.0654750934418834,0.0673553736352036,0.0661086552622091,0.0672415643115346,0.0672749253751569,0.0683206655165728,0.0651944275280983,0.064767847678768,0.0685838967407002,0.0669341186220103,0.0650832176005543,0.0648168801758973,0.0659999907370589
"gene_212",0.0659972117785574,0.0641863719025251,0.0669441576158548,0.0681638651907685,0.0680392999035265,0.0660351992959924,0.0660082981672782,0.0661786110632763,0.0673356841585567,0.0674942800347778,0.0665468022230803,0.0672605250115467,0.0660155851072622,0.0666405528004297,0.0671534883304462,0.0703344338262127,0.066385123607611,0.0655159708188414,0.0673329735455621,0.0661285996966217,0.0672230930828812,0.0672553037926695,0.0682644309372917,0.0652444518063878,0.0648316255587136,0.0685182770256567,0.0669261972507161,0.0651368447430834,0.0648790862946846,0.0660235535272778
"gene_213",0.0666308148480213,0.066528267426415,0.0666823501311426,0.0667467316929348,0.0667402567992601,0.0666329091316828,0.0666314262854024,0.0666407950516502,0.0667032571910904,0.0667116606912391,0.0666608939195067,0.0666992616449106,0.066631828069545,0.0666659780341035,0.0666935568441136,0.0668358545820956,0.0666545829944312,0.0666118987360314,0.0666999358031003,0.0666420961082029,0.0666947406430652,0.0666962652437165,0.0667433350084048,0.0665983427083891,0.0665775248713499,0.0667549673940529,0.0666806221474172,0.0665929405187928,0.0665799310149977,0.0666369561033377
"gene_214",0.0665925268358413,0.0663811953939304,0.0666989934798118,0.0668322462016729,0.0668188324627556,0.0665968499921001,0.0665937889746415,0.0666131312180212,0.0667422354227952,0.0667596244864764,0.0666546458039893,0.0667339692222486,0.0665946183573173,0.0666651513682354,0.0667221686563577,0.0669330266479796,0.0666475995049218,0.0665805187910638,0.0667189278921451,0.0666279705731685,0.0667107544138248,0.066713152972757,0.0667872358125208,0.0665592250131785,0.0665265340460357,0.0668055531949094,0.0666885456508544,0.06655074064639,0.0665303118994252,0.0666198918948186
"gene_215",0.0660939735295624,0.064531874338438,0.0669060084125033,0.0679470921439384,0.0678410186053962,0.0661266126767631,0.0661034995854508,0.0662497850273335,0.0672407903467867,0.0673762406751204,0.0665656664667767,0.0671765677642604,0.0661097606913543,0.0666460178747785,0.067085070453896,0.0683708900827959,0.0665407483747054,0.0661225725513897,0.0669903045583298,0.0664179241431558,0.0669385312825763,0.0669537174945739,0.0674256370218438,0.0659907512450255,0.0657892313129905,0.0675431861705593,0.0667981938012168,0.065938350803363,0.0658124666583467,0.0663674840396684
"gene_216",0.0660225670384988,0.0642765019735407,0.0669342244393455,0.0681070496255955,0.0679873460029341,0.066059157629064,0.0660332459055614,0.066197281577065,0.0673108769665096,0.067463400645511,0.0665517949285755,0.067238585958105,0.0660402649142879,0.0666420393511515,0.0671356233461349,0.0695949293471829,0.0664449578249604,0.0657419385547924,0.0672075735995143,0.0662378385797447,0.0671193824757332,0.0671452409542472,0.0679529085834155,0.0655215845791857,0.0651858784786189,0.0681553325700816,0.0668808082955635,0.0654341579167189,0.0652245144400762,0.0661529338713446
"gene_217",0.0658967306283911,0.0638319447142335,0.0669830997963636,0.068389156288745,0.0682452088793269,0.0659402232477808,0.065909422883913,0.0661044842364389,0.0674336117988226,0.0676163246429632,0.0665266828076338,0.0673470686121633,0.065917765679803,0.066634295450975,0.0672238695333872,0.0701183040357335,0.0664027547527636,0.0655817039810492,0.0672967688656161,0.0661605536996107,0.0671932029636802,0.0672235646009461,0.0681739237170197,0.0653249634756965,0.0649343801304584,0.0684127311432503,0.0669132725306912,0.0652231806119702,0.0649792976314118,0.0660613423026786
"gene_218",0.0655168973275562,0.0625304382896239,0.0671242825958017,0.0692428563959868,0.0690239502735505,0.0655807633332291,0.0655355309055969,0.0658223325082406,0.0677983481822833,0.0680729944785739,0.0664458806387537,0.0676685160433167,0.0655477808785298,0.0666054266603206,0.0674839757309929,0.0726836076945678,0.0661863353802667,0.0648174032532575,0.0677036127354883,0.0657801031129938,0.0675263965494455,0.0675783100051734,0.0692200635750338,0.0643940618937533,0.0637542744592525,0.0696377884185177,0.0670493056927254,0.0642268463416061,0.0638275914058286,0.0656142862364496
"gene_219",0.0650910397019559,0.0611385250970818,0.0672715866085248,0.0702045838535156,0.0698983585181522,0.0651769570383108,0.0651161008670781,0.0655024706036689,0.0681974107304108,0.0685765939636185,0.0663466423875323,0.0680185572900309,0.0651325791717016,0.0665635572577587,0.0677647752370195,0.0735369333269389,0.0661111730040629,0.064570656660983,0.0678283100113588,0.0656531615589892,0.0676272226351871,0.0676861143859368,0.0695547707652555,0.064095919608286,0.0633799458311616,0.0700321593986816,0.0670865621688557,0.063908619357468,0.0634619027930367,0.0654664185764183
"gene_220",0.0658885902803593,0.0638034153671977,0.0669862287753006,0.0684074259112115,0.0682618996663552,0.0659325268840801,0.0659014120399472,0.0660984700953642,0.0674415237629658,0.0676261947561754,0.0665250316697172,0.0673540567771252,0.0659098399884396,0.0666337654105854,0.0672295467116947,0.0675766519042927,0.0666005678782188,0.066374059324045,0.0668426164446226,0.0665341751393401,0.0668148173572608,0.0668229734839837,0.0670755803956443,0.0663023844197047,0.0661925584019347,0.0671382467052693,0.066739364718624,0.0662738563765728,0.0662052370942491,0.0665068769747741
"gene_221",0.0665854888792243,0.066354241554188,0.0667020415935733,0.0668479676911919,0.0668332756970295,0.0665902209004293,0.066586870379502,0.0666080424545982,0.0667493901216311,0.0667684322254047,0.0666534883719114,0.0667403384493551,0.0665877782002617,0.0666649896385134,0.066727416937674,0.0670565773133625,0.0666386758420314,0.0665407007721048,0.0667429547526939,0.066609997290886,0.066731000266026,0.066734508245457,0.0668429145130739,0.0665096190564616,0.0664619191182306,0.0668697357144282,0.06669852467997,0.0664972373012884,0.0664674303448992,0.0665981963249804
"gene_222",0.0665645758696592,0.0662743006266669,0.0667110760051584,0.0668946826590535,0.0668761875824148,0.0665705211864311,0.0665663115657376,0.0665929141547486,0.0667706280529045,0.066794584168375,0.066650031358476,0.0667592417374788,0.0665674521480947,0.0666644895217955,0.0667429888364073,0.0671079588625783,0.0666349499889521,0.066524167682646,0.0667529070602443,0.0666025181793777,0.0667393820607834,0.0667433508327834,0.0668660238588642,0.0664890318997601,0.0664351186852447,0.0668963829244533,0.0667026432255525,0.0664750363563353,0.0664413472742612,0.0665891738432668
"gene_223",0.065902223532755,0.0638512066284114,0.0669809887175671,0.0683768357060599,0.0682339525788195,0.0659454164905304,0.0659148283804286,0.0661085421469036,0.0674282746944916,0.067609667024301,0.0665277965838938,0.067342354532585,0.0659231137034963,0.0666346528212883,0.067220039652112,0.0676871306136423,0.066592361296374,0.0663388599844301,0.0668634828514064,0.0665180352214163,0.0668323327530361,0.0668414717283082,0.0671246517025746,0.0662586866550707,0.0661358787367801,0.0671949423935308,0.0667478004593513,0.0662267818155883,0.066150053629312,0.066487480319128
"gene_224",0.0662067929938117,0.0649400524875163,0.0668607078891388,0.0676945315735846,0.0676098074445023,0.0662331368013446,0.0662144822150193,0.0663325065559104,0.0671293955959775,0.0672379550664368,0.0665870168325039,0.0670778929786767,0.066219535806565,0.0666516818915201,0.0670044842127933,0.0686758393499045,0.0665172799031426,0.066026962789166,0.0670455898558835,0.0663731554158272,0.0669846834474216,0.0670025468899444,0.0675583723499788,0.0658726226722499,0.0656368829434903,0.0676970356299514,0.066819672641676,0.0658113002962767,0.0656640511847834,0.066313994794666
"gene_225",0.0662466772441903,0.0650857558290311,0.0668444796434736,0.0676052896081348,0.067528059068386,0.0662707800249602,0.0662537125249541,0.0663616817760569,0.0670898186218857,0.0671888960910972,0.0665943969642981,0.0670428047259594,0.0662583362506557,0.0666535000227838,0.0669757831067907,0.068732000243441,0.0665129281834325,0.0660094113707214,0.0670556866101683,0.0663649028124526,0.0669931025451398,0.067011457710056,0.0675827172419463,0.0658509580643736,0.0656089744154407,0.0677252713839641,0.0668235622072251,0.0657880069861661,0.0656368598712062,0.0663041459950488
"gene_226",0.065757638974943,0.0633484832342102,0.067035875363713,0.0687013271040327,0.0685302463253399,0.0658086706673549,0.0657725301012883,0.0660015117042688,0.06756813468556,0.0677843676656379,0.0664979456143258,0.0674657882665664,0.0657823187944838,0.0666246589157454,0.0673201741618417,0.0699204683141154,0.0664187828399496,0.0656420871738994,0.0672633020416725,0.0661897757180196,0.067165533698353,0.0671941974422311,0.0680906839376467,0.0653989998151886,0.0650289890818029,0.0683157331027011,0.0669011898665115,0.0653026010500933,0.065071552883854,0.0660959423909579
"gene_227",0.0665444698707037,0.0661976552731519,0.0667197304657802,0.0669395961040447,0.0669174377988772,0.0665515794078343,0.0665465454275,0.0665783596354028,0.0667910168765946,0.0668197004584982,0.0666466833247118,0.0667773850223027,0.0665479093549519,0.0666639818515626,0.0667579284100996,0.0668031524381223,0.0666569257314624,0.0666224712138781,0.0666935249617734,0.0666468472610653,0.0666893330105896,0.0666905632170424,0.0667285386602845,0.0666115270753171,0.0665947186139706,0.0667379219654004,0.066677940223359,0.0666071655058403,0.0665966614540577,0.0666426984261079
"gene_228",0.0645178360380897,0.059366417281874,0.0674525065220286,0.0715089151912831,0.0710793970590646,0.0646321931307544,0.0645511821005454,0.0650663951861659,0.0687192074086154,0.0692416272231322,0.0661994057100678,0.068473526314624,0.0645731127094606,0.0664921762649042,0.0681257241992365,0.0729406247736793,0.0661638414672231,0.0647426894035362,0.0677417025562495,0.0657418715829301,0.0675572633380092,0.0676112886706647,0.069321553232823,0.064303666805611,0.0636405993282968,0.0697572437301412,0.0670609202929071,0.0641303181287794,0.0637165585185937,0.0655696894389258
"gene_229",0.0654072169356305,0.0621654065456785,0.0671633043207749,0.069490028502431,0.0692489711778804,0.0654768402579362,0.0654275289827419,0.065740298969093,0.0679020925925224,0.0682035119007495,0.0664211753624665,0.0677596852509854,0.0654408829828998,0.0665955814615898,0.0675573603277702,0.0756565948914379,0.0659186506643171,0.0639732259130317,0.0681166748677598,0.0653376597511479,0.0678576412737837,0.0679334584223933,0.0703587063608033,0.0633786864842334,0.0624864183784535,0.0709844265819277,0.0671633364533196,0.063144759285658,0.062588289537159,0.0651014076658134
"gene_230",0.0665380413133571,0.0661731908171552,0.066722492035647,0.066953958761898,0.0669306276537896,0.0665455226621623,0.06654022540812,0.066573704183119,0.0667975310532223,0.0668277269521988,0.0666456083395201,0.0667831809493939,0.0665416606638919,0.0666638146139874,0.0667626997203382,0.0673300696274485,0.0666187450248841,0.0664528748759977,0.0667956603899929,0.066570157628811,0.0667753593395658,0.0667813160474958,0.0669656101821678,0.0664003248070314,0.0663197443574308,0.0670112715683327,0.0667202350384807,0.0663794003672865,0.0663290504911943,0.0665501727920493
"gene_231",0.0653362197331513,0.0619315622634353,0.0671881705250589,0.0696502383200059,0.0693947166389672,0.065409541123354,0.0653576097879037,0.0656870701382865,0.0679689027036019,0.0682877099658578,0.0664048712085552,0.0678183358227881,0.0653716729082659,0.0665888659792493,0.0676044794681331,0.0723695653192381,0.0662136207030919,0.0649091322561032,0.0676564212567347,0.0658267849053556,0.0674880689251548,0.0675373903324618,0.0690952423958378,0.0645051903958979,0.0638942453751559,0.0694910237595884,0.0670346239871618,0.0643455684146955,0.0639642861680123,0.0656688192157557
"gene_232",0.0660389403014004,0.0643348566742957,0.0669277857644682,0.0680703646716962,0.0679537944519456,0.0660746270913788,0.0660493554985504,0.066209330442623,0.0672948349610453,0.0674434401343347,0.066555000084033,0.0672243952143193,0.0660562011564981,0.0666429784908237,0.0671240626807062,0.0697098399300754,0.0664357541371338,0.0657066310264032,0.0672273444393978,0.0662208839231311,0.0671357675843489,0.0671626178418351,0.0680016596841868,0.065478214709872,0.0651303354279842,0.0682120675199292,0.0668880802686356,0.0653876050809375,0.0651703656428043,0.0661328164357055
"gene_233",0.0650032475115998,0.0608598356726591,0.0673005664005022,0.070403574428739,0.0700789018389378,0.065093611187857,0.0650296043178281,0.0654360854692096,0.068278447947473,0.0686793795481907,0.0663250907099287,0.0680894225135518,0.0650469351241755,0.0665537237657785,0.0678213018923092,0.0717146617295939,0.0662698352591765,0.0651020408645437,0.067555704039078,0.0659240509768261,0.0674059728366014,0.0674498473517314,0.0688320582597623,0.0647394218185711,0.0641900692263399,0.0691821096756031,0.067002276218241,0.0645959975596929,0.0642531043348349,0.0657827238759258
"gene_234",0.0654155527428012,0.0621930025340876,0.06716035571833,0.0694712080260291,0.0692318437925293,0.0654847400574376,0.0654357376852867,0.0657465403813143,0.0678942179703137,0.0681935971225555,0.0664230685395377,0.0677527683884395,0.0654490080778858,0.0665963463800788,0.0675517974415745,0.0718401429840393,0.066259137054782,0.0650649075221978,0.0675752448537307,0.0659054234828484,0.0674219314776061,0.0674668539809254,0.0688827882356592,0.0646942786862525,0.0641329708906684,0.0692415981251396,0.0670086569866029,0.064547712346903,0.0641973668239448,0.0657608802358076
"gene_235",0.066117258849164,0.0646156439108866,0.0668967317865584,0.0678949503396379,0.0677933016745546,0.0661486039581902,0.0661264073551518,0.0662668817737964,0.0672178665392706,0.0673477584018147,0.0665701304342595,0.0671562720233167,0.0661324202547943,0.0666472499406145,0.0670685106366977,0.0691560958457421,0.0664797811878294,0.0658774447383891,0.0671310930114769,0.0663025165975647,0.0670558840756098,0.0670779390474178,0.0677655586483065,0.0656882675917367,0.065399708300138,0.0679375168516189,0.0668522843240538,0.0656131599930621,0.0654329397825881,0.0662298039230114
"gene_236",0.0660958282436004,0.0645385395203185,0.0669052699352204,0.0679429364305416,0.0678372158255025,0.0661283643803492,0.0661053242454441,0.0662511470729009,0.0672389643342753,0.0673739715970969,0.066566022558904,0.0671749512119626,0.066111565593249,0.0666461165523904,0.0670837516338247,0.0698261909521923,0.0664263993399179,0.0656709541388825,0.0672472554771056,0.0662037089170498,0.0671522562401807,0.0671801089418252,0.0680508923657757,0.0654344167548031,0.0650742835340458,0.0682693866815208,0.0668953605503185,0.0653406021198786,0.0651157167651745,0.0661124514670008
"gene_237",0.0655154054203626,0.062525444234499,0.067124816979052,0.0692462126044389,0.0690270069490484,0.0655793500492046,0.0655340619214043,0.0658212180238823,0.0677997617422634,0.0680747712453483,0.0664455477549224,0.067669758911816,0.0655463269714787,0.066605296154873,0.0674849770933825,0.0751621820299752,0.065964254596759,0.0641106525896628,0.0680520619695278,0.0654112505308372,0.0678063731164025,0.0678782941888702,0.0701746299087874,0.0635430981610339,0.0626903799314021,0.0707657452607221,0.0671473685431451,0.063319649980843,0.0627877932657987,0.0651862415528411
"gene_238",0.0655278206362982,0.0625670757124109,0.0671203392456726,0.0692182218968855,0.0690015114686907,0.0655911096478065,0.0655462859873963,0.0658304861219603,0.0677879567526279,0.0680599396064659,0.0664482993875355,0.0676593763960832,0.0655584253130094,0.0666063606778262,0.067476607279885,0.0726384587130665,0.0661902649058359,0.0648305530564576,0.0676968670133947,0.0657868094810074,0.0675209223947823,0.067572464036142,0.0692021697966493,0.0644099840602487,0.0637743156045997,0.0696167397454004,0.0670472222965983,0.064243853279403,0.0638471648594525,0.0656221161885522
"gene_239",0.0657001539098657,0.063150984294567,0.0670573424507655,0.0688305392140602,0.0686481355759417,0.0657542755319833,0.0657159461492776,0.0659588395470685,0.0676234349564798,0.0678535739387626,0.0664857914241848,0.0675145390797297,0.065726327429164,0.0666203727054786,0.067359642626077,0.0721742139989724,0.0662304861100928,0.0649664437045113,0.0676267053700348,0.0658558098096853,0.0674638881933129,0.0675115907220239,0.0690171457711325,0.0645747041497484,0.0639819249447239,0.0693992817830061,0.0670252206437968,0.0644198620260583,0.0640499008538321,0.0657027693729473
"gene_240",0.0666397186754087,0.0665625781619425,0.0666784634564155,0.0667268453218711,0.0667219805765046,0.0666412934703329,0.0666401784477975,0.0666472230611537,0.0666941773698676,0.0667004928185339,0.0666623342521671,0.066691174474497,0.0666404805695905,0.0666661563491625,0.0666868868157246,0.0668812412834112,0.066651325099716,0.0665972350836571,0.0667088170439221,0.0666354996467716,0.0667022302855358,0.0667041632439256,0.0667638520850217,0.0665800605953142,0.066553689566592,0.0667786065087159,0.066684331335281,0.0665732169396618,0.0665567373278056,0.0666289858410094
"gene_241",0.0659867259770146,0.0641491739679631,0.0669482565106158,0.0681873738216774,0.0680607940458886,0.0660252904224009,0.0659979806677124,0.0661708863663801,0.0673459369958013,0.0675070462576216,0.0665447295718665,0.0672695908958971,0.0660053782620015,0.0666399295217805,0.0671608684406349,0.0704913301665599,0.0663722509709465,0.0654684102053316,0.067359027436329,0.0661053890701937,0.0672445756267209,0.067278124798612,0.0683298557678923,0.0651862519970061,0.0647574292443947,0.0685946238045949,0.0669354051477522,0.0650744544107726,0.0648067180012863,0.0659961337076988
"gene_242",0.0664998366404268,0.0660282348036855,0.06673883761734,0.0670393141931359,0.0670089990745402,0.0665095229385559,0.0665026643785773,0.0665460160698147,0.0668361811507297,0.0668753707717796,0.066639168402822,0.0668175606161305,0.0665045226279499,0.0666627641994708,0.0667909885159698,0.0670457557798294,0.0666394594342521,0.0665441847697071,0.0667408556938478,0.0666115721269646,0.0667292321176582,0.0667326430051372,0.0668380439752108,0.0665139581171069,0.0664675688974932,0.0668641201635244,0.0666976549024437,0.0665019167691555,0.0664729287781026,0.0666000965583057
"gene_243",0.0665250646077629,0.0661238729878437,0.066728055839318,0.0669829490092475,0.0669572485145371,0.0665332957632409,0.0665274675808505,0.0665643034027867,0.0668106699403137,0.0668439193553762,0.0666434302540119,0.066794869766,0.0665290466789248,0.0666634680544344,0.0667723201053805,0.0674057871155198,0.0666131843959839,0.06642863636953,0.0668101358845357,0.0665591150413644,0.0667875296815595,0.0667941626029144,0.0669994443235899,0.0663701905337413,0.0662805897256619,0.0670503255244595,0.0667261539576678,0.0663469214110659,0.0662909363586294,0.0665368779669262
"gene_244",0.0665187670096382,0.0660999694515234,0.0667307515231832,0.0669970185455671,0.0669701671472966,0.0665273617226811,0.0665212761086471,0.0665597397675984,0.0668170421396849,0.0668517739071615,0.0666423697429227,0.0668005380878896,0.0665229249510461,0.0666632960426565,0.0667769844699368,0.067500287701045,0.0666062188672222,0.066398431640064,0.0668281320965619,0.0665453257564722,0.0668026523391015,0.0668101281678286,0.0670415900892572,0.0663326563524118,0.0662318473933772,0.067098988241654,0.0667334859592292,0.0663064732043973,0.0662434865349536,0.0665202859061785
"gene_245",0.0662261786233657,0.0650107780341609,0.0668528345361718,0.0676511538100022,0.067570075376412,0.066251434215863,0.0662335503031025,0.066346691666109,0.0671101726913091,0.0672141219220823,0.0665906151228104,0.0670608523029983,0.0662383951579074,0.0666525779030613,0.0669905484453599,0.07033361030717,0.0663851927484389,0.0655162228958725,0.0673328376272359,0.0661287233369569,0.0672229812334469,0.0672551848956786,0.0682640878560129,0.0652447600320801,0.0648320182427252,0.0685178765159688,0.0669261500453517,0.0651371750896491,0.0648794693248839,0.0660236993624855
"gene_246",0.0655551100472072,0.0626587458848987,0.0671104922607347,0.0691567829145866,0.0689455423856022,0.0656169566357287,0.0655731548396397,0.0658508524309509,0.0677620205934126,0.0680273606985478,0.0664543375071306,0.0676365628496889,0.0655850175569385,0.0666086907228188,0.0674582127127456,0.0714462118203135,0.0662926101868845,0.0651817652240166,0.0675135123968884,0.0659638924138309,0.067371467727653,0.0674130932372156,0.0687230457852222,0.0648364317040731,0.0643129059181696,0.0690543653937691,0.0669883354950867,0.0646997921297422,0.0643729995907536,0.065829491319036
"gene_247",0.0651671100365183,0.0613822065448002,0.0672461111654405,0.0700324073461791,0.0697420392447297,0.06524914809203,0.0651910406908189,0.0655598735370557,0.0681268783677663,0.0684872745960907,0.0663650259756333,0.0679568191942151,0.0652067751940386,0.0665717589191598,0.067715441695949,0.0721562335340114,0.0662320352487785,0.0649717296851336,0.0676239570906395,0.0658584818271076,0.0674616502291511,0.0675092034956301,0.06900994073397,0.0645811185543432,0.0639900201872345,0.069390820930595,0.067024345526132,0.0644267185900634,0.0640578049807814,0.0657058963490866
"gene_248",0.0665187484584572,0.0660998989611311,0.0667307595137702,0.0669970601139207,0.0669702053174478,0.0665273442443235,0.0665212578706322,0.0665597263332814,0.0668170609827953,0.0668517971262919,0.0666423666470207,0.0668005548531666,0.0665229069188397,0.0666632955690659,0.0667769982716259,0.0675215392312741,0.0666046485791428,0.066391646254727,0.0668321684341607,0.0665422236879488,0.0668060429901567,0.0668137082128126,0.0670510554907725,0.0663242271007439,0.0662209052205883,0.06710991953402,0.0667351263941172,0.0662973905131102,0.0662328340950871,0.0665165547890151
"gene_249",0.0651368384885302,0.0612849819385895,0.067256293532836,0.0701009061112579,0.0698042412120987,0.0652204233937732,0.0651612199421098,0.0655370444885997,0.0681549869356436,0.0685228536198041,0.0663577450356953,0.0679814299971062,0.0651772510360628,0.0665685333400846,0.0677351179097508,0.0753250643930059,0.0659492724236505,0.0640652474593753,0.0680735203353098,0.0653870021155544,0.0678234235728102,0.0678966316769551,0.0702354998284294,0.063488740367227,0.0626228905241678,0.0708380158376409,0.0671527534634836,0.0632618140917105,0.0627217846068731,0.0651582690657794
"gene_250",0.0660373310404016,0.0643291115179463,0.0669284218182935,0.0680739756771132,0.0679570973716251,0.066073106815702,0.0660477721978813,0.0662081469277606,0.0672964158305965,0.0674454064539957,0.0665546870932245,0.0672257939677273,0.0660546349234418,0.0666428885197526,0.0671252026872899,0.069168359500936,0.0664788153600324,0.0658736437007344,0.0671332517242977,0.0663007109556134,0.0670576788677207,0.0670798404746051,0.067770819843221,0.0656835868758034,0.0653936957026344,0.0679436288962961,0.0668530980269723,0.0656081314542674,0.065427079958231,0.0662276551042309
"gene_251",0.065673111195851,0.0630585519214134,0.0670673621848071,0.0688913417756543,0.0687035907395371,0.0657286808396757,0.0656893256990825,0.0659387404155369,0.0676493763416843,0.0678860660413141,0.0664800123770298,0.0675373965385874,0.0656999846761179,0.0666182887589959,0.0673781308027097,0.0723793263741025,0.0662127754369486,0.0649062732110278,0.067657898490586,0.0658253339431501,0.0674892700058179,0.0675386721754322,0.0690991353180949,0.0645017243474419,0.0638898761501945,0.0694955986163814,0.0670350880416027,0.0643418646626882,0.0639600195764338,0.065667122982521
"gene_252",0.0658520427440519,0.0636757008653287,0.0670002090017763,0.0684894366243056,0.068336808777577,0.065897968213891,0.0658654446127304,0.0660714484480192,0.0674769774757698,0.0676704444300811,0.0665175679493142,0.0673853617559382,0.0658742540064099,0.0666313295018243,0.0672549651698931,0.0705937907455399,0.0663638108342836,0.0654374212319651,0.0673759381969312,0.0660902245618963,0.0672585067962699,0.0672929283059124,0.0683724552301154,0.0651483551674931,0.064709153501755,0.0686443579743031,0.0669413390056055,0.0650338378109627,0.0647596278704329,0.0659782323295381
"gene_253",0.0655834664222676,0.0627543013097496,0.0671002162423123,0.0690929783633035,0.0688874056224315,0.0656438107951979,0.065601073208228,0.0658719999900021,0.0677350343718672,0.0679934799247743,0.0664605755982919,0.0676128185301777,0.065612647847985,0.0666110724752349,0.0674390572012652,0.071429245470524,0.0662940473918475,0.0651868204867519,0.067510830371489,0.0659664131526033,0.0673692726314809,0.0674107556582767,0.0687161355456597,0.0648425865169292,0.0643207048414428,0.0690462713628919,0.0669874436911245,0.0647063787041272,0.0643806111888877,0.0658324519561044
"gene_254",0.0660503455828614,0.0643755763999996,0.0669232895081528,0.0680448126423127,0.0679304222818603,0.06608540200297,0.0660605768762184,0.0662177198750675,0.0672836500050399,0.067429526863769,0.0665572239901796,0.0672144994091417,0.0660673016273083,0.0666436230607885,0.0671159985697027,0.0697574071742951,0.0664319339774757,0.0656920365086618,0.0672354976302647,0.066213863274924,0.0671425209144246,0.0671697812114017,0.068021802977353,0.0654602949611279,0.0651073972529303,0.0682355164646647,0.0668910666725731,0.065368372879763,0.0651480021122084,0.0661244901376124
"gene_255",0.0664468804853749,0.0658285088526699,0.066761318963789,0.0671576504206678,0.0671176131654127,0.0664596102838792,0.0664505965971659,0.0665075803034287,0.0668895921902297,0.0669412673030674,0.066630103823698,0.0668650460438557,0.0664530386959083,0.0666611566271539,0.0668300254191036,0.0671838496942281,0.0666294311607693,0.0664997763210433,0.0667675639954311,0.0665914667461393,0.0667517213953741,0.06675637012954,0.066900107159399,0.0664586702873494,0.0663956105605592,0.0669356930967226,0.0667086926559205,0.066442298690713,0.0664028949554099,0.0665758478064386
"gene_256",0.0663570800637451,0.0654929700340834,0.0667989753798191,0.0673583795798016,0.0673017456877619,0.0663749369889843,0.0663622926119762,0.0664422525664999,0.0669797310423516,0.0670526288240476,0.0666143665783883,0.0669451200464204,0.0663657182448665,0.0666580286157204,0.0668957575898021,0.068782619161243,0.06650899889539,0.0659936079446411,0.0670647651446732,0.0663574634352796,0.0670006701559605,0.067019468158992,0.0676046335637581,0.0658314563812369,0.0655838604115409,0.0677506951838599,0.0668270511635018,0.0657670411502088,0.0656123904263045,0.0662952705580914
"gene_257",0.0660452097489296,0.0643572333936077,0.0669253150849038,0.0680563180423801,0.0679409464024526,0.0660805500984593,0.0660555238760285,0.0662139424039444,0.0672886873429707,0.067435792603228,0.0665562233078998,0.067218956298662,0.0660623030857101,0.0666433336236196,0.0671196307064698,0.0691182024146387,0.066482762655274,0.0658891945567432,0.0671244148893377,0.0663080950029621,0.0670503308339082,0.0670720561911376,0.0677492927239937,0.0657027385989581,0.0654182999243877,0.0679186221031396,0.0668497638798151,0.0656287070371248,0.0654510587163503,0.0662364436044851
"gene_258",0.0665163516247921,0.0660908057786648,0.0667317851502959,0.0670024159943042,0.0669751229345423,0.0665250857406794,0.0665189014166023,0.0665579892741025,0.0668194861170231,0.0668547865910902,0.0666419626755632,0.0668027120338093,0.0665205770017832,0.0666632297403321,0.0667787732771404,0.0673864474792987,0.066614606518471,0.0664348242956664,0.066806443420075,0.0665619361350293,0.0667844257656569,0.0667908860402016,0.0669908080484443,0.0663778823934467,0.0662905821730616,0.0670403558516507,0.0667246459950748,0.0663552113131883,0.0663006634570504,0.0665402737716482
"gene_259",0.0666287451574206,0.066520298261278,0.0666832524925969,0.0667513537851822,0.0667445044526562,0.066630960124156,0.0666293918280447,0.0666393005422052,0.0667053666538914,0.0667142555685358,0.0666605583054504,0.0667011403568426,0.0666298167648215,0.0666659356859252,0.0666951061429202,0.0668444112806379,0.0666539692800883,0.0666091332544443,0.0667016115557879,0.066640852614379,0.0666961539716182,0.0666977555802701,0.0667472046707846,0.0665948944565386,0.0665730286659147,0.0667594256040349,0.0666813225224772,0.0665892202587475,0.0665755558977258,0.0666354534440199
"gene_260",0.0660085761653183,0.064226728059532,0.0669397139946022,0.0681384057973243,0.0680160205529363,0.066045938085902,0.0660194800519204,0.0661869816323364,0.0673245747306102,0.0674804488847237,0.0665490460212821,0.0672507010681154,0.0660266470024434,0.0666412258429789,0.0671454902608418,0.0698545643256895,0.0664241130253469,0.0656622655594844,0.0672520948925796,0.0661995198359719,0.0671562619669255,0.0671843588521612,0.0680628787195822,0.0654237542239237,0.0650606436939739,0.0682833453643371,0.0668971236455376,0.0653291607364392,0.065102417738658,0.066107486385847
"gene_261",0.0659900167699389,0.0641608361602209,0.0669469745241832,0.0681800041498138,0.0680540563080089,0.0660284003560793,0.0660012187004326,0.0661733115696509,0.067342725136202,0.0675030461330097,0.0665453827361444,0.0672667512827368,0.0660085816061153,0.0666401282427039,0.0671585574965782,0.0691530813150584,0.0664800187033714,0.0658783794044812,0.0671305623191076,0.0663029606073838,0.0670554428531873,0.0670774716086262,0.0677642652583874,0.065689418577646,0.0654011868204046,0.0679360143081868,0.0668520843084902,0.0656143965134023,0.0654343807322333,0.0662303323153594
"gene_262",0.0663361559717014,0.0654153479909838,0.0668076660230688,0.0674051630909514,0.0673446420087737,0.0663552014809304,0.0663417154041881,0.0664270038489045,0.0670006565951675,0.0670785085612885,0.0666106341024507,0.0669636974191343,0.0663453690376393,0.0666572277240175,0.0669109904343896,0.070204482516222,0.0663957414010968,0.0655554668313196,0.0673112508085776,0.0661478180645614,0.0672051647274214,0.0672362643696473,0.0682100667418256,0.0652928166538828,0.0648933355801639,0.0684548694912079,0.0669184619086634,0.0651887043323353,0.0649392706349779,0.0660462751200617
"gene_263",0.0654972519460101,0.0624647192429671,0.0671313237978934,0.0692870935556978,0.069064237447291,0.0655621530532738,0.0655161873101619,0.065807656315178,0.0678169743997304,0.0680964077552227,0.0664414973350423,0.067684892758559,0.0655286357782723,0.0666037089630905,0.0674971699246554,0.0714625714413903,0.0662912296746195,0.0651768992438527,0.0675161010759135,0.0659614679947742,0.0673735871641233,0.0674153499797233,0.0687297096337514,0.0648305066242303,0.0643053973513608,0.0690621703533733,0.0669891990430089,0.0646934511924267,0.0643656714332651,0.0658266431092019
"gene_264",0.0655745608188791,0.0627242528535457,0.0671034513266646,0.0691130198720886,0.0689056684233015,0.0656353774662288,0.0655923053091987,0.0658653605926216,0.0677435178601498,0.0680041283750166,0.0664586221263582,0.0676202839258668,0.0656039705166159,0.0666103307812648,0.0674450814080408,0.0737124620268673,0.0660955438746183,0.064520361449334,0.0678533384955566,0.0656270472037336,0.0676473798151616,0.0677076951830737,0.0696228251609295,0.0640352859610646,0.0633040269980518,0.0701124915750992,0.0670937667622166,0.0638439514575086,0.0633877149564404,0.0654360725224583
"gene_265",0.0666488460325638,0.0665977932500509,0.0666744728341238,0.0667064596952263,0.0667032441609143,0.066649887839392,0.0666491501970743,0.0666538104153517,0.0666848635488026,0.0666890391275862,0.0666638057862477,0.0666828780335578,0.0666493500663441,0.0666663336877907,0.0666800429274249,0.0667569015419736,0.0666602333283358,0.0666374350795482,0.0666844419789258,0.0666535653192934,0.0666816696587302,0.0666824832601595,0.0667075934572323,0.0666301917703993,0.0666190656280317,0.0667137964132835,0.0666741345153451,0.0666273048687243,0.0666203517628597,0.0666508202134824
"gene_266",0.0664903290468435,0.0659922735225731,0.0667428892456783,0.0670605587733689,0.0670285016739988,0.0665005628766554,0.0664933166094256,0.0665391203510331,0.0668457848534062,0.0668872145103457,0.0666375529992206,0.0668261009594213,0.0664952798953337,0.0666624887982405,0.0667980124933481,0.0674182201220004,0.0666122697712291,0.0664246597474571,0.0668125081499438,0.0665573015118706,0.0667895236740853,0.0667962675581471,0.0670049945124103,0.0663652477948778,0.0662741692452168,0.0670567329635178,0.0667271222514475,0.0663415945139361,0.0662846863116972,0.0665346951766008
"gene_267",0.0664992567005933,0.0660260401922538,0.0667390848292857,0.0670406097726196,0.0670101884568218,0.0665089764058853,0.0665020941903442,0.066545595486554,0.0668367669642194,0.0668760931823119,0.0666390699479203,0.0668180815831359,0.0665039588484396,0.0666627474844664,0.0667914170076104,0.0674270773286903,0.066611617574923,0.0664218269711236,0.0668141970721376,0.0665560091310432,0.066790943147788,0.0667977660714301,0.0670089473140145,0.0663617270770321,0.066269596340848,0.0670612965129237,0.0667278111333609,0.0663378002586301,0.0662802347558295,0.0665331398231529
"gene_268",0.0662041696698276,0.0649304958004719,0.066861770922847,0.067700401111177,0.0676151831768002,0.066230660575409,0.0662119018137146,0.0663305862555037,0.0671319944885834,0.0672411779985398,0.0665865280837351,0.0670801965194333,0.0662169836208573,0.0666515586286089,0.0670063675596743,0.0685820750608373,0.0665245244870385,0.0660563045892781,0.0670286736635839,0.0663869278744729,0.066970571212103,0.066987612774259,0.0675176573268874,0.0659088551403051,0.0656835801277725,0.0676498262197006,0.0668131327159466,0.0658502619178214,0.0657095460498484,0.0663304389800306
"gene_269",0.0663639669499195,0.065518564552914,0.0667961079732034,0.0673429822086953,0.0672876260852148,0.0663814321641533,0.0663690651766597,0.0664472692397337,0.0669728371424319,0.0670441050600055,0.0666155896034173,0.0669389987789376,0.066372415669037,0.0666582862058921,0.066890736911077,0.0680224558682598,0.0665672280578324,0.0662324590447649,0.0669261774627712,0.0664689892629545,0.0668848885028865,0.0668970007755862,0.0672728442664895,0.0661267545908259,0.0659649975161167,0.0673662960830814,0.0667729051515672,0.0660847124899773,0.0659836582402834,0.066428624532775
"gene_270",0.0661867395508046,0.0648670740903014,0.0668688245003629,0.0677394088229385,0.0676509064467685,0.0662142070374341,0.066194756654041,0.0663178237992758,0.0671492548788503,0.0672625865588178,0.0665832726454313,0.0670954938236477,0.0662000257832527,0.066650730906652,0.0670188722277386,0.0692918846420142,0.0664690616377878,0.0658354013996541,0.0671549251234646,0.0662825158137453,0.0670756902342139,0.0670989248351748,0.0678237301171147,0.0656365110572285,0.0653332505892888,0.0680051112189354,0.0668612391364592,0.0655575636248156,0.0653681680501303,0.0662060111964255
"gene_271",0.065994471071504,0.0641766381460879,0.0669452332524904,0.0681700178448437,0.0680449257235635,0.0660326095761631,0.0660056015065688,0.0661765929441051,0.0673383697142357,0.0674976230500459,0.0665462631174451,0.0672629000678686,0.0660129174058207,0.0666403929329132,0.0671554223852376,0.069639630795888,0.0664413822238684,0.0657281956494304,0.0672152776689065,0.066231244538808,0.0671257687988396,0.0671520132917822,0.0679718887034753,0.065504700416498,0.0651642504587437,0.0681774181568064,0.0668836473341181,0.0654160334688459,0.0652034298143469,0.0661451080320293
"gene_272",0.066265184840186,0.0651536176047059,0.0668369119893891,0.0675638878584936,0.067490124954062,0.0662882449792335,0.0662719158631666,0.0663752079200304,0.0670714197842163,0.0671661017885551,0.0665977921541134,0.0670264873003135,0.0662763395907588,0.0666543114056707,0.0669624280853291,0.0699568653709816,0.066415850912195,0.0656309733782294,0.0672694894815301,0.0661844109552858,0.0671706535108191,0.0671996299391352,0.0681060311189693,0.0653853656585174,0.0650115555410334,0.0683336103574818,0.0669034386503218,0.0652879727471128,0.0650545541323149,0.0660895857332065
"gene_273",0.0651146059397267,0.0612137766009866,0.067263742644234,0.0701512493094508,0.0698499471761248,0.0651993245984276,0.0651393177935855,0.0655202677651606,0.0681756086589935,0.0685489682543611,0.0663523732188812,0.0679994805558444,0.0651555662696736,0.0665661377839377,0.0677495418663469,0.076101905791508,0.0658772440031139,0.0638504343294839,0.0681735396415753,0.0652713988857812,0.0679025755158005,0.0679818749633994,0.0705227467115834,0.0632320674397598,0.0623049552600677,0.0711796327648979,0.0671767533450681,0.0629888989007603,0.0624107490871283,0.0650251739950845
"gene_274",0.0666390279645537,0.0665599145247028,0.0666787654424807,0.0667283885827812,0.0667233989450733,0.0666406430849073,0.0666394995100314,0.0666467245310069,0.0666948823063535,0.0667013597563358,0.0666622228410461,0.0666918023929669,0.0666398093681491,0.066666142881188,0.0666874047769962,0.066810819349265,0.0666563769993411,0.0666199922091594,0.0666950289669988,0.0666457336766501,0.0666906017816002,0.066691901018695,0.0667320087026364,0.0666084353797763,0.066590686336769,0.0667419192552271,0.0666785698380205,0.0666038296938058,0.0665927378702452,0.0666413523708453
"gene_275",0.0665198004903778,0.0661038905385968,0.0667303094900922,0.0669947099472321,0.066968047447944,0.0665283355615706,0.0665222921794183,0.0665604887856967,0.0668159968106528,0.0668504853166213,0.0666425440234489,0.0667996082655579,0.0665239295802281,0.0666633245441294,0.0667762193940746,0.0673558827326579,0.0666168513312918,0.0664446078492775,0.0668006008742488,0.0665663936067548,0.0667795136902228,0.0667857010130881,0.0669771512062761,0.0663900455127045,0.0663063858901318,0.0670245919174386,0.0667222572667764,0.0663683207498589,0.0663160472352187,0.0665456402950921
"gene_276",0.0657688007526812,0.0633869335317753,0.0670317135491636,0.0686763216603482,0.0685074277754382,0.0658192318959126,0.0657835167343136,0.0660097951193971,0.0675574194771996,0.0677709611255778,0.0665003038950306,0.0674563410688182,0.065793190252698,0.0666254906749159,0.0673125245695004,0.0677599110564641,0.0665869376758949,0.0663157140774777,0.0668771740106796,0.0665074004251791,0.0668438193009492,0.0668536048489896,0.0671569131057598,0.0662299660254408,0.0660986469825827,0.0672322281264131,0.0667533153873751,0.0661958467694939,0.0661138025199774,0.0664747068658895
"gene_277",0.0665705208346812,0.0662970022884847,0.0667085113937538,0.0668814033377017,0.0668639900828984,0.0665761214994319,0.0665721559178742,0.0665972158185048,0.06676459423589,0.0667871531447647,0.066651016858453,0.0667538716808099,0.0665732303815364,0.0666646347462695,0.0667385658667361,0.0670496932467234,0.0666391745648155,0.0665429172680124,0.0667416197168744,0.0666109993424113,0.0667298757372572,0.0667333219522057,0.0668398163849841,0.0665123794616975,0.066465513267363,0.0668661636329848,0.0666979716415074,0.066500214239619,0.0664709282239045,0.0665994053680475
"gene_278",0.0657538646111427,0.0633354309380394,0.0670373156441072,0.0687098655309658,0.0685380397599467,0.0658051006099607,0.0657688153210671,0.0659987166037039,0.0675718060682574,0.0677889554756889,0.0664971667002679,0.0674690279108676,0.0657786431965417,0.0666243995202279,0.0673228017850275,0.0723141974371401,0.0662184091119678,0.0649253560669028,0.0676480270234135,0.0658350122964867,0.0674812418370684,0.0675301049166791,0.0690731428278259,0.0645248620956739,0.0639190481473725,0.069465056357629,0.0670319798710373,0.0643665904402317,0.0639885058125362,0.0656784393144257
"gene_279",0.0666337852165521,0.0665397089785302,0.0666810542519249,0.0667400976104834,0.0667341600102806,0.066635706247,0.0666343460727586,0.0666429397010193,0.0667002288363474,0.0667079356950584,0.0666613749861272,0.0666965644603666,0.0666347146188327,0.0666660381428302,0.0666913324380251,0.0668486618226472,0.0666536643963538,0.0666077597461422,0.0667024437954107,0.066640234954783,0.066696855865541,0.0666984957237999,0.0667491266822439,0.0665931818880736,0.0665707957094346,0.0667616399805572,0.0666816703011443,0.0665873726153315,0.0665733830693981,0.0666347070741473
"gene_280",0.0660851787539458,0.0645003030481229,0.0669094999636614,0.0679667825459851,0.0678590355591121,0.0661183058501155,0.0660948471715587,0.0662433240472227,0.0672494361782751,0.0673869866484823,0.0665639713644423,0.0671842208033229,0.0661012018691705,0.0666455424518685,0.0670913123721354,0.0719157906902343,0.0662526754776588,0.0650425664500804,0.0675869729776709,0.0658941965945517,0.0674315034552884,0.0674770567160673,0.0689133043032884,0.0646671304030165,0.0640986512837988,0.0692773948654781,0.0670124657209638,0.0645186788441847,0.0641638632748455,0.065747721056855
"gene_281",0.0658296838714893,0.0635979127911847,0.067008681944289,0.0685395383704815,0.0683825588883989,0.0658768214878626,0.0658434392845274,0.0660548963754804,0.0674985761678438,0.0676974235036235,0.0665129466010756,0.0674044234842847,0.0658524811535249,0.0666297770638597,0.0672704281198274,0.0820094197115794,0.0653031807539158,0.0623045011391577,0.0688177658087287,0.0643968950049171,0.0683963548262081,0.0685194952110074,0.0725491661728341,0.0614082011179304,0.0600802172344081,0.0736181846885946,0.0672764436642573,0.061058064113716,0.060230805498907,0.0640310093322542
"gene_282",0.0666234767228256,0.0665000228635161,0.0666855478792986,0.0667631191890341,0.0667553164080486,0.0666259987793001,0.0666242130474316,0.0666354957470466,0.0667107347753513,0.0667208594470869,0.0666597027751529,0.0667059210603659,0.0666246968982379,0.0666658265435955,0.0666990482908895,0.0668757694788732,0.0666517180961593,0.066599002120051,0.0667077471965438,0.0666362948798051,0.0667013281584568,0.0667032119007815,0.0667613796055694,0.0665822634573617,0.0665565612018168,0.0667757576127843,0.0666838848107641,0.0665755934075199,0.0665595316977895,0.0666299465817717
"gene_283",0.0666015425677814,0.0664157595279573,0.066695083992822,0.0668121085031081,0.0668003309307746,0.0666053415930242,0.0666026516935268,0.0666196483777577,0.0667330659336731,0.0667483380836221,0.0666561246050951,0.0667258057063819,0.0666033805247554,0.0666653543015931,0.0667154408571142,0.066997453749834,0.0666429522870097,0.0665597439062998,0.066731473832903,0.0666185999576687,0.0667213278853545,0.0667243052157226,0.06681628964374,0.0665333390711047,0.0664928093301722,0.0668390408880174,0.066693762607026,0.0665228193684739,0.0664974925636052,0.0666085782741294
"gene_284",0.0654704135764158,0.062375161659298,0.0671409148401089,0.0693475724276992,0.0691193064308373,0.06553672636013,0.0654897605065923,0.0657875959423815,0.0678424013393238,0.0681283819110425,0.066435484394906,0.0677072438054624,0.0655024796810056,0.066601335669331,0.0675151701043696,0.0736319775178155,0.0661027213335785,0.0645434086847738,0.0678418915812245,0.0656390256970812,0.0676381649775172,0.0676978280484078,0.0695916562059407,0.0640630641330704,0.0633387981034105,0.0700756924969054,0.0670904860873502,0.0638735754854453,0.0634216942372613,0.065449988406394
"gene_285",0.0654093772774305,0.0621725668512522,0.0671625341466248,0.0694851352680579,0.0692445178235192,0.0654788873842465,0.065429656320167,0.0657419154614756,0.0679000429236143,0.0682009322785923,0.0664216626697711,0.0677578843630416,0.0654429886104777,0.0665957757554934,0.0675559111307129,0.0705233735288615,0.0663696083835202,0.0654587057302531,0.0673643203211976,0.0661006408860163,0.0672489360362991,0.0672827582156524,0.0683431857614796,0.0651743834179851,0.0647423085202293,0.0686101852922725,0.0669372624887186,0.0650617336874116,0.0647919688168698,0.0659905284441771
"gene_286",0.0652664913671226,0.0617037922739532,0.0672122591907615,0.0698076684208564,0.0695378492749347,0.0653434216549631,0.0652889333488977,0.0656346893644352,0.0680342074157863,0.0683701296616573,0.0663886017201702,0.0678756148569324,0.0653036884725197,0.0665819871858897,0.0676504225851863,0.0730920535802656,0.0661505359229887,0.0646988373847307,0.0677639335563126,0.0657193517484737,0.0675752522413411,0.0676305177369879,0.0693810779255325,0.0642506579227961,0.0635740105338613,0.0698273550432312,0.0670676092688716,0.0640737299595057,0.063651510153472,0.0655434448184372
"gene_287",0.0659936480981847,0.0641737208093392,0.0669455534972433,0.0681718592138464,0.0680466092344844,0.0660318318290463,0.0660047917267139,0.0661759864148079,0.0673391722749341,0.0674986225877069,0.0665460996314476,0.0672636096036925,0.0660121163003211,0.0666403430530998,0.067155999799939,0.0698047073872971,0.0664281291663651,0.0656775359263379,0.0672435870110315,0.0662068805807071,0.0671492192543097,0.0671768869954985,0.0680418115278231,0.0654424948463703,0.0650846188127224,0.0682588125411683,0.0668940223881833,0.0653492706463049,0.0651257936436542,0.0661162111935767
"gene_288",0.0653762017375786,0.0620630614155034,0.0671741791892571,0.069559933259409,0.0693125732520968,0.0654474423284612,0.0653969852386729,0.0657170534019105,0.0679312747529227,0.0682402797657335,0.0664140682044078,0.0677853069868897,0.065410649359253,0.0665926634755471,0.06757794951051,0.0723168105788696,0.0662181714861921,0.0649245760175933,0.0676484144842922,0.0658346115657425,0.0674815549996096,0.0675304398088496,0.0690741799300673,0.064523918464564,0.0639178610457321,0.0694662767570038,0.0670320947037487,0.0643655827395732,0.0639873463823737,0.0656779725254482
"gene_289",0.0659093330272666,0.0638761531373207,0.0669782552828421,0.0683608945952147,0.0682193878811154,0.0659521379905714,0.065921824700557,0.0661137937216453,0.0674213669007713,0.0676010507929635,0.0665292369077959,0.0673362528396935,0.0659300356090528,0.0666351140861039,0.0672150820372037,0.0715538900068116,0.0662834985720229,0.0651497466201401,0.0675305034399678,0.0659479186342434,0.0673853719927279,0.0674279007064885,0.0687668538652628,0.0647974553553448,0.0642635293871497,0.0691056857085853,0.0669939794193557,0.0646580841765043,0.0643248078154722,0.0658107320862499
"gene_290",0.066382270932219,0.0655867033471077,0.0667884691408215,0.0673020587260739,0.0672500948213394,0.0663986938005864,0.0663870649439351,0.0664605969806086,0.0669544974074409,0.0670214350881689,0.0666188264138247,0.0669227120471656,0.0663902154858765,0.0666589556774916,0.0668773749099595,0.0695585251409393,0.0664478666418899,0.0657531396716393,0.0672012883128296,0.066243208699311,0.0671141710009835,0.0671397149142423,0.0679374376579087,0.0655353486209048,0.0652035138717988,0.0681373328291442,0.0668784878268801,0.0654489340236745,0.0652417063278391,0.0661593085450081
"gene_291",0.0665028665446768,0.0660397035891392,0.0667375455118721,0.0670325451429915,0.0670027847779634,0.0665123782716702,0.0665056433251403,0.0665482132565839,0.066833119986569,0.0668715959737328,0.0666396823844799,0.0668148382405059,0.0665074680853235,0.0666628510848841,0.0667887492822003,0.0675836396401246,0.0666000518875154,0.0663718332839802,0.0668439408357362,0.0665331566903423,0.0668159296986322,0.0668241480214102,0.0670786887917448,0.0662996197144784,0.0661889705975481,0.0671418371168366,0.066739902405721,0.0662708775997806,0.0662017441699628,0.0665056522274877
"gene_292",0.0654890733980928,0.0624373951331259,0.0671342531942851,0.0693055257608217,0.0690810222709885,0.0655544051113468,0.0655081343042898,0.065801545149091,0.0678247298105612,0.0681061579943283,0.0664396698631573,0.0676917109064862,0.065520665346678,0.0666029911744081,0.0675026622106058,0.0719832781468629,0.0662468951243343,0.0650226541576932,0.067597396495095,0.0658841739578998,0.0674400053600783,0.0674861207444984,0.0689404815450821,0.0646429426173064,0.064068087777551,0.0693092839976438,0.0670158323992526,0.0644928147093884,0.0641340251443861,0.0657359785510354
"gene_293",0.0660441842293577,0.0643535708472434,0.0669257200035542,0.0680586170434724,0.0679430493137486,0.0660795812845451,0.0660545148997382,0.0662131881784973,0.0672896939481208,0.0674370446354292,0.0665560237086345,0.0672198469374677,0.0660613049857376,0.0666432760949856,0.0671203565740421,0.0695321362677292,0.0664499729344305,0.0657612636762853,0.0671967255048235,0.066247100879913,0.0671103869388797,0.0671357027199022,0.06792621498699,0.0655453330787003,0.0652163090775841,0.0681242772214903,0.0668768005810016,0.0654596532214604,0.0652541795014257,0.0661639296831467
"gene_294",0.0661854842395641,0.0648625108527644,0.0668693322295764,0.0677422195949373,0.0676534803922714,0.0662130220217008,0.0661935218542925,0.0663169044924882,0.0671504979968816,0.067264128615334,0.0665830378651108,0.0670965954851944,0.066198804467129,0.0666506709610985,0.0670197726720075,0.0684276405215836,0.0665364016376239,0.0661047403310755,0.0670006521502119,0.0664095982228587,0.0669471761993497,0.0669628615618792,0.0674504085667749,0.0659687045777328,0.0657607757444898,0.0675718853315661,0.0668022370332427,0.0659146337145327,0.0657847479506289,0.0663575284023138
"gene_295",0.0666262520732122,0.0665107009144223,0.0666843394642868,0.0667569224377091,0.0667496219164573,0.0666286123978924,0.0666269411807506,0.0666375002511656,0.066707907869094,0.0667173816147767,0.0666601539587844,0.0667034035682341,0.0666273940039263,0.0666658846088693,0.0666969724916223,0.0668320322357831,0.0666548570762609,0.0666131342492217,0.0666991870265536,0.0666426515725649,0.0666941091038152,0.0666955993012051,0.0667416061605695,0.0665998833090422,0.0665795337547698,0.0667529756439273,0.066680309125012,0.0665946026654754,0.0665818857885355,0.0666376273638687
"gene_296",0.0656992349906417,0.063147839841288,0.0670576829533745,0.0688326032260551,0.0686500182154355,0.0657534058441026,0.0657150415868399,0.0659581566833773,0.0676243160806425,0.0678546774234976,0.0664855952347178,0.0675153155076778,0.0657254323082085,0.0666203020623142,0.0673602707058122,0.0717655522523831,0.0662655052486901,0.0650869765519691,0.0675636466181799,0.0659165017395294,0.0674124619208001,0.0674567616746107,0.0688526523636341,0.0647211039710242,0.0641668942844153,0.0692062553832524,0.0670048785617231,0.0645764032764572,0.0642304823197264,0.0657738687753166
"gene_297",0.0654328884375827,0.0622504420364302,0.0671542308703686,0.0694321253547783,0.0691962746951108,0.065501168813938,0.0654528089861093,0.0657595198831248,0.0678778594350426,0.068173001513428,0.0664270068161794,0.0677383992256002,0.0654659054660345,0.0665979392895143,0.0675402409236584,0.0739038353384658,0.0660784255840128,0.064465685394906,0.0678803762206147,0.0655985599059624,0.0676691212627853,0.0677309842841664,0.0696967079490838,0.0639694263025513,0.0632216477416366,0.0701997628873195,0.0671014332388666,0.0637737299693068,0.0633072055646222,0.0654029990608253
"gene_298",0.0654669714300974,0.0623637321834642,0.0671421204638124,0.0693552798404908,0.069126322144753,0.0655334642093151,0.0654863708359701,0.0657850181059265,0.0678456291368373,0.068132446063104,0.0664346985021135,0.0677100787432039,0.065499124526536,0.0666010142057484,0.0675174494068904,0.0768367106975255,0.0658082471784059,0.0636498117364728,0.0682646562495166,0.0651621071612418,0.0679741887324372,0.0680591790480057,0.0707898280333707,0.0629930876643429,0.0620100387199729,0.0714981301621021,0.0671969286671172,0.0627350654104248,0.0621221203771709,0.0648997375713674
"gene_299",0.0663247191110798,0.0653730075356744,0.0668124039123423,0.0674307386988026,0.0673680895793398,0.0663444133608985,0.0663304678725848,0.0664186649889519,0.0670120833305374,0.067092644824281,0.0666085841115694,0.0669738401092141,0.0663342459501572,0.066656779172002,0.0669193044889248,0.0681022313970608,0.0665611976581141,0.0662072394568921,0.0669409506635649,0.0664573064459858,0.0668972566870601,0.0669100741561023,0.0673079337526121,0.0660955186238159,0.0659245944542068,0.0674069000617571,0.0667787662360014,0.0660510893037469,0.0659443102731897,0.0664146243590115
"gene_300",0.0661246246111707,0.0646421971712643,0.0668937875661829,0.0678784537913542,0.0677782030799353,0.0661555597366692,0.0661336534977248,0.0662722870356173,0.0672106051859311,0.0673387393426309,0.0665715352249416,0.0671498418518524,0.0661395877589782,0.0666476315957668,0.0670632621758401,0.0685464852218041,0.0665272674724614,0.066067454486343,0.0670222335089263,0.0663921535837616,0.0669651963308462,0.0669819256333257,0.067502180437665,0.0659226282116797,0.0657013384460575,0.0676318848211779,0.0668106353012486,0.0658650741513372,0.0657268464008312,0.0663366810137414
"gene_301",0.0663615039119837,0.0655094072403267,0.0667971344010947,0.0673484901061255,0.0672926770241998,0.0663791092682425,0.0663666430395115,0.0664454752962197,0.0669753038027599,0.0670471546734416,0.0666151528150493,0.0669411890857013,0.0663700204148524,0.0666581947802136,0.0668925335545205,0.0716430734814651,0.0662759324237343,0.065123273759062,0.0675445110850598,0.0659346860723903,0.0673968268372561,0.0674401024678823,0.0688030567858471,0.0647652447774049,0.0642227467526075,0.0691481116030951,0.0669986049380138,0.0646236216276215,0.0642850014083144,0.0657952000717842
"gene_302",0.0658757248504257,0.0637583863439105,0.0669911636249175,0.0684362999318682,0.068288276115258,0.0659203624429665,0.0658887510761435,0.0660889618729244,0.0674540181742878,0.0676417848282158,0.0665224142497852,0.06736509090088,0.0658973134680823,0.0666329190003782,0.0672385086787518,0.0692522507356581,0.0664721955283802,0.0658476622528808,0.0671479844178841,0.0662883546695068,0.0670699237959559,0.0670928143395679,0.067806769535356,0.0656516008170981,0.0653526208066798,0.0679853999053076,0.0668586372647723,0.0655737715432927,0.0653870474426719,0.0662129550372565
"gene_303",0.0663232109201014,0.0653674300245871,0.0668130273199996,0.0674341099291476,0.0673711801031519,0.0663429906418563,0.0663289846256131,0.0664175649785056,0.0670135885731202,0.0670945073381009,0.0666083128314446,0.0669751760522386,0.0663327790987271,0.0666567189536106,0.0669203993415093,0.0684093497434783,0.066537803569067,0.0661104856295772,0.0669973200089303,0.0664122818843012,0.0669443926809659,0.0669599172129866,0.0674424281032596,0.0659758070041173,0.0657699417221511,0.0675626389090314,0.0668009361403572,0.0659222740135667,0.0657936766865439,0.0663607369797291
"gene_304",0.0661889853193379,0.064875237191159,0.0668679171718492,0.0677343833261764,0.0676463043940926,0.066216327077473,0.0661969657362396,0.0663194686068506,0.0671470324864808,0.0672598296104383,0.0665836931957777,0.0670935243855808,0.0662022107490169,0.0666508387810209,0.0670172626140524,0.0702453475235446,0.0663924076676649,0.0655430376554762,0.0673180965130579,0.0661417760886897,0.0672108164664166,0.0672422657340049,0.0682271799274015,0.0652775930296815,0.0648739060466578,0.0684748261385444,0.0669209057938215,0.0651723794138124,0.0649203220033731,0.0660391298701955
"gene_305",0.0660732279336652,0.0644574455029771,0.0669142426498825,0.06799355660071,0.0678835325030965,0.0661070177285138,0.0660830896947399,0.0662345430392334,0.0672611863253515,0.0674015927435944,0.0665616651304532,0.0671946210123955,0.0660895715016573,0.0666448935905684,0.0670997939856673,0.0680145481052194,0.066567824677663,0.0662349607947062,0.0669247100388885,0.0664701469361749,0.0668836596224222,0.0668957019477419,0.067269362498855,0.0661298539080107,0.0659690075743917,0.0673622677852646,0.0667723217768122,0.0660880489475624,0.0659875634615649,0.0664300122550421
"gene_306",0.0654435708731807,0.0622858740598758,0.0671504591235264,0.0694080750570145,0.0691743848364746,0.0655112921643039,0.0654633284324503,0.0657675171651915,0.0678677877702883,0.0681603223548399,0.0664294329746551,0.0677295519949786,0.0654763177027461,0.0665989206601767,0.0675331250338014,0.0703734064363053,0.0663819326733792,0.0655041455906533,0.0673394637942095,0.0661228362296918,0.0672284468538952,0.0672609903291221,0.0682807044988439,0.0652299769257718,0.0648131655238289,0.0685372631401753,0.0669284988674773,0.0651213260419091,0.0648610817472379,0.0660167424576955
"gene_307",0.0665817297025789,0.066339854923022,0.0667036682518718,0.0668563653112907,0.0668409902098955,0.0665866800038323,0.066583174925744,0.0666053239274787,0.0667532103606734,0.06677313557193,0.0666528690173957,0.066743739087453,0.0665841246220243,0.0666649020092975,0.0667302187899394,0.0670431176776339,0.0666396505720429,0.0665450344205886,0.0667403439499438,0.0666119562083127,0.066728801056382,0.0667321882707881,0.0668368565279319,0.0665150162950995,0.0664689467378706,0.0668627510893899,0.0666974428870517,0.0665030579652705,0.0664742697068982,0.0666005599889122
"gene_308",0.0660903651075368,0.0645189185812485,0.0669074405954367,0.0679551684378632,0.0678484086035365,0.0661232044625173,0.0660999495753002,0.0662471341566805,0.0672443368065613,0.0673806485553844,0.066564970900828,0.0671797069970093,0.0661062490823645,0.0666458226820423,0.0670876308561921,0.0683850791723729,0.0665396616079989,0.0661181112824993,0.0669928936142241,0.0664158417646587,0.0669406944719106,0.0669560055311907,0.0674318331001417,0.0659852351713913,0.0657821110018532,0.0675503642375337,0.0667992059540813,0.0659324166229702,0.0658055308059726,0.0663649938717136
"gene_309",0.0664071052562877,0.0656794049139834,0.0667780698570037,0.067246548589238,0.067199177416961,0.0664221112321593,0.0664114857283131,0.066478667900524,0.0669295837387299,0.0669906511000348,0.0666231897248858,0.0669005821679383,0.0664143644692563,0.0666598330604346,0.0668592115374805,0.0678824394675353,0.066577765835866,0.0662768107132966,0.066900117460329,0.0664894817011664,0.0668630562123221,0.0668739287536833,0.0672111038448857,0.0661817191765072,0.0660361433406086,0.0672948809533763,0.0667625156941719,0.0661438896424506,0.066052941025706,0.0664531995036502
"gene_310",0.0663302308755716,0.0653934066742461,0.0668101208012654,0.0674184106867422,0.0673567875413641,0.0663496125247452,0.0663358884077629,0.0664226839291745,0.0670065761839632,0.0670858315865526,0.0666095724301135,0.0669689519004036,0.0663396065210469,0.0666569957056156,0.0669152977011891,0.0684198723245871,0.0665369968333266,0.0661071797558222,0.0669992370616996,0.0664107376661535,0.0669459940872987,0.0669616111522795,0.067447019449735,0.0659717202210795,0.0657646675177555,0.0675679585661176,0.0668016845173211,0.0659178777276607,0.0657885389989012,0.0663588907316706
"gene_311",0.0666372255724217,0.0665529666543531,0.0666795524636559,0.0667324138148925,0.0667270983410977,0.0666389458747447,0.0666377278259361,0.0666454234134322,0.066696720488231,0.066703620557499,0.0666619314970841,0.0666934396574748,0.0666380578629204,0.0666661070219631,0.0666887551983877,0.0668153258642442,0.0666560541911509,0.0666185350210478,0.0666959126231304,0.0666450789060408,0.0666913471765145,0.0666926869868859,0.0667340479768546,0.0666066181482152,0.0665883163995153,0.0667442684588977,0.066678939570336,0.0666018690118397,0.0665904318022582,0.0666405609802395
"gene_312",0.0664225184512025,0.0657370920522769,0.0667715922950321,0.0672120978424456,0.0671675718656818,0.0664366433784247,0.0664266417706315,0.0664898760446953,0.0669140992260329,0.0669715255265489,0.0666258796320805,0.0668868246571485,0.0664293514996159,0.0666603576372995,0.0668479151600749,0.0679699685636458,0.0665711853753553,0.0662490719487456,0.066916428171286,0.0664766731726361,0.066876723053398,0.0668883708942438,0.0672497229698439,0.0661473379283093,0.0659916329099067,0.0673395474724179,0.0667690259443279,0.0661068715803573,0.0660095969223818,0.0664378365623474
"gene_313",0.0660275801807061,0.0642943574004644,0.0669322544086954,0.0680958155901259,0.0679770719434475,0.066063894164584,0.0660381783525778,0.0662009711961728,0.0673059661831805,0.0674572897641145,0.0665527774676549,0.067234242116906,0.0660451443076981,0.0666423281765965,0.0671320849201666,0.0692236073481307,0.0664744570297006,0.0658565277378552,0.067142959907261,0.0662925730665543,0.0670657483294152,0.0670883901000243,0.0677945022730543,0.0656625138633648,0.0653666326444673,0.0679711449370868,0.0668567501641249,0.065585493998707,0.065400703916201,0.0662179729111653
"gene_314",0.0661222086539774,0.0646334854768083,0.066894753442865,0.0678838639861981,0.067783154887289,0.0661532782740161,0.0661312767816421,0.0662705142075715,0.0672129869409449,0.0673416975330791,0.0665710746449291,0.0671519510158166,0.066137236840137,0.0666475066109895,0.0670649837830668,0.0694029810489487,0.0664602540274859,0.0658010792772842,0.0671743122419256,0.0662661436193831,0.0670917894014823,0.0671159873190842,0.0678711902989934,0.0655942862569795,0.0652790732239502,0.0680602836065032,0.0668684796670588,0.0655122159333064,0.0653153609299281,0.0661865495321302
"gene_315",0.0659260826284021,0.0639350124491262,0.0669718017115767,0.0683233414576897,0.0681850738934184,0.0659679725115155,0.0659383073774752,0.0661261617766786,0.0674050798449295,0.067580740350077,0.0665326194864401,0.0673218643913228,0.0659463427793199,0.0666361889800229,0.0672033884902723,0.0704580731183775,0.0663749855212874,0.0654784815272251,0.067353521460887,0.0661103108347125,0.0672400377677745,0.0672733034917028,0.0683160076841449,0.0651985723262464,0.0647731299116852,0.0685784602284401,0.0669334662974734,0.065087660403692,0.0648220324464622,0.0660019458565338
"gene_316",0.0656600061972943,0.0630139168134607,0.0670721718407701,0.0689207450143356,0.0687304018356579,0.0657162751941727,0.0656764246369942,0.0659289893964878,0.0676618909953706,0.0679017523269706,0.0664771818072572,0.0675484183679892,0.0656872177327898,0.0666172446437081,0.0673870379491591,0.0679540625883511,0.0665723727872692,0.0662540970304453,0.0669134613529515,0.0664789904338888,0.0668742361563391,0.0668857432662553,0.0672427054553868,0.0661535673988155,0.0659996985762938,0.0673314315159032,0.0667678379729121,0.0661135790918132,0.0660174511834303,0.0664406171756387
"gene_317",0.0666460922087975,0.0665871641190034,0.066675677409364,0.0667126099956336,0.0667088970362202,0.066647294867973,0.0666464433349412,0.066651823131862,0.0666876741088477,0.066692495226199,0.0666633622677143,0.0666853816684891,0.0666466740633974,0.0666662806832648,0.0666821083422681,0.0667489032791233,0.0666608046342766,0.0666400241371221,0.0666828693284063,0.0666547269054345,0.0666803426012226,0.0666810841296361,0.0667039691478187,0.0666334216312523,0.0666232795523726,0.0667096221842317,0.0666734748835936,0.0666307900934646,0.0666244519489623,0.0666522247766498
"gene_318",0.0665697880405164,0.0662942040872971,0.0667088271273251,0.0668830389768478,0.0668654924731717,0.0665754311769578,0.0665714355223402,0.0665966855259413,0.0667653373686021,0.0667880683995411,0.0666508951851538,0.0667545330425916,0.0665725181338599,0.0666646166064465,0.066739110551136,0.0671093173904492,0.0666348512413347,0.0665237306095459,0.0667531697926574,0.0666023202690243,0.0667396032806955,0.0667435842323646,0.066866634442499,0.0664884877593458,0.0664344104792717,0.0668970870674752,0.0667027517674367,0.0664744495997595,0.066440658009085,0.0665889351597283
"gene_319",0.0659626910576753,0.0640641095652756,0.0669576144873826,0.0682412454930469,0.0681100419594561,0.0660025755005143,0.0659743308112933,0.0661531694892392,0.0673693993232077,0.0675362714690368,0.0665399513549015,0.0672903321685675,0.0659819815783354,0.0666384703828216,0.0671777456597025,0.0697194551108626,0.0664349810766731,0.0657036782937857,0.0672289929434967,0.0662194634582358,0.0671371330073458,0.0671640661843453,0.0680057324622035,0.0654745891592078,0.0651256943554104,0.0682168085499358,0.066888683894205,0.0653837139567287,0.0651658408611072,0.0661311318455163
"gene_320",0.0664275749460579,0.0657560443595215,0.0667694624562814,0.067200793983079,0.0671572006510458,0.066441410519394,0.0664316138104021,0.0664935516097069,0.0669090143875495,0.0669652464271037,0.0666267585400951,0.0668823063318589,0.0664342680322793,0.0666605257887588,0.0668442042338574,0.0679570468944951,0.0665721579050654,0.0662531637101181,0.0669140240947038,0.066478564043227,0.0668747090663905,0.0668862425184413,0.0672440263653008,0.0661524085944882,0.0659981959887983,0.0673329580083593,0.0667680677447071,0.0661123307874357,0.0660159881772704,0.0664401040434974
"gene_321",0.0662413022804264,0.0650660756884741,0.066846673869832,0.0676173165643762,0.0675390776985045,0.0662657075738521,0.0662484258374295,0.066357752245652,0.0670951591930117,0.0671955138687927,0.0665934079329513,0.0670475405678406,0.0662531075904273,0.0666532611244361,0.0669796583404345,0.0690225117982949,0.0664902763421862,0.0659189042821011,0.0671075005173494,0.0663221803364082,0.0670362598898244,0.0670571520260223,0.0677081560447976,0.0657393410114607,0.0654653436969887,0.0678708481705408,0.0668433607829266,0.0656680355902536,0.0654969044795083,0.0662532150642431
"gene_322",0.0654655972498936,0.0623591304186563,0.0671426248998965,0.0693584128493636,0.0691291754805306,0.0655321627761792,0.0654850178643119,0.0657839932505846,0.067846951037906,0.0681341060794113,0.0664343979294316,0.067711241825516,0.0654977855049305,0.0666009013584824,0.067518387870379,0.0725495861513084,0.0661980018228398,0.0648564846740423,0.0676835571921271,0.0658000243804433,0.0675101184946236,0.0675609273604951,0.0691669015550089,0.0644413896336071,0.0638138567927466,0.0695752608977824,0.0670431020266373,0.0642774011140568,0.063885782113203,0.0656375480262081
"gene_323",0.0666257477774626,0.0665087611291133,0.0666845586955081,0.066758047545261,0.0667506558192079,0.0666281374770681,0.0666264454609264,0.0666371359611705,0.0667084210286577,0.0667180129833793,0.0666600717841785,0.066703860537119,0.0666269039195724,0.0666658738310473,0.0666973492468121,0.0668824632513337,0.0666512372736912,0.06659684043211,0.066709055890495,0.0666353219990088,0.0667024316770325,0.0667043756262654,0.0667644041745434,0.0665795686263771,0.0665530482674468,0.0667792426642198,0.0666844309833763,0.0665726862059697,0.0665561132810101,0.0666287712348068
"gene_324",0.0661552178271298,0.0647527373963832,0.0668815245743093,0.0678099593948387,0.0677155038347583,0.0661844474238107,0.0661637490861586,0.0662947255839051,0.0671804170979387,0.0673012564681213,0.0665773416753635,0.0671231039872923,0.0661693562098356,0.0666491859905133,0.0670414303217459,0.0689618320675561,0.0664950265643947,0.0659377688875354,0.0670967349219045,0.0663311078113322,0.0670272993892135,0.067047662545637,0.0676820233189375,0.0657625918744605,0.0654952420232225,0.0678405076969134,0.0668392693031797,0.0656930216979894,0.0655260399140485,0.0662638503631461
"gene_325",0.0662343998116251,0.0650408248414772,0.0668494874247417,0.067632759136282,0.0675532248105029,0.0662591933211186,0.0662416366531387,0.0663527047829083,0.0671020129630446,0.0672040079417498,0.0665921347523884,0.0670536177395895,0.0662463928726916,0.0666529509007518,0.0669846303665686,0.0684319372853061,0.0665360719359464,0.0661033906768602,0.0670014343384836,0.0664089675153053,0.066947829522837,0.0669635526622109,0.0674522826918866,0.065967036263665,0.0657586229308566,0.0675740568746038,0.0668025421191629,0.0659128391100718,0.065782650836839,0.0663567744258608
"gene_326",0.0663853202051758,0.0655980682376616,0.0667871953507244,0.0672952441475134,0.0672438446450964,0.0664015693027316,0.0663900635001528,0.0664628167157838,0.0669514415796036,0.0670176583268151,0.0666193644414686,0.0669199980578886,0.0663931807079632,0.0666590659395517,0.0668751479495426,0.0679816572673329,0.0665703045638809,0.0662453706510905,0.0669186011394502,0.0664749619219208,0.0668785431972758,0.0668902944985392,0.0672548742390816,0.0661427515860524,0.0659856973493753,0.0673455064843763,0.066769891199394,0.0661019339656567,0.0660038166936075,0.0664357847621345
"gene_327",0.0659079626205587,0.0638713461013433,0.066978780629994,0.0683639630519059,0.0682221913484489,0.0659508423205264,0.0659204760939145,0.0661127811864695,0.0674226960961196,0.0676027089560823,0.0665289584422689,0.0673374268119396,0.0659287013363848,0.066635024182145,0.0672160357002795,0.0714714851950835,0.0662904751036339,0.0651742460022429,0.0675175090601785,0.0659601447332818,0.0673747394680195,0.067416577098223,0.068733338314972,0.0648272765143425,0.0643013048090859,0.069066420934421,0.0669896670664897,0.0646899945825916,0.0643616771457935,0.0658250889867715
"gene_328",0.0658783419783349,0.0637675569515547,0.0669901515882509,0.0684304047349675,0.0682828905014863,0.0659228366812333,0.0658913265259087,0.0660908946448875,0.0674514644117762,0.0676385996470557,0.0665229421782094,0.0673628349760743,0.065899861512933,0.0666330858313148,0.0672366753701419,0.0723042454028521,0.0662192660237816,0.064928270193521,0.0676465134525413,0.0658364877847057,0.0674800100107665,0.0675287906897245,0.0690691659136455,0.0645283966691995,0.0639235062130835,0.0694603844529242,0.0670315001425234,0.0643703680274986,0.0639928589171279,0.065680165333965
"gene_329",0.0660097433473435,0.0642308780066844,0.066939256058473,0.0681357886623996,0.0680136273328645,0.0660470409379786,0.0660206284671622,0.0661878409733284,0.0673234317803031,0.0674790262779579,0.0665492754704946,0.0672496902096118,0.066027783079173,0.0666412938239725,0.0671446670320408,0.0685232814333124,0.0665290540860376,0.0660747280831109,0.0670180291431748,0.0663955603680222,0.06696168679891,0.0669782124235591,0.0674920832270858,0.0659316143684992,0.065712926844624,0.0676201809505284,0.0668090028031442,0.0658747387970454,0.0657381357338047,0.0663407510870456
"gene_330",0.066450855207415,0.065843452979048,0.0667596379300934,0.0671487658690024,0.0671094600958271,0.0664633570565734,0.066454504784606,0.0665104673158637,0.0668855888528779,0.066936325953424,0.06663078931801,0.0668614877743127,0.0664569031551429,0.066661282894836,0.0668271015857373,0.0677243120105031,0.0665895941046214,0.0663270334938063,0.0668704841268107,0.066512604421335,0.066838207517203,0.066847676881658,0.0671411405641013,0.0662440099782075,0.0661168501222242,0.067213997761837,0.0667506236663184,0.0662109729090417,0.0661315264698067,0.0664809563197642
"gene_331",0.0662158447237649,0.064973055403005,0.0668570344697319,0.0676742756104138,0.06759125464526,0.0662416806337787,0.0662233857412578,0.0663391309904307,0.0671204223008386,0.0672268286676726,0.0665886993321807,0.067069938787871,0.066228341910274,0.0666521028306414,0.0669979799587321,0.0686525260684389,0.0665190834215045,0.0660342534971293,0.067041390610442,0.0663765802279728,0.0669811810137561,0.0669988402151609,0.0675482571194872,0.0658816239008375,0.065648481376982,0.0676853054716886,0.0668180517863494,0.0658209789264008,0.0656753512509979,0.0663180830998003
"gene_332",0.0664505093009898,0.0658421516525089,0.0667597845184774,0.0671495396191611,0.0671101701663293,0.0664630310011216,0.0664541646723607,0.0665102161315264,0.0668859376419514,0.0669367564106878,0.0666307298419558,0.0668617978127597,0.066456566850972,0.0666612721144115,0.0668273563850517,0.0675290619515223,0.0666040924832072,0.0663892450818882,0.066833596373166,0.06654112561447,0.0668072424150166,0.0668149746652321,0.0670544050579078,0.066321244417559,0.0662170336790658,0.0671137880277862,0.0667357064320589,0.0662941766895338,0.0662290650317836,0.0665152341541364
"gene_333",0.0663573775528445,0.0654940760116861,0.0667988511415172,0.0673577134358284,0.0673011348144531,0.0663752175447275,0.0663625851590681,0.0664424692060399,0.066979432684024,0.0670522599788929,0.0666144192045535,0.0669448551010366,0.0663660075436978,0.0666580394997206,0.066895540238762,0.0683166697021084,0.0665448926270254,0.0661396269479985,0.0669803930905665,0.0664258767341309,0.0669302478756899,0.0669449567941737,0.0674019400797384,0.0660118424265742,0.0658164632040493,0.0675157374321517,0.0667943112306787,0.0659610422740064,0.0658389924017679,0.0663769966360426
"gene_334",0.0663173505580524,0.0653457625041653,0.0668154509426901,0.0674472161426656,0.0673831948333566,0.0663374623972974,0.0663232211878174,0.0664132907177124,0.0670194400068379,0.0671017476576378,0.0666072591322802,0.0669803693618214,0.0663270793688404,0.0666564855325999,0.0669246554795523,0.0681840550425209,0.0665549923771108,0.0661814097492217,0.0669560467977182,0.0664453181398038,0.0669098888863803,0.0669234287908113,0.0673438580124784,0.06606354086264,0.0658832533982767,0.0674484820757409,0.0667847337120126,0.0660166727142487,0.0659040466204104,0.0664002657282718
"gene_335",0.065306696303013,0.061834911773067,0.0671984003366273,0.0697168615367365,0.0694552988008741,0.0653815481319129,0.0653285324628944,0.0656649024402195,0.0679965767788754,0.0683226243006383,0.0663980080490764,0.0678426140480481,0.0653428890458582,0.0665859811445919,0.0676239604390895,0.0722186512712625,0.0662266531310143,0.064953385257732,0.0676334863352143,0.0658492042858859,0.0674694085159322,0.0675174797636124,0.0690349390507725,0.0645588606200977,0.0639619335839109,0.0694201789370916,0.0670273746170197,0.0644029272935025,0.0640303810707348,0.0656950405881702
"gene_336",0.066477460798808,0.0659436747639101,0.0667483613620218,0.0670893114295363,0.067054894286867,0.0664884348850969,0.0664806644391868,0.0665297835864494,0.0668587718326361,0.0669032342589917,0.0666353576817383,0.0668376484300919,0.066482769732651,0.0666621062129825,0.0668075073895703,0.0675919428904146,0.0665994361839831,0.0663691856200119,0.0668455122154054,0.0665319439185712,0.0668172490680249,0.0668255413072734,0.0670823805075765,0.0662963320312127,0.0661847049869512,0.0671461017625047,0.0667405388454283,0.066267335572068,0.0661975912840349,0.0665041943184084
"gene_337",0.0651561310423449,0.0613468963198172,0.0672498167130812,0.070057262083415,0.0697646113975946,0.0652387308128102,0.065180225399391,0.0655515970106478,0.0681370874107144,0.0685001932423332,0.0663623938661232,0.0679657594406502,0.0651960676054099,0.0665705987406547,0.0677225918082783,0.0734588677383166,0.06611811613744,0.0645930873714679,0.0678171192521129,0.0656647865050404,0.0676182028943419,0.0676764601290448,0.0695244230204215,0.0641229740898449,0.0634138408180051,0.0699963509753974,0.0670833172311914,0.0639374787591307,0.0634950228499028,0.0654799336731528
"gene_338",0.0660428585268078,0.0643488423261632,0.0669262404080657,0.0680615822051673,0.0679457613614087,0.0660783287621421,0.066053210546699,0.0662122125908314,0.0672909909365412,0.0674386584003374,0.0665557639068995,0.0672209942481488,0.0660600146688671,0.0666431996503112,0.0671212912165343,0.0702268042455641,0.0663939198307526,0.0655486751826201,0.067314990912552,0.0661445166789687,0.0672082525314983,0.0672395431858336,0.0682194158644524,0.0652844978886327,0.0648827182428618,0.0684657718366886,0.06691979711255,0.0651797837122568,0.0649289161226328,0.0660423708767053
"gene_339",0.0659191249631754,0.0639105442598242,0.0669744868394136,0.0683389449223301,0.068199332171814,0.0659613952117304,0.0659314606635572,0.066121025303166,0.067411850400986,0.0675891822686579,0.066531217382824,0.0673278462037891,0.0659395690172481,0.0666357458556318,0.0672082507087574,0.0697869681477054,0.0664295571796117,0.065682973192031,0.0672405555953666,0.0662094998926349,0.0671467094253337,0.0671742243920334,0.0680343103443074,0.0654491687554109,0.0650931584121176,0.0682500783464052,0.066892915832635,0.0653564325587275,0.0651341196484267,0.0661193164121767
"gene_340",0.0656881063432661,0.0631098343410183,0.0670617749502006,0.0688575365193569,0.0686727576632193,0.0657428720332102,0.0657040864037339,0.0659498802803208,0.0676349440210191,0.067867994022123,0.0664832001473053,0.0675246775987107,0.0657145912013165,0.0666194243508358,0.0673678392509542,0.0718352044995834,0.0662595486436608,0.0650663553534482,0.067574470109772,0.065906145981457,0.0674212973217519,0.0674661786965503,0.0688807888456774,0.0646960403318055,0.0641352007797138,0.0692392546508408,0.0670083986606664,0.0645495970740168,0.0641995434232819,0.0657617288196243
"gene_341",0.0660592665039815,0.0644074657340142,0.0669197669702916,0.0680248293254568,0.0679121422902597,0.0660938294351677,0.0660693538253573,0.0662242799747795,0.0672748964967678,0.0674186401718052,0.0665589588923629,0.0672067539527674,0.0660759839234027,0.0666441222182911,0.0671096855238855,0.0702973262209854,0.0663881609401791,0.0655272409297326,0.0673267849102172,0.0661340894833106,0.0672179872196673,0.0672498808819386,0.0682489241734244,0.0652582492285693,0.064849224923258,0.0685001875787962,0.0669239996583478,0.065151637905006,0.0648962510634812,0.0660300421259434
"gene_342",0.0655194527163414,0.0625390002062172,0.0671233635469611,0.0692370997577346,0.0690187070898207,0.0655831838974573,0.0655380469854744,0.0658242406932377,0.0677959218059548,0.0680699454232199,0.0664464486028979,0.0676663823052725,0.065550271103809,0.0666056476177904,0.0674822560445262,0.072020953111652,0.0662436648953503,0.0650115495088126,0.067603201712938,0.0658785793254002,0.0674447387148438,0.0674911676385635,0.0689556357429762,0.0646294567265576,0.0640510518982852,0.0693270687599191,0.0670177018174676,0.0644783953163872,0.0641173930930366,0.0657294255011993
"gene_343",0.0656274924076777,0.0629033176539729,0.0670841468925096,0.0689939279058406,0.0687971265314521,0.0656854965617908,0.0656444168182165,0.0659047983323681,0.0676930259674476,0.0679407784756308,0.0664701729807455,0.0675758399859253,0.0656555426717444,0.0666146733139985,0.0674092003145286,0.0734409379568466,0.06611970695997,0.0645982408591638,0.0678145413292415,0.0656674540738756,0.06761612391583,0.0676742353218175,0.0695174440516702,0.0641291916316628,0.0634216329244449,0.0699881180089262,0.0670825656089153,0.0639441117173909,0.063502636557785,0.0654830360034606
"gene_344",0.065715463960638,0.0632034322274043,0.067051657015401,0.0687961438179106,0.0686167602985494,0.0657687645904299,0.0657310167809206,0.0659702132888215,0.0676087412433545,0.0678351757947975,0.0664890513035143,0.0675015897050626,0.0657412406121644,0.0666215398141359,0.0673491650336215,0.0752678238380358,0.0659545446001846,0.0640811919455506,0.0680660006051735,0.0653955255957491,0.0678174516467878,0.0678902078325671,0.0702141355782155,0.0635078240837457,0.0626465776388173,0.0708126450001794,0.0671508771845897,0.0632821172214811,0.0627449527040276,0.0651680990581604
"gene_345",0.0666000167491127,0.0664099059959547,0.0666957465580277,0.0668155176894707,0.0668034632464197,0.0666039045293228,0.0666011517858064,0.066618545650295,0.0667346188742767,0.0667502493273374,0.0666558749587066,0.0667271883720597,0.0666018976441776,0.0666653206646231,0.066716580500467,0.0668962302183598,0.0666502476823811,0.0665923950720889,0.0667117460341186,0.0666333207071003,0.0667046998933826,0.0667067676526389,0.0667706231922727,0.0665740272645546,0.066545825204935,0.0667864088058088,0.0666855531009141,0.0665667082811244,0.0665490845032347,0.0666263536739267
"gene_346",0.0658527604634281,0.0636782290718577,0.0669999210906914,0.0684877924252217,0.0683353062790964,0.0658986463784731,0.0658661507950783,0.0660719766938173,0.0674762617389251,0.0676695533720461,0.0665177070107092,0.0673847286965817,0.0658749526025843,0.0666313684780105,0.067254449402543,0.071756347740033,0.0662662863444514,0.0650896972438845,0.0675622095249145,0.0659178645779365,0.0674112875713812,0.0674555104570281,0.0688489279177159,0.0647244124413752,0.0641710801335468,0.0692018887014784,0.0670044067617963,0.0645799423316255,0.0642345682948164,0.0657754675811898
"gene_347",0.0659825683359711,0.0641344385469145,0.0669498795149622,0.0681966952694932,0.0680693162131817,0.0660213613786049,0.0659938897126893,0.0661678228145054,0.0673500001716771,0.0675121062216735,0.0665439060488246,0.0672731833713499,0.0660013311516191,0.0666396805029929,0.0671637924413139,0.0706375856046956,0.0663601958259854,0.0654241932354573,0.0673831419877894,0.0660837418250298,0.0672644384099706,0.0672992323597922,0.0683906336183863,0.0651321841708024,0.0646885624685503,0.0686655864302451,0.0669438568426793,0.0650165083480865,0.0647395416420097,0.0659705826479056
"gene_348",0.065599439859106,0.062808319378883,0.067094376438328,0.0690569781289816,0.0688545955448995,0.0656589352667934,0.0656167991026687,0.0658838999935082,0.0677197715802734,0.0679743313207645,0.0664640553414342,0.067599383309174,0.0656282109363259,0.0666123752919537,0.0674282093046489,0.0702313063368642,0.066393543238724,0.0655472947955572,0.0673157378179647,0.066143841192458,0.0672088676560453,0.0672401968992783,0.0682212960564312,0.0652828091117462,0.0648805653212401,0.0684679658918191,0.0669200581833605,0.0651779734003108,0.0649268162704398,0.0660415736291608
"gene_349",0.0658526828982622,0.0636779376724087,0.066999962288018,0.0684879937855336,0.068335490906669,0.0658985734847747,0.0658660745924503,0.066071921505594,0.06747635345921,0.0676696657960599,0.0665176977845453,0.0673848106533855,0.0658748772958924,0.0666313710715692,0.0672545175081155,0.0706290505981767,0.0663608993122115,0.0654267687047857,0.0673817381506997,0.0660850038047636,0.0672632824001386,0.0672980037972875,0.0683870915653522,0.0651353326534384,0.0646925714666262,0.0686614500283034,0.0669433658189273,0.0650198823765123,0.0647434523671572,0.0659720718801521
"gene_350",0.0654521821121714,0.0623144852395463,0.0671474035428851,0.0693886664621437,0.0691567176717116,0.0655194519572283,0.0654718080605657,0.0657739603478506,0.0678596500046413,0.0681500815928611,0.0664313789476301,0.0677224018574955,0.0654847107616989,0.0665997005754753,0.0675273715023617,0.0735144997046435,0.0661131754450157,0.0645771065266925,0.0678251031774591,0.0656565085987897,0.067624639568834,0.0676833490160823,0.0695460586525106,0.0641036969271146,0.0633896867364836,0.0700218776372839,0.0670856381568629,0.063916914816084,0.0634714212693593,0.065470308420175
"gene_351",0.0666185728451066,0.0664811609744733,0.0666876837416873,0.0667740732560501,0.0667653824331933,0.0666213806536024,0.0666193925936818,0.0666319538554386,0.0667157313500644,0.0667270066534858,0.0666589056659498,0.0667103707103842,0.0666199312648459,0.0666657241471638,0.0667027172227827,0.0667218936641325,0.066662732524652,0.0666487702556449,0.0666775545096159,0.0666586492372529,0.0666758573408296,0.0666763554199042,0.0666917253273173,0.0666443334805164,0.0666375176087055,0.0666955214545767,0.0666712441735926,0.0666425650500879,0.0666383055396525,0.066656968125311
"gene_352",0.0655412605993697,0.0626121713963246,0.0671155041631867,0.069187981340662,0.0689739653361669,0.0656038399844624,0.0655595190506262,0.0658405199888419,0.0677752008924538,0.0680439129457303,0.0664512827471868,0.0676481579597517,0.0655715222940659,0.066607519140564,0.0674675644156335,0.0712268369784448,0.0663110996078307,0.0652471953288906,0.0674786344159872,0.0659964329341297,0.0673428941940539,0.0673826748177079,0.0686334675884326,0.064916140204541,0.064413975829961,0.0689494863327265,0.0669766414372265,0.0647851090228104,0.0644716349381561,0.0658677379830628
"gene_353",0.0656184645896455,0.0628727021770916,0.067087449545367,0.0690142284464888,0.0688156318233692,0.0656769492536155,0.0656355291131169,0.0658980755959751,0.0677016454113687,0.0679515887783902,0.0664682114786224,0.0675834286956896,0.0656467471151335,0.0666139419696762,0.0674153294292071,0.0713056393522448,0.0663044718406668,0.0652236641896158,0.0674912054631008,0.0659847470202781,0.067353198239129,0.0673936422887199,0.068665697191305,0.0648874642029255,0.0643775999003161,0.0689872114295084,0.0669808745107143,0.0647544117582923,0.0644361367473873,0.0658539975567622
"gene_354",0.0656306467438762,0.0629140609981142,0.0670829697462165,0.068986783181615,0.0687906118965449,0.0656884820612297,0.0656475219225715,0.065907142763513,0.0676899817932876,0.067936965079641,0.0664708447711824,0.0675731577305629,0.0656586153978079,0.0666149129988062,0.0674070305877684,0.0697794082215825,0.0664301567782606,0.0656852803636084,0.0672392562373824,0.0662106068433726,0.0671456321557574,0.067173082071513,0.0680311079841182,0.0654520026851962,0.0650967871041212,0.0682463510933288,0.0668924360925812,0.0653594743656505,0.065137657348158,0.0661206303092091
"gene_355",0.0662870203320237,0.0652338903550317,0.0668279515948494,0.0675150455222407,0.0674453661490623,0.0663088480521739,0.066293391708675,0.0663911560288278,0.0670496827363725,0.0671391823137135,0.0666017728740736,0.0670072048296736,0.0662975790335161,0.0666552412297162,0.0669466396996224,0.0683294477852213,0.0665439165012887,0.0661356059676119,0.0669827309731773,0.0664240025075913,0.066932201954146,0.0669470233927589,0.0674075272299775,0.0660068691826111,0.0658100412135715,0.067522208716453,0.0667952277712655,0.065955691502273,0.0658327370198899,0.0663747544986279
"gene_356",0.0665825385440708,0.0663429499750463,0.0667033182564136,0.0668545582415839,0.066839330151633,0.0665874418822124,0.0665839700572352,0.0666059088702905,0.0667523883438583,0.0667721235185089,0.0666530023005679,0.0667430073635217,0.0665849107439718,0.0666649208824857,0.0667296159157028,0.0672239922373414,0.0666265041886599,0.0664868877292461,0.0667752960865831,0.066585618564321,0.0667582285740294,0.0667632366725343,0.0669181116821785,0.0664426321813659,0.0663747490392733,0.0669564630766723,0.0667118761095842,0.0664250073761367,0.0663825901092317,0.0665687988518253
"gene_357",0.0654412649512397,0.0622782311787572,0.0671512685241767,0.0694132533823584,0.0691790977958284,0.0655091067627164,0.065461057645795,0.0657657900586856,0.0678699546693719,0.0681630510573772,0.066428906666696,0.0677314550696191,0.0654740700269903,0.0665987057353021,0.0675346550502802,0.0704467250857814,0.0663759140644009,0.0654819147264557,0.0673516377158659,0.0661119859775817,0.0672384843692259,0.0672716533720532,0.0683112779076701,0.0652027734560095,0.0647784854092041,0.0685729406477765,0.066932799810553,0.0650921639665086,0.064827256042498,0.0660039249490505
"gene_358",0.0659750163420285,0.0641076974082419,0.0669528217721438,0.0682136212037827,0.0680847899070052,0.0660142242838452,0.0659864587516133,0.0661622566440158,0.0673573738778272,0.0675212903910375,0.0665424062207561,0.0672797021972003,0.0659939797674634,0.0666392237024242,0.0671690972484694,0.0702957205705156,0.0663882916599229,0.0655277279998459,0.0673265164007788,0.0661343263459819,0.0672177655583998,0.0672496455028539,0.068248252560826,0.0652588457109926,0.0648499860168099,0.0684994042587453,0.0669239038365993,0.0651522774975153,0.0648969933394442,0.066030322219883
"gene_359",0.0666042013500586,0.0664259587418606,0.0666939308503098,0.066806172016988,0.0667948765766319,0.0666078457605083,0.0666052653377523,0.0666215701279634,0.0667303620511144,0.0667450101872727,0.0666565603517128,0.0667233983777771,0.066605964506976,0.0666654137924782,0.0667134567878519,0.0669148958396783,0.0666489051455461,0.0665863699273022,0.066715390840081,0.0666306071852667,0.0667077727728448,0.0667100083560209,0.0667790520871599,0.0665665172636444,0.0665360370713481,0.0667961219172648,0.0666870725182856,0.0665586068596117,0.0665395595455153,0.066623076082359
"gene_360",0.0660127305568904,0.064241505909344,0.066938081413904,0.0681290855085528,0.0680074974439227,0.0660498633874702,0.0660235676116304,0.066190039759627,0.0673205030612737,0.0674753814955198,0.066549861099737,0.0672470997203102,0.0660306906225657,0.0666414659496967,0.0671425569889103,0.0735705941620852,0.0661081856757664,0.0645610060480147,0.0678331302798396,0.065648159459274,0.0676311078519712,0.0676902728784178,0.0695678454194206,0.0640842806250221,0.063365366034388,0.0700475880791518,0.0670879606034069,0.0638962043213159,0.0634476560974411,0.0654606031892221
"gene_361",0.0665035075359648,0.0660421315436208,0.0667372715167894,0.0670311118629482,0.0670014689102056,0.0665129823027688,0.0665062735276457,0.0665486779471051,0.0668324715162566,0.0668707964478139,0.0666397907275917,0.0668142614832667,0.066508091197495,0.0666628690119271,0.0667882747955454,0.0676584533518871,0.0665944977175721,0.0663479931684443,0.0668580785851785,0.0665222284729083,0.0668277978889614,0.0668366818760125,0.0671119272876447,0.0662700218274435,0.0661505767726591,0.0671802384129888,0.0667456209406992,0.0662389918168874,0.0661643641363349,0.0664925178206286
"gene_362",0.0663564855670783,0.0654907625819734,0.0667992222878061,0.067359707711336,0.067302963539539,0.0663743762760912,0.0663617079751132,0.066441819373425,0.0669803253532446,0.0670533637712342,0.0666142606133286,0.0669456476916527,0.0663651400886138,0.0666580059324845,0.066896190274921,0.0675838482404199,0.0666000362085933,0.0663717665005474,0.0668439801593182,0.0665331259952636,0.0668159626846381,0.0668241828662787,0.0670787814358956,0.066299536833703,0.0661888631199992,0.0671419441680249,0.0667399182171196,0.0662707883218168,0.0662016395276951,0.0665056153671744
"gene_363",0.0653580052752506,0.0620031299170148,0.0671805645535889,0.0696010393183119,0.0693499678676826,0.0654301939688586,0.0653790651521279,0.065703412489271,0.0679484184766175,0.0682618838841563,0.0664098952906544,0.0678003577062429,0.0653929110751123,0.0665909494580544,0.06759004240886,0.0723655100605676,0.066213967002809,0.0649103144842119,0.0676558035714055,0.0658273826238716,0.0674875658558346,0.0675368537430072,0.0690936221473158,0.0645066246095193,0.0638960545388057,0.0694891205111696,0.0670344268235794,0.064347101308325,0.0639660527229717,0.0656695187459923
"gene_364",0.066580052521979,0.0663334388798711,0.066704393494852,0.0668601116270772,0.0668444316963705,0.0665851001790279,0.0665815261663011,0.0666041108986715,0.0667549142404203,0.0667752334644979,0.066652592328078,0.0667452557606574,0.0665824945395988,0.0666648625104998,0.0667314683184701,0.0671305668932601,0.0666333078763793,0.0665168979448258,0.066757278708394,0.0665992265246947,0.0667430630346866,0.0667472344474803,0.0668761834913848,0.0664799814168188,0.0664233396364983,0.0669080994752149,0.0667044495591909,0.066465277105852,0.0664298832181017,0.0665852039613045
"gene_365",0.066476400898909,0.0659396749434453,0.0667488118562009,0.067091680448868,0.0670570687522606,0.0664874359304531,0.0664796223288024,0.0665290144465688,0.066859841461959,0.0669045537948474,0.066635176625893,0.0668385994494416,0.0664817393137054,0.0666620744538064,0.066808289294192,0.0673833202118068,0.0666148363013666,0.0664358250207233,0.0668058459824998,0.0665623922097081,0.0667839235109652,0.066790355864042,0.0669894111506043,0.0663791264297441,0.0662921984309009,0.0670387433542726,0.0667244018553534,0.0663565521063132,0.0663022367814405,0.0665408228124187
"gene_366",0.0657661700167978,0.0633778572424705,0.0670327003675981,0.0686822271882145,0.0685128173410437,0.0658167429606478,0.065780927353503,0.0660078439989746,0.0675599530170287,0.0677741298039691,0.0664997516235714,0.0674585753524764,0.0657906280668056,0.0666252987645157,0.0673143345958042,0.0719697891950045,0.0662480517662682,0.0650266328161818,0.0675953161720513,0.0658861778496987,0.0674383089726225,0.0674843120472764,0.0689350531400823,0.0646477748503377,0.0640741927016619,0.0693029137396573,0.0670151619384622,0.0644979815883598,0.0641399852834626,0.0657383259019368
"gene_367",0.0656771317105296,0.0630722817921542,0.06706587180556,0.0688822921091544,0.0686953374932272,0.065732486145212,0.0656932834565602,0.0659417288795825,0.0676455169440793,0.0678812316781943,0.0664808717979439,0.067533996078176,0.0657039011616277,0.0666185986812946,0.0673753805011963,0.0719977278730581,0.0662456549900079,0.0650183923598638,0.0675996229950137,0.0658820265756351,0.0674418206475059,0.0674880563198162,0.0689462943869957,0.0646377669693907,0.0640615496666484,0.069316105841834,0.067016548919384,0.0644872807989148,0.0641276420251226,0.0657334634016906
"gene_368",0.0658735417457332,0.0637507555557458,0.066991998216063,0.068441195869839,0.0682927481820352,0.0659182981411307,0.0658866026238452,0.0660873477716807,0.0674561349123136,0.0676444267041191,0.0665219682659566,0.0673669599395638,0.0658951878010542,0.0666327732813812,0.0672400262517617,0.0676594443994066,0.0665944235824781,0.0663476770345373,0.0668582652066924,0.0665220832028327,0.0668279544494827,0.0668368472532438,0.0671123669855439,0.066269629522538,0.0661500681303061,0.0671807465405093,0.0667456960575455,0.0662385692486003,0.066163868901039,0.0664923433511354
"gene_369",0.066553473794013,0.0662319542789487,0.0667158581105288,0.066919481602969,0.0668989646737634,0.0665600622202176,0.0665553972284758,0.0665848785975953,0.0667818891957344,0.0668084552577325,0.0666481853252947,0.0667692631021813,0.0665566611857501,0.0666642121193071,0.0667512413447304,0.0671676475546717,0.0666306105867142,0.0665049804280572,0.0667644388327094,0.0665938262198177,0.0667490908070106,0.0667535944405153,0.0668928353663305,0.0664651472107689,0.0664040371064011,0.0669273052865208,0.0667074041928706,0.0664492821220099,0.0664110964729548,0.066578692384834
"gene_370",0.0658453620141434,0.0636524203893639,0.0670027528300466,0.0685044260471107,0.0683504976922965,0.0658916502609086,0.0658588696942361,0.0660665055176429,0.0674834465833807,0.067678522246928,0.0665161948408061,0.0673910722621919,0.0658677486644311,0.0666308745028865,0.0672595995042356,0.0709655960207117,0.0663329682438712,0.0653254391765761,0.0674366247204783,0.0660351577171413,0.0673084191057622,0.0673459945446403,0.0685262091635795,0.0650115689654793,0.0645351474192185,0.068824015489622,0.0669623544849911,0.0648872926374657,0.0645898705819151,0.0659133126385733
"gene_371",0.0655696629884993,0.0627077913020115,0.0671051991928085,0.0691239734813403,0.0689156474247864,0.0656307380819757,0.0655874828351461,0.0658617029688813,0.0677481398137115,0.0680099360841964,0.0664575293584617,0.067624348306823,0.065599197604426,0.0666099013767833,0.067448356545347,0.068130722617202,0.0665590269981279,0.0661982261963123,0.0669462043499118,0.0664531196498528,0.0669016517563316,0.0669147209795149,0.0673204438745102,0.0660843611244872,0.0659101708370856,0.067421380824936,0.0667808386176369,0.0660390811481516,0.0659302625087677,0.0664096111301847
"gene_372",0.0660287593731867,0.0642985565019832,0.0669317921120229,0.0680931763088638,0.0679746582174887,0.0660650083287275,0.0660393385741011,0.0662018392436327,0.0673048127493885,0.0674558543037858,0.0665530091602058,0.067233221920397,0.0660462920566674,0.0666423968078368,0.0671312540092867,0.0772295321290202,0.065771054018804,0.0635435886141919,0.068312022135426,0.0651037331582603,0.0680112219069603,0.0680992262831879,0.0709308019545921,0.0628668373467187,0.0618546589057226,0.0716665809276146,0.0672067531143089,0.0626010709304977,0.0619700103579835,0.0648328889743462
"gene_373",0.0664653227790878,0.0658979070440005,0.0667535129178792,0.0671164362143071,0.0670797902145168,0.0664769943503841,0.0664687300093133,0.0665209732763676,0.0668710130301346,0.0669183374928623,0.0666332788470767,0.0668485313332771,0.0664709691045897,0.0666617364934254,0.0668164537162207,0.070711477317533,0.0663540856864632,0.0654018976339666,0.0673952627537296,0.0660728019117943,0.067274414599328,0.0673098363691862,0.0684212635940953,0.0651049360476747,0.0646538786240423,0.0687013632291993,0.0669480793101925,0.0649873110872779,0.0647057068725152,0.0659576777161953
"gene_374",0.0655834414291973,0.0627542287919673,0.0671002185323447,0.0690930184134565,0.0688874416766833,0.0656437868635349,0.0656010485246404,0.0658719800900217,0.0677350484548425,0.0679934988720628,0.0664605662289614,0.067612830325613,0.0656126233679428,0.0666110658290072,0.0674390657584518,0.0718456885639454,0.0662586660664394,0.0650632714404577,0.0675761078146892,0.0659046029158543,0.0674226363514495,0.067467605102409,0.068885028334561,0.0646922897864076,0.0641304555651006,0.0692442251723593,0.0670089392581392,0.0645455850700176,0.0641949114087206,0.065759917904127
"gene_375",0.0660179904418553,0.0642602103477461,0.0669360218374186,0.0681173067649035,0.0679967263075523,0.0660548334599495,0.0660287429498336,0.0661939128469963,0.0673153593420295,0.0674689788662554,0.0665508970106365,0.0672425506674053,0.0660358103744761,0.0666417746634564,0.0671388526713233,0.0700237105799521,0.0664104374877091,0.0656105570317742,0.0672808105069851,0.0661745353696539,0.0671800147284546,0.067209565123096,0.0681341734341547,0.0653603299681999,0.0649795582919253,0.0683664011866034,0.0669075304836239,0.0652611152637087,0.0650233534190305,0.0660778911433978
"gene_376",0.0654252664289881,0.0622251642430013,0.0671569314148337,0.0694493205305485,0.0692119249772065,0.0654939459329915,0.0654453033333304,0.0657538149000749,0.0678850614947641,0.0681820671276062,0.0664252801301546,0.0677447262739252,0.0654584763493156,0.0665972445051383,0.0675453308022044,0.0716251768604824,0.0662774480966602,0.0651285779246935,0.0675417017044183,0.0659373373590225,0.0673945293497461,0.0674376552101118,0.0687957955071897,0.0647716982953252,0.0642309170607583,0.0691396017350911,0.066997676731851,0.0646305262025476,0.0642929762198975,0.0657983121494206
"gene_377",0.0661214949538798,0.0646309116610778,0.0668950391218412,0.0678854632202319,0.0677846186309972,0.0661526043163917,0.0661305746770772,0.0662699905508846,0.067213691070584,0.0673425720297073,0.0665709387699445,0.0671525745817591,0.066136542358525,0.0666474699107698,0.0670654928088901,0.0713688452105023,0.0662991473798676,0.0652048161977111,0.06750125624341,0.0659753744449871,0.0673614326877881,0.067402408254722,0.0686915073782703,0.0648645026623669,0.0643484842531384,0.0690174299017757,0.0669842459399965,0.0647298344666758,0.0644077224830926,0.0658429810483846
"gene_378",0.0659465944806558,0.0640072703623218,0.0669638659089891,0.0682773446785157,0.0681430378210523,0.0659873616027646,0.0659584917187443,0.0661412983168161,0.0673851011907398,0.067555836557194,0.066536737610447,0.0673042103189862,0.0659663117805286,0.0666374783910723,0.0671890344433964,0.0699537168440592,0.0664161056009865,0.0656319356118687,0.0672689553637305,0.0661848760458505,0.0671702117506852,0.0671991611297586,0.068104704508533,0.0653865458125361,0.0650130641744997,0.0683320648140473,0.0669032452422272,0.0652892388545592,0.0650560251775201,0.0660901366028958
"gene_379",0.0660735181493844,0.064458486459741,0.066914127077575,0.0679929051876969,0.0678829364886981,0.0661072918390938,0.0660833752117907,0.0662347562181513,0.0672609003558622,0.0674012373175444,0.0665617209286043,0.0671943678713872,0.0660898539296594,0.0666449090985274,0.0670995874998628,0.0694328202623121,0.0664578827695938,0.0657918724175834,0.0671795024362556,0.0662617450231502,0.0670960973971853,0.0671205537735386,0.0678839172102676,0.0655829635787098,0.0652645517049115,0.0680750823466982,0.0668704113197252,0.0655000573335597,0.0653012060485365,0.066181323116444
"gene_380",0.0660092958688948,0.0642292956116795,0.0669394268979068,0.068136780997911,0.0680145344783406,0.0660466179358438,0.0660201881291182,0.0661875106222465,0.0673238632457635,0.0674795641429065,0.0665491847786808,0.0672500714185931,0.0660273474356972,0.0666412645666611,0.0671449768540517,0.0696097233723512,0.0664437734953984,0.0657373872083935,0.0672101238477863,0.0662356547334546,0.0671214964754826,0.0671474827477661,0.0679591913857226,0.0655159928262369,0.0651787153953568,0.0681626431904299,0.0668817478872399,0.0654281553535668,0.0652175313559192,0.0661503421134781
"gene_381",0.0658057053437072,0.063514602512449,0.0670177996161398,0.0685934410830295,0.068431774894613,0.0658541429081339,0.065819839899487,0.0660371461827999,0.0675218027777338,0.0677264367413163,0.0665080004617026,0.0674249222241921,0.0658291310808991,0.0666281260352561,0.0672870579895968,0.0705563689246551,0.0663668953465153,0.0654487315561023,0.0673697704259157,0.0660957625062171,0.0672534267113521,0.0672875297843081,0.0683569074608676,0.0651621847344404,0.0647267675082686,0.0686262042651256,0.0669391780040779,0.0650486591600473,0.0647768096112424,0.0659847687468844
"gene_382",0.066503801376505,0.0660432431854076,0.0667371466400645,0.0670304564966609,0.0670008672706485,0.0665132592292129,0.0665065624309112,0.0665488911073505,0.0668321752765075,0.0668704310845336,0.0666398408149337,0.0668139980598091,0.0665083768560093,0.0666628777231676,0.0667880581718387,0.0676401241448936,0.0665958602458556,0.0663538311570244,0.0668546194628481,0.06652490648593,0.0668248945871171,0.066833615554326,0.0671037892270414,0.0662772686344564,0.0661599754189272,0.0671708353257054,0.0667442235615096,0.0662467983771057,0.0661735147909215,0.06649573582848
"gene_383",0.0661554882611585,0.0647537123980319,0.0668814180449608,0.0678093589851343,0.0677149542864157,0.0661847028465484,0.0661640151402136,0.0662949242513984,0.0671801530437987,0.067300928331738,0.0665773940249581,0.067122870247012,0.0661696193845569,0.0666492009453132,0.0670412396912923,0.0709051529545355,0.0663380061189452,0.0653435951734726,0.0674268320890214,0.0660441149245327,0.0673003739738109,0.0673374379158359,0.068501302820124,0.0650337295191552,0.0645633119395893,0.0687948966329297,0.0669589939258179,0.0649110280110685,0.0646173500375248,0.0659238632728886
"gene_384",0.0660323514389269,0.0643113583104088,0.0669303796486565,0.0680851282291376,0.0679672975695934,0.0660684021184846,0.0660428727958886,0.06620448262085,0.0673012934630276,0.0674514753534283,0.0665537123901624,0.0672301087734906,0.0660497882487235,0.0666426029135825,0.0671287178617869,0.0699211784415773,0.0664187360042527,0.06564188274829,0.0672634308047306,0.0661896820281496,0.067165641906185,0.0671943116703036,0.0680909890276753,0.0653987468367267,0.0650286629033258,0.0683160868887407,0.0669012427945555,0.0653023289190309,0.0650712350826267,0.0660958295970496
"gene_385",0.0657727556090356,0.0634006597935859,0.0670301864682823,0.0686673432933816,0.0684992309088025,0.0658229718424714,0.0657874089136079,0.0660127199880358,0.0675535490007068,0.0677661284455382,0.0665011089187195,0.0674529239662121,0.0657970412159396,0.0666257496372311,0.0673097502351123,0.0688155170270066,0.0665064255217708,0.0659833255929581,0.0670706420036923,0.0663526107465982,0.0670055652010397,0.0670246509573976,0.0676188554440496,0.0658187739807333,0.0655675366702402,0.0677671979415791,0.0668292962184613,0.0657534086880068,0.0655964848287666,0.0662894854638202
"gene_386",0.0658361476672401,0.0636203604504293,0.0670062462496505,0.0685250775519965,0.068369355580226,0.0658829355148828,0.0658498010649026,0.0660596845155153,0.0674923500022028,0.0676896432868735,0.0665142912490385,0.0673989300269406,0.0658587758526118,0.0666302358072598,0.0672659739707269,0.0703751451295129,0.0663817846254644,0.0655036114765693,0.0673397487501357,0.0661225731443584,0.0672286809725102,0.0672612393329302,0.0682814271583905,0.0652293243597805,0.064812334822951,0.0685381071815978,0.0669285964649904,0.065120626815171,0.0648602714052332,0.0660164325288818
"gene_387",0.0664851685379687,0.065972774443839,0.0667450850646452,0.0670720889510863,0.0670390857653113,0.0664956993321074,0.0664882427836181,0.0665353765107726,0.0668509941877609,0.0668936398931677,0.0666366737027422,0.0668307330715475,0.066490263037946,0.0666623365577778,0.066801821527002,0.0674867580127562,0.0666072179553093,0.0664027530209597,0.0668255604189524,0.0665473005808597,0.0668004918384894,0.0668078470587038,0.0670355616621933,0.0663380251413038,0.0662388174843996,0.0670920266202026,0.0667324400718038,0.0663122583635581,0.0662502719899611,0.0665226614526978
"gene_388",0.0658437382036647,0.0636467603234249,0.0670033731256289,0.0685080752460497,0.0683538303224185,0.065890114690194,0.0658572716205867,0.066065304410687,0.0674850220349566,0.0676804891921249,0.0665158621476988,0.0673924631092653,0.0658661675141448,0.066630765172903,0.0672607284751689,0.0712863292640534,0.0663060987603695,0.0652294291287771,0.0674881304726338,0.0659876123694725,0.0673506785566701,0.0673909601012271,0.0686578056473175,0.0648944882936265,0.0643865081686609,0.0689779730743372,0.0669798417913552,0.0647619304884458,0.0644448302508062,0.0658573658880837
"gene_389",0.0655712026249555,0.0627129410652864,0.067104663645124,0.0691205628747636,0.0689125412242222,0.0656321970217579,0.06558899894255,0.0658628553615615,0.0677467067129943,0.0680081326666721,0.0664578808633709,0.0676230893354455,0.0656006982367485,0.0666100457361967,0.0674473440505257,0.0868264293226162,0.0648108813360298,0.0611477400996997,0.0692104247966011,0.0636951258479418,0.0686767184217078,0.0688324961856729,0.0740117374325797,0.0600685836090529,0.0584827446285124,0.0754128159412369,0.0672666316985859,0.0596489523483314,0.0586617941094505,0.0632468101240492
"gene_390",0.0653839086195695,0.062088415158148,0.0671715080833763,0.06954262165662,0.0692968256874847,0.0654547487314127,0.0654045753776313,0.0657228361735289,0.0679240650616829,0.0682311889664451,0.0664158532537976,0.0677789801067424,0.06541816270442,0.0665934105613087,0.0675728703414928,0.0771603685852773,0.0657776203789657,0.0635622428665244,0.0683037517567783,0.0651140109367888,0.0680047661395052,0.0680922412375546,0.0709060730204922,0.0628889941520919,0.0618819063629321,0.0716370146090885,0.0672050735614127,0.0626245815477883,0.0619966866188931,0.0648446511268281
"gene_391",0.0659612961857249,0.0640591747120415,0.0669581595931811,0.0682443797913043,0.0681129071489196,0.0660012572748347,0.0659729582978596,0.0661521415073149,0.0673707644440068,0.0675379717418733,0.0665396749580588,0.0672915390616296,0.0659806237654249,0.0666383868359182,0.0671787278831781,0.0704632325343556,0.0663745610106786,0.0654769181464928,0.0673543758523207,0.0661095468307692,0.0672407419244256,0.0672740516349019,0.0683181564787328,0.0651966597928722,0.0647706925492427,0.0685809682607372,0.0669337671155038,0.0650856103674564,0.0648196550510828,0.0660010436440793
"gene_392",0.0658514993166286,0.0636738079891379,0.0670004151882288,0.0684906538794856,0.0683379203959985,0.0658974542704199,0.0658649097849448,0.0660710462539325,0.0674775025841418,0.0676711002335515,0.066517455857808,0.067385825231922,0.0658737248333197,0.0666312920160866,0.0672553412104034,0.069628894948087,0.0664422405781268,0.0657314941958902,0.0672134281902581,0.0662328273907837,0.0671242356980111,0.0671503875136796,0.0679673315808977,0.0655087527582517,0.065169441057227,0.0681721152224526,0.0668829658547327,0.0654203834213482,0.0652084900357058,0.0661469865304695
"gene_393",0.0664040077143465,0.0656678267667392,0.0667793689999479,0.0672534710698094,0.0672055276848517,0.0664191905785205,0.06640843981436,0.0664764146584838,0.0669326929029185,0.0669944921305531,0.0666226471892544,0.0669033442316944,0.0664113524877436,0.0666597254692605,0.0668614789887801,0.0681053263447773,0.0665609630781832,0.0662062614811256,0.0669415225270292,0.0664568528427077,0.0668977352944212,0.0669105801071994,0.0673092936678187,0.0660943076645287,0.0659230285865754,0.0674084739636031,0.0667789925610135,0.0660497859121052,0.0659427852487212,0.066414080972611
"gene_394",0.0666033952523619,0.0664228650264292,0.0666942810773946,0.066807973112873,0.0667965314402996,0.0666070865660874,0.0666044729329557,0.0666209876117682,0.0667311826596469,0.0667460200717947,0.0666564286099061,0.0667241290346416,0.0666051811003204,0.0666653961844097,0.0667140590594122,0.0669246180612551,0.0666482054367261,0.0665832324931356,0.0667172880721073,0.0666291936994517,0.066709372169172,0.0667116951473099,0.0667834409786163,0.0665626069352292,0.066530941036246,0.066801179749343,0.0666878629748744,0.0665543887008039,0.0665346004800342,0.0666213689374564
"gene_395",0.0665651409296005,0.0662764584271077,0.0667108319422038,0.0668934195355009,0.0668750273627344,0.0665710534791873,0.0665668670601175,0.0665933229779453,0.0667700540710822,0.0667938773045052,0.0666501248763646,0.0667587308811659,0.0665680013563626,0.0666645031406464,0.0667425680488181,0.0669302445097575,0.0666478000026002,0.0665814166095275,0.0667183853876334,0.066628375262451,0.0667102971292765,0.0667126706820119,0.066785980294861,0.0665603438949445,0.0665279920393053,0.0668041062311543,0.066688319819498,0.0665519475703376,0.0665317307209675,0.0666203805886335
"gene_396",0.0665613672932843,0.0662620546621955,0.0667124595945406,0.0669018509689609,0.0668827717029531,0.0665674985652698,0.0665631572742168,0.0665905922397629,0.0667738843056769,0.0667985947121426,0.0666494989219025,0.0667621396719221,0.0665643335305096,0.0666644105608395,0.0667453755229919,0.0671540567890885,0.0666316000117506,0.0665093478641077,0.0667618161449891,0.0665958060090705,0.0667468830883215,0.0667512649749989,0.0668867339211648,0.0664705831091505,0.0664111097570262,0.0669202677091355,0.0667063226315709,0.0664551432281352,0.0664179801981321,0.0665810793207443
"gene_397",0.0658373462853996,0.0636245050162376,0.0670058053828266,0.0685224221886729,0.0683669317532365,0.0658840696879345,0.0658509808865801,0.0660605744005165,0.0674912110012165,0.067688218084709,0.0665145467423874,0.067397925970108,0.0658599433145021,0.0666303281037504,0.0672651613308781,0.0746109550259579,0.0660146139561053,0.0642652391746429,0.0679781501929363,0.0654933073424105,0.0677474621769006,0.0678150024082513,0.0699669519205677,0.0637284454899379,0.0629209247360725,0.0705194873555077,0.0671281980148825,0.0635169593228013,0.0630132367410773,0.0652810491251179
"gene_398",0.0665228619812413,0.0661155100186446,0.0667289991508349,0.0669878702181832,0.0669617672455591,0.0665312203234521,0.0665253020814433,0.0665627073765327,0.0668128991741655,0.0668466670406575,0.0666430596790004,0.066796852814119,0.0665269055788445,0.0666634082779636,0.0667739520070687,0.0674256340207766,0.0666117239035056,0.066422288591599,0.0668139219298503,0.0665562197698524,0.0667907119116146,0.0667975219559395,0.0670083032652984,0.066362300782895,0.0662703414742499,0.067060552937344,0.0667276989442283,0.0663384185310393,0.0662809601187561,0.0665333933096417
"gene_399",0.0659892181980118,0.0641580256113474,0.0669472748065638,0.0681817671534567,0.0680556674822144,0.0660276452473875,0.0660004328076058,0.0661727210104982,0.0673434891403247,0.0675039995407151,0.06654521800898,0.0672674258427158,0.0660078040494936,0.0666400727183826,0.0671591050256156,0.0795941805447715,0.0655428091186908,0.0629185205176104,0.068577961560469,0.0647530711069633,0.0682163211757565,0.0683220599748959,0.071753353686006,0.062127834500633,0.0609509512793032,0.0726543084953103,0.0672522383183783,0.0618181619992043,0.0610847296304149,0.064433407401196
"gene_400",0.0662926095691316,0.0652544761457062,0.0668256514147865,0.0675025416913438,0.0674339063890268,0.0663141213856147,0.0662988887567587,0.0663952362983537,0.0670441120606911,0.0671322855116309,0.0666027868816716,0.0670022623422341,0.0663030154845965,0.0666554737649088,0.0669425915354167,0.0689311095019164,0.066497428181659,0.0659473285660356,0.0670912730546073,0.0663356274228256,0.0670227520708977,0.0670428472127975,0.0676687786570374,0.0657743769856965,0.0655104007026103,0.0678251328978137,0.0668371892350622,0.0657056873382668,0.0655408113739553,0.0662692360102398
"gene_401",0.0666292145007792,0.0665221046887084,0.066683048166898,0.0667503062502008,0.0667435418008431,0.0666314021134307,0.0666298531854273,0.0666396395140365,0.0667048887036987,0.0667136675829265,0.0666606345948157,0.0667007147136116,0.0666302728744186,0.0666659455006949,0.0666947551710783,0.0668666935671631,0.066652370246256,0.0666019340743428,0.0667059724740452,0.0666376143940924,0.0666998316712596,0.0667016337674663,0.0667572781678178,0.0665859185849975,0.0665613260859015,0.0667710318116892,0.0666831441525503,0.0665795366094276,0.0665641683655601,0.0666315407016981
"gene_402",0.066225188311549,0.0650071624960539,0.066853236485451,0.067653367556408,0.0675721031640418,0.0662504995058952,0.0662325762161034,0.0663459670566082,0.0671111540048716,0.0672153385235332,0.0665904312866578,0.0670617222339179,0.0662374317362543,0.0666525320726712,0.0669912598876571,0.068887312219293,0.066500847611472,0.0659609660941329,0.0670834735813166,0.0663420697138174,0.0670162570655442,0.0670359699157883,0.0676498816096349,0.0657911924245025,0.0655320346113887,0.0678031995190588,0.0668342138220739,0.0657237603177138,0.0655618921536486,0.0662769144679054
"gene_403",0.0661042194564659,0.0645687088372189,0.0669019286494464,0.0679241419733399,0.0678200169884332,0.0661362894406519,0.0661135794540829,0.0662573088898765,0.0672307041567451,0.0673637076950407,0.0665676328663049,0.0671676383495804,0.0661197313905099,0.0666465622920303,0.067077785365331,0.0697121532719396,0.066435568043612,0.0657059204255576,0.067227741030357,0.0662205420436622,0.0671360960610826,0.0671629662704871,0.0680026395801469,0.0654773421994091,0.0651292185333046,0.0682132081987397,0.0668882254415469,0.0653866686610776,0.0651692767337008,0.0661324109986798
"gene_404",0.0656880736833767,0.0631096530952745,0.0670618264552182,0.0688577032935246,0.0686729123023203,0.0657428426622917,0.0657040547029612,0.0659498633912624,0.0676350316720376,0.0678680965431382,0.066483215779218,0.0675247582489358,0.0657145601312937,0.0666194483734895,0.0673679099821309,0.0701952276961554,0.0663964948552527,0.0655582817993474,0.0673096978862699,0.0661491852769493,0.0672038822801684,0.0672349027187876,0.0682061883468656,0.0652962651382631,0.0648977376981164,0.0684503472299345,0.0669179062105173,0.0651924025050835,0.0649435637067876,0.0660478923810034
"gene_405",0.0665091137598163,0.0660633665861552,0.0667348784440008,0.067018586764527,0.0669899698280865,0.0665182653594057,0.0665117854177207,0.0665527426891356,0.0668268051983514,0.0668638098708662,0.0666407399976435,0.0668092219735539,0.0665135410920461,0.0666630278446425,0.0667841292045595,0.0672716634613294,0.0666230216609101,0.0664715942298824,0.0667844600157818,0.0665786717077854,0.0667659387558312,0.0667713733421113,0.0669394716800509,0.0664236060832622,0.0663500080534434,0.0669811077882835,0.0667156422232581,0.0664044962733896,0.0663585085908696,0.0665604281647151
"gene_406",0.0666435445642594,0.0665773333541406,0.0666767917631292,0.0667183009199971,0.0667141276048081,0.0666448960150047,0.0666439391306902,0.066649984564495,0.0666902744317059,0.0666956928851465,0.0666629518334711,0.0666876979921903,0.066644198404468,0.066666231532744,0.0666840191877136,0.0668044379398124,0.066656833861755,0.066622055688608,0.0666937772645993,0.0666466606822131,0.066689545873728,0.0666907876539759,0.0667291205825185,0.0666110088147653,0.0665940426347175,0.0667385922814909,0.0666780459235081,0.0666066063116809,0.0665960037009294,0.066642472868332
"gene_407",0.0662422562359618,0.0650695665415966,0.0668462851230858,0.0676151832140952,0.067537123272633,0.0662666078713826,0.0662493641350609,0.0663584498146134,0.0670942122410163,0.0671943403104502,0.0665935838965441,0.0670467009065273,0.0662540355955098,0.0666533040183269,0.0669789713649766,0.0680814940327386,0.0665627670337725,0.0662137916544353,0.0669371155954889,0.0664603437978668,0.0668940465308817,0.0669066807673622,0.0672988184552378,0.0661036326389202,0.0659350877825707,0.0673963511391371,0.0667772466981718,0.0660598229680062,0.0659545297778476,0.0664182634925518
"gene_408",0.0660744863331797,0.0644619575699782,0.0669137424934403,0.067990734388919,0.0678809503546116,0.0661082063321139,0.0660843277313099,0.0662354675802697,0.0672599477429791,0.067400053170762,0.0665619076302104,0.0671935246931658,0.0660907961510088,0.0666449614863921,0.0670988998488553,0.0680997708815847,0.0665613831431254,0.0662080157882219,0.0669404952193794,0.0664576660068788,0.0668968753577055,0.0669096710954092,0.0673068520228094,0.0660964801339417,0.0659258380554046,0.0674056482755844,0.0667785854086595,0.0660521242811556,0.0659455214108161,0.0664150552785418
"gene_409",0.066643274091296,0.0665762902103984,0.0666769098645117,0.0667189047072664,0.0667146825337577,0.066644641329382,0.0666436732668953,0.0666497893279654,0.0666905502226156,0.066696032066943,0.0666629081339818,0.0666879436447981,0.0666439355694366,0.0666662261696612,0.0666842218110161,0.0667803799770992,0.066658555337236,0.0666298375681574,0.0666890553031872,0.0666501554648101,0.0666855622238906,0.0666865873409086,0.0667182287448453,0.0666207146161979,0.066606702236671,0.0667260460548542,0.0666760684446325,0.0666170787054424,0.0666083219461558,0.0666466975071822
"gene_410",0.0658854087652555,0.0637922744843361,0.0669874495915772,0.0684145645793052,0.0682684210672092,0.0659295187703118,0.065898281103262,0.0660961190160822,0.0674446136626038,0.0676300499610691,0.066524384891258,0.0673567856484221,0.0659067423086558,0.0666335566122594,0.0672317632617975,0.0714788617622876,0.0662898526153783,0.0651720531305941,0.0675186754147354,0.0659590518654633,0.06737569431566,0.0674175938345829,0.0687363418183865,0.0648246065512342,0.0642979216130474,0.0690699389631159,0.0669900558697833,0.0646871373000901,0.0643583752047527,0.0658238051718124
"gene_411",0.0664479439033015,0.0658325072151042,0.0667608688623926,0.0671552723372132,0.0671154308728309,0.0664606127046409,0.0664516422110725,0.0665083526574168,0.0668885205699343,0.066939944633318,0.0666302870444914,0.0668640935396435,0.0664540726085528,0.0666611901925845,0.0668292427107348,0.0676429530395398,0.066595649926799,0.0663529298874875,0.0668551534533225,0.0665244930820452,0.0668253427812068,0.0668340889122638,0.0671050454104776,0.0662761498459989,0.0661585243752433,0.06717228675122,0.0667444392955147,0.066245593161609,0.0661721020393938,0.0664952390580989
"gene_412",0.0656323216060439,0.0629197086613568,0.0670823777291834,0.0689830687180983,0.0687872270821329,0.0656900685545828,0.065649171016823,0.0659083937291821,0.0676884127990252,0.0679349935896434,0.0664712203414408,0.0675717781149584,0.0656602475453133,0.0666150624321976,0.0674059191642462,0.0715841315893051,0.0662809360571365,0.0651407665078437,0.0675352608300082,0.065943433004596,0.0673892633882101,0.067432045485319,0.068779138874099,0.0647865271560186,0.0642496903235363,0.0691200807134484,0.0669955538711616,0.0646463913150689,0.0643113002830075,0.0658054659854954
"gene_413",0.0657255432848927,0.0632380334411363,0.0670478945457839,0.0687734764920571,0.0685960804595737,0.0657783023767343,0.065740938178599,0.0659776963786527,0.0675990442591986,0.067823039133821,0.0664911844622663,0.0674930416627184,0.0657510581540308,0.0666222934461537,0.0673422452427747,0.0677988240980298,0.066584026429019,0.0663033454874384,0.0668844718776399,0.0665017074723014,0.066849939239125,0.0668600702401583,0.067174137781173,0.0662146241483366,0.0660787671846334,0.0672521400125305,0.0667562452718754,0.0661793240455329,0.066094445484882,0.0664678725002522
"gene_414",0.0666129250578213,0.066459456398027,0.0666901397207846,0.0667866854633186,0.0667769715913107,0.0666160617367628,0.0666138408179603,0.0666278736250895,0.0667214814776721,0.0667340819200772,0.0666579849198332,0.0667154909999406,0.0666144425814452,0.0666656031649243,0.066706938476404,0.0676608136108744,0.0665943221162272,0.0663472414604445,0.0668585237520835,0.0665218835257664,0.0668281714910521,0.0668370764676277,0.0671129749452669,0.0662690887866214,0.0661493667798109,0.0671814489798463,0.0667458006540445,0.0662379867311629,0.0661631860601536,0.0664921033607343
"gene_415",0.0650141451958673,0.0608942772071057,0.0672969971259097,0.0703788656703726,0.0700564909620807,0.0651039588604241,0.0650403417386273,0.0654443344688922,0.0682684149937163,0.0686666437481576,0.0663277873953979,0.0680806532210403,0.0650575670921165,0.0665549681244963,0.0678143133303539,0.0710016045180912,0.0663299578124367,0.0653146260614868,0.0674424414990685,0.0660298155266917,0.0673131954404798,0.0673510754107555,0.0685410279671658,0.0649983749617373,0.0645183847158156,0.0688413444349401,0.0669643420911247,0.064873162467547,0.064573515017439,0.065907022586835
"gene_416",0.0658910274108719,0.0638119457595529,0.066985296878541,0.0684019663986861,0.0682569123483899,0.0659348312984647,0.0659038104591405,0.0661002716468651,0.067439161725526,0.0676232471802758,0.0665255289138696,0.0673519709720183,0.0659122129537811,0.0666339274862268,0.0672278529058729,0.0699847607634417,0.0664135929438443,0.0656224500848784,0.0672742179761807,0.0661802897338066,0.0671745639099962,0.0672037799356869,0.0681177803243682,0.0653749129504118,0.0649981948048274,0.0683472993705687,0.0669051492793743,0.0652767590642206,0.0650415261495555,0.066084704912264
"gene_417",0.0661926125003171,0.064888428752656,0.0668664497700761,0.0677262639146972,0.0676388688689664,0.0662197510895765,0.066200533634333,0.0663221246934047,0.0671434406558773,0.0672553742892138,0.0665843711454864,0.0670903411749655,0.066205739676514,0.0666510115441631,0.0670146606740606,0.0709910451211977,0.0663308460723387,0.0653178024286521,0.0674407407469828,0.0660313876074549,0.0673117998745279,0.0673495905194164,0.0685366864441288,0.0650022494354403,0.0645233055050875,0.0688362664699127,0.0669637644908395,0.0648773114264764,0.0645783164411028,0.0659088726311456
"gene_418",0.0658564576952011,0.0636910975827074,0.0669985254796285,0.0684795295182837,0.0683277607728862,0.0659021432745448,0.0658697895943764,0.0660747142996035,0.0674726997480911,0.0676651036533538,0.0665184736180327,0.0673815853471417,0.0658785529796722,0.0666316282324034,0.0672518999768361,0.0750303830966999,0.0659763427079424,0.0641474822383304,0.0680345705569807,0.0654308697440155,0.0677924566393939,0.0678633338094124,0.0701252097482506,0.0635872172879286,0.0627451987272973,0.0707071003052709,0.067142917120023,0.0633666021766418,0.0628414050821022,0.0652088886276656
"gene_419",0.0659756829653268,0.0641101181520124,0.0669525287030723,0.0682120489322239,0.0680833505047637,0.0660148529699843,0.0659871143080668,0.0661627416856193,0.0673566754765623,0.0675204263785631,0.0665425194099889,0.0672790819930257,0.0659946280476468,0.0666392415040888,0.0671685880893336,0.0778619996666676,0.0657106877952302,0.063373980604555,0.0683863134126174,0.0650097788924307,0.0680690120406436,0.0681618285135357,0.0711551370466726,0.0626656610903059,0.0616076740225534,0.0719351396182626,0.0672211523710853,0.0623877037045161,0.0617281609973218,0.0647255126410938
"gene_420",0.0657308101235766,0.0632561104134969,0.0670459372221223,0.0687616597495993,0.0685852998727164,0.0657832864939509,0.0657461225675835,0.0659816078637063,0.0675939910465391,0.0678167134367939,0.0664923035581836,0.0674885877610784,0.0657561883227106,0.066622692612119,0.0673386407215999,0.0715505534992921,0.0662837826516419,0.0651507394517595,0.0675299793052397,0.0659484150839101,0.0673849434651824,0.0674274442047415,0.0687654987792422,0.0647986633631364,0.0642650589432156,0.0691040977409297,0.0669938066992472,0.0646593766492783,0.0643263007472469,0.0658113147275272
"gene_421",0.0654554969745563,0.0623255389982765,0.0671462072300938,0.0693811505886457,0.0691498745772144,0.0655225922179366,0.0654750720206515,0.0657764367226771,0.0678564892647046,0.0681461080946131,0.0664321162961789,0.0677196228359225,0.0654879412401439,0.066599987075746,0.0675251322949518,0.0703814191002258,0.0663812692719503,0.0655017070821979,0.0673407913982932,0.0661216438863822,0.0672295406973049,0.0672621526176684,0.0682840448035993,0.0652269937974427,0.0648093633772652,0.0685411616121722,0.0669289649638238,0.0651181283780031,0.0648573732047277,0.0660153347299057
"gene_422",0.0666408861417769,0.066567079721368,0.0666779535428154,0.0667242381900807,0.0667195844493251,0.0666423927953918,0.0666413260201525,0.0666480657854175,0.0666929866211611,0.066699028354585,0.0666625228477831,0.0666901138556465,0.0666416150692148,0.0666661794500354,0.066686011982265,0.0667740986762015,0.0666590045577865,0.0666318699972684,0.0666878216506735,0.0666510679031679,0.0666845213800688,0.0666854899153302,0.0667153840508792,0.0666232497230771,0.0666100091769629,0.0667227694404647,0.0666755515357986,0.0666198141159726,0.066611539684898,0.0666478006053709
"gene_423",0.0653584018130352,0.0620044600743277,0.0671804106338525,0.0696001072717928,0.0693491190318917,0.0654305692831925,0.0653794555032527,0.065703707044792,0.0679480235271696,0.068261388983812,0.0664099778484729,0.0678000096538512,0.0653932973565704,0.0665909769493604,0.0675897606265991,0.0743894882190881,0.0660346864737343,0.0643277451189908,0.0679478805673068,0.065526263397256,0.0677232556608251,0.0677890248445806,0.0698827726169701,0.0638035145028387,0.0630144876410972,0.0704198099988663,0.0671200718539957,0.0635969188753406,0.0631047101689982,0.0653191929200919
"gene_424",0.0650730354246606,0.0610811455273485,0.0672775700005042,0.0702453763077448,0.0699353801192718,0.0651598674180475,0.0650983631270537,0.0654888690189723,0.0682140665266758,0.0685977047329103,0.0663422538361662,0.068033128696094,0.0651150168021524,0.0665615750611501,0.0677764076485092,0.06891536545104,0.0664986519238439,0.0659522222980125,0.0670884665165444,0.0663379369493203,0.0670204141943044,0.0670403719899317,0.06766198458588,0.0657804119630984,0.065518165941389,0.0678172476823509,0.0668361157988647,0.0657121739013287,0.0655483779985,0.0662719895381735
"gene_425",0.0665266341522495,0.0661298346651545,0.0667273829691263,0.0669794412234398,0.0669540275353109,0.0665347746423723,0.0665290106591266,0.0665654405362337,0.0668090805730156,0.066841960496608,0.0666436938738276,0.0667934558544885,0.0665305723640716,0.0666635101427719,0.0667711564586292,0.0672761778767797,0.0666226912092713,0.0664701462890895,0.0667853265838004,0.0665780134352769,0.0667666676976948,0.066772142658862,0.0669414931059486,0.0664218050752769,0.0663476665579762,0.0669834403252627,0.0667159978134584,0.0664025548107036,0.0663562294595223,0.0665596351694904
"gene_426",0.0665189001990277,0.0661004740203993,0.066730694933535,0.0669967218698027,0.0669698947691067,0.0665274872411411,0.0665214070588276,0.0665598363702736,0.0668169079526391,0.0668516084308819,0.0666423924237763,0.066800418757692,0.066523054429649,0.0666632999734658,0.0667768863298899,0.0674283538354603,0.0666115237196668,0.0664214189438051,0.0668144405451259,0.0665558230372824,0.0667911477949725,0.0667979821076753,0.0670095170115954,0.0663612199378878,0.0662689376176422,0.0670619542234318,0.0667279105087402,0.0663372537115662,0.066279593514505,0.0665329158405916
"gene_427",0.0658488928317922,0.0636647182694142,0.067001410807352,0.0684965086925774,0.0683432674814055,0.0658949894552014,0.0658623446210647,0.066069118398365,0.0674800308532774,0.0676742566106686,0.0665169220047977,0.0673880573065254,0.0658711868400871,0.0666311166705934,0.0672571530905964,0.0739349173013954,0.066075645745935,0.0644568302890518,0.0678847494450151,0.0655939401453064,0.0676726359455733,0.0677347498302769,0.0697086813249557,0.0639587638407827,0.0632083170654927,0.0702139104735301,0.0671026670732554,0.0637623628196333,0.0632941768152171,0.0653976373073529
"gene_428",0.0659844188160105,0.0641409953264239,0.0669491576850843,0.0681925473567363,0.0680655240283769,0.0660231101407072,0.0659957105197775,0.0661691864587678,0.0673481924240059,0.0675098548739563,0.0665442729214183,0.067271585096724,0.0660031324493541,0.0666397917256946,0.0671624916513406,0.0698221333494738,0.066426726278096,0.0656721972099562,0.0672465629971148,0.0662043081102639,0.0671516830162923,0.0671795007880281,0.0680491776776115,0.0654359423308909,0.0650762352506064,0.0682673899381178,0.0668951081432244,0.0653422391681779,0.065117619698933,0.0661131616984472
"gene_429",0.0664488453794061,0.0658358954838686,0.0667604880866053,0.0671532583320349,0.0671135827178982,0.0664614625019252,0.066452528603003,0.066509007536089,0.0668876132751225,0.0669388246673441,0.066630442805446,0.0668632871524917,0.0664549490867822,0.0666612191670834,0.0668285801650921,0.0703405700451516,0.0663846231708165,0.0655141104738703,0.0673339975445805,0.0661276941159735,0.0672239381469327,0.0672562012501528,0.0682669950847953,0.0652421740766486,0.0648287200135749,0.0685212681360107,0.0669265617373455,0.0651344025779838,0.0648762525098496,0.0660224829537034
"gene_430",0.0666204874086351,0.0664885237462551,0.0666868499654333,0.0667697963224454,0.0667614522695958,0.0666231836654139,0.0666212745902674,0.0666333367223352,0.0667137806403846,0.0667246066759683,0.0666592169753431,0.066708633545901,0.066621791860703,0.0666657642335601,0.0667012848837847,0.0669140346380562,0.0666489670009753,0.0665866477341864,0.0667152226585138,0.066630732270474,0.0667076309725718,0.0667098588145668,0.066778663212722,0.0665668635427274,0.0665364883978591,0.0667956737960298,0.0666870023724928,0.066558980410469,0.0665399987370234,0.0666232271817205
"gene_431",0.0651655550246317,0.0613772150878395,0.0672466290029501,0.0700359092581482,0.0697452191624047,0.0652476723858319,0.065189508791419,0.065558700061826,0.0681283139836215,0.0684890925508112,0.0663646492952738,0.0679580757678988,0.0652052585006775,0.0665715900048575,0.067716445651246,0.0750468946185491,0.0659748252291768,0.0641428582565481,0.0680367642959476,0.0654284069035502,0.0677942019959472,0.0678652101004351,0.0701314063972412,0.0635816776252614,0.062738314634223,0.0707144529146576,0.0671434751371858,0.0633607065780786,0.0628346726706176,0.0652060456510258
"gene_432",0.066596643819989,0.0663969721715815,0.0666972097863269,0.0668230521761453,0.0668103856528124,0.0666007277218859,0.0665978361118835,0.066616107640115,0.0667380500542388,0.0667544724940175,0.0666553221466742,0.0667302431889547,0.0665986195950638,0.0666652452298873,0.0667190981695011,0.0669093678235842,0.0666493028868559,0.0665881541421441,0.0667143117280215,0.0666314108757887,0.0667068630277106,0.0667090489127171,0.0667765561634684,0.066568741100869,0.066538935369974,0.0667932456475796,0.0666866227959046,0.0665610057952895,0.0665423799302559,0.06662404679074
"gene_433",0.0662764633028693,0.0651950518581944,0.0668322880679992,0.0675386592350136,0.0674670065889632,0.0662988871830144,0.0662830086530202,0.0663834468087189,0.0670601961722358,0.0671522008869549,0.066599851636762,0.06701653167661,0.0662873103335974,0.0666547953741759,0.0669542773632962,0.0683166288849917,0.0665448956089152,0.0661396396283867,0.0669803855176733,0.0664258825765648,0.0669302415251202,0.0669449500852531,0.0674019221592733,0.0660118581403089,0.0658164835328044,0.0675157166962577,0.0667943081844872,0.0659610591903455,0.0658390121997761,0.0663770036503335
"gene_434",0.065988019528277,0.0641537589829762,0.0669477519168366,0.0681844751510693,0.0680581439048998,0.0660265128576228,0.0659992534730501,0.0661718395551544,0.0673446734770995,0.0675054727453029,0.0665449859519948,0.0672684737655772,0.0660066374273653,0.0666400072001229,0.0671599592112883,0.0701505222169474,0.0664001365176607,0.0655718922547171,0.067302190996391,0.0661557944818215,0.0671976825814038,0.0672283202270838,0.068187445029798,0.0653129398218524,0.0649190256565036,0.068428493585364,0.0669152191507059,0.0652102849950534,0.064964324104063,0.0660557106728268
"gene_435",0.0665381543678082,0.0661736197359113,0.0667224440774343,0.0669537074884587,0.0669303969374759,0.0665456292032558,0.0665403365612219,0.0665737861758584,0.0667974173361387,0.0668275867319542,0.0666456276037461,0.0667830798191292,0.0665417705674734,0.0666638179737432,0.0667626165453056,0.0677320196923765,0.0665890197022437,0.0663245825812795,0.06687193382135,0.0665114782243849,0.0668394237541077,0.0668489615872753,0.0671445568346273,0.0662409688174161,0.0661129078336463,0.0672179461290249,0.0667512075475366,0.0662076972907562,0.0661276880068997,0.0664796036705502
"gene_436",0.0665487745785781,0.066214047692414,0.0667178801576876,0.066929980089991,0.0669086066495887,0.0665556350425828,0.0665507774263345,0.0665814765988537,0.0667866541033127,0.0668143252834969,0.0666474021744235,0.0667735030988776,0.0665520935715188,0.0666640927814523,0.0667547324714767,0.0672220623526583,0.0666266449000727,0.066487506991497,0.0667749245912981,0.0665858996232441,0.0667579159481494,0.0667629067757843,0.0669172464123742,0.0664434027160696,0.0663757512179383,0.0669554648525511,0.0667117232118892,0.0664258380991408,0.0663835655552873,0.0665691375976446
"gene_437",0.0665643260141576,0.0662733464058923,0.0667111839906763,0.0668952413499848,0.0668767007606012,0.0665702858222331,0.0665660659406081,0.0665927333952089,0.0667708819512519,0.0667948968368951,0.0666499900446634,0.0667594677172209,0.0665672093030009,0.06666448354413,0.0667431749814632,0.0671376198967415,0.0666327952873687,0.0665146306694628,0.0667586416324654,0.0665981995701529,0.0667442105354859,0.0667484451519178,0.0668793519332355,0.0664771589887865,0.0664196666459623,0.0669117536555364,0.0667050123837596,0.0664622337283087,0.066426308413958,0.0665839655294622
"gene_438",0.0662304367358084,0.065026341420236,0.066851098990823,0.0676416204805445,0.0675613422934636,0.0662554529376516,0.0662377385602761,0.0663498058315616,0.067105943384136,0.06720887992813,0.0665914012099287,0.0670571024033338,0.0662425374959829,0.0666527698951665,0.0669874807187759,0.0684991330597279,0.0665309109665754,0.0660823000145938,0.0670136482341172,0.0663991045590678,0.0669580292322563,0.0669743428191589,0.0674815689043588,0.0659409704453352,0.0657249943085095,0.0676079947497503,0.0668072994359605,0.0658848017772097,0.0657498915655576,0.0663449861026754
"gene_439",0.0664889722019353,0.0659871460461412,0.0667434664339554,0.067063589582994,0.0670312838189601,0.0664992841119914,0.0664919825559786,0.0665381359833627,0.0668471542265165,0.0668889035401692,0.0666373217551697,0.0668273185979641,0.066493960820492,0.0666624486985052,0.0667990137656981,0.0673050274636567,0.0666205799241654,0.0664608984391644,0.0667908617296437,0.0665738084201293,0.0667713235997297,0.0667770564987056,0.0669544072709722,0.0664103028201493,0.0663327135268982,0.0669983426689059,0.0667182686410589,0.0663901557735586,0.066341674574677,0.0665545697500344
"gene_440",0.06652330551738,0.0661171932817834,0.0667288095170989,0.0669868799014661,0.0669608579442251,0.0665316382621747,0.0665257381454413,0.0665630288284816,0.0668124507144544,0.0668461142266028,0.0666431344915598,0.0667964539064302,0.0665273367322713,0.0666634205367684,0.0667736237772853,0.0673292973785799,0.0666188016671114,0.0664531222859979,0.0667955125121801,0.066570270250136,0.0667752349854451,0.066781184792562,0.0669652648169399,0.0664006324564604,0.0663201441926096,0.0670108729727117,0.0667201744873082,0.0663797319763152,0.0663294396914329,0.066550308414838
"gene_441",0.0658098877103701,0.0635291015364055,0.0670162202000478,0.0685840575672819,0.0684232084528537,0.0658580990553595,0.0658239562877909,0.066040244614068,0.0675177656768277,0.0677213914068877,0.0665088700264179,0.0674213603656189,0.065833204083545,0.0666284218872726,0.0672841701020031,0.0708955571032004,0.0663388041791635,0.0653464782435466,0.0674252741343018,0.0660455358246778,0.0672990935693725,0.0673360762701381,0.0684973450706895,0.0650372492780923,0.0645677864560374,0.0687902702198458,0.0669584576398208,0.0649147981785584,0.0646217156031427,0.0659255374171259
"gene_442",0.0666441350140434,0.0665796110633682,0.0666765337411702,0.0667169824225808,0.0667129157853318,0.0666454519917174,0.066644519515937,0.0666504107292601,0.0666896720956667,0.0666949521369689,0.0666630471080745,0.0666871614625413,0.0666447721761376,0.0666662430982776,0.0666835766120353,0.0666974151051238,0.066664477257529,0.0666567000136812,0.0666727317999076,0.0666622029397454,0.0666717867085592,0.0666720640728255,0.0666806221789845,0.0666542283450707,0.0666504310292219,0.0666827356284573,0.0666692176963793,0.0666532431352868,0.0666508700255297,0.0666612665546971
"gene_443",0.0662122874406023,0.0649600806270341,0.0668584789333978,0.0676822362881273,0.0675985461419591,0.0662383230072447,0.066219886717787,0.0663365278702182,0.0671239495925501,0.0672312020633084,0.0665880387404609,0.0670730655913959,0.0662248811840456,0.0666519380928881,0.0670005369527231,0.0755671955970477,0.065926929379008,0.0639979935741998,0.0681051103606055,0.0653509684508284,0.0678484821357263,0.0679235971003376,0.0703255762937679,0.0634082920093309,0.0625231075038027,0.070945039176156,0.0671605364649376,0.0631762424698035,0.0626241806612728,0.0651167360132151
"gene_444",0.0658207659241195,0.0635668564390977,0.0670121017790822,0.0685596414088301,0.0684009166706165,0.0658683882904572,0.0658346627205673,0.0660483008593455,0.0675072532802517,0.0677082564398541,0.0665111246019082,0.0674120842428315,0.0658437975583027,0.0666291833358648,0.0672766473221401,0.0706225569606401,0.0663614373840032,0.0654287320036673,0.067380671989882,0.0660859670682703,0.0672624048925897,0.0672970710603007,0.0683843978303953,0.0651377322431602,0.0646956262771232,0.068658303915384,0.0669429945298548,0.0650224537000688,0.0647464323482383,0.0659732081589714
"gene_445",0.0663856330503135,0.0655992334944216,0.0667870651446118,0.0672945461829062,0.0672432045095086,0.0664018643376524,0.0663903711471909,0.0664630445403953,0.0669511287588722,0.0670172716313221,0.0666194199126581,0.0669197202662955,0.0663934849384984,0.0666590775717979,0.066874920065814,0.0681097885793587,0.0665606253308305,0.0662048521819738,0.0669423472762675,0.0664561993827703,0.0668984256105216,0.0669113098405104,0.0673112544674142,0.0660925625485491,0.0659207719255805,0.0674107432560146,0.0667793192045874,0.0660479075679869,0.0659405874560762,0.0664132980957014
"gene_446",0.0663023060926381,0.0652902164114914,0.0668216599791666,0.0674808601672863,0.0674140343101613,0.0663232696516502,0.0663084252827778,0.0664023141069831,0.0670344489807748,0.0671203231104231,0.0666045444022468,0.066993688540366,0.0663124468429283,0.0666558755635576,0.0669355685849544,0.0677892500940554,0.0665847458970653,0.0663063911875587,0.0668826796391484,0.0665031112114808,0.0668484368311079,0.0668584828339041,0.0671699027394273,0.0662184010865861,0.0660836600638252,0.0672472436055532,0.0667555277410298,0.066183391382538,0.0660992098150442,0.0664695570027133
"gene_447",0.06567522723737,0.0630657759762204,0.0670665786538992,0.0688865805425139,0.0686992486021445,0.0657306836526728,0.0656914087220366,0.0659403134583919,0.0676473462754275,0.0678835229537609,0.0664804652283254,0.0675356079601055,0.0657020459845567,0.0666184524871484,0.0673766843281847,0.0727610561177766,0.0661795735249277,0.0647948566952452,0.0677151415932463,0.0657685861117762,0.0675357459137111,0.0675882966446373,0.0692507095372566,0.0643667716729078,0.0637199386632009,0.0696738473940625,0.0670528442963278,0.0641977003432724,0.0637940554677581,0.0656008454954748
"gene_448",0.0661790614092759,0.0648391823836183,0.0668719240018947,0.067756591398289,0.067666640609318,0.0662069585629501,0.0661872038843623,0.0663121994595857,0.0671568507453645,0.0672720103579827,0.0665818327543093,0.0671022247483978,0.0661925554293966,0.066650359835657,0.0670243728325393,0.0691249965313082,0.0664822283103633,0.0658870871935633,0.0671256130521703,0.0663070948105902,0.0670513272634077,0.0670731117334857,0.067752210119565,0.0657001429907496,0.0654149649157049,0.0679220108171509,0.0668502163873313,0.0656259183532747,0.0654478085309182,0.0662352530281363
"gene_449",0.0666366705594912,0.0665508275328892,0.0666797947595923,0.0667336533055508,0.0667282374860527,0.0666384232469213,0.0666371822678733,0.0666450227421305,0.0666972864712343,0.0667043166826845,0.0666618417426755,0.066693943770359,0.066637518517847,0.0666660959351808,0.0666891709821834,0.06678679843152,0.0666580963496678,0.0666277612195852,0.0666903156613926,0.0666492232509693,0.0666866255857872,0.0666877085132237,0.0667211352246765,0.0666181247787854,0.066603323996588,0.066729393887397,0.0666765965038103,0.0666142842608258,0.0666050348206574,0.0666455705179042
"gene_450",0.0661702339876787,0.0648071473459415,0.0668754833913632,0.0677763493802983,0.0676847319455193,0.066198624793687,0.0661785205033348,0.0663057318145654,0.0671655803730399,0.0672828422924461,0.0665801739365938,0.0671099596903414,0.0661839667371155,0.066649929530647,0.0670306929965198,0.0686727153174948,0.0665175212778399,0.0660279391068978,0.0670450271118164,0.0663736139544084,0.0669842140533105,0.0670020501343852,0.0675570169911616,0.0658738280716987,0.0656384361537634,0.067695463885082,0.0668194553090989,0.065812596413908,0.0656655644397444,0.066314542202018
"gene_451",0.0658084967162173,0.0635242745312488,0.0670167478660555,0.0685871836328439,0.0684260624890905,0.065856783396031,0.0658225872655627,0.0660392145851503,0.0675191116787797,0.0677230731092915,0.0665085822150162,0.0674225481290754,0.0658318495094681,0.0666283251180189,0.0672851334550069,0.0722091032786497,0.0662274823151925,0.0649561964491692,0.0676320346620692,0.0658506291738313,0.0674682277750309,0.0675162197799183,0.069031120329663,0.0645622700696267,0.063966233939171,0.0694156929493073,0.0670269173198186,0.0644065711302343,0.0640345801416009,0.0656967068062803
"gene_452",0.0664940798348427,0.0660064554543556,0.0667412914332557,0.0670521771049963,0.0670208074376065,0.0665040977097324,0.066497004360433,0.0665418409559612,0.0668419965778008,0.0668825424099386,0.0666381907772053,0.0668227322286256,0.0664989262183616,0.0666625979787486,0.0667952420256167,0.0674658322277826,0.0666087618729268,0.0664094385611836,0.0668215796332172,0.0665503544240661,0.0667971471509584,0.0668043157855781,0.0670262340053851,0.0663463319368618,0.0662496031483162,0.0670812557448052,0.0667308198108973,0.0663212096842989,0.0662607718155007,0.0665263354353654
"gene_453",0.0662593536236256,0.065132217146633,0.0668392999103195,0.0675769340727869,0.0675020791378367,0.0662827424974163,0.0662661805768521,0.0663709472419858,0.0670772204939685,0.0671732872485586,0.0665967250337471,0.0670316322377822,0.0662706673620476,0.0666540586658877,0.0669666396364117,0.0684261896164802,0.0665365129258064,0.0661051960594821,0.0670003879668604,0.0664098111599017,0.0669469555311953,0.0669626281371768,0.0674497756658838,0.065969267921229,0.065761502711777,0.0675711520034037,0.0668021339594332,0.0659152397081369,0.065785456106958,0.0663577829672852
"gene_454",0.0653390308489878,0.0619407845833383,0.0671871921613396,0.0696438924890559,0.0693889453538075,0.0654122062551919,0.0653603783502899,0.0656891796838854,0.0679662630193779,0.0682843810153142,0.0664055216147494,0.0678160194738473,0.065374413477958,0.0665891372136752,0.0676026199475918,0.0683878504958152,0.0665394499096214,0.0661172408386833,0.0669933995739975,0.0664154357018836,0.0669411172817825,0.0669564527172052,0.0674330433763213,0.0659841588330553,0.0657807215368874,0.0675517662746503,0.0667994040318373,0.0659312586737489,0.0658041773440459,0.066364508201868
"gene_455",0.0655997905873511,0.062809473192516,0.0670942671417858,0.0690562332440172,0.0688539178631976,0.0656592680853682,0.0656171446087404,0.0658841647933201,0.0677194636504317,0.0679739414947058,0.0664641425506867,0.0675991138997408,0.0656285530078494,0.0666124165951859,0.067427994432641,0.0723605836726993,0.0662143949396846,0.0649117594507078,0.0676550587444962,0.0658281164429318,0.0674869604647827,0.0675362075730112,0.0690916576936623,0.064508376164222,0.0638982623010048,0.069486811798164,0.0670341935861314,0.0643489729273945,0.0639682086419308,0.0656703764330308
"gene_456",0.0665264694978169,0.0661292081659228,0.0667274540895353,0.066979810395932,0.0669543665550881,0.0665346195210692,0.0665288487875213,0.0665653213480257,0.0668092480528555,0.0668421668236805,0.0666436665303321,0.0667936048872954,0.0665304123212906,0.0666635060916377,0.0667712791790037,0.0673434429431108,0.0666177641495751,0.0664485913296377,0.0667982206574371,0.0665682075781255,0.0667775122880882,0.0667835884848711,0.0669715902021782,0.0663949984367841,0.066312822198044,0.0670181734049014,0.0667212832485455,0.0663736592345048,0.0663223124246468,0.0665478245218919
"gene_457",0.0662896703036829,0.0652436473028098,0.0668268620216498,0.0675091187845773,0.0674399344007065,0.0663113482960798,0.0662959979859041,0.0663930907935756,0.0670470428281554,0.0671359137504214,0.0666022542664603,0.0670048627118796,0.0663001565898125,0.0666553522019964,0.0669447215275879,0.0680861255389931,0.0665624162337472,0.0662123275703656,0.0669379721333798,0.0664596650297047,0.0668947634728949,0.0669074386409699,0.0673008544368047,0.0661018195796195,0.0659327430603093,0.0673987073248196,0.06677758597149,0.0660578714496142,0.0659522462436639,0.0664174502739771
"gene_458",0.066429505269154,0.0657632816900279,0.0667686494352424,0.0671964800093572,0.0671532425296651,0.0664432303673249,0.0664335118884518,0.0664949547065418,0.0669070735479991,0.0669628498193544,0.0666270939922038,0.0668805816996725,0.0664361449177151,0.0666605899240272,0.0668427877508029,0.0675468254903166,0.0666027781613786,0.0663835758338846,0.0668369658659275,0.0665385319810169,0.0668100723949634,0.0668179628933037,0.0670623119251026,0.0663142028031008,0.0662078945138267,0.0671229203401453,0.0667370741262725,0.0662865896056253,0.0662201676875169,0.0665121151956773
"gene_459",0.0660040532478089,0.0642106597595517,0.0669414836336972,0.0681485382645182,0.0680252856544649,0.0660416642289911,0.0660150297918648,0.0661836505776669,0.0673289972330108,0.0674859544908387,0.0665481538783707,0.0672546119966317,0.0660222445122671,0.066640958934072,0.0671486745411955,0.069192575309725,0.0664769055180353,0.0658661387972947,0.0671375095686301,0.066297143656411,0.0670612182631747,0.0670835903856613,0.0677812034998384,0.0656743462937676,0.0653818274790517,0.0679556928296263,0.0668547006797914,0.0655982046279964,0.0654155131208816,0.0662234105475528
"gene_460",0.0656543604048545,0.0629946837621201,0.0670742547587559,0.0689334475094931,0.0687419845424682,0.0657109310013223,0.0656708667922233,0.0659247901107941,0.0676672998087646,0.0679085304965848,0.0664759678560125,0.0675531827142423,0.0656817177272176,0.066616801477082,0.0673908894337479,0.0718311242591999,0.0662599041506529,0.0650675701291745,0.067573841940849,0.0659067592953811,0.0674207857220552,0.0674656329948904,0.0688791452863406,0.0646975153357281,0.0641370640785246,0.0692373258104791,0.067008198685513,0.0645511741435006,0.0642013625306966,0.0657624466847019
"gene_461",0.0661574060933724,0.0647606569383335,0.0668806468189985,0.0678050650504587,0.0677110231123058,0.066186513591281,0.066165901726549,0.0662963301194811,0.0671782581927819,0.0672985763940286,0.0665777561270239,0.067121191621562,0.0661714854303062,0.0666492962958376,0.0670398685664214,0.0694055834582176,0.0664600474183478,0.0658002762360928,0.0671747652667416,0.0662657601292456,0.0670921654734249,0.0671163859361879,0.0678723006669276,0.0655932985792273,0.0652778063784762,0.0680615746540582,0.0668686484450327,0.0655111553059081,0.0653141260827994,0.066186093813616
"gene_462",0.0666413832336023,0.0665689969622597,0.066677736235317,0.0667231277454207,0.0667185638610623,0.0666428608647043,0.0666418146387793,0.0666484245649585,0.0666924793593166,0.0666984045251533,0.0666626030304601,0.0666896620129085,0.066642098119947,0.0666661891488588,0.0666856392614916,0.0667796946468395,0.0666586043712574,0.0666300593262078,0.0666889207320195,0.0666502550354737,0.066685448688998,0.0666864676327091,0.0667179183977472,0.0666209912135841,0.0666070630353328,0.0667256885809221,0.0666760120728015,0.0666173771546321,0.066608673013682,0.0666468178784784
"gene_463",0.0655511662547318,0.0626454874400133,0.0671119138520067,0.0691656501389796,0.0689536206407774,0.0656132213394372,0.0655692718379922,0.0658479092700023,0.0677657651339661,0.0680320640485197,0.0664534646888922,0.0676398566208627,0.0655811745380362,0.0666083535742774,0.0674608685164029,0.0715683345187592,0.0662822693117631,0.0651454501408739,0.0675327722667097,0.0659457702762121,0.067387226992393,0.0674298767893317,0.0687727196425877,0.0647922277454212,0.0642569104086182,0.0691125596433309,0.0669947272098491,0.0646524910712688,0.0643183473095655,0.0658082107162621
"gene_464",0.0651983894995539,0.0614830219914575,0.0672355283535665,0.06996165350811,0.0696777731214862,0.0652788248760879,0.065221853067435,0.0655834433662852,0.0680977781235826,0.0684504631726362,0.0663725014806899,0.0679313305580479,0.0652372802717931,0.0665750391728655,0.0676950494998543,0.0685189126494487,0.0665293890949809,0.0660760964261217,0.0670172361355014,0.0663962004736355,0.0669610246063432,0.066977511884604,0.067490180911715,0.0659333052711078,0.0657151079168879,0.0676179762261493,0.0668086940123687,0.0658765574982366,0.0657402604703534,0.0663415161027175
"gene_465",0.0660548800540758,0.0643918152477598,0.0669214812558109,0.0680346121927734,0.0679210903284979,0.0660896849536256,0.0660650379682418,0.0662210510701297,0.0672791750599924,0.0674239643872148,0.0665580957207638,0.0672105383737345,0.0660717144767762,0.066643864888383,0.0671127677712382,0.0718853524138111,0.0662552723887609,0.0650515468254142,0.067582255458925,0.0658987093325701,0.0674276530871105,0.0674729526756429,0.0689010293793356,0.0646780428669518,0.0641124456659943,0.069262995380922,0.0670109330316979,0.0645303489556003,0.0641773297312974,0.0657530105971317
"gene_466",0.065911276297853,0.0638829702102106,0.0669775105559666,0.0683565445524955,0.0682154134790672,0.0659539752845997,0.065923737058598,0.0661152295359189,0.0674194825052367,0.0675987000167112,0.0665296318647844,0.0673345885091516,0.0659319276415109,0.0666352416855735,0.0672137300504871,0.0706582346202464,0.066358489093354,0.065417959086705,0.0673865329016559,0.0660806842740806,0.067267229769499,0.0673021992403222,0.0683991980034966,0.0651245643645292,0.0646788619340287,0.0686755890481756,0.0669450395131428,0.0650083431522749,0.0647300787214986,0.0659669754681094
"gene_467",0.0663433811062097,0.0654421270370989,0.0668046688165313,0.0673890084046854,0.0673298304197363,0.0663620164583659,0.0663488208367329,0.0664322704353029,0.06699343444007,0.0670695753462955,0.0666119258042765,0.0669572862134549,0.0663523957918619,0.0666575074315937,0.0669057342054557,0.0683083454280215,0.0665455282451623,0.066142246886762,0.0669788693236421,0.0664270976097118,0.0669289741748784,0.0669436097808206,0.0673982994519563,0.0660150830147318,0.0658206480883686,0.0675115208584562,0.0667937135572164,0.0659645289288366,0.0658430686866594,0.0663784572724616
"gene_468",0.0662727591434099,0.0651814401375735,0.0668338060836737,0.0675469411530825,0.0674745958984332,0.0662953919966956,0.0662793654763045,0.0663807409436559,0.0670638809665846,0.0671567645952723,0.066599175097838,0.067019800193207,0.0662837072421132,0.0666546361957921,0.0669569533165943,0.0704544582777888,0.0663752817243318,0.0654795755408961,0.0673529218134667,0.0661108448573555,0.0672395433544059,0.0672727782672602,0.0683145013862668,0.0651999109409986,0.0647748362076346,0.068576702316527,0.0669332544122125,0.0650890953482296,0.0648236967305463,0.0660025766972974
"gene_469",0.0659269125689038,0.0639379337009446,0.0669714805491202,0.0683214787503927,0.0681833716774889,0.0659687570389133,0.0659391240710666,0.0661267742844326,0.0674042710988425,0.0675797321506284,0.0665327861889526,0.0673211497743351,0.0659471507629331,0.0666362412097115,0.0672028074904199,0.070011738053963,0.0664114079932098,0.0656142120693804,0.0672787854668088,0.0661763044139339,0.0671783405662406,0.0672077882014304,0.0681291360905015,0.0653648113551406,0.0649852848351753,0.0683605311931269,0.0669067996533602,0.0652659225217804,0.0650289375041572,0.0660799856870347
"gene_470",0.0655274078720338,0.0625656835194371,0.0671204923767419,0.0692191622321505,0.0690023682886918,0.0655907188513933,0.0655458796280628,0.0658301788045128,0.067788355251974,0.0680604394446435,0.0664482103776292,0.0676597272649375,0.0655580231663506,0.0666063281807003,0.0674768907516285,0.0731843112587836,0.0661424088237008,0.0646721790879483,0.0677774001702343,0.0657056317022861,0.0675861392415971,0.067642158826286,0.0694172441154897,0.0642184503206168,0.0635335782387293,0.0698699717712706,0.0670716272940675,0.0640393539602151,0.0636120105100013,0.0655274646153528
"gene_471",0.0660646278351125,0.0644266475614004,0.0669176474849138,0.0680128206403853,0.0679011565700435,0.0660988940019249,0.0660746285767867,0.0662282216682471,0.0672696335625193,0.0674120955641544,0.0665599995496287,0.0672020967273053,0.0660812017541456,0.0666444200223583,0.0671058890411558,0.0701882896887727,0.0663970613075308,0.0655603945011628,0.067308534628749,0.0661502120639022,0.0672029218597525,0.0672338829009947,0.0682032812638126,0.0652988530474254,0.0649010409697351,0.0684469573598476,0.0669174908143255,0.0651951777127521,0.0649467851761485,0.0660491067152279
"gene_472",0.066564668741829,0.066274655510491,0.0667110357696114,0.0668944747753913,0.0668759966279095,0.066570608668168,0.0665664028643056,0.0665929813248328,0.0667705335420754,0.0667944677968614,0.0666500466582269,0.0667591576115248,0.0665675424125531,0.0666644916774281,0.0667429195277699,0.0671935013084057,0.0666287277229223,0.0664966764056018,0.0667694242166542,0.0665900606063288,0.0667532870389948,0.0667580221970685,0.0669044374627613,0.0664548125759843,0.0663905921940675,0.0669406882768472,0.0667094589399919,0.0664381394330196,0.066398010547855,0.0665741528050834
"gene_473",0.0666378574955789,0.0665554025608091,0.0666792764807257,0.0667310023785435,0.0667258011598668,0.0666395409196493,0.0666383489824389,0.0666458795821207,0.066696075931835,0.0667028278139723,0.0666620336186012,0.0666928655502725,0.0666386719444353,0.0666661195642293,0.0666882816687034,0.0667967680433525,0.0666573829607453,0.0666245363366109,0.0666922724732856,0.0666477749877125,0.0666882764380741,0.0666894491517549,0.0667256488470359,0.0666141025977504,0.0665980777178407,0.0667345930880543,0.0666774159881362,0.0666099443933694,0.0665999300053691,0.0666438197950966
"gene_474",0.0666155176533263,0.0664694181160129,0.0666890124320692,0.0667808954558155,0.0667716512997916,0.0666185033799016,0.0666163893439982,0.0666297467007492,0.0667188419311444,0.0667308340139907,0.0666584077139222,0.0667131406019028,0.0666169621479657,0.0666656588357689,0.0667050008061527,0.066848134379098,0.0666537019944142,0.0666079298834724,0.0667023403543501,0.0666403113461651,0.0666967685916674,0.0666984037057131,0.0667488880711939,0.0665933940775472,0.0665710724396176,0.0667613651053127,0.0666816269490199,0.0665876015574535,0.06657365234228,0.0666347994292618
"gene_475",0.0659456344038473,0.0640038950756774,0.0669642320112899,0.0682794834606804,0.0681449922198251,0.0659864538878585,0.0659575469161566,0.0661405889113054,0.0673860283861725,0.0675569931675992,0.0665365419128172,0.0673050292236002,0.0659653770207346,0.06663741454921,0.067189699604067,0.0715155974607532,0.0662867424904767,0.0651611268851944,0.0675244714640426,0.0659536003235998,0.0673804371810897,0.0674226448665421,0.0687512874227313,0.0648113061874792,0.0642810724520957,0.0690874475610854,0.0669919803489934,0.0646729048519786,0.0643419303146913,0.0658174032071769
"gene_476",0.0658114561480389,0.0635345428504416,0.0670156264232368,0.0685805359632683,0.0684199933448854,0.0658595825901311,0.0658254999628966,0.0660414062451134,0.0675162497646798,0.0677194972268139,0.066509195210923,0.0674200227596153,0.0658347314754695,0.0666285317821494,0.0672830853689464,0.0705154763474712,0.0663702641538705,0.0654611020404963,0.0673630199017875,0.0661018156519474,0.0672478655013594,0.0672816203762826,0.0683399037485247,0.0651773130551979,0.0647460395708067,0.0686063530317653,0.0669368090153019,0.0650648733214135,0.0647956083136258,0.0659919144590289
"gene_477",0.0664343478335713,0.0657814457787809,0.0667666086863392,0.0671856579043367,0.0671433128552845,0.0664477957003384,0.0664382735353465,0.0664984742547068,0.066902203570043,0.0669568366023374,0.0666279346299254,0.0668762540705449,0.0664408533828305,0.0666607498276962,0.0668392331244394,0.0676738627867446,0.0665933516453456,0.0663430869132254,0.066860984600438,0.0665199770622344,0.0668302367410903,0.0668392577436747,0.0671187664787066,0.0662639321086123,0.0661426796041152,0.0671881411733684,0.0667467941472266,0.0662324319090583,0.0661566752586416,0.0664898127016935
"gene_478",0.0661362795618412,0.0646842570891239,0.0668891244249199,0.0678523603050009,0.0677543191805304,0.0661665655350752,0.0661451190453674,0.0662808379958397,0.067199112974852,0.0673244673396955,0.0665737538671816,0.0671396642740456,0.0661509287931429,0.066648231041584,0.0670549537854487,0.0694447613970202,0.0664569331985878,0.0657881894120941,0.0671815774772492,0.0662599846721336,0.0670978195060946,0.0671223792800408,0.0678890079045942,0.0655784346598417,0.065258744026123,0.0680810021982291,0.0668711828136541,0.0654951942314325,0.0652955449265635,0.0661792317212679
"gene_479",0.0662782033274909,0.065201449556379,0.0668315739206941,0.0675347672100166,0.0674634399291918,0.0663005289893221,0.0662847200153834,0.0663847176387928,0.0670584639083654,0.0671500556701132,0.0666001687557215,0.0670149950040742,0.0662890028557021,0.0666548693658131,0.0669530191173288,0.0682671971534963,0.0665486662784599,0.0661552023147287,0.0669713278027855,0.0664331308285451,0.0669226691832706,0.0669369422670289,0.0673802926250761,0.0660311098237256,0.0658413485683933,0.0674906673435,0.0667907516652641,0.0659817735343389,0.0658632316264042,0.0663856766423155
"gene_480",0.065170677079942,0.0613937059328406,0.0672448949618961,0.0700243069145775,0.0697346815583493,0.0652525321123583,0.0651945543946631,0.0655625600780094,0.0681235446505974,0.0684830587962313,0.0663658738071879,0.0679538985511443,0.0652102538050779,0.0665721273286192,0.0677131038893771,0.0674624095212604,0.0666090081296154,0.06641052476916,0.0668209235258737,0.0665508473310979,0.0667965949303345,0.0668037330918033,0.0670247047444589,0.0663476830296828,0.0662513592744357,0.0670794908312657,0.0667305492329035,0.0663226660855192,0.0662624812353994,0.0665269296476066
"gene_481",0.0657322337606157,0.0632610000023955,0.0670454070612089,0.0687584639271704,0.0685823841483044,0.0657846336576989,0.0657475239027257,0.0659826648991306,0.0675926237565573,0.0678150020944349,0.0664926053582117,0.067487382517443,0.0657575749917914,0.0666227997116283,0.0673376651461505,0.0686226980288653,0.0665213885233403,0.0660435858499316,0.0670360112241991,0.0663809613846109,0.0669766934962731,0.0669940912794549,0.0675353073729714,0.0658931474100176,0.0656633323836929,0.0676702897058124,0.0668159727631083,0.0658333702522385,0.0656898199629091,0.0663233139215734
"gene_482",0.0659218271177115,0.063920059438154,0.0669734361833283,0.0683328656529729,0.0681937765844605,0.0659639493472571,0.0659341196415603,0.0661230187323063,0.0674092095675386,0.0675858908550544,0.0665317574888921,0.067325512383203,0.0659421996061019,0.0666359127348831,0.0672063526748286,0.0709485620611049,0.0663343864447013,0.0653305509752763,0.0674338659001733,0.0660376795763774,0.067306152538113,0.0673435838954459,0.0685191922275824,0.0650178080861698,0.0645430765177529,0.0688158114952375,0.066961407424085,0.0648939750566679,0.0645976068626824,0.0659162831690463
"gene_483",0.0659595748958246,0.0640531015103649,0.0669588236968565,0.0682482280402962,0.0681164244277633,0.065999630223042,0.0659712644981462,0.0661508713205153,0.0673724369303629,0.0675400563845028,0.0665393289049327,0.0672930169691199,0.065978948040285,0.0666382779147777,0.0671799295091238,0.0819461973615887,0.0653095418878935,0.0623202908858413,0.0688118894281875,0.0644062040653316,0.0683920133222767,0.0685147071044469,0.0725288963718765,0.0614266280023534,0.0601023981422632,0.073593525490729,0.067276091685496,0.0610774985490438,0.0602525699138727,0.064041484394717
"gene_484",0.0658718638367608,0.0637448955721765,0.0669926374797675,0.0684449542616659,0.0682961810095214,0.0659167114491421,0.0658849513209632,0.0660861067496807,0.0674577587994031,0.0676464538891004,0.0665216241794896,0.067368393601102,0.0658935539927187,0.0666326597614936,0.0672411900025382,0.0701152756263702,0.0664030026756998,0.065582628896704,0.0672962602857508,0.066161003097221,0.0671927830529101,0.0672231187237698,0.0681726532963688,0.0653260965933492,0.0649358267984223,0.0684112499469303,0.0669130909308253,0.0652243958092522,0.0649807084366937,0.0660618738017444
"gene_485",0.0656591746608405,0.0630110370335466,0.0670725050219466,0.0689226781753442,0.0687321663061356,0.0657154891135573,0.0656756063556887,0.0659283758679539,0.0676627253139862,0.0679027929639595,0.0664770181803776,0.0675491555833799,0.0656864081687768,0.0666171971710332,0.0673876376189387,0.0800682653188246,0.0654962528143055,0.0627961051353819,0.0686274885170089,0.0646829834147101,0.0682539287195075,0.0683631393953457,0.071913027152632,0.0619838713307694,0.0607760351255571,0.0728470321029469,0.0672586935395292,0.0616659244297229,0.060913264552378,0.0643539670180266
"gene_486",0.0661387205173681,0.0646930741734433,0.06688814637038,0.0678468951424628,0.0677493165081047,0.0661688704393276,0.0661475203049017,0.0662826284373782,0.0671967046744124,0.0673214769530872,0.0665742174537856,0.0671375312767068,0.0661533039566991,0.0666483553959558,0.0670532122449712,0.0692824475491241,0.0664698081019164,0.0658383198501598,0.067153273557475,0.0662839060395085,0.0670743182042045,0.0670974709025944,0.0678196930092452,0.065640102621018,0.0653378605630656,0.0680004191225622,0.0668606203991681,0.0655614212319739,0.0653726612518087,0.0662076643887927
"gene_487",0.0664960878098573,0.0660140509860517,0.0667404354249735,0.0670476895961911,0.0670166878704804,0.0665059900349223,0.0664989785772778,0.0665432972499112,0.0668399678586263,0.0668800405496926,0.0666385317612428,0.0668209281125518,0.0665008782493543,0.0666626559270482,0.0667937581968268,0.06762191564292,0.0665972122981799,0.0663596320413343,0.0668511798892969,0.0665275660714677,0.066822007302738,0.0668305662839361,0.0670957011614134,0.0662844702043737,0.0661693166380939,0.0671614906846821,0.0667428327238463,0.0662545565022238,0.0661826094089156,0.0664989321747804
"gene_488",0.0660268177017137,0.0642916440110922,0.0669325524861058,0.0680975203353072,0.0679786309383791,0.0660631736983497,0.0660374281301084,0.0662004097394244,0.0673067108258778,0.0674582166372519,0.0665526271521462,0.0672349006696681,0.0660444021433496,0.0666422832151408,0.0671326211688694,0.0774096426715411,0.065753922184675,0.0634951104335711,0.0683334236602239,0.065076972060623,0.0680279073508637,0.0681172872032873,0.0709950169056054,0.0628092850982824,0.0617839258133072,0.0717433918747658,0.0672110296627673,0.0625400124742718,0.0619007557651187,0.0648022778408517
"gene_489",0.0658066106973879,0.0635177438631197,0.0670174559322608,0.0685914053657889,0.0684299163436167,0.0658549992252715,0.0658207309513713,0.0660378165743676,0.0675209262666995,0.067725341636235,0.0665081876879398,0.0674241487482274,0.0658300127282804,0.0666281888900781,0.0672864306322298,0.0703413343251578,0.0663845581475835,0.0655138755436806,0.0673341229947704,0.0661275784731271,0.067224041239213,0.0672563108889731,0.068267312982311,0.065241887000211,0.064828354502245,0.0685216393859683,0.0669266047822372,0.0651340949579426,0.0648758959636518,0.0660223466964825
"gene_490",0.0666321737078592,0.0665335016704932,0.0666817570716505,0.0667436960758779,0.0667374670367196,0.0666341887263105,0.0666327620038317,0.0666417761340744,0.0667018714402935,0.0667099561870159,0.0666611138754363,0.066698027422215,0.0666331485812049,0.0666660053890678,0.0666925389414669,0.0668331065361855,0.0666547798976343,0.0666127868038404,0.066699397376197,0.066642495295431,0.0666942864980574,0.0666957863662119,0.0667420920049746,0.0665994500997361,0.0665789689041843,0.0667535353882994,0.0666803969837568,0.0665941352878934,0.0665813361491142,0.0666374385355196
"gene_491",0.0664677054779081,0.065906884419128,0.066752503076774,0.0671111127808489,0.06707490443355,0.0664792402170282,0.0664710727682437,0.0665227031263057,0.0668686116595661,0.0669153743051757,0.0666336879170385,0.0668463965821464,0.0664732856144135,0.066661810184405,0.0668146990804971,0.0677746031252065,0.0665858409094333,0.0663110454333901,0.0668799323424538,0.0665052531217612,0.0668461328683606,0.0668560488541374,0.0671634192352788,0.0662241742893246,0.066091141026626,0.0672397486764624,0.0667544244000897,0.0661896089775126,0.0661064940476031,0.0664721284815085
"gene_492",0.0664390246294444,0.0657989992769081,0.0667646360370139,0.0671752061502047,0.0671337226174468,0.0664522046315891,0.0664428721471893,0.0665018727747057,0.0668974985993683,0.0669510276793324,0.0666287451395839,0.0668720728369504,0.0664454006096448,0.0666609027671639,0.0668357983952133,0.0676143833957634,0.066597771629283,0.0663620326417005,0.0668497564663805,0.0665286665241656,0.0668208123942236,0.0668293043517638,0.0670923545945601,0.0662874505890653,0.0661731827532774,0.0671576243196518,0.0667422570097858,0.0662577672709518,0.0661863734367442,0.0665002547742379
"gene_493",0.0666310893619452,0.0665293246567702,0.0666822303857976,0.0667461185606152,0.0667396933298837,0.0666331676355481,0.0666316961252069,0.0666409932614788,0.0667029773283908,0.0667113164420208,0.0666609383936724,0.0666990123899198,0.0666320948378732,0.0666659836054383,0.0666933512841993,0.0667996211276001,0.0666571788168829,0.0666236136438736,0.0666928323613632,0.0666473605860385,0.066688748777093,0.0666899471826242,0.0667269403960551,0.0666129518093104,0.0665965767460407,0.0667360808354926,0.0666776504399135,0.066608702721295,0.0665984695018352,0.0666433188572536
"gene_494",0.0652533600641083,0.0616610695984015,0.0672167806342613,0.0698373782732944,0.0695648530731545,0.06533096827736,0.0652759996390165,0.0656248176244942,0.0680465027146335,0.0683856562524898,0.0663855219405426,0.067886395555687,0.0652908847522916,0.0665806751133317,0.0676590646808357,0.0721757595996362,0.0662303542423052,0.0649659909796363,0.0676269425404461,0.0658555815237572,0.0674640815381052,0.0675117968853113,0.0690177657143737,0.0645741545428583,0.0639812310349132,0.0694000095921739,0.0670252969514096,0.0644192744581583,0.0640492233511929,0.0657025020221339
"gene_495",0.0666431269540977,0.066575722579444,0.0666769741983468,0.0667192333678029,0.0667149846036741,0.0666445027839409,0.0666435286380894,0.0666496831358554,0.0666907003757786,0.0666962167194871,0.0666628844116246,0.0666880773957528,0.0666437925889386,0.0666662233109019,0.0666843321441145,0.066785239343474,0.0666582077799846,0.0666282654661404,0.0666900094901102,0.0666494496175197,0.0666863672625854,0.0666874361485751,0.0667204292215037,0.0666187537358203,0.0666041444292899,0.0667285806800777,0.0666764681982467,0.0666149629101851,0.0666058331249622,0.066645844190757
"gene_496",0.0665772843343126,0.0663228523749264,0.0667055900293327,0.0668662949139955,0.0668501117608963,0.0665824926429812,0.0665788048776644,0.0666021086420728,0.0667577260371568,0.0667786956237301,0.0666521352804909,0.0667477585590421,0.0665798040708067,0.0666647969085929,0.0667335301825968,0.0670688243960201,0.0666377886394516,0.0665367587356254,0.0667453291322708,0.0666082149387947,0.0667330002056881,0.0667366180481594,0.0668484252539848,0.0665047098402719,0.0664555274241678,0.0668760896481058,0.0666995081129435,0.0664919430581783,0.0664612098231957,0.0665960458578491
"gene_497",0.0662979138692036,0.0652740205618264,0.0668234693834117,0.0674906824061103,0.0674230370537457,0.0663191258552011,0.0663041055578031,0.0663991084578485,0.0670388276396249,0.0671257432945709,0.0666037492872013,0.0669975737746309,0.0663081747716924,0.0666556946697606,0.066938751294685,0.0681170530912021,0.0665600747935651,0.0662025574056128,0.0669436891826863,0.066455134922761,0.0668995486626252,0.0669124970627644,0.0673144459309674,0.0660897211707392,0.0659170979461132,0.0674144369920239,0.0667798502170046,0.0660448493418641,0.0659370092902355,0.0664120229720978
"gene_498",0.0664463902393559,0.0658266676180909,0.0667615254769787,0.0671587445604826,0.0671186171613959,0.0664591481174333,0.0664501145470819,0.0665072240471239,0.0668900848373643,0.0669418755301672,0.0666300187769478,0.066865483851906,0.0664525620324082,0.0666611404758995,0.066830385056433,0.0669248727431939,0.0666481868480472,0.0665831499981439,0.0667173375689443,0.0666291563982181,0.0667094138572002,0.0667117391266966,0.0667835558058511,0.0665625041793934,0.0665308071989391,0.0668013121168056,0.0666878834540678,0.0665542778755598,0.0665344702331162,0.0666213239377028
"gene_499",0.0660333742669867,0.0643150035461962,0.0669299778801438,0.0680828379734443,0.0679652029345807,0.0660693684997083,0.0660438791564108,0.0662052353724732,0.0673002920450563,0.0674502292692885,0.0665539128442324,0.0672292229482839,0.0660507837826198,0.0666426618590779,0.0671279962614261,0.0695031278397385,0.0664522862045341,0.0657701985918891,0.067191703329422,0.0662513790001134,0.0671062211607123,0.0671312860574156,0.0679138705331226,0.0655563156876349,0.0652303857954203,0.0681099180342977,0.0668749409049481,0.0654714445858385,0.0652679016923212,0.0661690098736891
