"","sample_0","sample_1","sample_2","sample_3","sample_4","sample_5","sample_6","sample_7","sample_8","sample_9","sample_10","sample_11","sample_12","sample_13","sample_14","sample_15","sample_16","sample_17","sample_18","sample_19","sample_20","sample_21","sample_22","sample_23","sample_24","sample_25","sample_26","sample_27","sample_28","sample_29"
"gene_0",1313.91844697215,1006.08487225941,1552.0146178658,2005.15654338984,1948.00567756041,1322.16734608448,1316.31615292986,1354.17502615817,1675.01885817523,1730.10903194083,1443.18237333852,1650.03324389912,1317.89646554629,1467.57342619739,1615.61911316643,2806.03422550014,1339.84899415371,1192.6199052821,1541.81949807636,1293.16841469957,1515.66369181438,1523.2474786452,1801.30915529057,1152.37034476912,1095.56060216323,1886.33156170453,1448.84885282788,1137.07326487999,1101.8405425943,1274.88008838051
"gene_1",34.2950791293448,26.2601993179144,40.509716757737,52.3373444377371,50.8456282125425,34.5103867448511,34.3576625535582,35.3458312303164,43.7202966566477,45.1582259839166,37.6690454462957,43.0681377493206,34.3989108870103,38.305685482647,42.1698815909075,64.5427947939257,30.8184404518791,27.4319611337079,35.4640504984857,29.7447204547421,34.862429598464,35.0368675268165,41.4326832202543,26.506163757066,25.1994585408621,43.3883199976654,33.325592876123,26.1543090721665,25.3439061398534,29.3240628298248
"gene_2",1458.61777874518,1116.88307975727,1722.93502668164,2225.98060792554,2162.53582627902,1467.77511337888,1461.27953948549,1503.30773819244,1859.48548929964,1920.6426387969,1602.11729470288,1831.74825699274,1463.03388891533,1629.19448767802,1793.54416370031,2417.5571877937,1154.35568708971,1027.50950010479,1328.36469918346,1114.13772774903,1305.82999277947,1312.3638540549,1551.92971498241,992.832227304828,943.887421027885,1625.1813267702,1248.26523010652,979.652927814413,949.297944887535,1098.38130028154
"gene_3",27.7921377037726,21.2808103698909,32.828372322037,42.4132767904524,41.2044158168649,27.9666192635397,27.8428542260221,28.6436489941415,35.4301706244395,36.5954436282145,30.5263415274446,34.9016723495466,27.8762811605112,31.0422635782811,34.173741127877,13.1691798671089,6.28813156961056,5.59716125449432,7.2360123437782,6.06905193702949,7.11325884558381,7.14885080377922,8.45383995915565,5.40826345091421,5.14164599066289,8.85286408816476,6.79968582341292,5.33647174050996,5.17111878338224,5.98322181543815
"gene_4",291.812097713386,223.444413714015,344.69159205804,445.331244506618,432.638436910946,293.644120514605,292.344611437378,300.7528024018,372.009973556565,384.245115857051,320.520711705802,366.460843371683,292.695587817006,325.937793958195,358.817705623498,590.186111985385,281.807064689728,250.840741206343,324.287012141043,271.988855972635,318.785727280253,320.380806065512,378.864818249013,242.375152507387,230.426502413682,396.747366871225,304.732730461463,239.157756218185,231.747346469266,268.142318354925
"gene_5",860.032904668406,658.538661228294,1015.88012784727,1312.48679117067,1275.07836201217,865.432269202971,861.602336944894,886.383080974363,1096.39326344075,1132.45285471257,944.643353907396,1080.03878537529,862.636739691066,960.608658364819,1057.5128174327,859.441647161575,410.373478704808,365.279655721462,472.233687319475,396.075993046245,464.222598569255,466.545386433483,551.711056622703,352.951884281453,335.552004295553,577.752006640352,443.758323846037,348.2666429479,337.475445677383,390.474582645528
"gene_6",8.40932621052903,6.43913319415258,9.93318667168368,12.8333805765491,12.467604241586,8.46212072275555,8.4246719814951,8.66697592027727,10.7204370405509,11.0730245571181,9.23663975238056,10.5605243903385,8.43478628070203,9.39274709723226,10.340267454111,90.890727833455,43.3992747340235,38.6303524863229,49.9413353887353,41.8872362122844,49.094118256949,49.3397659751852,58.3465086382702,37.3266221836927,35.4864882300307,61.1004837433813,46.9299075390719,36.8311318891644,35.6899028396402,41.294855950173
"gene_7",345.265990681668,264.374772217386,407.831906024853,526.906644792694,511.888779449236,347.433601868356,345.896049818718,355.844446084396,440.154445514535,454.63081082156,379.233424276299,433.588830361092,346.311317754377,385.64280306879,424.545629111994,731.917248677391,349.482048555329,311.079270473397,402.163407250697,337.306031252955,395.341008014708,397.319139407877,469.847883171375,300.580700169648,285.76262342336,492.024863485059,377.913233015599,296.590657381323,287.400663572835,332.535761040026
"gene_8",116.425344181855,89.1484382450731,137.522870218235,177.675441912422,172.611345856982,117.15627304619,116.637803137749,119.992449962367,148.422185199963,153.303684852,127.879325326715,146.208228353255,116.777833472742,130.040598524907,143.158817619654,231.759133528802,110.662314494455,98.502204059224,127.343689426418,106.806819594001,125.183399669102,125.809768317355,148.775750934838,95.1778671054429,90.4857729739152,155.798017114618,119.664953368749,93.9144334849945,91.0044528744282,105.296329585404
"gene_9",565.84043426289,433.27156440833,668.376813933379,863.52288598383,838.910802323731,569.392831800704,566.873008988873,583.176974670743,721.348726241371,745.073370582109,621.508087303477,710.588643783517,567.553572367227,632.012121228563,695.7681602722,1317.49899545684,629.090581939264,559.963065629017,723.920478742313,607.172953145119,711.639713182731,715.200479277658,845.75696940387,541.064951321809,514.391442447526,885.676986780621,680.268576492257,533.882612915456,517.340022024454,598.586154261845
"gene_10",24.7396669227337,18.9434927967233,29.2227609664024,37.7549345819148,36.6788454317669,24.8949847942413,24.7848131393114,25.4976548806666,31.5387981164642,32.5760866580913,27.1735672084007,31.0683459537176,24.8145687210634,27.632824421064,30.4203649974229,39.5528301897729,18.8860204426958,16.8107331570977,21.7329226552202,18.2280281005031,21.3642399947753,21.4711382749135,25.3905937750251,16.2433901012946,15.4426207870804,26.5890384599319,20.4224425082821,16.0277680686923,15.5311405261538,17.970242554347
"gene_11",122.974198391126,94.1629832236925,145.25844732843,187.669576555776,182.320628202909,123.746241555818,123.198608032993,126.741951684169,156.770842093583,161.926923107337,135.072458950923,154.432351532016,123.346514988452,137.355302441056,151.211413314783,504.656851151512,240.967828639943,214.489117969688,277.29161885206,232.572466237313,272.587575434646,273.9514967821,323.960056509041,207.250355062191,197.033293004402,339.25108165345,260.571126758897,204.499221060151,198.16272148199,229.28336552388
"gene_12",2398.77539366123,1836.77429986019,2833.45932505804,3660.74484136099,3556.40648535877,2413.83512302346,2403.15280237015,2472.27043576748,3058.02390564535,3158.60012753035,2634.76806624317,3012.40853517914,2406.03792437093,2679.29796652593,2949.57984882798,4542.90677269945,2169.185612428,1930.82500410221,2496.17134974279,2093.61079633039,2453.82568327402,2466.10366486219,2916.27931225126,1865.66186411234,1773.68815898278,3053.92869030201,2345.65395044548,1840.89623324464,1783.85524235518,2064.00240426546
"gene_13",211.547893670647,161.985042580722,249.88264995607,322.840922289774,313.63932738445,212.876010523209,211.933937147063,218.029418115953,269.686990179758,278.556802647131,232.360076811404,265.664172717718,212.188375926058,236.287166706971,260.123313704904,1787.01858689075,853.280774133396,759.518155005804,981.905379362198,823.552318801916,965.248094315382,970.077817311108,1147.16096902453,733.885284209985,697.706086882088,1201.30735796847,922.697166723723,724.143362376456,701.705457300636,811.90542627356
"gene_14",744.036967586128,569.719025724306,878.864477918918,1135.46666272726,1103.10365191435,748.708099113054,745.394724510882,766.83319453003,948.518498053091,979.714593919476,817.235680956462,934.36981118283,746.289613390536,831.047683556142,914.882006950024,1481.79148114738,707.538349859929,629.79061332683,814.193560774999,682.88758675035,800.38138038556,804.386174988071,951.22309520177,608.535898987971,578.536196249286,996.121149682344,765.098254354989,600.457921014589,581.852464507283,673.230011693795
"gene_15",84.3319089981141,64.5740670490471,99.6137589963951,128.698002173425,125.029858517023,84.8613523672049,84.4858022028985,86.9157178945597,107.508603934497,111.044485123621,92.6285226122911,105.904939297434,84.5872322270104,94.1940262056096,103.696119299597,148.216667937966,70.7717502690482,62.9950079977728,81.4399719326066,68.306049786413,80.0584041612116,80.4589850251943,95.1463950428948,60.868998382142,57.8682684983297,99.6373373358383,76.5291981688562,60.0609960456973,58.199979293973,67.3400477453329
"gene_16",19.0437540019371,14.5820563342654,22.4946872906437,29.0624642919713,28.2341274706401,19.1633124158128,19.0785060236724,19.6272273466829,24.2774939016977,25.0759633345106,20.9172876453062,23.9153558306798,19.1014108582783,21.2708082245803,23.4165621335716,35.3303240218376,16.8698224254006,15.0160847311118,19.4128004409909,16.2820747840303,19.0834769060566,19.178963141973,22.679992831725,14.5093090112231,13.7940267115193,23.7504962277363,18.2422220527097,14.3167059473832,13.8730964278654,16.0518094191969
"gene_17",147.429232898757,112.888529185398,174.144997421184,224.990136728137,218.577479741588,148.354806986853,147.698269345331,151.946253420235,187.946783090533,194.128218534444,161.933391470844,185.143252966788,147.87558954151,164.670208372123,181.281788880878,338.399291375359,161.581760497162,143.826375017104,185.93879605469,155.952222958126,182.78448445579,183.699066347261,217.232468570346,138.972399027792,132.121314865544,227.4859151677,174.726815749929,137.127617183169,132.878656801164,153.746705787105
"gene_18",14.8330236581025,11.3578439717264,17.5209272672707,22.6365148574026,21.9913301072513,14.9261467251912,14.8600917225458,15.2874862564749,18.9095407012027,19.5314619876245,16.2923036327082,18.6274743305511,14.8779321101899,16.5676579097833,18.2389680145713,23.4515164115636,11.1978287327598,9.96735714315657,12.8858033641275,10.8076943697425,12.6672054175179,12.7305871466887,15.0544960691159,9.63097021660001,9.15618106436818,15.7650734174775,12.108798367886,9.50312440602191,9.2086658575844,10.6548491261193
"gene_19",6.08444083364814,4.65893746525697,7.18700703009587,9.28539848007513,9.02074654331889,6.12263950473565,6.09554403420811,6.27085938556576,7.75661013154802,8.01171949816409,6.68303103817236,7.64090775130849,6.10286208247473,6.79598014725305,7.48154417530647,15.2813434707706,7.29666534091543,6.49487245632056,8.39657375021378,7.04244821071409,8.254132202063,8.29543264320435,9.8097249309682,6.27567792435192,5.96629852286157,10.2727472930321,7.89026618281842,6.19237176587341,6.00049836469926,6.94285206414987
"gene_20",1567.76177610827,1200.4560936669,1851.85709163185,2392.54406625025,2324.35190171725,1577.60432665095,1570.62270842831,1615.79575129916,1998.6252161686,2064.35857189393,1721.99893082199,1968.81248988797,1572.50833056875,1751.1022290056,1927.74969878016,3150.53182061329,1504.34262438321,1339.03817969945,1731.10910272871,1451.93105732588,1701.74214092428,1710.25699135415,2022.45637666571,1293.84716955087,1230.0628791904,2117.91700734443,1626.7244257435,1276.67206294839,1237.11380963874,1431.39746814498
"gene_21",20.0303256478741,15.3374873967219,23.6600363422494,30.5680604695212,29.6968112255065,20.1560778479724,20.066878016289,20.6440261347069,25.5352021831315,26.3750367429294,22.0009186824782,25.1543033597564,20.0909694478428,22.3727535804382,24.629669394039,38.9604659649602,18.6031733542408,16.5589666749683,21.4074388448378,17.9550354553797,21.0442777720342,21.1495750866652,25.0103307362763,16.0001204505637,15.2113438835636,26.1908268760765,20.1165851456824,15.7877276882205,15.2985379039371,17.7011106426904
"gene_22",7.42068958411606,5.68212094861498,8.76539844290407,11.3246330549239,11.0018589620866,7.46727734598541,7.43423124012003,7.64804888373336,9.46009626602216,9.7712320747869,8.15074058096395,9.31898363605742,7.4431564587281,8.2884952736639,9.12462105437437,7.75357773569676,3.70224398400354,3.29542350578276,4.2603248471131,3.57325713906206,4.18805164557866,4.20900701390217,4.97734148594653,3.18420672395272,3.02723117766865,5.21227370146118,4.00343021677642,3.14193813828414,3.04458378365806,3.52272320099316
"gene_23",1040.88327486721,797.018200821357,1229.5025325268,1588.48055928792,1543.20577033651,1047.41803441936,1042.78273220049,1072.77444746979,1326.94621845029,1370.5885317265,1143.28587017934,1307.15267032543,1044.03465234462,1162.60840807026,1279.88987240879,2018.01263257901,963.577768004076,857.695181638598,1108.82867927962,930.006545608248,1090.01823606681,1095.4722599302,1295.44557850455,828.748948255973,787.893146430601,1356.59105158411,1041.96707977899,817.747763674081,792.409484473304,916.854149530821
"gene_24",156.837110542747,120.092266525031,185.257683798496,239.347395704697,232.525528881563,157.821748139485,157.1233149683,161.642374959591,199.940200570441,206.516090948269,172.266820625158,196.957769235201,157.311950469298,175.178281577925,192.849894170052,328.671338342458,156.936775069736,139.691803058125,180.593619746364,151.469069656749,177.529985036769,178.418275473407,210.987694112088,134.977364153111,128.323227876551,220.946385225413,169.703949861837,133.185614190048,129.058798529053,149.326954413568
"gene_25",43.7244437226559,33.4803895011106,51.6477837509583,66.7273944121911,64.8255337431226,43.9989497438189,43.8042343363375,45.0640980483426,55.7411062820876,57.5743914513738,48.0260754462994,54.9096375651295,43.8568238179911,48.8377584092121,53.7644076416489,79.3730328655176,37.8997081651198,33.7351048956484,43.612757314711,36.5792755297927,42.8728997423443,43.0874189224375,50.9528249814389,32.5965836116286,30.9896318766992,53.3578156965461,40.9829383289785,32.1638819668117,31.167269737884,36.0619618374697
"gene_26",110.503217803363,84.6137871221368,130.527590770375,168.637749743643,163.831245512765,111.196967021474,110.704869758463,113.888878114368,140.872497936397,145.505693767138,121.374577317569,138.771156880819,110.837777268555,123.425914546853,135.876858385634,167.536862080697,79.9969202451483,71.2064716710033,92.055755505444,77.2098131846626,90.4940989630893,90.9468959520847,107.548824876084,68.8033345291993,65.4114564382946,112.625166086643,86.5048573627918,67.8900082624229,65.7864060751574,76.1178917902764
"gene_27",72.6679436513179,55.6428132767814,85.836157530928,110.89775247688,107.736950596605,73.1241595886628,72.8005518522522,74.8943853567569,92.6390646856883,95.6858973503532,79.8170507659838,91.2572032661356,72.8879530668611,81.1660292043558,89.3538856601949,149.723451423994,71.491222013126,63.6354207062341,82.267897742287,69.0004550057847,80.872284833245,81.2769380369926,96.1136615372798,61.4877978926781,58.4565623289186,100.650259138616,77.3072006270419,60.6715813344852,58.7916453252459,68.0246325042718
"gene_28",1104.11110430873,845.432592790278,1304.18792550176,1684.97185691842,1636.9468781014,1111.0428139055,1106.12594303702,1137.93948703917,1407.550769608,1453.84410899529,1212.7340837764,1386.55487428908,1107.45391031848,1233.23035762758,1357.63601408534,2537.66825994162,1211.70733937593,1078.55907540456,1394.36161087099,1169.49123817519,1370.7073165787,1377.5657985444,1629.03396836095,1042.15893770766,990.782415156259,1705.92492720238,1310.28257384096,1028.32485337909,996.461749129251,1152.9519868697
"gene_29",640.376798981452,490.345052606449,756.419970548134,977.272015376396,949.417860041865,644.397142573436,641.545391499227,659.997026839957,816.369704758817,843.219521208726,703.377375296538,804.192230785765,642.315603331653,715.265072276168,787.419492014104,4876.85429604448,2328.64170501155,2072.75928987876,2679.66405205861,2247.51141002656,2634.20557012846,2647.38610194453,3130.65400722876,2002.80602975177,1904.07136900994,3278.42194398872,2518.08217021066,1976.21988582798,1914.98583120427,2215.72651518599
"gene_30",4.68124827964659,3.58449421902564,5.52954087570143,7.14400170025526,6.94038374134704,4.71063758068545,4.68979086226692,4.82467502161318,5.96778222139884,6.16405831582463,5.14179172837995,5.87876310144094,4.69542122367483,5.2286925360347,5.75615192214043,6.37813680982191,3.04548679825581,2.71083397660636,3.5045672662917,2.93938149155122,3.44511492276927,3.46235292703306,4.09438920053808,2.61934642411891,2.49021745370995,4.28764576707617,3.29324429335594,2.58457604696634,2.50449180534221,2.89781198886104
"gene_31",283.124620864459,216.792296867683,334.429850857148,432.073381288914,419.75844861001,284.902102898529,283.641281233895,291.799153705981,360.934942541172,372.805834982547,310.978556721944,355.551014348909,283.981808769226,316.234368153062,348.135418853978,843.448902835353,402.737127656586,358.482423866552,463.446223215925,388.705693839239,455.584207174223,457.863771914975,541.444654127948,346.384051243092,329.307953369497,567.001026446785,435.500737726793,341.785994265803,331.195602785291,383.20851613972
"gene_32",583.706254262436,446.951660972522,689.480112896378,890.787718103104,865.398533638858,587.370815037682,584.771431455604,601.590177804448,744.124557941553,768.598283117946,641.131555234838,733.024737132157,585.473482910949,651.9672430468,717.736312352089,1609.65696096884,768.592642415907,684.135964872336,884.451253332005,741.814736794663,869.447204116657,873.797577020807,1033.30522283761,661.047156950146,628.458745588158,1082.07758173432,831.119456830734,652.272121028535,632.061178422899,731.323798552917
"gene_33",548.633162681066,420.095727147481,648.051399452655,837.263057388157,813.39942997489,552.077531408108,549.634336692885,565.442496934986,699.412429918172,722.415605142117,602.60795609871,688.979562784434,550.294204061957,612.792561164511,674.609771852351,2271.06031845815,1084.40512082714,965.245440442459,1247.86969755587,1046.6242517709,1226.70052821394,1232.8384566749,1457.88732962679,932.669508586129,886.690613902099,1526.70010875537,1172.62402118939,920.288835959694,891.77327589734,1031.82261755818
"gene_34",2.92056340298028,2.23631433517365,3.44980094029029,4.45703980438516,4.33000549143011,2.93889896476333,2.9258929972845,3.01004528229387,3.72321340625189,3.8456672356615,3.20788982992948,3.66767565897091,2.92940569870327,3.26210599266312,3.59118030951075,10.8820677429153,5.19606189659318,4.62509347993284,5.97932272990154,5.01503016744242,5.87788802428502,5.90729867127245,6.98564831307849,4.46900185419837,4.24868826647487,7.31537329570857,5.61877372073322,4.40967832274977,4.27304247305275,4.9441062976977
"gene_35",94.1269003951871,72.0742225504906,111.183708307297,143.64603120639,139.551839616477,94.7178376081515,94.2986680040357,97.010813797899,119.995524521973,123.942091609709,103.387149956198,118.205597276718,94.4118789332094,105.134483824804,115.740227022477,153.177826343328,73.1406462143842,65.103598197323,84.1659581992456,70.5924129718056,82.7381461244467,83.1521353665021,98.3311673365515,62.9064260692623,59.8052547405544,102.97243196783,79.0908093562696,62.0713780055133,60.1480686720653,69.594076583905
"gene_36",5401.26901587618,4135.82369621123,6380.0371225347,8242.81745549043,8007.88110799767,5435.17867236452,5411.12552936711,5566.75616185825,6885.6841766085,7112.14941067619,5932.64844963183,6782.97306501466,5417.62189418351,6032.91543224008,6641.50311422498,8976.05976625129,4285.96506057649,3815.00248676585,4932.03676481825,4136.64126855148,4848.36847663113,4872.62781147079,5762.10314487591,3686.25050738986,3504.52512417757,6034.07637831223,4634.63837221364,3637.31756776775,3524.61366056304,4078.13980460894
"gene_37",735.794660937408,563.407781635367,869.128576552113,1122.88816887371,1090.88366962785,740.414046516056,737.137376877082,758.3383554117,938.010982078043,968.861493249615,808.182492230407,924.019031796073,738.022352339952,821.841487969112,904.747109925831,1494.98051536613,713.835961653565,635.396213072475,821.440482403565,688.965788618699,807.505363448133,811.545803668617,959.689680488501,613.952316140591,583.685593979128,1004.98736068189,771.908191640891,605.802438220919,587.031379464137,679.222254039828
"gene_38",3.92355348268272,3.00431721125799,4.63454362265372,5.98769197378351,5.81703109358952,3.94818590710378,3.93071338486881,4.04376554137645,5.00185235217414,5.16635970317278,4.30955455424752,4.92724163783651,3.93543243047185,4.38238982085881,4.82447598841519,10.5729284698251,5.04845145751187,4.49370318994945,5.80946130963086,4.87256250255421,5.71090817504489,5.73948332033855,6.78719905760729,4.3420458365293,4.12799094742538,7.10755716770376,5.45915482617006,4.28440757609926,4.15165329636223,4.80365344782954
"gene_39",6.96892377818815,5.33619784798757,8.23176780831803,10.6351982091589,10.3320743518597,7.01267531337685,6.98164102871485,7.18244162061167,8.8841729686883,9.17636707159049,7.65452983858897,8.75165116579967,6.99002288696107,7.78389813281981,8.56912122680581,3.7281394896693,1.78014362758096,1.58453283450432,2.04848469219796,1.71812310406699,2.01373369261168,2.0238096264361,2.3932465733716,1.53105665997065,1.45557837717486,2.50620862778208,1.92496248752168,1.51073272839026,1.46392200096287,1.69382495726235
"gene_40",416.164735205582,318.662886135012,491.578266495716,635.104441868955,617.002728631361,418.77745513712,416.924174018007,428.915426586648,530.538087187404,547.987105907269,457.107221257026,522.624253894991,417.424715267789,464.832735787847,511.72407387491,421.508657359368,201.265524653168,179.149495201156,231.604540179415,194.253397647851,227.675543633525,228.814742783595,270.583799953593,173.103404224446,164.569724159845,283.355447586161,217.638947209666,170.805552135904,165.513065917884,191.506215235732
"gene_41",105.751684571043,80.9754747777964,124.915028551746,161.386486947328,156.78665782545,106.41560323281,105.944665683926,108.991764709806,134.815114551816,139.249087369878,116.155585969194,132.804129162404,106.071858297532,118.11871764927,130.034282748864,236.951100732068,113.14141897998,100.708892551444,130.196497205675,109.199551634261,127.987811713535,128.628212540064,152.108688919778,97.3100823798278,92.5128739493527,159.288270909049,122.345738819622,96.018344779204,93.0431735387705,107.655222982647
"gene_42",1027.09094721737,786.457231657911,1213.21088659072,1567.43223920428,1522.75736835951,1033.5391172863,1028.9652356018,1058.55954265659,1309.36338523498,1352.4274116863,1128.13664672682,1289.83211349374,1030.2005670532,1147.20314940221,1262.93056400004,2027.22275452513,967.975495057223,861.609665169552,1113.88932517878,934.251055061488,1094.9930319207,1100.47194771196,1301.35793582083,832.531322435861,791.489056506675,1362.78247418196,1046.72257224404,821.479928925681,796.026006919911,921.038632020006
"gene_43",273.011482511458,209.04853200049,322.484102936092,416.639831672913,404.764785209518,274.725473346228,273.509687905903,281.376163279692,348.042439588917,359.489306817414,299.870482972148,342.850823921523,273.838051885599,304.938558176025,335.700111582925,600.216655823405,286.596533738271,255.103920227225,329.798451711247,276.611459059836,324.203669430167,325.8258574736,385.30383823094,246.494454102427,234.342730001835,403.490310792141,309.911834052178,243.222376359583,235.686022542623,272.699547378901
"gene_44",186.372570554519,142.707962028464,220.145287202874,284.421137565244,276.314581333696,187.542634446499,186.712672806528,192.08275916015,237.592805736769,245.407063402952,204.707993344561,234.048724922429,186.936832019212,208.167738681354,229.167257565889,740.049206989644,353.364964902591,314.535513189178,406.631639237832,341.05366609771,399.733439812304,401.733549211941,475.068122762605,303.920298638825,288.937585818464,497.491500165206,382.112033716204,299.885924525234,290.593825394491,336.23039585154
"gene_45",213.495360075491,163.476243570906,252.183018243831,325.812929428955,316.526626533218,214.835703298673,213.884957388761,220.03655210193,272.169673150906,281.121139287799,234.499135894268,268.109822458593,214.141738478831,238.462377771818,262.517955437171,965.665573219623,461.094178826906,410.426919957508,530.600088865889,445.029574871915,521.598858083503,524.208734253439,619.900577898114,396.575479881903,377.025036712167,649.16009657402,498.605271903004,391.311159409443,379.186208597046,438.735850099197
"gene_46",201.464521634625,154.264070179289,237.972062329152,307.452798723919,298.689795303225,202.729334163521,201.832164455155,207.637106003958,256.83243413539,265.279469436578,221.284697803113,253.001363158738,202.074475479889,225.024604041359,247.724607663364,103.774310611679,49.551036986112,44.1061293435783,57.020421934448,47.8246699632921,56.0531134324121,56.3335812339244,66.6170120414222,42.6175978222232,40.5166284821567,69.7613577275774,53.582130081089,42.0518727482236,40.7488767145534,47.1483209584385
"gene_47",15.0166825102704,11.4984740034065,17.737867081094,22.9167946190763,22.2636213499702,15.1109586042811,15.0440857248329,15.4767721528042,19.1436739851679,19.773295748056,16.4940309307511,18.8581151380622,15.0621470077706,16.7727945767878,18.464798432394,22.7081851767106,10.8428966373883,9.65142670337529,12.4773683632246,10.4651281722827,12.2656992087127,12.3270719582429,14.5773210772409,9.32570206854936,8.86596207563967,15.2653756032592,11.7249917139611,9.2019085240414,8.91678328405958,10.3171275895203
"gene_48",4831.41126447551,3699.47601851086,5706.91501033962,7373.16378584628,7163.0142612855,4861.74330234488,4840.22787223353,4979.43878520694,6159.21406556538,6361.78621660446,5306.72781960569,6067.33943016348,4846.03884185194,5396.41619243151,5940.79518439067,7575.43709593749,3617.18388215933,3219.71021939947,4162.44267971663,3491.16054643407,4091.82997541297,4112.30388822693,4862.98565863281,3111.04867456357,2957.67968581911,5092.52024010051,3911.45027611435,3069.75122159648,2974.63361078179,3441.78763987398
"gene_49",7.13285838280112,5.46172476034733,8.42540912853825,10.8853770127865,10.5751225724479,7.17763911429769,7.14587478962558,7.35139894669349,9.09316124712142,9.39222882521922,7.83459240815168,8.95752204618818,7.15445381986869,7.96700391835664,8.77069833467917,16.2578556287759,7.7629386389359,6.90990938880114,8.93313366514242,7.49247646333724,8.78158978224991,8.82552941430942,10.436588379205,6.67670783409624,6.34755839422088,10.9291989097993,8.39447190741049,6.58807822504897,6.38394368273871,7.38651589939071
"gene_50",155.094442883742,118.757882664951,183.199225994597,236.687929687259,229.941862824004,156.06813985495,155.377467199724,159.846314459675,197.718600592838,204.221424134311,170.352708486875,194.769308012929,155.564006710903,173.231819259094,190.707076870947,172.155429715244,82.2022330468751,73.1694540340823,94.5934999019365,79.3382924925319,92.9887924376938,93.4540718946812,110.513674017565,70.7000684781282,67.2146848853511,115.729957118677,88.8895775341322,69.7615641157189,67.5999709355614,78.2162695864607
"gene_51",51.2087779850685,39.2112440284203,60.4883599731934,78.1491549132151,75.9217518299735,51.5302713351603,51.3022263968362,52.7777415921521,65.282338509489,67.4294279913537,56.2467220995055,64.3085468885296,51.3638176455993,57.1973412292926,62.9672874029803,111.629745916732,53.3019167852484,47.4448443258559,61.3367140199617,51.4448684369578,60.2961828743546,60.5978813316712,71.6597401041069,45.8436349847532,43.5836279345683,75.042104274497,57.6381527506486,45.2350860491153,43.8334567314955,50.7173216373904
"gene_52",5236.42173819989,4009.59793791896,6185.31774306441,7991.2458315024,7763.47976514127,5269.29646853613,5245.97742990032,5396.85819971773,6675.53239781055,6895.08588998673,5751.58341779252,6575.9560397503,5252.27552500424,5848.79024193149,6438.8037661939,11143.9690011996,5321.11672817396,4736.40668167849,6123.22848234171,5135.72806624405,6019.35252404581,6049.47100392262,7153.7735376543,4576.55836244116,4350.94243630137,7491.4340882186,5754.00205621504,4515.80707774756,4375.8827812399,5063.0972552114
"gene_53",1088.60636085526,833.560404015742,1285.87355557911,1661.31023784233,1613.95966124172,1095.44073026717,1090.59290573028,1121.95970045496,1387.7849023005,1433.42815643097,1195.70397623301,1367.08384684799,1091.90222471454,1215.91242627137,1338.57108663426,2053.77011163104,980.651552032063,872.892815684759,1128.47618674886,946.485475936021,1109.3324383732,1114.88310293195,1318.39977977593,843.433679500088,801.853947380951,1380.62869898337,1060.42985618911,832.237563221097,806.450311118413,933.100030511116
"gene_54",45.8391329291002,35.0996352199272,54.1456774126294,69.9545984363899,67.9607561687777,46.1269151607905,45.9227825364055,47.2435783030358,58.4369694143363,60.3589195963649,50.3488087901096,57.5652875403532,45.9779154560026,51.1997479917435,56.3646697113467,112.908694242955,53.9125998670484,47.9884225965055,62.039452229098,52.0342752105726,60.9869996591775,61.2921546928201,72.4807498082058,46.368868109224,44.0829680301664,75.9018659166109,58.2985163336851,45.7533469939375,44.3356591297804,51.2983928660846
"gene_55",227.824659264135,174.448379000617,269.108940743662,347.680715893566,337.771138503703,229.254963126525,228.24040541953,234.804880492727,290.437052241842,299.989319428496,250.238158402857,286.104714057478,228.51442104371,254.46740361931,280.137534263241,448.322715039691,214.068928077713,190.545998722147,246.337944561429,206.610728198922,242.159006909543,243.370675630964,287.796850012327,184.115288759898,175.038743002072,301.380959477678,231.48393753685,181.671259985854,176.042094963627,203.688785182553
"gene_56",1374.52652038766,1052.49328211213,1623.60552681325,2097.64986005757,2037.86275460464,1383.15592247881,1377.03482707486,1416.6400441294,1752.28367332612,1809.91503167115,1509.75309805651,1726.14552941786,1378.68803592263,1535.2692547799,1690.14395300557,3217.22345552125,1536.18711121728,1367.38344027548,1767.75386711726,1482.66607652269,1737.76525449116,1746.46035045686,2065.26848902318,1321.23580993653,1256.10130988203,2162.749866005,1661.15953628189,1303.69713425929,1263.30149706097,1461.69782465277
"gene_57",4570.35938281687,3499.58511233107,5398.55771671212,6974.77536997594,6775.98069098992,4599.05251330973,4578.69960967518,4710.38864781952,5826.4180493834,6018.04477716919,5019.99352874861,5739.50760459485,4584.19659969837,5104.83583958396,5619.80082548835,2386.8690620687,1139.70246083486,1014.46644123443,1311.50262737683,1099.99502252709,1289.25397331807,1295.70489469149,1532.22974078936,980.229356783626,931.905848888453,1604.55150707714,1232.4199295225,967.217353438994,937.247692330828,1084.43860489993
"gene_58",269.244698558964,206.164255308579,318.034737170594,410.891383961195,399.180179450681,270.935041182633,269.736030132323,277.493970462355,343.240441284045,354.529374218402,295.733121009584,338.120455184769,270.059863620635,300.731271153267,331.068402390591,662.007404046223,316.100903678588,281.366207273874,363.750347074778,305.087891455509,357.579596466365,359.368784562179,424.969869198962,271.870418937773,258.467706353127,445.028591948803,341.816453698094,268.261489276523,259.949287377535,300.773258611473
"gene_59",20.8577266433504,15.9710393700269,24.6373713075778,31.8307480616696,30.9235097626351,20.9886733418993,20.8957888956556,21.4967775115328,26.5899954040422,27.4645213594283,22.9097197843319,26.1933626344909,20.9208754819963,23.2969142211298,25.6470573952691,36.3250643672952,17.3447994727913,15.4388690028783,19.9593761192959,16.7405035458334,19.6207803397396,19.7189550313645,23.3185577056408,14.9178247963954,14.1824034183898,24.4192015814649,18.7558395971005,14.7197989111248,14.2636993763323,16.5037549614173
"gene_60",18.1234248087952,13.8773480010713,21.4075845375798,27.6579599957163,26.8696542816104,18.2372053125716,18.1564973664857,18.6787005853233,23.104233295003,23.8641150245314,19.9064160251748,22.7595963027468,18.1782952771127,20.2428519839771,22.2849078529946,50.6030378254209,24.1623671997186,21.5072894086256,27.8046324852732,23.3205459894269,27.3329478416571,27.4697111955651,32.4841780232381,20.7814429401164,19.7569559513928,34.0174423037219,26.1280324511721,20.5055807623805,19.8702061962712,22.9907407218799
"gene_61",4886.98989847077,3742.03331954604,5772.56509128675,7457.98173012971,7245.4147290035,4917.67086404238,4895.90792897855,5036.72026893814,6230.06721498893,6434.96967550156,5367.77430624345,6137.13569031494,4901.78574568074,5458.49441844604,6009.13572985858,8606.53304425981,4109.52031080336,3657.94633963274,4728.99451399711,3966.34388553161,4648.77068463419,4672.03131038384,5524.88869417578,3534.49482595414,3360.2507192607,5785.66532464395,4443.83942814474,3487.5763591906,3379.51225012332,3910.25081176977
"gene_62",5.33185864494478,4.08267524979668,6.29804884497816,8.13689104904341,7.90497381038911,5.36533253683259,5.34158849482102,5.49521915658347,6.79719795394304,7.0207529393537,5.85640945315079,6.69580675741612,5.34800137646147,5.95538792958862,6.55615480194033,2.2342657716956,1.0668361489229,0.949607032159314,1.22765235697398,1.02966738600137,1.20682615958437,1.21286464449733,1.43426739179929,0.917558878732416,0.872324910361787,1.50196530180752,1.15362577220768,0.905378791371904,0.87732522569149,1.01510556022428
"gene_63",4651.46366436413,3561.68774200965,5494.3589674084,7098.54772526647,6896.22529315119,4680.66597488837,4659.95189448665,4793.97784838131,5929.81198633852,6124.83926685563,5109.07688837494,5841.3592538231,4665.5464325119,5195.42478642757,5719.5281926848,9469.97501193679,4521.80389643778,4024.92621049442,5203.42624014061,4364.26343703919,5115.15403395471,5140.74825911813,6079.16772160333,3889.08954505551,3697.36456963528,6366.10651118687,4889.66325059982,3837.46402923349,3718.55849464813,4302.54288079016
"gene_64",91.7982604688697,70.2911519130351,108.433093751486,140.092319333165,136.099415451253,92.3745782692933,91.9657786558172,94.6108276797341,117.026911211558,120.875842728019,100.829417318181,115.281265633191,92.0761888182742,102.533523253072,112.876887078274,156.481385754344,74.7180577490522,66.5076761219811,85.9811507106806,72.1148672054664,84.5225452623925,84.9454629380815,100.451858437904,64.2631179666176,61.0950642178318,105.193220412367,80.7965470195535,63.4100605672128,61.4452715574926,71.0949998711595
"gene_65",53.035661175495,40.6101128436871,62.646294069643,80.9371413302825,78.6302752055237,53.3686238638571,53.1324433776665,54.6605978667442,67.6112987297367,69.8349860496499,58.2533349335423,66.6027669018575,53.1962319062997,59.2378675870853,65.2136577213035,502.17197426669,239.781328573597,213.432996270215,275.926264289909,231.427304046251,271.245383084059,272.602588627256,322.36491150271,206.229876264588,196.063121938241,337.580645258843,259.288102128878,203.49228855499,197.186989229627,228.154398516369
"gene_66",206.091568863288,157.807061930958,243.437580339794,314.514084794228,305.549820971139,207.385430414112,206.467655357573,212.405919332021,262.731119387536,271.372158233188,226.366956155143,258.812059983932,206.715531553516,230.192757034563,253.414112942309,363.872570859862,173.744957789962,154.653021353043,199.935488836353,167.691652273997,196.543733888758,197.527161669469,233.584817780389,149.433658407736,142.066853361654,244.610100836952,187.879517674763,147.450009122448,142.881204822066,165.320113019783
"gene_67",1010.24243255608,773.556099354135,1193.30923964764,1541.71990561362,1497.77788634198,1016.58482612271,1012.08597490443,1041.19481363954,1287.88444196044,1330.24204131004,1109.63056712033,1268.67356338318,1013.30104184067,1128.38430075542,1242.21330991325,1322.06630560178,631.271419880608,561.904262547767,726.430058907526,609.277810301134,714.106720211023,717.679830241819,848.688914247722,542.940635060289,516.174658420867,888.747320420956,682.62683071591,535.73339798822,519.133459696226,600.661243976832
"gene_68",287.903674932827,220.451682283099,340.074920983663,439.366643331537,426.843838483334,289.711160301544,288.429056365917,296.724631145587,367.027410233671,379.098679585552,316.227776419403,361.55260303607,288.775331898361,321.572304285445,354.0118346342,589.269185588528,281.369242905739,250.451029397901,323.78319255676,271.566287978188,318.290454615666,319.883055250706,378.276205359556,241.998593027651,230.068506625052,396.130971252657,304.25929084831,238.786195357575,231.38729858765,267.725726427699
"gene_69",2.72742023089954,2.08842203328959,3.22165814565866,4.16228612602617,4.04365286683431,2.74454322234049,2.73239736760987,2.8109844800748,3.47698925413001,3.59134494705626,2.99574514003647,3.42512433814901,2.73567776648937,3.04637587071349,3.35368779153117,40.2264100139128,19.20764704356,17.0970178712203,22.1030316499473,18.5384491728623,21.7280703692268,21.8367891139029,25.8229924581972,16.5200130330891,15.7056067161305,27.0418465084068,20.7702341875939,16.3007189838421,15.7956339354523,18.2762735706215
"gene_70",326.847959483754,250.271840176417,386.076329248118,498.799089214978,484.582343935143,328.899940601049,327.444408450222,336.862112792179,416.674640007535,430.378771283253,359.003418344285,410.459264113078,327.837524138047,365.070892223622,401.898467639516,616.857215526317,294.542209160718,262.176486397792,338.94186812994,284.280305724346,333.191974677469,334.859136676097,395.986100146927,253.328329237566,240.839707637668,414.676779113438,318.503908809099,249.965535576555,242.220241963579,280.2599392059
"gene_71",365.242557959149,279.671096113181,431.428442401123,557.392665202267,541.505888916247,367.535583846013,365.909071363575,376.433066769243,465.621115069633,480.935060947273,401.175295814147,458.675623367759,366.348366073022,407.955511555862,449.109196191312,657.448514248939,313.924086356176,279.428589168999,361.245393601596,302.986914839341,355.11713764176,356.894004559131,422.043329723719,269.998193232285,256.687777938099,441.963918812317,339.462547180155,266.414116333272,258.159156108922,298.701994556722
"gene_72",552.886460447583,423.352533953085,653.075440574067,843.753968500008,819.705337481269,556.35753176355,553.895396095917,569.826109652735,704.834649223159,728.01615736691,607.279695337429,694.320900922374,554.560379109827,617.543256909921,679.839707683916,935.611314996362,446.743616996786,397.65326728078,514.086305495843,431.178989191828,505.365218607744,507.89386801086,600.607509409836,384.232923402805,365.290945610418,628.956388673753,483.087258204649,379.132443550987,367.384855681586,425.081143028383
"gene_73",17.8916557506906,13.6998793432911,21.1338164304524,27.3042597759769,26.5260352068414,18.0039811873112,17.9243053642839,18.4398304552596,22.8087678161818,23.5589318971652,19.6518454160837,22.4685381692218,17.9458245151694,19.9839789074381,21.9999202108946,154.013103267298,73.5394813163413,65.4586073689496,84.6249142005545,70.9773525872211,83.189316282946,83.6055630035732,98.8673660602444,63.249454086564,60.1313721062953,103.533939454136,79.5220906293528,62.4098525153348,60.4760553982288,69.973572282488
"gene_74",3.79944829453854,2.90928821410181,4.48794923805045,5.79829640615951,5.6330336684246,3.82330157533871,3.8063817231945,3.9158579480332,4.84363969368081,5.00294354335422,4.17323983822973,4.77138897692734,3.81095150154655,4.24377126611263,4.67187388858859,7.86312619204013,3.75455210901103,3.34198376097877,4.32051796394662,3.62374283960518,4.24722363153131,4.26847507327153,5.04766516039284,3.22919562368107,3.07000220722593,5.2859166773232,4.05999373045696,3.18632983521532,3.08759998405962,3.57249491954021
"gene_75",66.3954472359422,50.8398791454025,78.427017222709,101.325364434332,98.4373942521559,66.8122838722109,66.5166090628192,68.4297086358063,84.6427162001316,87.4265546749642,72.9274631478482,83.3801332459539,66.5964660457106,74.1600014890612,81.6411047647732,134.881731266455,64.4044717362132,57.3273968312391,74.1128819139221,62.1606083805644,72.8556127048634,73.2201536245716,86.5861489513379,55.3926626233063,52.6619060395664,90.6730447095362,69.6439265910986,54.6573556195581,52.9637730766453,61.2815167809452
"gene_76",20.7137566738352,15.8607996449338,24.4673124293147,31.6110370688828,30.7100609609532,20.8437995158651,20.7515562023355,21.3483965083712,26.406458583698,27.2749481441648,22.7515859802337,26.0125635625464,20.7764696291017,23.1361078165026,25.4700291824399,50.2012656712543,23.9705256278136,21.3365283166572,27.583872476201,23.1353882123219,27.1159328598303,27.2516103558595,32.2262638990752,20.6164448400904,19.6000919548131,33.7473545449443,25.9205841173732,20.3427729210061,19.7124430284797,22.8082014945397
"gene_77",27.7104189832069,21.2182372560641,32.7318452893558,42.288566746509,41.0832602520032,27.8843875054387,27.7609863809322,28.5594265290297,35.3259933839654,36.4878400727158,30.4365832799948,34.7990490810377,27.794315028404,30.9509883374155,34.0732582347768,62.1734886044646,29.6871240602461,26.4249592598245,34.162198066813,28.6528193292606,33.5826621125499,33.7506965861924,39.911727812092,25.5331470470056,24.2744097684536,41.7955749755601,32.1022412422038,25.194208621549,24.4135548299358,28.2476036559591
"gene_78",23.3204165566042,17.8567538696598,27.5463271514115,35.5890321509756,34.5746754374488,23.466824245663,23.3629728521209,24.0349207162234,29.7294992720669,30.7072812670989,25.6146903112293,29.2860357266817,23.3910214335148,26.0476011317097,28.6752277530443,48.677961429642,23.2431654133991,20.6890939611394,26.7468690783534,22.433369358336,26.2931285940743,26.4246891001745,31.2483920499818,19.9908606550713,19.0053479217388,32.7233268110988,25.1340514432843,19.725493020542,19.1142898210593,22.1161107750009
"gene_79",76.9920014410853,58.9538019755744,90.9437811537492,117.496649684792,114.147766385041,77.4753642051955,77.1325004050635,79.3509260835131,98.1514907867075,101.379623208263,84.5665114329453,96.6874026199075,77.2251023709785,85.9957599385791,94.6708293622057,127.572938786284,60.91460758415,54.2210158340955,70.0969512987804,58.7923317219765,68.9078093272239,69.2525969867415,81.8943334741747,52.3911184391046,49.8083324737503,85.7597739418433,65.8701538037886,51.6956552766918,50.0938423399218,57.9608751728
"gene_80",85.3037672539865,65.3182318725694,100.761728433222,130.181144407633,126.470728309654,85.8393120373034,85.4594339556996,87.9173524953228,108.747555187378,112.324184598216,93.6959927490342,107.125409589363,85.5620328802609,95.2795375275914,104.891134695792,204.824274793929,97.8012299589806,87.0543577067994,112.543909011068,94.3938175522588,110.63468637915,111.188258970567,131.485153694551,84.1163725005151,79.9695897475689,137.691297788132,105.757589436955,82.9997741118417,80.4279890902621,93.0588754687106
"gene_81",752.704389290033,576.355786078714,889.102529766554,1148.69392000792,1115.95390660704,757.429935676088,754.077962971683,775.766173619909,959.567962225889,991.127467076194,826.75580776052,945.254454733799,754.98327657435,840.728708885841,925.539633531774,1380.25981832781,659.058151340858,586.637653539454,758.405396830055,636.096447049697,745.539620614175,749.27000855393,886.04573131692,566.839302337403,538.895165271691,927.86739199528,712.674077962193,559.314823656123,541.98420437169,627.100604542405
"gene_82",1124.67448210382,861.17824532288,1328.47760878022,1716.35340242838,1667.43398845971,1131.73529045039,1126.7268459415,1159.13289727536,1433.76552112012,1480.92104495923,1235.32049653175,1412.37859040096,1128.07954578185,1256.19850064626,1382.92113453827,2325.9770122758,1110.62720903446,988.586118750664,1278.04453595537,1071.93275771831,1256.36347321207,1262.64982341913,1493.14062142668,955.222465643146,908.131751576375,1563.61736795032,1200.97933778379,942.542414967456,913.337317833692,1056.77320398779
"gene_83",31.4298571932789,24.0662606817801,37.1252857540841,47.9647606395522,46.5976715666873,31.627176685748,31.4872120131431,32.3928229982131,40.0676340527947,41.3854299161499,34.521941603312,39.4699605134712,31.5250142070081,35.1053928136322,38.646750201711,65.5350476998607,31.2922297755735,27.8536881946033,36.009259414147,30.2020028733556,35.3983894556019,35.5755091169327,42.0696513041007,26.9136580110274,25.5868640761352,44.0553531922889,33.8379260727086,26.5563940649599,25.7335323498015,29.7748782407412
"gene_84",85.5247752344419,65.4874606297249,101.022785439555,130.518422264697,126.798393091061,86.0617075258937,85.6808452428843,88.145131843732,109.029302152666,112.615198019938,93.9387436005009,107.402953843162,85.7837099843238,95.5263910821946,105.162890312138,221.856969475174,105.934145312971,94.2935889794774,121.90279014148,102.243380675489,119.834801141657,120.434407500033,142.419143233872,91.1112879808047,86.6196687351554,149.141375362429,114.552136533076,89.9018359523223,87.116187466061,100.797428014952
"gene_85",287.314502671424,220.000545227585,339.378984364274,438.467513999835,425.970336088326,289.118289163277,287.838808952669,296.117407490012,366.276317461636,378.322883908757,315.580641108626,360.812714027023,288.18437585943,320.914231818101,353.287377215504,336.644039707355,160.743648060582,143.080358429345,184.974345506951,155.143310509274,181.836395085028,182.746233109029,216.10570009736,138.251559648346,131.436011544269,226.305962838537,173.8205209006,136.416346548376,132.189425204241,152.949233189908
"gene_86",2394.38173430142,1833.41001631128,2828.26948731122,3654.03972595977,3549.89247880236,2409.41387987193,2398.75112523478,2467.74216097827,3052.42274957587,3152.81475343869,2629.94215657037,3006.89092940783,2401.63096277111,2674.39049473035,2944.17732171162,4973.63366391273,2374.85273747677,2113.89243055517,2732.84099303629,2292.11244182599,2686.48040436307,2699.92249895298,3192.78067688948,2042.55097388088,1941.85696035277,3343.48101364392,2568.05257856815,2015.43723777434,1952.9880160083,2259.69678751554
"gene_87",116.357810584397,89.0967268691283,137.443098805714,177.572379629406,172.511221049709,117.088315466685,116.570146301509,119.922847232217,148.336091539003,153.214759632028,127.80514774158,146.123418918435,116.710095410611,129.965167273269,143.075777023728,289.73892539049,138.346996705798,123.144759467128,159.201595069328,133.526962507805,156.500859942793,157.283928882859,185.995371762408,118.988764396044,113.122836737444,194.774416737922,149.601849420341,117.409254264481,113.771276152573,131.63858924182
"gene_88",2.68508225366885,2.05600327966602,3.17164807105751,4.09767460293382,3.98088289795849,2.70193944345095,2.68998212986086,2.76734932786579,3.42301565292072,3.53559619265699,2.94924193231993,3.37195584046099,2.69321160682833,2.99908671783959,3.30162820945867,4.69078014127091,2.23979344120716,1.99367410309636,2.57742269045624,2.16175863568105,2.53369865620261,2.54637629082957,3.01120532926517,1.92638987775319,1.83142239302876,3.15333524769074,2.42200589172673,1.90081811604363,1.84192041888844,2.13118647902845
"gene_89",224.598242955951,171.977869018239,265.297863058314,342.756917322229,332.987677779028,226.008291084295,225.00810138093,231.479611410311,286.323929259981,295.7409187698,246.694325712363,282.052944954585,225.27823643976,250.863677035934,276.17027140416,539.837088851863,257.765986577059,229.441413053158,296.621952010664,248.785373336694,291.589984053635,293.048986003083,346.543702737963,221.698027253569,210.768721478149,362.900683685875,278.735854249091,218.755108382431,211.976883776978,245.266985445935
"gene_90",131.39380795941,100.609990521978,155.203780813025,200.518650451905,194.803478473909,132.21871019618,131.633582137842,135.419526029553,167.504388637395,173.013488329913,144.320393742722,165.00578987618,131.791615760795,146.759535473817,161.564325381179,182.838483317318,87.3032679854913,77.7099625778647,100.463471192018,84.2616064582703,98.7591840869562,99.2533363212191,117.371566941677,75.0873400412236,71.3856720140431,122.911544927494,94.405593630944,74.0905970718416,71.7948668746426,83.0699567569935
"gene_91",5068.31578775821,3880.87697044498,5986.74918423418,7734.70118271717,7514.24713837762,5100.13513369934,5077.56471107447,5223.60172374596,6461.22637462458,6673.73149477873,5566.9391233998,6364.84673736914,5083.66061710419,5661.02529638073,6232.09749215044,9960.93744192578,4756.23279684464,4233.59492929673,5473.19324458442,4590.52479247677,5380.3446443959,5407.26577939426,6394.33676409256,4090.71593277865,3889.0511465666,6696.15163996085,5143.16349197494,4036.41393801498,3911.34385176759,4525.60438889572
"gene_92",290.075498004094,222.11467616393,342.640301781681,442.681038720741,430.063767150317,291.896618274921,290.604842691622,298.962995764884,369.796109165766,381.95843904782,318.613264485032,364.280002347431,290.953730379644,323.998109199851,356.682349590772,462.331175119958,220.757806273717,196.499870625152,254.035112576524,213.066564677949,249.725598267889,250.97512724565,296.789458571694,189.868224282096,180.508069363614,310.798022227716,238.71697166478,187.347828466259,181.542772437724,210.053321531721
"gene_93",31.6671359662745,24.2479482017089,37.4055619957695,48.3268691748088,46.949459303609,31.8659451163889,31.7249237846471,32.6373716529402,40.3701234655343,41.6978679896038,34.7825639756851,39.7679378075845,31.7630113650514,35.3704199335814,38.938512694036,17.6106259856686,8.40887088934548,7.48486347889897,9.67643454640844,8.11590431820016,9.51228112402767,9.55987684906157,11.3049874909237,7.23225787992222,6.87572084260362,11.8385867557334,9.09295226161009,7.13625365083896,6.91513364845571,8.00112707429414
"gene_94",60.5116103070371,46.334546764497,71.4769656850027,92.3461053749733,89.7140615599636,60.8915076817163,60.6220350056767,62.3655993712841,77.1418413649731,79.678981424414,66.4647715226852,75.9911460856416,60.6948152162211,67.5880846849104,74.4062269662312,398.909385008786,190.474632634687,169.544358597595,219.187015676037,183.838462244218,215.468673078659,216.546793834717,256.076394513535,163.82243001768,155.746284944509,268.163287662002,205.970190812353,161.647777735983,156.639049242423,181.238570575585
"gene_95",57.6654829797449,44.1552291248738,68.1150894388445,88.0026616499903,85.494414438484,58.0275121090717,57.7707139188595,59.4322707794167,73.5135210860637,75.9313282832704,63.3386408252354,72.4169480696049,57.8400709558168,64.4091196260564,70.906574671163,104.471151307605,49.8837703850977,44.4023003871168,57.4033119798605,48.1458108709328,56.4295080366527,56.7118591691824,67.0643428380113,42.9037734311003,40.788696158845,70.2298026903147,53.9419321226038,42.3342495339436,41.0225039296183,47.464920207277
"gene_96",208.684536268794,159.792531643293,246.500421360306,318.471183936818,309.394135083095,209.994676704033,209.065354543358,215.07833154472,266.036704534669,274.786461714604,229.215020936402,262.06833698445,209.316349425331,233.0889566184,256.602474982439,457.917228918845,218.650197847538,194.623856408201,251.609800634677,211.032385707646,247.341429916037,248.579029450185,293.955964371669,188.05552340363,178.784731310905,307.830786135169,236.437904349132,185.559190190826,179.809555917049,208.047910453038
"gene_97",210.168994399429,160.929201025001,248.25387928889,320.736599222593,311.594981622119,211.488454397373,210.552521589537,216.608271346171,267.929132005123,276.741129772784,230.845520769195,263.93253583969,210.805301900368,234.747013334053,258.427792934308,509.139077700908,243.108040145277,216.394152681743,279.754448501767,234.638112389642,275.008625034708,276.384660365081,326.837382682094,209.091097027176,198.783289769539,342.2642186031,262.88544949067,206.315528192166,199.922749527384,231.319798767462
"gene_98",949.055748879857,726.704639910642,1121.03487002975,1448.3435781677,1407.06296604609,955.014006900001,950.787634620965,978.133457617999,1209.88199876234,1249.67415347295,1042.42430818694,1191.83465273209,951.929109403595,1060.04219686967,1166.97699989235,1511.68100938653,721.810255021678,642.494252510402,830.616830672649,696.662256174511,816.526041881794,820.611618040204,970.410416715964,620.810804849392,590.205971784624,1016.21411931529,780.53121248049,612.569884279956,593.589133188524,686.809876136252
"gene_99",315.220238801845,241.368339427277,372.341540371099,481.054152104331,467.343172084224,317.199220034686,315.795468905592,324.878135403879,401.851306440163,415.06790886328,346.231756930363,395.857044530778,316.174599377107,352.083378486114,387.600801129434,673.222487629395,321.455976799831,286.13283905589,369.912650579116,310.256392867993,363.637361134096,365.456859909092,432.169294121199,276.476182337915,262.846414072382,452.567832182525,347.607174579609,272.806113711226,264.353094597072,305.86866572368
"gene_100",77.583653936411,59.4068381792699,91.6426474521548,118.399564074303,115.024945956341,78.0707311485182,77.7252325782918,79.960705963825,98.9057454281891,102.158684746133,85.2163709842466,97.4304063340064,77.8185461529867,86.6566026885111,95.3983365237069,125.482854690443,59.9166165232926,53.3326888586935,68.9485218240785,57.829110848815,67.7788620933962,68.1180009436094,80.5526222495035,51.5327714851607,48.9923004489795,84.3547334898159,64.7909738290565,50.8487024045087,49.2731326802531,57.011276421433
"gene_101",16.5381941256811,12.6635157324112,19.5350929848871,25.2387568219169,24.5194031088185,16.6420224075332,16.5683738728917,17.0449007047298,21.0833382425795,21.7767541773757,18.1652295879057,20.7688461672153,16.5882651506875,18.4722379627704,20.3356780539009,60.9012312712804,29.0796358504871,25.8842247932211,33.463136328703,28.0664961177714,32.8954594301919,33.0600554110601,39.0950133325165,25.0106617514404,23.7776820388403,40.9403112940318,31.4453324415433,24.6786590297212,23.9139797721634,27.6695723808475
"gene_102",501.787522449693,384.225395867255,592.716824776488,765.772439187548,743.946433596036,504.937790000965,502.703210127917,517.161573387636,639.692337707224,660.731361756906,551.15361933567,630.150292298408,503.306734002874,560.468600803657,617.00748161833,1142.09800603009,545.338631545604,485.414184686827,627.543655173153,526.338935736333,616.89784982037,619.984564778771,733.159836685321,469.032010019205,445.909592921209,767.765230999769,589.703208469874,462.805869125879,448.465622843845,518.895312692531
"gene_103",120.384361955576,92.1799109367955,142.199304643343,183.717255552125,178.480956043628,121.140145892366,120.604045530718,124.072766369861,153.469248391834,158.516742347092,132.227833165945,151.180006438021,120.748837565914,134.462599975564,148.026901174861,271.833360763378,129.797296015275,115.534541246856,149.363101862344,125.275134923979,146.82926936128,147.563945454251,174.501050987431,111.635382354186,106.131962931742,182.737560102561,140.356610522871,110.153484308061,106.740329464573,123.503461164311
"gene_104",208.972353280194,160.012916966153,246.840393913392,318.910418323882,309.820850434872,210.28430065672,209.353696778043,215.374966857086,266.403621463882,275.165446279527,229.531153523289,262.429780754468,209.605037831314,233.410432124366,256.956380253945,487.482757749239,232.767397026734,207.189789450958,267.855043977536,224.657739133455,263.311084943867,264.628590370164,312.935297296129,200.197370549308,190.328007680932,327.705950046015,251.703570797492,197.539861021413,191.419000318164,221.480570563088
"gene_105",1270.72093677869,973.007962786779,1500.98925367356,1939.23329646216,1883.9613715327,1278.69863800632,1273.03981369812,1309.65400612759,1619.94950104198,1673.22848298797,1395.73507139449,1595.78533525826,1274.56817060108,1419.32422307226,1562.50263301457,2977.55716826275,1421.74922197214,1265.52053988316,1636.06546810607,1372.21522388002,1608.31084996232,1616.35820684609,1911.4168098348,1222.81066616325,1162.52834501901,2001.63633509228,1537.4118562998,1206.57852991079,1169.19215598642,1352.80899688821
"gene_106",4765.55373104064,3649.04802713451,5629.123382691,7272.65932576905,7065.37437401785,4795.47230934535,4774.25015858456,4911.56347128058,6075.25709646238,6275.06796275881,5234.3911904764,5984.63481498804,4779.98191819475,5322.85701057617,5859.81550866684,8583.55673755887,4098.54938922911,3648.18095599187,4716.36982205879,3955.75519283425,4636.36016108386,4659.55868943976,5510.13925482858,3525.05901286466,3351.28007443534,5770.21970672969,4431.97599636499,3478.26580130862,3370.49018403014,3899.81186713704
"gene_107",20.2563343645411,15.5105452842654,23.9270002720432,30.9129698953173,30.0318900610766,20.3835054678495,20.293299165286,20.8769594347225,25.8233242225181,26.6726349103834,22.2491622449812,25.4381275931181,20.3176624283429,22.6251926777307,24.9075740107455,45.061635239826,21.5164113474921,19.1520839850053,24.7598219567636,20.766775714031,24.3397902299692,24.4615769967882,28.9269230475602,18.5057230112448,17.5934248375051,30.2922836800933,23.2668218835192,18.260069758717,17.6942733526306,20.4730865343883
"gene_108",3970.39165382262,3040.1818233553,4689.86937475861,6059.17119348548,5886.47301634914,3995.31813252782,3977.63702871233,4092.03876699007,5061.56292258478,5228.03411159249,4361.00068710629,4986.06152855528,3982.41240882605,4434.7054386622,4882.06909451228,8457.40630097223,4038.3140100464,3594.56453165676,4647.05448689553,3897.61842507429,4568.22070836324,4591.07829361481,5429.15808421335,3473.25208165155,3302.02712982973,5685.41619724514,4366.84032778642,3427.14657849514,3320.95491313645,3842.49728476905
"gene_109",27.651710321361,21.1732832509735,32.6624979858073,42.198972101023,40.9962192283679,27.825310265292,27.7021705845008,28.4989191178779,35.2511499901789,36.4105351331689,30.3720988318667,34.7253220974689,27.7354286202544,30.8854140453342,34.0010689475305,240.555568620542,114.862510843701,102.240862515559,132.177028597679,110.860680348521,129.934744882497,130.584887399223,154.422545589257,98.7903501062877,93.9201671942064,161.711342402401,124.206845543771,97.4789627691258,94.4585336287894,109.292859579686
"gene_110",259.849309155982,198.970080381581,306.936802038035,396.553183152386,385.250645283566,261.480666673319,260.323495539548,267.810719785824,331.262944152347,342.157945761666,285.413408695412,326.321621786834,260.636028743246,290.237146614284,319.515652880087,569.207463639325,271.790001950529,241.92440177753,312.759964905018,262.320789497295,307.454227716737,308.992608121196,365.397758229585,233.759729356933,222.235803809326,382.64465702633,293.90075617054,230.656698051879,223.509697382003,258.61098020713
"gene_111",233.055745214694,178.453891254802,275.287955796909,355.663818838023,345.526707469934,234.518890308863,233.48103732477,240.196239423914,297.105782432909,306.877379392018,255.983881095665,292.673969356395,233.761344626447,260.310234084843,286.569777043466,908.986299885033,434.030479219614,386.337110581177,499.456773517162,418.908779416773,490.983865617989,493.44055636959,583.515813576639,373.29867407523,354.895734702834,611.057958968603,469.339876846997,368.343340344407,356.930057650169,412.984461772753
"gene_112",79.467143698345,60.8490514010296,93.8674458404097,121.273937159826,117.817393812088,79.9660456299095,79.6121594292124,81.9019031541934,101.306869240469,104.638779805457,87.2851593714183,99.7957135027248,79.7077383672109,88.7603554210334,97.7143113590144,151.180320499592,72.1868602016468,64.2546188055157,83.0683972966008,69.671857034953,81.6592045156726,82.0677951569645,97.0488859119815,62.0860987628792,59.0253680645119,101.629626422735,78.0594306140175,61.2619400910674,59.3637115524353,68.6865393901462
"gene_113",2335.18160219269,1788.0796858881,2758.34165379607,3563.69505309143,3462.1228050255,2349.84208396752,2339.44296168027,2406.72822161875,2976.95281617391,3074.86266783593,2564.91788709951,2932.54675207495,2342.25159638367,2608.26725785034,2871.38371328238,1218.89680061124,582.009170606269,518.055187525209,669.741956903727,561.731866633901,658.380289151988,661.674565971778,782.460151890721,500.571416269161,475.894164339518,819.392537895307,629.356981904382,493.92660717663,478.622070945184,553.787707494193
"gene_114",36.1701852920298,27.6959931059573,42.7246123482842,55.1989234043181,53.6256466066493,36.3972649939974,36.2361905064067,37.2783879599632,46.1107328293155,47.6272818947952,39.7286254517073,45.4229167018501,36.2796941198063,40.4000742036493,44.475547793122,75.0964595879103,35.8576937262526,31.9174768813775,41.2629270794109,34.6084052405096,40.5629326067519,40.7658936170234,48.2075161294587,30.8402984681471,29.3199283668015,50.4829273305445,38.7748012253794,30.4309105386387,29.4879952023772,34.1189641118629
"gene_115",560.948031024365,429.525386022133,662.597854546528,856.056643014764,831.657361817188,564.469713611167,561.971677841299,578.134675204764,715.111757953718,738.631272862593,616.13436709019,704.444709961194,562.646356892067,626.547580412009,689.752368196448,954.970002180682,455.987166956489,405.881091256104,524.723239673873,440.100492211753,515.821705210731,518.40267477288,613.034649514766,392.183067710434,372.849162397657,641.970094029553,493.082792636969,386.977054083684,374.986397457964,433.876475816627
"gene_116",146.459540163071,112.146022529554,172.99958592012,223.510299270555,217.139820533014,147.379026432274,146.72680706447,150.946850688096,186.710592501496,192.851370519955,160.868299899201,183.925502158939,146.902960964774,163.587115815087,180.089436249493,331.042223076833,158.068845198368,140.699475844739,181.896339534288,152.561698258897,178.810605164889,179.705303322524,212.509662853367,135.951029133364,129.248892960622,222.540191410303,170.928116551028,134.146354305429,129.989769683436,150.404130775935
"gene_117",26.2780476929519,20.121451462467,31.0399128975015,40.102640617047,38.9596372735594,26.4430236583839,26.326001225879,27.0831694341399,33.4999676297682,34.6017576358083,28.8632946158955,33.0002614531039,26.3576070918291,29.3511097095824,32.311987252533,196.309921301721,93.7357243216177,83.4355894953726,107.865563997132,90.4699548610445,106.035705963965,106.566267060618,126.01943885846,80.619733585659,76.6453287124807,131.967599347854,101.361345379184,79.5495511474366,77.084672823326,89.1905050710849
"gene_118",1896.54219297353,1452.20764222423,2240.21606034775,2894.29225749838,2811.79929253525,1908.44885677612,1900.00310070766,1954.649529199,2417.76340523743,2497.28191660736,2083.1249226309,2381.69855524526,1902.28416279493,2118.33156805437,2332.02435277138,812.669012230089,388.040084729295,345.400363111679,446.533729757155,374.520698525598,438.95862142603,441.154998254494,521.68577227175,333.74349510646,317.290553446297,546.309518628781,419.60805588124,329.313234530686,319.109317073842,369.22412874395
"gene_119",4.31855889298811,3.30677812021674,5.10112826673326,6.59050540179609,6.40266316513489,4.34567119718097,4.32643962136232,4.45087335165614,5.50541595832297,5.68648515662822,4.74342078608236,5.42329377868733,4.33163375888213,4.82358877403911,5.31018215394181,12.1686790663818,5.8104039712363,5.17192867559193,6.68627149301325,5.60796845393289,6.57284393420726,6.60573186807972,7.81157721130766,4.99738198617721,4.75102022788768,8.18028631959326,6.28309396426394,4.93104450029339,4.77825388703813,5.52865909568788
"gene_120",47.393523682475,36.289852943222,55.981740508229,72.3267371313725,70.2652842920408,47.6910645202153,47.4800098219703,48.8455933626173,60.418548888219,62.4056718036852,52.056121250575,59.5173085527595,47.5370122817388,52.9359155361117,58.2759781462566,121.608841838918,58.0668200470829,51.6861569675068,66.8198847262132,56.0437616138679,65.6863357202968,66.0150043890066,78.0657335459557,49.9418081659033,47.4797687008509,81.7504627913793,62.7906920702794,49.2788582446481,47.7519308418897,55.2511760628356
"gene_121",5.92303705033502,4.53534843650791,6.99635514324698,9.03908193509931,8.78145049949042,5.96022241384018,5.9338457129701,6.10451042152332,7.55084821272169,7.79919021680499,6.5057482733216,7.43821510415717,5.94096963317976,6.61570114757547,7.28307901343971,11.7952321874374,5.63208739171052,5.0132063844142,6.48107525049431,5.43586445604494,6.37112869135897,6.4030073212476,7.57184625010128,4.84401639115659,4.60521527517035,7.92923997526464,6.09027091270111,4.77971474884504,4.63161315543662,5.35898903760113
"gene_122",222.032175497542,170.012996954032,262.266796544971,338.840869894122,329.183245327758,223.426113621777,222.437351230648,228.834923320558,283.052636894698,292.362035935333,243.875807307886,278.830449203636,222.704399957303,247.997523188662,273.014986050618,546.705427487789,261.045539096135,232.360592476909,300.39586835567,251.950665657338,295.299878750911,296.777443558796,350.952772717971,224.518687703804,213.450328546036,367.517863272525,282.282206058724,221.538326123,214.673862274445,248.387513373792
"gene_123",258.347339050791,197.820001847483,305.162658776537,394.261043034147,383.02383562184,259.969267063659,258.818784562062,266.262731468,329.348191941958,340.180218718801,283.763674051616,324.435431201247,259.129511274411,288.559530002385,317.668801871226,468.347035116736,223.630310070144,199.05672980896,257.34062116813,215.838989926505,252.975031396428,254.24081926348,300.651287337239,192.338792386921,182.856842996061,314.84213062796,241.823160383327,189.785601143952,183.905009641669,212.78653841649
"gene_124",15.3775017805081,11.7747581291392,18.1640706884085,23.4674369533593,22.7985693055423,15.4740431306044,15.4055634366321,15.8486464086521,19.6036561731294,20.2484064216105,16.8903477736784,19.3112359480361,15.4240586941794,17.1758095233251,18.908468669872,92.9957342412195,44.4043910267971,39.5250217386906,51.097964161675,42.8573340730032,50.2311256940969,50.4824625517346,59.6977991107076,38.1910973699939,36.3083463765531,62.5155555869362,48.0167924000509,37.6841316448047,36.5164720173852,42.2512344329387
"gene_125",552.759874030969,423.255605046209,652.925915335677,843.560786356806,819.517661405303,556.230150625938,553.768578677899,569.695644809635,704.673273427343,727.849474036441,607.140655288496,694.161932307449,554.433409440266,617.401866961733,679.684054618369,970.618975325182,463.459371228502,412.53221357662,533.321813311998,447.312363545696,524.274410524783,526.897674110067,623.080371102877,398.609722244413,378.958994660437,652.489977102424,501.162878254707,393.318398328073,381.131252322486,440.986354977837
"gene_126",18.8693212599623,14.4484908581646,22.2886454575275,28.7962643959594,27.975514789996,18.9877845692722,18.9037549678589,19.4474502353478,24.0551223131381,24.8462781032451,20.7256941265979,23.6963012738722,18.9264500038555,21.0759766067042,23.2020763163233,42.6260544790758,20.353449612095,18.1169141108121,23.4215539228464,19.6443317742423,23.0242249050691,23.1394290988279,27.3634232573867,17.5054889387333,16.6425004686517,28.6549861666374,22.0092504828875,17.2731132411031,16.7378981229311,19.3665164906926
"gene_127",506.760434237486,388.033220722982,598.590881728651,773.361545371399,751.31923547651,509.941922179738,507.685196740899,522.286848069512,646.03194047617,667.279469532492,556.615768567875,636.395329642807,508.294701774929,566.023065167412,623.122268537535,955.636943691603,456.305623839319,406.164554556143,525.089701143327,440.407853999623,516.181949937428,518.76472202294,613.462786790765,392.45696444765,373.109556528517,642.418439530983,493.427156734249,387.247314992982,375.248284212442,434.179490813615
"gene_128",243.406857021727,186.379875568456,287.514800524373,371.4605371344,360.873188536266,244.934987334113,243.851038372993,250.864494469999,310.301660396123,320.507260355518,267.353340241924,305.673009465985,244.143795452371,271.871847101699,299.29770099986,120.865599588042,57.7119304405345,51.3702643476712,66.4114986189514,55.701236424913,65.2848775756889,65.6115375052525,77.588615676567,49.6365765614183,47.1895844541573,81.2508247958483,62.406931361743,48.9776784211376,47.4600832095471,54.9134949547884
"gene_129",664.907452559035,509.128501098184,785.395842700584,1014.70797698274,985.786823848955,669.0818018178,666.120809875086,685.279264505963,847.642046996269,875.520388444277,730.321366326745,834.998095480686,666.920525898907,742.664440479481,817.582850226889,5235.08416003816,2499.69233532316,2225.01404949033,2876.49906714124,2412.60260567518,2827.701427465,2841.85013668256,3360.61653863562,2149.92236501436,2043.93513900363,3519.23878530004,2703.04817054639,2121.38333299021,2055.65132420834,2378.48294791887
"gene_130",24.1232209853397,18.4714719238852,28.4946083872494,36.8141831921615,35.7649072884066,24.2746687533736,24.1672422796667,24.8623219227351,30.7529361228527,31.7643782248576,26.4964750243209,30.2942063622455,24.1962564323791,26.9442887828807,29.6623713479825,184.633037713413,88.1601470216451,78.4726836004539,101.449517239894,85.088631674998,99.7285026064627,100.227504930533,118.523565457581,75.8243200998918,72.0863203086837,124.117918166204,95.3321817867443,74.8177941272546,72.499531404939,83.885285966561
"gene_131",173.902090143973,133.159148919272,205.415021459534,265.390074068081,257.825940202559,174.99386322953,174.219435621965,179.23020109228,221.695099219059,228.986492673737,191.010661096097,218.388158399286,174.428595990869,194.238909457131,213.833317664159,272.131747151571,129.93977207578,115.661361348618,149.527054941425,125.412647092962,146.990441099888,147.725923633044,174.692597522389,111.75792242227,106.248461999414,182.93814769929,140.510677345116,110.274397724418,106.857496324792,123.639028600195
"gene_132",55.0754605147328,42.1720143927376,65.0557270137542,84.0500567488158,81.654466473312,55.4212292482475,55.1759650476467,56.7628937359705,70.2116902289126,72.5209025677525,60.4938107091274,69.1643693577649,55.2422069405951,61.5162093760593,67.7218337858768,113.315148863051,54.1066772624545,48.1611738288731,62.2627850924868,52.2215909146866,61.2065438487858,61.5127973954712,72.7416698004626,46.5357891846824,44.2416602030195,76.1751014214815,58.5083823804717,45.9180522843074,44.495260953264,51.483059502465
"gene_133",12.9955713817193,9.95088226643352,15.3505088526809,19.8323990740777,19.2671370837884,13.0771587568581,13.0192863687473,13.3937370742714,16.5671067236363,17.1119870297558,14.2740819209743,16.3199815427779,13.0349167645756,14.5153264740386,15.9796017471314,13.9353795168246,6.65398306944732,5.92281122175666,7.65701275375731,6.42215710494298,7.52711730076642,7.56478004440003,8.94569513015498,5.72292310348758,5.44079349998103,9.36793499096819,7.19530020097094,5.64695445997746,5.47198105730117,6.33133327761127
"gene_134",200.077156009413,153.201745823439,236.333291113468,305.335555246685,296.632897387685,201.333258531154,200.442267093797,206.207233483222,255.063782823149,263.45264844604,219.760842482947,251.259094140201,200.682909467477,223.474994224498,246.018676502866,363.17648045876,173.412582648105,154.357169199607,199.553011052194,167.370857141742,196.16774455207,197.149291029563,233.137968629007,149.147790926784,141.79507862275,244.142160253239,187.520103035435,147.167936374425,142.607872223955,165.003854656284
"gene_135",4951.29090079053,3791.26945429558,5848.51812762144,7556.11078512937,7340.74691486356,4982.37555388337,4960.32627107439,5102.99136186558,6312.03987602689,6519.63835880731,5438.40127198072,6217.88559658815,4966.2814256703,5530.31504209266,6088.20146531801,10655.4187601427,5087.83962017395,4528.76319076168,5854.7868929248,4910.57837455912,5755.46484396407,5784.26293335859,6840.15297877518,4375.9226023326,4160.19765086172,7163.01053200918,5501.74730826093,4317.83464654618,4184.04461412173,4841.13168941863
"gene_136",33.1998114832053,25.4215382789469,39.2159748202513,50.66586848542,49.2217925794827,33.4082429091469,33.2603962066877,34.2170061523376,42.324019767271,43.7160265450205,36.4660248443405,41.6926885871127,33.3003272093089,37.0823327732363,40.8231196611899,355.663691469307,169.825312514572,151.16408566143,195.424991356779,163.908568143563,192.109753600962,193.070995482852,228.315199374987,146.062470313344,138.86185865187,239.091754645764,183.641000061569,144.12357168815,139.657838535375,161.59053025567
"gene_137",91.1617659107467,69.8037795440128,107.681259525644,139.120971963019,135.155753372516,91.7340877406384,91.3281225896893,93.9548318400518,116.215490692698,120.037735167898,100.130304120458,114.481948763195,91.4377672096708,101.822594426726,112.09424126346,175.782948207435,83.9343313081388,74.7112209595353,96.5866968095384,81.0100441394682,94.9481762613243,95.4232597067019,112.84232782071,72.1898025296638,68.6309777828314,118.168524175452,90.7625860520826,71.2315227704792,69.0243822657524,79.8643788838808
"gene_138",577.115629698568,441.905131876497,681.695196193549,880.729838179339,855.627322877132,580.738813935384,578.168779981072,594.797625944216,735.722651067445,759.9200435283,633.892541868533,724.748158282457,578.862904576745,644.605883980516,709.632355034474,1089.57728288428,520.260591712861,463.091841183575,598.685320423212,502.134619312776,588.529074979164,591.473843711493,699.444617325102,447.463020129829,425.403914639465,732.45864178815,562.585011269008,441.52319566504,427.842402512986,495.033300049404
"gene_139",167.853314721243,128.527520934653,198.270142796861,256.15910418077,248.85807093113,168.907113046395,168.159622082751,172.996099854737,213.983956320284,221.021735793154,184.366804249058,210.792039663466,168.361507299886,187.482765579335,206.395628356475,336.992748306685,160.910152396779,143.228566463632,185.16594891389,155.304013804512,182.024748084512,182.93552855307,216.329550536101,138.394765830645,131.572157924662,226.540379094325,174.000570755131,136.557651747695,132.326351998932,153.107663777066
"gene_140",5023.36477480462,3846.45738053089,5933.65256369993,7666.10193444298,7447.60310225235,5054.90191421178,5032.53166920059,5177.27347614236,6403.92160463308,6614.54201183548,5517.56580825393,6308.39676066679,5038.57351049512,5610.81752873476,6176.82487165305,10258.3164226229,4898.22783188328,4359.98686299765,5636.59278782243,4727.5726950071,5540.9722374792,5568.69708997219,6585.23660260942,4212.84228298451,4005.15689189307,6896.06201595656,5296.71015620403,4156.9191283705,4028.11513505053,4660.71412410435
"gene_141",556.957490106024,426.469775638302,657.884184643553,849.966722249502,825.741015651732,560.454119715211,557.973854778654,574.021869828652,710.024508202453,733.376707100873,611.751234844268,699.433344764536,558.643734214823,622.0903693717,684.845523183044,1347.10131661852,643.225349032497,572.544636138434,740.185938208422,620.815262415687,727.62924138251,731.270012807146,864.759920843949,553.221908187496,525.949083656102,905.576884009077,695.553240045672,545.878192892864,528.963913605825,612.035530422657
"gene_142",4772.34792745135,3654.25043390772,5637.14876065139,7283.02787445744,7075.44739887948,4802.30916033699,4781.0567533943,4918.56583213744,6083.91852224592,6284.01425664945,5241.85380318538,5993.16704160308,4786.79668470978,5330.44574801089,5868.16978179927,8094.4042767374,3864.98472823405,3440.28150979412,4447.59733355069,3730.32796655224,4372.14719536473,4394.02370563656,5196.1321062331,3324.17593567375,3160.30016419149,5441.39131363747,4179.41030230514,3280.04933602256,3178.41554433226,3677.57269171413
"gene_143",319.000654937086,244.263054463264,376.807008617648,486.82340374075,472.9479888154,321.003369965106,319.582783738626,328.774378074515,406.670683421186,420.045791710688,350.384092216344,400.604532712632,319.966461097604,356.305891894639,392.249272712958,625.783527323553,298.804420139594,265.970345016263,343.846570093236,288.394020507667,338.013472066893,339.704758947977,401.716268017731,256.994149458082,244.324809650611,420.677412861852,323.112860649344,253.582694058223,245.725321176317,284.315476757636
"gene_144",10.1290276994876,7.75593155163837,11.9645165882244,15.4577981735536,15.0172208269382,10.1926186535469,10.1475116701761,10.4393665995932,12.912759121937,13.3374505457673,11.1255262978038,12.7201444435492,10.1596943366898,11.3135574884735,12.4548451137099,24.8307812605444,11.8564117977076,10.5535719150941,13.6436620594507,11.4433322824944,13.4122076110045,13.4793170390404,15.9399030885534,10.1974009091069,9.69468776352389,16.6922719501748,12.8209587100626,10.0620360439173,9.750259369086,11.2814976810761
"gene_145",368.390744566173,282.081704570407,435.147114321081,562.197078283942,546.173366870176,370.703535053928,369.063002943432,379.67770930451,469.63450870755,485.080452235141,404.633202527997,462.629150751105,369.506084127623,411.471859937929,452.980266321915,1484.70806929832,708.930987078992,631.030220831511,815.796125860668,684.231704238729,801.956759161835,805.969436342046,953.095373483608,609.733671154292,579.674920446542,998.081800137572,766.604185878653,601.639793416915,582.997716066067,674.555120320714
"gene_146",27.0589546529347,20.7194023329272,31.9623286074563,41.2943741711322,40.1174041008679,27.228833223048,27.1083332250449,27.8880022648219,34.4954889937203,35.6300209863117,29.7210275767666,33.9809330064513,27.1408783251796,30.2233391127424,33.2722053034024,44.8627114842833,21.4214275474532,19.0675374643899,24.6505201805632,20.6751011666347,24.23234267606,24.3535918174488,28.7992256806473,18.4240298391964,17.5157589888756,30.1585589539146,23.1641109285354,18.1794610184096,17.6161623100958,20.382708472445
"gene_147",21.2746583583592,16.2902895428228,25.1298555388759,32.4670229830112,31.5416496097951,21.4082225920084,21.313481449101,21.9264834170852,27.1215112578765,28.0135183900291,23.3676694412326,26.7169500700625,21.3390694991748,23.7626036304656,26.159724562098,70.7309010318463,33.7731898427624,30.0620283681975,38.8642024877556,32.5965258464807,38.2049005707255,38.3960629132595,45.4050839554201,29.0474692244252,27.6154823137218,47.548219402203,36.5207180611661,28.6618801129732,27.7737789734987,32.1355372430074
"gene_148",86.7396780511806,66.4177279138192,102.457841728787,132.372472139848,128.599598934654,87.2842376126427,86.8979650767662,89.3972575425744,110.578093200981,114.214927699518,95.2731691384611,108.928642169059,87.0022910399836,96.8833695867333,106.656757923089,254.90378502228,121.713618766429,108.339137558145,140.06088105029,117.473094441472,137.684853717515,138.373774740078,163.633257750808,104.682815326931,99.5221446961932,171.356803319023,131.61530716725,103.293208768289,100.092622622317,115.811759181165
"gene_149",909.68811407854,696.560317086413,1074.53339589089,1388.26506210641,1348.6968046745,915.399218518858,911.348159734959,937.559654875743,1159.69507061172,1197.83661310439,999.183666611185,1142.39634375215,912.442285178596,1016.07075037708,1118.56980736702,3004.92660735113,1434.81781361649,1277.15309145954,1651.10403550999,1384.82850344572,1623.09429939946,1631.21562686772,1928.98638213618,1234.05063240165,1173.21420155492,2020.03519719788,1551.54360853054,1217.66929180505,1179.93926567652,1365.24389615167
"gene_150",307.409633976244,235.387655179831,363.115569846336,469.13447367225,455.763227696873,309.339579523984,307.9706108866,316.828224834168,391.894135653205,404.783253841627,337.652741059631,386.048401043885,308.34034716978,343.359369693181,377.996732877929,628.939705130032,300.31145865714,267.311782851344,345.580781471417,289.848553532754,339.718263855503,341.418080846258,403.742348785696,258.290315297384,245.55707689339,422.799125333,324.742500285483,254.861654011862,246.964651985333,285.749439395833
"gene_151",737.840379865914,564.974215892841,871.54500177881,1126.01011811256,1093.91663723448,742.472608653433,739.186828938702,760.446752237931,940.618920030106,971.555204418049,810.429469967289,926.588068137322,740.07426488566,824.126441608254,907.262564829959,1495.43910329369,714.054932102281,635.591121989037,821.692460730081,689.177130097677,807.753067152167,811.794746784863,959.984067002003,614.140647103693,583.864640571466,1005.29564233922,772.144975849267,605.988269194498,587.211452382113,679.430606672273
"gene_152",978.139648907744,748.974569914131,1155.38908591875,1492.72819928524,1450.18253903822,984.280498288619,979.924608445426,1008.10844668357,1246.95894301885,1287.97053194169,1074.36949623488,1228.35853442265,981.101063826933,1092.52728672396,1202.73911654332,1631.94990592992,779.237266637304,693.610906291914,896.700461448635,752.088500397517,881.488613645475,885.89923704154,1047.6159840863,670.202329911781,637.162585328816,1097.06381579422,842.630046202559,661.305764125375,640.814910059072,741.452267900855
"gene_153",108.803385937912,83.3122032002761,128.519731067078,166.043654961333,161.311087482845,109.486463457487,109.0019359524,112.136965835363,138.705506189748,143.267431209842,119.507515178734,136.636489319452,109.132798993333,121.527297413888,133.78671279302,242.37337914984,115.730494415359,103.013467853573,133.175853092551,111.698423216742,130.916625072275,131.57168053248,155.589473176687,99.5368808960178,94.6298953863996,162.933349369904,125.145441615087,98.2155837749206,95.1723301041615,110.118754868913
"gene_154",4.23606618586516,3.2436123545641,5.00368699279637,6.46461418544951,6.28036009358342,4.26266059336501,4.24379637730475,4.36585318614776,5.400252018802,5.57786245025587,4.65281240690694,5.31969852934306,4.24889129689659,4.73144903347323,5.20874755224959,8.34007306302778,3.98228874156891,3.54469559069657,4.58258389976185,3.84354508700688,4.50484381617165,4.52738428830441,5.35383703723233,3.42506616052694,3.25621668616229,5.60653997116056,4.30625727229496,3.37960029886105,3.27488187618409,3.78918866600695
"gene_155",123.244081095874,94.3696360088466,145.577235685382,188.081441593992,182.720754285572,124.017818608651,123.468983233581,127.020103208417,157.114895882455,162.282292579564,135.368892845477,154.771273202394,123.617214789889,137.656746329443,151.543266221719,203.924001683421,97.3713599272412,86.6717238736035,112.049239836059,93.9789242695852,110.148408894038,110.699548343586,130.907231236769,83.7466521224405,79.6180959054424,137.08609719326,105.29274846975,82.6349615675947,80.0744804254174,92.6498497154747
"gene_156",5305.6480925798,4062.6054804067,6267.08865828885,8096.89141230674,7866.11424118477,5338.95743224397,5315.33011209206,5468.20555043747,6763.78403118725,6986.24005654632,5827.62029408557,6662.89125733859,5321.71146904642,5926.1122083858,6523.92580822684,9257.95492573385,4420.56674948575,3934.81349097469,5086.92847973526,4266.55341045865,5000.63257029156,5025.65377495402,5943.06327964316,3802.01802696235,3614.58551754806,6223.5778931517,4780.1902242625,3751.54833745466,3635.30493890039,4206.21469498955
"gene_157",148.504238482563,113.711675293099,175.41480559246,226.63069096917,220.171274992343,149.436561553161,148.775236654615,153.054195635314,189.317229353518,195.543737796098,163.114156619066,186.493256808157,148.953849811473,165.870929491036,182.603636193366,83.709839291425,39.9704832379205,35.5783331862694,45.9956835976772,38.5779044273608,45.2154014760869,45.4416416163743,53.7367999767252,34.3776050513543,32.6828522288443,56.2731952610039,43.2221758115479,33.9212613305578,32.8701959181934,38.0323256018548
"gene_158",14.3363047764831,10.9774997017191,16.9341975756222,21.8784776154417,21.2548984026993,14.4263093974072,14.3624664027647,14.7755486198125,18.2763100042432,18.8774047853639,15.7467173095164,18.0036892931821,14.3797093628308,16.0128506973304,17.6281930301236,17.343481499558,8.28131247692268,7.37132180188505,9.52964782023608,7.99279006376241,9.3679845240837,9.41485824550934,11.1334964220539,7.12254810490782,6.77141955810463,11.6590012499309,8.95501667311188,7.02800021249674,6.81023449118523,7.87975393387843
"gene_159",64.7058821963912,49.546156669013,76.4312848047183,98.7469377425187,95.932457741646,65.1121115901882,64.8239608180886,66.6883777435409,82.488812881487,85.2018110147203,71.0716778901649,81.2583588775269,64.9017856802236,72.2728518264689,79.563583456562,105.299544584684,50.27931862502,44.7543838730089,57.8584856534633,48.5275781391768,56.8769600317859,57.1615500386559,67.5961226647231,43.2439745012216,41.112125940712,70.7866827061954,54.3696591397155,42.6699346227473,41.3477876662183,47.8412884228529
"gene_160",24.5171611370472,18.7731171501334,28.9599347364024,37.4153709407014,36.3489600155098,24.6710820970629,24.5619013136236,25.2683318364193,31.2551417084605,32.2831009934464,26.9291711969066,30.7889207396272,24.5913892770153,27.3842979017803,30.1467676512759,50.5802456677975,24.151484207206,21.4976022919757,27.7921089769326,23.3100421623269,27.320636785201,27.4573385394095,32.4695467967824,20.7720827525963,19.748057203935,34.0021204783879,26.1162641016894,20.4963448261802,19.8612564396736,22.980385442653
"gene_161",139.763910425372,107.019089571977,165.090635975264,213.292172101703,207.212929884711,140.641360924146,140.018958797265,144.046076445913,178.174822184967,184.034864814887,153.513950899752,175.517056656478,140.187059543149,156.108471841902,171.856362572934,67.1131727480122,32.0457662931253,28.5244224744441,36.8763849636256,30.929286043379,36.2508048733788,36.432189687233,43.0827148909933,27.5617557745189,26.2030118095911,45.1162337259588,34.6527645535991,27.1958886885761,26.3532119472686,30.4918759817449
"gene_162",686.005151239995,525.283290256762,810.31667156301,1046.90494374128,1017.06611436252,690.311953763513,687.257008721667,707.023366454607,874.537965259799,903.300894247517,753.494666712727,861.492817640629,688.082099957687,766.229390046516,843.524981803878,326.076534229101,155.697786019028,138.588960117802,179.16786394506,150.273247206961,176.128416108548,177.009693643816,209.321982281812,133.911740903208,127.310137896718,219.202051228705,168.36416614545,132.134136500259,128.039901344476,148.148043597975
"gene_163",760.356814765858,582.215350289159,898.141657140083,1160.37220266771,1127.29933547164,765.130403772718,761.744352987087,783.653058451141,969.323481689313,1001.20383860632,835.161082521255,954.864454852658,762.658870528212,849.276040191036,934.949201446219,1956.37353440826,934.145809215368,831.497348855936,1074.96011041476,901.600001546664,1056.724221958,1062.01165562919,1255.87689796251,803.435262426775,763.827378844779,1315.15471582674,1010.14076210173,792.770103043878,768.205767798616,888.849338253218
"gene_164",243.302084776333,186.299650063314,287.391042419924,371.300645358847,360.717853987651,244.829557319065,243.746074933817,250.75651215308,310.168093897188,320.369300949841,267.238260452827,305.541435327319,244.0387059986,271.754822362836,299.168871054152,554.913718315843,264.964903339716,235.849278017848,304.90604244035,255.733478547162,299.733541129964,301.23329024598,356.222013300818,227.889634089821,216.655093463225,373.035813807803,286.520419777512,224.864525057468,217.896997451331,252.11682873325
"gene_165",24.2301824858534,18.5533737708598,28.6209524634199,36.9774159659611,35.9234876103141,24.3823017678832,24.2743989690276,24.9725605704151,30.8892935435678,31.9052203437388,26.6139594485049,30.4285297915814,24.3035417694571,27.0637587972806,29.7938932434252,43.7273552690641,20.8793080432991,18.5849886738045,24.0266809080486,20.1518692033137,23.619086366837,23.7372670141087,28.0703936776713,17.9577665194984,17.0724815949252,29.3953258318511,22.5778887310217,17.71938708677,17.1703439744367,19.8668761925503
"gene_166",772.036980815388,591.159009155499,911.938395050069,1178.19717607917,1144.61626243295,776.883898963474,773.445833604342,795.691088058003,984.213674033188,1016.5837587402,847.990348903193,969.532535904719,774.374399440331,862.322132471241,949.31135577784,1989.42076516756,949.925480927863,845.543073907979,1093.11842946842,916.829906664305,1074.57449880841,1079.95124826596,1277.09127902129,817.006960290502,776.730016917213,1337.37042290604,1027.20414712378,806.161644113918,781.182365995518,903.863858064944
"gene_167",2083.17621249448,1595.11579921198,2460.67017388506,3179.11238946621,3088.50149615415,2096.25458158936,2086.97769958614,2147.00174774742,2655.68951320481,2743.03324431321,2288.12008641648,2616.07561065668,2089.48323534328,2326.79133061005,2561.51309295916,1143.98483670737,546.239571442247,486.216124949414,628.580403870431,527.208486725261,617.917010857029,621.00882529765,734.371071153735,469.806885713287,446.646268666002,769.033636148149,590.677441940521,463.570458773075,449.206521339789,519.752566263694
"gene_168",5077.21999849932,3887.6950433221,5997.26693384232,7748.28980115267,7527.44845472861,5109.09524588263,5086.4851706773,5232.77874674997,6472.57770388166,6685.45616114673,5576.71933466001,6376.02874319863,5092.59178622754,5670.9708018229,6243.04627903607,10244.2062737982,4891.49039848407,4353.98977137205,5628.8397453324,4721.06999499686,5533.3507195143,5561.03743691974,6576.17871584896,4207.04758635602,3999.64786317111,6886.57659385207,5289.42461679321,4151.20135313943,4022.57452763531,4654.3033869803
"gene_169",53.5247753839159,40.9846341140394,63.2240410394222,81.6835731638108,79.3554322783808,53.860808775615,53.6224501468503,55.1646978339142,68.2348347831306,70.4790297584429,58.7905684321427,67.217001906943,53.6868269565571,59.7841808048563,65.8150818549452,216.042787947508,103.157940660556,91.8224471238992,118.708096946634,99.5638994914817,116.694303510153,117.278196049752,138.686780199547,88.7235443422207,84.3496364748037,145.23284352007,111.550081119803,87.5457882918238,84.8331429932005,98.1558407554341
"gene_170",394.395529247219,301.993914901462,465.864246006416,601.882695213062,584.727866442923,396.871580130446,395.115242493006,406.479243339475,502.786113241237,519.322389361477,433.196350385943,495.286245506905,395.589600876641,440.517750145068,484.956244177537,3006.92994004408,1435.77438188255,1278.00454737722,1652.20479806629,1385.75174470169,1624.17638834825,1632.30313016532,1930.2724040557,1234.87335265398,1173.99636320907,2021.38191979055,1552.57799586895,1218.48109090041,1180.72591081483,1366.15408068806
"gene_171",1511.94266478462,1157.71465593528,1785.92295627496,2307.35913215123,2241.59490410799,1521.4347778866,1514.70173551951,1558.26642235868,1927.46549972719,1990.85846320872,1660.68830858106,1898.71423566133,1516.52022134257,1688.75540326363,1859.11345781539,4067.92047555398,1942.38513127787,1728.94645694694,2235.18268196294,1874.71208465337,2197.2644916284,2208.25874160973,2611.36600866061,1670.59648749365,1588.23914735242,2734.62337480004,2100.40271812827,1648.42024176874,1597.34320532601,1848.1994154846
"gene_172",115.117475997877,88.1469861398514,135.978002236167,175.679518609086,170.672310254155,115.840193947199,115.327548288644,118.644510570595,146.754879381083,151.581542535707,126.442788444142,144.5657930962,115.466005587962,128.579782904122,141.550638024941,218.176805685784,104.1769095292,92.7294467640905,119.880666449962,100.547367301841,117.846981255207,118.436641342284,140.05669424214,89.5999337798307,85.1828215219162,146.667417972643,112.651945496195,88.4105441436669,85.6711039992637,99.1254001065122
"gene_173",428.421256396751,328.047867817382,506.055801305212,653.808984546094,635.17415542163,431.11092387934,429.203061539407,441.547470031132,546.163032691551,564.12594470802,470.569544875595,538.016128076063,429.718344293973,478.522584529401,526.794925450985,930.579491936733,444.340979493674,395.514643209044,511.321491427039,428.860060010588,502.647307526757,505.162357568502,597.377374558755,382.166475452403,363.32636975062,625.573790356158,480.489160504583,377.093426555857,365.409018537521,422.795008750804
"gene_174",244.635483049135,187.32065089792,288.966066817818,373.335529850966,362.694740309517,246.171326787092,245.081906460364,252.130763839028,311.867946165453,322.125060144991,268.702839086594,307.215931550848,245.376141267083,273.244153665103,300.808442931665,908.247799824196,433.677853954141,386.023233485666,499.050993080566,418.568439678844,490.584968940807,493.03966376984,583.041739914715,372.995389973424,354.607401950512,610.561508868167,468.958564688993,368.044082171553,356.64007212528,412.648935208511
"gene_175",118.101560198255,90.431939196464,139.502834626337,180.233496806289,175.096491205454,118.843012498684,118.317077999344,121.720022836533,150.559070821986,155.510851115736,129.720448277953,148.313238871518,118.459124399585,131.912838075165,145.2199247151,257.003178402727,122.716054903366,109.231421163164,141.214425657369,118.440605523465,138.818829309353,139.513424301152,164.980944989398,105.544985378759,100.34181134714,172.768101854865,132.699293835428,104.143933988843,100.91698774246,116.765587468107
"gene_176",189.827652606205,145.353564419257,224.226467326724,289.693900421913,281.437060182084,191.019407816497,190.17405986964,195.643699976913,241.997438007861,249.956560883175,208.502988023966,238.38765498222,190.40237467491,212.026872112406,233.415692172409,373.237342280779,178.216528184496,158.633233961823,205.081109314031,172.007432353356,201.602062791463,202.610800466661,239.596450975881,153.279543384097,145.723143268522,250.905485169364,192.714860810242,151.244842099776,146.558453206967,169.574858207232
"gene_177",1037.4488628924,794.388425784004,1225.44576812033,1583.23934080906,1538.11393678974,1043.96206089485,1039.34205293408,1069.23481003145,1322.56793695359,1366.06625167881,1139.51357910887,1302.83969797563,1040.58984234651,1158.77236195913,1275.66685412194,493.501791230463,235.641416125399,209.747997428264,271.162296289925,227.431626890847,266.562232212279,267.896005104751,316.799163252289,202.66924192739,192.678020337657,331.752191792964,254.811398091669,199.978919672131,193.782483648686,224.21522927351
"gene_178",331.938264044962,254.169554243851,392.089051808326,506.567347223893,492.129191464832,334.022202555711,332.544002060991,342.108376993896,423.163898266696,437.081456611228,364.594509507202,416.851724594107,332.943240101796,370.756477750254,408.157602945727,663.558480193266,316.841524657686,282.025445237104,364.602610181471,305.802709066757,358.417401571502,360.210781715563,425.965568980109,272.507408372217,259.073293377766,446.071289099174,342.61732593118,268.890023028025,260.558345730399,301.477967084897
"gene_179",43.7942167230772,33.5338156177602,51.7302003703731,66.8338742235288,64.9289786725048,44.0691607854615,43.8741346621184,45.1360087935554,55.830054794658,57.6662654169861,48.1027127479333,54.9972592668317,43.9268080630998,48.9156909487242,53.8502018500514,129.005648788116,61.5987100934582,54.8299458503992,70.8841762712487,59.4525999770666,69.6816796210868,70.0303394241248,82.8140491425457,52.9794977624081,50.3677057764952,86.7229005034037,66.6099096569876,52.2762241894319,50.6564220659471,58.6118057413445
"gene_180",3.52256948758046,2.69727842021263,4.16089700983458,5.37575469302857,5.22253521687046,3.54468449813243,3.52899765354943,3.63049597102532,4.49066708403933,4.63836191671288,3.8691215615789,4.42368152441021,3.53323441650554,3.9345131228045,4.33141844130947,11.637728400527,5.55688114919586,4.9462641676302,6.39453232543923,5.36327841251872,6.28605390183073,6.31750685082989,7.47073807017371,4.7793333977793,4.54372103462883,7.82335945476448,6.00894646594008,4.71589038648134,4.5697664194086,5.28742952490812
"gene_181",34.0417153705035,26.0661953098753,40.2104407575672,51.9506887818482,50.4699929957235,34.2554323453652,34.1038364434991,35.0847047688171,43.3973016678678,44.8246079206738,37.3907556394624,42.7499607529851,34.1447800442293,38.0226923330387,41.8583406940497,55.1643605221851,26.3403462035851,23.4459415437778,30.3109227532173,25.4226438138596,29.7967207833083,29.945811890985,35.4122792770464,22.6546677785399,21.5378342439364,37.0837509352539,28.4831951560769,22.3539395756292,21.6612927872605,25.063110128474
"gene_182",138.688245584941,106.195438662689,163.820049082965,211.650611776361,205.618157225008,139.558942962341,138.941331028311,142.937454775531,176.803535483764,182.618477473603,152.332461636923,174.166224913386,139.108138020597,154.907014370208,170.533704625961,317.266226856308,151.490965815501,134.844405668338,174.326902431486,146.212993374433,171.369577860135,172.227044034721,203.666282437771,130.293560892272,123.870327518475,213.279400423313,163.815111250064,128.563985830699,124.580373385821,144.145210938269
"gene_183",3.54065004130631,2.71112294125392,4.18225395458735,5.40334722793441,5.24934131080464,3.56287856321351,3.54711120159961,3.64913048701912,4.51371666411551,4.66216958101325,3.88898088884345,4.44638728273524,3.55136971090324,3.95470809018633,4.35365063406346,12.1946839358225,5.82282099660489,5.18298125814682,6.70056027623056,5.61995286790882,6.58689031898168,6.61984853545604,7.82827081004566,5.00806155668661,4.76117331517531,8.19776786188456,6.29652114377395,4.94158230540245,4.78846517355566,5.54047402294341
"gene_184",5099.84989147243,3905.02305407768,6023.99760710133,7782.82503282994,7560.99936505777,5131.86721137514,5109.15635984297,5256.10198722919,6501.42690496852,6715.25419185011,5601.57556734673,6404.44761181072,5115.29019344883,5696.24712672841,6270.87242585707,8376.61006070181,3999.73473675246,3560.22453553598,4602.65972595922,3860.38326058674,4524.57907110161,4547.21829071196,5377.29164367262,3440.0710212032,3270.48183475144,5631.10164302334,4325.12254011127,3394.40597829881,3289.22879504062,3805.78870972721
"gene_185",4.76899174044373,3.65168055677066,5.6331843964185,7.27790603424379,7.07047154108492,4.79893190288312,4.77769444184403,4.91510681636725,6.07963996405818,6.27959497973912,5.23816743289187,5.98895230502787,4.78343033651272,5.3266970748135,5.86404295041992,14.5828233344741,6.9631300285134,6.1979876174911,8.01276090995916,6.72053332846448,7.8768304574996,7.91624302864899,9.36131603230574,5.98881260996015,5.6935751418744,9.80317334143593,7.52959699034983,5.90931443009858,5.72621168672661,6.62548978645402
"gene_186",13.7469557185508,10.5262272707456,16.2380521222692,20.9790784764945,20.3811338904782,13.8332603526667,13.7720418703609,14.1681427509164,17.5249918471998,18.1013763108081,15.0993878088829,17.2635782611086,13.7885759921015,15.3545807581504,16.9035182190528,38.8543984588197,18.5525273428261,16.5138858922832,21.3491583906675,17.9061539600935,20.9869860018636,21.0919966509404,24.9422416274004,15.9565610928378,15.1699319222122,26.1195239380419,20.0618189624344,15.7447465569111,15.2568885621524,17.6529204423095
"gene_187",2676.91951951779,2049.75296529942,3162.00616158179,4085.21754379696,3968.78088926281,2693.72546291498,2681.80449993271,2758.93649923248,3412.60957812301,3524.84786949233,2940.27614447199,3361.70498909241,2685.02415918905,2989.96940028247,3291.59115629108,20611.9634102819,9841.97490958148,8760.49109688498,11325.5664491921,9499.07873713438,11133.4367464468,11189.1440985695,13231.6698285593,8464.83452183885,8047.53371869865,13856.2091567446,10642.6426556484,8352.46851856862,8093.66355603554,9364.74027843057
"gene_188",4.51452441966349,3.45683153664209,5.33260485700326,6.88956624457328,6.69320019157627,4.54286701319643,4.52276275600941,4.65284298137195,5.75523812459968,5.94452379550374,4.95866549516734,5.66938944346601,4.52819259064947,5.04247130823467,5.55114509281224,16.5248392211264,7.89042022644313,7.02338268279284,9.07983198571587,7.61551656945326,8.92579947632936,8.97046067715426,10.6079761637313,6.78635153393736,6.45179686093135,11.108676256202,8.53232442110603,6.69626646532935,6.48877966213837,7.50781594010967
"gene_189",619.331288130409,474.230224365016,731.560786512365,945.154691893194,918.215942815217,623.219506097566,620.461475717599,638.306711681586,789.540316955743,815.507734005262,680.261397004186,777.7630466769,621.206375106627,691.758413596618,761.541531585394,1175.23636659071,561.161816687664,499.498641702302,645.752046924874,541.610838267842,634.797349923234,637.973626961859,754.432717723869,482.641132686808,458.847810823387,790.042199277836,606.813646841056,476.234338206193,461.478004820151,533.951235979702
"gene_190",75.3613582057042,57.7051967101946,89.0176478053153,115.00814291263,111.730186901385,75.8344836437704,75.4988814880414,77.6703222750991,96.0727025814627,99.2324651438438,82.7754447347581,94.6396229015251,75.5895222012747,84.1744226361244,92.6657594250963,300.897533812875,143.675103588822,127.887388191627,165.332867411156,138.66943719065,162.528119868309,163.341346853788,193.158542948591,123.571334814463,117.479494846399,202.275692046884,155.3634102969,121.930993591484,118.152907369679,136.708337701213
"gene_191",350.984730113759,268.753687243869,414.586942621548,535.633950371379,520.367339825546,353.188244064985,351.625225100642,361.738399501283,447.444849584754,462.160991074053,385.514776033805,440.770486268193,352.047371237986,392.030315201848,431.577499888293,697.471331419995,333.034520164331,296.43907606538,383.236557972116,321.431537703369,376.735238475681,378.620273893292,447.735627535195,286.434595612167,272.313895852743,468.868901842108,360.127659607602,282.632334549151,273.874845599505,316.885768734736
"gene_192",909.372215224107,696.31842912195,1074.16025276243,1387.78297232643,1348.22845539195,915.081336422783,911.03168441205,937.234077332898,1159.29235418768,1197.42065162483,998.836689476094,1141.99963449464,912.125429909012,1015.71790902289,1118.1813721272,1811.68974588207,865.060968137707,770.003884307336,995.461334463274,834.922088732616,978.574082850486,983.470483867798,1162.99840399194,744.017132116301,707.338453285523,1217.89232526724,935.435707144105,734.14071559749,711.393038072956,823.114401940882
"gene_193",24.6285956588713,18.8584440491605,29.0915623935103,37.5854299433054,36.514172005409,24.7832162149161,24.6735391868942,25.3831805523756,31.3972014580113,32.4298329866855,27.0515687003807,30.9288614383451,24.7031611779199,27.5087640308364,30.2837896587989,44.7936523754038,21.3884526190904,19.0381859806688,24.6125745704838,20.6432750906949,24.1950407846695,24.3161032820196,28.7548937890579,18.3956689345482,17.4887962247648,30.1121345819241,23.1284534123982,18.1514765891073,17.5890449908174,20.3513324892044
"gene_194",38.9564141702888,29.8294457045783,46.0157359014568,59.450956762627,57.7564887348948,39.2009860697164,39.0275038384204,40.1499829001164,49.6626929414756,51.2960634378499,42.7889648620082,48.9218935864761,39.074358582675,43.5121360446712,47.9015478159888,86.2715003009661,41.193646838637,36.6670896535998,47.4032284009729,39.758452788675,46.5990683421623,46.8322318089196,55.3812358810716,35.4296172306499,33.6830021388657,57.9952491008226,44.5448466404634,34.9593086291845,33.8760788582678,39.196178339133
"gene_195",6.67122484766894,5.10824580790976,7.88012262596021,10.1808831336179,9.89070814059179,6.71310740198644,6.68339884187638,6.87562162127905,8.50465830107146,8.78437043764618,7.32754314464528,8.37779757301248,6.69142264336734,7.45138507583049,8.20306495959653,9.04348514186719,4.31815990013989,3.8436596016185,4.96908469454233,4.16771443412564,4.88478791613734,4.90922947957243,5.80538627567028,3.71394047732628,3.53085002942625,6.07940248764055,4.66945233749774,3.66463996864605,3.5510894646634,4.10877352533947
"gene_196",20.6352951772778,15.8007206309561,24.3746328647059,31.4912978388044,30.5937345320824,20.76484543092,20.6729515252039,21.2675310639458,26.3064337406971,27.1716335555262,22.6654054040508,25.9140307517893,20.697770582572,23.0484707126985,25.3735514339328,45.1110978457522,21.5400291716071,19.1731065683575,24.7869999610623,20.7895706889145,24.3665071798993,24.4884276278602,28.9586751352895,18.5260361064047,17.612736534362,30.3255344771915,23.2923610730283,18.2801132087572,17.7136957474312,20.4955591367684
"gene_197",309.172807901895,236.737740961676,365.198249873211,471.825234078501,458.377296192228,311.113822815367,309.737002342712,318.645419883368,394.141877575479,407.104922390145,339.589376880899,388.26261426146,310.10885927958,345.328736365073,380.164765072533,1353.04434141781,646.063074861782,575.070538926365,743.451426358862,623.554121367719,730.839332986519,734.496166450883,868.574993690815,555.662564639471,528.269420225276,909.572029595335,698.621821527869,548.286450978379,531.297550740396,614.735655714257
"gene_198",402.57635564607,308.25808274341,475.527526240055,614.367364731018,596.856698570078,405.103766498993,403.310997684615,414.910718541142,513.215252526945,530.094535588671,442.182010405689,505.559817319355,403.795195539795,449.655275731191,495.015543917135,878.319632523662,419.387499086022,373.303171938709,482.606492344859,404.775963339395,474.419436771689,476.793245616161,563.829614392649,360.704615984637,342.922540557359,590.442564469722,453.50565593023,355.916461419447,344.88823111151,399.051515680824
"gene_199",5051.652485158,3868.11765748566,5967.06631177201,7709.27149922328,7489.54225037874,5083.36721737494,5060.87100042268,5206.42788142224,6439.98354470683,6651.79000335891,5548.6364771057,6343.92077860293,5066.94686470065,5642.41331924844,6211.60797833669,7985.64178347206,3813.05189153558,3394.05530441231,4387.83607645269,3680.20447920609,4313.39974297252,4334.98230402712,5126.31297391793,3279.50981195967,3117.83599838349,5368.27669446724,4123.2526075179,3235.97613043232,3135.70796667539,3628.15806385018
"gene_200",151.150407487542,115.737882179444,178.540488915147,230.668980489707,224.094465398386,152.099343447019,151.426234524889,155.781439468289,192.690637342022,199.02809476369,166.020656998644,189.816344962717,151.608030355887,168.826552286259,185.857415932104,288.164301058865,137.595131740031,122.475513060876,158.336393043429,132.801292652402,155.650335417467,156.429148666294,184.984555429905,118.342104292106,112.508055789564,193.715889529815,148.788818475894,116.771178216282,113.15297117533,130.923181999518
"gene_201",319.046612327285,244.298244649652,376.861293981821,486.893538810309,473.016124898913,321.049615879965,319.628824994233,328.821743533321,406.729271148173,420.106306346166,350.43457091661,400.662246508952,320.012557628365,356.357223729387,392.305782794057,350.597193464483,167.406118124869,149.010724053894,192.641124595707,161.573658920633,189.373113042277,190.320661847832,225.062805245787,143.981782202154,136.883744645069,235.685846404532,181.02499853335,142.070503562502,137.668385641338,159.288641930335
"gene_202",187.948045042573,143.914323848496,222.006254632908,286.825451916676,278.650368044549,189.127999906201,188.291022301457,193.706503929842,239.601263327228,247.481577728904,206.438463767626,236.027223120849,188.517076412729,209.927455578281,231.104490961974,406.208567940162,193.959908337981,172.646655346916,223.197666173935,187.202310316416,219.411285912266,220.509133957068,260.762041224806,166.820027792761,158.59610665193,273.070098495949,209.739001869823,164.605584056131,159.505206614459,184.554846227568
"gene_203",55.7316814504926,42.6744915121123,65.8308622492749,85.0515083277022,82.6273747322225,56.0815699985262,55.8333834891199,57.4392203412448,71.0482584687908,73.3849849394728,61.2145909749702,69.9884588298638,55.9004146504025,62.2491714630554,68.5287355298295,144.32636376091,68.914174872707,61.3415519718285,79.3023833105135,66.5131926503081,77.9570781197495,78.3471447721386,92.6490482652564,59.2713446097716,56.349376124145,97.0221149386476,74.5205046565472,58.4845502447938,56.672380369359,65.5725456642818
"gene_204",630.806501597376,483.01694830642,745.115432224893,962.666889414363,935.229008608137,634.766761994868,631.957629744277,650.133509252325,804.169230190845,830.617781747113,692.865547470287,792.173746020507,632.716330921888,704.575585303789,775.651672323292,1655.1926836768,790.335425064057,703.489545384434,909.471570080855,762.799996992605,894.043070040808,898.516511014144,1062.53648219332,679.747576210688,646.237268507271,1112.6885665001,854.631065851239,670.724302551367,649.941610870945,752.012279706437
"gene_205",376.006316107546,287.913049231897,444.142709430389,573.819118558226,557.464156366775,378.366917843762,376.692471771427,387.526611049525,479.343045776176,495.108296153066,412.997997646548,472.19286929354,377.144712568085,419.978027459344,462.344517937592,881.387135699394,420.852196489645,374.606921306285,484.291980056938,406.189630422568,476.076331454488,478.458430750294,565.798771256138,361.964365299194,344.120186543214,592.504666208691,455.089509903506,357.159488257596,346.092742208646,400.445190313958
"gene_206",200.014929293728,153.154097997621,236.259788246843,305.240591737789,296.5406405237,201.270641150507,200.379926823601,206.143100230101,254.98445451895,263.370711090581,219.692493873158,251.18094914591,200.620494354231,223.405490463022,245.942161349706,371.297794072697,177.290416274636,157.808887708598,204.015394142953,171.113586348668,200.55442667541,201.557922390256,238.351374949154,152.483017875986,144.965885005789,249.601641129578,191.713407524054,150.458890027875,145.796854210575,168.693653206784
"gene_207",28.9815532294518,22.1915616954195,34.2333227486214,44.2284307900184,42.9678343930641,29.1635020477056,29.034440258325,29.8695065078336,36.9464697831203,38.1616127831193,31.8327723224388,36.3953534548717,29.0692977598068,32.3707742040478,35.6362690809722,62.8428369594499,30.0067301833701,26.709445516075,34.5299820144723,28.9612903176869,33.9442068826056,34.1140503845178,40.3414101406099,25.8080322168284,24.5357436040073,42.2455384565147,32.4478480731718,25.4654448425575,24.6763866756557,28.5517121668982
"gene_208",149.80828731883,114.710202872858,176.955162119885,228.620785607818,222.104648058776,150.74879732623,150.081665186267,154.398198660033,190.979666164389,197.260850966186,164.546498404669,188.130895686329,150.261846785088,167.32747911402,184.207119445489,610.114975105231,291.322867085543,259.310901203103,335.23723842604,281.173126104929,329.550191225629,331.199131167787,391.65797781424,250.559454272337,238.207333125437,410.144367930667,315.022665704219,247.233415897279,239.572778231184,277.196702134234
"gene_209",696.459096006386,533.288015138384,822.664983689374,1062.85859429004,1032.56505480647,700.831529342762,697.73003038412,717.797605114629,887.864937467533,917.066181051598,764.977075574158,874.620996512141,698.567695079965,777.905861728183,856.379351122985,1484.42081332827,708.793825664837,630.908131377049,815.638288564337,684.099321552862,801.801599456331,805.813500278213,952.910972023333,609.615702079561,579.562767030641,997.888694865487,766.455866061704,601.523390316499,582.884919767637,674.424609825454
"gene_210",511.513905865349,391.673017322633,604.205733600969,780.615766331911,758.366697014583,514.725236533368,512.447342748264,527.18595925928,652.091794979942,673.538628322289,561.836889012075,642.364791619675,513.06256501018,571.332427144415,628.967227662334,1444.26595674564,689.620344559832,613.84152512578,793.574573069019,665.593847971123,780.112178272789,784.015553735366,927.133912665199,593.125074308963,563.885096937503,970.894949515131,745.722577291913,585.251666522018,567.11738259267,656.180845496512
"gene_211",54.5493310262741,41.7691500289655,64.434257196613,83.2471363020526,80.874430822689,54.8917966711684,54.6488754510383,56.2206443936022,69.5409660929958,71.8281187941092,59.9159203495035,68.5036501566964,54.7144845428638,60.9285521605143,67.0748949598688,126.26918663635,60.2920809624718,53.6668954490216,69.3805842398334,58.1914940395388,68.2035948957601,68.544858942381,81.0574011721512,51.8556989845382,49.2993082154315,84.8833381497528,65.1969831811224,51.1673432196802,49.5819002676419,57.3685346941884
"gene_212",44.1962109481954,33.8416279553973,52.2050402777652,67.4473532052405,65.5249723087015,44.4736787667644,44.2768624669734,45.5503195459231,56.3425279314058,58.1955934291377,48.5442553575309,55.5020880382285,44.3300193656537,49.3646960172106,54.3445015951994,78.0835228395324,37.2839819934408,33.1870376942312,42.9042158140547,35.9850013684556,42.17637811447,42.3874121734394,50.1250352864532,32.0670130526798,30.4861681741807,52.4909540456635,40.3171213888713,31.6413411645587,30.6609200954597,35.4760920569247
"gene_213",4498.54156794964,3444.59325399834,5313.72574045515,6865.17498972034,6669.5041349801,4526.78381969072,4506.75073796574,4636.37043797508,5734.86275191972,5923.47829137063,4941.11024284382,5649.31800241047,4512.1613492649,5024.61935668915,5531.49227435054,9142.28803792366,4365.33714398735,3885.6527816965,5023.37349480781,4213.24801432932,4938.15574780454,4962.86434294408,5868.81193157226,3754.51643550886,3569.42566735518,6145.82185613058,4720.46756079994,3704.67730339327,3589.88622473547,4153.66315772957
"gene_214",1204.22340187891,922.089913756126,1422.44164940305,1837.75213716278,1785.3726228725,1211.78362555466,1206.42093067665,1241.11908200815,1535.17664072027,1585.66750384423,1322.69547714953,1512.27699920071,1207.869307811,1345.0501953718,1480.73599931664,3222.6002553496,1538.7544711505,1369.66868627987,1770.70823408017,1485.143989175,1740.6695028442,1749.37913052993,2068.72007869694,1323.44393149672,1258.20057510272,2166.36437188843,1663.93575696815,1305.87594422528,1265.41279562834,1464.14069401554
"gene_215",162.449791255261,124.389970975939,191.887442693586,247.912846233679,240.846847392241,163.469665770283,162.746237989242,167.427020169651,207.095398109559,213.906617823433,178.431679555439,204.006235435201,162.941624130025,181.447332052404,199.75135312752,541.311215298384,258.469864961249,230.067945875547,297.431933897991,249.464728471635,292.38622520844,293.849211236425,347.490005331154,222.303415308345,211.344265013127,363.891652084173,279.496994790983,219.352460245127,212.555726425769,245.936732962678
"gene_216",77.9784721578619,59.7091557552271,92.1090109867438,119.002091835456,115.610300503088,78.4680280745523,78.1207712843389,80.3676208500518,99.4090704009113,102.678563717679,85.6500316114978,97.9262234010339,78.2145597258096,87.0975925622092,95.8838125182577,167.777405364575,80.1117768901692,71.3087073122611,92.1879257839975,77.3206682035547,90.6240270724371,91.0774741707475,107.703239535591,68.9021198342593,65.505371809154,112.786869170737,86.6290578653144,67.987482247116,65.8808597849581,76.2271790684654
"gene_217",23.4180792703945,17.9315355116671,27.6616874005749,35.7380741482571,34.7194694476005,23.5651000948233,23.4608137858541,24.1355756756742,29.8540023473653,30.8358791596103,25.7219611295966,29.4086816373276,23.4889798308692,26.1566849213613,28.7953156834687,51.372938757677,24.5299860192993,21.8345124939892,28.2276666229726,23.6753569033472,27.7488055239014,27.8876496665959,32.9784092002269,21.0976226198507,20.057548553323,34.5350013608077,26.5255579240809,20.8175633314878,20.1725218463198,23.3405338069531
"gene_218",67.833237140885,51.9408140445082,80.1253501405803,103.519559852289,100.569050828271,68.2591003525078,67.9570227207271,69.9115503639765,86.4756497512383,89.3197721012872,74.5067035125445,85.1857256298384,68.0386090023674,75.765932406472,83.4090385786994,127.315960325868,60.7919033318002,54.1117949185643,69.9557504548082,58.6739025078036,68.7690038491968,69.1130969805271,81.7293683966809,52.2855836048047,49.7080003130525,85.5870224564352,65.7374672726722,51.5915213590319,49.9929350581478,57.844120815583
"gene_219",4.90075644749565,3.75257454967266,5.78882628723344,7.47899070973628,7.26582491178362,4.93152384070993,4.90969959991012,5.05090860530623,6.24761718491424,6.45309685140162,5.38289521495753,6.15442387406574,4.91559397429985,5.47387088383163,6.02606334037976,11.4776823700796,5.48046101469983,4.87824144718784,6.30659252481565,5.28952076922566,6.19960593367566,6.23062633093793,7.36799791921873,4.7136063665088,4.48123422534572,7.71576993364787,5.92630937423748,4.65103584525086,4.50692142506547,5.21471498151894
"gene_220",35.712657773627,27.3456581852717,42.1841759168807,54.5006956722848,52.9473197245337,35.9368650763608,35.7778280682574,36.8068424537495,45.5274643447115,47.0248301263661,39.2260861568235,44.8483486096653,35.8207813914078,39.8890415521866,43.9129632543065,314.603881139286,150.219726427676,133.712856213948,172.864034837135,144.986044195063,169.931526712477,170.781797442972,201.957212865119,129.200199940385,122.830867254448,211.489662184004,162.440453555983,127.485138641601,123.53495475808,142.935613595453
"gene_221",1439.47347974476,1102.22403477718,1700.32157455612,2196.7647030132,2134.15263154446,1448.51062473397,1442.10030498365,1483.57688529254,1835.07981790798,1895.43428230633,1581.08957039396,1807.70663564658,1443.8316286486,1607.81137631297,1770.00396952423,2877.36395721471,1373.90811874403,1222.93644850462,1581.01273747118,1326.04091327568,1554.19204742891,1561.96861504448,1847.0986533709,1181.66373926203,1123.40988608115,1934.28233970943,1485.67876709907,1165.97780573933,1129.84946336272,1307.28769547454
"gene_222",1332.52333238973,1020.33088106755,1573.99090885885,2033.54925514455,1975.58914174521,1340.88903465918,1334.95498949921,1373.3499386157,1698.73687050731,1754.60711275655,1463.61761629786,1673.39746373231,1336.55767910199,1488.35404275636,1638.49603414138,2963.87189623404,1415.21466234498,1259.70402927815,1628.54588083283,1365.9083294832,1600.91882682232,1608.92919692067,1902.63166902151,1217.19045615203,1157.1852010444,1992.43653263668,1530.34569491829,1201.03292508351,1163.81838419824,1346.59129624332
"gene_223",24.4660167124016,18.7339551823149,28.8995223912867,37.3373199947143,36.2731336734603,24.6196165830833,24.5106635580015,25.2156204198607,31.1899414093328,32.2157563030536,26.8729951592589,30.7246930083705,24.5400900075453,27.3271724396323,30.0838794939631,188.153137933749,89.8409542964379,79.9687956411447,103.383691493927,86.7108793226385,101.629865051378,102.138381047609,120.783263039603,77.2699400669142,73.4606738650377,126.484274244701,97.1497266761567,76.24422428761,73.8817629905394,85.4845913632054
"gene_224",219.948783295238,168.417715768543,259.805871241598,335.661427884975,326.094423606726,221.329641694375,220.350157147104,226.687698965383,280.396672031829,289.618718285302,241.587449982479,276.2141023506,220.61470007822,245.670490609514,270.453207372482,490.065324853488,234.000543046664,208.287431420989,269.274075962334,225.847922124705,264.706044120064,266.030529375122,314.59315368532,201.25796835573,191.336319962423,329.442057822139,253.03703613884,198.586379977709,192.433092417815,222.653921674842
"gene_225",165.998170336472,127.107012146093,196.078826273334,253.327988664713,246.10764771989,167.040321897014,166.301092335095,171.084116503286,211.618967963289,218.578964658429,182.329149870836,208.462328931297,166.500746281268,185.410673047927,204.114507536057,326.772061432284,156.029892240371,138.884572901012,179.550032271293,150.593782787941,176.504101237031,177.387258553377,209.768469893211,134.197377092405,127.581692746126,219.669613207624,168.72328998695,132.415981026797,128.313012792648,148.464046080841
"gene_226",6.70575147216914,5.13468330460514,7.92090584660329,10.2335738369088,9.94189705624205,6.74785078776498,6.71798847233669,6.91120609209873,8.54867377804436,8.8298335522161,7.36546651500696,8.42115648798642,6.72605380065181,7.48994938454352,8.24551955377944,18.8034822727413,8.97844601493734,7.99185093442448,10.3318681348864,8.66563534417982,10.1565957754451,10.2074153983627,12.0707311626592,7.72213508751365,7.341448003122,12.6404737899095,9.70886365977053,7.6196280090518,7.3835304365779,8.54308366016487
"gene_227",780.854566176397,597.910751824163,922.353821826443,1191.65359647137,1157.68914864229,785.756841924663,782.279509748612,804.77883160435,995.454570907188,1028.19436068292,857.675412536893,980.605756628663,783.218680916633,872.170882208232,960.153626448483,6772.11507652717,3233.60687874748,2878.28251264034,3721.04480170602,3120.94743467171,3657.92007987768,3676.22287770795,4347.30010673887,2781.14376319226,2644.03848097626,4552.49415429758,3496.66838368516,2744.22561572185,2659.19456100069,3076.81017887338
"gene_228",2.50756971974964,1.92007956581292,2.96196835453333,3.82677467018528,3.7177041407764,2.52331246975289,2.51214566194017,2.58439806417253,3.19671786209333,3.30185562913567,2.75426563026007,3.1490336470399,2.51516163608517,2.80081514459459,3.08335542145773,9.61284795410301,4.59002407925435,4.08565002961437,5.28193001816924,4.43010681644117,5.19232605452956,5.21830641822523,6.17088375857413,3.94776400459205,3.75314648602461,6.46215157637979,4.96343330531851,3.89535961772475,3.77466016250658,4.36745508588045
"gene_229",13.9608458122408,10.6900057671078,16.490701404109,21.3054938045669,20.6982457461205,14.0484932677533,13.9863222816944,14.3885861307054,17.7976647374642,18.3830172176608,15.3343205124739,17.5321837943839,14.0031136592901,15.5934840312947,17.1665215464502,18.3784904824266,8.77551733445226,7.81122103899958,10.0983497326963,8.46977673534776,9.92703883702813,9.97670984703376,11.7979113959364,7.54760124488324,7.17551835854377,12.3547768371601,9.48942625510061,7.44741100678976,7.21664965494559,8.34999493506181
"gene_230",1033.52831713097,791.38641162501,1220.81477725041,1577.25623888572,1532.30136492122,1040.01690159175,1035.4143527591,1065.1941443636,1317.56991892601,1360.90385240844,1135.20732817694,1297.91623346724,1036.65742674346,1154.39333159471,1270.84607648478,1924.75006043256,919.04596495369,818.056748525814,1057.58409684744,887.026238569428,1039.64297937071,1044.84494520145,1235.57648513189,790.448267016311,751.480618467993,1293.89611658764,993.812510088349,779.955502824956,755.788233683224,874.481681247946
"gene_231",45.3035848662954,34.6895589282081,53.5130822740513,69.1373044065303,67.1667566101641,45.5880048787019,45.3862571779521,46.6916218146945,57.7542382244938,59.6537338653691,49.7605732522827,56.8927403899803,45.4407459682562,50.6015707553747,55.7061496271813,106.86873864082,51.0285906968429,45.4213223050464,58.7207039293596,49.2507454375258,57.7245514241799,58.0133824460417,68.60345307932,43.8884045224404,41.7247867448565,71.8415594598821,55.1798862522135,43.3058101913438,41.9639603466998,48.5542284999173
"gene_232",98.0649675457566,75.0896530707485,115.835395630742,149.655872329688,145.390388565692,98.6806283012647,98.2439215420789,101.069537685157,125.015879291453,129.127562261476,107.712646039933,123.151065338393,98.3618689731388,109.533084601036,120.582549292976,197.07586191098,94.1014521326228,83.7611293653304,108.286422073271,90.8229406494674,106.449424499894,106.982055681884,126.511127740701,80.9342868565862,76.9443750845725,132.482496113014,101.756826005534,79.8599288974155,77.3854333802827,89.5384988420635
"gene_233",4.47635418709813,3.42760408067393,5.28751776727916,6.83131507094259,6.6366092898179,4.50445714445102,4.48452286844055,4.61350326755503,5.70657767728254,5.89426294083289,4.91674005683324,5.62145484539004,4.4899067939146,4.99983729307659,5.50421024885087,15.7812968033484,7.53538729365953,6.70736248610206,8.67128094704398,7.27285304777491,8.52417919824843,8.56683084867481,10.1306656048226,6.48099665817046,6.16149542000378,10.6088364761399,8.14840872640901,6.39496500689512,6.19681416378442,7.16999845567663
"gene_234",7.47409251311948,5.723012283331,8.82847855768681,11.4061306796617,11.0810337458312,7.52101554341791,7.48773162153484,7.70308800198821,9.52817576773603,9.84155066268239,8.20939731571031,9.38604762193896,7.49672107040214,8.34814335887583,9.19028631160234,18.2724407774328,8.7248798228799,7.76614782215301,10.0400790596451,8.42090344376782,9.86975668204727,9.91914107460938,11.729833714351,7.50404919765738,7.13411334729822,12.283485865788,9.43466926317704,7.40443708893765,7.17500730310597,8.30181282236819
"gene_235",298.954746651047,228.913635232748,353.128565895404,456.231562777887,443.228074886916,300.831611649753,299.500294648172,308.11429187193,381.115616068456,393.650236446922,328.366057868292,375.430660504398,299.859861833611,333.915733378807,367.600442610649,643.365017269067,307.199378905652,273.44282510328,353.506995385589,296.496497403452,347.5100155218,349.248819382792,413.002551882234,264.214441871463,251.189154902209,432.496413173619,332.190769003802,260.707141077482,252.629014026938,292.303366303638
"gene_236",113.038496635908,86.5550839250402,133.522289427315,172.506810987216,167.590030977249,113.748162564343,113.244775098212,116.501834258862,144.10454012671,148.844035516417,124.159278096417,141.954987936615,113.380731909526,126.257679220846,138.994285459212,197.237249164289,94.1785126855734,83.8297221319496,108.375098829824,90.8973163989211,106.536596922076,107.069664280687,126.614728877955,81.0005646956257,77.0073855478127,132.590987259275,101.840155615234,79.9253269347461,77.4488050302569,89.6118227501942
"gene_237",39.7095796108254,30.4061545237433,46.9053830299203,60.6003542878898,58.8731261926369,39.9588799511605,39.7820436939886,40.9262242509326,50.6228486643302,52.287797996582,43.6162270794578,49.8677270344386,39.8298043063742,44.3533797220157,48.8276543669025,50.3714139130804,24.0517694517827,21.4088446762391,27.6773630952487,23.2138014868809,27.2078374809565,27.3439748316746,32.3354890763637,20.6863206050804,19.6665229728592,33.8617351878489,26.0084373170029,20.4117211238073,19.7792548404638,22.8855058280385
"gene_238",9.59227101057649,7.34492979879597,11.330493807475,14.6386596726378,14.221429368285,9.65249215748763,9.6097754800533,9.88616445457288,12.2284871427669,12.6306733499833,10.535963228655,12.0460794872123,9.62131256360151,10.7140302843347,11.794838879896,17.9580259737079,8.57475037873789,7.63251532757045,9.86731891635768,8.27600453640739,9.69992728444262,9.74846191728825,11.5279978780802,7.37492664723505,7.01135630158313,12.0721233092149,9.27232643658245,7.27702856905964,7.05154659304491,8.15896311329544
"gene_239",20.4913738416247,15.6905181454597,24.2046314332845,31.2716610656218,30.3803578346015,20.6200205440758,20.5287675544955,21.1192001847183,26.1229589201189,26.9821243791568,22.5073250184375,25.7332927547841,20.5534135107834,22.8877186293756,25.1965830222256,34.8596053599098,16.6450596908688,14.8160200131191,19.1541566922892,16.0651428235136,18.8292208537035,18.9234348920262,22.3778190992769,14.315996249103,13.61024391371,23.434059792069,17.9991743424783,14.1259593054164,13.6882601556794,15.8379453672666
"gene_240",4526.77306847324,3466.21049033704,5347.07309287105,6908.2587732954,6711.35994683263,4555.1925601337,4535.03375678346,4665.46691123652,5770.85303417856,5960.65226830481,4972.11917191583,5684.77143142386,4540.47832345982,5056.15236396643,5566.20626435838,5442.63076880358,2598.79344836992,2313.22545284316,2990.53880523357,2508.25101815511,2939.80656731193,2954.5162066935,3493.84927083868,2235.15673419104,2124.96761024352,3658.76014789824,2810.21139160956,2205.48626298979,2137.14828740911,2472.7786755053
"gene_241",76.6577648142726,58.6978725343171,90.5489772510908,116.986574831334,113.652229658101,77.1390292105423,76.7976538460642,79.0064489252084,97.725396873273,100.939515370379,84.19939244664,96.2676645860588,76.8898538095875,85.6224363181501,94.2598456486858,131.697113356771,62.8838533972501,55.9738713912101,72.3630436751536,60.6929686574761,71.1354591535827,71.4913930993826,84.5418113075969,54.0848171219258,51.418534920609,88.5322136318486,67.9996023832148,53.3668710449041,51.7132747421369,59.8346328031021
"gene_242",658.847825977557,504.488564236642,778.238146532352,1005.46044726098,976.8028667306,662.984132351359,660.050125375372,679.033979645711,839.917070746134,867.541343243288,723.665590778761,827.388349740306,660.842553196215,735.896176464199,810.131818128019,2810.6238832499,1342.04050281873,1194.57060037379,1544.34135748341,1295.28357080933,1518.14276977641,1525.73896094132,1804.25544598409,1154.25520612804,1097.35254331717,1889.41691832354,1451.21864586361,1138.93310574535,1103.6427554609,1276.96533139874
"gene_243",769.866770066836,589.497249851666,909.374918745003,1174.88524123799,1141.39872418359,774.70006343512,771.271662543601,793.45438516068,981.447030533801,1013.72612231236,845.60663178136,966.807161365965,772.19761816323,859.898128431141,946.642823363945,1416.82331977681,676.516801771416,602.177863006116,778.495785942102,652.946834965492,765.289191409942,769.118398458265,909.517351623986,581.855047472602,553.170661735933,952.446880785156,731.553030559544,574.131243067634,556.341530419108,643.712689860252
"gene_244",689.906820298765,528.270850272863,814.925365068486,1052.85923813555,1022.85069977264,694.238117854308,691.165797746801,711.044577064669,879.511918755055,908.438437520297,757.780183842952,866.392576578103,691.99558170698,770.587336189721,848.322548288408,1174.67021594445,560.891486280776,499.25801650822,645.440966576207,541.349926220853,634.491546818331,637.666293738122,754.069282262854,482.40862831837,458.626768493509,789.661609539122,606.52132442143,476.004920204838,461.255695437895,533.694013819197
"gene_245",226.849023826928,173.701321938989,267.95650965957,346.191809344316,336.324668690232,228.273202561606,227.2629895926,233.799352983204,289.193285735792,298.704646330495,249.16653948387,284.879500339665,227.535831773334,253.377673397011,278.937874373036,256.851132537581,122.643454755574,109.166798670808,141.130881672996,118.370534777854,138.736702585738,139.430886647613,164.883340474663,105.482543821758,100.282448044276,172.665890373748,132.620787495309,104.082321309026,100.857284159008,116.696507681327
"gene_246",11.2923888523359,8.6467326965284,13.3386913090669,17.2331908802584,16.7420113845441,11.3632834931675,11.3129957842885,11.6383714717907,14.3958434597663,14.8693124680884,12.4033394782842,14.1811061807743,11.3265776809535,12.6129668368428,13.8853361144172,26.2778410861915,12.5473661824596,11.1686008896224,14.4387717675898,12.110213692458,14.1938288819373,14.2648492363438,16.8688305009504,10.7916733577564,10.2596636713532,17.6650450532207,13.5681238548457,10.6484198540192,10.3184738152848,11.9389478795261
"gene_247",15.0570926970087,11.5294166221483,17.785600028807,22.9784641622238,22.3235331910581,15.1516224898348,15.0845696541582,15.5184204497815,19.1951899867927,19.8265060741759,16.5384166910229,18.9088626952367,15.1026795403621,16.8179304954907,18.5144875666104,42.6922428101459,20.3850537771487,18.1450454573275,23.4579221390505,19.6748348445127,23.0599761618832,23.1753592409131,27.4059122782428,17.5326708844137,16.6683423943076,28.6994806837675,22.043425720905,17.2999343614668,16.7638881789172,19.3965881785564
"gene_248",710.507270549631,544.044889679106,839.258838730904,1084.29735951401,1053.39277347703,714.967899599209,711.803840758779,732.276195603569,905.773931238873,935.564188835536,780.407316260035,892.262848687875,712.658401866665,793.596887068272,873.653253738074,1179.38299723074,563.141785015095,501.261041532003,648.030478140725,543.521824143348,637.037129269954,640.224613286225,757.094611034942,484.344053533909,460.466780798757,792.829734860953,608.954690236505,477.914653719548,463.106255007847,535.835196192591
"gene_249",9.92339908805953,7.59847898238779,11.7216258581922,15.143990603028,14.7123573832033,9.98569908705675,9.94150781708227,10.2274378220491,12.6506181932393,13.0666879891741,10.8996678450581,12.4619137706067,9.95344316422111,11.0838818290038,12.2020002620354,17.1811128353551,8.20378331158415,7.302311916274,9.44043181208134,7.91796202846047,9.28028199829683,9.32671689067109,11.0292652766519,7.05586722416629,6.70802592237843,11.5498503589209,8.87118032830619,6.96220448362016,6.74647747231503,7.80598413624442
"gene_250",442.555507291012,338.870652167662,522.751330659431,675.379109946076,656.129490247419,445.333910881936,443.363105341633,456.114774127188,564.181758928802,582.73729398029,486.094330145143,555.766075880574,443.895388036388,494.309752339872,544.174669184456,1095.5377157249,523.106629681197,465.625142732508,601.960373694882,504.881500807442,591.748569439326,594.709447259589,703.270865112007,449.910825643069,427.731047834307,736.465489775428,565.662581102266,443.938507911979,430.182875232642,497.741334426739
"gene_251",50.8265363693143,38.9185565271187,60.0368520606786,77.5658201721955,75.3550432649139,51.1456299718935,50.9192872469227,52.3837886408061,64.7950465346766,66.9261093315663,55.8268753704455,63.8285236613274,50.9804187553958,56.7703987208285,62.4972758420017,85.645885332952,40.8949229036245,36.4011909496155,47.0594744484349,39.4701364491782,46.2611459164636,46.4926185519002,54.9796278182299,35.1726923044208,33.4387431398659,57.5746850004581,44.2218208125951,34.7057942394551,33.6304197249802,38.911939444801
"gene_252",60.7081231834915,46.4850192939456,71.7090888107256,92.6460015222501,90.0054100830999,61.0892542838223,60.8189064889348,62.5681331207921,77.3923613075875,79.9377407889925,66.6806174300827,76.2379291182957,60.8919230549232,67.8075785781993,74.6478629368005,123.43107630524,58.9369159976688,52.4606425660347,67.8211400226415,56.8835432653564,66.6706054749125,67.0041990435478,79.2355010411065,50.6901557595007,48.1912241318159,82.9754437112166,63.7315723675048,50.0172719372422,48.4674644568612,56.0790813023235
"gene_253",29.8380202701034,22.8473699270293,35.2449908394947,45.5354757551894,44.2376260317137,30.0253460660742,29.892470224081,30.7522144718254,38.0383171864374,39.2893702676158,32.7734990009189,37.4709141889763,29.9283578394736,33.3273999917218,36.689397244187,67.6854994572189,32.319045698875,28.7676726171265,37.190858846911,31.1930443455797,36.5599439441418,36.7428755686944,43.4501150216627,27.7967965025383,26.4264654611804,45.5009752680869,34.9482758800617,27.4278093807408,26.577946473342,30.7519041449744
"gene_254",103.298296593804,79.0968828945854,122.017060254897,157.64239844064,153.149283131508,103.946812663459,103.486800638127,106.463208439126,131.68746904401,136.018575835424,113.460832507234,129.723137543818,103.611042444564,115.378420481021,127.017550228536,200.2432171292,95.6138277354196,85.1073178209166,110.026775055572,92.2826248147971,108.160253704937,108.701445205463,128.544383750478,82.2350429883742,78.1810063268444,134.611722499835,103.392236911328,81.143418209943,78.6291532039817,90.9775397717289
"gene_255",832.315197124291,637.314843023971,983.139673231284,1270.18710143123,1233.98429579419,837.540547378379,833.834048702513,857.816142573359,1061.05797840174,1095.95541738891,914.198765014379,1045.23058323927,834.835114034912,929.649529112472,1023.4305970448,3440.57215159817,1642.83353878566,1462.31104249054,1890.47630982729,1585.59692341196,1858.40580341302,1867.70453738306,2208.64523311611,1412.9597139299,1343.3033937849,2312.8940413136,1776.48190090272,1394.20345408495,1351.00343819794,1563.1729965543
"gene_256",396.748800511312,303.795846082643,468.643955363639,605.473996700945,588.216808845594,399.239625444851,397.472808127533,408.904615464323,505.786127248835,522.42107168685,435.781137604548,498.241509455451,397.949996903173,443.146222543621,487.849871283158,554.451615840821,264.744254735102,235.652875349277,304.652132990628,255.520517379539,299.483939062775,300.982439267914,355.925370654276,227.699859787134,216.474674685294,372.725169527183,286.281820891318,224.677269903839,217.71554448216,251.90687931822
"gene_257",94.3843552029672,72.2713591292447,111.487816698526,144.038930167233,139.933540191902,94.9769087405522,94.5565926285901,97.2761566522166,120.323734890854,124.281096583178,103.669933291325,118.528911857328,94.670113210986,105.422046447291,116.056798350922,235.436308185507,112.418123001828,100.065075834248,129.36417069212,108.501455417817,127.169604992252,127.805911833162,151.136281078958,96.6879937419663,91.9214531393779,158.269965086531,121.56360101695,95.4045140244395,92.4483626037318,106.966999425683
"gene_258",898.188359401281,687.754801613101,1060.9497618365,1370.71541251315,1331.64735426646,903.827267339322,899.827419713926,925.707564187181,1145.0348715764,1182.6942505947,986.552560558765,1127.95482528661,900.907713852093,1003.22616751045,1104.42949029017,1804.17964956418,861.474983723802,766.811945207695,991.334794298464,831.461040659363,974.517546330861,979.393650029974,1158.1773632749,740.932917317902,704.406284615033,1212.84372978428,931.557994486175,731.097442047173,708.444061710999,819.702300915709
"gene_259",3750.85234951177,2872.07765110435,4430.54718450265,5724.13466699132,5560.98568322681,3774.40054056402,3757.69709778793,3865.77309285863,4781.68826546374,4938.9545769155,4119.86300084688,4710.36165441913,3762.2084274705,4189.4923131787,4612.1193902873,7675.25108000898,3664.84390887794,3262.13313183133,4217.28703814375,3537.16008926701,4145.74394061613,4166.48761777261,4927.06037365235,3152.03986212357,2996.65008307939,5159.6193035198,3962.98755780676,3110.19827378047,3013.82739301309,3487.13664512783
"gene_260",138.698482155973,106.203276941604,163.832140630896,211.666233695236,205.633333888776,139.569243799494,138.951586279564,142.948004980437,176.816585342042,182.631956532398,152.343705286718,174.17908011193,139.118405583864,154.918448047585,170.546291708402,279.213480782436,133.321218244879,118.671237855227,153.418224511997,128.676283070573,150.81559991009,151.570222038111,179.238654555008,114.66621903234,109.01338492533,187.69878017415,144.167212092222,113.1440883032,109.638268261011,126.856509383272
"gene_261",333.949540703739,255.709615596203,394.464793455145,509.636734492341,495.111095219568,336.046106191667,334.558949000857,344.181276288588,425.727928279536,439.729815739682,366.803656527357,419.377507954033,334.960606100383,373.002961300245,410.630706979904,899.538869567099,429.519440154663,382.321766310412,494.265734812596,414.55490576256,485.8808889744,488.312046431725,577.451118224382,369.418843090375,351.207172263377,604.707007927531,464.461854172177,364.5150119731,353.220351741012,408.692161739759
"gene_262",295.588928222183,226.33638318803,349.152824924024,451.095024157813,438.237937619132,297.444662307692,296.128334100733,304.645349587533,376.824779483786,389.218277311962,324.669108609692,371.203828684392,296.483853055218,330.156302422503,363.461768252547,257.666099407686,123.032592040949,109.51317566885,141.578677996789,118.746114450357,139.176902382242,139.8732890313,165.406501336722,105.817230991481,100.600635750913,173.213744606905,133.041582011681,104.412565691414,101.177295771907,117.066775807762
"gene_263",19.0047838483815,14.5522163681304,22.4486553256324,29.0029923676834,28.1763506119952,19.1240976041007,19.0394647553764,19.5870632034424,24.2278136934154,25.0246491796648,20.8744835893716,23.8664166830221,19.062322718713,21.2272807424106,23.3686436915461,46.6930140630401,22.2953759287161,19.8454521698762,25.6562086278606,21.518601029424,25.22097037648,25.3471662232464,29.9741724300865,19.1756908113065,18.2303644548749,31.3889635906089,24.1091570607105,18.9211441062466,18.3348640166403,21.2142793393158
"gene_264",26.8929306618988,20.5922755495273,31.7662192814947,41.041006777781,39.8712581715718,27.0617669183469,26.9420062648915,27.7168915365099,34.2838371088293,35.4114080221113,29.5386700659435,33.7724382516015,26.9743516800241,30.0378995994172,33.0680590462432,39.8505928209569,19.0281986664191,16.9372881498244,21.896533001233,18.3652528093914,21.5250748145232,21.6327778490369,25.5817398946201,16.3656740074703,15.5588763211566,26.7892067415567,20.5761872640251,16.1484287235491,15.6480624568011,18.1055265954719
"gene_265",4944.16553169532,3785.81346418259,5840.10156492005,7545.2368374363,7330.18289585297,4975.20545107509,4953.18789923919,5095.64768166752,6302.95626232663,6510.25599154095,5430.57490565987,6208.93747967173,4959.13448381259,5522.35640328971,6079.4399759538,9358.38427412693,4468.52060557387,3977.49794538356,5142.11095973653,4312.83654559312,5054.87892109109,5080.17155322327,6007.53302241262,3843.26192975617,3653.79617164504,6291.09062976542,4832.0452390329,3792.24475021732,3674.7403551616,4251.84328190835
"gene_266",837.949355010693,641.628992833262,989.794801195435,1278.78532803992,1242.33745620249,843.210077018709,839.478488089994,863.62292298715,1068.2405556244,1103.37422444585,920.387214053205,1052.30602071057,840.486329893803,935.942568389101,1030.35846474378,1895.47560316412,905.0677490898,805.614526639358,1041.49878733771,873.535026255273,1023.83054501902,1028.95339162822,1216.78400305359,778.425955916617,740.050985236314,1274.21662294662,978.697133574021,768.092781265359,744.293083842329,861.181265190826
"gene_267",623.705824323506,477.579865050226,736.728035768751,951.830623639261,924.701597507472,627.62150602542,624.843994789326,642.815277397645,795.11709429386,821.267927566491,685.066302163983,783.256637365031,625.594155642453,696.644525884425,766.92054449224,1322.30490377201,631.385347756285,562.005671477349,726.56116041289,609.387768909174,714.235597678113,717.809352561223,848.842080258515,543.038621554249,516.267814360547,888.907715919693,682.750026891524,535.83008376559,519.227149621658,600.769647521446
"gene_268",180.808592805356,138.447550085911,213.57305677253,275.930012094923,268.065469472785,181.943725540672,181.13854162461,186.348309102478,230.499696055729,238.08066641117,198.596628798501,227.061420439727,181.356008774895,201.953086693294,222.32568469849,425.828820775341,203.328352880589,180.985649884209,233.978321699645,196.244356569558,230.009055738541,231.159930868228,273.357091114059,174.877590782786,166.25644657771,286.259639035151,219.869591352343,172.55618734754,167.209456916644,193.469017495063
"gene_269",402.4146235281,308.134242304437,475.336486520775,614.120547118121,596.61691573974,404.941019012127,403.148970429559,414.74403118274,513.009072038197,529.881573970925,442.004367004461,505.35671234593,403.632973761778,449.474630000064,494.81667502873,869.16507841752,415.016305035866,369.412305836026,477.576379066562,400.557062474559,469.474655575745,471.823722673933,557.952928365751,356.945062171774,339.348325846106,584.28849685828,448.778854990206,352.206813607103,341.29352839126,394.892279616681
"gene_270",186.037226879079,142.451184905314,219.749175642457,283.909373257009,275.817403304729,187.205185453068,186.376717178703,191.737141034835,237.165300527732,244.96549785296,204.339658397655,233.627596644734,186.600473057495,207.793178549519,228.754912604321,328.184317130512,156.70422805551,139.484809434746,180.326018305964,151.244624622239,177.266923253209,178.153897431827,210.675055100088,134.777356328253,128.133080070307,220.61898954543,169.452484602498,132.988261358604,128.867560763117,149.105683539505
"gene_271",139.574189547004,106.873817766016,164.866535630818,213.002641148276,206.931651127218,140.450448960906,139.82889170648,143.850542791585,177.932960865653,183.785048849544,153.305565190467,175.27880308976,139.996764265982,155.896564230643,171.623078172396,309.465818625955,147.766360810171,131.529078278421,170.040845834878,142.618154276041,167.156230984806,167.992615223657,198.658878524929,127.090122017555,120.824812299771,208.035645338155,159.787500890422,125.403070837831,121.517400753883,140.601210995665
"gene_272",207.148613225276,158.61645489165,244.68617252245,316.12722861147,307.116987048554,208.449110996421,207.526628668476,213.495350019172,264.078668197994,272.764026961457,227.527993047937,260.139507925297,207.775776222277,231.37341647316,254.713874794825,238.835924701386,114.041400696703,101.509979923556,131.232143285801,110.06817782643,129.00588883811,129.651383723389,153.318635199546,98.0841339675148,93.2487662146832,160.555327065839,123.318936160165,96.7821212595621,93.7832840642145,108.511564835768
"gene_273",14.2136316905149,10.8835672842921,16.7892948055301,21.6912675632548,21.073024201526,14.3028661586853,14.23956945664,14.6491170062045,18.1199230284299,18.7158743536246,15.6119755865728,17.8496350819442,14.256664871913,15.8758317206265,17.4773518703712,22.6227300766475,10.8020928122516,9.6151065999293,12.4304137187338,10.425745959738,12.2195411143926,12.2806829069172,14.5224639223597,9.29060772713787,8.83259782083754,15.2079291719603,11.6808684019325,9.16728004063004,8.88322777965222,10.278302330537
"gene_274",5454.62120595686,4176.67617945764,6443.05730395554,8324.23764811424,8086.98066659428,5488.86581233071,5464.57507926819,5621.74298662244,6953.69899496805,7182.40118782805,5991.24945373591,6849.97333239869,5471.13561331769,6092.50684491281,6707.10598190849,10025.3349077422,4786.98184438516,4260.96512274786,5508.57744179777,4620.20253768164,5415.12857536006,5442.22375551038,6435.67615464544,4117.16241344192,3914.19386428064,6739.44226384542,5176.41404666358,4062.50935625346,3936.63069183251,4554.86242365719
"gene_275",764.057018168004,585.048645366003,902.512377242567,1166.01904253116,1132.78522940374,768.853837387232,765.451308710704,787.466630785434,974.040601303517,1006.07610091516,839.225313707025,959.51121100164,766.370276663598,853.408960462478,939.499041927479,1566.27925531043,747.880288030861,665.699584181194,860.616692884317,721.824004554182,846.016979031304,850.250116275983,1005.45928367267,643.232983063521,611.522777772896,1052.91730474475,808.722103829703,634.69442046174,615.02813074842,711.615780482079
"gene_276",79.852814553752,61.1443647168526,94.3230044077286,121.862505225901,118.389186542248,80.3541377619065,79.9985340766316,82.2993904121833,101.798532902962,105.14661393461,87.7087727103713,100.280043206818,80.0945768794309,89.1911281984143,98.1885395782945,683.312214306093,326.273704971571,290.421171950811,375.456609087898,314.906270525466,369.087270563293,370.934038548195,438.646306009348,280.619788892458,266.78574843015,459.350561240591,352.816836239482,276.894716177211,268.315009891993,310.452783593814
"gene_277",1725.27045852817,1321.06259173179,2037.90804336314,2632.91634043727,2557.8730980488,1736.1018628567,1728.41882079266,1778.13027413627,2199.42155477519,2271.75895864681,1895.00339288736,2166.61362647639,1730.49388616575,1927.03061881358,2121.42537050368,4165.26246819911,1988.864810588,1770.31872425338,2288.66876594508,1919.5724035934,2249.84322448928,2261.10055783403,2673.8538503813,1710.57248800197,1626.24440441911,2800.06066395961,2150.66362838169,1687.8655829485,1635.56631501534,1892.42530804812
"gene_278",43.5830376015326,33.3721129489129,51.4807533180233,66.5115960803394,64.6158860839206,43.8566558622492,43.6625701700518,44.9183594462152,55.5608379251825,57.3881941969773,47.8707577232264,54.7320582022079,43.714989575794,48.679815679859,53.5905319855668,67.6602738370912,32.30700075607,28.7569512309032,37.1769982344457,31.181419050744,36.5463184665251,36.7291819145302,43.433921655213,27.7864369508624,26.4166166163852,45.4840175692184,34.9352510529046,27.4175873463919,26.5680411732868,30.7404432581023
"gene_279",4714.06615841074,3609.6233063296,5568.30570748127,7194.08470540352,6989.0392833294,4743.66149306731,4722.66862878408,4858.49839317502,6009.61934298118,6207.27143045121,5177.83824578133,5919.97615471672,4728.33846182585,5265.3482713198,5796.50541006589,8163.76154983111,3898.10202657181,3469.7597191887,4485.70677463216,3762.29145227148,4409.61013848783,4431.67409863804,5240.65540173475,3352.65928914852,3187.37934062648,5488.01612387018,4215.22177054879,3308.15458871091,3205.64994323016,3709.08414144913
"gene_280",66.6806285287826,51.0582462634221,78.7638764366503,101.760576480185,98.8602019072789,67.0992555590585,66.8023107691498,68.7236274749716,85.0062730438666,87.802068643598,73.2407007129205,83.7382670516016,66.8825107532344,74.4785330447948,81.9917691066068,68.717577794256,32.8118512068052,29.2063262719448,37.7579504700727,31.6686804211569,37.1174152851325,37.3031362776941,44.1126486930582,28.2206460971983,26.8294200488788,46.1947807547101,35.4811722720785,27.8460326061177,26.9832108655389,31.220813650632
"gene_281",5.81496916537788,4.45259941621445,6.86870419385828,8.87416072012478,8.62122986026919,5.8514760689053,5.82558062017849,5.99313149136527,7.41308034312259,7.65689126038351,6.38704861806254,7.30250226506274,5.83257456196947,6.49499536362524,7.15019668664191,2.46898434464768,1.17891156162496,1.04936705635936,1.35662215678947,1.13783807120778,1.33360808390483,1.34028093585662,1.58494292901586,1.01395211598464,0.963966137965291,1.65975277576424,1.27481878263805,1.00049246163622,0.969491756458729,1.12174646727749
"gene_282",2335.34732690938,1788.20658351315,2758.53740961597,3563.9479637655,3462.36850725289,2350.00884911901,2339.60898881995,2406.89902390339,2977.16408653576,3075.08088672907,2565.09991589325,2932.7548709978,2342.4178228484,2608.45236309096,2871.58749154612,4626.54300802147,2209.12095061905,1966.37205414937,2542.12659048553,2132.15478017063,2499.00132797773,2511.50535077888,2969.96886280289,1900.00924179483,1806.34227399655,3110.15240594894,2388.83812207816,1874.78766845796,1816.69653633168,2102.00128899402
"gene_283",1330.01234161272,1018.40818195258,1571.02489951465,2029.71725963637,1971.86636557049,1338.36227965446,1332.43941653709,1370.76201467797,1695.53579138867,1751.30075243226,1460.85959304509,1670.24413388392,1334.03908605106,1485.54940648213,1635.40847212285,2512.18039996878,1199.53718006804,1067.72623207342,1380.35690661141,1157.74508940208,1356.94019157651,1363.72978824671,1612.6722593338,1031.69169047403,980.831183996659,1688.79093992946,1297.12234352477,1017.99655307157,986.45347581354,1141.37195520811
"gene_284",32.7243843092568,25.0574973533683,38.6543951229732,49.940324285211,48.5169278017239,32.9298309603045,32.7841014487806,33.7270125707711,41.7179323164952,43.0900053109218,35.9438249172218,41.095641910528,32.8234606323799,36.5513072075424,40.2385253654632,54.5243524421315,26.0347497235004,23.1739254832192,29.9592602796147,25.1276943699945,29.4510239986469,29.598385375159,35.0014316816808,22.3918319495383,21.2879557388202,36.6535111932794,28.1527376854733,22.0945927470971,21.4099819358879,24.7723319368725
"gene_285",7.55767549019168,5.78701288321947,8.9272076702278,11.5336857450302,11.2049532434676,7.60512326199669,7.57146712512233,7.7892318417554,9.63472961294689,9.95160898774994,8.30120322611497,9.49101204428268,7.58055710323746,8.44150087000318,9.29306152996112,25.5452461292615,12.1975605360265,10.8572335797714,14.0362359829147,11.7725953375353,13.7981218136006,13.8671622049917,16.3985475688873,10.4908143392093,9.97363645013753,17.1725646063878,13.1898606985058,10.3515545727832,10.0308070371999,11.6061042117795
"gene_286",5.91982987757608,4.53289266156775,6.99256679624921,9.0341875038976,8.77669556910816,5.95699510615994,5.93063268759736,6.10120498558493,7.54675962193812,7.79496715519107,6.50222557736995,7.43418750131517,5.93775275038682,6.61211891496043,7.2791354128148,12.9822078802236,6.19885460132324,5.51769447135138,7.13327765424591,5.98288539434217,7.01226697266472,7.04735360712636,8.33381492571215,5.33147858099669,5.06864647387933,8.72717383221167,6.70314596433072,5.26070614733342,5.09770082090431,5.89827386255905
"gene_287",82.5024106292665,63.1731957567973,97.4527358230343,125.906024761228,122.317457897475,83.02036824176,82.6529652713352,85.0301663162258,105.176309813897,108.635483515371,90.6190373173272,103.607435114267,82.7521948701767,92.1505788397709,101.446533308146,173.011900290281,82.6111878728913,73.5334709255352,95.0641010870966,79.7329992590039,93.451410228273,93.9190044432946,111.063477820394,71.0518002149938,67.5490768932586,116.305711848495,89.3318017945656,70.1086268080341,67.9362797355534,78.6053943064927
"gene_288",4.12516836684732,3.15869641603114,4.87269329482239,6.29537423911669,6.11594381525683,4.15106654778687,4.13269618624323,4.25155761680293,5.25887647253926,5.43183716326227,4.53100440731835,5.18043182791497,4.13765772371921,4.60758237143734,5.07238548470531,9.4870309901792,4.52994792942381,4.03217533773995,5.21279791478874,4.37212373045416,5.12436672520254,5.15000704706073,6.09011665782132,3.89609402253086,3.70402373922912,6.37757224092816,4.89846981977342,3.84437552613883,3.72525583573909,4.31029201187755
"gene_289",32.7664210161717,25.0896854202944,38.7040493338332,50.0044760429758,48.5792511094792,32.9721315774758,32.8262148664402,33.7703372221734,41.771521850138,43.1453573660467,35.9899972155045,41.1484320696382,32.8656246095993,36.5982598583216,40.2902144998252,48.5539655858989,23.1839588274606,20.6363932812702,26.6787376180077,22.376225540479,26.2261529326268,26.3573783187779,31.1687940014182,19.9399385629936,18.9569361953235,32.6399717074985,25.0700282626937,19.6752468911131,19.0656005903622,22.0597750999783
"gene_290",230.214651811445,176.278428157932,271.932025676036,351.328057329358,341.314523606649,231.659960263692,230.634759348159,237.268098988312,293.483879536845,303.136354696858,252.863279562117,289.106092997564,230.91164953079,257.13689163763,283.076314557146,212.644564532253,101.53532815517,90.3781351298408,116.840889813932,97.997819097036,114.858772139805,115.433480400129,136.505320367734,87.327976229383,83.0228673081027,142.948418040272,109.795465280801,86.1687455749317,83.4987685590992,96.6119082799833
"gene_291",830.500614294153,635.925392758568,980.996268452858,1267.4178864592,1231.29400884095,835.714572432748,832.016154528302,855.945963524476,1058.74469901426,1093.56605589478,912.20566265597,1042.95181015374,833.015037375062,927.622741569241,1021.19935148344,1424.1352018719,680.008141178985,605.285557150554,782.513414194599,656.316535481419,769.238663625798,773.087632284524,914.211150452453,584.857860486876,556.025441580828,957.36222851901,735.328398617856,577.094195397554,559.212674349508,647.034735189173
"gene_292",29.2369941323977,22.3871562003922,34.5350522937742,44.6182563527629,43.3465491682211,29.4205466317949,29.290347302968,30.1327737541575,37.2721127715185,38.4979659367964,32.1133436238089,36.7161389516303,29.3255120354523,32.6560874074593,35.9503640737283,64.6830153272751,30.8853941400631,27.491557626752,35.5410968689055,29.8093414644119,34.9381689352523,35.1129858335491,41.5226965665587,26.563748936495,25.2542048766537,43.4825820046118,33.3979934038999,26.2111298401421,25.3989662909893,29.3877699522557
"gene_293",117.223688626019,89.7597412296504,138.465883272271,178.893786620028,173.794965368119,117.959629569141,117.437604441913,120.815254536768,149.439936341501,154.354909101595,128.756211279815,147.210798091116,117.578594983988,130.93230462273,144.140477132733,248.745533473261,118.773124645325,105.721759155432,136.677133187897,114.635047663355,134.358508588476,135.030785884254,159.680021972347,102.15377045776,97.1177770965378,167.216973463683,128.435596951622,100.797735573001,97.674472777051,113.013848803688
"gene_294",254.187778214095,194.634970658761,300.24934072599,387.913182823683,376.856901787617,255.78359212698,254.651633144822,261.975727645336,324.045471016433,334.703095089813,279.194893626786,319.211808931246,254.957356954226,283.913533165478,312.554126751449,680.781247471499,325.065197485543,289.345461113389,374.065929680248,313.739867657173,367.720182984132,369.560110598815,437.021573962439,279.580382067952,265.797582454067,457.649141287001,351.510013834565,275.869106904252,267.321179579812,309.302876300292
"gene_295",4342.27142929501,3324.93512540702,5129.13776995607,6626.69284360095,6437.8191943859,4369.53260294026,4350.19542952502,4475.31240611014,5535.64534248357,5717.70876364076,4769.46617307279,5453.07224271126,4355.41808724742,4850.07435100314,5339.33953959794,10183.5010303453,4862.50434455748,4328.18884526823,5595.4842975832,4693.09382039196,5500.56112180798,5528.08377292312,6537.20951518415,4182.1174120583,3975.94670070227,6845.76803362658,5258.08047938459,4126.60211313693,3998.73750605639,4626.72285876184
"gene_296",19.2955005710659,14.7748220385809,22.7920530489111,29.4466519723619,28.607365054068,19.4166394727225,19.3307119928881,19.8866870700933,24.598427253188,25.407451954686,21.1938011625282,24.231501942379,19.3539196151443,21.5519950637188,23.7261145031999,35.7681501944593,17.0788793754799,15.2021694922231,19.6533708957565,16.483848152444,19.3199662642898,19.4166358002286,22.9610515180384,14.6891136240493,13.9649672869981,24.0448209798906,18.468286276081,14.4941237532776,14.0450168639098,16.2507292558029
"gene_297",8.6595578182401,6.63073887231275,10.2287629412114,13.2152562909217,12.8385957545293,8.71392330718247,8.67536022471349,8.92487426602209,11.0394390781533,11.4025183438715,9.51148926555466,10.8747679968189,8.68577548945417,9.67224180918922,10.6479569983654,14.3144533711569,6.83498646485194,6.08392508848724,7.8653008261226,6.59685430956227,7.73187192289693,7.77055917837658,9.18903827904986,5.87859956111596,5.58879539402157,9.62276401947604,7.39102864718706,5.8005643986087,5.62083132346867,6.50355986862078
"gene_298",5.98037849516999,4.5792555453052,7.06408747533997,9.12659008568754,8.86646449739529,6.01792385346364,5.99129179742272,6.16360872609336,7.62394864119572,7.8746948661553,6.56873099697413,7.5102251215589,5.99848468493315,6.6797483347152,7.35358714464485,6.42274744935228,3.06678786435121,2.72979437851728,3.52907928158522,2.95994042468039,3.46921111018935,3.48656968232701,4.12302661083021,2.63766693410728,2.50763479618662,4.31763487290006,3.31627825114595,2.60265336230277,2.52200898699984,2.91808017217483
"gene_299",447.957841838032,343.007291755277,529.132626398827,683.623553496969,664.138951103934,450.770161774946,448.77529834658,461.682628466538,571.068801473401,589.85084643471,492.028148953384,562.550387051324,449.314078687717,500.343857910812,550.817482496042,1035.35463286484,494.36990141811,440.046145182199,568.891835269822,477.145965315175,559.24101385661,562.039236614762,664.636860877752,425.195090063488,404.233752648445,696.007947366309,534.588052584745,419.550860072069,406.550889538773,470.398042139572
"gene_300",120.910028921919,92.5824211412173,142.820228124381,184.519470148956,179.260305962417,121.669113043573,121.130671761177,124.614539019098,154.139382892018,159.208917092305,132.805215500306,151.840144798727,121.276096041198,135.049740579772,148.673271274879,343.405281085414,163.972062873665,145.954019405612,188.689415584556,158.259246770781,185.488441797499,186.416553231302,220.446019928368,141.028237846742,134.075804604597,230.851147245709,177.311574831899,139.156165877208,134.844350009117,156.021103064939
"gene_301",613.860236547423,470.040967226814,725.098321470139,936.805380026747,910.104602594335,617.71410675681,614.980440278304,632.668034914716,782.56567207069,808.303698031986,674.252100745056,770.89243989623,615.718759371682,685.647554939409,754.814222499384,341.03163573351,162.838674581988,144.945173302085,187.38517893205,157.165345930625,184.206330537262,185.128026789027,218.922279032786,140.053439147683,133.149061691976,229.255485260228,176.085982744008,138.194307092512,133.912294847886,154.942672456888
"gene_302",103.373747833432,79.1546569146987,122.106184071605,157.757543750606,153.261146575935,104.022737592809,103.562389565057,106.540971396661,131.783656329866,136.117926652403,113.543706675968,129.817890040798,103.686722120312,115.462695296179,127.110326507867,316.718575598219,151.229468653197,134.611643079195,174.025986861678,145.960606820201,171.073767096275,171.929753149784,203.314722497362,130.068653774831,123.656507909065,212.911246733827,163.53234068019,128.342064231029,124.365328125902,143.896393700771
"gene_303",299.837496783817,229.589568778405,354.171279857705,457.578718081918,444.536833641667,301.719903767875,300.384655668785,309.024088204336,382.240969870174,394.812602331329,329.335653382087,376.539227834801,300.745284580068,334.901715910532,368.685888963838,570.373787662925,272.346908226182,242.420112497633,313.400819925359,262.858293058342,308.084211114443,309.625743708812,366.146469746591,234.23871040605,222.691171971981,383.428707982265,294.5029680781,231.129320892103,223.967675792718,259.140882252078
"gene_304",215.095880294986,164.701783241416,254.073569961535,328.255465796676,318.899545858471,216.446271729187,215.488398319868,221.686109968399,274.210059718827,283.228632712474,236.257116059833,270.119773362155,215.747104432227,240.250069350116,264.485985541006,272.217975492091,129.98094511432,115.698010094513,149.574434455008,125.452385655449,147.037016855715,147.772732435692,174.747951052225,111.793334314823,106.282128150669,182.996113934611,140.555199906925,110.309339543655,106.891355456175,123.678205169526
"gene_305",167.378436618612,128.163900440303,197.709211668536,255.434397912282,248.154020202407,168.42925361599,167.683877398136,172.506672167247,213.37856884051,220.396437551604,183.845207411157,210.195682516684,167.885191456642,186.952353295597,205.811709209284,737.141069769962,351.976362905779,313.299497497008,405.033717648836,339.713443243716,398.162625759279,400.154875421302,473.201269482253,302.725997065442,287.802161120285,495.536530773386,380.610465689588,298.707476645642,289.451892248076,334.909126780066
"gene_306",41.314425110532,31.6350061189767,48.8010438151848,63.0494914183426,61.2524581460317,41.573800816388,41.3898177983013,42.5802399180032,52.6687492167282,54.4009867567447,45.378958048374,51.8831096724859,41.439508635197,46.1459023964247,50.8010029175527,141.11714815715,67.38181141839,59.9775720265365,77.5390294830936,65.0342170137929,76.223638261597,76.6050314606077,90.5889203467088,57.9533974307477,55.0964013217085,94.8647482797977,72.8634798406239,57.1840980866881,55.412223301418,64.1144860884677
"gene_307",1750.72998476255,1340.55729040074,2067.98110989992,2671.76984442613,2595.61920152033,1761.7212263046,1753.92480687992,1804.36984378678,2231.87804905843,2305.28292384308,1922.9676395114,2198.58597967491,1756.03049364401,1955.46748582862,2152.73088820245,3794.96782748955,1812.05338847971,1612.93619651504,2085.20457014489,1748.92112316835,2049.830645492,2060.08719431523,2436.14644096925,1558.50144093391,1481.67018081666,2551.1333837601,1959.46818232303,1537.81319504359,1490.16336727814,1724.18742271353
"gene_308",77.4918604964988,59.3365507185214,91.5342200524968,118.259479111568,114.888853687811,77.9783614210695,77.6332716289894,79.8661001043969,98.7887246623539,102.037815250898,85.1155468617338,97.3151311220813,77.7264747993198,86.5540745495503,95.2854655640769,257.740303074953,123.068023436634,109.544713691382,141.61945036513,118.780311409857,139.216983078071,139.913570275215,165.454135732621,105.84770464175,100.629607106164,173.263627362535,133.07989583452,104.442634820806,101.206433195913,117.100489144906
"gene_309",573.69224810806,439.283802951466,677.651460995795,875.505453049086,850.551842895759,577.293940044934,574.739151227772,591.269356845355,731.358431403703,755.412287797216,630.132366356867,720.449038010642,575.429158358521,640.782158191796,705.422899917962,1182.0931538209,564.43585354367,502.412911550723,649.519616168898,544.770807092107,638.501005193315,641.695813870729,758.83437237989,485.457049254275,461.52490787322,794.651613534677,610.354034275489,479.012875036418,464.170447447369,537.066515697459
"gene_310",222.283164414779,170.205182514193,262.563267356666,339.223901330263,329.555359622149,223.678678270187,222.68879816537,229.093602178708,283.372604371016,292.692526913391,244.15148863506,279.145643847752,222.956148768411,248.277863773008,273.32360679707,411.311656434187,196.396574264456,174.815568634247,226.001638152964,189.55408236464,222.167690619031,223.279330632214,264.037924298865,168.915742732304,160.588506692029,276.500604368248,212.373896285314,166.673479537284,161.509027431777,186.873358899707
"gene_311",4873.48546627399,3731.69279576929,5756.61351055991,7437.37276414212,7225.39315867532,4904.08164979614,4882.37885319936,5022.80208028233,6212.85139870241,6417.18764331477,5352.94130153662,6120.17667576118,4888.24042747446,5443.41072289892,5992.53042317471,9253.20551171641,4418.29895904461,3932.79489631745,5084.31883974228,4264.36463024354,4998.06720087511,5023.07556943487,5940.01443480936,3800.06755757071,3612.73120271698,6220.38514180202,4777.73794374922,3749.62375946698,3633.43999482008,4204.05686907735
"gene_312",626.02739837998,479.357525256939,739.470304043018,955.373552365949,928.143545866832,629.957655134264,627.169805373538,645.207981157836,798.076699841834,824.324872426868,687.616273788496,786.172095611457,627.922758494922,699.237594274691,769.775196108491,1128.15511771509,538.681063111593,479.488182077709,619.882516592518,519.913318181571,609.366676684271,612.415708605228,724.209321347783,463.306003234037,440.465867759393,758.392248285985,582.504031226521,457.155871918392,442.990693319922,512.560567903688
"gene_313",71.1808954038813,54.5041606081066,84.0796401284881,108.628384442239,105.532263969754,71.6277755175329,71.3107899626938,73.3617760810355,90.7433352641152,93.7278187422397,78.1837059994574,89.3897517137149,71.3964026331871,79.5050794730841,87.5253828514432,175.096139933807,83.6063882751443,74.4193138934,96.209319235845,80.6935267006077,94.5772006138729,95.0504278425681,112.401437249964,71.9077469938195,68.3628270671386,117.706823419413,90.4079640840696,70.953211366098,68.7546944643723,79.5523377175165
"gene_314",135.820576241007,103.999626013721,160.432727174784,207.274293015848,201.366572070524,136.673270130321,136.068428613872,139.981924150489,173.147752858009,178.842458768642,149.182669608912,170.564974195805,136.231786522956,151.703988083473,167.007563857501,262.202489814605,125.198666163838,111.441231088936,144.07126882719,120.836722162003,141.627208286988,142.335855306042,168.318597524892,107.680216741876,102.371779723672,176.263292728243,135.383871345616,106.250821334873,102.958592244329,119.127817597753
"gene_315",123.278317642031,94.395851388687,145.617676262362,188.133689611901,182.771513133237,124.052270094948,123.503282256348,127.055388713308,157.158541559691,162.327373731948,135.406497599449,154.814267833792,123.651554990589,137.694986636869,151.585364130054,234.526938026866,111.983909234478,99.6785755761226,128.864503001391,108.08236973606,126.678413787474,127.312262900189,150.552518850607,96.31453742639,91.5664075346106,157.658649081926,121.094062941052,95.0360151351979,92.0912818169364,106.55384056337
"gene_316",6.12321087341917,4.68862420159926,7.23280261855004,9.34456501290943,9.07822671476123,6.16165294633073,6.13438482354168,6.31081728382198,7.80603522935248,8.06277015213058,6.72561529303241,7.68959559387354,6.14174950239115,6.83928411351648,7.52921655361629,50.382209551353,24.0569242446036,21.4134330354891,27.6832949279511,23.2187766857947,27.2136686845858,27.3498352123605,32.3424192420335,20.6907541124429,19.6707379164472,33.8689924597016,26.0140114643118,20.4160957788081,19.7834939448282,22.8904106663865
"gene_317",4453.87222000312,3410.38933873538,5260.96182566023,6797.00558732683,6603.27769329093,4481.83403352867,4461.99987509572,4590.33248519093,5677.91705611552,5864.65969230821,4892.04630304338,5593.22174372342,4467.35676043169,4974.72619310435,5476.56599450313,10684.536041407,5101.74278630785,4541.13860974552,5870.78583961489,4923.99715188935,5771.1923805763,5800.06916439735,6858.84456309086,4387.88036505139,4171.56591782918,7182.58436547879,5516.78152957367,4329.63367656898,4195.47804593651,4854.36069488633
"gene_318",1147.02267774486,878.29055667565,1354.87553811726,1750.45873889415,1700.56725642796,1154.22379008944,1149.11582371932,1182.16580961975,1462.25560681089,1510.34814921766,1259.8673183679,1440.44370040367,1150.49540280443,1281.16018538539,1410.40090096186,2412.14778217172,1151.77275826593,1025.21039599484,1325.39241645605,1111.64478862909,1302.90813258937,1309.42737402206,1548.45719430429,990.610715334324,941.775425519526,1621.54490193188,1245.47217396392,977.460905188408,947.173843060313,1095.92361695938
"gene_319",40.673768386082,31.144446723707,48.044293193659,62.0717922117762,60.3026252705805,40.9291219909485,40.7479919705111,41.9199543891793,51.8520226553929,53.5573986422016,44.6752732084072,51.0785659082165,40.7969122588947,45.4303246630546,50.0132392238583,92.1885859612065,44.0189870280573,39.1819677956881,50.6544638847883,42.4853576187581,49.7951490652986,50.0443044668297,59.179657324249,37.8596211059962,35.9932112838838,61.9729573314595,47.6000348819381,37.357055545142,36.1995305165576,41.8845185671064
"gene_320",346.308316529988,265.172895015932,409.063112540675,528.497326847518,513.4341239682,348.482471532834,346.940277756853,356.918707303702,441.483230764732,456.003298869474,380.378294640997,434.897794631033,347.356799347708,386.807022750732,425.827292800158,617.063271454318,294.640598490885,262.264064232411,339.055088790116,284.375267152589,333.303274634439,334.970993534412,396.118375949637,253.412951420231,240.920158102067,414.815298379145,318.610302342075,250.04903444648,242.301153583776,280.35355766476
"gene_321",238.037032482276,182.268129327067,281.171905955986,363.265706749798,352.911926774199,239.531450549447,238.471414701548,245.330146198283,303.45606249056,313.436515624708,261.455229791374,298.929524720476,238.757713235888,265.874053391136,292.694862611922,414.15062477292,197.752148918007,176.0221861874,227.561553815896,190.862428553941,223.701143487896,224.820456297977,265.860375220407,170.081638320306,161.696925767763,278.409075594781,213.839750116821,167.823898505263,162.623800154907,188.163202114626
"gene_322",14.7336807897488,11.2817758129699,17.4035824014452,22.4849087946539,21.8440451124908,14.8261801733049,14.7605675682167,15.1850996649316,18.7828957193159,19.400651742747,16.1831873653666,18.5027184633163,14.7782884714373,16.4566974814447,18.1168141341392,29.8137078930292,14.2357018205464,12.6714140406307,16.3816092197637,13.7397274138639,16.1037075603631,16.184284198824,19.1386493054269,12.2437682802719,11.6401729797804,20.0420000793243,15.3938095575659,12.0812390184096,11.7068964387804,13.5454165912182
"gene_323",2871.07762177181,2198.42241274839,3391.34780266288,4381.52009597131,4256.63824175434,2889.10250733472,2876.3169118774,2959.04332763157,3660.12759074582,3780.50657274614,3153.53561385502,3605.53087039407,2879.77009437811,3206.83314247708,3530.33165171573,5219.7588564237,2492.37467952041,2218.50049310567,2868.07833880087,2405.53989831409,2819.42355043721,2833.53084040383,3350.77859387449,2143.62863372292,2037.95167711154,3508.93648619123,2695.13520627843,2115.17314750572,2049.63356409104,2371.52012321456
"gene_324",90.2043742750082,69.0706920043988,106.550378216296,137.659907079265,133.736331682863,90.7706855134264,90.3689838564546,92.9681070959419,114.994981879372,118.777084691521,99.0787238368696,113.279645812018,90.4774769756833,100.753241510408,110.917014298537,195.829802845648,93.5064732937443,83.2315296794223,107.601755384168,90.2486909801319,105.776372665381,106.305636159891,125.711231010285,80.4225605555773,76.4578759508341,131.64484398414,101.113444242419,79.3549954804334,76.8961455504433,88.9723703619111
"gene_325",212.027710584768,162.352444788875,250.449414861708,323.573165624355,314.350700358207,213.35883977141,212.414629655765,218.523935933042,270.298673790317,279.18860409471,232.887098343436,266.266732078315,212.669645533533,236.823095366947,260.71330570864,506.011855342663,241.614827520459,215.065021483416,278.036147148582,233.196923560698,273.319473369504,274.687056847251,324.829889611146,207.806822489684,197.562327609219,340.161971174605,261.270760516064,205.048301689873,198.694788603491,229.898991608293
"gene_326",337.227490495085,258.219585453692,398.336743045717,514.639177747603,499.970959101542,339.344635248938,337.842880563569,347.559657766275,429.906747542869,444.046073383621,370.404092589778,423.493993372147,338.248480210233,376.664247902373,414.661336390049,696.823923210053,332.725390207535,296.163914803624,382.880829381128,321.133177889755,376.385544552252,378.268830238583,447.320029491101,286.168720728919,272.061128113175,468.433687428605,359.793381203668,282.369989008139,273.620628952096,316.591628403728
"gene_327",25.0439647006183,19.1764976622059,29.5822007783246,38.2193200861067,37.1299950448606,25.201192981159,25.0896662154313,25.8112759065958,31.9267251736054,32.9767723590424,27.5078019474754,31.4504864516391,25.1197877906881,27.972708021529,30.7945353328629,37.8798582056514,18.0871956066328,16.0996870582615,20.8136819697669,17.4570344651145,20.4605935350448,20.5629703226131,24.3166440262455,15.556340996686,14.7894419421218,25.4643979167706,19.5586313979328,15.3498391614999,14.8742175485301,17.2101525128242
"gene_328",19.1361629301681,14.6528150826255,22.6038417117315,29.2034885446843,28.3711322575552,19.2563014956717,19.1710835844683,19.7224675521103,24.3952993087284,25.1976432772291,21.0187878081735,24.0314039796084,19.194099563716,21.3740238295729,23.5301899093451,25.3226270711483,12.0912625021743,10.7626160880857,13.913914451223,11.6700007462627,13.6778753745438,13.7463140999017,16.2556392095104,10.399390079869,9.88671923895632,17.0229109237137,13.0749150702473,10.2613439199933,9.94339160172366,11.5049605400797
"gene_329",106.368260915911,81.4475955053762,125.643335169612,162.327437350499,157.700789309958,107.036050499862,106.562367189019,109.62723207071,135.601142792411,140.06096751784,116.832821390298,133.578432521017,106.690301388513,118.807398945309,130.792436749815,375.873247002037,179.475142301661,159.753545471366,206.529448488719,173.222196128762,203.025831983152,204.041693641134,241.288546982311,154.362045658949,146.752280168359,252.677448684338,194.075866138279,152.312974754779,147.593489295231,170.772442475257
"gene_330",477.178097960818,365.381631438555,563.647907575413,728.216266156687,707.460684624099,480.173865314388,478.048877095556,491.798151382445,608.319576176479,628.326772509236,524.123107874176,599.245506226301,478.622802037572,532.981249897585,586.747265194795,937.763948986229,447.771474910953,398.568179195172,515.269103990472,432.171036351769,506.527951816968,509.062419081162,601.989373992491,385.116958084393,366.131399005015,630.403477735955,484.198734771269,380.004743160417,368.230126698542,426.059160397634
"gene_331",183.760785784582,140.708083609308,217.06021890887,280.435321449006,272.442368737758,184.914452655028,184.096121917418,189.390953045929,234.263231703297,241.967982057862,201.839259937543,230.768816868596,184.317139811527,205.250521153784,225.955757336548,405.835960472572,193.7819925677,172.488289822125,222.992931159145,187.030593163507,219.210024072766,220.306865082236,260.522849116385,166.667006923669,158.450629430785,272.819616438441,209.546612234277,164.454594454564,159.358895493043,184.385557543597
"gene_332",576.846856511861,441.6993286641,681.377718411256,880.319666364448,855.228841757632,580.468353366248,577.899516323231,594.520617932053,735.380011722254,759.566135019796,633.597326646938,724.410629957045,578.593317652526,644.305679361733,709.301866412025,1397.36716073681,667.2267101243,593.908611569133,767.805294324808,643.980411778897,754.780055929301,758.556679384251,897.027640312893,573.864873832859,545.574388989171,939.367650840925,721.507168164363,566.247134570099,548.70171453995,634.873072178098
"gene_333",307.038751984656,235.103665894203,362.677480044207,468.568474729187,455.213360825772,308.966369101634,307.599052090479,316.445979549601,391.421325235253,404.294893026762,337.245371520006,385.582643357711,307.968342296133,342.945115249639,377.540689326886,554.291160927859,264.667639363919,235.584678845699,304.563968523096,255.44657130164,299.397270239017,300.895336787344,355.822368024763,227.63396483771,216.412028235915,372.617305138431,286.198972679966,224.612249673477,217.652538932636,251.833979005117
"gene_334",400.726924980281,306.841949025651,473.342958822916,611.544968858886,594.114746475934,403.24272493984,401.458192082631,413.00462396884,510.857548173815,527.659288023495,440.150631864861,503.237281938358,401.940165539012,447.589565104356,492.741448794253,894.576230534742,427.149837227006,380.212546815178,491.538934992242,412.267860226237,483.200347258775,485.61809233638,574.265395455162,367.380807345582,349.269607939607,601.370917957206,461.899478487772,362.504030027241,351.271680967712,406.437460200243
"gene_335",7.62050787443191,5.83512447752561,9.00142595907283,11.6295735580725,11.2981080671301,7.66835011364071,7.63441416912883,7.85398932024896,9.71483003984098,10.0343438604682,8.37021709042237,9.56991764381112,7.64357971876042,8.51168112938539,9.3703214246968,19.0011651748026,9.0728373217437,8.07587006782985,10.4404881046875,8.75673804091416,10.2633730892869,10.3147269840161,12.1976319745208,7.80331867106841,7.41862938503516,12.7733643633669,9.81093392080744,7.69973392537141,7.46115423535039,8.63289795870801
"gene_336",553.173829074503,423.572575941971,653.414883490576,844.19251861243,820.131388061563,556.646704516759,554.183289127886,570.122282842762,705.200994539679,728.394551519207,607.595335427556,694.681781606227,554.848617773801,617.864231595497,680.193061613336,1088.76317277127,519.87186351912,462.745828324198,598.237994858035,501.75943447908,588.089337955209,591.031906415888,698.922006450771,447.128684809508,425.086061436701,731.911363502329,562.164659124833,441.193298461447,427.522727321392,494.663421177863
"gene_337",36.0178556825076,27.5793522930586,42.5446789732281,54.9664548565256,53.3998038651202,36.2439790453785,36.0835829179787,37.1213911893991,45.9165389132501,47.4267010795448,39.5613095822128,45.2316195019965,36.1269033172645,40.2299305486356,44.2882404079397,81.2158595200981,38.7796366482085,34.5183425804438,44.6253273118217,37.4285471465868,43.8682922522691,44.0877919861943,52.1358114519328,33.3533879185719,31.709127120566,54.5966395318706,41.9344510582909,32.9106401145525,31.8908892513375,36.899222832689
"gene_338",63.5939748897305,48.6947544201414,75.1178879210488,97.0500681866255,94.2839522721572,63.9932236286658,63.7100244457886,65.5424031896769,81.0713233017561,83.7377012152364,69.8503806099137,79.8620134465359,63.7865119637764,71.0309135468061,78.1963610837807,107.493355727673,51.3268381551048,45.6867968898503,59.0639095804489,49.5386019008076,58.0619348499509,58.3524540061892,69.0044205610686,44.1449196430274,41.96865614088,72.2614527435076,55.5023968408299,43.5589202153747,42.2092276437404,48.8380140217241
"gene_339",112.120236782705,85.8519601130259,132.437631000869,171.105464687965,166.228625776159,112.824137792545,112.324839557202,115.555440239053,142.933917570671,147.634912020696,123.150679398879,140.801827108548,112.459691933431,125.232034317229,137.865175678383,265.059099343007,126.562664282086,112.655346495737,145.640877718363,122.153198340978,143.17018994578,143.886557440061,170.152373054014,108.853357139523,103.487086453234,178.183623087696,136.858833910431,107.40838894165,104.080292102496,120.425675825904
"gene_340",4.25877477603369,3.26100062481142,5.03051062403003,6.49926951605433,6.31402767978683,4.28551175012107,4.26654640727654,4.38925753499175,5.42920154520717,5.60776410590562,4.67775507905688,5.34821622675914,4.27166863957689,4.75681325874501,5.2366704666389,7.87793347351036,3.76162241521177,3.34827714773223,4.32865405689832,3.63056681506879,4.25522170179537,4.27651316274319,5.05717056536435,3.23527661581505,3.0757834176105,5.29587074065091,4.06763922265257,3.19233010553716,3.09341433332922,3.57922238855605
"gene_341",132.49435645072,101.452695174498,156.50376054169,202.198185444167,196.435143448584,133.32616803068,132.736138966642,136.553793750234,168.907397691365,174.462641349488,145.529214721926,166.387870781863,132.89549627195,147.98878659196,162.91758073856,213.144464808942,101.774024774338,90.5906026098228,117.115567858373,98.2281994831478,115.128790478149,115.704849804365,136.826226982824,87.5332731744321,83.2180434906217,143.284471557031,110.053580429871,86.3713173164178,83.6950635248214,96.8390305663527
"gene_342",54.3749974651806,41.6356604969877,64.2283325170218,82.9810877648966,80.6159651868787,54.7163686281755,54.4742237570964,56.0409695019085,69.3187209429126,71.5985641597913,59.7244357691391,68.2847201523308,54.5396231696023,60.7338313221359,66.8605310973185,115.841947288047,55.3131943809534,49.2351130099779,63.6511741021301,53.3860727602118,62.5713798848172,62.8844625358825,74.3637259732478,47.5734841442496,45.2281987059632,77.8737191987773,59.8130524967922,46.9419724163904,45.4874544633512,52.6310729408272
"gene_343",44.6930853259819,34.222091290893,52.7919536431607,68.205627748198,66.2616345507096,44.9736725669346,44.7746435666791,46.0624174429325,56.9759568590948,58.8498553817949,49.0900124746773,56.1260683493952,44.82839807996,49.9196769101863,54.9554677806917,65.4560974870465,31.2545319591085,27.8201327965711,35.9658789819384,30.1656184555829,35.3557449397453,35.5326512246394,42.0189699047571,26.8812350693778,25.5560395259904,44.0022796136128,33.7971614504432,26.5244015199539,25.7025311080723,29.7390083809313
"gene_344",47.310116325053,36.2259868176411,55.8832188395099,72.1994500772278,70.1416251667863,47.6071335238428,47.3964502585129,48.7596305232349,60.3122189276996,62.2958447267166,51.9645082373659,59.412564675505,47.4533524002596,52.8427541823124,58.17341887316,47.6716571406735,22.7626667162933,20.261394785239,26.1939394099874,21.9696113220851,25.749578960985,25.8784197578439,30.6024038035611,19.5775958381696,18.6124563016855,32.0468476991515,24.6144630500215,19.3177140658444,18.7191460791563,21.6589113263273
"gene_345",1697.72529823263,1299.97089525614,2005.37140341516,2590.87997316303,2517.03484909303,1708.38377154796,1700.82339467195,1749.74116958439,2164.30623764664,2235.48872382105,1864.74832652391,2132.02211107381,1702.8653301621,1896.26421518843,2087.55531749449,4738.11463841299,2262.39511791098,2013.79219823046,2603.43137201902,2183.57286591159,2559.2661200762,2572.07168426753,3041.59129615333,1945.82901013988,1849.90321187295,3185.15544257828,2446.4462678491,1919.99920468384,1860.50717294172,2152.69220670331
"gene_346",12.5635061755233,9.62004417767306,14.8401487786348,19.1730290976752,18.6265604356063,12.6423810061324,12.5864327077417,12.9484340090388,16.0162982849487,16.5430628949668,13.7995099327723,15.7773893024464,12.6015434380625,14.0327338013663,15.4483261516993,19.2688641559583,9.20066049915825,8.18964741617745,10.5875795068558,8.88010783588381,10.407969196628,10.4600465935831,12.3694789966404,7.91325616377798,7.52314716116497,12.9533226235339,9.94915581355056,7.80821205858216,7.56627112521866,8.75452302573452
"gene_347",103.037941671304,78.8975256593256,121.709526216932,157.245073646504,152.763282867657,103.684823209156,103.225970606574,106.194876614728,131.35556153026,135.67575212063,113.174863742712,129.396180967231,103.349899271682,115.087618592578,126.697412863871,171.163574386643,81.7286335617739,72.7478959513972,94.0485094413742,78.8811932985011,92.4530473297288,92.9156461282584,109.876961155014,70.2927374995554,66.8274345762898,115.063191191881,88.3774496199548,69.3596402309236,67.2105008416082,77.765634808917
"gene_348",5.89024247670142,4.51023719425311,6.95761783973829,8.98903449565539,8.73282950952058,5.9272219529006,5.90099129411189,6.07071106912785,7.5090408011516,7.75600778933175,6.46972735382068,7.39703131772078,5.90807577071789,6.57907144281788,7.24275418194604,17.9465096021692,8.56925144409117,7.62762064246329,9.86099106546258,8.27069718563081,9.6937067807709,9.74221028865518,11.5206050439872,7.37019715216333,7.00685996193658,12.0643815308316,9.26638015070289,7.27236185542297,7.04702447961178,8.1537308204632
"gene_349",35.4402577673093,27.137077868745,41.862414096209,54.0849890077302,52.5434615093627,35.6627549181112,35.5049309723984,36.5260965014182,45.1802014315522,46.6661459840457,38.926887307366,44.5062656842764,35.5475566670208,39.584785978723,43.5780150254816,71.3073679643347,34.0484461573998,30.3070381874559,39.1809512816334,32.8621921817086,38.5162759599364,38.7089963028295,45.7751418662527,29.2842102419447,27.8405524336601,47.9357441726245,36.8183671226918,28.8954785242339,28.0001392337936,32.3974464553614
"gene_350",56.3834083325637,43.173527474662,66.6006890601865,86.0461015805022,83.5936201406944,56.7373884810398,56.4862996759242,58.1109152014627,71.8790975671873,74.2431497423403,61.930435059969,70.8069046198884,56.5541147003275,62.977113943405,69.3301112998896,97.4588362715882,46.5354707947671,41.4219281528573,53.5502855445691,44.9141666393364,52.6418452921756,52.9052444454528,62.562848465858,40.0239853578655,38.0508763512312,65.5158362486917,50.3212405062036,39.4926890569152,38.2689904714032,44.2789787345655
"gene_351",3249.78669452439,2488.40499877706,3838.68303734573,4959.46386182745,4818.10948493973,3270.18914997473,3255.7170724232,3349.35550391836,4142.9161839682,4279.17373793974,3569.50226664034,4081.11789122324,3259.62574645537,3629.82999796101,3995.99953063057,27231.4081607894,13002.6834676686,11573.8857089779,14962.7241467083,12549.6676417225,14708.8928036613,14782.4903359785,17480.9645533605,11183.2802770623,10631.965088405,18306.0720416551,14060.4822692836,11034.8284077502,10692.909327627,12372.1869559752
"gene_352",22.9524510863879,17.5749978033289,27.1116823757319,35.0274840792166,34.0291325791539,23.0965486548699,22.9943358995898,23.6556813110656,29.2604069146303,30.2227607971027,25.2105242217455,28.8239406401388,23.0219419112973,25.6366042794376,28.2227704121517,57.009860034679,27.2215509455142,24.2303152459184,31.3249613940135,26.273147224407,30.7935570224848,30.9476359078486,36.5969815653256,23.4125697635397,22.2583730523465,38.3243715755482,29.4360879708803,23.1017808303565,22.3859618471474,25.9015854970969
"gene_353",24.9911325256694,19.1360433614789,29.5197948443771,38.138693482877,37.0516664568151,25.1480291210267,25.0367376296124,25.7568250294822,31.8593732846341,32.9072053145529,27.4497721178409,31.3841392249798,25.0667956610832,27.9136974366774,30.7295718856762,56.2051550632816,26.8373135984715,23.8882997572809,30.8828036313517,25.9022967755044,30.358900133169,30.5108041658852,36.0804082394861,23.0820969072575,21.9441919012343,37.7834158125668,29.0205920143168,22.7756948187261,22.0699797560328,25.5359797123447
"gene_354",7.10886514355233,5.44335281717206,8.39706805597786,10.848761193298,10.5395503751115,7.15349524331799,7.12183776627982,7.32667058896153,9.06257401524029,9.36063560113023,7.80823870252943,8.927391072321,7.13038793870548,7.94020481190444,8.7411957913467,24.18402434853,11.5475928281635,10.2786874678063,13.2882913343194,11.1452726212811,13.062865482508,13.128226939508,15.5247231394737,9.93179349815412,9.44217431035906,16.2574953659135,12.4870165929227,9.7999544246538,9.49629846569269,10.9876532576344
"gene_355",189.893267490859,145.403806611227,224.30397233502,289.794034578344,281.534340320081,191.085434637345,190.23979449171,195.711325207647,242.08108564172,250.042959627961,208.575058132411,238.470054876386,190.468188215143,212.100160269143,233.496373482577,420.794670511681,200.92460416438,178.846036704847,231.212228912101,193.924354890086,227.289887631314,228.427157109963,270.125462334683,172.810187106012,164.290962107095,282.875476275335,217.270292039389,170.516227312777,165.23270595345,191.181825886803
"gene_356",1570.45009098892,1202.51457221215,1855.03255811671,2396.6466741298,2328.33757728384,1580.30951901611,1573.31592908422,1618.56643229707,2002.05235286205,2067.89842466518,1724.95172340869,1972.18850529697,1575.20478458967,1754.104926387,1931.05530188925,2270.11369346724,1083.95311830686,964.84310614563,1247.34955961347,1046.18799709956,1226.18921401989,1232.3245840651,1457.27965198435,932.280752612582,886.321022884414,1526.06374852098,1172.13524720378,919.905240506992,891.401566320836,1031.39253251463
"gene_357",12.4872615877746,9.56166268032636,14.7500878505826,19.0566730678358,18.51352077918,12.5656577479504,12.5100489849479,12.8698533963326,15.9190996174003,16.4426674326725,13.7157643659488,15.6816405101658,12.5250680122531,13.947572860724,15.354574356429,41.8597674033434,19.9875563673431,17.7912269857679,23.0005054752719,19.2911863158141,22.6103192272127,22.7234523992495,26.8715119640199,17.1907933824108,16.3433188255734,28.1398564924715,21.6135909643677,16.9625950944889,16.4370015195914,19.0183653078038
"gene_358",71.617478615816,54.8384581940962,84.5953369195628,109.294649297689,106.179538979505,72.0670996384469,71.7481698741274,73.8117355772312,91.2999033790073,94.3026919848694,78.6632404769674,89.9380177153686,71.8343076441499,79.9927185055032,88.0622138726642,132.560841697008,63.2962737224804,56.3409729760594,72.8376327531897,61.0910201845474,71.6019971854395,71.960265504624,85.0962741693871,54.4395294473066,51.7557605794893,89.1128473297988,68.4455740693527,53.716874760068,52.0524334360729,60.2270549812533
"gene_359",2398.18427368071,1836.32167141019,2832.76108777187,3659.8427396365,3555.53009528995,2413.24029193813,2402.5606036835,2471.66120471747,3057.2703298682,3157.82176718417,2634.11879159575,3011.66620020301,2405.44501471598,2678.63771856527,2948.85299645682,5796.59766687973,2767.80856160023,2463.66836783695,3185.03146685823,2671.37761450291,3130.99980745231,3146.66610284178,3721.07522851948,2380.52237252361,2263.1669894521,3896.71124827039,2992.97628077454,2348.92225275686,2276.13984905592,2633.59829281508
"gene_360",43.8963958708568,33.612055553487,51.8508954799976,66.9898087012282,65.0804687139618,44.171981423193,43.976500271662,45.2413185640637,55.9603155424522,57.8008103477288,48.2149443292298,55.1255769649797,44.029296568396,49.0298193425666,53.9758432736118,37.7957904138261,18.0470542051865,16.0639565881864,20.7674896035376,17.4182915972998,20.4151847875097,20.5173343675099,24.2626774417671,15.5218163891921,14.7566193344011,25.407884091101,19.5152243993157,15.3157728491031,14.8412067960176,17.1719575567904
"gene_361",616.31008237082,471.916846835604,727.992105736729,940.544062891275,913.736725717443,620.179332934357,617.434756706357,635.192940505035,785.688801944746,811.529545416722,676.942963574383,773.968983239045,618.176022346587,688.383895719907,757.826599519977,971.948297320998,464.094107156815,413.097201650655,534.052230123649,447.924985160334,524.99243636548,527.619292670537,623.933717744067,399.155642615842,379.478002159694,653.383601996087,501.849251439743,393.857071908076,381.653234861345,441.590312737194
"gene_362",305.006370914699,233.547444612842,360.276809639651,465.46688025011,452.200167828622,306.921228559091,305.562962227019,314.3513292348,388.830390746875,401.618744553787,335.013043826588,383.030356845996,305.929807990665,340.675059252595,375.041634907316,1006.46717044656,480.576471133811,427.768403741966,553.01916614779,463.83310061785,543.637612608629,546.35776206494,646.092806762413,413.331708382699,392.955213907064,676.588607572814,519.672494390375,407.844958231117,395.207700287593,457.273451460587
"gene_363",9.42947560452298,7.22027518596121,11.1381981208601,14.3902193874479,13.9800701149738,9.48867470711807,9.44668299657016,9.71838123046261,12.0209511455425,12.4163116420549,10.3571519325519,11.8416392249103,9.45802427829011,10.5321969198807,11.5946625522389,21.8349672376657,10.4259451381251,9.28029185181491,11.9975650763458,10.062703338095,11.7940354231381,11.853048152022,14.0167664504044,8.96709259460526,8.52503139046627,14.6783626068752,11.2741202321535,8.84805939280902,8.5738983259872,9.9203939527071
"gene_364",1705.57480221646,1305.98136510765,2014.64332204449,2602.85901517421,2528.67246508189,1716.28255542933,1708.68722283436,1757.83117112682,2174.31299813511,2245.82459951408,1873.37006847069,2141.87960455165,1710.73859929872,1905.03167216572,2097.20721689081,3055.29502603809,1458.86815288232,1298.56066310558,1678.77975283128,1408.04092457459,1650.30051902578,1658.55797574964,1961.31994845331,1254.73572293985,1192.87955510094,2053.89491887159,1577.55049931261,1238.07979919044,1199.71734438679,1388.12804114308
"gene_365",650.106629729299,497.795313730045,767.912951398518,992.120603456638,963.843234449375,654.188058080694,651.292977742634,670.024965665112,828.773556784073,856.031327066919,714.064431455327,816.411059304731,652.074892108289,726.132749094196,799.383476963338,1667.57472669078,796.247707860567,708.752157947149,916.275077739984,768.506294795252,900.731161317892,905.238066877616,1070.48502652667,684.832581606307,651.071592471364,1121.0122848366,861.024326722199,675.741807308735,654.803646005429,757.637877551443
"gene_366",52.5413740344222,40.2316305898366,62.0624367761132,80.1828151409215,77.8974487813466,52.8712335433072,52.6372542359971,54.1511664756754,66.9811680815535,69.1841308545554,57.7104195866971,65.9820356710255,52.7004482618231,58.6857764928312,64.6058728512837,86.1244117805147,41.1234137657873,36.6045741305407,47.3224083073638,39.69066664869,46.5196193005558,46.7523852354605,55.2868136904513,35.3692115351371,33.6255743332557,57.8963701506051,44.4688999423856,34.8997047859184,33.8183218666706,39.1293508484885
"gene_367",22.5642526063361,17.2777490516166,26.6531381509651,34.4350586328705,33.4535924115705,22.7059130295715,22.6054290149863,23.2555889856324,28.7655209677132,29.7115984048926,24.7841345892241,28.336436717203,22.6325681217979,25.2030082866825,27.7454341775329,40.8524627742763,19.5065800193724,17.3631026455902,22.4470261543554,18.8269672701401,22.0662292660143,22.1766400252198,26.2248815580127,16.7771177500408,15.9500366425002,27.4627049107863,21.0934860622216,16.5544107776714,16.0414649758947,18.5607113694231
"gene_368",72.5351496048292,55.5411311049493,85.6792997732864,110.695096937753,107.540071134945,72.9905318491129,72.6675154763578,74.7575226908952,92.4697752350116,95.5110400905686,79.6711923775743,91.0904390413063,72.7547569732098,81.0177056807512,89.1905995748855,597.235022356804,285.172838130835,253.836667180127,328.160146457111,275.23736526291,322.593156790457,324.207286460114,383.389804677001,245.269969399191,233.178610146698,401.48593420173,308.37231746739,242.014146014517,234.515229753711,271.34488637624
"gene_369",795.068427437519,608.794494893729,939.143387803245,1213.34521437981,1178.76251320349,800.05993909522,796.519309194791,819.428185214875,1013.57478659845,1046.91053732485,873.287640279338,998.4556800079,797.4755760542,888.046970346387,977.631260603238,1727.43027031628,824.82803991509,734.191944860842,949.16364459747,796.090882950934,933.061798415097,937.730473806199,1108.90876981095,709.413804749359,674.441006436895,1161.2496419072,891.929735832716,699.996728290421,678.307017441977,784.832357238782
"gene_370",42.7449078239142,32.7303458040835,50.4907453997008,65.232535411335,63.3732811345072,43.0132642299132,42.8229109301096,44.0545505727301,54.4923673619263,56.2845824001129,46.9501723365029,53.6795256048012,42.8743222770451,47.7436715895069,52.5599516697529,79.5588667393594,37.9884416975493,33.8140879582944,43.7148666501884,36.664917570025,42.9732768698688,43.1882982977509,51.0721194131576,32.6729010860638,31.0621870397397,53.4827408661239,41.078890542421,32.2391863689229,31.2402407995074,36.1463927055448
"gene_371",4.6606437475733,3.56871705411354,5.50520258054641,7.11255734965233,6.9098356159632,4.68990369149207,4.6691487299838,4.80343919619066,5.94151500529713,6.13692718974822,5.11916011256879,5.85288770333365,4.6747543093346,5.20567842598876,5.73081619760427,37.0460355630043,17.6890549072426,15.7452959848887,20.3555250461315,17.0727650591558,20.0102088984684,20.1103321379085,23.7813788657427,15.2139102175274,14.4638923717801,24.9038680581553,19.1281010186941,15.011953961815,14.5468018724658,16.8313175454203
"gene_372",103.036390403192,78.8963378326499,121.707693842334,157.242706273237,152.760982969137,103.683262202041,103.224416507628,106.193277817982,131.353583931613,135.673709480176,113.173159860099,129.394232867665,103.348343306951,115.085885912848,126.695505395095,52.4704595446808,25.0540395426549,22.3009804811386,28.8307166262722,24.1811523078835,28.3416252382,28.4834356183036,33.6829530806206,21.5483478448737,20.4860538521428,35.2727999526203,27.0922444308792,21.2623054280777,20.6034834106768,23.8391761204429
"gene_373",746.146062150228,571.33398755089,881.355763128809,1138.68532882909,1106.23057976504,750.83043476401,747.507667859215,769.006908730551,951.207228983601,982.491755289709,819.552269254334,937.018435344635,748.405093447868,833.403424236047,917.475389741086,338.428072309397,161.595503061373,143.838607481881,185.954610190124,155.965486728933,182.800030316329,183.714689993191,217.250944239499,138.984218660845,132.132551812385,227.505262894737,174.741676303976,137.139279917121,132.889958160103,153.759781978193
"gene_374",13.5398836399544,10.3676694194396,15.9934563532745,20.6630680465415,20.0741303730988,13.6248882567905,13.5645919159856,13.9547262804375,17.2610107474217,17.8287130612221,14.8719438799773,17.0035348662124,13.5808769822243,15.1232928265776,16.6488984526933,28.0255774190987,13.3818901331696,11.9114233116969,15.3990928966354,12.9156626789313,15.1378588864823,15.2136027968828,17.9907745702315,11.5094263709645,10.94203277858,18.8399452651784,14.470538286561,11.3566450923818,11.0047543787441,12.733005995537
"gene_375",97.74736887124,74.8464635313847,115.460244656494,149.171188472903,144.919519142578,98.3610357134802,97.9257432971667,100.742208242175,124.610995890681,128.709362534864,107.363801855643,122.752221428119,98.0433087370966,109.178344642867,120.192023922054,183.416718452039,87.5793685963102,77.955723917956,100.781191552334,84.5280876742492,99.0715145607126,99.5672295742031,117.742759934484,75.3248072166057,71.6114324935944,123.300258356146,94.7041556741262,74.3249120016203,72.0219214518097,83.3326693258416
"gene_376",11.4466948119673,8.76488682705486,13.5209591701535,17.4686755142949,16.9707842479863,11.5185581996008,11.4675833293711,11.7974051450006,14.5925568805323,15.0724956527494,12.5728261321586,14.3748853028426,11.4813508172008,12.7853179644039,14.0750736572842,29.0522609927556,13.8721197037776,12.3477840856469,15.9632202824789,13.3888125633049,15.6924162762079,15.7709349743478,18.649845120408,11.9310604668683,11.3428810875439,19.5301241700801,15.0006491827119,11.7726822285249,11.4079004186571,13.199464470358
"gene_377",171.137361588856,131.042159404728,202.149294319574,261.170852117309,253.726974292848,172.211777457931,171.449661847989,176.380765214374,218.170548301742,225.346021794365,187.973937221031,214.916181857049,171.655496945506,191.150862274683,210.433754847565,185.700517650834,88.6698563856421,78.9263836338635,102.036060827411,85.5805826732624,100.305095923888,100.80698329484,119.208824877047,76.2627082750401,72.5030967515406,124.835522063956,95.8833572031718,75.2503629414933,72.918696881528,84.3702796649974
"gene_378",111.704036158849,85.5332697464732,131.946010342314,170.47030547682,165.611569839284,112.405324223446,111.907879429043,115.126487824239,142.40333373166,147.08687765822,122.69353275823,140.279157785291,112.042231220857,124.767161495826,137.353407475142,239.949914059527,114.573317772923,101.983447378343,131.844242203705,110.581562816238,129.607603958994,130.256109590809,154.033750935298,98.5416224361313,93.6837013416025,161.304196508188,123.8941259383,97.233536821422,94.2207123135435,109.017689400627
"gene_379",127.39012096242,97.5443140104593,150.474582620392,194.408667600078,188.867642030419,128.189887689303,127.622589006908,131.293171797773,162.400379908662,167.741612399928,139.922822100634,159.977915689297,127.775807203844,142.287640998833,156.64131569943,266.392464384535,127.199330718117,113.222052943963,146.373516044866,122.767683204099,143.890399615004,144.610370756079,171.008315093075,109.400937891976,104.007672479778,179.079965882894,137.547294654517,107.948700862036,104.603862217031,121.031470483195
"gene_380",39.3912111279448,30.1623755318519,46.5293227497431,60.1144956349969,58.4011154573916,39.6385127220854,39.4630942359266,40.5981014137609,50.2169838909857,51.8685846207547,43.2665373526878,49.4679163903509,39.5104719312968,43.9977799309549,48.4361824249742,86.1760269527284,41.1480594154893,36.6265115970325,47.3507690729569,39.7144536395326,46.5474989471261,46.7804043808508,55.3199475993023,35.3904086371748,33.6457264570742,57.9310679912533,44.4955505735043,34.9206205081335,33.8385895059037,39.1528014374783
"gene_381",33.0760155488143,25.3267460815126,39.0697457295113,50.4769448665598,49.0382536516228,33.2836697726581,33.1363743631087,34.0894172878395,42.1662013538465,43.5530175967094,36.3300498066082,41.5372242904698,33.1761564704332,36.9440596376378,40.6708978256602,72.2108010192404,34.4798250261607,30.6910150593624,39.6773567376331,33.278541733251,39.0042602713399,39.1994222963915,46.3550928227325,29.6552283327066,28.1932800136204,48.5430690120256,37.2848396743491,29.2615715547489,28.3548887084681,32.8079078825305
"gene_382",850.806648672836,651.473994006271,1004.98197491678,1298.40670300147,1261.39958377185,856.148089935933,852.359244402871,876.874145710584,1084.63138216224,1120.30413356042,934.509414426297,1068.45235157151,853.382550289275,950.303446383363,1046.16803757687,1364.96074690092,651.753021105268,580.135246352034,749.999082176415,629.045828862758,737.275912755774,740.964952341557,876.224626079408,560.556343970526,532.921945218756,917.582727241354,704.774658245662,553.115268091578,535.976744801525,620.149698043973
"gene_383",193.481326938274,148.15123156681,228.542226790609,295.269732781408,286.853970462345,194.696020247217,193.834401614541,199.409317657071,246.655241102072,254.767555794047,212.516112587453,242.975979413001,194.06711086884,216.107822014648,237.908319624121,219.416464417269,104.768832282451,93.2563261818434,120.561816375289,101.118667360121,118.516575985192,119.109586461754,140.852482334163,90.1090316186296,85.6668217718066,147.50076753399,113.292022553948,88.9128839898233,86.1578786212262,99.6886206897808
"gene_384",111.197336967588,85.1452834203134,131.347491801448,169.697037393683,164.860341402186,111.895443928731,111.400255587037,114.604264095543,141.75737986539,146.419678830698,122.136984257751,139.642839365252,111.533997947477,124.201206835638,136.730360512132,210.501867656321,100.512215098349,89.4674466849173,115.663551422348,97.01035148276,113.701406407092,114.270323663085,135.129834828551,86.44802247999,82.1862936632351,141.50800911457,108.689119576803,85.300472725576,82.65739953126,95.6384056912632
"gene_385",4.74617549008182,3.63420984967792,5.60623359580513,7.24308640459765,7.03664433868278,4.77597241003322,4.754836555215,4.89159150877577,6.05055318951969,6.24955156196298,5.21310650888713,5.96029940675627,4.76054500768712,5.30121259912647,5.83598765500913,20.1789178859426,9.63520066394472,8.57643820560984,11.0876227965761,9.2995085433308,10.8995296286437,10.9540666012625,12.9536800376433,8.28699320556104,7.87845965285234,13.565098152897,10.4190468400809,8.17698794754518,7.92362032877556,9.16799245856248
"gene_386",12.5916727893787,9.64161172942483,14.8734194862195,19.216013858417,18.6683200469691,12.6707244525428,12.6146507214827,12.9774636075974,16.0522058479237,16.580151432039,13.8304475915945,15.8127612460679,12.6297953291384,14.0641943338639,15.4829603558257,27.8037480590178,13.275969171024,11.8171414572547,15.2772052769084,12.8134320221193,15.0180389984005,15.0931833770618,17.848373150607,11.4183264214937,10.8554238893872,18.6908224499858,14.356000405677,11.266754444427,10.9176490326105,12.6322211114414
"gene_387",655.515404601943,501.936884760854,774.301854519891,1000.37487551789,971.862243684566,659.630789732276,656.711622825843,675.599457652439,835.668809630383,863.153359854008,720.005324191512,823.203458307269,657.500042583968,732.174048148692,806.034209421807,1397.76266633239,667.415559486722,594.076709250072,768.022611075019,644.162681595636,754.993686064559,758.771378440943,897.281531674522,574.027298408937,545.72880633181,939.633525961405,721.711380865419,566.407403049635,548.857017029163,635.052764287363
"gene_388",70.603655605844,54.0621603988777,83.3977982633158,107.747465112119,104.676452555825,71.0469117557187,70.7324967877852,72.7668504824125,90.0074543198831,92.9677351993977,77.5496770735094,88.6648476234663,70.8174151843396,78.8603349000131,86.8155978166577,121.825110638632,58.1700859057564,51.7780754740903,66.9387170088682,56.1434296714893,65.8031521027984,66.1324052748832,78.204565412434,50.030624527808,47.5642065791527,81.8958475693,62.9023588487956,49.3664956184006,47.8368527325272,55.3494345886895
"gene_389",13.1227751913761,10.0482839193934,15.500763362381,20.0265234140361,19.4557285020684,13.2051611635625,13.1467223064582,13.5248382264521,16.7292695888415,17.2794833157633,14.4138001023738,16.4797254866795,13.1625056963979,14.6574060157283,16.1360139709058,5.10240148326074,2.43633788675432,2.16862129420145,2.80359449019299,2.35145543746636,2.75603362174235,2.76982373336061,3.27544205350082,2.09543280084819,1.99213181032507,3.43004403542058,2.63453968897047,2.06761708769453,2.00355105000472,2.31820053897342
"gene_390",53.1568133625133,40.7028806885112,62.7894003375184,81.1220303552486,78.8098945332713,53.4905366552875,53.2538166494265,54.7854619832368,67.7657468223352,69.9945138296903,58.3864061307685,66.7549111514583,53.3177508935949,59.3731878047163,65.3626287547795,59.3929186453479,28.3594339597333,25.2431621701326,32.6343703091286,27.371386190165,32.0807528017924,32.2412723101338,38.12676522013,24.391234260154,23.1887911857993,39.9263615405477,30.6665404375368,24.0674540962807,23.3217132962038,26.9842928798423
"gene_391",76.8882328203026,58.8743449591779,90.8212085414979,117.33828952976,113.99391980278,77.3709441156053,77.0285424219647,79.2439781408257,98.0192037356364,101.242985330576,84.4525340055301,96.5570888440719,77.1210195803919,85.8798561922814,94.5432334924089,138.535022570134,66.1488762178486,58.8801177100392,76.1202400968613,63.8442374969456,74.8289175684634,75.2033321319876,88.9313473856469,56.8929809447666,54.0882614218935,93.1289373097065,71.5302424693157,56.1377580439054,54.3983045715643,62.9413355735274
"gene_392",48.1296173980674,36.8534897149938,56.8512223313598,73.4500816842781,71.3566113378669,48.4317794988786,48.2174467992328,49.6042399352903,61.356941113279,63.3749270787261,52.8646322186007,60.4417031406821,48.2753345941514,53.7580910514062,59.1810929794742,132.136492900961,63.0936520643459,56.160616365884,72.6044676542812,60.8954579013521,71.37278755678,71.7299090008545,84.8238671672172,54.2652596668604,51.5900819793144,88.8275826242298,68.2264686640217,53.5449183147106,51.8858051378733,60.0342583910722
"gene_393",390.642030944987,299.119811209084,461.43057339407,596.154522586621,579.162957889953,393.094517025631,391.354894614028,402.610743225695,498.001051843511,514.379950712389,429.07358112228,490.572561035944,391.824738485566,436.325302450672,480.340871273459,685.861610717439,327.491012368039,291.504715721944,376.857414915431,316.081166713738,370.464312775253,372.317970939453,440.282868762036,281.666764298103,267.781109870216,461.064370313309,354.133174448195,277.927793562576,269.316076913784,311.611064092561
"gene_394",3042.21474611985,2329.46439049467,3593.49681675106,4642.69058603801,4510.36486431573,3061.31404606241,3047.76633605165,3135.42384833641,3878.29783660654,4005.85228215242,3341.50929049537,3820.44675432149,3051.42535336453,3397.98373976704,3740.76511484748,7166.88271843375,3422.10387679771,3046.06654870824,3937.95607170049,3302.87716347537,3871.15161358584,3890.52133840393,4600.71774545354,2943.26527955634,2798.16770418794,4817.87319198032,3700.5000547005,2904.1950584936,2814.20727923633,3256.1670098165
"gene_395",1046.11097326778,801.021119183348,1235.67754616952,1596.45849252946,1550.95631694642,1052.67855278436,1048.01997037396,1078.1623150613,1333.61063010078,1377.47213111573,1149.02787205336,1313.71767150179,1049.27817812122,1168.44745483189,1286.31794979311,3885.8407573287,1855.44416487663,1651.55898450265,2135.13612614662,1790.80015712712,2098.91515026188,2109.41729870122,2494.48152434058,1595.82075391209,1517.14972017159,2612.22190296004,2006.38890016534,1574.63711475291,1525.84628141055,1765.47419240861
"gene_396",1792.08423037762,1372.22278761095,2116.82919012386,2734.88010548009,2656.93069724904,1803.33509762228,1795.35451784927,1846.99112425255,2284.59756253394,2359.73634445881,1968.39033562464,2250.51909637519,1797.50994334428,2001.65786550171,2203.58085516978,3720.80007563721,1776.63914199086,1581.41343874348,2044.45193609103,1714.74071538389,2009.76934917404,2019.8254469783,2388.53510065671,1528.04254025617,1452.71284802933,2501.27477194833,1921.17290380805,1507.75861945034,1461.04004611501,1690.49040320564
"gene_397",80.7694968995064,61.8462806103816,95.4057994653891,123.261444108322,119.748252942575,81.2765751225216,80.9168892314761,83.244158591975,102.967144409737,106.353660239093,88.7156387045218,101.431222983672,81.0140345720163,90.2150111144306,99.3157096259606,76.6888876508026,36.6180597684552,32.5942902246634,42.1379116445809,35.3422799933189,41.4230737179395,41.630338537075,49.2297614117016,31.494270133631,29.9416604296644,51.5534229387164,39.5970248287716,31.0762010914425,30.1132911395808,34.842460215763
"gene_398",807.405804836101,618.241389252106,953.716430835597,1232.17315082902,1197.05381680306,812.474771667452,808.879200474169,832.143562185149,1029.30280978792,1063.15584396236,886.838774777745,1013.94909430397,809.850306087994,901.827130949849,992.801534509834,1469.40685426655,701.624833296786,624.526902569728,807.388633369721,677.180098165721,793.69189344725,797.663216480032,943.272892177675,603.449832460772,573.700863465451,987.795694364326,758.703659347587,595.439369211577,576.989414770332,667.603239907157
"gene_399",22.0818561024334,16.9083716171756,26.0833262060991,33.6988786145915,32.7383949572663,22.2204879966896,22.1221522091333,22.7584125438247,28.1505488261644,29.0764002688879,24.254279686131,27.7306378793722,22.1487111145762,24.6641983691799,27.1522702611377,9.32413143867545,4.45216527151931,3.96293981455232,5.12329020228334,4.29705103431275,5.03637744360956,5.06157750160274,5.98554471395484,3.82919511922341,3.64042282904929,6.26806446564995,4.81435936018688,3.77836466882549,3.66129035428269,4.23628101346172
"gene_400",130.185288192935,99.6846108245706,153.776264251498,198.674341679814,193.011736092971,131.002603233064,130.422857002343,134.173978948492,165.963734874608,171.42216356537,142.992979222569,163.488117455043,130.579437080718,145.40968647946,160.078306490238,206.354364243647,98.5318300320446,87.7046759096257,113.384640647888,95.0989633876373,111.461155637112,112.018863556642,132.467381248707,84.7447432062877,80.5669829310388,138.719886817805,106.547625539794,83.6198035435353,81.0288066334605,93.7540489470524
"gene_401",4954.32207280711,3793.59046312085,5852.09858064715,7560.73662352687,7345.24090785953,4985.42575587264,4963.36297452956,5106.11540465096,6315.9040962925,6523.62967051721,5441.73065215266,6221.6921757612,4969.32177486117,5533.70069172108,6091.92865208258,8893.21345216068,4246.40690066706,3779.79116882616,4886.51555868047,4098.46132203384,4803.61950346228,4827.65493198601,5708.92067735739,3652.22753123944,3472.17941829583,5978.3836801905,4591.86206320058,3603.74622783533,3492.08254357238,4040.49980889185
"gene_402",152.799283303873,117.000448375138,180.488158784527,233.185311803856,226.539076370403,153.75857105519,153.078119294612,157.480834477817,194.792668935769,201.199260675058,167.831750007831,191.887021356885,153.26189830749,170.668254362002,187.884904997534,293.970266515068,140.367413313039,124.94316292399,161.526571788999,135.476987437793,158.786395183925,159.580900046193,188.711644228936,120.726473788985,114.774880247203,197.618898191176,151.786631658047,119.123896524943,115.432789457806,133.56103640866
"gene_403",80.1099252656886,61.3412378168318,94.6267063492418,122.254879065848,118.770376963746,80.6128626381988,80.2561139774187,82.5643786280536,102.126304609133,105.485165818066,87.9911780973407,100.602925668082,80.3524660195797,89.4783064850868,98.5046877999454,143.040158034923,68.3000264661847,60.7948891631002,78.595657409296,65.9204412845063,77.2623412910373,77.6489317527378,91.8233797367857,58.7431310468615,55.8472025202515,96.1574745740628,73.8563938364932,57.9633484252065,56.1673282206253,64.988177143499
"gene_404",41.2170189289918,31.5604209071335,48.6859865846777,62.9008409121167,61.1080444686783,41.4757831100106,41.2922338649514,42.4798493505832,52.5445731756971,54.2727266544241,45.2719690000226,51.7607859178625,41.3418075467695,46.0371051389502,50.6812304240623,115.137648055295,54.9768996166165,48.9357719411407,63.2641858467236,53.061494565828,62.1909565936278,62.5021357557058,73.9116072341066,47.2842454948093,44.9532189909887,77.4002603009667,59.4493993645007,46.6565732502791,45.2108985176995,52.3110850162548
"gene_405",786.181273860747,601.989482914758,928.6457863013,1199.78262669589,1165.58648567697,791.116991162703,787.6159378831,810.268741982283,1002.24520227691,1035.20833106779,863.526164275476,987.295094753083,788.561515737454,878.120516802896,966.703447531303,1974.8065705256,942.947371461681,839.331752865892,1085.08843110172,910.094915784468,1066.68072331464,1072.01797541473,1267.70982445223,811.005264243806,771.024193468384,1327.54616048205,1019.65835208336,800.239617267591,775.44383579245,897.224115189595
"gene_406",5396.54412411282,4132.20578359486,6374.45602950608,8235.60684994794,8000.87601875328,5430.42411730237,5406.39201537826,5561.88650617909,6879.66075649083,7105.92788457343,5927.45872075289,6777.03949394613,5412.88269734114,6027.63799237343,6635.69329744517,8678.66595184887,4143.96294261458,3688.60424844754,4768.62907096831,3999.58652986821,4687.7328712049,4711.1884484593,5571.19378399155,3564.11806534025,3388.41358732407,5834.15603049002,4481.08404884887,3516.80636643435,3407.83655255504,3943.02332992603
"gene_407",302.852303971786,231.89804683622,357.732402571643,462.179582293806,449.006564264939,304.753638188652,303.404964431964,312.131264766197,386.084327808596,398.782365567004,332.647058745728,380.325255876007,303.769219396178,338.269086940574,372.392953223891,890.129390257212,425.026522258548,378.322551966791,489.095548884396,410.218521932407,480.798411355535,483.204138087665,571.410785190171,365.554597666035,347.533427044912,598.381569114225,459.603426865786,360.7020622726,349.525547987687,404.417104185155
"gene_408",92.189830255848,70.5909821194079,108.895620200297,140.689889694067,136.679953893309,92.7686063668887,92.3580629994815,95.0143946041091,117.526094991945,121.391444306372,101.259509928419,115.773003280462,92.4689441216667,102.970884807128,113.358368736012,380.422685181026,181.647446585297,161.687146451997,209.029208622046,175.318816941235,205.483185569001,206.511342860812,244.209019073766,156.230389813551,148.528518385834,255.735768054452,196.424892471151,154.156517672588,149.37990921345,172.839412327229
"gene_409",4948.11462128073,3788.83733472816,5844.76627206222,7551.26349977663,7336.03778658177,4979.17933340289,4957.14419532638,5099.71776570123,6307.99066879488,6515.45597604182,5434.91250857086,6213.89678982837,4963.09552965887,5526.76731550925,6084.29585161983,9758.14697347815,4659.40268596989,4147.40497941149,5361.76684235625,4497.06826004554,5270.80850713895,5297.18156625496,6264.15719461305,4007.43479532237,3809.87561630883,6559.82755040794,5038.45602443776,3954.23831166346,3831.7144738517,4433.46954321644
"gene_410",38.5887298388306,29.5479049099427,45.5814232099055,58.8898377336459,57.2113626908232,38.8309933826959,38.6591485376839,39.7710332474056,49.1939589873498,50.8119131587934,42.3851075698482,48.4601515570792,38.7055610503911,43.1014532086697,47.4494361686604,60.1636988751503,28.7274726337556,25.5707589743007,33.0578875906505,27.7266023307229,32.4970854316881,32.6596881052679,38.6215608544964,24.7077750461098,23.4897270920773,40.4445116975919,31.064519921031,24.3797929781238,23.6243742184792,27.3344854607319
"gene_411",504.724986027119,386.474650891318,596.186588384815,770.255270162953,748.301495159893,507.893695241,505.646034139954,520.189036641512,643.437095914044,664.599282386236,554.380071987304,633.839191382415,506.253091042979,563.749583346056,620.61944270378,1090.96904837912,520.925143692094,463.683368976621,599.450047794384,502.776018181768,589.280829326588,592.229359542912,700.338049024929,448.034584535047,425.947301968719,733.394243768887,563.303626110649,442.087172868445,428.388904631191,495.665628087649
"gene_412",67.0567170816863,51.3462222824652,79.2081162850699,102.334521099417,99.4177879873055,67.4777052299884,67.1790856277873,69.1112388424349,85.4857209273401,88.2972852254853,73.6537890378586,84.2105631947686,67.2597379515787,74.8986029261565,82.454214744473,139.421209965761,66.5720204831154,59.2567648365176,76.6071696549937,64.2526393400577,75.3075867334683,75.6843963698108,89.5002276418247,57.2569166606422,54.4342557750485,93.7246689079759,71.987810513168,56.4968627141493,54.7462822234277,63.3439616908398
"gene_413",16.5640754396487,12.6833333995708,19.5656642716361,25.2782540115432,24.5577745516335,16.6680662067359,16.594302416412,17.0715749850855,21.1163324433002,21.81083353379,18.1936571179422,20.8013482060904,16.6142248229032,18.5011459430955,20.3675022098188,144.12255469048,68.8168583911287,61.2549290960053,79.1903972214569,66.4192666924159,77.8469917903295,78.2365076138904,92.518214813134,59.1876451571337,56.2698029008761,96.8851061029681,74.4152712509088,58.4019618561636,56.5923510187877,65.4799480318793
"gene_414",1666.38147950804,1275.97051537691,1968.34774722676,2543.0465148877,2470.56473751751,1676.8431734882,1669.42237813492,1717.43702115031,2124.34828776634,2194.21658551149,1830.32088789506,2092.66019861608,1671.42661491379,1861.25492253274,2049.01436183033,853.210303763504,407.3980840684,362.631211840895,468.809777994691,393.204261693041,460.856773286778,463.162719881014,547.710900170334,350.392822358846,333.119099428094,573.563041439293,440.540873876316,345.741551158982,335.028594983822,387.643464069045
"gene_415",5.0814418321052,3.89092775760041,6.00225380915837,7.75473269515376,7.53370771370539,5.11334358454257,5.09071470850227,5.23712993129026,6.47795981182163,6.69101528277236,5.58135651427888,6.38133056829741,5.09682640185389,5.67568635386046,6.24823752593726,20.9711309300247,10.0134732597038,8.91314437868868,11.5229166739266,9.66460205395516,11.3274390732916,11.3841171369906,13.4622342798822,8.61233592962448,8.18776357784685,14.0976563287973,10.8280927988518,8.49801192662881,8.23469723667967,9.52792272116487
"gene_416",72.2291446646396,55.3068190425296,85.3178434428666,110.228106151875,107.086390495766,72.6826057821705,72.3609521226153,74.4421421976533,92.0796718410806,95.1081064746652,79.3350825247491,90.7061546701768,72.4478255726766,80.6759152754621,88.814330080205,166.569635481262,79.5350806942995,70.7953812841074,91.5242976862505,76.7640642066638,89.9716569254271,90.4218398193125,106.927922211046,68.4061179736308,65.0338219297504,111.974956604074,86.0054460811044,67.4980645372526,65.4066069011317,75.6784467110377
"gene_417",151.894658034966,116.307764746098,179.41960567587,231.804773094285,225.197885702173,152.848266466844,152.171843218989,156.548492786437,193.639428117442,200.008090589986,166.838127271526,190.750982989811,152.35453419575,169.65783852655,186.772560560885,155.656293369899,74.3240856473096,66.1569955805812,85.5277907642872,71.734621162465,84.076876225953,84.4975639485279,99.9221975903801,63.9242724932132,60.772923204252,104.638559392214,80.3705243631598,63.0757130803283,61.1212839766196,70.7201313672605
"gene_418",64.5408209595421,49.4197670793296,76.2363126943692,98.4950395977818,95.6877391845179,64.946014083932,64.6585983690053,66.5182592668251,82.278388341735,84.9844657621638,70.8903778497469,81.051073159979,64.7362247040889,72.0884876557297,79.3606210202626,56.2656685774523,26.8662081038761,23.9140191946572,30.9160537304409,25.9301845911543,30.3915861693759,30.5436537502013,36.1192543612133,23.1069483429793,21.9678182067944,37.8240954844868,29.0518371555164,22.8002163653637,22.0937414916104,25.5634731312036
"gene_419",7.20354752989743,5.51585238272025,8.50890791027068,10.9932549455253,10.6799257740491,7.24877205426721,7.2166929339131,7.42425390800319,9.18327768831113,9.48530913178875,7.91223598740946,9.04629425496612,7.22535698537748,8.04595974247052,8.85761905445856,3.72309405089642,1.77773448873173,1.58238842348583,2.04571239676204,1.7157979000477,2.01100842707933,2.02107072474359,2.39000769803235,1.52898462037634,1.45360848532893,2.50281687642229,1.92235735957574,1.50868819397721,1.46194081736054,1.69153263688712
"gene_420",44.366391901589,33.971937780296,52.406059852426,67.7070644932918,65.7772813193462,44.6449281316097,44.4473539753233,45.7257145999651,56.5594792246108,58.4196800954061,48.7311787946602,55.7158031521498,44.5007155587832,49.554778625017,54.5537593323392,83.0739373603711,39.6668473966467,35.3080623200446,45.6462773120185,38.2848473132984,44.8719226048407,45.0964441115324,53.3285882878353,34.1164555183698,32.4345768884471,55.8457158411896,42.8938384823215,33.6635784133945,32.6204974211537,37.7434129782325
"gene_421",7.10757278486191,5.44236324089283,8.39554150797659,10.8467889388629,10.537634333768,7.15219477108257,7.1205430492268,7.32533863425199,9.06092648134428,9.35893388102123,7.80681920097183,8.92576811405662,7.12909166727079,7.93876131952061,8.73960668252026,23.9484393601994,11.4351037121064,10.1785591999771,13.1588454689905,11.0367026462188,12.935615568767,13.0003403170926,15.3734914144746,9.83504444507491,9.35019480799568,16.0991254519212,12.3653762233989,9.70448966182109,9.40379172111689,10.880618707587
"gene_422",5045.40037864704,3863.33033617592,5959.68125623844,7699.7302279904,7480.2729239543,5077.07585957256,5054.6074847462,5199.98421932317,6432.01318982421,6643.55750919749,5541.76928536054,6336.06931444908,5060.67582931636,5635.43006591609,6203.92026925555,11611.2350009487,5544.23085631842,4935.00395012873,6379.97511167863,5351.06885811581,6271.74364023496,6303.12498629607,7453.73086378203,4768.45319976578,4533.37721040474,7805.5495024313,5995.26704206217,4705.15461708747,4559.36330261792,5275.39264122048
"gene_423",4.60220049565534,3.52396627694331,5.43616878206271,7.02336774334888,6.82318808710504,4.63109352754088,4.61059882781396,4.74320532674682,5.86700996328234,6.05997173012112,5.05496718552453,5.77949402447295,4.61613411466787,5.14040058195437,5.65895326345348,7.55984419489772,3.60973845167092,3.2130829288297,4.15387491577555,3.48397451608031,4.08340755713266,4.10383932746793,4.85297593204244,3.10464504748595,2.95159174580136,5.08203805100155,3.90339914239031,3.06343259913169,2.96851077365239,3.43470323624304
"gene_424",5.28964497625118,4.05035168087726,6.24818560495958,8.07246923184728,7.84238814042209,5.32285384690041,5.29929779245371,5.45171212154707,6.743382824627,6.96516786887505,5.81004278350478,6.64279436775686,5.30565990169396,5.90823762239887,6.5042480720094,41.8236977122894,19.9703335056834,17.7758966554613,22.9806864180233,19.2745635017461,22.5908363853397,22.7038720728749,26.8483573409815,17.1759804332536,16.3292361276177,28.1156089633295,21.5949669825108,16.9479787790508,16.4228380972065,19.0019775779247
"gene_425",592.009750019642,453.309758377614,699.288291497013,903.459591984578,877.709234440656,595.726440893936,593.090079858923,610.148080777903,754.710079451012,779.531954868526,650.251952883191,743.452358474669,593.802118326122,661.241783446093,727.946448667896,1309.27422988035,625.163351193227,556.467377994965,719.401252348812,603.382547823197,707.197152060457,710.735689321431,840.477153000199,537.68723915533,511.180245290432,880.147961242168,676.021856312585,530.549738012524,514.110417736965,594.849353844452
"gene_426",878.23210718642,672.474033231598,1037.37722183095,1340.26039469801,1302.06036375959,883.74572796409,879.83475030366,905.139880989373,1119.59410021389,1156.41675043463,964.633002689131,1102.89354415913,880.891042101937,980.93614981223,1079.89090299825,1637.11012732049,781.701212863237,695.804102187433,899.535825993395,754.46660229467,884.275878366743,888.700448142602,1050.92854312413,672.321507949202,639.17729177914,1100.53272874829,845.294440233864,663.396811244741,642.841165150766,743.796738058305
"gene_427",93.7867117613524,71.8137355781032,110.781873829853,143.126873060241,139.047478488373,94.3755132392365,93.9578585764858,96.6602022716026,119.561842828621,123.494146435244,103.013493401568,117.778384646955,94.0706603445039,104.754512145389,115.321924607915,97.1216129129349,46.3744505285884,41.2786015724467,53.3649928831848,44.7587563481338,52.4596959812023,52.722183730747,62.3463708770247,39.8854958859467,37.9192141560547,65.289140843842,50.147120863652,39.3560379562504,38.1365735660435,44.1257662963931
"gene_428",102.512612794565,78.4952743346213,121.089002090976,156.443375004513,151.984434197991,103.156196270109,102.699683082683,105.653452413676,130.685858035869,134.984022556683,112.597852759372,128.73646718317,102.822979909603,114.500855615551,126.051458485262,216.886598222446,103.560850339226,92.181083138039,119.171741731418,99.952771724626,117.150082910447,117.736255991457,139.22845683334,89.0700768002407,84.6790855187684,145.800087475701,111.985768445973,87.8877207228485,85.1644804953363,98.5392134556364
"gene_429",604.426312782145,462.817286024859,713.954869133898,922.408372349916,896.117937669443,608.22095596298,605.529301003746,622.945069238224,770.539050289222,795.88152925084,663.890063039563,759.045214622097,606.256273465389,675.110389672722,743.214090404077,329.363843386482,157.267438244921,139.986131364069,180.974127499865,151.788212467558,177.904037762886,178.794199812701,211.432241674819,135.261759214684,128.593602783649,221.411915584705,170.061513261989,133.466234064246,129.330723271283,149.641583823184
"gene_430",2592.00164170367,1984.7302141157,3061.7002499102,3955.62530103474,3842.882277755,2608.27446296642,2596.73165960777,2671.41685927672,3304.35396525551,3413.0318068455,2847.0040051508,3255.0641837079,2599.84918406725,2895.12087967887,3187.17451859017,4639.55515457035,2215.33410058952,1971.90247314555,2549.27631841064,2138.15146288088,2506.02976615481,2518.56895650479,2978.32189659538,1905.35301546246,1811.42260943187,3118.89970578499,2395.55672637344,1880.06050648145,1821.80599311715,2107.91316504724
"gene_431",8.1267333946366,6.22274810744211,9.59938499458598,12.4021187770002,12.0486342430562,8.17775376354887,8.14156347569829,8.37572486528591,10.360180057406,10.700918979132,8.9262453198586,10.2056412225254,8.1513378869972,9.0771067254925,9.99278595276552,14.2892536662681,6.8229538962748,6.07321471675179,7.85145445319168,6.58524095783416,7.71826044325168,7.75687959222416,9.17286154866141,5.86825065220145,5.57895666731919,9.60582374189665,7.37801720093033,5.79035286574448,5.61093619950493,6.4921107559536
"gene_432",2008.85676667192,1538.20840870453,2372.88324420605,3065.69429762373,2978.31604077135,2021.46855154912,2012.52263181655,2070.40526055847,2560.94506877693,2645.17272278484,2206.48905790434,2522.74443279098,2014.93878001835,2243.78066583839,2470.12848881759,5572.12359151648,2660.62477839622,2368.26245722291,3061.69066685568,2567.92813354481,3009.75139120356,3024.81100705893,3576.9760570259,2288.33630249378,2175.52552344997,3745.81054674147,2877.07284537661,2257.95990189362,2187.99600720648,2531.61182150352
"gene_433",204.723271906769,156.759338708953,241.821333240901,312.425941803324,303.521194121405,206.008543165268,205.096861462395,210.995699716674,260.98677733112,269.570446012535,224.864045488433,257.093737609369,205.343091942085,228.664445854244,251.731628979522,470.565928537634,224.689806098776,199.999803288753,258.559826945951,216.861572923324,254.173554266712,255.445339072273,302.075686582749,193.250038213223,183.723166075888,316.333762003608,242.96884889924,190.684750685178,184.776298633309,213.794659776819
"gene_434",84.3464579440004,64.5852073708817,99.6309443679394,128.720205160308,125.051428675547,84.8759926526924,84.5003776984496,86.9307125993084,107.527151325153,111.063642524707,92.6445028904447,105.923210023772,84.6018252212752,94.210276564535,103.71400896018,159.750123083813,76.2788421412174,67.8969539749869,87.7772096834707,73.6212735892536,86.2881354477623,86.7198874444611,102.550195808242,65.6055092778458,62.3712781016267,107.390600022161,82.4843048832884,64.7346323751679,62.7288009171741,72.5801022614355
"gene_435",1733.42383121524,1327.30573790061,2047.5388949768,2645.35911314654,2569.96122750789,1744.30642315658,1736.58707217355,1786.53345448376,2209.81569532482,2282.49495505449,1903.95889828601,2176.85272161549,1738.67194399829,1936.13748013896,2131.45091263711,1994.30102774446,952.255750047692,847.617281784463,1095.79996625383,919.078988789724,1077.21054534238,1082.60048454321,1280.22412094464,819.011166018714,778.635418982119,1340.65113603654,1029.72398910282,808.139245117982,783.098690150393,906.081133082055
"gene_436",917.271385529685,702.366929138185,1083.49083778581,1399.83780956696,1359.93970629853,923.030098435571,918.945269529861,945.375266902033,1169.36243064963,1207.82192570847,1007.51298394116,1151.91949948585,920.0485157371,1024.54084050405,1127.89434217741,1871.502170138,893.620711190348,795.425344638271,1028.32620870713,862.486805210937,1010.8814292614,1015.93948357263,1201.39446717364,768.580647177844,730.691032145458,1258.10069572498,966.31885228914,758.378163562671,734.879477902209,850.289290981325
"gene_437",1616.96570626486,1238.13219898404,1909.97730376181,2467.6336448625,2397.30128112829,1627.11716354124,1619.91642844725,1666.50721939708,2061.35172031242,2129.14810595298,1776.04356720306,2030.60332681241,1621.86123050999,1806.06026732883,1988.25178716099,3376.63003831585,1612.3019168308,1435.13438284994,1855.34231320282,1556.12902864632,1823.86782857324,1832.99374805933,2167.5981521442,1386.70023553196,1318.33845946779,2269.9095241219,1743.46645988116,1368.29255576001,1325.89540061473,1534.1218444722
"gene_438",95.4770597465272,73.1080575663952,112.778531071645,145.706494596791,141.553575788218,96.0764733822866,95.6512911955997,98.4023400978242,121.716744267573,125.71992104326,104.870138631441,119.901142247112,95.7661260260604,106.642536314458,117.400408640957,221.350714595179,105.692414443981,94.0784206677219,121.624620460626,102.010071753364,119.56135039988,120.159588517963,142.094157336708,90.9033813539718,86.4220115233739,148.801050020092,114.290740290844,89.6966891711368,86.9173972493929,100.567418608692
"gene_439",623.491584237259,477.415818559897,736.474973071935,951.503674191383,924.383966755479,627.405920920492,624.629363746751,642.594473302029,794.843975223595,820.985825805097,684.830985035399,782.987592307252,625.37926692307,696.405231689168,766.657110807338,1676.78939320501,800.647604892601,712.668573009214,921.33822072335,772.752898624925,905.708411894841,910.240221664901,1076.40030118876,688.616822130334,654.669276884238,1127.20676247997,865.782165699008,679.475814129788,658.421952959637,761.824424797843
"gene_440",970.303444194673,742.974283491548,1146.13287653125,1480.76945314543,1438.56464044888,976.395097172035,972.074103822974,1000.03215188251,1236.9691368013,1277.65216813345,1065.76236194748,1218.51774231537,973.241134225935,1083.77468428837,1193.10357018327,2019.66724146322,964.367824671625,858.398423057691,1109.73783007193,930.769076559688,1090.91196380083,1096.37045952738,1296.50774022178,829.428456079872,788.539155766146,1357.70334769661,1042.82140940975,818.4182514069,793.059196844662,917.605896569886
"gene_441",56.9072138273456,43.5746123254918,67.2194137509717,86.8454754059825,84.3702102556469,57.264482474199,57.0110610379126,58.6507693463167,72.5468590129583,74.9328733850752,62.5057727903046,71.4647053241245,57.0795060682602,63.5621753879791,69.9741924990701,112.951873474064,53.9332174521242,48.0067746215975,62.0631777345929,52.0541744752836,61.0103226793453,61.315594412236,72.5084683383679,46.3866007744168,44.0998265075167,75.9308927708492,58.3208112076714,45.7708442677934,44.3526142428014,51.3180107101838
"gene_442",5820.97781216999,4457.2003171716,6875.80167215036,8883.33045014865,8630.13823513253,5857.52243852663,5831.6002318583,5999.32423448843,7420.74032895511,7664.80317767847,6393.64839840505,7310.04798982265,5838.60140053641,6501.70668606676,7157.58503302213,40945.6851263601,19551.0926178065,17402.7239843828,22498.2486372435,18869.9290416549,22116.5827980685,22227.2455066051,26284.7248324675,16815.4019138741,15986.4334673343,27525.3728082032,21141.6198649554,16592.1867403737,16078.0704335432,18603.0655643162
"gene_443",210.775667995974,161.393739086164,248.970488673803,321.662437150066,312.494431365913,212.098936745751,211.160302275263,217.233532552728,268.70253595368,277.53997042476,231.511879204851,264.69440321799,211.413812261471,235.424633814013,259.17377032757,91.884320765641,43.8737039048047,39.052649084812,50.4872806028292,42.3451361855974,49.6308019217711,49.8791349946356,58.984336940261,37.7346667540041,35.8744169520679,61.7684177587389,47.4429326358057,37.2337598931621,36.0800552353483,41.7462801821686
"gene_444",123.616622219317,94.6548957138564,146.017285271923,188.649972519997,183.273080973171,124.392698579036,123.842204189226,127.404058458262,157.589821406676,162.772838065034,135.778084743144,155.239114444609,123.990883818577,138.072853930482,152.001349872848,259.929390419072,124.113287407215,110.475119000508,142.822278726766,119.789158196082,140.399406362697,141.101909942336,166.859401227552,106.746709833685,101.484292992429,174.735221868052,134.210194481074,105.329706215325,102.06601828761,118.095068555728
"gene_445",488.191344750242,373.814621335936,576.656873273961,745.023461393705,723.788842070713,491.256254265469,489.082221424139,503.148828278353,622.359561766554,642.828523196492,536.21984315965,613.076062732827,489.669392525298,545.282430660789,600.289362919365,916.067888458986,437.411856125711,389.346925435738,503.34786338394,422.172348544517,494.808946076512,497.284776030936,588.061777491241,376.206911113938,357.660600994146,615.818493930244,472.996336696392,371.212972142603,359.710772627144,416.201876651371
"gene_446",303.114999854422,232.099196575866,358.042701776927,462.580479601552,449.396035218807,305.017983299852,303.668139695557,312.402009274397,386.419219641795,399.12827175338,332.935598775166,380.655152256093,304.032710616685,338.562503550575,372.715969077663,962.357720500864,459.514717287285,409.021017292358,528.782537329204,443.505142055842,519.812139939394,522.413076072299,617.777130745365,395.217024826965,375.733550997739,646.936421991521,496.897317462055,389.970737095104,377.887319865991,437.23297621116
"gene_447",34.8938391116412,26.7186778191417,41.216978496286,53.251105485227,51.7333452909481,35.1129057965919,34.9575151838649,35.9629363608191,44.4836121152123,45.9466463426709,38.3267117225413,43.8200671237671,34.9994836746117,38.9744668980488,42.9061282535725,54.5854579309292,26.063926889965,23.1998965214909,29.9928356484437,25.1558549987423,29.4840297866376,29.6315563111713,35.0406578163478,22.4169264949124,21.3118131691731,36.6945888148797,28.1842884828732,22.1193541762407,21.4339761211051,24.8000943106351
"gene_448",129.134946304728,98.8803500374111,152.535589103044,197.07142643436,191.454507053131,129.945667203273,129.370598396239,133.091456089318,164.624730559438,170.039120354736,141.839304196138,162.169086554004,129.525915178143,144.23651332925,158.786786126964,248.123978337045,118.476339233194,105.457585960058,136.33560997359,114.348602308255,134.022779058216,134.693376495062,159.281020083059,101.898512806194,96.8751031786214,166.799138549152,128.114667350019,100.545866325785,97.4304078108022,112.731454433801
"gene_449",4700.85484285363,3599.50722587173,5552.70035928548,7173.92306150761,6969.45228554228,4730.36723567357,4709.43320453888,4844.88230183285,5992.77719973367,6189.87536114276,5163.32719466962,5903.38523926446,4715.08714769897,5250.59197066705,5780.26052517724,11259.3970139027,5376.23227356251,4785.46586432346,6186.65221359648,5188.92337613823,6081.70031947983,6112.13076327878,7227.87154193719,4623.9618536694,4396.00902243004,7569.02954357261,5813.60138051026,4562.58131381002,4421.20769673506,5115.54026310459
"gene_450",128.09824974816,98.0865376626095,151.311031967255,195.489335179989,189.91750848008,128.90246217175,128.332010022476,132.022996635199,163.303121682982,168.67404470637,140.70061693561,160.867191610589,128.486079919802,143.078581251383,157.512044323007,309.900138895886,147.973743732132,131.713672961721,170.279489916444,142.818311939777,167.39082664931,168.228384712883,198.937686627639,127.268486840996,120.994384064838,208.327613278393,160.01175489956,125.579067966749,121.687944533261,140.798537977312
"gene_451",88.6208930039733,67.8581992838912,104.679953087989,135.243373664069,131.388674175356,89.1772630034348,88.7826129673569,91.3361102269078,112.976317024896,116.69202739193,97.3394589196782,111.291092607426,88.889201557856,98.9845814846604,108.96993560981,131.186829816177,62.640198889267,55.75699081922,72.0826603835723,60.4578031162861,70.8598323533176,71.2143871706807,84.2142392469595,53.8752560216867,51.2193047979231,88.1891800582401,67.7361260094458,53.1600917525331,51.5129025983706,59.6027930345705
"gene_452",655.378291276525,501.83189525956,774.139894783468,1000.16562837452,971.658960492219,659.492815596972,656.574259288976,675.458143371128,835.494013845826,862.972815160955,719.854721591443,823.031269884431,657.362514134341,732.020900232072,805.865612268973,1362.80938258713,650.725769446788,579.220874075022,748.81698132521,628.054366836447,736.113865354979,739.797090511201,874.843576554214,559.672830714172,532.081987544087,916.136491707605,703.663837255052,552.243482985751,535.131972346048,619.17225753324
"gene_453",322.658798150909,247.064143493155,381.128046772781,492.406056011717,478.371524626377,324.684479333623,323.247602520326,332.544601556562,411.334183567012,424.862671045134,354.402125312312,405.198469214293,323.635679703271,360.391833287883,396.747395186672,725.960749901231,346.637889057419,308.547640979473,398.890515612422,334.560962782469,392.123638517459,394.085671455176,466.024160822778,298.13451028147,283.43702620623,488.020660137638,374.837694470743,294.176939312915,285.061735635377,329.829514046608
"gene_454",43.9531504655417,33.6555133033004,51.9179346183741,67.0764212662333,65.1646126522165,44.2290923283679,44.0333584350502,45.2998120382356,56.0326678384446,57.8755422590546,48.2772824681332,55.1968500095053,44.0862229932521,49.0932110509074,54.0456298027104,368.684575763556,176.042634657723,156.698218371778,202.579520373079,169.909277667261,199.142911422333,200.139344468299,236.673842286775,151.409832361534,143.945605567167,247.844928353461,190.364115945576,149.399950458422,144.770726356006,167.506376174081
"gene_455",16.3754827980442,12.538925499541,19.3428966126033,24.9904448478772,24.2781685095399,16.4782895634321,16.4053656212557,16.8772041350784,20.8759094308,21.5625031801449,17.986510641894,20.5645114915141,16.4250611983485,18.2904985092058,20.1356051106641,30.0094020075937,14.3291435042501,12.7545879001137,16.4891364190944,13.8299135725349,16.2094106417623,16.2905161769969,19.2642734325305,12.3241351169343,11.7165778789237,20.1735537080677,15.4948529414331,12.1605390297007,11.7837393038512,13.6343273136193
"gene_456",794.511800370252,608.368278127265,938.485893917618,1212.49575191223,1177.93726207027,799.499817472769,795.961666365824,818.854503891569,1012.86518332224,1046.17759570376,872.676251974491,997.756661611774,796.917263743213,887.425249040849,976.946821374263,1582.51309896311,755.631761228029,672.599288006432,869.536632792739,729.305415033801,854.785598878976,859.062610859248,1015.88045777361,649.899829760175,617.860961165649,1063.8303618171,817.104177554762,641.2727684505,621.402645690581,718.99138689579
"gene_457",200.736883875926,153.706908246447,237.112568773357,306.342358714164,297.611004995942,201.997128229015,201.103198865651,206.887174466585,255.904821793429,264.321348587291,220.485474693071,252.08758765453,201.344634725619,224.211873357026,246.829890435575,519.519453881134,248.064550104287,220.806017349804,285.458108937052,239.421936652005,280.615527167535,282.019617237747,333.500974479684,213.354066298517,202.83610248128,349.242334205961,268.245183161759,210.521908900807,203.998793653579,236.035968934528
"gene_458",371.981210894838,284.830972507052,439.388211810719,567.676449602104,551.496565436607,374.316542655668,372.660021339714,383.378182378577,474.211732525372,489.808217674783,408.576900654419,467.138097875677,373.107420949642,415.482210035188,457.395172010422,970.662774231483,463.480284701338,412.550828975894,533.345879307743,447.332548389385,524.29806825904,526.92145021835,623.108487428114,398.627709395209,378.976095077718,652.519420527801,501.185493087617,393.336146709377,381.148450762278,441.006254362181
"gene_459",76.6773424215188,58.7128633691979,90.5721025315821,117.016452003212,113.681255272404,77.1587297277814,76.817267179535,79.0266263622981,97.750354937764,100.965294287783,84.2208961082676,96.2922503606681,76.9094906899838,85.6443034105936,94.2839186469225,198.62269700843,94.8400480594313,84.4185647988125,109.136354868775,91.5358037616107,107.284938825815,107.821750593891,127.504105017115,81.5695345946038,77.5483062752218,133.522342255501,102.555508443576,80.4867440725492,77.992826407634,90.2412804574214
"gene_460",6.79211600737531,5.20081378064106,8.022920565564,10.3653738076638,10.0699404711961,6.83475752735182,6.80451060998849,7.00021671295686,8.65877362897593,8.94355450859958,7.46032763456757,8.52961402164268,6.81267981306457,7.58641374055172,8.35171502892508,13.063149614276,6.23750334622076,5.55209630519988,7.17775235902174,6.02018761003016,7.05598719757884,7.09129259090351,8.38577476471503,5.36471939222004,5.10024857412909,8.78158619333488,6.74493887528736,5.2935057051462,5.12948406978854,5.9350485405457
"gene_461",163.323138196313,125.058704372332,192.919049504575,249.245651429873,242.141665045171,164.348495662597,163.621178658709,168.327125210013,208.208764467542,215.056602005643,179.390946787009,205.102994133973,163.817615215667,182.42281174484,200.825237137324,293.422176585476,140.105706690149,124.710213890804,161.225415184256,135.22439872062,158.490347474106,159.283371029713,188.359802687188,120.501386519775,114.560889367175,197.250449608672,151.503634587477,118.901797164919,115.217571945516,133.312019867262
"gene_462",4749.30922266046,3636.6093904929,5609.93519447112,7247.868759545,7041.29038720216,4779.12581646905,4757.97600639002,4894.82125443192,6054.54815677035,6253.67792083288,5216.54853957836,5964.23478261171,4763.68822795233,5304.71280316715,5839.84095219152,10186.8014305255,4864.08024759585,4329.59158045746,5597.29775420572,4694.6148186856,5502.34381450506,5529.87538551547,6539.32817824487,4183.47280653601,3977.23527672031,6847.98669830627,5259.78458583186,4127.93951550151,4000.03346841218,4628.22234669936
"gene_463",8.48656436431421,6.49827547825978,10.0244212106368,12.9512528766288,12.5821169515982,8.53984378467157,8.50205108343571,8.74658054046011,10.8189023330193,11.1747283027212,9.32147663274315,10.6575209137808,8.51225828066777,9.47901779557346,10.4352409570773,19.2902522876825,9.21087308548992,8.19873779412056,10.5993315511538,8.88996461387456,10.4195218763479,10.4716570783825,12.3832089209368,7.92203975184153,7.53149773446091,12.9677006049393,9.96019921773685,7.81687904936522,7.57466956542653,8.76424040659006
"gene_464",19.6492750080552,15.0457118415723,23.2099352233337,29.9865432638252,29.1318683924747,19.7726349376958,19.6851320156649,20.2513006490929,25.0494284967302,25.8732863069744,21.5823800981367,24.6757757732391,19.7087651393725,21.9471413254902,24.1611222797227,172.119560857374,82.1851060807455,73.1542090618411,94.5737911956296,79.3217622329765,92.9694180747419,93.4346005900136,110.490648317634,70.6853380062991,67.2006805987427,115.705844597858,88.8710572491317,69.7470291827679,67.585886373991,78.1999731021642
"gene_465",14.3978068571615,11.024592664852,17.0068444955752,21.9723352667963,21.3460809282353,14.4881975937229,14.4240807156029,14.8389350361485,18.3547145240904,18.9583879738639,15.8142699943601,18.080924282859,14.4413976471657,16.0815450820294,17.7038171582972,15.7661515421471,7.52815560603353,6.70092545129501,8.66295914583024,7.26587331344385,8.51599857012309,8.5586092878939,10.1209432367156,6.47477686594073,6.15558225211339,10.5986552089428,8.14058872403063,6.38882777897213,6.19086710060605,7.16311743057603
"gene_466",64.8820542802479,49.6810539823822,76.6393811671947,99.0157920291162,96.1936491575755,65.2893896983568,65.0004543898246,66.8699474877019,82.7134018302336,85.4337865335653,71.2651818680429,81.4795977190094,65.0784911425586,72.4696261919569,79.7802080016707,119.35753884251,56.9918488197684,50.7293087787223,65.5828709990123,55.0062425770664,64.470306999079,64.7928911368657,76.6205292566033,49.0172525113165,46.6007919428404,80.2370443667245,61.6282694119698,48.3665755557571,46.8679156390231,54.2283298919126
"gene_467",355.648078736038,272.324475456606,420.095340229223,542.750635600678,527.281185668548,357.880869612631,356.297083641326,366.544626445666,453.389812837659,468.301479921809,390.636907127949,446.626770782946,356.724838611303,397.239014821616,437.311642051282,675.665914132523,322.622684786766,287.17134352538,371.255229579188,311.382452539243,364.957164292858,366.783266845373,433.737830417145,277.479638466939,263.800401656276,454.210403926544,348.868796998129,273.796249514331,265.312550600683,306.978800364217
"gene_468",121.309434299282,92.8882511636137,143.292010056928,185.128998318479,179.852461392265,122.071025924101,121.530805994014,125.026181605125,154.648555695461,159.734836225547,133.243914570066,152.341722466627,121.676710658004,135.495854050094,149.164387723588,118.017227213541,56.3518654683156,50.1596498937866,64.8464157611311,54.3885563604527,63.7463451695033,64.065306886156,75.7601279164256,48.4668189635225,46.077493758529,79.3360317898755,60.9362219136119,47.8234487093135,46.3416178201696,53.619379155507
"gene_469",94.1083849439538,72.0600450226297,111.161837656926,143.617774979164,139.524388746746,94.6992059152369,94.2801187648547,96.991731059761,119.971920522764,123.917711291826,103.366812946001,118.182345369317,94.3933074246087,105.113803101227,115.717460071476,204.337922200378,97.5690022023296,86.8476482594291,112.276674953528,94.1696806523335,110.371985746076,110.924243886528,131.172943896287,83.9166392610496,79.7797029901613,137.364351580921,105.506469407544,82.8026922208202,80.2370138695392,92.8379083715111
"gene_470",13.1584720080542,10.0756174478406,15.5429288266253,20.0809999347861,19.5086523359031,13.2410820880915,13.1824842645233,13.5616287424619,16.7747768585282,17.3264872870438,14.4530087889806,16.5245539418671,13.1983105887333,14.6972773636627,16.1799074556478,22.3459431926296,10.6699302659875,9.49746671357264,12.2783288258582,10.2981879803084,12.0700362271521,12.1304299558409,14.344783000397,9.17693805266823,8.72453185265732,15.021861649888,11.5379541225047,9.05511926831085,8.77454235889086,10.1525483094518
"gene_471",170.251858346705,130.364117766513,201.103328354826,259.819495323222,252.414133798687,171.320714946157,170.562542693979,175.468131421259,217.041684761545,224.180030738688,187.001317745635,213.80415714159,170.767312754356,190.161804673743,209.344923218717,280.256821632152,133.819401472776,119.114678300129,153.991504499323,129.157109505388,151.379154634309,152.136596569203,179.908418098019,115.094693868381,109.4207367385,188.400156784795,144.705923694341,113.566875372434,110.047955084327,127.330535844749
"gene_472",1174.86052548691,899.606367831267,1387.75790362872,1792.94177327311,1741.83944160623,1182.23640636302,1177.00447139765,1210.85656914227,1497.74404983138,1547.00378177941,1290.44386690909,1475.40277592227,1178.4175323949,1312.25350452016,1444.63084802221,2183.60590340695,1042.64664583214,928.075588682625,1199.8164980997,1006.32064954022,1179.46251508588,1185.36408305089,1401.7467319567,896.754096896463,852.54576607928,1467.90965573013,1127.46839629708,884.85018152464,857.432703976802,992.088999423185
"gene_473",4774.74473961046,3656.08570493271,5639.97990098266,7286.68562322808,7079.00089468797,4804.72101990011,4783.45793937952,4921.03607918797,6086.97404336694,6287.17027167755,5244.48641487312,5996.17698468672,4789.20075345571,5333.12285315422,5871.11694761756,10139.0774715768,4841.29260736918,4309.30795637197,5571.07507674734,4672.62110393472,5476.56598501503,5503.968573874,6508.69219975261,4163.8737316111,3958.60240021143,6815.90469118166,5235.14311761781,4108.60060747194,3981.29378507371,4606.53967282124
"gene_474",1972.75792917187,1510.56704755412,2330.24290863792,3010.60425730289,2924.79617386829,1985.143082275,1976.35791930124,2033.20040638464,2514.92529204716,2597.63938847073,2166.83879947458,2477.4111154314,1978.73064970305,2203.46028312835,2425.74067162652,5340.47505723454,2550.01527376713,2269.80726002558,2934.40774791942,2461.17228391099,2884.62773109903,2899.0612772195,3428.2713043113,2193.20385582229,2085.082931766,3590.0868789873,2757.46499807966,2164.09028591141,2097.03498314452,2426.36574104777
"gene_475",31.0211452320015,23.7533044840037,36.642510784404,47.3410297943041,45.991718265027,31.2158987937293,31.0777542132585,31.9715886878726,39.546596963865,40.8472562895463,34.0730203634531,38.9566955350846,31.1150648296816,34.6488844095361,38.1441902004102,43.9512016080564,20.9861920896226,18.6801277840765,24.1496767884605,20.255029390278,23.7399957147962,23.8587813450372,28.214089879286,18.0496947933932,17.1598779736685,29.5458045431854,22.6934680452408,17.8100950635995,17.2582413241453,19.9685774611396
"gene_476",54.5426507593042,41.764034859484,64.4263663933349,83.2369416198353,80.8645267087654,54.8850744648769,54.6421829935736,56.213759452821,69.5324499075522,71.8193225174095,59.9085828746683,68.4952610039268,54.7077840507223,60.9210906758935,67.0666807765437,119.544677100168,57.0812051804326,50.8088462302237,65.685697048627,55.0924857460859,64.5713886822257,64.8944785931213,76.7406610261162,49.094105664616,46.6738563767606,80.3628463967259,61.724895122185,48.4424085258915,46.9413988907538,54.3133533874543
"gene_477",467.305433477518,357.822000619435,551.986209978674,713.149701078008,692.823545987042,470.239219348538,468.158196466349,481.623002600773,595.733635832865,615.326889577962,513.279165928602,586.847305530628,468.720247082164,521.954035784835,574.607649167745,1040.9563488746,497.044656235067,442.426985000994,571.969785954826,479.727531194201,562.266749427005,565.080111779577,668.232833529123,427.495579255956,406.420831946703,699.773651153127,537.480404980466,421.820811541035,408.750505548997,472.94309883799
"gene_478",151.395460390109,115.925522454032,178.829948042394,231.04295303891,224.457779001755,152.345934813922,151.671734612595,156.034000440782,193.003037425905,199.350769463183,166.289818323181,190.124085094292,151.853825180451,169.100262674181,186.158737642014,279.766490968372,133.585274233452,118.906278094429,153.722084628728,128.931139301107,151.114305268853,151.870422001368,179.593654612329,114.893326931751,109.229296822199,188.070536355238,144.452749654884,113.368181470675,109.855417801738,127.107761370263
"gene_479",206.656645923341,158.239748969556,244.10505544789,315.376442703196,306.38760000056,207.95405507917,207.033763599307,212.98830954379,263.451494943639,272.116226426761,226.987625767117,259.521689973983,207.282319440482,230.82391650949,254.108942443134,487.828450484007,232.932461322371,207.336715683307,268.044990270409,224.817052559404,263.497808940977,264.816248660941,313.157211726964,200.339338189021,190.462976576615,327.938338913662,251.882063460784,197.679944119116,191.554742878602,221.637630936852
"gene_480",5.96646533348987,4.56860205191379,7.04765309894619,9.10535736211445,8.84583694778736,6.00392334369331,5.9773532462896,6.14926928506828,7.60621176548266,7.85637463726964,6.55344905178154,7.49275282002234,5.98452939977443,6.66420811119282,7.33647925641421,126.748390147731,60.5208951148025,53.8705663954272,69.6438901220922,58.412336265731,68.4624339920867,68.8049931680564,81.3650216795754,52.0524962689784,49.486403755007,85.2054784500325,65.4444119014943,51.3615281288578,49.7700682707955,57.5862537117933
"gene_481",61.1213585515437,46.8014391245963,72.1972068771962,93.2766354890077,90.6180697538652,61.5050839809736,61.2328959501396,62.9940294286118,77.919164958109,80.4818706352794,67.1345070916422,76.7568746406851,61.3064095340877,68.2691393746977,75.155985005107,300.948968226803,143.699662928527,127.909248832282,165.361128856276,138.693140878551,162.555901879302,163.369267875072,193.19156082124,123.592457683447,117.499576396718,202.310268374382,155.389967596501,121.951836066048,118.173104030872,136.731706165353
"gene_482",23.9401649858032,18.3313035045024,28.2783806694458,36.5348234372822,35.4935098304971,24.0904635116786,23.9838522301274,24.6736573495783,30.519571371766,31.523338273802,26.2954098878402,30.0643226237026,24.0126462126259,26.7398254685518,29.4372822092216,40.2134186093124,19.2014437976308,17.0914962679614,22.095893319011,18.5324620491348,21.7210531346972,21.8297367678832,25.8146527395173,16.5146777776378,15.7005344789791,27.0331131521613,20.7635262930569,16.2954545509602,15.7905326233714,18.2703711183654
"gene_483",32.543022177474,24.9186259511074,38.44016822,49.6635495233485,48.2480416594968,32.7473302206184,32.6024083580521,33.5400937630498,41.4867269539438,42.851195769148,35.744620292016,40.8678853497493,32.6415494087333,36.3487358487671,40.0155190387097,11.5577353892135,5.5186854084691,4.91226555966281,6.35057891124632,5.32641341825487,6.24284612419749,6.2740828784189,7.41938725544426,4.74648220402383,4.512489344421,7.76958486406809,5.96764341210614,4.68347527417973,4.5383557038199,5.25108588504574
"gene_484",39.2305307140527,30.0393403967127,46.3395253146436,59.8692830161675,58.1628918756649,39.4768235419897,39.3021206041514,40.4324979821425,50.0121441431087,51.6570078398888,43.0900491226883,49.2661321584784,39.3493050414957,43.8183088944672,48.238606731906,89.1893203330133,42.5868722667279,37.9072207320545,49.0064703630292,41.1031379927725,48.1751125121276,48.4161618859536,57.2543049582245,36.6278953007277,34.8222072997521,59.956727677173,46.0514142253389,36.1416802196739,35.0218141376478,40.5218466529868
"gene_485",61.2946749418227,46.9341497953204,72.4019300636685,93.5411317329303,90.8750273398218,61.6794884672613,61.4065286170814,63.1726559848342,78.1401133912611,80.7100859045727,67.32487443144,76.974527270749,61.4802506569491,68.4627240901601,75.3690981350772,38.2427630701628,18.2604784957972,16.2539287853248,21.0130857371784,17.6242801473168,20.6566145677622,20.7599721677194,24.5496076333902,15.7053772415168,14.9311309736664,25.7083574856179,19.7460112566154,15.4968970324912,15.0167187657959,17.3750329627978
"gene_486",144.152903723342,110.379800255134,170.274962119602,219.990166677089,213.720018572691,145.057908719888,144.415961355934,148.569542211832,183.770029832327,189.814094845065,158.334735461326,181.028802735994,144.589340954169,161.01073190736,177.253152210906,282.357203760567,134.82230972547,120.007382142542,155.145592389475,130.12507625454,152.513664292832,153.276782869222,181.25674005473,115.957269975071,110.24078942655,189.812119997668,145.790420886,114.418001257695,110.872708454403,128.284813354685
"gene_487",532.176868647954,407.494923407858,628.613047739012,812.14928740001,789.001451331711,535.517923269349,533.148012368064,548.482005624349,678.433500134013,700.74669334278,584.532683973721,668.313567654685,533.788086964501,594.411801024991,654.374799710015,912.325111427228,435.624723240527,387.756171357066,501.291335864755,420.447479689836,492.787305997414,495.253020457556,585.659134475611,374.669843169689,356.199307677973,613.302445344924,471.063816358767,369.696307926414,358.241102928178,414.501401343667
"gene_488",50.9583884104201,39.0195173928701,60.1925971114184,77.7670381272305,75.5505261164287,51.2783097920653,51.0513798984143,52.5196804395893,64.9631350913522,67.099726200804,55.9716990785311,63.9941049054311,51.1126699916492,56.9176700771007,62.6594036195752,25.5030617231875,12.1774179684364,10.8393043749459,14.0130570996321,11.7531545406156,13.7753361426113,13.8442625234388,16.3714676579649,10.4734902245818,9.95716638255947,17.1442065144351,13.1680794857921,10.3344604262095,10.0142425603823,11.5869383517002
"gene_489",27.5402699350608,21.0879518614388,32.530863401517,42.0289041487063,40.8309985438402,27.7131702461449,27.5905268360522,28.3840643577664,35.1090827644349,36.26379541785,30.2496948869665,34.5853740340773,27.6236508371183,30.7609413659863,33.8640397289361,63.8214293631505,30.4739967747286,27.1253665940167,35.0676849530122,29.4122772571299,34.4727880958693,34.645276410919,40.969608984396,26.2099164331336,24.9178156661823,42.9033884999566,32.953127897845,25.8619942678462,25.0606488401273,28.9963211309588
"gene_490",3636.49531540238,2784.51294545687,4295.46742441361,5549.61565041497,5391.44079843778,3659.32556262841,3643.13137908123,3747.91232302674,4635.90281801863,4788.37435023967,3994.25546692857,4566.75083261429,3647.50516608435,4061.76190133735,4471.50380607206,7226.87424543763,3450.74913934776,3071.56413124051,3970.91935675717,3330.52441993646,3903.55570134427,3923.08756351205,4639.22878207951,2967.90234778182,2821.59021017585,4858.2019626681,3731.47567655467,2928.50508324509,2837.7640470278,3283.42327153766
"gene_491",1190.49803556056,911.580217776943,1406.22909891276,1816.80600603334,1765.02349726553,1197.9720901424,1192.67051760393,1226.97319012573,1517.67917162575,1567.59455548978,1307.61980271637,1495.04053314593,1194.10238658314,1329.71972876631,1463.85902783469,2053.36456921985,980.457910205898,872.720452159177,1128.25335511296,946.298580625837,1109.11338690813,1114.66295541924,1318.13944536822,843.267133046754,801.695611362039,1380.35607670283,1060.22046114614,832.07322757995,806.291067490406,932.915778323345
"gene_492",553.832271846424,424.076754350917,654.192643182896,845.197360911134,821.107590398174,557.309281052088,554.842933460042,570.800899358076,706.040395236533,729.261559505389,608.318556114866,695.508661284626,555.509054046599,618.599675349232,681.002695369292,1285.411169544,613.769014980745,546.325106564545,706.289319723047,592.385192329598,694.307653493873,697.781696757917,825.158469904149,527.887257809009,501.863385034787,864.106231079992,663.700564120537,520.879846006186,504.740151647545,584.00752583175
"gene_493",4473.91963193742,3425.73990932941,5284.64204450799,6827.59972299082,6632.9998365171,4502.00730493232,4482.08387057837,4610.9941211114,5703.47404035982,5891.05722750874,4914.06598896933,5618.39750422969,4487.46486789638,4997.1180311112,5501.21667351994,11488.3971082148,5485.57717863775,4882.79542228329,6312.4799056692,5294.45868509365,6205.39343954826,6236.44279522067,7374.87615175206,4718.00665014282,4485.41758307412,7722.9728211024,5931.84175011317,4655.37771754985,4511.12876251466,5219.58306408779
"gene_494",19.8674257263323,15.2127527549843,23.4676172008143,30.31946068439,29.4552970183129,19.9921552259568,19.9036808265923,20.4761351929035,25.3275329467291,26.1605374136815,21.821992588603,24.9497318457542,19.9275763306121,22.1908034780287,24.4293645521496,52.2863561097477,24.9661322748555,22.2227328891682,28.729558107583,24.0963077450732,28.2421827975731,28.3834956066946,33.5647694890409,21.4727410198182,20.4141743047721,35.1490380552149,26.9971857006327,21.1877022418683,20.5311918374677,23.7555314516553
"gene_495",4992.72082180135,3822.99289716522,5897.45559643771,7619.33653357548,7402.17060636888,5024.06557569378,5001.83179553584,5145.69063631282,6364.85586254854,6574.19142539876,5483.9070884714,6269.91374728312,5007.83677988109,5576.58994695075,6139.14448419129,9501.35497551964,4536.78746729411,4038.26331410344,5220.66845310483,4378.72497759738,5132.10374576533,5157.78278064077,6099.31181506477,3901.97653664106,3709.61625619215,6387.20141272925,4905.86577009357,3850.17995312305,3730.88040996424,4316.79990245523
"gene_496",1606.2582645669,1229.93336812224,1897.32955833021,2451.2931354244,2381.42650802662,1616.3424995537,1609.18944725898,1655.4717170226,2047.7015833437,2115.04902572976,1764.28272226046,2017.15680370478,1611.12137096901,1794.10065375106,1975.0857131933,3429.94856979656,1637.76090094617,1457.79581063526,1884.63901625037,1580.70101718531,1852.66753512413,1861.9375570496,2201.82551759472,1408.59686599593,1339.15562624524,2305.75243289393,1770.99659207565,1389.89852054776,1346.83189494654,1558.34632951543
"gene_497",243.336997858311,186.326383475652,287.4322821283,371.353925830659,360.769615862271,244.864689588536,243.781051726982,250.79249492188,310.21260204063,320.415272934328,267.276608300538,305.585279559845,244.0737247834,271.793818322939,299.211800843799,601.972612031205,287.434982584482,255.850236258296,330.763289379423,277.420696197746,325.152139354158,326.779073169202,386.431058977093,247.215582819316,235.028308396748,404.670736741918,310.818492678849,243.933932491024,236.375530789954,273.49734007332
"gene_498",508.717787812255,389.531992450997,600.902928847994,776.348641212256,754.221193269577,511.911564197678,509.64612219514,524.30417215414,648.527227879594,669.85682515621,558.76568752518,638.853395800472,510.257981432017,568.209319648141,625.529067721997,4240.79560436117,2024.93101234432,1802.42179729384,2330.17163181435,1954.38205240678,2290.64202550509,2302.10350005315,2722.34168722238,1741.59211897068,1655.73482452339,2850.83714323496,2189.66390025449,1718.47344544779,1665.22577924295,1926.74266969356
"gene_499",147.372569963557,112.845141620474,174.078066551979,224.903664043668,218.493471697001,148.29778831661,147.641503008693,151.887854413864,187.874547644537,194.053607316228,161.87115400893,185.072095029253,147.818755053648,164.606919042302,181.212115058025,321.982072514094,153.742727751884,136.848733110463,176.918097762968,148.38630352077,173.916815514883,174.787027067936,206.69357835637,132.230244571022,125.711536247008,216.449585741642,166.250059302125,130.474961103217,126.43213623716,146.287785563464
