"gene","SE_Intercept","SE_batch_B_vs_A","SE_batch_C_vs_A","SE_condition_treated_vs_control"
"gene_0",0.129032175214823,0.156634799930278,0.158633879102767,0.12858852911112
"gene_1",0.0769046872024238,0.0941848238934272,0.0941680713050745,0.0768917523124773
"gene_2",0.0824819891122627,0.101178109011537,0.100668282015309,0.0823769154826784
"gene_3",0.41755845973101,0.500589279181594,0.515569819806945,0.413439038614865
"gene_4",0.243100044470843,0.292392203660026,0.299491999246707,0.241370698658327
"gene_5",0.14765217831622,0.179735768508961,0.182274691862506,0.147937955943789
"gene_6",0.185680157405549,0.225354287335205,0.2269520896687,0.184363228771479
"gene_7",0.0948995577570479,0.116185151598304,0.116188403593497,0.0948576710671495
"gene_8",0.16603745017572,0.203673610260434,0.201514285731833,0.165163780618283
"gene_9",0.102984239699768,0.126004835936734,0.126257465916281,0.102962962844119
"gene_10",0.0953985769900711,0.116811027126278,0.116844471410613,0.0953829773099783
"gene_11",0.222042036746281,0.270597283501286,0.271959677715647,0.221258086685307
"gene_12",0.0973959411269661,0.119269816403712,0.119191799497882,0.0973331077700719
"gene_13",0.190029297142238,0.227118039166589,0.239759877668608,0.190725147235296
"gene_14",0.092867677570188,0.11372290349986,0.113731093796091,0.0928535529662908
"gene_15",0.0996045738853385,0.121905180243878,0.121950927636996,0.0995526600107804
"gene_16",0.0851774486330254,0.10428915522699,0.104365532230329,0.0851904015312136
"gene_17",0.117872726945362,0.144780515430024,0.144200903214558,0.117980379610988
"gene_18",0.463191059302164,0.574789476508295,0.575357531109955,0.471467194276568
"gene_19",0.111402172207509,0.135944015632541,0.136788584257781,0.111325415683138
"gene_20",0.125338350327051,0.15466283842895,0.153298354311777,0.126042839516627
"gene_21",0.0834622024265088,0.102124976391017,0.102263680095315,0.0834411469596203
"gene_22",0.0929234247235832,0.113672586072884,0.113634430427654,0.0927963858651852
"gene_23",0.0947931171366963,0.115845217032214,0.115814914381816,0.0944707781072119
"gene_24",0.0875712036442217,0.107205126720192,0.107257573049439,0.087542864438565
"gene_25",0.157210964612821,0.191181515324496,0.190977289839917,0.155795695441185
"gene_26",0.077596023721216,0.0950061183415216,0.0949705901185458,0.0775452595678001
"gene_27",0.223286010796417,0.271610313157099,0.273893046237926,0.222596053432365
"gene_28",0.0939169799921843,0.115055923866175,0.114887474651621,0.0938635554970922
"gene_29",0.119278952071719,0.145621604668313,0.144982885897319,0.118384065641881
"gene_30",0.0844916343534814,0.103465181542824,0.103478452864553,0.0844863186497663
"gene_31",0.137371669639125,0.168670343139719,0.168461290583646,0.137622042349434
"gene_32",0.163453073321232,0.199928282216408,0.198977188028449,0.162648813636397
"gene_33",0.171277359116934,0.209340058308318,0.20858283501434,0.170158773571626
"gene_34",0.142940034745701,0.17506592026889,0.175127359767711,0.142956242964068
"gene_35",0.0880431997836217,0.107808161150555,0.108029684371767,0.0881247313046963
"gene_36",0.16823879699603,0.206377939663792,0.205722542323408,0.168221484927313
"gene_37",0.104764138858939,0.128345181208759,0.128452431664213,0.104845600840996
"gene_38",0.0917257002644207,0.112336688602775,0.112127567507541,0.0916064600744589
"gene_39",0.168143246860232,0.205721513057567,0.207985145385447,0.169449675542077
"gene_40",0.110989608558894,0.134793874773311,0.13712669978194,0.110923658934922
"gene_41",0.0844218004224783,0.103316989133707,0.103291569270515,0.0843171196588212
"gene_42",0.0939530761867427,0.115035071725586,0.115095946986928,0.0939491259294769
"gene_43",0.10224209601153,0.12562024384561,0.124929450758553,0.102295270449827
"gene_44",0.0943118097294908,0.115355194389801,0.115202643597086,0.0940539481005125
"gene_45",0.153895983250239,0.188851710004618,0.18773972024661,0.153443772630443
"gene_46",0.107670544218669,0.131444874391868,0.131671448794986,0.107372628019246
"gene_47",0.157197792965868,0.192107920209375,0.193042599684127,0.157381949431321
"gene_48",0.424296832279712,0.515186118843793,0.514186927047278,0.4179374252552
"gene_49",0.0965194509756731,0.118279561228987,0.118357673903699,0.096685475192356
"gene_50",0.355733128281332,0.430501428023178,0.434881068444656,0.351273295107281
"gene_51",0.193327156820237,0.236196094139618,0.238324937170344,0.193621250589199
"gene_52",0.374594789598043,0.452798466732167,0.464251385978915,0.373798646957074
"gene_53",0.0823993655493331,0.100905415710995,0.100912889144658,0.0823890416808611
"gene_54",0.0745048297595648,0.0912109382861457,0.0912633815860597,0.0745040665022792
"gene_55",0.118334839284956,0.143512598303114,0.144025621827194,0.116969101171632
"gene_56",0.10673307931627,0.131197748696899,0.130342303883746,0.10688527186361
"gene_57",0.103242666825808,0.125834970178654,0.126390426611975,0.102920295746209
"gene_58",0.101382446805577,0.123845124557539,0.123752819588266,0.101073908022341
"gene_59",0.177294027265372,0.217655376531104,0.220161712472309,0.178835658994836
"gene_60",0.0913187179993898,0.111656728251053,0.111551488269256,0.0911209461643499
"gene_61",0.103937542443554,0.12688745538066,0.127315192382677,0.103784727887136
"gene_62",0.0829998132990668,0.101720534128692,0.101662176438537,0.0830509316174464
"gene_63",0.074247143251485,0.0909010547230921,0.0908716561390366,0.0742028675377808
"gene_64",0.230333953397948,0.280285992564228,0.288464263367803,0.232659148672528
"gene_65",0.0726752576290459,0.0889891085620256,0.0890509610626278,0.0726925585779086
"gene_66",0.0896784313567114,0.109643203029972,0.11000972120184,0.0896710496526861
"gene_67",0.127225659464673,0.154959015292374,0.156284587755686,0.127033607428306
"gene_68",0.087094937564507,0.106648198835463,0.106688246753182,0.0870954143905898
"gene_69",0.111123024202588,0.136072830093137,0.136044937740594,0.111097200528658
"gene_70",0.101066726522178,0.123516925938743,0.124507186094905,0.101410822614887
"gene_71",0.0868085827062439,0.106224430303597,0.106320463565189,0.0867436300856708
"gene_72",0.264880465435009,0.325282306531468,0.32065755575705,0.264030912078651
"gene_73",0.0846215021247099,0.103626637249875,0.103677652454327,0.0846337868065738
"gene_74",0.112538276529602,0.137929086410139,0.137439266713185,0.112224917566075
"gene_75",0.0664966356231334,0.0813293365557968,0.081642899344375,0.0665412324889841
"gene_76",0.20617557884555,0.252251096571804,0.253093470037476,0.206434896000916
"gene_77",0.114307466641909,0.140699435185409,0.140395933933197,0.114908230642199
"gene_78",0.091748919897525,0.112327229291833,0.112392202312047,0.0917390414744426
"gene_79",0.12575364494961,0.153598870692151,0.154174838524764,0.125726598534626
"gene_80",0.162860254773053,0.196716482854072,0.198067349239366,0.160523780707945
"gene_81",0.126957654589338,0.155009848778949,0.155412706494807,0.126576446950227
"gene_82",0.101717828415898,0.124946106557075,0.124774927767953,0.102009217370925
"gene_83",0.118889479766312,0.145157418524318,0.145411302574916,0.118652131046246
"gene_84",0.09057356276332,0.111038849781367,0.110777137514856,0.0905600633721059
"gene_85",0.153710668504767,0.186214595423141,0.187765812824096,0.152110269982147
"gene_86",0.208349231739987,0.257428952287621,0.25349231917926,0.20857082270032
"gene_87",0.108354309887629,0.13362401105616,0.132677591768634,0.108856402349087
"gene_88",0.285749442218307,0.347494423780312,0.350229476422812,0.284428932475527
"gene_89",0.173054296317607,0.211583526341314,0.21248364420652,0.173375028101233
"gene_90",0.176544583376458,0.215061190806573,0.219011818885585,0.177353106903261
"gene_91",0.0837089933317669,0.102506672655095,0.102531199028553,0.0837054435472791
"gene_92",0.248840260260578,0.304960328196146,0.3066197787755,0.249521935890007
"gene_93",0.0975572627714784,0.119153102748634,0.119449697259154,0.0973626850138039
"gene_94",0.0863319427470478,0.105617466103939,0.105742504320559,0.0862889242613129
"gene_95",0.07606985830775,0.0931198772092362,0.09321869819453,0.0760580449245861
"gene_96",0.0902938558230219,0.110655847764944,0.110536551940258,0.0903047214397838
"gene_97",0.320173256165383,0.39242568500612,0.384046883155868,0.316113019252091
"gene_98",0.157275948518675,0.193303754950396,0.191869390194867,0.157188141547357
"gene_99",0.194639999751008,0.240577438132435,0.240447030003805,0.196740537496869
"gene_100",0.401574015448636,0.485508789780451,0.492123752912108,0.39840345510935
"gene_101",0.239096545730813,0.292008202469234,0.293015239242136,0.238852665779563
"gene_102",0.0806443187341928,0.0987842009490334,0.0992860734848585,0.08093447436378
"gene_103",0.0734558857876001,0.0900137209001468,0.0899376743456739,0.0734685466975561
"gene_104",0.107329246934924,0.131003576319726,0.131537069639845,0.107165824634267
"gene_105",0.199562339847421,0.243742565052573,0.245247422808589,0.199359191629254
"gene_106",0.118837242758689,0.145838126147009,0.14528806494663,0.118854090690742
"gene_107",0.098836701460985,0.121074685030861,0.12110601405083,0.0988909917780387
"gene_108",0.0939223342961453,0.114825978504726,0.115119351761834,0.093876492272766
"gene_109",0.148921483009814,0.181229980508823,0.18294794127757,0.148806122848573
"gene_110",0.0992578036191454,0.120898413602277,0.122593550654025,0.0994334401228618
"gene_111",0.118086308537647,0.14559104954362,0.143791728532146,0.118101169838376
"gene_112",0.0869730635350189,0.107253505525233,0.106901238293387,0.0874787545470641
"gene_113",0.127326995466284,0.154877005767086,0.155318430504937,0.126664935470611
"gene_114",0.087638752478,0.107380365840919,0.10738946319553,0.0876866489868609
"gene_115",0.0871597429836678,0.10663477368709,0.106823139177278,0.0871251776462028
"gene_116",0.0817179302854251,0.0999821706407849,0.100001142890713,0.0816002992966513
"gene_117",0.16269238495306,0.200497036225198,0.199312134458966,0.163192576354703
"gene_118",0.0782805672195445,0.0963011868361451,0.0963536348117356,0.0787196745248557
"gene_119",0.119189841676498,0.145503524172418,0.146732286291191,0.119430356462046
"gene_120",0.159624823332892,0.196114404004675,0.194609704073589,0.159353578697195
"gene_121",0.185003035492237,0.222377068003208,0.225956209017236,0.18225627952694
"gene_122",0.125640447600483,0.152766895422659,0.15398602903246,0.12497521180366
"gene_123",0.0969676477965621,0.118655087333063,0.118841583713232,0.0969596622062947
"gene_124",0.15235259273208,0.186179907936404,0.185059509710016,0.151116908525239
"gene_125",0.0898772852531871,0.110150168501182,0.110068601418797,0.0899057851537334
"gene_126",0.0973326779269594,0.119318769233429,0.119143999649623,0.0973610691360823
"gene_127",0.0872953956663835,0.106895806542028,0.106932159687876,0.0872939349915668
"gene_128",0.0766341515888348,0.0938247935573053,0.0938608968431985,0.0766173422513098
"gene_129",0.130821327576616,0.15966158091096,0.159283204570907,0.130078200296792
"gene_130",0.182062015211607,0.222070997816507,0.224258783152455,0.18230130527884
"gene_131",0.0950942412734474,0.11825630590243,0.117858835288709,0.0966998763402758
"gene_132",0.076840738787638,0.0941283979158066,0.0940953323717682,0.0768467104401476
"gene_133",0.0882729075730443,0.108258207439916,0.107997998509638,0.0882724493377511
"gene_134",0.0821301402026452,0.100595590529044,0.100623523306626,0.0821507125325919
"gene_135",0.238691981737399,0.290884712580496,0.295841084915815,0.239611993479358
"gene_136",0.0975409628709372,0.11890327340395,0.119827558664493,0.097415230314323
"gene_137",0.103876464558755,0.127162345769587,0.126970249603116,0.103724867394472
"gene_138",0.108794918315036,0.132076225608331,0.131547983032234,0.107561581749946
"gene_139",0.0884522833182184,0.108283240912584,0.108313250872311,0.0884326682678626
"gene_140",0.0846189376076851,0.103489536629908,0.103723871613746,0.0845723674215645
"gene_141",0.173329044530994,0.2129232450894,0.211192654945886,0.173028912841485
"gene_142",0.143124440732284,0.173704523689451,0.172805875313801,0.141140352346713
"gene_143",0.112469694793952,0.137807330813213,0.137484371764116,0.112365806265094
"gene_144",0.0890947459520886,0.109115356994186,0.109121345122612,0.0890956862729086
"gene_145",0.102804236583831,0.125709908268891,0.125510414403477,0.10259689716476
"gene_146",0.47155173510966,0.572995391624187,0.568636082191974,0.466009126434236
"gene_147",0.126097570483947,0.153171064659295,0.154945300042311,0.12564179265949
"gene_148",0.357982354333181,0.436946292217027,0.444837474615073,0.360848315924836
"gene_149",0.119746077707077,0.146056850002558,0.146349594461614,0.119168860091924
"gene_150",0.402584335192855,0.493723671652479,0.493966980333947,0.401044249314648
"gene_151",0.084118684318934,0.103057445520784,0.102977483494504,0.0841112725207945
"gene_152",0.135062661269369,0.164772370040603,0.165593500022446,0.134673411903937
"gene_153",0.105943176964638,0.128954741782175,0.130573266462931,0.105846126380482
"gene_154",0.365658472068035,0.446067791215065,0.436848070714252,0.361072015386627
"gene_155",0.114326601204336,0.1406010062569,0.140293889429068,0.114849253182254
"gene_156",0.127533463661553,0.155308542151641,0.156749420022992,0.127298194469786
"gene_157",0.117238725023081,0.143543831796708,0.143266149986386,0.116983789584271
"gene_158",0.186184827200094,0.229175133380578,0.225666837321691,0.185590428651548
"gene_159",0.0857044872345287,0.105022287901966,0.104967541115442,0.0857280374896296
"gene_160",0.0950681891811698,0.116394771026167,0.116500475573184,0.0950899307983072
"gene_161",0.0893314673178406,0.109278781457618,0.109485550739373,0.0892808895878535
"gene_162",0.127649422986872,0.155624617399707,0.157221050253218,0.127800803811112
"gene_163",0.0829390911701614,0.101532317481489,0.101601540328774,0.0829150354648945
"gene_164",0.0947952566371853,0.115853819286684,0.116103963689641,0.0946034575055271
"gene_165",0.0991453654655444,0.12166994211741,0.121790564694554,0.0994942757607371
"gene_166",0.0893796432606568,0.10978252031314,0.109751048625587,0.0897023937746713
"gene_167",0.205979049753605,0.249535787470297,0.252909105658596,0.204663986439078
"gene_168",0.425315966339477,0.518126333112739,0.54717853566886,0.43679614642498
"gene_169",0.0848891898620641,0.103734753240429,0.104057471280829,0.084803952807147
"gene_170",0.0863867007454295,0.105803808838034,0.105786951882595,0.086381953324874
"gene_171",0.146780828742223,0.178681769902036,0.179330239086731,0.145807379954173
"gene_172",0.344995040319683,0.405561901908931,0.407954637922161,0.33398903243693
"gene_173",0.24103540421513,0.293512744455722,0.294551644687692,0.239918532727389
"gene_174",0.0975712725468037,0.119250737067547,0.119311850170158,0.097275969889462
"gene_175",0.110065696922877,0.13403174733632,0.134566291554652,0.10951788712329
"gene_176",0.117203782235068,0.143753421622602,0.142678412767409,0.116836204276572
"gene_177",0.101950168222649,0.125422363213533,0.12533005178708,0.102377876380583
"gene_178",0.133465169561527,0.163838058007183,0.163189254658907,0.133554808932105
"gene_179",0.0686692741509848,0.084133622970505,0.0840457022133406,0.0686414201345263
"gene_180",0.0866483236079845,0.106054163756545,0.105947914053104,0.0865006033730079
"gene_181",0.11496846154606,0.140225167291418,0.14113788405223,0.114812036603197
"gene_182",0.238733804535843,0.287937609950095,0.288562435400108,0.235261463586203
"gene_183",0.196744648343897,0.240315652746058,0.241547713516457,0.196475942885984
"gene_184",0.122226541371332,0.151927161672267,0.14936676250549,0.123224759742073
"gene_185",0.198874825223352,0.242876789493319,0.243975722841058,0.198850625329963
"gene_186",0.102918637677104,0.125722366272514,0.12627302749903,0.102881230183432
"gene_187",0.106556397938135,0.130488937860573,0.130477895678081,0.106473084593543
"gene_188",0.114580929855136,0.141346736283002,0.139517707108616,0.114788506459687
"gene_189",0.106267592209398,0.129863662481705,0.130969801608686,0.106656482669005
"gene_190",0.0977581764690481,0.119530042717353,0.119719670649978,0.0976163101655428
"gene_191",0.0858419395705388,0.105108103346209,0.105072913585747,0.0858098331656954
"gene_192",0.0918672808447456,0.112507162545239,0.112530417644377,0.0918725369860847
"gene_193",0.25993681434679,0.310609624605511,0.320353373295558,0.256438180187275
"gene_194",0.0863635719603302,0.104294161474494,0.104760337430181,0.0853043018612006
"gene_195",0.107641608962341,0.131106258927804,0.132405052228257,0.107555030944155
"gene_196",0.0936683238006484,0.114623628320443,0.114963534683748,0.0937761892073935
"gene_197",0.402887494101729,0.487005342745219,0.497101867999423,0.401839973710962
"gene_198",0.272347325709685,0.333952401270976,0.33327494289077,0.271808687976238
"gene_199",0.150019691549824,0.185111724837851,0.182626739387296,0.150101691413545
"gene_200",0.376647277533193,0.457639339557941,0.461606685875978,0.375507900525106
"gene_201",0.174949078506578,0.215586335995552,0.215829188230116,0.176346578128134
"gene_202",0.128600269570749,0.1579008958751,0.157240694920209,0.128598687280621
"gene_203",0.113250226362518,0.138182230455316,0.138762718662223,0.11300847718274
"gene_204",0.341996760222188,0.406185109401582,0.412107534375326,0.328928974757119
"gene_205",0.0914408489192293,0.111919133019597,0.111912257206518,0.0913541869534537
"gene_206",0.0791681034189396,0.0967949965460033,0.0971575749101559,0.0791988573223438
"gene_207",0.321111999465238,0.390749835579325,0.392475095245184,0.319016988207154
"gene_208",0.208220330501659,0.260075525185845,0.253706205597003,0.209651320367295
"gene_209",0.123279654464984,0.150749408595503,0.150799670571319,0.122978172848711
"gene_210",0.0865258437233866,0.105912236021961,0.105987128253135,0.0865022596512485
"gene_211",0.306788304317555,0.375204588182044,0.372899063971187,0.303954634668291
"gene_212",0.291702235365188,0.352510810376471,0.35511655811567,0.287589455808871
"gene_213",0.079440631313955,0.0971687564444711,0.0969577495534855,0.0791727126771478
"gene_214",0.111763749938376,0.137296680945222,0.137006832935998,0.111963095111197
"gene_215",0.0965153494197316,0.117454541267414,0.118356665271159,0.0961666254034993
"gene_216",0.115917825179494,0.141611719296712,0.142565956744263,0.115939392488955
"gene_217",0.44125294881226,0.540957432324968,0.539128687266802,0.440176515185875
"gene_218",0.217148059107528,0.269045473542851,0.269249042660505,0.220372226791385
"gene_219",0.128399986986845,0.158108856059504,0.159466158414487,0.129919689675747
"gene_220",0.372198886158996,0.460092987101076,0.453839618125988,0.373551619640808
"gene_221",0.188917721296449,0.229398867042292,0.229474043623236,0.186184087534004
"gene_222",0.0927386015569529,0.113844942149218,0.113297165638838,0.0927412217211888
"gene_223",0.113025034718683,0.138534862318949,0.138566819459977,0.113152963357943
"gene_224",0.111397124852457,0.136365277220324,0.136214513073987,0.111190895770861
"gene_225",0.110066634551536,0.134024977256637,0.135136580884269,0.109905052241521
"gene_226",0.180694134648325,0.220473600479384,0.22111457356995,0.180015553944292
"gene_227",0.0927925852744646,0.113668001665479,0.113625471141604,0.0927905368259136
"gene_228",0.106711555600762,0.130620930588878,0.130311896813825,0.106368266154899
"gene_229",0.0935998908710298,0.1148747005066,0.114729268221479,0.0937951537134294
"gene_230",0.0998652727390219,0.1221036580192,0.122243426094165,0.0996978867939084
"gene_231",0.0868433155042156,0.106048728673768,0.106564485919296,0.086800979113227
"gene_232",0.0800796195675936,0.0980793980179306,0.0980406787046035,0.0800670230814668
"gene_233",0.231444405591246,0.27973663262087,0.281718362416559,0.229334502596744
"gene_234",0.117829915439851,0.147069343619037,0.147557984985549,0.120923225792281
"gene_235",0.0930545937687476,0.113015579490347,0.113890668851289,0.0925608752063249
"gene_236",0.108234671282105,0.132674555984523,0.132741581210096,0.108247494246468
"gene_237",0.140415342065206,0.171453537802144,0.172103736838797,0.140227758781237
"gene_238",0.146528720107066,0.180642255513312,0.181032074175495,0.147938648649706
"gene_239",0.0985673333728842,0.120566824240832,0.120745521428946,0.0984364269942953
"gene_240",0.100265491491481,0.122773199268435,0.122812791127906,0.100256957748851
"gene_241",0.165948518768839,0.204597688043615,0.205454419770746,0.167814846286085
"gene_242",0.162776608215336,0.198508299662326,0.198780963873603,0.162063315032144
"gene_243",0.111782757396349,0.136077083630305,0.137508577301825,0.111748562270472
"gene_244",0.111845373044989,0.135959932120255,0.137136702782957,0.111321271982341
"gene_245",0.180053173787472,0.221403770039018,0.225369398646884,0.183206013109227
"gene_246",0.0935484614887029,0.114622795107252,0.114443689975535,0.0935042857992688
"gene_247",0.454510233630299,0.54477703413803,0.548734510788446,0.445727328101531
"gene_248",0.10943088390583,0.134058512105615,0.136568631563948,0.110721660413202
"gene_249",0.349231019291174,0.425225251110493,0.428027186192849,0.348718374730628
"gene_250",0.404478564155129,0.491839788814492,0.500268678802655,0.405295948468295
"gene_251",0.090159150234145,0.110395227446204,0.110341495819101,0.0900991928095648
"gene_252",0.108443302962606,0.132794106567867,0.132309428204956,0.108192989175892
"gene_253",0.0827811107051302,0.101372283683006,0.101335490402024,0.0827568361793877
"gene_254",0.478082413108956,0.573320628355119,0.577182766223499,0.464595810245953
"gene_255",0.346835970462062,0.419254806615812,0.414377522474758,0.339043355875377
"gene_256",0.182172016613719,0.221183865440576,0.223729713827827,0.18133440451733
"gene_257",0.0810307691734818,0.0990783930898584,0.0996139814341074,0.0811406039718372
"gene_258",0.126769699717934,0.155221510721649,0.155552797960429,0.126893553461471
"gene_259",0.109311403973733,0.133875438597299,0.134128568672041,0.109497811920975
"gene_260",0.106946588425187,0.13117938990767,0.13120954755312,0.107284117057004
"gene_261",0.179814666727907,0.219191671078666,0.221345714192683,0.179907048950536
"gene_262",0.0871698171260546,0.106682276960737,0.106845246064996,0.0871584537230087
"gene_263",0.0980403439266344,0.120391089755283,0.12012846994404,0.0982546805681986
"gene_264",0.0990865158124068,0.121374436386102,0.121350630553054,0.0991120674626771
"gene_265",0.149705025647929,0.183459881100824,0.185043826272562,0.150736608336148
"gene_266",0.249529371422603,0.302692146394548,0.301443570722418,0.24583272692062
"gene_267",0.161446024212417,0.195197915694394,0.197327839986121,0.159684614821905
"gene_268",0.0781007834612887,0.0956903726307265,0.0956377346535898,0.0781104646208567
"gene_269",0.163516070936681,0.200096350627119,0.199462886110816,0.162991408788997
"gene_270",0.181592921226975,0.223628453847348,0.224340530458635,0.182955129100325
"gene_271",0.245806415710469,0.30586100898137,0.300521583238115,0.24801420154514
"gene_272",0.426512315838762,0.514111581250163,0.52373849807077,0.422748903706315
"gene_273",0.108770345435285,0.132311486450199,0.132271123761118,0.107782746828104
"gene_274",0.137230417667229,0.169070883235387,0.169461074774543,0.1385275861814
"gene_275",0.0827594263591224,0.101239090097709,0.101994254406208,0.0829952632642806
"gene_276",0.080818482744813,0.0988228975126627,0.0989614681194803,0.0807263541455009
"gene_277",0.350002864237544,0.437973438114295,0.44285351680728,0.362660545722231
"gene_278",0.0877158356261647,0.10735148162323,0.107428879273697,0.0876513762993098
"gene_279",0.298431759406205,0.368039393277652,0.36374285922283,0.299633764456548
"gene_280",0.0906219741356525,0.110697780977327,0.110938946783728,0.0903809924365066
"gene_281",0.104764381854329,0.128065410087546,0.128710617507511,0.104840720087876
"gene_282",0.118029464330307,0.142861990345737,0.143447209981932,0.116471246900304
"gene_283",0.165856256659344,0.201980552107962,0.20474144771844,0.166080842931311
"gene_284",0.383972420705446,0.471475026320413,0.470866120116501,0.383528645867489
"gene_285",0.0902355839680423,0.110288761241044,0.110885003818413,0.0903192613772787
"gene_286",0.0854411102116259,0.104637592167811,0.104644296606079,0.0854357465974333
"gene_287",0.153454613071127,0.187270074083819,0.187540822496336,0.152946364788761
"gene_288",0.0843395637801307,0.10329684435,0.10331111705817,0.0843232358003553
"gene_289",0.327304677325941,0.395590981885788,0.407679605337534,0.327144760787377
"gene_290",0.139703873255663,0.170085068811306,0.171511825075749,0.139310089038581
"gene_291",0.102635369516216,0.125488223248831,0.125725815739883,0.102568295775629
"gene_292",0.355492250358703,0.432657808122799,0.432881825971035,0.351545093244892
"gene_293",0.103784454481764,0.126937201396257,0.12699044623758,0.103620691283585
"gene_294",0.0968774479605192,0.118720531265041,0.118658080775643,0.0969294827063998
"gene_295",0.172995526847123,0.209826568405188,0.210741701194552,0.171404079861788
"gene_296",0.10293300604725,0.125503039107138,0.126312491490438,0.10274503113914
"gene_297",0.151563686015513,0.189991183586491,0.185735447117869,0.153863962718791
"gene_298",0.124894145512035,0.157455229006179,0.154187649594447,0.127519223080401
"gene_299",0.167874032482014,0.204240482722154,0.204531998129378,0.166634386308475
"gene_300",0.0908577678718091,0.111231043597354,0.111316576520638,0.0908516219999673
"gene_301",0.128562533366975,0.156085139052791,0.159750572997624,0.128921543114765
"gene_302",0.18888659943592,0.230266456741906,0.232314310091531,0.18860861851352
"gene_303",0.107518114624007,0.132404241776946,0.131213313152219,0.107735689362011
"gene_304",0.157164690365216,0.192152471499182,0.191279918624525,0.156194665414735
"gene_305",0.167406427299035,0.204518741551411,0.205077140063575,0.167415107409134
"gene_306",0.142870999600889,0.174645689817825,0.175115287916898,0.142830253295445
"gene_307",0.101722722326489,0.124428743553887,0.124271828400633,0.101396080653244
"gene_308",0.247365486354848,0.303018156042589,0.304023320275088,0.248329635679215
"gene_309",0.0885022635383452,0.108341433189917,0.10846533881336,0.0885138401999208
"gene_310",0.0783827664990523,0.0959740083622745,0.0959294168882844,0.0783340564199315
"gene_311",0.19799601750891,0.242415795834848,0.242690416904271,0.198041644637462
"gene_312",0.0979817134376307,0.120021219725801,0.119734396139314,0.0978331587118206
"gene_313",0.111752841379902,0.136414633804691,0.135838764353266,0.110969946979833
"gene_314",0.129246494996161,0.159194735206581,0.158486678011829,0.129803539693828
"gene_315",0.0696813562853641,0.0853356321702134,0.0852994661713972,0.0696556248167379
"gene_316",0.0890935636412893,0.10935409453395,0.109049410013694,0.0892469759251555
"gene_317",0.204942451443099,0.253287549804936,0.250551974208121,0.205952293443411
"gene_318",0.0885013616039459,0.108476398011743,0.108457060140087,0.0885956176756243
"gene_319",0.151588780235144,0.185325314109832,0.185876780874916,0.15165164204136
"gene_320",0.0895716403648262,0.109990421531957,0.109649834196441,0.0897121690433247
"gene_321",0.220982586862931,0.270256794374555,0.268145770835278,0.219129134403245
"gene_322",0.203768811229889,0.247508920603062,0.252680850816809,0.204427140286313
"gene_323",0.112317736134503,0.137780438816514,0.138310891691926,0.112915969772575
"gene_324",0.11539218904523,0.141006708814242,0.142343318895654,0.115774615387382
"gene_325",0.452322661810345,0.545758203693101,0.552474894684431,0.446540916069674
"gene_326",0.13922628178745,0.172184655245755,0.169494835057715,0.139519775271168
"gene_327",0.0990720436206094,0.121361301740976,0.121574370463412,0.0992146091058109
"gene_328",0.108522693648394,0.132536993196839,0.132710067604685,0.108369740509622
"gene_329",0.0920094383976008,0.112754413542622,0.112610023647589,0.0919983302515562
"gene_330",0.0945288757310155,0.115754390476967,0.116036015079757,0.094642739637242
"gene_331",0.0978513784275119,0.119447786072799,0.119300430790016,0.0974646522232543
"gene_332",0.089625454296744,0.109789942199599,0.109806603966937,0.0896481764178103
"gene_333",0.273799265458927,0.33629206506255,0.336440393504225,0.274752580009581
"gene_334",0.14725424579985,0.180099455611521,0.181460759557923,0.147745068504548
"gene_335",0.0842204130957529,0.103122377412977,0.103101632643033,0.0841815299838726
"gene_336",0.0868828115810228,0.106328137982122,0.106508918113587,0.0869063545701865
"gene_337",0.310240995162864,0.376187868489042,0.375184876770808,0.303900573041496
"gene_338",0.456354067759998,0.555612038982563,0.568750760456589,0.460730355763221
"gene_339",0.0740170320775512,0.0907240615937371,0.0906557252678083,0.0740689407323507
"gene_340",0.083278005978945,0.101970277930993,0.101984645234181,0.0832517128447824
"gene_341",0.21203425362224,0.257445138250433,0.255968369072049,0.208790525896125
"gene_342",0.156268982143568,0.190758730293602,0.189617417974031,0.154757993647869
"gene_343",0.235360500449741,0.286673754300017,0.291218267627827,0.236201215168384
"gene_344",0.0989562432427445,0.120957100447328,0.121537136195051,0.099134224004859
"gene_345",0.107096783998981,0.130853414667534,0.131368841085986,0.107023886538376
"gene_346",0.149395569809503,0.180671067861997,0.18378027765516,0.148027215795589
"gene_347",0.0897196643686502,0.109898332512405,0.109887659700791,0.0897319877136158
"gene_348",0.0804045978563626,0.0983462273444846,0.0985050495669139,0.0803610304698787
"gene_349",0.107034148880296,0.131767813210648,0.130826988742706,0.107251956892858
"gene_350",0.0992576956971821,0.121555502964908,0.121586005514785,0.0992826773316302
"gene_351",0.101645468607793,0.124708319171956,0.124344076797535,0.101700423454326
"gene_352",0.0863111510234739,0.105583668155566,0.105493907131735,0.0861313220078229
"gene_353",0.404174962229362,0.490639134537551,0.488927100376212,0.398605297975728
"gene_354",0.138828720484468,0.169731751529509,0.171622592244772,0.139543486933722
"gene_355",0.081213075513777,0.0994713417918848,0.0994801820987323,0.0812146334754967
"gene_356",0.122238492056291,0.149656553080961,0.149873143146765,0.122345125087966
"gene_357",0.140658673852206,0.17183117745423,0.17263183338053,0.14064837768856
"gene_358",0.152949653730063,0.187137724609773,0.188024438127663,0.153227257806607
"gene_359",0.0768086196281366,0.0941267065083352,0.0938834360165246,0.0767443416704349
"gene_360",0.0842031282132507,0.103106837181074,0.103039837501712,0.0841614554030935
"gene_361",0.122096972803744,0.148665178676977,0.151402088524142,0.122693131002317
"gene_362",0.409987224667834,0.494824400139379,0.503399492260793,0.405062349816841
"gene_363",0.0979420123476992,0.119799251990035,0.119916142818681,0.0978213073492892
"gene_364",0.106227438342387,0.128926522014391,0.132078490616844,0.10659556623064
"gene_365",0.120823756910951,0.149897690294816,0.146598315821535,0.121120437267357
"gene_366",0.15483311124491,0.187922219893966,0.189734335736486,0.154049324365131
"gene_367",0.115447212120694,0.14247545375973,0.142367143807801,0.116298093029515
"gene_368",0.106324856438847,0.130297329544111,0.129908104957938,0.106281831347766
"gene_369",0.0941949956396276,0.11607547090953,0.117077396403272,0.0952420000025825
"gene_370",0.158467489620645,0.192589180188099,0.192816576143283,0.15663657048659
"gene_371",0.462332461878494,0.567903852962534,0.573700233225271,0.465832873676539
"gene_372",0.103748202720233,0.127344189609246,0.12779514882593,0.104278832172605
"gene_373",0.359308569607218,0.433276258435553,0.437291252676666,0.354670019266794
"gene_374",0.210265112546128,0.2544675832355,0.258112660899712,0.208839480318455
"gene_375",0.448321543751042,0.55944384455614,0.552987122678287,0.455810667409202
"gene_376",0.0950629764079357,0.116326241043181,0.116318272292144,0.0949593188170534
"gene_377",0.229299768948681,0.281677718745077,0.282681921281321,0.230683271073132
"gene_378",0.102239101986489,0.125523404104109,0.124996573164492,0.102231539968007
"gene_379",0.223143684173992,0.272146685245328,0.272128282498363,0.221975642401506
"gene_380",0.0893216788935152,0.109276155636022,0.109467011974721,0.0892913844550782
"gene_381",0.0890924242267133,0.109109692341111,0.109130381906311,0.089098051601217
"gene_382",0.201815018413033,0.245670650460871,0.246671348041554,0.200698933232808
"gene_383",0.0896554301809868,0.109773067727428,0.109817254260521,0.0896489502186285
"gene_384",0.427130857925963,0.525188621643207,0.519908366899382,0.427216225281337
"gene_385",0.0896592730406258,0.109781320740575,0.109867840701634,0.0896717668461963
"gene_386",0.282363378449678,0.340205771153248,0.342831831401015,0.277735883724676
"gene_387",0.119557817884709,0.144979783769661,0.146600120825426,0.118897979670469
"gene_388",0.0856641067611023,0.104725768572297,0.104864483502815,0.0855221466232712
"gene_389",0.109572002896162,0.133848078329693,0.134553988530665,0.109490711276073
"gene_390",0.232108262372383,0.282805453776668,0.283407371137091,0.230440706725256
"gene_391",0.0990068983510815,0.121042634546871,0.120683737610703,0.0985248580871704
"gene_392",0.227529223322991,0.278009710749618,0.280334458087975,0.228054757028257
"gene_393",0.105578118300334,0.128602123441126,0.128460651261079,0.104902740407123
"gene_394",0.32828207136241,0.397503698040205,0.398926613557019,0.324008764557091
"gene_395",0.13408125188419,0.162791348038171,0.164444691230705,0.133414710168054
"gene_396",0.0752416251407636,0.092360293007076,0.0924241552037684,0.0754328157621641
"gene_397",0.224373794473097,0.273860063599871,0.276182619919488,0.224634433971686
"gene_398",0.100029502080505,0.12231365889458,0.122535411641271,0.0999063239443478
"gene_399",0.43600363905217,0.532684568367294,0.532002613579788,0.434731429997584
"gene_400",0.153217668770422,0.185994026919316,0.187195471867133,0.151792315046734
"gene_401",0.20703811000842,0.254870591775642,0.251242295890579,0.206289900915792
"gene_402",0.161512610156869,0.194474204330054,0.196144242009007,0.158214522002185
"gene_403",0.334529077790464,0.406736041702275,0.404781174522442,0.328197873679746
"gene_404",0.132469470215238,0.161878130315498,0.161522154107202,0.132312597621037
"gene_405",0.0927471594915841,0.113476306819824,0.113375398680125,0.0926282628337459
"gene_406",0.132722545004622,0.162145680964503,0.163195785040156,0.132742725190061
"gene_407",0.10288603918462,0.126207707290764,0.125758906290487,0.102873271512503
"gene_408",0.0885080755956617,0.108329718884342,0.108564492900535,0.0885530697877034
"gene_409",0.10165453031416,0.124540046677414,0.124906345901859,0.101851612701484
"gene_410",0.109460323742575,0.133924625859558,0.133735295215064,0.1092684728771
"gene_411",0.460391965490602,0.561137216781515,0.565100327468874,0.459371523231795
"gene_412",0.35582722600714,0.4357723099323,0.437900759333882,0.357068608351971
"gene_413",0.0942145065734366,0.115410757319674,0.115376259804332,0.0942191764258341
"gene_414",0.11113267080657,0.135896938721474,0.136158460575989,0.111055809927691
"gene_415",0.0819244929118101,0.100318400487221,0.1003205235641,0.081887259041754
"gene_416",0.0758961364897707,0.0929917724841353,0.0929764155729127,0.0759363131192498
"gene_417",0.106865918134877,0.130281896628922,0.130485832464626,0.106298423647698
"gene_418",0.103152815981133,0.12620820571829,0.126507389776577,0.103189907273736
"gene_419",0.0863780859906833,0.10577683531993,0.10579588593914,0.0863712558829269
"gene_420",0.115954607404135,0.140841780926348,0.14193711669919,0.115326902495325
"gene_421",0.126770535186678,0.154634932760089,0.153937210080027,0.125559836375688
"gene_422",0.142807627022487,0.174071183128699,0.174330915627729,0.142140076350414
"gene_423",0.099075424628706,0.121082591517413,0.121446152979701,0.0990370237646989
"gene_424",0.106607696694616,0.129979709322002,0.131233338949545,0.10657239163215
"gene_425",0.446417167522998,0.547896366709603,0.54504301088877,0.446733821094879
"gene_426",0.366073213951047,0.442109038908549,0.444924006775548,0.361183275478058
"gene_427",0.125772392738558,0.153787890443737,0.153350923789455,0.125393890445754
"gene_428",0.0921396740550002,0.112765001624333,0.112802063508286,0.0920781612645766
"gene_429",0.158097856751567,0.194130441146851,0.194398228117441,0.158716808565198
"gene_430",0.0847043857434517,0.103745400104084,0.103722327473871,0.0847025820692588
"gene_431",0.0976916631363201,0.119589595720372,0.119622261489296,0.097648666216475
"gene_432",0.0908071006924854,0.110807161580899,0.110938856863575,0.0905445472284102
"gene_433",0.112524403742972,0.139190221201608,0.137477673909281,0.113121294252856
"gene_434",0.102197222762574,0.124989966384926,0.125342311504238,0.102207970544992
"gene_435",0.0753308045221974,0.0922511251801313,0.0922598527122876,0.07532234411078
"gene_436",0.344739079047513,0.421911692832204,0.424686683672506,0.346394305996207
"gene_437",0.449307365241713,0.547969611222622,0.553808651746512,0.449778913730766
"gene_438",0.265717933761206,0.326883084267878,0.319427240141757,0.263010073978061
"gene_439",0.0925630041931011,0.112318481783174,0.112572336711868,0.0913332454185555
"gene_440",0.42857598631159,0.520556139094891,0.525999666174585,0.426381500042656
"gene_441",0.361681871350622,0.449004473675821,0.442537688687203,0.366264371508621
"gene_442",0.141408440554759,0.173098979651655,0.17445756067072,0.141943983682482
"gene_443",0.081916037008797,0.100317908469965,0.100330425606564,0.081923960185642
"gene_444",0.13247960543211,0.161906651145732,0.162129286577487,0.132067984004727
"gene_445",0.268593076844224,0.320630091404976,0.321778127262239,0.258311948173281
"gene_446",0.13563432190799,0.165106321834347,0.164536069027605,0.134214261299464
"gene_447",0.098820174597686,0.121195312077594,0.121237651307274,0.0989909591861506
"gene_448",0.181881750173797,0.225477732839153,0.22261790352042,0.183322502865692
"gene_449",0.243226780181716,0.302612242837345,0.303023014898211,0.248575304175961
"gene_450",0.117320543723417,0.142928510184124,0.14271315524655,0.116560766409797
"gene_451",0.114876328055564,0.140794884097133,0.14051356425501,0.114777408691616
"gene_452",0.0881239206948245,0.107770953860444,0.107899511144109,0.0880207590185907
"gene_453",0.401390708658588,0.494672052054967,0.491493790072848,0.403147932974937
"gene_454",0.0797385223874065,0.0975207865108272,0.0976603334873371,0.0796590867559628
"gene_455",0.0949754183343228,0.116281951713522,0.116335555071209,0.0949662164825267
"gene_456",0.401013252868471,0.484750201765294,0.503313434979412,0.403251026834187
"gene_457",0.104011596137127,0.127158115931404,0.12762734393197,0.103979579711916
"gene_458",0.142373538439329,0.173220109757692,0.173812009676087,0.141282338846498
"gene_459",0.105265172815716,0.128816886066895,0.129209250883325,0.105359808095385
"gene_460",0.132707503277223,0.163379851153122,0.164708743414089,0.134280994037383
"gene_461",0.143501020758184,0.174966098295364,0.176337874241034,0.143159580011004
"gene_462",0.415259824739199,0.50393920024652,0.507625671801118,0.412319378571418
"gene_463",0.359124823949826,0.426631905077078,0.434288001584774,0.348037337917351
"gene_464",0.106647080160401,0.130305239836536,0.130793860586178,0.106568584027118
"gene_465",0.218185912958832,0.268720150032661,0.275493246441301,0.223097481191887
"gene_466",0.0837290224801321,0.102458685913189,0.102671329765411,0.0837510255676761
"gene_467",0.0800122567005124,0.0979935116876438,0.0980638176998284,0.0800439542584082
"gene_468",0.277355807490404,0.337278179673004,0.338930602853346,0.276208968713657
"gene_469",0.0785919112474232,0.0962258731088297,0.0962339290190519,0.0785711661002415
"gene_470",0.414417819928691,0.508844667960993,0.501434030981455,0.415793744582509
"gene_471",0.0978786172984253,0.119373841688571,0.119810741231935,0.0975081318820102
"gene_472",0.0895466884614861,0.10964652387292,0.109884524505323,0.0896472666945694
"gene_473",0.115079260418931,0.141223534148037,0.141796221233416,0.115753498714109
"gene_474",0.128737423570852,0.157597819530085,0.157598056532939,0.128576588781829
"gene_475",0.315508294957727,0.383114974007948,0.375589899193974,0.308087190316144
"gene_476",0.168194639616871,0.209459274530778,0.207442999284225,0.170796147834449
"gene_477",0.163339082884153,0.200091283340138,0.200908019250977,0.163746394513897
"gene_478",0.128174720555902,0.156806814624067,0.156576809995293,0.128006411734088
"gene_479",0.158885584408276,0.195634167685963,0.195929563110443,0.160105586235232
"gene_480",0.149144111389425,0.183243418432879,0.183265067434143,0.149726549338405
"gene_481",0.0932577744787912,0.114122313077844,0.114211124298391,0.0932123458491016
"gene_482",0.0958424540412094,0.117890807818299,0.117049586668162,0.0958646631936474
"gene_483",0.240028163258829,0.293026877531541,0.29518908584598,0.23968783766559
"gene_484",0.0832211140771563,0.101909874407889,0.101961023130947,0.083236857438403
"gene_485",0.0987719242976955,0.120612732410711,0.120324019162084,0.0982311265813595
"gene_486",0.0901429529394092,0.110235813955795,0.110201727013327,0.0899481600644324
"gene_487",0.14740370252696,0.181621922360443,0.181805704660198,0.148779606316963
"gene_488",0.150376482784243,0.181737127888297,0.182140088760194,0.147718638320364
"gene_489",0.0977293486049106,0.120006048951439,0.119521653061589,0.0977232334327349
"gene_490",0.101783622432692,0.125025771790687,0.124920255251804,0.10206772673742
"gene_491",0.120765184457644,0.14752177567287,0.149329822426848,0.121338515783004
"gene_492",0.139876845142802,0.168189749831965,0.169866719606498,0.137331262797245
"gene_493",0.149581584807133,0.181805315386375,0.183828119946914,0.149114299709599
"gene_494",0.131901476066475,0.15994028926713,0.162428099383022,0.131542911322618
"gene_495",0.118631885107658,0.144611216934013,0.143940257882849,0.117524272957468
"gene_496",0.0748932102958662,0.091712703886856,0.0917200466116705,0.0748844061367628
"gene_497",0.18517926060496,0.230351855300401,0.22620444624136,0.1867154791205
"gene_498",0.144002313463147,0.176647908736995,0.177492337570006,0.144761174254177
"gene_499",0.0775474485581445,0.0947848922456425,0.0947075907911579,0.0772728077762106
"gene_500",0.0795655020395461,0.0974362312760583,0.0974420052169317,0.0795590480937257
"gene_501",0.360161071362599,0.441489051752845,0.453103995098886,0.366526484986045
"gene_502",0.109539699584761,0.132595271583172,0.133614653141023,0.108575238242502
"gene_503",0.0841639023878971,0.10292425546918,0.103294141319349,0.084218574871168
"gene_504",0.0897081750876709,0.109313369655013,0.110556913529639,0.0897878343379199
"gene_505",0.0969738284979595,0.118496040097352,0.119444957951143,0.0972075062503683
"gene_506",0.0908159310445585,0.11118091097938,0.111188305260207,0.0907643520049678
"gene_507",0.0886569200430197,0.108496460172588,0.108640054247352,0.0886366672699132
"gene_508",0.17537786206528,0.214427678802395,0.211670664851153,0.173648343819242
"gene_509",0.410501143653034,0.490127792250555,0.50199526748817,0.404299983355114
"gene_510",0.0795875935975773,0.0975102021930984,0.0975641078539658,0.079642465343662
"gene_511",0.110967963449969,0.135880629527033,0.135970091064232,0.110938120278172
"gene_512",0.108936533721313,0.133173467806455,0.133352390875297,0.108752596449259
"gene_513",0.125620404456827,0.154010990936244,0.155759419960195,0.126694811112596
"gene_514",0.0919501394182125,0.112610595599456,0.112584090954902,0.0919327038528294
"gene_515",0.084424711312873,0.103391948814358,0.103407091713704,0.0844261168382606
"gene_516",0.112922520690634,0.138277498343444,0.138326593323682,0.112919645571337
"gene_517",0.111854522114137,0.136916891176533,0.136806065549929,0.111666444380796
"gene_518",0.0917756381641364,0.112101240200015,0.112341552669085,0.091572291707107
"gene_519",0.13118752879456,0.159754711077835,0.159709247719659,0.129897947190215
"gene_520",0.104540037955189,0.127898561880096,0.128061429745397,0.104458906388494
"gene_521",0.127061953859537,0.155501308887952,0.155155411608419,0.126830089149756
"gene_522",0.113962490434795,0.139963593312817,0.139073183002391,0.113876100312364
"gene_523",0.134940975136696,0.164870916737193,0.165896961630945,0.135021179928569
"gene_524",0.087470305285115,0.106999336934818,0.10712186427958,0.0873824379663442
"gene_525",0.0908132020926418,0.110493610198891,0.110738271386841,0.0903332618046941
"gene_526",0.230368247397285,0.278686016789191,0.276722578705344,0.225756114472737
"gene_527",0.113802231155917,0.138813337336596,0.140478300668423,0.114084335442087
"gene_528",0.107766866724336,0.131418864693966,0.13218955736187,0.107481997426985
"gene_529",0.101149200945826,0.123950011211521,0.123754719870012,0.101084382537721
"gene_530",0.118897693477362,0.147396084868973,0.144625611406926,0.119459045494843
"gene_531",0.289948501514001,0.350537735368721,0.354616622044749,0.288866275386879
"gene_532",0.0930820024229181,0.113981895427887,0.113626137343465,0.0929239721883344
"gene_533",0.410043029104273,0.502441708006604,0.501243387267447,0.409872503011373
"gene_534",0.335917696042373,0.409883578105917,0.409343238300385,0.335352603410853
"gene_535",0.0913632289230949,0.111706894777352,0.112087392946277,0.0913101877633051
"gene_536",0.107204638274122,0.131064799510681,0.131356628065361,0.107066248572268
"gene_537",0.160716564945858,0.199326490632688,0.197116830438439,0.162039777235236
"gene_538",0.0930408420320733,0.113931630570212,0.113942246798106,0.0930264335277234
"gene_539",0.22264375640267,0.271184122351003,0.2729478238674,0.220865567457925
"gene_540",0.11865895873212,0.14503724467073,0.145889954357392,0.118924326982577
"gene_541",0.0952629883811499,0.116652202028701,0.116593339052572,0.0952189675256419
"gene_542",0.137569862898056,0.174318697546646,0.174515180956578,0.144314157516709
"gene_543",0.153030686586245,0.186523130283666,0.183785021841543,0.151132666541271
"gene_544",0.0845297862186118,0.103475147198631,0.103452033945315,0.0844543918389435
"gene_545",0.0885315445175676,0.108317320866186,0.108484958069202,0.0885039283022103
"gene_546",0.150255072720404,0.189823575698127,0.187527038841716,0.154803296096928
"gene_547",0.0876888867604151,0.107381878564618,0.107474894407444,0.0877201244990055
"gene_548",0.0900896020456141,0.110429175517527,0.110251021628071,0.0901006376043444
"gene_549",0.436716462143082,0.537013989817895,0.545692858503837,0.442196552578279
"gene_550",0.0984328397045642,0.121002055282726,0.120427906496936,0.0986122064219005
"gene_551",0.376457464746671,0.458692040010546,0.459745274304539,0.372971536227496
"gene_552",0.13284167811499,0.161886162098674,0.16269991940717,0.132308230404276
"gene_553",0.104366445964304,0.127442028930328,0.128475006371082,0.104504686501954
"gene_554",0.0884021230192975,0.108266619370236,0.10822836044491,0.0883758074466746
"gene_555",0.0837995851283311,0.102839321712358,0.102495701394101,0.0838731062124754
"gene_556",0.0858714005664617,0.105226559119519,0.105168200767878,0.0859064318697367
"gene_557",0.0858464267849703,0.105121221534121,0.105168306618011,0.0858474922829928
"gene_558",0.0892222735187973,0.109196334783978,0.109356456627837,0.0892287030339326
"gene_559",0.127062707552678,0.155339748313083,0.155124270571333,0.126629919812413
"gene_560",0.128774847368543,0.160056904652752,0.161185022500029,0.131610474323633
"gene_561",0.0967197814409713,0.118442794817968,0.118505443003148,0.0967281481458874
"gene_562",0.0921895060182289,0.11291426488637,0.112959137084334,0.0922195663052426
"gene_563",0.0878539108867653,0.107630533473335,0.107842504534009,0.0880492230496334
"gene_564",0.163028418853681,0.202126509838512,0.201514210557499,0.165411240883585
"gene_565",0.0868665371244286,0.106387422205218,0.106445422165297,0.0868904402875362
"gene_566",0.154785395326751,0.189235749311969,0.189483744695684,0.154670838482139
"gene_567",0.0765845147781328,0.0937340811009411,0.0937163063793249,0.0765039677246168
"gene_568",0.0816548298463801,0.100032537978858,0.099978044156906,0.0816571916354473
"gene_569",0.130967338899982,0.15914038160163,0.160081478612363,0.130008199348025
"gene_570",0.0972036971426776,0.119314072157053,0.118543763987386,0.0970575852504499
"gene_571",0.0863253518846919,0.105673385595128,0.105807091913621,0.086323853336724
"gene_572",0.0962881641741011,0.117966132725376,0.117850118734243,0.096394086322476
"gene_573",0.099935400164504,0.122556976632199,0.122330063486142,0.0999487934369547
"gene_574",0.0792818465116146,0.09704990265696,0.0971467883036505,0.0792734009201472
"gene_575",0.177774756140438,0.218329550214675,0.220071927160715,0.179319765659828
"gene_576",0.105375658099624,0.128960926748838,0.12846881627521,0.105034043450931
"gene_577",0.273321361507912,0.342545509776197,0.339673783776462,0.280318826704182
"gene_578",0.158782770852881,0.194833624398018,0.19714416559683,0.160447073334164
"gene_579",0.14843773839832,0.183033515491024,0.183061411018945,0.149746466020613
"gene_580",0.357042197192678,0.431284496314858,0.434671867845327,0.351200820950035
"gene_581",0.0869846730014801,0.106438321523383,0.106675846684752,0.0869930511720133
"gene_582",0.0941671793394146,0.115199288847043,0.115217147372899,0.094005457656356
"gene_583",0.181883753723902,0.22190951520946,0.222966769614712,0.181258186457101
"gene_584",0.0944613933097403,0.115670174070066,0.115695605186629,0.0944541255094688
"gene_585",0.100555753036383,0.123214959688368,0.122966313786496,0.100484592766547
"gene_586",0.0998778658124776,0.122228532082724,0.1228928747229,0.100083340354326
"gene_587",0.0894529627128241,0.109391191628492,0.10965110643465,0.0894213278371651
"gene_588",0.0935854893335872,0.114547628245274,0.114571178865462,0.0935274992104424
"gene_589",0.0880014569989347,0.107786270833941,0.107773294521683,0.0880051612755759
"gene_590",0.134486294188788,0.16541385626116,0.1657870987347,0.135414793799158
"gene_591",0.123851912993442,0.151345890864727,0.152358056873847,0.123978141417441
"gene_592",0.127512954819685,0.155255647907281,0.155620548705061,0.126758438208792
"gene_593",0.0997889510367906,0.122820436570605,0.122140262434171,0.100065473436938
"gene_594",0.391066945279359,0.477679805887277,0.476185773962862,0.387258916049046
"gene_595",0.0905819343130506,0.110567212845998,0.11116561400274,0.0905174312157466
"gene_596",0.0912222628108074,0.111756025697956,0.111857782354288,0.0913247534930371
"gene_597",0.097683568653392,0.119607526123763,0.119606247905406,0.0977003807392206
"gene_598",0.346534153884554,0.425134411056887,0.42665006735364,0.347500724944302
"gene_599",0.0936052811240005,0.115124280566113,0.115326129912972,0.0942775479600684
"gene_600",0.0761680211262384,0.0932606561961185,0.0933063156736529,0.0761657531117187
"gene_601",0.204646097069696,0.247334585771757,0.250312193807493,0.202555267401
"gene_602",0.163477035970098,0.19842500787118,0.203288025824107,0.164036183131634
"gene_603",0.150887808970826,0.18389727737556,0.185943616942535,0.151240063862666
"gene_604",0.133505950477682,0.164071346755289,0.163633647700728,0.133816004196218
"gene_605",0.0839913713569801,0.102892763804542,0.102853866507839,0.0839776991178795
"gene_606",0.134007348988885,0.162578173912953,0.163670046595998,0.132305819835444
"gene_607",0.135910397896111,0.165585319346652,0.168347889458487,0.136483858254952
"gene_608",0.170817296380872,0.20815316064556,0.213585525593068,0.172148832719373
"gene_609",0.135497579996393,0.16586325859032,0.166557864247898,0.135530459329702
"gene_610",0.109698480617608,0.133415457450553,0.132446539556848,0.108257385284289
"gene_611",0.102648489067409,0.125247896947175,0.125252155826789,0.102102734930374
"gene_612",0.0831658388742792,0.10261964885325,0.101803709118763,0.0835183270919033
"gene_613",0.130022815315652,0.15877698680781,0.160016445488851,0.130010355321363
"gene_614",0.435452431319782,0.552136221050437,0.533084861842033,0.444839419154575
"gene_615",0.0869302475535094,0.106096290769704,0.106363082273864,0.0866729965160631
"gene_616",0.154731169021249,0.188051475770015,0.188082012909109,0.153395978039729
"gene_617",0.136122574756357,0.166878987316135,0.165709682942632,0.135498832383208
"gene_618",0.164031292375529,0.199842483352949,0.205763939173589,0.166112704915082
"gene_619",0.0900298490438815,0.11027696824766,0.110261065000316,0.0900309016237244
"gene_620",0.0944794061940217,0.115620000022127,0.115786438259438,0.0944773068874895
"gene_621",0.121649866341266,0.146402757322831,0.148765890503398,0.120247415102741
"gene_622",0.106964714835726,0.130873489105945,0.131274944662793,0.107069224668239
"gene_623",0.191110481625074,0.234236488747498,0.233191188706367,0.190761559457827
"gene_624",0.0774331549268947,0.0948341730954111,0.0948984808050087,0.0774682936276392
"gene_625",0.135732576557252,0.165776814828765,0.168037077716611,0.136399426953712
"gene_626",0.0962685237986182,0.117642333159752,0.11744292644333,0.095980056778755
"gene_627",0.10700475426183,0.130992798477885,0.131693698665659,0.107393333623512
"gene_628",0.089074482766708,0.109135124129007,0.109147171652699,0.0891383561368063
"gene_629",0.131332462431789,0.161136829247889,0.162674948146539,0.132222447880677
"gene_630",0.329298582385031,0.403615098639977,0.399327108729936,0.327011728957357
"gene_631",0.102294467046563,0.124724664894643,0.125533327240634,0.102082726310225
"gene_632",0.0943587675845408,0.115249568518646,0.115727049281138,0.0942212155450546
"gene_633",0.091420803166429,0.11182636132883,0.112038718214542,0.0914004601457259
"gene_634",0.124400289911967,0.15226407370762,0.152442327727048,0.124432821077893
"gene_635",0.193318912922075,0.235014111977398,0.235581459341387,0.192249040168422
"gene_636",0.119392283336313,0.147705945340411,0.147932788796415,0.120999042237546
"gene_637",0.0903435645111988,0.110686040591038,0.110689562665994,0.0903847410336447
"gene_638",0.117475065036968,0.143407380736253,0.146225133682266,0.118468793595839
"gene_639",0.0795370112514825,0.0973537232056494,0.0974760148606488,0.0795429766931385
"gene_640",0.0812700066861032,0.0994885337767205,0.0995607843033445,0.0812520757197916
"gene_641",0.0947030317232268,0.11578629700207,0.115767889519816,0.0945494330473595
"gene_642",0.0807378936132324,0.0988491797099656,0.0988733986586566,0.0807132449572465
"gene_643",0.125571132216294,0.154031446024639,0.153440528012752,0.125619446827286
"gene_644",0.0891560583067582,0.109171822794336,0.109194965151196,0.0891476284404431
"gene_645",0.417886848422889,0.510260385316984,0.514563313389572,0.417495412130205
"gene_646",0.0990674628351541,0.121243200958783,0.120773081409225,0.0987553813255206
"gene_647",0.242329845433181,0.294893974372662,0.296547681813815,0.241053194975632
"gene_648",0.0998681740201361,0.122103859512533,0.12266755642226,0.0999686622541843
"gene_649",0.0930228090824731,0.113839630028281,0.113790639149649,0.0929120304963461
"gene_650",0.0779992451163491,0.0955210198219752,0.0955228491077062,0.0779896878851522
"gene_651",0.116623868711521,0.142098653676061,0.142616674516782,0.116147544242399
"gene_652",0.0852072309276927,0.104325375183941,0.104413710484411,0.0852201085567514
"gene_653",0.196796872850451,0.239422931644987,0.240228539219676,0.195631920259437
"gene_654",0.0734482474239285,0.0899360897079151,0.0899333863681543,0.0734256769964464
"gene_655",0.0985708809031582,0.120551929021281,0.120957953558298,0.0985910228383993
"gene_656",0.102683021181823,0.125143838825843,0.125840410979878,0.102430688131354
"gene_657",0.155201385907152,0.189865575024897,0.190845937475798,0.155546061723315
"gene_658",0.26256320537453,0.318543811807793,0.321693939420693,0.261338526863328
"gene_659",0.0951023436663509,0.116171506722582,0.1178434638513,0.09562883973584
"gene_660",0.175829264489133,0.215132640279295,0.2144970172375,0.175139994715793
"gene_661",0.104706182466581,0.127501647163118,0.128887266519791,0.104599424633875
"gene_662",0.121643571887679,0.147903456053911,0.149131423390564,0.121060934318054
"gene_663",0.0814865244196036,0.0997748112709536,0.0998135993199188,0.0814820603188565
"gene_664",0.077421714210277,0.0948451644490465,0.0949454105747389,0.0774778832508327
"gene_665",0.249140435053245,0.304216064522522,0.304227750861894,0.248306166740815
"gene_666",0.172659597993556,0.210427812826167,0.20974704251088,0.171014356763607
"gene_667",0.0831280997645003,0.101775927232518,0.101784178429262,0.0831089441384324
"gene_668",0.116695436842621,0.142652847956426,0.143035936102204,0.116605038360618
"gene_669",0.0983219811215693,0.120138799369791,0.120667578798767,0.0983343694177112
"gene_670",0.107139214000731,0.130412806603192,0.13101943281642,0.106675333654081
"gene_671",0.240848790145019,0.292707059943584,0.294713466710346,0.239333171412548
"gene_672",0.160369162700703,0.196896884722233,0.196421626678491,0.160456701294686
"gene_673",0.107625708703417,0.131366991347628,0.131311433896097,0.106932065249954
"gene_674",0.175468104883374,0.214870023429893,0.214811766144005,0.175328659607622
"gene_675",0.440543510329184,0.541831523042439,0.555130960560623,0.451029171371285
"gene_676",0.105660098493501,0.129490337984033,0.129912835844495,0.106047640345296
"gene_677",0.190045811764035,0.231270885908227,0.232186884057404,0.188840951946753
"gene_678",0.220394293424364,0.267616852205393,0.272321244297716,0.220481414833211
"gene_679",0.088008661252811,0.107765751002405,0.107764645732541,0.0879873251542133
"gene_680",0.074124046489034,0.090752420013379,0.0907780394303575,0.0741049857250462
"gene_681",0.0908713359172947,0.111251290325565,0.111328112295103,0.0908764335062502
"gene_682",0.0830325087705392,0.101725334074573,0.101712438681628,0.0830589752056848
"gene_683",0.076961233735608,0.0942719517411971,0.0942531103065141,0.0769648308084966
"gene_684",0.0888777507765095,0.109127258968711,0.108808124142567,0.0890425196061582
"gene_685",0.0924640880837525,0.113291787335566,0.113173359439984,0.0924599685848337
"gene_686",0.0994663056148539,0.121590851381404,0.121806467484242,0.0993377279580273
"gene_687",0.108849465066339,0.133578559051275,0.132955123394604,0.108774210737159
"gene_688",0.0944789549085657,0.115768158313419,0.115714727128309,0.0945072847945766
"gene_689",0.0777300468350142,0.095140568000721,0.0952299071224685,0.0777161591496708
"gene_690",0.0896785402761989,0.109854451573337,0.110012117861246,0.0897858120697236
"gene_691",0.0793547150890379,0.0970122197937136,0.0972184009353444,0.0792817285364427
"gene_692",0.148720123031333,0.182501096265569,0.182048568234772,0.148727031091304
"gene_693",0.0797747837406045,0.0978765068835426,0.0978122917100241,0.0798725704938198
"gene_694",0.188496107825698,0.232575614720502,0.229820065327139,0.188715526744046
"gene_695",0.323017725225928,0.394271027391527,0.395918546620869,0.322310041539736
"gene_696",0.184212583916421,0.22927576624209,0.229041844675244,0.187946739652409
"gene_697",0.130756289060013,0.15736977252102,0.16175423328761,0.129759489686079
"gene_698",0.10318489753041,0.126588549378056,0.126388275037768,0.103281963867846
"gene_699",0.173671617769429,0.212251203279998,0.212073016822319,0.173050387429346
"gene_700",0.235454775790356,0.288197148356804,0.287720249622811,0.235715088424236
"gene_701",0.107770437662841,0.134115309275906,0.133311631021499,0.109304467103146
"gene_702",0.107245545688728,0.13169523234286,0.131513715672729,0.107494928442811
"gene_703",0.122127135250054,0.149742016822092,0.150123940640592,0.12237709426828
"gene_704",0.166223992260566,0.202844824902003,0.203512965960108,0.166359354123381
"gene_705",0.095673864127815,0.11639213964074,0.11647782503453,0.0950265331114029
"gene_706",0.0846064023326597,0.103537390468584,0.103517799502862,0.0844988875250176
"gene_707",0.0822396980297598,0.100637039474839,0.100677089306844,0.0821619631048879
"gene_708",0.151367186272233,0.184247200705937,0.186764268782658,0.15145251595782
"gene_709",0.091791194894101,0.112333112320634,0.112517189571441,0.0918046185353733
"gene_710",0.0781406372169242,0.09564680762198,0.095723676039403,0.078125682788432
"gene_711",0.10241272130365,0.125029827528245,0.125632906564346,0.102358041557874
"gene_712",0.447298644261252,0.544150835587201,0.545819292381261,0.444653143694746
"gene_713",0.139324982461621,0.171465357444113,0.170831207559711,0.139844118927934
"gene_714",0.203383746903039,0.249287829822813,0.249317224235435,0.203664557623049
"gene_715",0.105753745263558,0.129273144915342,0.129299978667883,0.105466249396203
"gene_716",0.272972804978466,0.334848689924804,0.339103524612625,0.276530605638728
"gene_717",0.133407182656593,0.163146108393337,0.162160553568792,0.132518700405852
"gene_718",0.0942011021045483,0.115400736188369,0.116090943803744,0.0944661538630312
"gene_719",0.0953837687098886,0.116958050954062,0.116704863491605,0.095418033651434
"gene_720",0.429185114791035,0.520620023130702,0.526332998178286,0.426187243333543
"gene_721",0.0974219080818401,0.117524418075226,0.119869005284551,0.0968269689006534
"gene_722",0.101550612339676,0.124329083982067,0.124239255132577,0.101466527366381
"gene_723",0.0884145136751374,0.108337834293815,0.108636626139013,0.0885948097544163
"gene_724",0.190409584110301,0.231210810673724,0.233244746169906,0.189382515819383
"gene_725",0.361426333524051,0.425604544412378,0.429457958946853,0.342604950551649
"gene_726",0.405604449413746,0.494943696529667,0.50459579196271,0.408447180486947
"gene_727",0.396645580465049,0.481801691372205,0.481803363075976,0.393059973749817
"gene_728",0.192498491855492,0.237966246812089,0.23882061666582,0.195109080093026
"gene_729",0.0880317252349119,0.108094750821414,0.108710113682144,0.088567437716649
"gene_730",0.242704415859654,0.2937029833947,0.303903584968966,0.24374310108217
"gene_731",0.138797659395274,0.170003080668859,0.170184671603038,0.138944329030679
"gene_732",0.0899479058232708,0.109869145619398,0.110083672045777,0.0897569863401457
"gene_733",0.127688633705238,0.157318588551826,0.159310111464888,0.12945217294931
"gene_734",0.100142802382026,0.122738702713179,0.122586529907633,0.100136089866935
"gene_735",0.0977411719105637,0.119662633704102,0.119684536602072,0.09769150137974
"gene_736",0.14851072796228,0.179366363141759,0.18020495286108,0.14651035091982
"gene_737",0.109928202762657,0.134649990624149,0.135217549480435,0.110165045847686
"gene_738",0.0774601226737731,0.0947845275242745,0.0948411011533411,0.0774017198975821
"gene_739",0.101750263565784,0.124533349865541,0.124453943592421,0.101640157731319
"gene_740",0.125541830135304,0.153659802577716,0.153710559339173,0.125561927286852
"gene_741",0.0909526892045649,0.113000417208185,0.111270648878149,0.0917797387307722
"gene_742",0.278515669823245,0.335469705457418,0.341956827962809,0.275683374077197
"gene_743",0.181633019973933,0.222439771220822,0.225774238054743,0.183868398135182
"gene_744",0.102042334329881,0.124803088740948,0.125022871855834,0.10195271898063
"gene_745",0.24610527554239,0.297111162790125,0.300820442592887,0.243629447665619
"gene_746",0.130041127275157,0.159212197845571,0.158761719244668,0.129588285300051
"gene_747",0.0962765106231711,0.117909798007182,0.117807576176423,0.0962091579475704
"gene_748",0.0950682010303774,0.116596396718807,0.116355736451274,0.095116077182881
"gene_749",0.300294783387443,0.367193605430514,0.363409377412021,0.295927551878509
"gene_750",0.186365738256987,0.226822863176907,0.228470938392158,0.185746117224218
"gene_751",0.0904766657029654,0.110768930397995,0.110804496615825,0.0904480930385162
"gene_752",0.101476332239397,0.124467554537995,0.124184855486462,0.101523789265921
"gene_753",0.171222975618605,0.209676424603288,0.212751075859008,0.172676007983112
"gene_754",0.0992024970567855,0.121462694378566,0.121474464522656,0.0991497722657213
"gene_755",0.115890261953027,0.142207348267782,0.141818948436373,0.115923981636292
"gene_756",0.124074686292313,0.151452340966972,0.152284557706149,0.124015219844911
"gene_757",0.275902015646407,0.336862183792834,0.335428567593102,0.274410116528778
"gene_758",0.15072722719205,0.184287952895364,0.183575972222592,0.150155312091045
"gene_759",0.101035043631477,0.122959830832399,0.123137453578259,0.100259677810134
"gene_760",0.41170239719202,0.500987924609267,0.501028253707506,0.406301611120235
"gene_761",0.0826754336788219,0.101261337712469,0.10124015580178,0.0826712177924237
"gene_762",0.0853184190272384,0.104556012355383,0.10500186269233,0.085619812843668
"gene_763",0.207180275826986,0.255130524432307,0.256088311974421,0.209390016783261
"gene_764",0.169880262649431,0.208496854519652,0.206734580418255,0.16968105176674
"gene_765",0.127968520445346,0.156305412822256,0.156671425272723,0.127749732012911
"gene_766",0.150595869784104,0.1844581835397,0.184658899849378,0.15075461480984
"gene_767",0.0923968034269062,0.11301851967355,0.112729916424909,0.0920785806723629
"gene_768",0.130779293195562,0.159206354699652,0.161372800607018,0.130881553537754
"gene_769",0.267615400871187,0.324850485369298,0.325341220860577,0.264085262672945
"gene_770",0.102518035828219,0.125914229369426,0.125574357114836,0.10273630485358
"gene_771",0.118845043203629,0.145780326714054,0.145266071836964,0.118819054848384
"gene_772",0.231975093904648,0.283492994691858,0.281133018924059,0.229650909497546
"gene_773",0.104337094241993,0.128310236490899,0.128374587305094,0.105052806798051
"gene_774",0.431420300467046,0.523882651411375,0.551650056910643,0.43774545327468
"gene_775",0.104577978042606,0.128268694759454,0.128248264300535,0.10473989209219
"gene_776",0.0888929789360703,0.108906295864815,0.108777895158849,0.0888567102085766
"gene_777",0.0851009905594661,0.104187062400655,0.104172170800902,0.0850582206567309
"gene_778",0.111716169195308,0.136543183171111,0.136558232452882,0.111248383453762
"gene_779",0.304500640782581,0.376836588941265,0.373651386951689,0.305549732651498
"gene_780",0.0868776030802475,0.106146636562445,0.10600232547498,0.0865190521663346
"gene_781",0.158477703481442,0.194849602429823,0.194046617891532,0.15875426933286
"gene_782",0.0876928844316796,0.107058980197238,0.107033289488424,0.0873940408387919
"gene_783",0.111161001610368,0.135385109713143,0.136331127302838,0.110908456313587
"gene_784",0.159148836308953,0.192325607907359,0.197451046513815,0.158845704430324
"gene_785",0.0780534178910057,0.0955672987272527,0.0956946208513584,0.0780792708352681
"gene_786",0.0988119120924745,0.120668224345619,0.120846517481755,0.0985691288364177
"gene_787",0.2041307055927,0.248405734302951,0.24970264566764,0.203130063635866
"gene_788",0.0856138915608533,0.104813388716738,0.104868334099816,0.0855918699670355
"gene_789",0.178866465788544,0.22002431492554,0.220491802543309,0.180260973478788
"gene_790",0.218150266963527,0.267646666293768,0.268268674082642,0.219035752496697
"gene_791",0.198484038001956,0.243582988328666,0.244717756919729,0.199556521983817
"gene_792",0.136677758358731,0.165383298320225,0.167712862832001,0.13585712680024
"gene_793",0.214160820235194,0.260597434320258,0.265330270810446,0.21466600583356
"gene_794",0.100947401937382,0.123646828807448,0.123504292870975,0.100913489424087
"gene_795",0.0958864191097814,0.117184632512607,0.117552015262559,0.0958193056444385
"gene_796",0.0861127302529372,0.105392561636043,0.105313455241977,0.085995675877425
"gene_797",0.103744167187941,0.127101962068974,0.126928000552579,0.103688762763121
"gene_798",0.0780018283504452,0.0952844678803925,0.0956023061572673,0.0779033410578404
"gene_799",0.130910729123402,0.160125917062024,0.160404862629138,0.130773772639965
"gene_800",0.0920876315274791,0.11274692559414,0.112789785952894,0.0920708119109331
"gene_801",0.095309159686994,0.11691185663844,0.116685587762059,0.0953354079010656
"gene_802",0.106735879253562,0.130756725792419,0.131417547426374,0.107062969910146
"gene_803",0.406735064215206,0.4907385985309,0.502668429891347,0.40414002139898
"gene_804",0.290276750909678,0.357566821399707,0.350118764184727,0.289723082173784
"gene_805",0.120249800450018,0.147560789656854,0.14755873377051,0.120484809230668
"gene_806",0.102378660032763,0.125631551501696,0.125644643544841,0.10263985531125
"gene_807",0.1587317021829,0.196034403275422,0.196231835911385,0.160576462518851
"gene_808",0.125567035617717,0.153226145175955,0.15386184654205,0.12520691089799
"gene_809",0.0857204799349181,0.104975601844966,0.105005187740573,0.0857291289334383
"gene_810",0.302858501067284,0.376021530368049,0.368949812962714,0.304018799160426
"gene_811",0.0774320937508882,0.0948509593266731,0.0947928981648049,0.0774202764169739
"gene_812",0.0877671055206255,0.107473065737879,0.107469820040254,0.0877420525080155
"gene_813",0.20595490547516,0.2523337802809,0.249585264414734,0.204263956192961
"gene_814",0.159132422533452,0.194150104683292,0.194819776052551,0.158464776995327
"gene_815",0.1468008737827,0.178408709020789,0.180660177671271,0.146478443610215
"gene_816",0.100519946472505,0.122325479988455,0.122821428607922,0.0999205418231938
"gene_817",0.0884821443221612,0.108297090778276,0.108821592806227,0.0886284926580633
"gene_818",0.0845513871167965,0.103544238463377,0.103559267685069,0.0845512913497168
"gene_819",0.1349557565611,0.166426746092041,0.164907613716925,0.135314962444127
"gene_820",0.0755392652634937,0.0924978088398081,0.0925700862316916,0.075557452256896
"gene_821",0.226672757503544,0.276856518734643,0.284570395492795,0.230000709468728
"gene_822",0.312642914013314,0.3839592444834,0.384824522023449,0.313580287122826
"gene_823",0.123305022523476,0.150600948196993,0.15055569069053,0.122866012624828
"gene_824",0.100013376090938,0.122850770137633,0.122628931839446,0.100338817372212
"gene_825",0.13716067504742,0.167751517642895,0.169793303938135,0.138281873715525
"gene_826",0.0870925735487897,0.106613803179258,0.106909476275542,0.0872175500732721
"gene_827",0.0986099080609407,0.121525302692013,0.120660618094794,0.0989474073630211
"gene_828",0.140074037416109,0.170934823928778,0.170993050835849,0.139527125125312
"gene_829",0.0814540612311991,0.0997136669123497,0.0997761151443545,0.0814346761997514
"gene_830",0.0766942539797696,0.0944288921175877,0.0944284346978318,0.077074027691695
"gene_831",0.165491822893106,0.201917787464659,0.201135768260538,0.164263098013436
"gene_832",0.0847543166297778,0.103453813874562,0.104091157970614,0.0847417737153765
"gene_833",0.0938128460317756,0.117042681554113,0.115192561746935,0.0949427944598876
"gene_834",0.163484193659976,0.200308193117092,0.198456104166862,0.162682579855695
"gene_835",0.189435794425991,0.231221374173633,0.233825059122179,0.189484637879591
"gene_836",0.11377143762555,0.139252733844268,0.140255892147426,0.114235408857523
"gene_837",0.118976713675476,0.145515505624318,0.145684475057415,0.118816720552607
"gene_838",0.0822695289346052,0.100630407339796,0.100427182751605,0.0819487948078439
"gene_839",0.0981567693473212,0.120033786081075,0.119701241491374,0.0977712267092779
"gene_840",0.153074006712009,0.188452404209128,0.187938611919191,0.153671718903514
"gene_841",0.0840015586401771,0.102846272433998,0.102845670025129,0.0839665288584875
"gene_842",0.0739021740188768,0.090519557777672,0.0904318681144113,0.0738578635971305
"gene_843",0.084158217388487,0.103070941092225,0.103090451548756,0.0841692277797518
"gene_844",0.121475407673848,0.149646838510789,0.147969424478746,0.121550937852045
"gene_845",0.122774896787094,0.149712025284362,0.151323236751062,0.122876090742835
"gene_846",0.132674694734709,0.162620503769125,0.16120984571125,0.132089343349268
"gene_847",0.0995790095873524,0.121621075014798,0.122376432653042,0.099635527304647
"gene_848",0.200109098677934,0.24535671859587,0.249912827584313,0.20275274998219
"gene_849",0.450524519980793,0.544272484828443,0.556023863281567,0.448146657428165
"gene_850",0.09465174368873,0.115955266943913,0.115517723906925,0.0944246029615833
"gene_851",0.112647508968339,0.137841508286503,0.137991376926342,0.112382234169799
"gene_852",0.0808784802236281,0.0990508988081264,0.0990896147455604,0.0808953203337002
"gene_853",0.111863369479581,0.139341200892925,0.13916864648463,0.113990503540375
"gene_854",0.15582405233493,0.191646703881663,0.188991673995945,0.155058040181936
"gene_855",0.0852972567360389,0.10464300914097,0.104413739738313,0.0853412748562195
"gene_856",0.104912667749073,0.128655915306939,0.128176897019694,0.104845758824746
"gene_857",0.0907348909198272,0.111093417943937,0.111124695960726,0.0907104924626557
"gene_858",0.0769485157721379,0.0942340507741623,0.0942436097037656,0.0769480102896606
"gene_859",0.101485478995455,0.123983570172231,0.124564494637112,0.101479012741155
"gene_860",0.0827243903009596,0.100812288495979,0.100640179047728,0.0822511834093251
"gene_861",0.113354558314669,0.138840615931634,0.138499462187421,0.113149847507719
"gene_862",0.203631145453991,0.253895960048996,0.254038137305613,0.208485632877822
"gene_863",0.084372001090274,0.103398716294347,0.103526069298381,0.0845006624482008
"gene_864",0.158891684065607,0.194077330021481,0.19451314877146,0.158700171220163
"gene_865",0.115878285921214,0.142144725242695,0.141828740516623,0.115870241679876
"gene_866",0.122597680177433,0.149536773120627,0.149991905493402,0.122084745153433
"gene_867",0.109820863546892,0.134608213522562,0.134085434281362,0.109710344167837
"gene_868",0.0936197592403962,0.115151801500812,0.114244687830163,0.0936665235930509
"gene_869",0.0850882972144545,0.104211766288881,0.104243005338678,0.0851096633884392
"gene_870",0.152846781480095,0.184895914479195,0.188205007596238,0.152042636074857
"gene_871",0.0992675013834289,0.122131747708212,0.121123918242432,0.0993357372644901
"gene_872",0.138728786189309,0.168253577545712,0.168044967962732,0.137228537446938
"gene_873",0.100655412185019,0.123285244211514,0.123331697642709,0.100673556186054
"gene_874",0.304012413226456,0.367017248600777,0.378494970471977,0.304124109965325
"gene_875",0.453604537888188,0.55369333495043,0.555905197995239,0.452781405994849
"gene_876",0.121403442810506,0.148313776659017,0.148545759481552,0.121170650289013
"gene_877",0.120613609971152,0.148128705259191,0.146206740659402,0.119933426470011
"gene_878",0.160288682512514,0.19571540739962,0.196715131767444,0.160110030202774
"gene_879",0.0918582436124262,0.112432757459894,0.112559977577746,0.0918711468871203
"gene_880",0.0976407924693082,0.11943874488733,0.120264354147401,0.097965409163541
"gene_881",0.133496703642325,0.162926029158279,0.16421284709527,0.133323331486008
"gene_882",0.0730699444912897,0.0894757351525376,0.0894605589118173,0.0730429105990769
"gene_883",0.106364377317739,0.130807849600115,0.130132551710578,0.106590964523226
"gene_884",0.116646283703403,0.142143393213155,0.143014451344927,0.116229050490451
"gene_885",0.0968739403490455,0.118689116660416,0.118642086239057,0.0968928407030266
"gene_886",0.0809317695888528,0.0990918039512258,0.0991720956332787,0.0809459526147247
"gene_887",0.436971451483217,0.524672163601654,0.532149766510885,0.428774743598338
"gene_888",0.0935151667564013,0.114523415267252,0.114622359770322,0.093546094174841
"gene_889",0.175180322342311,0.21249114271292,0.211924658015888,0.173282973192127
"gene_890",0.0770251375592035,0.094117843018645,0.0943055291311135,0.0769072079343387
"gene_891",0.152572813092642,0.1856786094505,0.184764954992151,0.15163030993173
"gene_892",0.40760038699677,0.508259354769483,0.491964894774939,0.409286877604099
"gene_893",0.219847642393345,0.26283003077878,0.269702222111441,0.216980422024251
"gene_894",0.11901026512664,0.146286559028495,0.14635494525119,0.119591029386397
"gene_895",0.0885421552425875,0.108347764774851,0.108455504875195,0.0884955036772227
"gene_896",0.0960362925743,0.117388690498427,0.117518922676895,0.0958847125440477
"gene_897",0.152353033355926,0.185946902412497,0.183811016119323,0.150173681733226
"gene_898",0.0861074905335183,0.105396335315075,0.105450870214329,0.0860730568900788
"gene_899",0.0833214650232795,0.102013215542378,0.102067739064738,0.0833144186119107
"gene_900",0.233112586700748,0.281127334893468,0.289548885314489,0.232891461905626
"gene_901",0.315506787013195,0.390676411143799,0.384471664446608,0.316688991687919
"gene_902",0.0854059052590374,0.104598897032914,0.104565281648794,0.0853868803149203
"gene_903",0.0879031384665589,0.107620130718965,0.10759552420416,0.0878463338515655
"gene_904",0.400783946514313,0.485037886469422,0.484947350245491,0.393359061156922
"gene_905",0.0999667048122775,0.12206687120845,0.122288624973969,0.0996725624924984
"gene_906",0.109575919829085,0.13377290786379,0.132936932971315,0.108614455907379
"gene_907",0.286786108286172,0.350036234967202,0.352747467919375,0.286964998044441
"gene_908",0.0869887255391801,0.106572827857974,0.106572348197149,0.0870304039929262
"gene_909",0.0801663122139631,0.0981577145231561,0.0981814184844188,0.0801471525085277
"gene_910",0.363590766942418,0.445012845571825,0.441068028054857,0.361798516191365
"gene_911",0.0974016911364265,0.119583992971148,0.119024989206212,0.0973282329426089
"gene_912",0.092160461975341,0.112759826666266,0.113084715849814,0.0921875665237784
"gene_913",0.112024090240078,0.13644132625119,0.136519473719883,0.111320997833651
"gene_914",0.276178637618611,0.341353064009744,0.338671651710569,0.278775155840604
"gene_915",0.424395626815995,0.504256742195383,0.521420402413969,0.418003704728703
"gene_916",0.109048312051191,0.133454294992432,0.132957345137706,0.10873024121032
"gene_917",0.394946334326163,0.487878795990331,0.478164934789479,0.391966093826107
"gene_918",0.134714192291043,0.163690539070335,0.164898952752697,0.133930426492937
"gene_919",0.233938120274459,0.284765910960765,0.288682606475451,0.233676102605591
"gene_920",0.0971861794756811,0.118814785721515,0.118831356596454,0.0969372215740664
"gene_921",0.1729886104388,0.211687644871156,0.21401753234947,0.17407333685656
"gene_922",0.157496380325323,0.192346698174117,0.193943576494015,0.157736418644601
"gene_923",0.137973693080015,0.169875251465169,0.169387365516627,0.138497873043127
"gene_924",0.0923982981612111,0.112815503016542,0.113977019758026,0.092511389974359
"gene_925",0.440479148493263,0.533700670894547,0.542899070677754,0.439549214584629
"gene_926",0.163904233722858,0.198820048215869,0.203287798682217,0.164179597442957
"gene_927",0.135645781901852,0.16435033988886,0.166154428915838,0.134674306357144
"gene_928",0.128669964876604,0.157400043656724,0.158443513795786,0.128956191363055
"gene_929",0.3896353552959,0.474010527686076,0.470632208901551,0.382272851581717
"gene_930",0.0839010210781415,0.102612598638389,0.102332280788629,0.0835824338419681
"gene_931",0.386321872042307,0.471401756320968,0.46220925244228,0.378654821334349
"gene_932",0.0804310755188681,0.0983702127850724,0.0984886658802819,0.0803619829193427
"gene_933",0.10579194817844,0.129587215733005,0.128872095159917,0.105472646310422
"gene_934",0.0977075665307054,0.119663972230451,0.119770032645921,0.0977107168828427
"gene_935",0.131036629442192,0.160779233059083,0.160333130935503,0.131133387500196
"gene_936",0.0854638739359808,0.104595853286119,0.104638056373345,0.0854032354784841
"gene_937",0.0974177616910407,0.119298861376556,0.119326776684093,0.0974269510084161
"gene_938",0.0927510594769363,0.113459860427814,0.113761279149859,0.0927351666485638
"gene_939",0.0972454734192144,0.11884054569669,0.118741964493449,0.0969398269881472
"gene_940",0.366910508587605,0.456509195939751,0.451606978420937,0.372104424228712
"gene_941",0.0956892986181617,0.117010020554652,0.117341956799138,0.0956445838022017
"gene_942",0.0969587786034177,0.118626812299225,0.119055523340019,0.0970463655775142
"gene_943",0.0906476918526379,0.111178836661938,0.112088768282341,0.0913537108262126
"gene_944",0.347513090903028,0.427159636426758,0.425312032898109,0.34713516716431
"gene_945",0.0902183012148124,0.110471322562546,0.110478704712942,0.0902039194792503
"gene_946",0.0878426400416067,0.107596063571643,0.10757614775318,0.0878443625799535
"gene_947",0.112874989649881,0.138259737785238,0.139460864164571,0.113488478841028
"gene_948",0.399826981772405,0.489649338046824,0.488717605065453,0.397012151742614
"gene_949",0.101571239341963,0.124438746627594,0.124433351147137,0.101612654001818
"gene_950",0.082420427792375,0.100872399337109,0.101073765230006,0.0824474321264669
"gene_951",0.0919576838632232,0.112632450408353,0.112650665881539,0.0919824459461739
"gene_952",0.109226425815375,0.133875798693891,0.134084255881554,0.109394209861199
"gene_953",0.147296392462587,0.181303345231411,0.180719398060028,0.148209102790714
"gene_954",0.39667441476034,0.506035366244028,0.481429896518081,0.401217324058401
"gene_955",0.331988746448676,0.403055304850919,0.420932480562826,0.338154419129642
"gene_956",0.207721730147682,0.250290839740675,0.254768645355758,0.206696331225148
"gene_957",0.100420897503937,0.122650870994598,0.122062291733585,0.0998140638774029
"gene_958",0.191439198971032,0.231108158357211,0.235860681865675,0.189897659550251
"gene_959",0.206405256711633,0.256186719815373,0.250548519001937,0.206908016979513
"gene_960",0.0763007697852049,0.0934335342457381,0.0934702215034921,0.0763006603151819
"gene_961",0.102465968039071,0.125546681472814,0.125540535518883,0.10251871266435
"gene_962",0.14995976103399,0.185231437218905,0.184955683105136,0.151887972084872
"gene_963",0.117809933688114,0.143799766704619,0.142451694272503,0.116424758653498
"gene_964",0.28446319844675,0.349588890000625,0.345797123336366,0.283263214960418
"gene_965",0.084601889576857,0.103607049151049,0.103637246102819,0.0846056085803558
"gene_966",0.111861132762015,0.135403787869533,0.138751371636899,0.111880323659765
"gene_967",0.137264029459988,0.168151288175616,0.169714880531884,0.138212822745748
"gene_968",0.11197015393596,0.137360174546094,0.136355801268685,0.111648004190968
"gene_969",0.090182255913952,0.110249892886077,0.11030223271454,0.0899993766337941
"gene_970",0.261748425544686,0.317129908408659,0.314219422106944,0.255825275588432
"gene_971",0.124892661402133,0.153117651857758,0.151422933820459,0.12383862572466
"gene_972",0.0962762460943884,0.118092294127577,0.118487403689462,0.0966003808933286
"gene_973",0.0970581281832953,0.118872039627109,0.118877371180484,0.097057791615322
"gene_974",0.129517403079735,0.157681507522801,0.157322864437732,0.128686512000604
"gene_975",0.257434064991421,0.317193249972744,0.325414903680889,0.263905717540724
"gene_976",0.229749512358119,0.287178887870556,0.291730875605021,0.238281716225333
"gene_977",0.261093935174234,0.315971595264846,0.323055247151757,0.261326060244974
"gene_978",0.0893967711971474,0.109588107146104,0.109510635642402,0.0894566776363767
"gene_979",0.0931922639909335,0.113752675803545,0.113659737090181,0.0927289481022276
"gene_980",0.115489936704449,0.140981981996695,0.141292951315474,0.115029072986944
"gene_981",0.0986510240122044,0.120841984999517,0.12144350181464,0.0990211798076218
"gene_982",0.161430062703352,0.196693349435789,0.197481735977904,0.160759640637374
"gene_983",0.172149514172595,0.213377978087426,0.211951527496393,0.174166662806728
"gene_984",0.238416235286234,0.294316916230269,0.291364109600449,0.239008268982462
"gene_985",0.0852353898070592,0.104354242224962,0.104423937486055,0.0852301091977857
"gene_986",0.133235442123765,0.162506835047907,0.16082105349888,0.131466335292281
"gene_987",0.338222578172265,0.414926628831005,0.414412427062582,0.339670102471633
"gene_988",0.40430610869441,0.502920195243949,0.501090210964806,0.411792349283126
"gene_989",0.0923816863725915,0.11354158630148,0.112908242295553,0.0924133662794522
"gene_990",0.092429606273491,0.112766032310451,0.113402713731711,0.0922932808426435
"gene_991",0.23569676779548,0.289100078529354,0.287119615548903,0.235334152204046
"gene_992",0.121952317449792,0.149559976739952,0.148974639089143,0.121952255124437
"gene_993",0.109688925881245,0.134208517477212,0.134586250715437,0.109763641653239
"gene_994",0.0791691433958969,0.0968715575544069,0.0969289195586349,0.0790985755965855
"gene_995",0.111728416197521,0.136622869827673,0.13652924771153,0.111427943206879
"gene_996",0.345838268793182,0.420096484012811,0.43664883037165,0.35126482717909
"gene_997",0.135147277286117,0.166233625243285,0.166085494696764,0.135827920275482
"gene_998",0.278269559876926,0.33760506380014,0.339815719085023,0.276296348745425
"gene_999",0.0887520121922327,0.109714397225167,0.110064944785273,0.0899387607633162
"gene_1000",0.0958956924453849,0.117455858258878,0.117383731175466,0.095841830430747
"gene_1001",0.108250722108969,0.132476340761146,0.132612163857792,0.108222534887554
"gene_1002",0.161432579002178,0.197738337482712,0.197685203293626,0.161496375441323
"gene_1003",0.0943286663861625,0.115502734230295,0.115673415607308,0.0943977053611159
"gene_1004",0.0984987352594398,0.120802272914175,0.12200349334698,0.0990739963231703
"gene_1005",0.0919999393302115,0.112706169647008,0.112637910693106,0.0920024055924084
"gene_1006",0.112718569028872,0.137718535761747,0.137926531552548,0.112469752582476
"gene_1007",0.0937402219612151,0.114825968155733,0.114864605135284,0.0937916100027559
"gene_1008",0.0964541857150306,0.117979886080836,0.117799220320944,0.0960586232357681
"gene_1009",0.219148838799327,0.267022600896815,0.267244600379815,0.217787917697432
"gene_1010",0.092955205288664,0.113727749013475,0.113766820855403,0.0928222734691146
"gene_1011",0.0804829309666284,0.0985097713282453,0.0988779547445856,0.0806052404176456
"gene_1012",0.134030204652664,0.165765759703793,0.163869735836428,0.134790400908855
"gene_1013",0.0810548158444041,0.0992602904738834,0.099271161094347,0.0810487054975943
"gene_1014",0.134930906935793,0.16337270903815,0.163666602232619,0.133613484053179
"gene_1015",0.107272006444769,0.131394204392454,0.132718065232272,0.107571648852467
"gene_1016",0.24588198861097,0.296260891801052,0.301293081227707,0.243201246076856
"gene_1017",0.105299790048032,0.127675166819085,0.129308540093888,0.104725577711806
"gene_1018",0.133253413270913,0.161393064255557,0.162220352556961,0.131833572853588
"gene_1019",0.30636790254246,0.381633053682691,0.37544826562808,0.309202218636747
"gene_1020",0.124341428029782,0.151445516647763,0.151228727289154,0.123348319795275
"gene_1021",0.0820485584776578,0.100403200964778,0.100548250054731,0.0820236326783303
"gene_1022",0.41812885626981,0.49648296454464,0.497973322082299,0.402536748579812
"gene_1023",0.0960852431517963,0.117423391279877,0.117519409552398,0.095835128310328
"gene_1024",0.154067458793874,0.18865633685588,0.190083052148114,0.15484293436598
"gene_1025",0.152853820015549,0.185313991441106,0.188864037835744,0.152484340900951
"gene_1026",0.0914072864534363,0.111935069239511,0.111606383995913,0.0912418967594256
"gene_1027",0.0964745979247838,0.1180406572612,0.11825749697147,0.0964241745917884
"gene_1028",0.173512320859641,0.212460516841244,0.211342116442721,0.173008209614435
"gene_1029",0.0883663164502924,0.108235373314922,0.108593539052763,0.0885911326621028
"gene_1030",0.108187370943006,0.132507318395704,0.132449104147687,0.10820639954243
"gene_1031",0.0881342620554621,0.107936462708281,0.1080693601223,0.0881830831698159
"gene_1032",0.0911957075430679,0.111787552221759,0.111442306865263,0.0910951534800239
"gene_1033",0.174840088831236,0.21745539057228,0.21323515236081,0.175974931454903
"gene_1034",0.415378763102917,0.519283569733891,0.515454997987039,0.425397618365338
"gene_1035",0.0765467240403699,0.0937709487570728,0.093776312237407,0.0765703267312115
"gene_1036",0.0836190300886234,0.102411483891737,0.102373380268909,0.0835917798920679
"gene_1037",0.32665564214635,0.394340119308957,0.41814273047653,0.331950368220311
"gene_1038",0.0962624338373451,0.117396412845479,0.11749041226722,0.0957961739357031
"gene_1039",0.10473547462848,0.129112078717856,0.127792997310713,0.104973937651309
"gene_1040",0.222232750840989,0.276528289985159,0.274583250830277,0.225772171419648
"gene_1041",0.17773527189882,0.218566493825907,0.215388827310933,0.176554854864121
"gene_1042",0.106907957054359,0.130732989621468,0.131090740018137,0.10685307927981
"gene_1043",0.1846266998809,0.21920697619101,0.229575725288858,0.181923289031649
"gene_1044",0.0838619385794214,0.10263779391236,0.102939273197514,0.0839531660202467
"gene_1045",0.105592501373391,0.128975401415246,0.128432486696991,0.104975315923051
"gene_1046",0.11216685692791,0.137796306421629,0.136354851723832,0.111752013500011
"gene_1047",0.0899609627948052,0.110018001483849,0.110105272184375,0.0898230381808496
"gene_1048",0.414356485657568,0.51188093544649,0.52177132578658,0.424899470101206
"gene_1049",0.09298152068817,0.113489538008881,0.114053716145215,0.0929304715994281
"gene_1050",0.263219866196661,0.322576909068146,0.319808513201468,0.261977497370543
"gene_1051",0.214110239264461,0.258927481712976,0.261564664068769,0.212546365416473
"gene_1052",0.0789282814162653,0.0965780021305878,0.0967743649634428,0.078948852949873
"gene_1053",0.0959210558027752,0.117202590827167,0.117268977768783,0.0956200870920674
"gene_1054",0.426798888207855,0.524962696701669,0.524088570424948,0.42812578506452
"gene_1055",0.109875502617407,0.134518388138569,0.134618902114589,0.109863830870438
"gene_1056",0.246867646253866,0.300058555730638,0.307947301300105,0.249089716123014
"gene_1057",0.179771936253896,0.222296350808432,0.219218960719755,0.179912680963988
"gene_1058",0.120993980045764,0.148720645292825,0.149184676567912,0.121867389687674
"gene_1059",0.0878242222222307,0.107533161994997,0.107543699273713,0.0877993378372238
"gene_1060",0.0999532596094295,0.122072785853073,0.123371175233936,0.10019440301236
"gene_1061",0.0845005474489311,0.103472576040865,0.103470476457368,0.0844797956805978
"gene_1062",0.091400631970101,0.1117792999829,0.112131619080848,0.0914442444574714
"gene_1063",0.0976772345795354,0.119774610327756,0.119710057795289,0.097837097261368
"gene_1064",0.189566446348675,0.230895100915957,0.230500479798676,0.188278390653793
"gene_1065",0.0906158783110302,0.110867478051329,0.110820053118386,0.0905030621965358
"gene_1066",0.0847234980790486,0.103775855613049,0.103790075461358,0.0847080204882929
"gene_1067",0.0993322552982208,0.121401559481966,0.121617783488408,0.0991806202203638
"gene_1068",0.0959517912312287,0.117344026433748,0.117384958574154,0.0958074080020348
"gene_1069",0.105188336365036,0.130157185791797,0.127839476694695,0.105357936323493
"gene_1070",0.297882138442288,0.364469102819821,0.370927706889187,0.30044164645472
"gene_1071",0.0931827462997612,0.114101528892055,0.114119642154821,0.0931779136980926
"gene_1072",0.098403666365833,0.12062049928801,0.120562787340854,0.0984790308486912
"gene_1073",0.085245195994657,0.104406137672859,0.104342294170757,0.0851731455857305
"gene_1074",0.257693053428264,0.315760193172418,0.313087909627038,0.255480933030805
"gene_1075",0.121118202200449,0.15377501470368,0.14661807540981,0.123226042711783
"gene_1076",0.0890672355488351,0.109226763568175,0.109002721550265,0.0890989468768518
"gene_1077",0.115272919382937,0.14088642265979,0.141673947356678,0.115361480680835
"gene_1078",0.0880253590325887,0.10781584459548,0.107919724820735,0.088095824468384
"gene_1079",0.121920464129946,0.148648210596089,0.148419522554238,0.121219542598646
"gene_1080",0.0829868946246941,0.101713939632065,0.101527734103527,0.0829609055821382
"gene_1081",0.129574122871413,0.158174560136537,0.157796400509783,0.128777638012551
"gene_1082",0.428343900267,0.522459302307828,0.516051190638997,0.424121137745034
"gene_1083",0.114281707437583,0.139180774851714,0.141160134573316,0.114522009818395
"gene_1084",0.449693012950926,0.552185049392369,0.547393560708033,0.449093169905342
"gene_1085",0.0994704707857524,0.122490279992689,0.121741204236665,0.0996904426787989
"gene_1086",0.11239624099765,0.137447431214817,0.137897983571514,0.112548510702069
"gene_1087",0.088611174454368,0.108427749964145,0.108555812227258,0.0885799964968508
"gene_1088",0.139581047387421,0.170633688455629,0.171766739906981,0.139888084165793
"gene_1089",0.18737391805729,0.227866685364831,0.230064812214449,0.186656708619381
"gene_1090",0.40059706099952,0.477015571556788,0.483146450778979,0.390059392807662
"gene_1091",0.0764328985511627,0.093637955617893,0.093598446267307,0.0764424888746787
"gene_1092",0.206892552107082,0.261615215273429,0.255807644786981,0.211980012550069
"gene_1093",0.0741167058747335,0.0908050248596824,0.0906734733228003,0.0740882573499374
"gene_1094",0.43517656224927,0.531896196619226,0.537248145438277,0.434886604680976
"gene_1095",0.219571733847844,0.269267100062567,0.27049505913345,0.220500256292173
"gene_1096",0.0802567123064814,0.098384824309707,0.0984942573698676,0.0803509201348361
"gene_1097",0.113853190450287,0.139301602457958,0.140170350440214,0.114104601724538
"gene_1098",0.0834835321175006,0.101757937282043,0.102405799998856,0.083274410450379
"gene_1099",0.0874567296875177,0.106878432507547,0.107134432742929,0.0873473648310651
"gene_1100",0.305941694041573,0.372847000229795,0.374625548656531,0.304230169410962
"gene_1101",0.0826984304464357,0.101030715841097,0.101082285337691,0.0824384855625622
"gene_1102",0.150797064529355,0.184977348642017,0.184165792332732,0.150810026323907
"gene_1103",0.0893560324871366,0.109391208384399,0.109408854062558,0.0893111064585017
"gene_1104",0.226896272057384,0.270148400839918,0.279954628725644,0.224327348452305
"gene_1105",0.0844964253722015,0.103645733946895,0.103343074811661,0.0845456136633234
"gene_1106",0.0827372299582599,0.101321851560709,0.101406704824705,0.0827700535295626
"gene_1107",0.154089955327504,0.188134611637494,0.186857365118205,0.15267799836143
"gene_1108",0.429310733602344,0.525288681381421,0.531245537204555,0.429609527406784
"gene_1109",0.0790946537260852,0.0970291832616402,0.0970768938010798,0.0792427502483532
"gene_1110",0.0933317675666804,0.114129462100578,0.114276508476566,0.0932450038823109
"gene_1111",0.370742231630952,0.43811497499629,0.470906398699659,0.369101979122309
"gene_1112",0.110586171803831,0.135224845789585,0.1363185528632,0.110894737756334
"gene_1113",0.13114219043095,0.159602740745771,0.161423435702029,0.131027551537143
"gene_1114",0.11462376956075,0.140246016086328,0.140587561903635,0.114588181426632
"gene_1115",0.0828100300534071,0.101432813190834,0.101430978749722,0.0828209135573223
"gene_1116",0.223858635812723,0.269150855147783,0.270134307912339,0.218803761080015
"gene_1117",0.0839717491310981,0.102825161264771,0.102838200513887,0.0839572819504047
"gene_1118",0.0782150405130862,0.0959104619153724,0.0956276780696672,0.0782130003047028
"gene_1119",0.0811379095415982,0.0992449966185725,0.0994010888064712,0.0810499853580105
"gene_1120",0.0884982882666569,0.107987548676278,0.108388942209168,0.0882604697875236
"gene_1121",0.088273008748752,0.108016206250872,0.107916499163213,0.0881051694359436
"gene_1122",0.148213185741967,0.182143458503709,0.182926852389097,0.149302785444297
"gene_1123",0.179473548928242,0.216968505820948,0.218854850091467,0.177552267581569
"gene_1124",0.0884184090747791,0.108319211527493,0.108478377978195,0.0885341554707144
"gene_1125",0.0948508646587241,0.116149590627123,0.116116321114884,0.0948080847623131
"gene_1126",0.253844131107428,0.305733023960623,0.314896817587185,0.252798875288282
"gene_1127",0.0968074083312435,0.119652126409708,0.119122665491568,0.0974609018617105
"gene_1128",0.182572564761921,0.222692058169818,0.227686971413225,0.184015239472988
"gene_1129",0.275018687784844,0.328855490744571,0.335244939111875,0.271464306587035
"gene_1130",0.11942862092855,0.145860674924945,0.146081079384858,0.119103412109576
"gene_1131",0.091869253616456,0.112599724509434,0.112397799413967,0.0918903074097272
"gene_1132",0.160279172920856,0.196821841515143,0.195457618901099,0.160104037462274
"gene_1133",0.122467817339742,0.14898525688104,0.151717125811704,0.122792630797671
"gene_1134",0.255172072792045,0.305463349967544,0.316680754084111,0.252951707946267
"gene_1135",0.115002205236939,0.141038684924112,0.140013729875546,0.114582353265482
"gene_1136",0.418979357285498,0.508962421358555,0.523027747985968,0.421369217388428
"gene_1137",0.0791589401785808,0.0970409387586945,0.0969216237382486,0.0792121910419757
"gene_1138",0.157049108270029,0.192223347923901,0.191988673938623,0.156661151312246
"gene_1139",0.0798643625816418,0.0975336579084691,0.0975642698855097,0.0795735023745166
"gene_1140",0.0924592577219277,0.113083389350681,0.11339435170937,0.0924780531961775
"gene_1141",0.400527327766932,0.496735667209598,0.485069934827871,0.399800292350212
"gene_1142",0.0917089659321937,0.112268141047263,0.112260968178925,0.0916830554278782
"gene_1143",0.231996439628175,0.290044685850049,0.283542107854638,0.23532938880767
"gene_1144",0.105317044251876,0.128518317011055,0.128466172129674,0.104834313044231
"gene_1145",0.202846941755492,0.246135220614745,0.249212953643811,0.201546275571546
"gene_1146",0.200877397581828,0.245161577719695,0.246041972252116,0.200147610447946
"gene_1147",0.103776553436977,0.126711990338643,0.127073984002911,0.103517242435861
"gene_1148",0.187418217323108,0.22635466858917,0.226622447316632,0.184903983821349
"gene_1149",0.0912492413151017,0.111740099037629,0.111764696833558,0.0912433158795642
"gene_1150",0.162356431382639,0.198473112080581,0.196498815633225,0.160936726073255
"gene_1151",0.0919111118359191,0.112734518086221,0.112739062209131,0.0920950630540962
"gene_1152",0.0712364165185632,0.0872206698747516,0.0870687011153504,0.071104846348431
"gene_1153",0.492464213833674,0.611145229795335,0.602118661388479,0.494369650719728
"gene_1154",0.217986591568022,0.262998843797698,0.267978600097726,0.21515321115575
"gene_1155",0.0937172021310875,0.114871595827325,0.114933355399195,0.0938364898346513
"gene_1156",0.0776398375354423,0.0951205907840513,0.095110791679036,0.0776666390579573
"gene_1157",0.0858054318784416,0.105002631297273,0.10502894909155,0.0857309463367799
"gene_1158",0.204173492176089,0.248357573448973,0.250007711309443,0.202334352776091
"gene_1159",0.0952655412713328,0.116648265386402,0.116722879477426,0.0952801072027003
"gene_1160",0.121948335568857,0.15001569266877,0.148590037962045,0.121878011165873
"gene_1161",0.0891396112989505,0.109152724389385,0.109190110438629,0.089140282013114
"gene_1162",0.139479242429706,0.171293197621388,0.172689399258661,0.140591982783857
"gene_1163",0.183895892314588,0.224163932131576,0.224847397658874,0.18333457026077
"gene_1164",0.105763200599893,0.129687215874647,0.130130590587546,0.106218167348463
"gene_1165",0.106471673564054,0.129458679817785,0.129879174853763,0.105828050632943
"gene_1166",0.0858224931486123,0.105183264221556,0.105370810420025,0.086045729932974
"gene_1167",0.0872218497980928,0.106819796101834,0.106795065570868,0.0872062540327675
"gene_1168",0.111738137745884,0.136520059330043,0.135941936027887,0.110981998216417
"gene_1169",0.0943241915407055,0.115676745958038,0.11549799065651,0.0943687300466157
"gene_1170",0.219837650494953,0.268623078834788,0.269978934004946,0.220112213344042
"gene_1171",0.176051770315921,0.213753142544232,0.21378561535046,0.174296338223984
"gene_1172",0.186668381347931,0.229188202124674,0.227487441230504,0.186008559895463
"gene_1173",0.0864069110777222,0.105723104829225,0.10578241568521,0.0863280029045808
"gene_1174",0.423395233442049,0.517458436117249,0.51321893785055,0.418866195568079
"gene_1175",0.114428318628818,0.139518238473372,0.139142909372214,0.11358880594909
"gene_1176",0.102519825134508,0.125456836697887,0.125656119570331,0.102551082947329
"gene_1177",0.107396363652796,0.13172249785844,0.131627767231499,0.10754952865668
"gene_1178",0.128594086890796,0.156741782051172,0.157841857192315,0.128412332690371
"gene_1179",0.100885589295047,0.123660949137944,0.12377610858136,0.101067314157086
"gene_1180",0.170672600487019,0.206104288581105,0.209994850997314,0.169377086018398
"gene_1181",0.0873536021250843,0.106945443135932,0.106999751261992,0.0873395659152173
"gene_1182",0.420353293260012,0.515414038640026,0.513148427954967,0.41820211622051
"gene_1183",0.093530549907299,0.113556147572533,0.114434209000889,0.0927791368989524
"gene_1184",0.082416306031189,0.101073891418506,0.101006604777444,0.0825361557786613
"gene_1185",0.090435733838685,0.110995058339883,0.110930028830059,0.0906429733292345
"gene_1186",0.250228711205478,0.305607546789728,0.306040234326566,0.248762641554297
"gene_1187",0.0924281778323291,0.113172274180758,0.113189278900694,0.092406670492812
"gene_1188",0.13899307770057,0.170059638514599,0.170874288255592,0.139270315179169
"gene_1189",0.17201943274107,0.212552216744295,0.209859285294872,0.172306342642671
"gene_1190",0.0920218758652087,0.112592831004692,0.112782874649346,0.0919901106679131
"gene_1191",0.10189884831301,0.124756815786236,0.124751724100228,0.10184630731747
"gene_1192",0.305571260174176,0.377227634402061,0.372966362105305,0.306452205257777
"gene_1193",0.328540146349897,0.398590536376983,0.382678946732693,0.315976001428444
"gene_1194",0.0905018984319922,0.110795463946045,0.110919474641262,0.0905207220189234
"gene_1195",0.39386216603544,0.474112443043929,0.468748658737877,0.381650731875774
"gene_1196",0.0840763240210307,0.103992490736603,0.10381149408743,0.0848498331576421
"gene_1197",0.116397381487966,0.141843359384172,0.143856599352904,0.116731664905663
"gene_1198",0.129585754897706,0.157803892566629,0.157854182739265,0.128927846409443
"gene_1199",0.0963209746458073,0.118101516712223,0.117826506163992,0.096271990357418
"gene_1200",0.0904530018875455,0.110801793673682,0.110775599328841,0.0904614048957202
"gene_1201",0.0870830812072037,0.10664047739731,0.106655074954688,0.0870777509560318
"gene_1202",0.104960898659161,0.127739477559581,0.127982428317272,0.104327126681379
"gene_1203",0.0982274807044659,0.119843753459172,0.120531633625222,0.0981345413752765
"gene_1204",0.111922859424969,0.137138346088991,0.136519952664706,0.111652082613522
"gene_1205",0.106423871232353,0.130334830414476,0.130284937072177,0.106376274728429
"gene_1206",0.422497638536419,0.508028837742675,0.504803281244469,0.408809299248543
"gene_1207",0.0798262035037877,0.0977808815820869,0.0977782504075999,0.079834068951449
"gene_1208",0.177222153311011,0.216305264115063,0.216816834291058,0.176723482188077
"gene_1209",0.118742367829037,0.147116840402602,0.146434679323942,0.120283106123894
"gene_1210",0.0945870007585914,0.11606158222307,0.115622817828822,0.0945468041796897
"gene_1211",0.102008108892439,0.124609032670567,0.124656913659646,0.101733383608065
"gene_1212",0.161657950724043,0.197519962813567,0.197020440003533,0.160782016250061
"gene_1213",0.101743645870644,0.124973368665502,0.124556719041212,0.101939278224816
"gene_1214",0.213907029759643,0.264428703405869,0.261751663404955,0.215213703275105
"gene_1215",0.211973991391836,0.264382403179769,0.260456629933826,0.214849220509382
"gene_1216",0.0982160283637794,0.120118584270751,0.120603402464047,0.0982748148814045
"gene_1217",0.106313199465611,0.12991700758298,0.130241711123975,0.106175294815026
"gene_1218",0.164230093728833,0.201476110650496,0.201789671986559,0.164966260629059
"gene_1219",0.0904929721358458,0.111634834348292,0.111768391318141,0.091219386625213
"gene_1220",0.133654102322951,0.162349347422187,0.164729865172044,0.133563604935885
"gene_1221",0.32454927769789,0.397817716756053,0.40012017880295,0.326238486678018
"gene_1222",0.0902361750979633,0.110672513542489,0.110700178627729,0.0904517380703315
"gene_1223",0.0843491625475226,0.103475913755056,0.103993187269575,0.0846943386931965
"gene_1224",0.126645728282764,0.154145700694935,0.157082889651473,0.127140579632096
"gene_1225",0.0773497160360295,0.094741582129188,0.0945379544547358,0.0772493109808482
"gene_1226",0.136045664037292,0.165983101060663,0.166285714931927,0.13552996151407
"gene_1227",0.0826136320741866,0.100992454252646,0.101305140073848,0.0825354463316269
"gene_1228",0.0861398883298061,0.105519709884001,0.105809894726026,0.0863147581143406
"gene_1229",0.115572178600152,0.141507160259638,0.140513729143531,0.115066357406593
"gene_1230",0.108696503021936,0.13349933877963,0.132903262048335,0.108742543080585
"gene_1231",0.0918331882720889,0.112071805758015,0.112208338774073,0.0915502679737042
"gene_1232",0.133279440562186,0.16312828711379,0.16451650733103,0.133863718383152
"gene_1233",0.155077241387368,0.19073075191041,0.189676460077379,0.155201340885904
"gene_1234",0.0973374126253778,0.11914044154926,0.119112433180472,0.0972570883123532
"gene_1235",0.22018566664854,0.267813245868961,0.268865132908223,0.218802034966116
"gene_1236",0.0841623835610118,0.103033573154439,0.103077296371544,0.0841381179710764
"gene_1237",0.244773052451148,0.296121603100744,0.304120422280986,0.244462523403812
"gene_1238",0.0870539246214942,0.106206465097872,0.105821638583716,0.0864698764231636
"gene_1239",0.0878244164567508,0.107146819878021,0.107442036292222,0.087514425762991
"gene_1240",0.18402549885963,0.223999485319961,0.225478219568503,0.18338212628094
"gene_1241",0.0724321756962239,0.088680643799446,0.0886894559649522,0.0724027857228552
"gene_1242",0.189422547627786,0.2330155928571,0.230102434365274,0.189099556102257
"gene_1243",0.447883904137283,0.555393887941664,0.544761890024026,0.448796964643086
"gene_1244",0.0936006257089824,0.114891918765952,0.114570141891147,0.0936850751699587
"gene_1245",0.118220227994808,0.144053622440306,0.144400915095827,0.117638748198471
"gene_1246",0.0779143307532616,0.0953874168235414,0.0954900818069945,0.0779261872597791
"gene_1247",0.106413882618693,0.130151516127902,0.129199268370271,0.105755826384326
"gene_1248",0.0978202422206904,0.119740222623034,0.119915569243566,0.0978136437941918
"gene_1249",0.372246191257195,0.46786326346192,0.455346690059504,0.377624172538185
"gene_1250",0.0992880127295013,0.121380588864435,0.12157199134596,0.0991768146254255
"gene_1251",0.306936565416772,0.374943183029922,0.374753909919673,0.305732261337549
"gene_1252",0.12707107054374,0.154783665456604,0.155375050194728,0.126476271260831
"gene_1253",0.426795083862522,0.516999968755271,0.5280662646892,0.428478107673718
"gene_1254",0.118624824539836,0.145824240490783,0.145887630101226,0.119265427562782
"gene_1255",0.0907098917813463,0.111034324727895,0.111209290236171,0.0907150166162383
"gene_1256",0.154675314206109,0.190063628939029,0.188864825849821,0.154663317923413
"gene_1257",0.101610368245726,0.124121691599215,0.124386336967508,0.101390559623079
"gene_1258",0.123502341823648,0.152126824937485,0.151854854206699,0.123867039160479
"gene_1259",0.208347328481802,0.254407741601776,0.254772571351737,0.207961099250335
"gene_1260",0.0863693081146952,0.105766712287972,0.105793356731059,0.086361560927151
"gene_1261",0.275792399571828,0.335221128915088,0.336970702141385,0.273937152470625
"gene_1262",0.102657950985248,0.125653248915909,0.125759632462627,0.102628335856923
"gene_1263",0.110402164761263,0.136108128031113,0.1366017509039,0.111157773888931
"gene_1264",0.102950731785474,0.12587779468962,0.126049909761619,0.102793915149873
"gene_1265",0.147378679420464,0.181435765999325,0.180693263145341,0.147862970932669
"gene_1266",0.143603689613344,0.17607542082884,0.177494765631241,0.144688522215003
"gene_1267",0.0981846147097948,0.120225978516533,0.120270842544583,0.0981741431776408
"gene_1268",0.0794352533370666,0.097241091038213,0.0975371928771929,0.0795491146526129
"gene_1269",0.149709060311925,0.186967948240922,0.192975825657414,0.1571192288688
"gene_1270",0.158548379279628,0.192212858747808,0.191878428126206,0.156033038181138
"gene_1271",0.112659431173884,0.13651782968107,0.139702572894339,0.112753960942808
"gene_1272",0.126023946294804,0.154534694236699,0.153410305848793,0.12550913001458
"gene_1273",0.0925442512835677,0.113367075574948,0.11333968693192,0.0925561819849078
"gene_1274",0.0887097066615512,0.108548643585988,0.108872428187713,0.0887559106090723
"gene_1275",0.110395221233312,0.135300933303942,0.135053194937718,0.110325644212429
"gene_1276",0.123678061509712,0.151252481973935,0.152418846980192,0.124150694998046
"gene_1277",0.128581729629062,0.157673304206055,0.15824948773736,0.129151922569484
"gene_1278",0.0865898850705012,0.106043779502876,0.105985062662989,0.0865336224401455
"gene_1279",0.0990086161616965,0.123748738240845,0.125108948271159,0.102321509074306
"gene_1280",0.15490095897164,0.189075440465418,0.196820616108974,0.158305784841671
"gene_1281",0.25998296078675,0.317441324857077,0.323257492835344,0.261766490378323
"gene_1282",0.159473846476731,0.195393845372426,0.194575898134523,0.159077878881935
"gene_1283",0.130235737900375,0.159344950867088,0.158944201791829,0.129721634809658
"gene_1284",0.396321426593719,0.477306229981515,0.472194704635082,0.384901710923813
"gene_1285",0.105014845090768,0.129910815624875,0.12991349076552,0.106398636544222
"gene_1286",0.0944155860333064,0.115820929254997,0.115486591818905,0.0944202128997719
"gene_1287",0.366960552560944,0.439285449203771,0.439663877050939,0.358984984771642
"gene_1288",0.229885306140462,0.282257687615955,0.281552831897061,0.230266812822453
"gene_1289",0.395222613422916,0.492281138575342,0.483595273294671,0.39791796862988
"gene_1290",0.148709416341965,0.187385905873304,0.187633998683421,0.15443406435954
"gene_1291",0.0912569123709385,0.111474568594818,0.111684568963254,0.0911058954190829
"gene_1292",0.105823298123938,0.129419873413711,0.129224154409273,0.105492548602584
"gene_1293",0.143720825453313,0.174365584087583,0.177449540109601,0.143430339758297
"gene_1294",0.251429000928111,0.30797163278206,0.306315028055184,0.250320473228842
"gene_1295",0.117328318626348,0.143019021220284,0.143139054900796,0.11674897029504
"gene_1296",0.15738003477784,0.193015448338161,0.192771410585505,0.157518120037827
"gene_1297",0.0888587172097585,0.108657540797767,0.108628490852076,0.0886365675146508
"gene_1298",0.14394268214382,0.176231886981101,0.178154645308139,0.144877200344279
"gene_1299",0.178880921738393,0.218171046810415,0.220619959413221,0.179095608984986
"gene_1300",0.0724884282191216,0.0887512999402598,0.088772139781426,0.0724721532529679
"gene_1301",0.11577419499896,0.141444367516797,0.141517098928467,0.115455392344628
"gene_1302",0.328235368395071,0.399310477412501,0.41517024239182,0.333192517143494
"gene_1303",0.412492829136153,0.504882034535782,0.50793239396452,0.413897173690177
"gene_1304",0.233220048941053,0.284923354786528,0.287592221266652,0.23397273467095
"gene_1305",0.275472035467269,0.32813752633402,0.328899367373458,0.264087685484638
"gene_1306",0.101721390728277,0.124580403181866,0.124936824101772,0.102047002020291
"gene_1307",0.0971455761608179,0.118782093663382,0.119268216173035,0.0972095493082279
"gene_1308",0.221990073175408,0.268091552797422,0.275885389993094,0.221960274958659
"gene_1309",0.154525209210991,0.187487498160146,0.188750548124998,0.153384902784043
"gene_1310",0.105532442537078,0.129170503485259,0.130047544511336,0.105867487842795
"gene_1311",0.106190008948998,0.130575592615553,0.130246459639085,0.106582412126689
"gene_1312",0.0991410154784313,0.121242084347726,0.12089566459485,0.098743832568465
"gene_1313",0.0916054754714482,0.11204478192915,0.111962500282051,0.0914137590660664
"gene_1314",0.0788446026366649,0.0963994578553556,0.0965390080259511,0.0787337280551443
"gene_1315",0.0871886773771941,0.10661396912183,0.106732734133804,0.0870443574572224
"gene_1316",0.160838523793849,0.199260102034856,0.199784284452798,0.163643185263165
"gene_1317",0.162045511797816,0.198641382900286,0.200417376533066,0.162714505278711
"gene_1318",0.286724920188466,0.353541567674884,0.350360410548327,0.286333399567881
"gene_1319",0.0979772667351578,0.119355187696143,0.121250373073578,0.0982679826398727
"gene_1320",0.373205089552218,0.450677812392871,0.455323554540468,0.369269598110621
"gene_1321",0.0803502696653655,0.0984313376691067,0.0984292670229403,0.080381898356291
"gene_1322",0.203017122351797,0.249515217814048,0.251190001051973,0.204533271852602
"gene_1323",0.151381268465278,0.183956481015687,0.187091901469364,0.151537958115805
"gene_1324",0.124123009247948,0.153208826434413,0.151368338952656,0.124388553954734
"gene_1325",0.126904226956688,0.153642574517665,0.153732813005224,0.12544998570403
"gene_1326",0.0915670679684278,0.11305148588704,0.11346397381375,0.0926493785142081
"gene_1327",0.229389615998788,0.276688926392774,0.276944992236058,0.226227373310092
"gene_1328",0.157305169740565,0.191926520258684,0.192547343035143,0.156768873275506
"gene_1329",0.170577181691116,0.207494887059046,0.208910378541611,0.169600867574926
"gene_1330",0.418838167093112,0.515967170182923,0.520138475559627,0.423334002348302
"gene_1331",0.120891990437252,0.14909439765367,0.149343804814719,0.122101717124249
"gene_1332",0.0901331524847156,0.110209026661826,0.110162003165121,0.0899021462045128
"gene_1333",0.0774092388006209,0.0948284965344711,0.0947473638665893,0.0774011159222241
"gene_1334",0.0908655147884729,0.111140497202869,0.111563030160674,0.0909467275873073
"gene_1335",0.140417432720846,0.171912955622687,0.170921027333699,0.140050166870714
"gene_1336",0.11065745760455,0.135335560770735,0.135873356230386,0.110778619328356
"gene_1337",0.156375924681486,0.191824307003111,0.191296800405174,0.156389191989649
"gene_1338",0.100862239616173,0.123517648706541,0.123263940362523,0.100711719921729
"gene_1339",0.222891996896486,0.271176335462269,0.270140738184485,0.221036350810001
"gene_1340",0.187089902243952,0.229372949292036,0.230094898934709,0.187731869394159
"gene_1341",0.198702847126327,0.243672803483905,0.242115168356655,0.198250715534699
"gene_1342",0.0955536081291488,0.116994569166474,0.116918616509342,0.0954619001168398
"gene_1343",0.180030733023448,0.22288820368936,0.225501382754215,0.184047622801172
"gene_1344",0.197201008291951,0.238971753654443,0.241871604587325,0.196732664130294
"gene_1345",0.1309109538321,0.160770200955894,0.160354556364848,0.131259993478067
"gene_1346",0.161860965201054,0.196277575391301,0.203020428736546,0.162889533886326
"gene_1347",0.205282641861555,0.251775749916211,0.25096742882945,0.205423797245501
"gene_1348",0.172513107996587,0.210606119665865,0.210949789624821,0.172010933796622
"gene_1349",0.0861745759000401,0.105602161151209,0.105617811444434,0.0862477290439722
"gene_1350",0.113346800369604,0.138826594186587,0.138934898671516,0.113431409320715
"gene_1351",0.0900249641010133,0.110230208427833,0.110256767780085,0.0900163168862679
"gene_1352",0.0863384687233617,0.105666812643741,0.105710368892995,0.0862836933812515
"gene_1353",0.129489273385333,0.158446283027492,0.159522967170615,0.129721187265973
"gene_1354",0.0901952239295426,0.110465582758709,0.110481713894827,0.0901990776328074
"gene_1355",0.202099066651883,0.246137123665008,0.252183816441972,0.203971114055136
"gene_1356",0.115221955510007,0.143561810936828,0.143120580794964,0.117727572689031
"gene_1357",0.0890720962290455,0.109265672706941,0.109261044232789,0.0892696582274488
"gene_1358",0.23966193980837,0.291277873183213,0.288221950383452,0.235831113751264
"gene_1359",0.0797825183110786,0.0978594587418666,0.0977859113965039,0.0799231302177895
"gene_1360",0.0813378347052211,0.0998976857890472,0.0994748326616136,0.0814201864884862
"gene_1361",0.263836898058343,0.319997005217313,0.322217575439321,0.261466725416786
"gene_1362",0.260892621934327,0.320053351254583,0.320666253502954,0.261979770443532
"gene_1363",0.30351149924016,0.369634695254287,0.388365787783729,0.311152898807125
"gene_1364",0.195810983312787,0.241416734368812,0.238469446893361,0.195463681175954
"gene_1365",0.0960787576995782,0.117779301499556,0.117677646155878,0.0961668979703594
"gene_1366",0.134866049396146,0.164971935110672,0.164278897798758,0.134346474043843
"gene_1367",0.160269540110948,0.195162052368426,0.19676011306363,0.15990742789866
"gene_1368",0.0966272961752425,0.118334451198604,0.118294025632435,0.0965975312490999
"gene_1369",0.147136207591494,0.17845340122153,0.180663357184115,0.146504444571872
"gene_1370",0.0929080777917505,0.113427880104588,0.113968803585108,0.0927163545691228
"gene_1371",0.102477156655259,0.12635480938896,0.125351080723064,0.102852342166709
"gene_1372",0.0868666057327122,0.106383540433653,0.106379941358991,0.086857551426293
"gene_1373",0.188933434854476,0.230920728984321,0.231390698588815,0.188704220961245
"gene_1374",0.100172258963724,0.122685147673923,0.12255567627152,0.100034680877753
"gene_1375",0.167609258248783,0.206158531418163,0.203320300163221,0.167327011828684
"gene_1376",0.102795749508799,0.125583522161669,0.125953040247703,0.102640095196694
"gene_1377",0.089566619106139,0.109663222631121,0.109667417345435,0.0895359854278329
"gene_1378",0.276997232669246,0.344388087836184,0.338588158165553,0.279390203749809
"gene_1379",0.082313654766265,0.100509357548735,0.101070726099296,0.0822910870162211
"gene_1380",0.10194268344023,0.124932973088056,0.124565322769047,0.10187535231734
"gene_1381",0.1030606126254,0.126012581922421,0.127069701959061,0.103424604326889
"gene_1382",0.0757193770174147,0.0927169570282405,0.0927613361951862,0.0757229300338573
"gene_1383",0.219495268951798,0.266284960583455,0.266302029828379,0.216564089342994
"gene_1384",0.331128679759365,0.40193197985944,0.405715192827928,0.32954008959477
"gene_1385",0.221272337384676,0.267279450664916,0.269957441353501,0.218185472835668
"gene_1386",0.130155823184571,0.158707193120512,0.161190759104518,0.130798881089883
"gene_1387",0.133020125456113,0.163328254943885,0.164090933881228,0.134070464091151
"gene_1388",0.0751816309314979,0.091956355270293,0.0920146077843068,0.0750659758911021
"gene_1389",0.0801339877014309,0.0980780301556718,0.0982294104718223,0.0801489084563584
"gene_1390",0.0976974077762665,0.119585630556849,0.119726297203729,0.097690029751157
"gene_1391",0.149006729102701,0.183336041592629,0.181895192887683,0.149208946388913
"gene_1392",0.0835597696469269,0.102333525448313,0.102354197372353,0.0835611506053393
"gene_1393",0.247137508143071,0.303989719248327,0.305051550473242,0.249004936082762
"gene_1394",0.183318165372264,0.223429956353178,0.225572424598212,0.183023206735103
"gene_1395",0.211274163416831,0.256327549176554,0.259538383046167,0.210521478303584
"gene_1396",0.0878509385442014,0.1074694689859,0.107555376993306,0.0877501172527536
"gene_1397",0.382934452663231,0.466368520620326,0.472152904693945,0.382876662571739
"gene_1398",0.101555507152915,0.124696821425802,0.124165547346592,0.101633125392863
"gene_1399",0.0890742610794757,0.10911022667864,0.109124891806085,0.0891001743841524
"gene_1400",0.0888215614671129,0.108984436065694,0.109064068002264,0.0890437916978975
"gene_1401",0.0916960686095735,0.112360855230639,0.11221342989455,0.0916702006191116
"gene_1402",0.13113162838509,0.160346780030261,0.161053575107347,0.131122966201519
"gene_1403",0.2559982271372,0.309858496520991,0.313015283455819,0.253880372149814
"gene_1404",0.188550731797123,0.232568021212467,0.232043455822884,0.190303674841349
"gene_1405",0.113683589244096,0.141553596623568,0.140708796574272,0.115751775224037
"gene_1406",0.0992154876329348,0.121361784603648,0.121289927743733,0.0990020996914569
"gene_1407",0.0863745254467045,0.105722688229048,0.105422646408047,0.0860948832387856
"gene_1408",0.148145074614342,0.181465591051884,0.181282795085356,0.148113436468892
"gene_1409",0.0951884858402868,0.11636650572822,0.116115814338492,0.0946891610818367
"gene_1410",0.0972196468699922,0.119235571600763,0.118596325202386,0.0970478292776317
"gene_1411",0.155434914655022,0.192230969490018,0.190544381878674,0.15665002172799
"gene_1412",0.119888300803528,0.147206008754542,0.14779092732903,0.12062662889319
"gene_1413",0.232918184689628,0.284521587799297,0.28202559858871,0.230731870394945
"gene_1414",0.0872777338238669,0.106882917617606,0.106905324704088,0.0872830992548196
"gene_1415",0.178960426291827,0.220102005498907,0.219062721039858,0.179558426024615
"gene_1416",0.0841671742288905,0.103095748346746,0.10305071359088,0.0841652788076217
"gene_1417",0.117347068988054,0.143535756163512,0.143805597280249,0.117226161134908
"gene_1418",0.0894865069678568,0.109570090514599,0.109628341692868,0.0894892220168627
"gene_1419",0.383340010496119,0.464982263062338,0.466605618578797,0.378878438752132
"gene_1420",0.101576538572891,0.124385309203721,0.124555903852183,0.101660568075265
"gene_1421",0.0926076027246265,0.113338211949661,0.11355256653666,0.0926592424268824
"gene_1422",0.190388242204468,0.230854338483128,0.234524837098257,0.189396920572094
"gene_1423",0.130503495027756,0.159654725752594,0.159956177435719,0.130397571693562
"gene_1424",0.115509395350484,0.142010198410068,0.142603969466555,0.116434813035375
"gene_1425",0.421645696533812,0.515519459178466,0.521706463702796,0.423928752640419
"gene_1426",0.288816002929135,0.353371059562028,0.353571790033164,0.288286441289904
"gene_1427",0.078253071098016,0.0957752880849943,0.0963716210596986,0.0784866372303219
"gene_1428",0.399411516600047,0.485785101120361,0.483442381972784,0.39474103132783
"gene_1429",0.123103902818939,0.150144025182452,0.151072059268534,0.123006323755561
"gene_1430",0.099814663819935,0.121896427243403,0.122212273956324,0.0995963647763582
"gene_1431",0.0871580450133924,0.106570006328996,0.107115252355236,0.0872281833097004
"gene_1432",0.0880490358993617,0.107726956361469,0.107606137512754,0.0878569455237043
"gene_1433",0.0866544547262765,0.106073042683506,0.10607390762043,0.0865949796852956
"gene_1434",0.1412311368594,0.171996277532217,0.174069286691352,0.141200355061173
"gene_1435",0.196846670770936,0.243223526237586,0.241217019299255,0.197841432590603
"gene_1436",0.108320546160648,0.13201164784811,0.132835333296867,0.107980837080433
"gene_1437",0.0919494026432625,0.111703137019967,0.112168324895807,0.0913544169499856
"gene_1438",0.109218014628239,0.133634758664697,0.133910330223509,0.109248769609387
"gene_1439",0.134051900589193,0.163631569301879,0.165261354817647,0.134323684432992
"gene_1440",0.0940839401808031,0.115716191980374,0.116244888730458,0.0948822174476204
"gene_1441",0.0956801992673597,0.11748876596911,0.116906362738827,0.0956120432071785
"gene_1442",0.253748851678801,0.309345886194248,0.310847986816886,0.253143263562478
"gene_1443",0.297690043014978,0.367205195161288,0.367430922193933,0.300775876127971
"gene_1444",0.107328754786923,0.131307758293948,0.131585736141117,0.107306247246271
"gene_1445",0.214674792652101,0.257569630138027,0.261393666461382,0.210724044024334
"gene_1446",0.090431802383506,0.110679937404661,0.110749680643979,0.0903896403542707
"gene_1447",0.0861017134231638,0.105381046672684,0.105558898565139,0.086146433708939
"gene_1448",0.157085254891415,0.190255096108131,0.193801839367447,0.156751478051999
"gene_1449",0.086571559048938,0.10602182255688,0.106041793877592,0.0865696933043023
"gene_1450",0.152771564501974,0.1865343623508,0.187816616500791,0.152864751353522
"gene_1451",0.0756603822352111,0.0925254675566168,0.092623182968961,0.075538770159086
"gene_1452",0.0946276528139468,0.115596455613099,0.115757221106565,0.094409810458281
"gene_1453",0.0860180202372848,0.105516133626526,0.105322278369595,0.0860409531208082
"gene_1454",0.135812001758042,0.165954053163605,0.166444894076408,0.135719839400723
"gene_1455",0.100189508540887,0.122574206900003,0.123039910939634,0.100329133422989
"gene_1456",0.109506658677678,0.13400375705537,0.133919359959121,0.109361194162639
"gene_1457",0.135742309179724,0.166023103032667,0.166441847089792,0.135723170056813
"gene_1458",0.135546731917529,0.166366490133719,0.165893332958028,0.135597713599384
"gene_1459",0.119768688185397,0.146281312791322,0.146050166013486,0.119269668039998
"gene_1460",0.0955087254899435,0.117360098176077,0.116592235355234,0.0955150272489864
"gene_1461",0.119024260882001,0.144206256653359,0.143346437215633,0.117409883892416
"gene_1462",0.101266684848753,0.12426039492528,0.124247293390096,0.101492794920061
"gene_1463",0.0783798943396302,0.0959822972065103,0.0959927232092784,0.0783725370173322
"gene_1464",0.0888013687044325,0.108755822771223,0.108752863201684,0.0887964982670671
"gene_1465",0.0826107671600254,0.101156108248534,0.101198886842764,0.0826169553529926
"gene_1466",0.08917307046692,0.109048770013553,0.109255501012751,0.0891072221901038
"gene_1467",0.0773482109061458,0.0943912785705979,0.0950362231894426,0.0773162497948577
"gene_1468",0.309784573046781,0.376011565594368,0.37497681934788,0.306355019559327
"gene_1469",0.196487022906302,0.240675827977223,0.239237742808816,0.195772941088281
"gene_1470",0.123544233308267,0.151572095331105,0.151364222993548,0.123665186115884
"gene_1471",0.188853566076303,0.2301075309836,0.232318738176143,0.187798223197365
"gene_1472",0.10025269266346,0.122447538970019,0.122865143154399,0.100159480435333
"gene_1473",0.117666630041652,0.144724502408253,0.144414045580619,0.118140205316592
"gene_1474",0.167160838714959,0.202832203412987,0.202621766696436,0.165221295206719
"gene_1475",0.421751326465177,0.516888976607503,0.536921182615191,0.432574022759334
"gene_1476",0.291689018738367,0.354400024841105,0.360128665889499,0.291083343584167
"gene_1477",0.162255769521457,0.199201825842737,0.199183378075557,0.162872663783211
"gene_1478",0.0796708750169665,0.0975211120958643,0.0976195842011791,0.0796628812393976
"gene_1479",0.086633143726047,0.106011307408516,0.10612588286129,0.0866111337918206
"gene_1480",0.172310237127423,0.209636333174731,0.209878940789658,0.1710499656303
"gene_1481",0.0903836554570629,0.110655359365474,0.110746625888053,0.0903885879579295
"gene_1482",0.268946437235515,0.325424891295682,0.326740963499285,0.265093035267484
"gene_1483",0.113627623146331,0.139382093357123,0.139184466513702,0.113702669448282
"gene_1484",0.0894892317607786,0.109407023735648,0.109436031466314,0.0892662069471997
"gene_1485",0.18861962385933,0.230221619105166,0.231531219851685,0.188143369513861
"gene_1486",0.0835459555190082,0.102258233197214,0.102328491114876,0.0834926348050468
"gene_1487",0.288716210024648,0.347391453767944,0.355733813053947,0.286078360470273
"gene_1488",0.191160730247443,0.230220876324512,0.22673784551796,0.186212819852473
"gene_1489",0.117245010761491,0.143494627917358,0.144177835310451,0.117476993505284
"gene_1490",0.0882636898728822,0.108052018681927,0.108136753713731,0.088258766425145
"gene_1491",0.093526306366062,0.114478072537025,0.114533904869698,0.0934526144666551
"gene_1492",0.0903666624741592,0.110169690406079,0.110942055594452,0.0902197804139905
"gene_1493",0.0948336763833419,0.116109543754986,0.11613386736388,0.094798322310247
"gene_1494",0.112028796402948,0.136571470351199,0.137143912712313,0.111577168387263
"gene_1495",0.204545069761894,0.247717305935272,0.24785205504492,0.20229568267449
"gene_1496",0.157025191440909,0.191180852965409,0.193079928213699,0.156629038142784
"gene_1497",0.103798036011613,0.12726272304277,0.127012080078468,0.103723334431565
"gene_1498",0.373453409193898,0.461432783606417,0.46347729210308,0.378945463068197
"gene_1499",0.0822864824275999,0.100720726451951,0.100633874521595,0.0821823187024278
