"gene","Intercept","batch_B_vs_A","batch_C_vs_A","condition_treated_vs_control"
"gene_0",6.12983267431313,0.350183947394248,-0.189913121754767,0.0958512749184685
"gene_1",12.2455918625751,-0.109154359497932,0.262623890878461,0.104451077651382
"gene_2",8.58840782654755,-0.308697798824788,0.419760971026901,0.0661032070264573
"gene_3",2.03374440068957,0.716888156277543,-0.222574045994422,0.134310033641963
"gene_4",3.99579187854423,0.619415886411952,-0.413524980434802,0.445264471280028
"gene_5",5.90627308481552,0.0573371733464144,-0.509311850152873,0.166511143603998
"gene_6",4.87095438813406,0.261893402571053,0.0363088760565405,0.219311784071076
"gene_7",10.0966378057734,-0.0213754408641976,0.100858709696689,0.126717787640672
"gene_8",5.26907756715348,-0.19036049357178,0.489024017140971,0.0831454537677249
"gene_9",8.10170560667498,0.0613824636344981,-0.0306809268359923,-0.120200769555711
"gene_10",12.0864422936084,0.509863366352431,0.10071310985409,-0.140043529097896
"gene_11",3.94497127308916,0.0530430307320814,0.025822288373945,0.0136003612921681
"gene_12",10.1013001397288,-0.0371569755537985,0.43739039547901,0.049733247059122
"gene_13",4.24475947283518,0.424562666650484,-0.90435197517335,0.350936866303385
"gene_14",12.2670668259635,0.187188897675099,0.17726112534391,0.0436698815442869
"gene_15",9.44953431528578,-0.0720223520374658,-0.0604870197232206,0.279062786488617
"gene_16",11.0006949631602,-0.0786477668037729,-0.355541007207343,0.122311756850683
"gene_17",6.83224803701213,-0.262347238343366,0.129923235276116,-0.114379124500101
"gene_18",2.30858373566138,-0.482143042398133,-0.356203678179727,-0.472622653303746
"gene_19",8.01668866828734,0.403731963477913,-0.330218329027468,0.0696695356769395
"gene_20",6.30396185101974,-0.702458219564244,-0.197644509796682,0.244244359802943
"gene_21",10.7589714225584,0.267369753012785,-0.333195283612004,0.246023393981068
"gene_22",7.94218621096965,-0.150214667504279,0.0113968347122588,0.22740366949859
"gene_23",7.62301860398645,0.103060212924511,0.265802322630043,0.00676532273253848
"gene_24",10.8521991792757,0.254321122845562,0.0813987357406882,-0.0829014878271774
"gene_25",4.97014184491673,0.00408115674655411,0.174174584410154,0.322805152702883
"gene_26",11.6893509472995,0.138643798841805,0.732433922425876,0.291761009261631
"gene_27",4.99845702832918,0.291861667418127,-0.204801082137447,0.245897677291258
"gene_28",9.86062024242076,-0.276734475945789,0.41448013419028,0.149364567435454
"gene_29",6.94646146980458,0.192398736289102,0.810917818376927,0.185546264642231
"gene_30",12.2428798668563,-0.150481670039965,-0.218681537027269,0.399312499962946
"gene_31",6.27919421006015,-0.144513133805273,0.075142694328854,-0.259368160826536
"gene_32",5.72725956817895,-0.0636213369918966,0.406731720217936,0.143343734524918
"gene_33",5.15091071805282,0.126409669520187,0.457966977186276,-0.116731944133464
"gene_34",6.27127806108385,-0.111966730244327,0.00882034428722719,-0.0571273488077039
"gene_35",8.98514039179841,-0.0295049012830077,-0.174107117052034,-0.199961668329679
"gene_36",5.55653337728512,-0.203733717136298,0.109908121082508,-0.0361575856440539
"gene_37",9.28588263555878,-0.092709720638689,-0.137579635777797,-0.290336518604075
"gene_38",9.76676225307568,-0.124735496427615,0.763871443591372,0.176064785073045
"gene_39",4.7773563197047,-0.305032724484561,-0.467365606522974,0.17749806214464
"gene_40",6.5436760761069,0.401847143156489,-0.280976418916512,-0.112799207305162
"gene_41",9.48661069874065,0.0732450554864852,0.272818714237544,0.0506267813940096
"gene_42",12.1899910542977,0.485052846643241,-0.319324019789819,-0.0325736521075634
"gene_43",8.15294627861933,-0.466914209244341,0.317042955669109,-0.0604834325405976
"gene_44",8.33432337769175,0.0596331260066055,0.389728126344456,0.105526458806554
"gene_45",5.6506268900859,-0.00560388010972721,0.460302616601687,-0.270042968292542
"gene_46",7.35318064558702,0.0444218987459189,0.0213428659299055,0.240598043826047
"gene_47",6.15687733554378,-0.17306100920189,-0.369362841377604,0.240947477744901
"gene_48",1.94614304893977,0.322920641680221,0.538939569964424,-0.0271726272313256
"gene_49",8.65139872317182,-0.454265375420746,-0.408166966777805,0.225358180706447
"gene_50",2.7860781763005,0.762854696377591,0.407061446412235,-0.244918861136974
"gene_51",4.93612345796751,0.154373338000625,-0.0955519193139405,-0.288362002847349
"gene_52",2.67870312103064,0.530844203126686,-0.306656424721712,-0.0849903938276969
"gene_53",11.9983620302758,0.0292455169858489,0.0784177840199594,0.0227032328698975
"gene_54",8.70285150512391,-0.147704631311952,-0.0628598822637683,0.0567411921553879
"gene_55",6.35845910975335,0.583613566359176,0.461972751639088,0.129301152247358
"gene_56",6.63465326641967,-0.426746735645513,-0.0059495068404445,0.166030209887243
"gene_57",8.04380762237889,0.42475028558084,-0.119516224262633,0.429092167622003
"gene_58",8.32015105604553,-0.145789325823521,0.0854261357109288,0.964509265745257
"gene_59",5.17079654114513,0.111051438519276,-0.157188323637932,-0.65293432520481
"gene_60",9.67788058459503,-0.26432384769275,0.229451094055278,1.98937490351291
"gene_61",8.48177501350122,0.167439493017029,-0.347799783687684,0.617848028549735
"gene_62",10.4719130537112,-0.506260628171786,-0.176392231480594,0.0789241297251974
"gene_63",11.1290758454158,-0.107223012973714,0.213899215866972,0.404922995845902
"gene_64",4.53817628318794,0.151783491564137,-0.811967565720455,-0.189487290272562
"gene_65",10.4988216332823,-0.137078196091711,-0.200434957102697,0.0403102838284426
"gene_66",10.0269737645418,0.589758701501253,-0.473086692925596,0.0142216926455618
"gene_67",6.25087618238811,0.128744345198875,-0.182379171756608,0.0861422008679678
"gene_68",11.9005360026685,0.0438602096405682,-0.254334597511173,0.0654847882442373
"gene_69",9.84196859472614,-0.267001706405035,-0.0448095824646752,0.3763943369176
"gene_70",7.66406104155742,-0.224045797818009,-0.656096456307414,0.246345773426697
"gene_71",9.81216976797967,0.278878600958845,0.14068956096345,-0.12132408771393
"gene_72",3.40560302901245,-0.472764979003489,0.116084289146012,0.466269586583863
"gene_73",12.2561046473639,0.0987534615490739,-0.36237979278254,-0.197708230376092
"gene_74",7.17288497911049,0.100392193296573,0.560366732881341,-0.330156328706727
"gene_75",10.9807081083451,0.483194287812219,-0.615411467022463,-0.200670949025392
"gene_76",5.04702056478378,-0.152615943381361,-0.194958724486403,0.0618181825689798
"gene_77",7.62886384908772,-0.555468516638574,-0.238936003818833,-0.259185245038548
"gene_78",12.195964717687,0.621964708895094,-0.322158563967335,0.0923173714659359
"gene_79",7.02919480664817,-0.141632173116513,-0.333043651211671,0.378015427628912
"gene_80",5.12831798220369,0.615724955918672,0.346209962983553,0.247692706223628
"gene_81",6.31537316603452,0.133331228660685,0.126751650649728,-0.0729406478476005
"gene_82",8.13619196306074,-0.380394424837015,-0.0971935280180549,-0.252725672753904
"gene_83",6.87303124413963,-0.120788324277805,-0.124948860644753,0.385740775830005
"gene_84",9.90934247690859,-0.533844002409761,0.385119309225801,0.18285530341993
"gene_85",5.42727952286993,0.61508077883105,0.279177080820601,-0.0132182714592839
"gene_86",4.60095798865128,-0.448321655072523,0.338822582805212,-0.0670378974355031
"gene_87",7.39428935870204,-0.63293178741643,-0.0321344930225139,-0.108784945253735
"gene_88",3.74855499920005,0.274170114899726,0.00964386098671791,0.0316204436267386
"gene_89",4.86415743917024,-0.220808465840168,-0.230644046631574,0.181098451658755
"gene_90",5.57990815997885,0.228764328767555,-0.573896283088048,-0.172862242480516
"gene_91",11.258144030559,-0.0332230550896029,-0.0592586425329826,-0.00542797599767093
"gene_92",4.15295849329566,0.0916277622492069,0.0200984424185658,-0.424684563209042
"gene_93",9.29751669725143,0.815412473754033,0.0263292860523154,0.296542976531729
"gene_94",8.63356202432528,-0.0728486327304938,-0.0840101585232137,0.121693349056248
"gene_95",10.5560780116615,0.257056121720844,0.0260752292463173,-0.280715776835551
"gene_96",10.223352343719,-0.375665128779209,0.176387914385177,-0.0243511750944345
"gene_97",2.80708714996305,-0.259689243122633,0.712368437648653,0.362732383540192
"gene_98",5.69496306588533,-0.272104548382005,0.265086935717502,-0.0571099656907052
"gene_99",5.34410380047384,-0.341998772008519,-0.153735533412414,-0.638292934812312
"gene_100",2.45376361137481,0.384144770681252,-0.0839304056826632,0.232866916502593
"gene_101",4.31382740192379,-0.0653015437239882,-0.0922844007597373,0.1087561322236
"gene_102",9.98636479490975,-0.19321878235178,-0.865288673527084,-0.403615178451603
"gene_103",12.2832354404882,-0.651041053325197,0.319427624681227,-0.0599358371664501
"gene_104",7.57707858010583,0.109567126949163,-0.15541709993159,0.196125402561644
"gene_105",4.54029267320198,0.147754986628108,0.0576371552498782,-0.240111543666661
"gene_106",8.33721791927276,-0.465043870765226,0.368286412421319,-0.0344125075157688
"gene_107",10.4699705548985,-0.4112139701472,-0.392966377466148,0.0893751645958552
"gene_108",8.54527009312899,0.0362313275377267,-0.183334768501642,0.13870524262736
"gene_109",6.1305879630069,0.00799610006218733,-0.490132848085891,0.504080018777191
"gene_110",6.65213338764673,0.102377840359318,-0.293390209188862,-0.0508466773166417
"gene_111",6.63102328592504,-0.419504844276699,0.424632706411956,-0.0941083339417732
"gene_112",8.83589312998096,-0.387493020584171,0.0962297519983006,-0.926773640013451
"gene_113",7.29653571067919,0.102600420364764,-0.320208739111002,2.01819431321577
"gene_114",10.9675428802934,-0.246723382739774,-0.130247039456154,-0.34886524166228
"gene_115",8.97481606897789,0.106241997953747,-0.0312747193613981,-0.0896976047936732
"gene_116",9.53451457321313,0.221757877819303,0.319184946600101,-0.0620878993398331
"gene_117",5.9211865668282,-0.246843064532936,0.25484941423171,-0.450755519258887
"gene_118",9.52686029842185,-0.374457871775909,-0.253131307168516,-0.882859654746176
"gene_119",5.94048654173661,-0.10702158070258,-0.254285567257614,0.0879235448616113
"gene_120",5.26085105674155,-0.173134880348086,0.290674234171717,-0.10309493146003
"gene_121",4.5414427318747,0.739969614099215,0.108098812366184,0.240893136322526
"gene_122",6.54959237661776,0.575819377229042,0.113398562273299,-0.0780525462181845
"gene_123",10.6128058870522,0.392213933849289,-0.467327496763769,0.172633129563735
"gene_124",5.68912146943529,0.13464861283282,0.672000649146158,-0.0312195893896466
"gene_125",10.6980581144117,-0.33839951450224,0.173852186740285,-0.270079034304452
"gene_126",9.64439780435734,-0.421346401846212,0.14258790708182,-0.0224482828319668
"gene_127",12.3856907410387,0.225197960599713,-0.201388876075664,-0.0708529502186702
"gene_128",11.7920244861998,0.228684200008337,0.000780924618968327,0.0206831552176014
"gene_129",5.85991521089001,-0.0563244096996454,0.187767176780564,0.224426321331017
"gene_130",5.20475610813358,0.0284851624944315,-0.298392462873228,0.0242631653990389
"gene_131",9.11383819937107,-0.701573487660103,-0.260812818756148,-1.94115952396621
"gene_132",12.2088696187376,-0.524787716603697,-0.0239759821966088,0.239215750315919
"gene_133",8.10416712297917,-0.199142526057785,0.153620195006872,-0.0939202887672295
"gene_134",12.3525753684421,-0.12007779858195,-0.277058615321733,-0.341636808178874
"gene_135",3.87154777069172,0.107239087468533,-0.280495163359961,-0.167325024415558
"gene_136",7.57225623012549,0.288795982651438,-0.178899609007406,-0.0124684512201171
"gene_137",8.50776198670057,-0.151457422913184,0.260648071273663,0.244643436365944
"gene_138",7.00358759798899,-0.0470634915122084,0.503881719566548,1.86654723367525
"gene_139",9.30742754320373,-0.166097705841316,-0.0907605213835923,0.184607049141363
"gene_140",10.3030402728987,0.722086629841007,-0.111022968270494,-0.170675323071884
"gene_141",5.57523931983901,-0.265256483310211,0.384878752645935,-0.0242409639582252
"gene_142",5.76328126096317,0.142770924120542,0.658127074430486,0.803009737739126
"gene_143",7.16045892104874,-0.183774343400683,0.134226269096432,0.038846954622378
"gene_144",12.2552433654628,-0.148462773067109,-0.0936934036312527,0.0464508544444273
"gene_145",8.76100322591438,-0.561784620064272,-0.107678674241637,1.90164226438625
"gene_146",2.40571378636561,-0.257449449284927,0.435392387793411,1.50946757316708
"gene_147",6.57609664176134,0.540686428823207,-0.164171275655048,0.0515069417654207
"gene_148",2.67816183477889,-0.121026011326738,-0.491577592664169,0.00625650745563298
"gene_149",6.35298298314176,0.177145989374967,0.207397088545325,-0.0349989972241981
"gene_150",2.58027913315363,0.524874869415771,0.673280266748826,-0.874913939768984
"gene_151",11.7667477577271,-0.424956917014031,0.55106348861656,0.00823585170685225
"gene_152",6.01654268947232,0.212581578908742,0.0971834212524749,-0.149270067405406
"gene_153",6.68292059046643,0.31822816064485,-0.140275196321218,-0.174385581361033
"gene_154",2.83036857916053,-0.754126828414371,0.66210996100421,2.02325562383281
"gene_155",7.71818788560361,-0.675144094875758,-0.354841251421857,0.00679997482502696
"gene_156",6.84404044672245,0.461509775695158,-0.175660183309467,-0.0542724644998137
"gene_157",8.73555381211138,0.28251025143952,1.14611840257807,-0.235893577210413
"gene_158",4.35421487502244,-0.328928006172374,0.281183531227845,0.12588114911045
"gene_159",9.89604775691115,-0.208158107798515,0.0799320214142814,-0.165043926209489
"gene_160",10.6397283954552,-0.0756232528877003,-0.424166212276153,0.12168102267793
"gene_161",9.0602470857866,0.211741441137543,0.0131615573970783,-0.152268766207755
"gene_162",5.90174660834545,-0.0175283490590985,-0.27135807126965,0.0707245163407504
"gene_163",10.7510889380425,0.292197511197252,0.0855106446307033,-0.210436060492521
"gene_164",8.92465817245806,0.682407056879761,0.335922618548313,-0.30053220770822
"gene_165",7.77236155156577,-0.343614244393861,-0.270244505204838,-0.0861880565599284
"gene_166",8.46070424597483,-0.400980866959265,-0.224487153903378,-0.227992665886923
"gene_167",4.38422003673685,0.406434454469629,-0.024959966005538,0.0126698556492331
"gene_168",3.03371634603612,0.197602531643634,-1.37716153956789,-0.704694234861221
"gene_169",9.42643180283315,0.463464825354754,-0.12406370141354,0.015649139810786
"gene_170",11.530553796815,-0.225893372154895,0.0552811422329584,0.107297906008126
"gene_171",5.65802867446566,0.300198898812359,0.244970663726522,-0.040379801671967
"gene_172",1.93821391008827,0.129175681948258,-0.0240414582233568,2.30345864581519
"gene_173",4.07470529628192,0.0310189286196563,0.00387846751416321,0.218424221252857
"gene_174",7.74945344162566,0.201129672510667,0.295810422756918,-0.100606489580213
"gene_175",7.88487179223634,0.849645543026051,0.209258488606834,0.332127893408643
"gene_176",7.36821554211595,-0.271578102212184,0.732988623738424,0.132784517964719
"gene_177",7.36676575214467,-0.134125620711461,0.0712722517708726,-0.53194220236155
"gene_178",6.78911274679124,-0.370141799966158,0.0723245409444267,0.0521319635406611
"gene_179",9.9260151426217,-0.0973799573556663,0.253425223389361,-0.144229423694143
"gene_180",9.15178872118375,0.0754880648150886,0.431408642665188,-0.00806263594338021
"gene_181",8.00641180927138,0.660811587027695,-0.249349792808946,0.00150044213495085
"gene_182",4.31820920863402,0.240299230610403,0.10990841449602,1.86984315963411
"gene_183",4.73103463542156,0.138382769185515,0.064178725737216,-0.206518738073648
"gene_184",6.66054434082184,-0.807039844619707,0.136047621664952,-0.23382822810201
"gene_185",4.93799075157383,-0.0970904866576192,-0.184445459516263,0.150642134045274
"gene_186",8.21664280992148,0.149521332220833,-0.291776480504483,0.127834806221277
"gene_187",8.26357954511767,0.114307255593516,0.282177697342672,-0.297299697047157
"gene_188",6.69393255371571,-0.653456269701937,0.154833882919832,0.214784990373692
"gene_189",7.88798043564783,-0.253564358304414,-0.856743471273701,0.332064164674334
"gene_190",8.57884287719637,0.271894482250088,0.145447769435751,-0.0983526513813606
"gene_191",11.3833123199327,-0.433581264216055,-0.0162041307439495,1.12285290390014
"gene_192",10.7127047241193,-0.10777632325054,-0.0792648850805661,-0.0342407766188951
"gene_193",3.39962475433627,0.929470362804033,-0.175690558331637,0.191207693754686
"gene_194",7.58310859478354,0.457031660434519,-0.0181818269753773,2.06399900005713
"gene_195",7.90347228671449,0.633909002057438,-0.456451938547163,0.079392015764699
"gene_196",9.51633696125061,-0.166198607568483,-0.676729122883725,0.206403455092245
"gene_197",2.3121582467713,0.198505448760531,-0.388680942924714,0.289586524303981
"gene_198",3.51450114474636,0.0643279771031297,0.288778582219506,-0.321270551035986
"gene_199",5.5289694010203,-0.392914389903686,0.314119495648813,-0.0659052426793007
"gene_200",2.7039335037986,-0.0251366429983655,-0.249605450130923,0.396401447552239
"gene_201",5.80099408337676,-0.26433000458456,-0.159224845677682,-0.56415101237832
"gene_202",6.50210758971919,-0.178475249583583,0.223289167761589,-0.16962705321244
"gene_203",7.35568053494049,0.201415477038301,-0.0680333151011689,0.119598249440717
"gene_204",1.9485771553997,1.00733271499413,0.676251320811131,-0.0160383399808421
"gene_205",10.1363549409562,0.196311441040383,0.363363463476689,0.0943068303233502
"gene_206",9.96676281590172,0.196444797764051,-0.575681687429093,0.159841713726496
"gene_207",3.11289961874782,0.220218567065954,0.172854394450474,-0.0195282893024062
"gene_208",4.5134800008056,-0.468385880055926,0.568397066791601,-0.562671142810124
"gene_209",6.62951190492811,0.0702649345875251,0.192468933742186,-0.0951732969409231
"gene_210",11.4716555667624,0.440336448561214,-0.155248415866029,0.143807724558426
"gene_211",2.84773641092589,0.167114785255805,0.518615702611188,-0.254545852813262
"gene_212",3.18032716990127,0.497870154288466,0.311210101712194,0.0956067083608706
"gene_213",8.99458289793612,0.129118185666996,0.666336199917602,0.101172457412268
"gene_214",7.20811093597246,-0.155762284951005,0.144878095162225,-0.349692638321347
"gene_215",7.78774769602659,0.597116248484499,-0.0760184689928794,0.0895098793348983
"gene_216",7.15146679903093,0.286822442252062,-0.0764668937007231,-0.317122776809367
"gene_217",2.46937632730607,0.0186492702585748,0.327765433433928,-0.247157452043072
"gene_218",4.21481342607268,-0.289862783110758,-0.155803868078272,-0.507912485329613
"gene_219",7.55422454766302,-0.184872001245587,-0.559166062154414,-1.11293248922706
"gene_220",2.50195358771517,-0.454411995971609,0.091456732625851,0.0188189971930242
"gene_221",4.46184379190554,0.494003399986382,0.625941706534222,-0.183323531958732
"gene_222",9.12013060456957,-0.625121173788342,0.45956656553826,0.137103592381247
"gene_223",7.64656379020866,-0.195147345499868,-0.0715689814417269,-0.104146482348085
"gene_224",7.46666696756499,0.0269496176150552,0.28245916347116,-0.109316311550739
"gene_225",6.75622252258907,0.06822576807854,-0.263190324864692,0.235290723827431
"gene_226",5.11820036712891,0.146919386485781,0.139573693494424,-0.0616635476956991
"gene_227",12.342887437058,-0.357075716670169,0.490952179489411,-0.12376030555912
"gene_228",7.85563309948494,0.205542982344842,0.68485623655366,-0.24066847599277
"gene_229",9.34349054915766,-0.622826232021998,-0.259597647289264,-0.0868183979961999
"gene_230",9.29152285884918,0.567929881368257,0.306090574516653,-0.0192425908800264
"gene_231",9.44552786831413,0.510653540124497,-0.512810518207674,0.268005154404191
"gene_232",12.2009582091542,-0.465826437031963,0.199509219660475,0.5937903383321
"gene_233",4.16523851525022,0.0546561529153873,-0.212463131074326,0.996871761643376
"gene_234",7.60531525524302,-0.345494129138425,-0.281547040283465,-1.91201979528301
"gene_235",7.67567748454596,0.483880280277552,-0.151052219808841,0.500482403720744
"gene_236",7.13226785149331,0.0832955282297928,0.207363398331067,-0.406629370519792
"gene_237",6.61431619118255,0.0742728237107642,-0.106606082892806,0.107258780151583
"gene_238",6.45417844330517,-0.373442242852818,-0.322659550260522,-0.548786293948723
"gene_239",8.9366596903981,0.509433540433718,0.325646382803456,-0.378678478672049
"gene_240",9.17775508234752,-0.080728284217877,-0.0147011548797749,-0.021800738360367
"gene_241",5.68880638541221,-0.353971478227657,-0.368050147033613,-0.431255257824821
"gene_242",5.7706979697946,0.0691530880956142,0.102971794534311,0.24170314378541
"gene_243",7.04182389640814,0.126322939787344,-0.458648736923302,0.295285001812127
"gene_244",7.24075475082122,0.737347071939081,-0.0085492415306308,0.0477571865671976
"gene_245",4.99811736005431,-0.355635343119829,-0.717495232236983,-0.225236389282763
"gene_246",10.3555314712019,-0.32674657554372,0.676835163302389,0.0798586484869571
"gene_247",1.59195742663815,0.25524218549397,0.0876608071554026,0.867235142455789
"gene_248",6.50709997206155,-0.0218035212652669,-0.493438829122248,-0.414345156304982
"gene_249",2.63295989700207,-0.132429793012006,-0.210245672108057,0.306015608691738
"gene_250",2.65132774778865,0.117303888554106,-0.420458170789818,0.05007175295733
"gene_251",8.15262091295509,-0.111441555826766,0.0762509949924223,0.00747287902348813
"gene_252",7.34750342879311,-0.21173040349862,0.240440382954456,0.211945830640526
"gene_253",12.4140270698382,-0.627233949738851,0.224609749878646,1.87972323001213
"gene_254",1.37409366585768,0.880430436478061,0.738151466288168,-0.0230609807516934
"gene_255",2.48813692063129,0.0832477467349886,0.752283541505122,0.783199232376486
"gene_256",5.04881907207644,0.399489942360433,-0.0523836855995691,-0.00772916176003974
"gene_257",8.51449723400276,0.0306029260161972,-0.306101119691029,-0.0879993781059232
"gene_258",7.18338808278699,-0.0836984584308351,-0.126770588818241,-0.107866802225213
"gene_259",7.29606019099112,-0.247984021302983,-0.24241032096993,0.0897958690559494
"gene_260",7.89618663923078,-0.617892369683105,-0.513512005972166,0.353212889036047
"gene_261",5.06501175778732,0.033538063415362,-0.251283612178565,0.0501068730639357
"gene_262",8.96830484850496,0.0547164143902336,-0.035106937718096,-0.119436501358689
"gene_263",7.80313512842298,-0.376880222563567,-0.0663468328307062,-0.0574685356367804
"gene_264",8.91209284361341,-0.274847408877784,-0.103741110314567,0.120390980927666
"gene_265",5.40432438476689,-0.204842628674973,-0.345214442581021,-0.0670328848077576
"gene_266",3.63479849203085,0.152210531329507,0.465928193949277,0.378742099791965
"gene_267",4.48451008118693,0.282114975079004,0.110737862766601,0.0509639813370602
"gene_268",11.3441281434138,-0.324049871522753,0.155279043607805,-0.118519614101959
"gene_269",5.01920351458538,-0.109166496303235,0.149284384270722,0.0549675187688696
"gene_270",5.19615842544099,-0.0393534952227335,-0.00513435243518247,-0.633943924165831
"gene_271",3.7330293149012,-0.542912035400683,0.0901457125141982,-0.179411977300804
"gene_272",2.1754235699232,0.507709830837633,-0.135906959539429,0.218865741925056
"gene_273",6.53613020984475,0.1924989220383,0.340853324389634,0.262647925176811
"gene_274",5.66479749229935,-0.327578961223901,-0.253733251484814,-0.195729545133983
"gene_275",9.2410552743321,0.299142293248133,-0.504889514969685,-0.542148836102876
"gene_276",10.1396742307893,0.396898370875591,-0.0188690044082331,0.274729564031363
"gene_277",2.88418324781128,-0.370993443859433,-0.449210567905107,-0.954561996752019
"gene_278",10.0884332903376,0.399720837065484,0.261654070662262,-0.246734704064002
"gene_279",3.23898598174905,-0.632588480853517,-0.138158069742169,0.382057131696631
"gene_280",8.24722420102978,0.357930656216015,0.238966239615312,-0.145978399333474
"gene_281",8.52347048448232,0.228790020336309,-0.393186300510669,-0.117639883649057
"gene_282",6.16923440916927,0.52215035201399,0.394440266316024,0.272481172469885
"gene_283",5.59347876988338,0.190485625732748,-0.371111862146105,-0.039463946702591
"gene_284",2.87356211255639,0.255145601539185,0.479458044513514,-0.6695898668163
"gene_285",8.59753787647688,0.100137676123113,-0.398292402985448,-0.0191261981063075
"gene_286",12.2756418189947,0.0733473369801527,0.123920292881142,-0.158171543573853
"gene_287",5.90104603955633,-0.00433424546081483,0.0330932433408899,0.225603293039662
"gene_288",10.3943989369289,0.200595774886822,0.308759672547505,-0.458579212616118
"gene_289",3.05575555979981,0.712289240444757,-0.280017885247062,-0.344243369374924
"gene_290",5.77906287780289,0.205134550877777,-0.0488713749841623,-0.0243159866793119
"gene_291",7.96551225148065,-0.0673643259919453,-0.14579547861797,0.203695969326253
"gene_292",2.46904915541852,0.324314986685596,0.452582809625543,-0.210312345460118
"gene_293",8.27139805315366,0.0801068076074734,0.152805469269792,0.0627856261883196
"gene_294",9.40402663726689,-0.354272590568621,-0.0920994364282042,0.0265992965030328
"gene_295",5.2294430915093,0.295239764586162,0.143555985216591,0.426401334053865
"gene_296",8.01487997392194,0.521807065441126,-0.177187406136097,0.0389960567658113
"gene_297",5.43745786709309,-0.770781800854874,0.0477844557930874,-0.354608134092596
"gene_298",7.33427591549947,-0.478736390308114,0.7955804480801,-2.05620931499396
"gene_299",5.17082559120614,0.109923027745075,0.166871100185522,0.261704469515182
"gene_300",11.4935983735498,0.397372913045094,-0.240396519498592,-0.0786038477762228
"gene_301",6.19656745037643,0.44738255952909,-0.482829801190101,-0.202985736650566
"gene_302",4.41591849102871,0.133290881342328,-0.00584900452504135,-0.150746967983303
"gene_303",7.16869697114839,-0.624224544420772,0.0670355695269464,0.185363035000701
"gene_304",5.50708580187991,0.0541028851615054,0.449278543371777,-0.0237451320754803
"gene_305",5.55757197164281,-0.26139128831649,-0.282018799407551,0.400460381211441
"gene_306",6.53886653236013,-0.101576981454501,-0.176519591705188,0.172943446189093
"gene_307",7.81854078927785,0.190400163033747,0.486898163093466,-0.148647528266205
"gene_308",4.56920363172043,-0.412963858277759,-0.452035211342355,0.28839951449823
"gene_309",9.60742885455647,-0.0216664806800844,-0.153039905331121,-0.0336801442348882
"gene_310",11.0713235985356,-0.0495372755069308,0.397507063729217,0.250702977657116
"gene_311",4.67312618525684,-0.108518380211011,-0.0125720428798037,-0.0368086238779589
"gene_312",8.64742203089376,-0.109041447619217,0.473295779541773,0.0177108823461159
"gene_313",7.02095694255691,0.056913847096856,0.584509120884577,0.333649161968281
"gene_314",7.14344837403429,-0.496206742776323,-0.00746619193432767,-0.319020674396355
"gene_315",12.3021014263648,-0.100245715895092,0.589368786615292,0.232124269408077
"gene_316",8.01386810882401,-0.476117510632563,-0.133752387000022,0.186933237626589
"gene_317",4.46651184646408,-0.453679458805694,0.0546254688992139,-0.071543514724626
"gene_318",9.66369870400774,-0.422947720949773,-0.244166326930674,0.0101807424929832
"gene_319",5.52198190356908,-0.168150868738487,-0.158615685511864,0.146385289546815
"gene_320",8.8291946207952,-0.531448563153277,0.00514439308529489,-0.0314783651020297
"gene_321",3.90900684691901,0.0106274651464777,0.430548038895656,-0.0268624655480293
"gene_322",4.94555670105437,0.189913145525451,-0.657782273311673,0.123130305557026
"gene_323",7.7723594642637,-0.506175847559596,-0.671223588888633,0.0365725360834467
"gene_324",8.11985422503512,0.152735580982945,-0.790671378709676,-0.171643008616007
"gene_325",2.33852297292795,0.89142805237304,0.221226176828904,0.141881742592177
"gene_326",6.07038680280338,-0.550233602866005,0.37841772187805,-0.100840029639405
"gene_327",8.94006176353566,-0.183059024687006,-0.320790828265594,-0.139309082706276
"gene_328",7.16877878868135,-0.254205153707671,-0.233550113576975,0.566607105939094
"gene_329",8.82172133936868,-0.205623066900505,0.136882924067992,-0.0425859119426125
"gene_330",8.99356012490688,-0.00732856236736508,-0.241613595164433,-0.267234809662001
"gene_331",8.59154530020438,-0.19953218646603,0.167284602386966,1.92216296019639
"gene_332",9.87765223148706,-0.100806065057896,0.00656531707187577,-0.197756762588193
"gene_333",3.627146329899,-0.154601988918014,-0.0233661784657138,-0.193669784193773
"gene_334",6.02396681828499,-0.0935739858929919,-0.333010644143882,-0.0557177980061961
"gene_335",11.7761209940905,0.123833482238969,0.543935978992621,0.288085285611591
"gene_336",9.47318465833504,-0.0760841025589059,-0.292695823679037,0.112126488503
"gene_337",2.98411053730274,0.716998560457651,1.00555502424767,-0.298840758579542
"gene_338",2.34222644725749,-0.240328348597692,-0.902912102837459,0.327668751211466
"gene_339",10.8898998709387,-0.597713773326215,-0.201021085748686,0.113846632502622
"gene_340",11.7591325265388,0.410981968426922,0.394143086445255,-0.258050352526578
"gene_341",3.81962231556427,0.107909292397495,0.439787928215492,0.242350041222464
"gene_342",5.50712417088092,0.189736474031247,0.70911454848852,-0.0132815454240394
"gene_343",4.27776953111281,0.0229994031353014,-0.463455134662556,0.0456310570508348
"gene_344",7.64514483112762,-0.297031988823024,-0.519282410584227,0.414961120925248
"gene_345",8.30234852899925,0.311440325815755,-0.165831854756106,-0.0352033540625412
"gene_346",4.76493993610914,0.499918425088334,0.149167909732744,-0.257745931806312
"gene_347",12.2184628335457,-0.435006699372505,-0.166251298994072,0.0468749324471172
"gene_348",10.1960340567413,0.200517315911393,-0.230012521891008,0.269047957036042
"gene_349",7.14249073730067,-0.430130580504118,0.145674653146063,-0.0876154201064808
"gene_350",9.87862929321536,-0.333176338296351,-0.293818802801753,0.285748707726746
"gene_351",8.23485761697967,-0.400720942604577,0.0886089578517145,0.0411156624352053
"gene_352",9.37204183444317,0.0889556922582944,0.450994879967308,0.278182540602006
"gene_353",2.05859243622361,0.113401918866548,0.373187657569201,0.264564602812316
"gene_354",6.38747334256808,-0.0657398879171618,-0.515561524902525,-0.116225916580838
"gene_355",10.9283296725455,0.00897417105994144,0.118977855433114,-0.280556871903321
"gene_356",8.43014167410034,-0.319992956305836,-0.459153113975139,0.29057162153871
"gene_357",5.86338706263881,-0.0490528736784792,-0.127287295596656,0.0428560538515161
"gene_358",5.97565811273213,-0.0776801496216444,-0.19677915783138,-0.0679536529971016
"gene_359",9.3781910218271,-0.28390716939543,0.301142184650092,0.130183126455225
"gene_360",11.0084063629288,-0.424640174781563,0.150402143662796,0.886755402418415
"gene_361",6.52037058479921,0.0515064355015168,-0.679890510610089,0.0760540454556871
"gene_362",1.96987263106808,0.654089881230202,0.217156963624255,-0.249800158606127
"gene_363",8.94351619182001,0.235525456364613,0.158617044353537,-0.0359208611163618
"gene_364",7.36300432763653,0.712758618646477,-0.807556407665896,-0.139672782020427
"gene_365",7.00422970172017,-0.996793614479191,0.743240577777306,0.105649003429703
"gene_366",5.58648304078808,0.269408887364097,-0.134464419189083,0.2743942719343
"gene_367",7.45170247598618,-0.0592047478073214,0.177407110899329,-1.10942881782963
"gene_368",8.83331013670577,-0.799828751052792,-0.0418994099345838,1.06962491106486
"gene_369",7.40396044412565,0.159342391444728,-0.0460709861061385,-1.06308123036836
"gene_370",5.3634809998864,0.518495763171047,0.591312691623107,-0.108369808589998
"gene_371",2.34505234389481,0.237471588496719,0.0205666046666573,-0.804759953929161
"gene_372",7.48197055613703,-0.244744777531526,-0.310540166940011,-0.263534803067755
"gene_373",2.37690166033686,0.245077305600396,0.0430500642553731,0.418512662844258
"gene_374",4.39208111966625,0.438071997470135,-0.0736211470163234,0.102562810430052
"gene_375",2.54521648430652,-0.681884575716774,-0.154556068277985,-0.489125170404405
"gene_376",9.50217146797024,0.0158516690848337,0.164439607281784,0.297508750518974
"gene_377",4.41235752978835,-0.202376682348348,-0.191532455539204,-0.225794733821827
"gene_378",8.58150654300048,-0.259845804477895,0.591085680201997,-0.349969466015592
"gene_379",5.07515659401737,0.103368656650756,0.235724357071138,0.324484278128319
"gene_380",9.94337269852585,0.296597828464152,-0.161012691091215,-0.0141560205688289
"gene_381",12.3080193333374,-0.0928765183917799,-0.236457947975374,-0.0144689571168216
"gene_382",4.58814507319418,0.147728668165393,0.096386337737767,0.0889324623637172
"gene_383",12.2671194938664,0.157008923136498,-0.429599469246986,0.444408912972909
"gene_384",2.26253369494035,-0.457869481700496,0.0292706020100005,0.28972014017154
"gene_385",11.1046574606351,0.137038095277093,-0.239521631941123,-0.187023177009048
"gene_386",2.88621789134027,0.32001107541897,0.203905509319827,0.269676925524598
"gene_387",5.85943280952096,0.205199586547446,-0.0873465481231269,0.160790574850649
"gene_388",9.32606668682393,0.344013023404705,0.163950373531999,0.0504498722383009
"gene_389",7.52075658726388,0.32570601705683,-0.0142218197378541,-0.268554297441785
"gene_390",3.99520105524977,0.244288443526003,0.300825109827741,-0.136980567747326
"gene_391",7.38925562787917,0.0913960653612254,0.482751262584933,0.00616911966209242
"gene_392",4.89976404878573,0.0237428834447719,-0.308311350334602,-0.100311401953451
"gene_393",7.93642155811112,0.0536803441909665,0.348156097076559,1.90939931660613
"gene_394",3.03954709502631,0.399386643097924,0.345552151538569,0.235255727354991
"gene_395",6.27247396488788,0.483100753154525,-0.0876276175659468,0.140537600850186
"gene_396",11.7781823715311,0.11410920192728,0.108142845279395,-2.09227785260237
"gene_397",4.50697869918295,0.00644353352985213,-0.231562125962056,-0.00617635290089992
"gene_398",8.78354886906638,0.354121904941265,0.124012749480904,-0.133936597230193
"gene_399",2.28977155380097,-0.178280305349455,0.00421456504861346,0.263660188501854
"gene_400",5.37763599403576,0.501112660095175,0.309996988294843,-0.105646878051502
"gene_401",4.69500805616302,-0.270069677494993,0.603476125037235,-0.0632536402632512
"gene_402",4.64304142702925,0.716640098329031,0.512680821938014,-0.055706981349967
"gene_403",2.69747429874504,0.611171963199653,0.9842449404903,-0.390113548922037
"gene_404",5.72369713458777,-0.418140465669406,-0.215235729710804,0.621760764536886
"gene_405",8.24288238747754,-0.248950445781334,-0.0248296423954769,0.411963623512729
"gene_406",6.41615057677699,0.175488808186445,-0.066455447219772,-0.23295917178489
"gene_407",8.61441728030408,-0.462941137966391,0.280251663107215,0.121968501848878
"gene_408",9.47596362529627,0.055497044164937,-0.248519032456669,-0.140424113918616
"gene_409",8.51310858094025,0.00957841743823802,-0.20370587111393,-0.420673275620987
"gene_410",8.82050898049221,-0.299894764639333,0.214181804416135,0.948183570554512
"gene_411",2.87386793636278,0.290798032737854,-0.055208330826848,-0.0573175587825339
"gene_412",3.62155397493608,-0.197969293612976,-0.323727175599609,-0.026084569847094
"gene_413",11.1578526690863,-0.274924435506816,0.105437339395339,-0.0584963046500569
"gene_414",8.16131952623818,0.0526255181518304,-0.104248154233357,0.107872185735821
"gene_415",9.63093391365577,0.0447899838266352,0.189842021690583,-0.17915368677272
"gene_416",11.4054438175082,-0.525758256330949,-0.304241731393711,0.0710940594659339
"gene_417",6.99936777542138,0.215035487935606,0.235046623537954,0.100061646558566
"gene_418",8.72949356606163,-0.0242254242989879,-0.298480755132487,0.061934852580945
"gene_419",12.3404179509316,0.181333839319876,0.0221690938290594,-0.0887818548695691
"gene_420",6.62835406267641,0.321424356348427,-0.0699466849282312,0.289424132276243
"gene_421",6.49815247098689,0.344220228432611,0.908524165214853,0.00790872768028307
"gene_422",6.15783440348026,0.0553676353717624,0.0742783394976419,0.337164391811615
"gene_423",7.17178513938005,-0.0950389895236354,-0.133241040631791,0.125438179202472
"gene_424",6.97666757807064,0.269853130312934,-0.150187020036307,-0.170956785417603
"gene_425",2.33317636668995,-0.392806533238813,-0.0538213156428654,0.249895467832709
"gene_426",2.68458340610544,0.380249273807508,0.180636189267156,0.459603433639624
"gene_427",6.6544514659906,-0.241580423582888,0.0904272454532178,0.437330414329248
"gene_428",9.72742313516397,0.00944947416917766,0.0309964974447822,0.210949913863764
"gene_429",5.95660202857946,-0.19219034634573,-0.115530236564617,-0.265083120993227
"gene_430",11.6252006376136,-0.386385006341922,-0.057792841494416,0.329960957917406
"gene_431",11.4294266264301,0.464635529375465,0.161949180024974,0.361704290640943
"gene_432",8.3349881513653,-0.109233534898182,-0.174282823613605,0.93939819679932
"gene_433",7.04562197477143,-0.753654169756593,0.0698257522981373,-0.0441493880337342
"gene_434",8.61621189344292,0.0529358119006882,-0.268707698459416,0.0552460713026538
"gene_435",12.355107874876,0.113394955666688,0.137127326650487,-0.121668163052182
"gene_436",3.23155224437486,-0.311004200818551,-0.436368589912945,0.196817799019227
"gene_437",2.29384174284874,0.0835019862271772,-0.188846557689546,-0.0912813820336164
"gene_438",3.30676138121804,-0.252307995483309,0.700039759866045,0.132431794200432
"gene_439",6.76932510015882,0.5765696413208,0.594678864979406,-0.114508368369573
"gene_440",2.8577055984392,0.57749064719983,0.0281416813338594,-0.0785224272941971
"gene_441",2.96614198008106,-1.13919344719542,-0.577848669721115,0.702641221182678
"gene_442",6.38687975427616,0.0489053247401195,-0.252560484994496,-0.345389778407125
"gene_443",11.3624870453592,-0.359863478093666,-0.323000311306577,0.395360589076991
"gene_444",6.17178928481273,0.163670372404482,0.233445910406205,-0.195535373386628
"gene_445",2.83374314515454,1.00560091093687,0.99671052221886,-0.000797936618213113
"gene_446",5.86842164314019,0.174869992168036,0.520737815487444,0.250261706639692
"gene_447",9.18505190344828,-0.199315293590173,-0.097719966067293,-0.488715524221439
"gene_448",5.35857958959917,-0.721877461229733,-0.0299562333065364,-0.114353028908985
"gene_449",4.77910947657475,-0.757071395642642,-0.640582953383335,-0.653562783189513
"gene_450",7.13589148989426,-0.0367925473574883,0.237477068815658,1.04539297978667
"gene_451",6.53028107187472,-0.0986036020670909,0.147249326540803,-0.100559146250021
"gene_452",9.71876016898181,0.338353683749408,0.0750015116214871,0.137578595656329
"gene_453",2.51781253222017,-0.390739201139604,-0.0320503234260366,-0.0225215146198215
"gene_454",10.8263545209231,0.93489670821919,0.0672037409386552,0.106393916683012
"gene_455",11.9381478813288,0.243516580384011,-0.367865369383475,0.344487690654664
"gene_456",2.58099809491591,0.571623062186013,-0.624001717725632,-0.258224023571679
"gene_457",9.1015308782617,0.646868111599929,-0.150727280412556,-0.323060762773954
"gene_458",6.21180455475905,0.587218491950817,0.430837793508731,-0.0537091416909673
"gene_459",8.91716744900124,0.0566928531087493,-0.379110206794175,-0.133283342311396
"gene_460",6.2015954938024,-0.265259216311048,-0.415834679776841,-0.429209282842345
"gene_461",6.02454427211349,0.40377237502782,0.0902106027226353,-0.313906387434389
"gene_462",2.90320695725023,0.416430635262722,0.0379134155321603,0.285547140599303
"gene_463",2.17635088740069,1.15176607315459,0.468577797065063,0.30768794776895
"gene_464",8.05028594994201,0.203561671375317,-0.141144685390594,0.00205288269694327
"gene_465",4.56383457085754,-0.00106190556282812,-0.565252312250362,-0.86726325713402
"gene_466",10.668043634132,0.259911083984188,-0.497865377255069,-0.0179077081690815
"gene_467",10.6724585131304,-0.0548796819994027,-0.172645214959252,-0.215126867057858
"gene_468",3.65230485993706,-0.0813967437487468,-0.174377014117129,0.486558929265464
"gene_469",11.8321081269782,-0.0880872395284801,-0.0643577564312846,0.532497971176214
"gene_470",2.05071810653719,-0.964205203811117,-0.451918862183199,1.32495485110885
"gene_471",7.75796839535309,0.449887916389016,0.2056667312801,-0.0759991404411115
"gene_472",9.93152836433042,-0.0604964322711738,-0.462858531231374,-0.198987098241525
"gene_473",7.62471799566176,-0.478340462376169,-0.635578844656681,-0.0564560508754946
"gene_474",6.9360325715557,0.0581225415800974,0.207305941472412,-0.192294881781639
"gene_475",2.7002732569096,0.0112700987280496,1.03760434929006,0.579771814118196
"gene_476",5.51456247206215,-0.694785528413554,-0.202390962419477,-0.460798792415228
"gene_477",5.31038709581983,-0.0714949082986763,-0.0888838832277265,-0.169968790242576
"gene_478",6.95405415521543,-0.340733879181742,-0.0940999586811374,0.532380260704109
"gene_479",6.1561107133032,-0.34540707000732,-0.268413154613045,-0.422179660587591
"gene_480",5.70147406193521,-0.208019660032207,-0.0654473217732792,-0.196657418775415
"gene_481",10.7796362349989,0.295550296889128,-0.194667821790137,0.48213414215172
"gene_482",8.25689653317762,-0.33891691776807,0.632016585878566,-0.358394478817481
"gene_483",4.25018041691357,0.298774178142556,0.109029197129057,-0.368453090344311
"gene_484",10.1914459537291,-0.14146950958566,-0.157416640962117,0.0215563054232615
"gene_485",7.63907366806812,0.110215081448845,0.50371976388367,0.255311333769482
"gene_486",9.19696142102853,0.168812628186789,0.379230473498524,0.263824410341777
"gene_487",5.59186992575998,-0.439185306766778,-0.330690377860404,-0.0749344226748703
"gene_488",5.55898374477301,0.912703988697677,0.853357896406027,0.187133247421681
"gene_489",8.38627269036736,-0.145164058289411,0.544414495461028,-0.440506563379858
"gene_490",7.64231305791144,-0.213815888075483,0.00228248212058485,-0.332532611502595
"gene_491",7.40440577305901,0.0497412279762495,-0.746514116517445,-0.136619703336536
"gene_492",5.02552051938445,0.49684169190979,0.256964003439028,0.260352859717538
"gene_493",5.41607728165058,0.224216399794637,-0.103261377720405,0.0158148681224296
"gene_494",6.49929461319801,0.588932202196422,-0.43095348307958,0.247266121043969
"gene_495",6.04768392895054,0.052179152008433,0.413226776627613,0.200250563841268
"gene_496",12.408008030295,0.00156937807735298,0.0291026172391184,0.106931766350446
"gene_497",4.95891683668581,-0.660596602653264,0.12936563346607,-0.189529466264584
"gene_498",6.49053751980577,-0.235111696027081,-0.36993115095089,-0.215543125216765
"gene_499",9.35302894350043,0.423304117310525,0.769708999824929,0.0542355811676561
"gene_500",12.3634506800969,-0.118404534808356,-0.0757188263627459,0.25586836789923
"gene_501",2.73990031498127,-0.0936480295754229,-0.612209884586121,-0.37807316255188
"gene_502",7.00920663322997,0.585659811392729,-0.101424750279978,0.972666737817575
"gene_503",8.42115442153781,-0.0713943807821962,-0.270420636163626,0.0774359260180032
"gene_504",7.61309246805538,0.171698181160842,-0.390048141625145,0.0255477886773209
"gene_505",8.23513817295955,0.0579814772480072,-0.579008806147508,-0.0430916033859419
"gene_506",10.7555212811857,0.253387680395783,0.347305902532431,-0.0285292855645544
"gene_507",10.9734151985999,0.611006432868497,-0.202995538317492,-0.104220711518578
"gene_508",4.80113630818925,-0.1978773924545,0.515243069474786,0.382903835539516
"gene_509",1.9442883089945,0.528210019612819,-0.232554820154391,0.664586068004952
"gene_510",12.3341604226173,-0.00659345250614746,-0.26531157068868,-1.0251105033273
"gene_511",8.89983026118309,0.216266762516498,0.214894664444301,-0.407972383135695
"gene_512",8.62491072549398,0.3552046163093,0.171451380889623,0.0430861612165317
"gene_513",6.37126984765583,-0.131056166684501,-0.444566419498754,-0.29734333775184
"gene_514",12.1475754426653,-0.19675729316801,0.381859963124339,0.339068374070883
"gene_515",12.275096217578,-0.0752080933651371,-0.138101696254327,0.0109656295922631
"gene_516",10.7567392845572,0.107307871664422,-0.0636264074708311,-0.133160732592105
"gene_517",7.81936206623701,0.0641179201942457,0.316173051039791,-0.119256773357672
"gene_518",9.23677162563428,0.664883288348998,0.158073359655496,0.159561513727377
"gene_519",5.74398039738357,0.332553651220132,0.491918504489489,-0.134269932603452
"gene_520",9.29105575558681,0.377495553307937,0.115626768262285,-0.154541378133703
"gene_521",6.98640706278133,-0.246830942835863,0.0828348773572752,0.339188397995054
"gene_522",6.88183607675326,-0.270197645724487,0.280543216985934,-0.0390554347001685
"gene_523",6.22812678023758,0.055310151594515,-0.135680017456481,-0.108359113583463
"gene_524",9.30554379512532,0.219222557484422,0.106379931953394,-0.0530807771450524
"gene_525",8.27499177540987,0.0662314750929182,-0.253254303605662,1.9896862914929
"gene_526",3.60301723480948,0.167034369692392,0.57563206864891,0.459973360952889
"gene_527",7.04798397768148,0.146397394980096,-0.460439333877007,-0.076111866494595
"gene_528",7.64722178266056,0.591228641918204,0.0745118386389517,-0.19822509029943
"gene_529",8.41133413676282,-0.0838290024522654,0.300142766221919,-0.167214419339249
"gene_530",6.32290660099029,-0.805127466893781,0.0939420001405442,0.22606337142278
"gene_531",3.56715570502,-0.231676610889562,-0.685681679837468,1.40814597254314
"gene_532",7.92674879514761,-0.289512432950972,0.130705155660627,0.325388191859529
"gene_533",2.18661711234745,-0.198651504493294,0.0136497925020256,0.0734860430706408
"gene_534",3.11949681484981,-0.473626617069276,-0.310846052921109,0.870512254724232
"gene_535",8.31241273797919,0.247246387535861,0.0190421559510209,-0.249728944771903
"gene_536",8.14735041592546,0.284893038670366,0.103750961975916,-0.158768843906284
"gene_537",5.44845726648102,-0.445575145622014,0.124503723443627,-0.412768440803623
"gene_538",11.5311176499872,0.00803454320288203,0.0355793520594909,0.128120205233508
"gene_539",4.06459793593111,0.588969395259469,0.480548889096888,-0.562020100660131
"gene_540",6.7679074271467,-0.212991826981109,-0.413607526608316,0.22222509983837
"gene_541",10.2228625958945,-0.215573752476499,0.162967042225805,0.336446664193433
"gene_542",6.20572554905861,-0.324457717402015,-0.162175219667374,-1.91510389446539
"gene_543",5.02916361234693,-0.33119088718374,0.411887998797916,0.842758819461339
"gene_544",11.1077915709301,0.413195519470639,0.781186498618165,0.0712081413432795
"gene_545",10.4519900950973,0.370285142330851,-0.260171529516697,0.111019993158537
"gene_546",6.22735915048424,-0.0576366210132017,0.607750123737658,-2.18622421070987
"gene_547",12.1941911260029,0.208224508505928,-0.580298852851306,-0.455276410231916
"gene_548",10.1154369518815,-0.503306918133728,0.203464741774252,0.103070738838891
"gene_549",2.27622943829912,0.279103417750102,-0.0489603472755923,-0.921696325373918
"gene_550",8.18835208674322,-0.523296574120313,0.0976995749208447,-0.0771170026501366
"gene_551",2.82861158058694,0.585965532901556,0.619517101800927,-0.461165493069008
"gene_552",6.17149406083973,0.263026998744316,0.107118723476307,-0.0606059296270674
"gene_553",7.63247296353989,0.147864628137688,-0.367643796445229,-0.0846027443512958
"gene_554",9.59501723844305,-0.11910437040069,0.112106282237236,-0.00337132765435033
"gene_555",9.02600658510761,-0.595484793814452,-0.0114641664843196,0.231825878325146
"gene_556",11.2017093394084,-0.590567833948855,-0.129057030396643,0.0559561466414909
"gene_557",11.9729607987126,0.25972525538806,-0.115929310153637,-0.261939000301652
"gene_558",10.3605549600781,0.121750487980749,-0.349258239261766,0.0662245869687515
"gene_559",6.60422320479003,-0.00135914397380783,0.238619375250584,0.0767324597836472
"gene_560",7.37033952824742,-0.0189254974286871,-0.151242697446958,-1.98954822585022
"gene_561",9.16410692548014,-0.0464082443933231,-0.0113544418787067,-0.126724358756245
"gene_562",10.7868768721613,-0.160819455412858,-0.223518816055665,-0.127196231434318
"gene_563",8.35720404950579,-0.329111033210426,-0.367026017234789,0.119909921068032
"gene_564",5.7539384620024,-0.704003499806552,-0.439000337797088,-0.313474465796655
"gene_565",12.350493039843,0.157989100066681,-0.344029654892568,-0.571280429195642
"gene_566",6.17075860801083,-0.17484402176669,-0.140020700332169,0.269534156866065
"gene_567",10.0784521267012,0.0770602206078825,0.27327826720309,0.0768650599451254
"gene_568",11.606607857972,-0.450349092289619,0.132289520253069,0.138882303515127
"gene_569",6.17139619495659,0.461901193359869,0.211481650078663,0.0316313826376528
"gene_570",8.00399625006925,-0.318273974821214,0.533771889265577,0.0149592957774746
"gene_571",10.8431950800109,0.481813309301419,-0.0662834794278433,-0.421032004697095
"gene_572",7.48262738378459,-0.433010504178232,-0.246553345865504,0.390586179472284
"gene_573",8.48086118600098,-0.156741736215958,0.259229775782061,-0.261374212346274
"gene_574",12.208514836286,1.02941622283549,-0.209443905510669,-0.354195031919225
"gene_575",4.90826969043266,-0.188200166950877,-0.293955963294703,-0.230260247904927
"gene_576",7.24067498152047,-0.15461654208209,0.28072289546447,0.209936257285277
"gene_577",4.05388337940387,-0.953885184796161,-0.567330588805051,-0.430913650965342
"gene_578",5.93503048260257,-0.275292968928434,-0.642662258249683,-0.254465868962986
"gene_579",5.84496987599842,-0.363339690848989,-0.217647595119021,-0.315059726467214
"gene_580",2.5607719081852,0.690959319551214,0.483280234357475,-0.117922704074777
"gene_581",9.82356196962566,0.287700483239419,-0.168214066053091,-0.247095191009526
"gene_582",9.35733793913205,0.402902287292886,0.500472313404417,-0.122689847168348
"gene_583",4.71322102076055,0.174681127720221,0.138938582327846,-0.185323402164154
"gene_584",12.2542987927801,0.118197931372582,-0.175790878816439,0.203883644878518
"gene_585",9.12127129203013,-0.247278156620078,0.406898656609438,0.0601725126803175
"gene_586",7.78438812125912,0.0659509954716774,-0.211582887596891,-0.290968889264795
"gene_587",9.18186083495313,0.121456371946537,-0.208006806941944,0.0948207381129448
"gene_588",10.6174010911098,0.143968689357242,0.118805670791538,0.360769422402173
"gene_589",12.2840461349986,-0.407849187865907,-0.100167363421312,0.221098736520483
"gene_590",7.11627788898219,-0.388383551719905,-0.38425581039658,-0.453963659700197
"gene_591",6.90441814324865,0.128321676717757,-0.196535043006947,-0.181687945897678
"gene_592",6.54337517317518,0.226623261209529,0.164741249988744,0.297124103286186
"gene_593",7.89316774040552,-0.509045416066949,0.0912936204079851,-0.175820105577024
"gene_594",2.33008389145451,0.331956219551928,0.607078220886417,-0.384887743495714
"gene_595",8.85955504387747,0.396440650515998,-0.388323124228703,0.190761340348056
"gene_596",10.0480170115675,-0.37038826119899,-0.481761528681385,0.00146943443491099
"gene_597",8.39802185465127,-0.313998596263273,-0.185848642265263,0.299140888263371
"gene_598",3.26158976878124,0.0701188537178538,0.0724719022255885,-0.465302972815401
"gene_599",8.14322956690078,-0.590801303454879,-0.561005584331248,-0.157367525934534
"gene_600",12.2974015619441,0.178101749564938,-0.276809034416029,0.0641030067922582
"gene_601",4.30727782427268,0.461590871686882,0.0755081037939574,0.131841434596785
"gene_602",5.92039560867488,0.617048371705666,-0.696521274437822,-0.180052003222962
"gene_603",5.6469682991715,-0.136914485231073,-0.485303502364654,0.294471274353505
"gene_604",6.20361305061128,-0.227253809626966,0.0519149991913185,-0.188362067379361
"gene_605",9.79653533129189,-0.0298357899963246,0.22104414485147,-0.243843473704253
"gene_606",5.4351008983915,0.652291390973309,0.520199800397923,-0.377382476681653
"gene_607",5.85060189309178,0.0412931865948827,-0.461096569090053,-0.0167925598087799
"gene_608",5.34270067956369,0.501095539440669,-0.38360608540851,-0.66367525758424
"gene_609",6.15992186876137,0.199436793975729,0.135056465199203,-0.442907394438442
"gene_610",5.76117501335818,-0.0139204166212091,0.366156052022964,0.329058095456518
"gene_611",7.04180855346054,0.157512704884739,0.293266541861332,0.0599816980643919
"gene_612",8.6114729724156,-0.647192823936344,0.184401333441749,-0.378564625232502
"gene_613",5.89395616411733,0.165077692732203,-0.00542834647406909,-0.256285116680145
"gene_614",2.49019123418803,-1.04191441145689,0.0919184154586294,-0.476211419568545
"gene_615",8.51023240143937,0.325550550899028,0.0995846098083453,0.176700183585239
"gene_616",5.35026334725032,0.0335365909895825,0.146795149952319,0.481292905284337
"gene_617",6.44630848316715,0.0133786883109619,0.739396665626251,-0.183214856218714
"gene_618",5.2435128430804,-0.0720856159108289,-0.841966162150101,-0.04405225594343
"gene_619",12.3769724279776,-0.079049843487527,0.327819499440113,-0.393973403949298
"gene_620",10.7849778300696,0.273753570932214,-0.54498569349884,0.286604629307546
"gene_621",5.80389656579586,0.506456371608752,-0.101651791104931,0.444745487568862
"gene_622",8.14971785723577,-0.119509902387033,-0.351287851173202,0.0876340368356318
"gene_623",4.96103616612028,-0.196183721560077,0.159254657566232,0.068932752277715
"gene_624",12.1068874409789,-0.202093512135539,-0.598163486096271,-0.129992255774805
"gene_625",5.69835241266617,0.0134098708862301,-0.312129674687521,-0.160033811926593
"gene_626",8.24817323089168,-0.269001117296695,0.0801162165950875,0.923137018169338
"gene_627",7.30860574252961,-0.269239761899633,-0.464200023523673,0.102604702454273
"gene_628",10.4729774700406,-0.472315266719199,-0.376906340005852,0.100808947480388
"gene_629",6.37040762076417,0.141887090073679,-0.140873624109093,-0.682022528853843
"gene_630",3.00398889031811,-0.0914306781230155,0.498530506984549,0.00801676422464262
"gene_631",8.13408486317461,0.700669881687102,-0.0963363168667018,-0.0840324551306872
"gene_632",8.82804871391144,0.715392669184935,0.0505571618679083,-0.276357187787579
"gene_633",10.1957344900047,0.200995057828165,-0.490049650968354,0.42720783578586
"gene_634",7.18589987709603,-0.169010912659856,-0.137056136015229,0.103551368894585
"gene_635",4.41141072386094,-0.13801385586733,-0.10447009146373,0.517890976028867
"gene_636",7.29670067104438,-0.426565219403325,-0.328249368553366,-0.942419997984692
"gene_637",9.86537109933904,-0.216903947251021,-0.0786064373832563,-0.120795815605274
"gene_638",7.1292110707976,0.0706339276648954,-0.867503943315585,-0.258192974507484
"gene_639",11.5463261600929,0.284902757785797,-0.523998765500833,0.111961198894677
"gene_640",11.5073855276615,0.489185561133021,-0.000901936924564056,-0.202719952958905
"gene_641",9.43346763649348,-0.340712139845291,-0.228324712537594,1.81162807203018
"gene_642",11.8654464238318,0.289338397888864,0.12509801051303,0.0991768681946466
"gene_643",6.74954595225628,-0.425118829210273,-0.0379236891961737,0.268082476997606
"gene_644",11.7876508269279,0.00105344168373907,-0.124841657430475,0.189855362532298
"gene_645",2.50789579806572,0.315506307248669,0.119555277135389,-0.432684589552777
"gene_646",7.79204579805349,-0.19140020617892,0.354481236710236,0.32513065892248
"gene_647",4.36949728973351,0.294866751568427,0.102555877540232,0.0344101486738556
"gene_648",8.39253049948064,0.00225000437529943,-0.432434082136305,0.0630139523480885
"gene_649",8.60276997289641,-0.0896047898747755,0.108828286253165,0.161682061627027
"gene_650",11.6652550800732,-0.0200222933805799,0.107402561082237,-0.0463552888673877
"gene_651",6.34824561656354,0.065969803664297,0.0143895951254158,0.168184299662758
"gene_652",12.2383146999286,0.372213556802059,-0.559657210704313,-0.160838009278408
"gene_653",4.86822632891162,0.109360724953259,0.0503275638056,0.302896576610393
"gene_654",12.2808186119739,0.129205503911195,0.304530970841591,0.148214176041416
"gene_655",8.59285953634086,0.149295102750337,-0.203884897392905,-0.115354336110084
"gene_656",8.33984023998326,0.608313439906436,-0.299444720124448,0.485931007946797
"gene_657",6.22196956094069,-0.129481433795276,-0.32670145149878,0.0146060031343241
"gene_658",3.73660236893427,0.0982649831644143,-0.189661978120048,0.350768472175981
"gene_659",7.70878780431716,0.149318975030629,-0.56921063255527,-0.327886493453488
"gene_660",5.3757846945761,0.0121724564607154,0.332061278741667,-0.0505319718335875
"gene_661",7.4207573435874,0.495057883765664,-0.242090573404101,-0.123785567533698
"gene_662",6.92290188037401,0.693214124382637,0.0407494738682636,-0.00747809243225165
"gene_663",12.2094714186909,0.117244142017899,-0.268195056316432,0.171738870570592
"gene_664",9.57986193165768,-0.0183034798905928,-0.0405909887461641,-0.314991527827472
"gene_665",4.7133560095932,-0.0531638380813072,0.0709949225300337,0.311571650745446
"gene_666",5.02282726149454,0.173888372767878,0.480493384380558,0.0566303971696779
"gene_667",9.65371622111441,-0.182107242856326,-0.0692817581310038,0.193483801066335
"gene_668",7.16013295948025,0.0287856566315129,-0.0497048137694091,-0.000226612670507281
"gene_669",9.03016228685761,0.196657155755002,-0.575198722491709,0.298759269070985
"gene_670",6.7886748103421,0.0959381226576822,-0.0557613432144238,0.309322030973367
"gene_671",3.97373943662004,0.249006309865563,0.0902447131327376,0.0319661615396181
"gene_672",5.80913018916584,-0.0727184903422223,0.21918985135487,-0.320005180384021
"gene_673",6.63409131953071,0.267868988742336,0.440189675720731,-0.183188931103232
"gene_674",5.73281564912394,-0.0450786331456707,0.118779275581308,-0.109876750339401
"gene_675",2.08463057990098,-0.603089937921196,-0.999174041209862,0.157432516635088
"gene_676",8.4561533420483,-0.532497711846358,-0.768307329337048,0.182986271028018
"gene_677",4.98531679172617,0.268668710163246,0.180018933775031,0.059978853407587
"gene_678",4.45423562478886,0.209306852398346,-0.405022363401278,0.086226966657321
"gene_679",11.05857742126,-0.0824196992209118,0.0561275123879956,0.200479305962517
"gene_680",12.1551720562237,0.246537744198375,0.0353718714092026,0.139353416637853
"gene_681",10.9907673987886,-0.101950960245337,-0.433103115008051,0.336228232940053
"gene_682",11.1349760523892,-0.295500224092604,-0.0777232358268015,-0.146367100850572
"gene_683",12.2501954068357,-0.240031385010482,0.130881064883575,-0.139745471348204
"gene_684",8.166010738363,-0.469677015767581,-0.0934057253775287,0.0933122060248107
"gene_685",9.83676439065602,-0.361945130625803,0.103544960331413,0.140635801734271
"gene_686",8.39418752375741,0.123344777360313,-0.00912087360034242,0.104341346478655
"gene_687",7.83024648413703,-0.278368448136017,0.404741896669663,-0.0785527092709535
"gene_688",10.200094504309,-0.287603884510473,0.0390455554582884,-0.137876273641032
"gene_689",11.310215762388,0.262491197788649,-0.233363325124857,0.10109820139177
"gene_690",8.99911163515752,-0.162102318735128,-0.223912044101423,-0.125259261039136
"gene_691",9.76595330709834,0.26952638327782,-0.145740921761908,0.197706795291452
"gene_692",6.62872422878722,-0.0684507206063447,0.306954802291446,-0.353270853624059
"gene_693",10.3433032912381,-0.0439192113261917,0.312996712953367,-0.93806154765545
"gene_694",4.94045626224857,-0.345501361115426,0.314296513343723,-0.16640705140706
"gene_695",3.17342593387963,0.0533890983898724,0.0267776113214116,-0.0437236446802666
"gene_696",5.11434467285561,-0.528917987091266,-0.337423866797645,-0.642515660745404
"gene_697",5.70685479472944,0.974647779647064,-0.140769758809269,-0.165514855825022
"gene_698",8.61145745037086,-0.27175377249355,0.121505242061228,-0.269288193849227
"gene_699",4.58292550879981,-0.0521356503310672,0.113529156699733,0.0210280325210489
"gene_700",3.82779911666614,-0.407135841022227,-0.230067617062663,0.439522323046722
"gene_701",8.11416119710801,-0.226087548859203,0.375625732939044,-1.90412916079317
"gene_702",7.12276845987939,-0.238959693962444,-0.0102384841021968,-0.170573622085863
"gene_703",6.54554217664811,0.00759393495487058,0.028056582302172,-0.358312736037482
"gene_704",4.90824662678034,-0.364974672996888,-0.352458042772105,0.547715629880985
"gene_705",8.19095943933099,0.280828993386805,0.169734960466874,2.02433036375484
"gene_706",10.087955959972,0.223919207125732,0.441298526816642,0.0959326910759065
"gene_707",10.3475661477204,0.3060800243229,0.263691507144554,0.0296692677089405
"gene_708",5.86980632872434,0.25466848917053,-0.332473006908336,-0.0542981809304901
"gene_709",10.0509843136456,0.0522809453974662,-0.384100101505673,0.119145486107835
"gene_710",11.5543776833687,0.255542713948574,-0.278690475337468,0.228667681074211
"gene_711",7.50451798492999,-0.0029085168444393,-0.251456062261575,0.203796966404872
"gene_712",1.93223538498952,-0.00262372699475054,0.0215676101510106,0.239901155257221
"gene_713",6.43144278844884,-0.368892670097273,-0.00455454407251216,-0.214098421270554
"gene_714",4.85826221705095,-0.210520766124796,-0.0760242899017218,0.0096339504968591
"gene_715",7.44180761353367,0.0970439610521893,0.219413294009813,-0.0108867746992669
"gene_716",3.8196836107155,-0.581386164945819,-0.844152530129063,0.326477057606403
"gene_717",6.11413666815006,0.0276790901262378,0.554668070631648,0.0349976194412251
"gene_718",8.99544663452565,0.547353893803776,-0.102533184307247,-1.09574387037171
"gene_719",9.19020967024714,-0.521771012043341,0.0507698059921368,0.190804057126762
"gene_720",2.1070466982686,0.360695449255093,0.0903311898794447,-0.0827935923504863
"gene_721",6.82804712694174,0.577120970169724,-0.379435294101801,0.417405142747566
"gene_722",9.03854591419142,-0.150040116910474,0.159366557420972,0.218049775884843
"gene_723",10.3693176690805,0.152109110047826,-0.403368436286488,-0.9437869777891
"gene_724",5.02951926138131,0.318691098966907,-0.0573661809003063,0.193496975294517
"gene_725",1.94947457629276,1.77737010562218,1.31732005301075,0.341620475256682
"gene_726",2.19917416594859,0.0639881579600888,-0.318075293829592,-0.22926410522598
"gene_727",1.98730505732503,-0.0475652814511067,0.0814922116477722,0.348412817787992
"gene_728",5.22288509858332,-0.262421603803315,-0.234734532934128,-0.721389258262137
"gene_729",9.09365564392218,0.0423627679963875,-0.356868330597163,-1.08095403441898
"gene_730",3.9245737655879,0.562191447443865,-0.458997539591459,-0.339158107400171
"gene_731",5.97266702446137,-0.176931822103358,-0.0876436800422968,0.0169581947260425
"gene_732",8.60382696025952,0.200790212952089,0.0292711224961144,0.217920135180359
"gene_733",6.67019658029527,0.162804361004669,-0.218809920707393,-1.15355563027765
"gene_734",9.87924446815715,-0.172955549844023,0.465892155794627,-0.328659955877308
"gene_735",10.6208513496612,0.361462984538095,0.372980432772987,-0.191616923037152
"gene_736",5.36916362442012,0.311656998991273,0.164950459823943,0.675488417918963
"gene_737",7.47139882228063,0.0648883195206773,-0.102669810747911,-0.397847311925073
"gene_738",10.485139204957,0.178751841760085,0.0606020978867035,0.178347742382015
"gene_739",9.44636203199664,-0.163809465091818,0.184695367615386,0.559874550601832
"gene_740",6.62123279925335,-0.249327121284095,-0.138277055207534,0.215078011884476
"gene_741",7.91938345405058,-1.03890739143384,-0.0420325930405634,-0.157525780814359
"gene_742",3.24787976149921,0.533415028555516,-0.052231327434795,0.118808060664759
"gene_743",4.7685217240751,-0.467272800018607,-0.754178285516477,0.288090469365696
"gene_744",8.73434237553078,0.251783261107932,0.0463477540806701,-0.100320062783368
"gene_745",4.00276659533275,0.494845083851406,-0.0507939546763919,0.411441889492399
"gene_746",6.60312237002338,0.10789972009415,0.480317165151745,-0.21827046122027
"gene_747",10.0453611010924,-0.0407366774934436,0.522107610629514,-0.00548842262640842
"gene_748",9.73843188483179,-0.535119556204041,0.192226005408838,-0.0533608025462259
"gene_749",3.10094513493932,0.389308199893274,1.00670222399672,-0.438004217146692
"gene_750",5.02073499894771,0.148695549839301,-0.0833199390571493,0.124738247244095
"gene_751",11.5165949266111,0.38423919634474,0.133145803572768,0.0240431989817832
"gene_752",10.480815820601,-0.810376474218526,0.521532160276007,-0.134946143379908
"gene_753",5.21794180393954,0.0207410894620029,-0.352421704338602,-0.391207079286303
"gene_754",9.09700715390451,0.0625707745143891,0.188826904605787,-0.159634959706309
"gene_755",7.46998482110132,-0.190330734829901,0.217565209954337,-0.208018427330261
"gene_756",7.15448308778239,0.088589615463616,-0.278285251723536,0.156205198552787
"gene_757",3.54674367805444,-0.189512127314348,0.113725689653977,0.369869586022411
"gene_758",5.40900126571282,-0.194259029084147,0.103619615472212,0.267532622262222
"gene_759",6.94385285979861,0.276170235799224,0.311165500577359,0.164130904911752
"gene_760",2.55663424742196,0.723300890625426,0.87654697253603,-0.456256969867014
"gene_761",12.1357557115853,-0.286798176339661,0.116288468659304,0.144944470156156
"gene_762",7.55730080071627,-0.148166062289463,-0.211344199086609,-0.137840485214958
"gene_763",4.74492237280335,-0.48753328491366,-0.477338160393493,-0.0408976049061447
"gene_764",5.68532411012063,-0.57576198243336,0.0795587454082666,0.560349056330313
"gene_765",7.01271713627924,0.0223967130102009,-0.0665404363677316,0.202192567641364
"gene_766",5.7434969083293,-0.170963290727126,-0.0824170189462911,0.00610493948138357
"gene_767",8.39136996535212,0.0356601898120082,0.572788857992414,0.181408337933643
"gene_768",6.15206680006277,0.19266645099026,-0.32048069815928,-0.0351483462298215
"gene_769",3.47123556744479,0.425496593005176,0.501906859257631,-0.0874757387426898
"gene_770",8.78507683220962,-0.649246219396612,-0.107681385186584,-0.0722545613699851
"gene_771",7.54246617701608,-0.322431425938111,0.197806887255092,0.0369586266675832
"gene_772",4.04439622688432,0.0989141742507975,0.634988511626509,-0.0421197507748233
"gene_773",7.56689374804626,-0.688544221682295,-0.584023118757384,0.142458377365049
"gene_774",1.95063898692394,1.21553316725074,-0.0528487994077687,-1.37873116482627
"gene_775",8.57411169406629,-0.215510838664463,-0.0356468197218892,-0.342930152976709
"gene_776",9.66959698395388,-0.185375162581499,0.285491201860919,-0.0228036998511928
"gene_777",12.3235145073359,0.0381424688792434,0.532405790275118,1.89021905431337
"gene_778",6.90092280629835,0.275314647524665,0.419659306320249,-0.276158939054077
"gene_779",3.53611450730828,0.116442497631646,0.644141383750094,-0.954364417086283
"gene_780",8.36611227389683,0.142531703544769,0.462701812386708,0.211483527575029
"gene_781",5.84253077162101,-0.225334148339584,0.150780480248368,-0.239098278716393
"gene_782",8.65114826316696,-0.0849522471840492,0.0501199062548405,1.01231265815079
"gene_783",7.15798783464136,0.19648309973658,-0.2347371176567,0.275970808543657
"gene_784",5.28633243872058,0.666271628401099,-0.334469156857191,-0.144293272628841
"gene_785",10.8269392259777,0.202860977745639,-0.178873602366913,-0.371605320536482
"gene_786",7.41447875482669,-0.0173206132683291,0.00279153223801203,0.213854517705524
"gene_787",4.66805627573347,0.146336371272855,0.0218458818782526,0.147119302762855
"gene_788",12.2366707183414,1.02096871536728,0.146906969151353,-0.286356233827515
"gene_789",4.68532940344792,-0.323074781570664,-0.242481986097697,-0.0513768094182843
"gene_790",4.9848980149893,-0.266134427552301,-0.24336225051687,-0.0879925368961132
"gene_791",4.48694607988279,-0.149978958311964,-0.15297167218409,-0.180094639267382
"gene_792",6.05006217043996,0.509429632734107,-0.261767074718699,0.402456091002097
"gene_793",4.49872363002068,0.263955709329365,-0.310092127815063,-0.20416737901869
"gene_794",8.87777641637445,-0.342003226967966,0.0158615839673261,0.309303681059833
"gene_795",9.09716112774611,0.327974666792396,-0.248936293380154,0.137704942043736
"gene_796",9.497496433128,-0.0260427267413782,0.306004978144265,0.216019358004709
"gene_797",9.56916172455942,-0.192094656367302,0.463773656784194,-0.0154606265945893
"gene_798",9.75336584874684,0.589521480931023,-0.155102629276905,0.115142673985028
"gene_799",6.89745548563454,0.0967787132036667,0.0922588278251602,-0.150577588025565
"gene_800",12.2724331101963,0.592462923806324,-0.103586545835348,0.149421914415455
"gene_801",7.88345570666359,-0.135006165205114,0.180429009744183,-0.221467898470405
"gene_802",8.09549299403467,0.0621580420426383,-0.282643913049782,-0.50204741619644
"gene_803",2.29918064212052,0.69534102821614,-0.0984670201337774,-0.171168966867577
"gene_804",3.14951878813927,-0.714513134066061,0.0771370865657372,0.731811111705257
"gene_805",6.34211068647074,-0.127852524764182,0.0205745358149274,-0.198586063081719
"gene_806",7.36943386727394,-0.237594643836754,-0.0976256590149216,-0.140161261605419
"gene_807",5.51749529605306,-0.411991913771427,-0.295714043090074,-0.323164530329567
"gene_808",6.88572495238791,0.352861507178938,0.13551222979271,-0.148236993385799
"gene_809",12.0906564217196,-0.181288500194335,-0.381143504982655,0.167857783502037
"gene_810",3.24372181025349,-0.39266197003781,0.383625620430834,-0.308251949287305
"gene_811",10.7149125896078,-0.241675731229767,0.154605509250998,0.0605847128288765
"gene_812",12.1371283764464,0.274354021296905,0.472481941359341,0.0144512041939442
"gene_813",4.37900359162074,-0.0213355840988962,0.607686418732561,-0.0501021663032859
"gene_814",5.88958760580706,0.384527080957981,0.283813183314507,-0.239201427849101
"gene_815",6.12152499375008,0.455556178994606,-0.254541845745098,0.0286989941833351
"gene_816",7.76247369378069,0.691875356861893,0.261761446498274,0.2389016498711
"gene_817",8.30096362878249,0.133721528583315,-0.144904922279046,-0.378336349621711
"gene_818",12.0988466260427,-0.123747178618429,-0.171750496126675,0.137949156974783
"gene_819",6.471814583913,-0.458574176111698,0.230821140842384,-0.191994601023547
"gene_820",11.9588497659154,0.0789711106711692,-0.396152688141336,-0.171408307122727
"gene_821",4.96344602778503,-0.125838022561207,-1.10227378261064,-0.223142831087857
"gene_822",3.52183696907989,0.0696476855456411,0.133299993646249,-0.524238503388275
"gene_823",6.64899050317618,-0.0146112272147103,0.139191859869672,0.198064913114241
"gene_824",7.80650338532093,-0.517604122898615,-0.244434185446286,0.0714595255195606
"gene_825",5.75605439369896,-0.367796682756453,-0.643767218483615,0.264594014796525
"gene_826",8.40845016225993,-0.168050779384871,-0.289230808946196,0.0281220510380764
"gene_827",7.20756104988501,-0.437911450275973,0.075158746504553,-0.129660797748814
"gene_828",5.84383998159547,-0.0567897056305194,0.0567959624490217,0.234585051542462
"gene_829",11.6841307366514,0.447423275969557,-0.0575007676297877,-0.0310368156758057
"gene_830",10.5089779296103,0.152326169334712,0.380378243759921,-2.10120047664888
"gene_831",5.25888595015111,0.00862746814840404,0.348706998585666,0.211142715397744
"gene_832",9.50657640659756,0.602164639252475,-0.676905908213014,0.291395793419649
"gene_833",7.91155688079992,-0.650906214346654,0.393193409023456,-1.07162004341472
"gene_834",5.67079603879869,-0.300644174171825,0.454767864364693,0.358548494365195
"gene_835",4.6125285635314,0.302883884072846,0.0535736948416414,-0.437805092453054
"gene_836",7.01371956436399,-0.131606186935944,-0.397834621552542,-0.0953147516961985
"gene_837",6.79327317960057,0.00837453826740938,0.0734032790758189,-0.0527658485833398
"gene_838",8.84261738575761,0.369424534597505,0.898308982712177,-0.215400807150365
"gene_839",7.48750846908645,-0.0176917543455376,0.354495684107598,0.120885057787447
"gene_840",5.70442924548138,-0.175602072054315,0.0997755209564581,-0.37997705736356
"gene_841",12.061473237829,0.244143315246446,0.37189211415301,0.470342349614841
"gene_842",10.6141042118482,-0.0969749426966489,0.43409843034,-0.0287195633347569
"gene_843",12.2792517787517,-0.219178057842451,-0.316240581851462,0.0348286116553953
"gene_844",6.14845135245387,-0.424453745224269,0.184252665527951,0.0697563182077038
"gene_845",6.50483281434689,0.194446741814344,-0.239845284319757,-0.135200606092746
"gene_846",6.47054521672757,-0.272096015299952,0.539853241384108,0.266776566669253
"gene_847",8.55848558896125,0.251941011810086,-0.511067967090151,0.0613095823130965
"gene_848",4.46278986342298,-0.113506440359859,-0.47797565294792,-0.305700492676469
"gene_849",1.6137124532944,0.335766356720541,-0.118904350613335,-0.0319547147791567
"gene_850",8.69996618466581,-0.0835541794711343,0.819143732193359,0.01941151656649
"gene_851",6.4907730857668,0.176579644725159,0.275632429022859,-0.339204666630278
"gene_852",12.3157375769861,-0.119793630024652,-0.413500033398838,-0.096603019703632
"gene_853",7.61315000882409,-0.151058034434579,0.116888804899787,-1.81218514058933
"gene_854",5.39790599344347,-0.18737861085931,0.631245033502808,-0.0897848293127509
"gene_855",9.76880330757128,-0.329037144725717,0.345774866885928,-0.344757639473283
"gene_856",7.62945203995732,-0.289382770085965,0.18849455381644,0.0761583413581409
"gene_857",11.8538000627041,0.528985546069368,0.231108065719822,-0.136601019940671
"gene_858",12.3630911859808,-0.196532933715503,-0.195146389220815,0.246404254062547
"gene_859",8.31122942835494,0.15622164175638,-0.331853754918239,0.0938668711192802
"gene_860",8.48499569458505,-0.225682237076786,0.111405921827953,1.96692571386404
"gene_861",7.26787990528763,-0.0833771685550273,0.276130559559417,-0.0346351034333632
"gene_862",4.87398139491938,-0.566556922690076,-0.419584123880036,-0.735789383459851
"gene_863",10.088887647814,-0.199010115809042,-0.328370450510623,-0.389986239929918
"gene_864",5.48160573152594,-0.13574247299814,-0.109604431415001,0.212376250044322
"gene_865",8.34586838236078,-0.0626821784904965,0.497346206746184,-0.479590641488084
"gene_866",7.06637991002244,0.45435292107466,0.280034467230252,-0.101820373407409
"gene_867",7.50582310696477,-0.357664174454187,0.136791190360639,0.270496160166764
"gene_868",7.92646409160838,-0.497048808800836,0.310702202547866,0.0140255753790738
"gene_869",12.1667527172079,-0.331561757543567,-0.520588628852631,0.103621748932758
"gene_870",5.4919609334391,0.57698417826365,-0.187844127759977,0.0553988658586833
"gene_871",7.65319421411025,-0.510296345724396,0.273962514523645,0.0352998543969602
"gene_872",6.34740365920254,0.076030539382866,0.288337056172101,1.89460655038757
"gene_873",10.4352271171245,0.0749510793150343,0.0390285199221322,-0.413211633784473
"gene_874",3.13074352354273,0.43595307857134,-0.449590291657923,-0.0282547705891074
"gene_875",2.50539452423267,0.0319719779225574,-0.0284140431224384,0.0316770251347827
"gene_876",7.27045215070147,-0.00162774322897058,-0.0348640837269619,0.259988800460785
"gene_877",5.65816832880157,-0.179996748092752,0.398144394516308,0.0225863060427377
"gene_878",5.47489182689367,0.0759843176758042,-0.0247502135060057,-0.078548586300268
"gene_879",9.76482553181508,-0.153763330749951,-0.350552210239102,0.279179077877063
"gene_880",8.28486674891312,-0.147554412700382,-0.663117146800928,0.0144816175405105
"gene_881",6.12254397621679,0.344964050004767,0.0827855569944391,-0.376213101761905
"gene_882",12.1826978885012,0.1094199890574,0.470775581874971,0.108700230369195
"gene_883",7.68343462853853,-0.499086914106061,0.0734952564775308,-0.0701143615611224
"gene_884",6.97007573041754,0.473196106653194,0.114378237254181,-0.15699850323276
"gene_885",10.1890255443267,-0.257107141963335,0.0537494982988764,-0.111195117975372
"gene_886",12.056648169132,0.122969787314048,-0.552125336642528,0.0124900134208474
"gene_887",1.8665780427847,0.77459046572608,0.296953755538982,0.123321967414277
"gene_888",10.5505700377154,0.112759649035911,-0.133638137917851,-0.39266950377645
"gene_889",4.70388126363901,-0.132818178872208,0.0921570151959066,0.811304347040077
"gene_890",9.20393330844609,0.131474172473743,-0.0686419227093183,0.261498445991592
"gene_891",5.81651662537142,-0.657671473184441,-0.248632331914782,2.27370484156398
"gene_892",2.47636181653969,-0.995528368128319,0.264135113335702,0.445636988079927
"gene_893",3.64301437616705,0.454535202391665,-0.235898632276872,0.480507201006466
"gene_894",6.85938402841911,-0.288890586312819,-0.16360588066988,-0.255116397944213
"gene_895",9.62415402330692,0.123300857163219,-0.00690452706997181,0.00888161248100266
"gene_896",9.83309356439313,0.433700735775934,-0.0722064410316876,0.979940103834687
"gene_897",5.1909261957889,0.17036963863536,0.898323861612662,0.00183090104419489
"gene_898",9.83029798524442,-0.0152646753046904,-0.0306000407895937,0.110730594891115
"gene_899",12.1630985402137,0.341291448046053,-0.271907186095483,0.0843111528566318
"gene_900",4.03353429135817,0.453725146422645,-0.528857804640744,0.148699978548391
"gene_901",3.55209026378671,-0.575915751958446,0.252563246029888,-0.0909999732849028
"gene_902",12.2632902974664,-0.172792024801756,0.555195520704385,0.234806798891553
"gene_903",10.8672644229608,0.123379343324965,0.435020921346245,0.14316809495837
"gene_904",2.26571725713197,0.566348095181633,0.715919107369593,0.00413432233247857
"gene_905",7.69050134587095,0.183838622994596,0.141716949864465,0.0568856580028448
"gene_906",6.59987027812965,0.0675072439315892,0.609251873826397,0.160816718096561
"gene_907",3.98034844938698,0.0359455349182708,-0.220623514383933,-0.0051185305955227
"gene_908",11.400810642325,-0.501217503406929,-0.357256801849985,0.00307364133673139
"gene_909",11.1011912859061,0.109493730721443,0.104672338124925,-0.0834819889717213
"gene_910",2.5538744469416,-0.295944403196341,0.144642394771395,0.366085991891825
"gene_911",7.56319386551043,-0.1222637815608,0.383014525927813,-0.259411372984255
"gene_912",9.03321479364382,0.202327695010686,-0.144587689119421,-0.253952500126408
"gene_913",6.92719416211602,0.126072796724914,0.199850367145191,0.438844996374911
"gene_914",3.40084809325462,-0.658172978025141,-0.312701335083554,0.260255495070036
"gene_915",1.72518320357195,0.612254442400085,-0.375050319305701,0.686207406489908
"gene_916",6.82812995256174,-0.195956416453747,0.162690449474946,0.22882075772118
"gene_917",2.36038035089803,0.0722244676445737,1.02927927455674,-0.579156953476191
"gene_918",6.22721400040851,0.426430546211464,0.0455428369724311,0.131634661373711
"gene_919",4.09126857731981,0.359377062882981,-0.028394953067553,-0.318001952483591
"gene_920",8.21176475669876,0.180526030522387,0.302020135275955,0.000468762408044183
"gene_921",5.04013482572794,-0.122945575332266,-0.356496551671874,-0.10122152831788
"gene_922",5.7046370801151,0.0441484506322111,-0.22421414889589,-0.0920703652944209
"gene_923",6.25697736900675,-0.170059155306693,0.13748885143555,-0.461015703197699
"gene_924",8.60547548919439,0.93487461800763,-0.209024154169741,-0.777272509731254
"gene_925",2.31720879924055,0.215159127698807,-0.368597140570498,0.245139108238392
"gene_926",5.18462110470594,0.276512740349699,-0.43947240206725,-0.019223270498336
"gene_927",6.43057877108096,0.877864551009898,-0.0364576621949796,0.265246891896331
"gene_928",6.37629037063067,0.03197371240697,-0.16020152781583,-0.218969328339975
"gene_929",2.28371234616295,0.527733078554694,1.01428146394866,-0.300979102385778
"gene_930",8.33186469880312,0.0252432341412643,0.486388841800038,0.135223589762406
"gene_931",2.15779390192952,0.0678794182811085,1.03073188415834,0.157542630448248
"gene_932",9.92853725866446,0.105118098446922,-0.130128120120299,0.360877721270722
"gene_933",7.38913017749827,-0.268879707953514,0.355926313403545,0.295843286196655
"gene_934",8.05464728482869,0.0260132237177929,0.0879382968417528,-0.250133919107677
"gene_935",7.0792751826682,-0.344449814969501,0.0433647535480849,0.0206903964112477
"gene_936",10.8209470826488,0.363470113203922,0.209249311195249,0.142847161580977
"gene_937",10.4663989749056,-0.222323676118136,-0.211173367210037,0.171301513885545
"gene_938",8.54872887546079,0.157999350431043,-0.0418253141055906,-0.192455586575136
"gene_939",8.34956375732039,0.0435592616684379,0.304589165734602,0.414899976371103
"gene_940",3.45907205430872,-0.872647790493325,-0.305829067645864,-0.267839434791571
"gene_941",7.57941758558002,0.0323785014189576,-0.0281210184505711,-0.0775673062754054
"gene_942",8.72513962970731,0.0852125078677613,-0.295132744692508,-0.164148168379712
"gene_943",8.56629872241183,-0.469570116193756,-0.942113806782136,-0.173521398233499
"gene_944",2.80701725436646,0.0734224548427374,0.383260193099865,-0.459861074871309
"gene_945",11.0684660648893,-0.154174263249527,-0.0791068013464448,0.304110977178987
"gene_946",12.3112134294441,-0.313689465292602,0.112673982030003,-0.00780690360109906
"gene_947",7.9268276538279,0.0192882338837211,-0.574874635890201,-0.541395119340871
"gene_948",2.55601892587136,0.507618930298112,0.763269746707516,-0.735752711578188
"gene_949",9.24918869588991,-0.22451366115958,-0.0703206850999708,-0.0589623458307873
"gene_950",10.7963543715804,0.316990641011032,-0.426692281367639,-0.200969235255674
"gene_951",10.3357091036885,-0.262108451157728,-0.189406477162872,0.062402967292166
"gene_952",6.94153530992884,-0.0840356039948736,-0.0224962863930221,-0.198713285728286
"gene_953",5.69719439346276,-0.578656284059263,-0.323787449019899,0.230910335938953
"gene_954",1.87398261666276,-0.0915300999386514,1.25515231181782,-1.27749279896354
"gene_955",2.84284641789811,-0.246401756061076,-1.12318045861716,0.274536148916872
"gene_956",4.68825899015881,0.102780499532915,-0.813320840329726,1.50596376673827
"gene_957",6.78053318808087,-0.122760572719268,0.268050279646645,0.325047778236235
"gene_958",4.50119251005945,0.702686727013055,0.00192112317115223,-0.159204610683369
"gene_959",4.48289979898986,-0.570700185971794,0.393163843462122,-0.0626506861079191
"gene_960",12.3335924200776,0.228226686412311,-0.0944792265909798,-0.232563878671102
"gene_961",7.47735153073753,-0.166710741386018,-0.0207634469379113,-0.0383199937861692
"gene_962",5.35306242426684,-0.71235615199107,-0.538798818149493,0.25202095940742
"gene_963",5.98725831625621,0.0829467455156812,0.684866654319924,0.0910230025697835
"gene_964",3.72073616354934,-0.107571654873062,0.578975164650581,-0.181108290307793
"gene_965",11.3422110874338,0.00701655063973266,-0.0556295057198381,-0.157627991814069
"gene_966",6.36941605053256,0.43961308739614,-0.464445518514238,0.0032046259203981
"gene_967",6.61662264994333,-0.271725860232317,-0.643618817448427,-0.081199579389179
"gene_968",6.91359023967461,-0.217549891931444,0.431030167889353,0.0447728741604416
"gene_969",8.98654445157353,0.173366373930893,0.201474934346985,0.228304315386144
"gene_970",2.99217038275206,0.260707296633188,0.698160385286767,0.11859276002246
"gene_971",6.28287402028591,0.120775374256978,1.03456553398473,-0.254556020092836
"gene_972",8.75340207708984,0.0430407417441769,-0.18005983674159,-0.765715822048352
"gene_973",12.3678614334567,0.0786788802804087,0.147594961853631,-0.336795456615865
"gene_974",6.25001283968283,-0.273714172248922,-0.024435390583715,1.06867259524021
"gene_975",3.95563354656836,-0.404356516342439,-0.901473512881987,-0.355335532860288
"gene_976",4.82540346650413,0.187273496726776,-0.110969444410067,-1.9959515853526
"gene_977",3.40717730583183,0.0167926615412176,-0.497923877469289,0.338614640947723
"gene_978",9.8353136567697,-0.316973517172395,0.0165485980901753,-0.203285078872128
"gene_979",8.03953088238572,0.215253660221829,0.452124145394228,0.273251969732345
"gene_980",6.86453244718841,0.302896632162672,0.2854698311496,-0.179567262031819
"gene_981",8.58090240535498,-0.269129607689977,-0.664705803036843,-0.120000887331391
"gene_982",6.29075024274457,0.371170005796573,0.0742375815557005,0.20186885525143
"gene_983",5.44880642332132,-0.654922994348112,-0.255040171904274,-0.235718631550794
"gene_984",4.30198357699348,-0.278381483157016,0.304919740228234,-0.326108960865136
"gene_985",11.6582703071765,0.333244048791843,-0.183390658232002,-0.110758705928576
"gene_986",5.70516786409576,0.110175111372508,0.830362626304074,0.161893286823989
"gene_987",3.32939985683098,-0.619845079176976,-0.450342721706731,0.566724646217532
"gene_988",2.5749167230613,-0.617057905415556,-0.369041003940967,-0.313688771389193
"gene_989",8.54358863655389,-0.324412116454773,0.539943150693622,-0.342292047943757
"gene_990",7.92206784476081,0.243841543273597,-0.132163402348091,0.0303814884040125
"gene_991",3.53868755845376,-0.258246669388629,0.0624534446419066,0.147949557435243
"gene_992",6.88717062558498,-0.412836971592231,-0.00614943884880456,0.278347393768663
"gene_993",9.53717234033129,0.0943354668175172,-0.653407930278885,0.0738382576168723
"gene_994",10.5342180644283,0.333505279445808,0.184666806527574,0.0832834182450404
"gene_995",7.51442664088187,0.0543821876952797,0.26787506377139,0.0610126925811591
"gene_996",2.84218927488983,-0.154231590633705,-1.02043165251275,0.169236266188205
"gene_997",6.34990554550714,-0.340627728970091,-0.147839098690549,-0.192763085741036
"gene_998",3.35158699370258,0.0950233674371447,-0.0214114075806899,0.296658773308748
"gene_999",9.76836617963882,-0.467926190060234,-0.516848427633359,-2.03223490075695
"gene_1000",9.92972418764151,0.0923596886944353,0.504266036981336,-0.285352970290769
"gene_1001",10.5618577232336,0.330010240219872,-0.405954000015203,0.44271652214464
"gene_1002",5.99070286549515,-0.229595401227463,-0.0755965145943478,0.0991539452330164
"gene_1003",9.31259061505941,-0.122598196058354,-0.280150727239445,-0.0523652971272466
"gene_1004",7.60458828049087,0.377870833764816,-0.0520412510491922,-0.967789791656626
"gene_1005",8.93135973795438,-0.223290799447461,0.0157414216050068,0.0406506664271206
"gene_1006",8.06639795108633,0.250272551353434,0.124152690288095,0.150693809744537
"gene_1007",11.1126161847143,-0.508608083478637,-0.578911620494442,0.181341598249442
"gene_1008",7.27894031427369,0.181202200532864,0.437915168090661,-0.233273804257517
"gene_1009",4.3083479094363,0.0706803407052079,0.167848667916726,0.138452394431969
"gene_1010",8.96461977096047,0.206571077101271,0.280968775893317,-0.0982487431205235
"gene_1011",9.86067541678689,0.100176910911633,-0.477537713970903,-0.313883261122142
"gene_1012",5.95707374496562,-0.566336799523624,0.0217150018980241,-0.0470128708876114
"gene_1013",12.3161061306206,0.0120416579691508,-0.00657432580935559,0.0436369424322944
"gene_1014",6.15460975548554,-0.0627837040423182,-0.151115146126644,1.86490621445766
"gene_1015",7.10179886358987,0.648365700618056,0.226846115022159,-1.05252448620663
"gene_1016",3.64286932897454,0.512885034915622,-0.0191503304358802,0.175832729570686
"gene_1017",7.18302464052595,0.876079155569476,-0.109982790796148,0.0712600539759458
"gene_1018",5.76911033323336,0.314448320162317,0.161566357644739,0.387871620837731
"gene_1019",3.53903140604827,-0.385792558254458,0.36996541145716,-0.674541240753025
"gene_1020",5.95714466949477,0.0630224758132035,0.264681481998715,0.227657658438544
"gene_1021",10.3398922688152,0.343855608922757,-0.056262082857412,-0.164794994641481
"gene_1022",1.61336988912712,0.799657259010873,0.767759351590954,0.793726892495467
"gene_1023",8.43396976521846,0.287867193499898,0.292597390404281,0.019003872761629
"gene_1024",5.74000386709822,-0.175409168411286,-0.363278566167538,-0.0660151486905345
"gene_1025",5.64100578396878,0.643658595860722,-0.203292333774199,-0.202897997728451
"gene_1026",9.05143756450196,-0.313289663375323,0.485298945264249,0.490836785757132
"gene_1027",8.7251236140332,0.236711252017201,0.0821464210067262,-0.266332621400756
"gene_1028",5.87173732245051,-0.328986742618791,0.230353434373447,0.435237646374323
"gene_1029",9.49787636934654,-0.314420843481206,-0.711602876415699,-0.0539319471772156
"gene_1030",6.93857163485343,-0.213162516621328,-0.0512184282543398,0.092574754917418
"gene_1031",8.80611822217801,-0.0492430770979536,-0.0632413337413172,-0.175750451505338
"gene_1032",9.06315669310346,-0.198484945577539,0.591677925734172,-0.0592222279262291
"gene_1033",5.22855945489854,-0.611338091236259,0.31369550863665,-0.289021812803957
"gene_1034",2.84653109055626,-1.14557231876191,-0.800357022013778,-0.0121288262883606
"gene_1035",11.4819528593524,-0.230716394007063,-0.113497331026734,-0.187367977691736
"gene_1036",11.063384406468,-0.00975269329932421,0.394746565482322,-0.109521467581486
"gene_1037",3.13032129691265,0.592719105608044,-0.963545308952799,-0.435628867170201
"gene_1038",7.32915455497629,0.0978867625627925,0.168923624506062,0.23167730428245
"gene_1039",7.41200096454653,-0.670323048832708,0.16752464953606,0.0922891860836786
"gene_1040",4.37468663065547,-0.540132182904839,-0.176976063755941,-0.447582190810873
"gene_1041",4.9817194657566,-0.0625547607120463,0.814700859321681,-0.229628378886573
"gene_1042",7.99526224659268,0.154392547588318,-0.0335001881019775,-0.127431706340795
"gene_1043",3.96800457541682,0.945492416826675,-0.208636039632443,0.00165605545328996
"gene_1044",10.5107998250692,0.0637033017084746,-0.741373518534754,-0.105466841010906
"gene_1045",7.25130595310382,-0.057029615199249,0.462727978281732,0.414795221908719
"gene_1046",7.37531557213859,-0.233534777091507,1.07816601361704,-0.0946614161632683
"gene_1047",9.41670971418143,0.330570614596934,0.240132748655228,0.048412104420319
"gene_1048",2.56937172266382,-0.662868873798979,-0.989596418665556,-0.0919562500428481
"gene_1049",8.22816647826738,0.0157263876094076,-0.403959382648498,0.403100451793703
"gene_1050",3.87733743284042,-0.198095562296756,0.345241429337193,0.145922905638325
"gene_1051",4.12234293972698,0.0641804000021756,-0.208793481787493,0.586332594392885
"gene_1052",9.70028094047562,-0.0291305122588897,-0.30097131518232,0.0888797292724345
"gene_1053",8.3108185154961,0.32918333368798,0.38283017329041,-0.0228277839830999
"gene_1054",2.38372217307905,-0.0966094890102464,0.11545073451006,-0.346057120863037
"gene_1055",7.9499703481859,-0.0573865176698469,-0.00372011353843584,-0.0639412689915321
"gene_1056",4.1374817970882,-0.168939599065309,-0.946318054330916,0.355007505122215
"gene_1057",4.98481645490422,-0.172126195166468,0.5640101742629,-0.489926706896654
"gene_1058",6.408700069895,-0.348097517987352,-0.330282768240956,-0.108760357614132
"gene_1059",12.3637678606527,0.362919547908781,0.252637044320088,0.341436945769778
"gene_1060",7.34046294740631,0.224664429974586,-0.257375166525221,-0.321858422177094
"gene_1061",11.9320039178377,0.0411705412841,0.199958502782866,0.200141255345289
"gene_1062",9.60232454836113,-0.0033401925178062,-0.649036715086302,0.353728113454938
"gene_1063",8.63398545172385,-0.478515983668933,-0.273870803659026,0.131165140547503
"gene_1064",4.67409392396795,-0.0997143467946512,0.100717974262543,0.433186674880808
"gene_1065",10.4445200011752,-0.26558536364792,0.107946892836917,2.05070834604076
"gene_1066",11.284296949324,0.586033632736068,0.665195596994506,-0.941592327296754
"gene_1067",8.9393670633276,0.304945548696995,-0.00117152865968061,0.22857289972299
"gene_1068",8.65576650371246,-0.00241409983195176,0.0644230685241931,0.267155673266687
"gene_1069",6.91459990109433,-0.638716487073533,0.437417640139434,0.000808023093369487
"gene_1070",3.72108790733237,0.190817223580435,-0.328627918787836,-0.567824351140375
"gene_1071",9.21438562751381,-0.172675320300598,-0.0695871425164826,0.10165883028082
"gene_1072",8.96275420337757,-0.271417446092311,-0.0405203344125601,-0.118877248406713
"gene_1073",8.35048537066419,-0.00632626978093443,0.204056212412257,-0.1726647845091
"gene_1074",3.2677592729471,0.123404873206138,0.531373716359414,-0.287264423166238
"gene_1075",5.37497128570121,-1.08198641293145,-0.0210835363304965,0.240201116952602
"gene_1076",9.59805599375992,-0.421652978020114,0.203331209274077,-0.0690536545470744
"gene_1077",7.52242337080422,0.123862110904768,-0.255381612848728,-0.118907872471341
"gene_1078",9.10081086093353,-0.186658594024954,-0.19428754700717,-0.0324064094454913
"gene_1079",6.71944529072966,-0.0689633379012626,0.173275950230186,0.629988646054992
"gene_1080",10.5473462068915,-0.324354265239404,0.673907208251019,-0.11200342758796
"gene_1081",6.81189598778259,0.194029842314985,0.591780111151372,0.188318968886865
"gene_1082",1.81378764520946,-0.313302187958547,0.20102682638706,0.626479671652563
"gene_1083",6.94812287248146,0.187629358899577,-0.530505496830951,0.0312842068338903
"gene_1084",2.38960301644079,-0.385671423814094,0.13439362819596,0.243248657614851
"gene_1085",7.71653209800437,-0.304641994491373,0.317175306433689,-0.426003679331968
"gene_1086",7.5904244971755,-0.36530987848956,-0.542745810218484,0.530757070567642
"gene_1087",9.71773996572377,0.0638302390945641,-0.13580748920322,0.119570932664544
"gene_1088",5.81196310118818,-0.0933405053698123,-0.228723587809883,-0.000947789993293441
"gene_1089",4.72685058678805,0.249615892314052,-0.00900087759244215,-0.0571264231519498
"gene_1090",1.78989485268474,0.597378793741108,0.231844533881015,0.683148145542262
"gene_1091",12.3297902794615,-0.516171687891861,0.087038484359766,0.0159746414710772
"gene_1092",4.59921448307057,-0.354673861548028,0.4739715806279,-1.32646587803459
"gene_1093",10.2175340844548,-0.334021591339648,0.207002253879335,0.20014221206933
"gene_1094",1.71907314283363,0.338117180034002,0.226916428814006,-0.569892283523448
"gene_1095",4.8579544659295,-0.106586524957339,-0.178817412961605,-0.268145987554577
"gene_1096",10.0885693735659,0.214826979395558,0.141486711327224,-0.908103250403243
"gene_1097",7.65228978185579,0.15314262447181,-0.261032364697798,-0.379176714306814
"gene_1098",8.31206859641566,0.479888070697979,-0.0528354075786174,-0.0279114822201294
"gene_1099",8.98209850236774,0.220452232514592,-0.0752549990407856,0.139366547944491
"gene_1100",3.20374422077577,0.288430852510705,0.245448922843511,-0.238391412655813
"gene_1101",9.36902371757097,0.562881290973157,0.543724769522224,0.175925340656478
"gene_1102",6.2008684864513,-0.433672972203549,-0.0103581674586758,0.294325646722131
"gene_1103",11.072161211233,0.294755320795947,0.288102529959851,0.0455375947424956
"gene_1104",3.56929314854287,0.539304826893929,-0.460807386663602,0.606340582784039
"gene_1105",9.48794182571601,-0.72230116265445,-0.0418890701144578,0.435812760848644
"gene_1106",10.5699497704424,-0.0663657788255839,-0.231648152760307,-0.147381440725251
"gene_1107",5.08763992204264,0.0123824914515688,0.426713578736109,0.0956274600096795
"gene_1108",2.3025785355755,0.589509177242068,0.328104431358776,-0.898895896232022
"gene_1109",12.1148841086998,0.0372878891066105,0.0376679498176823,-2.03529602897955
"gene_1110",8.1175365795944,-0.067820484227882,-0.0678516520098214,0.167326677903607
"gene_1111",2.10813747128634,1.11798815984478,-0.733465144492435,0.0826882569150302
"gene_1112",7.15317317104041,0.0691696727389577,-0.28502014145353,-0.241244827329793
"gene_1113",6.76709095942145,0.410202153513443,-0.369046512280682,0.0624210048746568
"gene_1114",7.66975975310613,0.172565037752266,0.0577674056919422,-0.279385991559241
"gene_1115",11.8431988035507,-0.222481854096269,-0.0581347402143375,-0.125293416896892
"gene_1116",3.87066110169875,0.672941254046791,0.604721628559911,0.375517485833269
"gene_1117",12.2030543939117,0.191320072779422,0.131330434890288,0.018880317060065
"gene_1118",9.47076071905179,-0.508159138973683,0.139783722691615,0.261228215518477
"gene_1119",9.82860484683431,0.539875059321986,0.233889235428985,-0.298486140339195
"gene_1120",8.18229283739191,0.326119998912632,0.0572699826851323,0.0232888749292855
"gene_1121",9.4544083461521,0.156282732875234,0.576120305795632,0.0968547521493967
"gene_1122",6.45591395914499,-0.341296233851262,-0.430878278772229,-0.302819326604889
"gene_1123",4.78324122128238,0.352545895140667,0.0592948303300265,0.375358201859901
"gene_1124",9.42907075295882,-0.176112979991901,-0.2925964495315,-0.179689772020007
"gene_1125",9.99196208404713,-0.0270228208050128,0.233277001153536,-0.013354803706669
"gene_1126",3.80007046571767,0.745177463002013,-0.347423564910439,-0.0366971676334632
"gene_1127",9.32691657810986,-0.159205616378289,0.606926371264636,-1.97577130742269
"gene_1128",5.28248148063673,0.283397385070845,-0.50770680103085,-0.466925083703887
"gene_1129",3.05873475926291,0.190812069100725,-0.357224137988782,1.00193265172045
"gene_1130",7.55482944859368,0.212933503690077,0.143990087452167,0.14436938520008
"gene_1131",8.84437512482609,-0.459946205215979,-0.0607483553635618,0.304728687028005
"gene_1132",5.69894893114768,-0.284563538012532,0.245754266726805,0.0310724638931154
"gene_1133",6.92194312361693,0.483843420005893,-0.600912884955455,-0.170707709961197
"gene_1134",3.56513423923196,0.994687465188362,-0.298380803173065,0.00316067207801613
"gene_1135",6.89115643413823,-0.126449752188569,0.566401364418547,-0.0448704346236335
"gene_1136",2.7384819839477,0.452734838121965,-0.53754884623226,-0.349225231468745
"gene_1137",9.7044268246129,-0.468833660009345,-0.0998186356893074,0.145524161800002
"gene_1138",5.30032578475887,-0.0111024719646396,0.184464905094795,-0.107986538874012
"gene_1139",8.93345867953722,0.320394500077,0.394036228757867,0.217532572597963
"gene_1140",9.50511492216507,0.0688061854099372,-0.470811621677267,0.213186779230022
"gene_1141",2.64391805441518,-0.335206951457761,0.865533386219227,-0.351296004417069
"gene_1142",8.75194929397433,-0.243419515668257,-0.106064542695745,0.274869193557772
"gene_1143",4.24311630441785,-1.09668232719578,-0.292351374609547,0.263868170593357
"gene_1144",7.73056801210082,0.11224586840365,0.284152240144983,0.502800100157927
"gene_1145",4.7284196263214,0.678927564476604,0.146820066556152,-0.270457079035887
"gene_1146",4.84145160733803,0.236712180866726,0.195739224931577,-0.20083304510472
"gene_1147",7.72621463422982,0.277588383538834,0.109747797178854,-0.0291768849923625
"gene_1148",5.09529384250584,0.142035213324543,0.0921249132008104,1.96408241809005
"gene_1149",12.0616383702549,0.137831434366398,-0.0548000438230582,-0.0334267410941131
"gene_1150",5.25100082805779,-0.120944090862129,0.543076594376324,0.28956961176889
"gene_1151",9.25929989543469,-0.399837128267343,-0.255001917564774,-0.214567734782026
"gene_1152",9.4663976842065,0.0303763097471862,0.481975522108666,-0.0659278289068645
"gene_1153",2.31196758052456,-0.138338188549463,0.708085287577698,-0.835682803292884
"gene_1154",3.75620200321681,0.776114590326122,0.294214883859736,-0.390643805380293
"gene_1155",10.1683739723819,-0.245932747823307,-0.241915794324072,-0.48262058889895
"gene_1156",12.0704161492802,-0.352757677795493,-0.110421307556762,-0.304565075712444
"gene_1157",10.4707589306516,0.1797402934767,0.164179459944838,0.335705341717957
"gene_1158",4.1138763729026,0.480669132570755,0.397588190400259,-0.407560350252623
"gene_1159",9.31457976418146,-0.116206425128929,-0.120041227862485,0.0100292079040545
"gene_1160",6.61931968615938,-0.378782754023716,0.342737895734234,0.00287196510865977
"gene_1161",12.2189446110427,0.0239793920382282,-0.364307839874093,0.197971904351924
"gene_1162",6.19029922315018,-0.0651547414047503,-0.270203534806541,-0.509353413976319
"gene_1163",5.32188658546684,-0.0614390323845085,-0.125127129433577,0.409870833935126
"gene_1164",7.69852649480822,-0.364785544748558,-0.474166570555364,-0.0177495536851116
"gene_1165",7.4521845550359,0.246429647943912,-0.0489326810570236,0.978657685038174
"gene_1166",8.70117807242739,-0.401499868263447,-0.445596089259331,0.110997487383642
"gene_1167",12.2792232608643,-0.242382038340033,0.310931368572901,0.406837012500252
"gene_1168",7.01373148573775,0.17513603766264,0.707169951251649,0.0232895329856863
"gene_1169",9.26773428292552,-0.237534404469165,0.237158696416354,-0.30944461596862
"gene_1170",4.5649605770924,-0.172380042722179,-0.262874159265654,0.178909416270431
"gene_1171",4.87237065834948,0.0721645883888332,0.187089790393227,0.470624277784317
"gene_1172",5.03244171208288,-0.0030234026773498,0.536167510210152,-0.291811026109543
"gene_1173",10.6290052666475,0.440760130406214,0.189432501920462,0.255906356473474
"gene_1174",2.09107171650439,0.14105270895644,0.611090762440175,-0.137703369649415
"gene_1175",5.96717926301876,-0.0193612602811581,0.220340379695899,0.193915767480793
"gene_1176",7.73703265197125,-0.161573257108761,-0.166460063535044,0.119170691712505
"gene_1177",7.54976815566815,-0.251549687273193,-0.0494093435140926,-0.0837785580889896
"gene_1178",6.53972794444738,0.124383245685594,-0.203754412370487,0.137962313333148
"gene_1179",9.85896721634825,-0.479200906513138,-0.568124742494839,-0.202991119014937
"gene_1180",4.99563966783308,0.668407842874541,-0.0731902342862142,-0.0089452001299292
"gene_1181",12.1904553463568,0.539842798470524,-0.211405475704628,0.136524020691708
"gene_1182",2.41114013094043,0.240446068691811,0.592928487319275,-0.503597188670652
"gene_1183",7.16578873406254,0.674629333752501,0.281474925543102,-0.119048216300136
"gene_1184",10.5773783457385,-0.702221422905721,-0.360939499142289,-0.0947241127573421
"gene_1185",9.38347214721382,-0.430855391175019,-0.176538957988849,-0.36761210273262
"gene_1186",4.09401993159332,0.398499187687927,0.481632443596123,-0.435251686958981
"gene_1187",12.1215939422459,0.313276036413464,0.14027493297644,0.208010545227923
"gene_1188",5.74742362517642,-0.113118123154004,-0.162448644446908,-0.024161743312857
"gene_1189",5.07660933228207,-0.27020006181971,0.38196853405698,-0.319190161158118
"gene_1190",9.64099782570232,0.293782450304028,-0.0490851265588212,-0.159271007889782
"gene_1191",10.9845356644731,0.286777936929042,0.471511858112329,0.106175850436313
"gene_1192",3.29996149482163,-0.398629550613182,0.141077821442885,-0.0673874590366863
"gene_1193",1.9977756483508,-0.095608284600743,1.37698427111717,0.707451671789547
"gene_1194",10.4357812435676,0.02949525851767,-0.308447579715273,-0.0247157556353
"gene_1195",2.00064396493372,0.463428773624824,1.18409704826949,0.504964235215988
"gene_1196",9.59412784795247,-0.0370405237555824,0.362808010495251,-2.12459184462134
"gene_1197",6.44876872083482,0.0643117693369183,-0.418761888540085,-0.00427386580408144
"gene_1198",6.56672199528466,-0.187215240522365,-0.118776828352477,1.04366030513675
"gene_1199",9.75926003512106,-0.077545906527878,0.958163854378754,-0.502366222746587
"gene_1200",12.3629317240517,-0.467445567228013,0.042934496351564,-0.0169692804573597
"gene_1201",12.2399359336744,-0.0431809608297621,-0.126202028718359,0.196591245477959
"gene_1202",7.85919401279139,0.393099196860308,0.136393724327049,1.13445932441247
"gene_1203",8.16077356313252,0.227608542063366,-0.336406417658201,0.24409797036144
"gene_1204",7.96641559881937,-0.2071281494078,0.655761145290372,0.157307504028595
"gene_1205",9.51527786949897,-0.00448040067233231,0.283927668203081,-0.116065752248504
"gene_1206",1.71732952856739,0.689085122420288,1.12443710708049,0.150450143615001
"gene_1207",12.2677148175243,-0.045959739378783,0.149033302061835,-0.445379918022914
"gene_1208",4.95102874020084,-0.0172936201428248,0.0197175143682987,0.0847163324781957
"gene_1209",6.53886545304774,-0.719394408431296,-0.404502626720864,-0.146846392272223
"gene_1210",8.55076972352921,-0.228452040768383,0.458177525354277,-0.207163377745382
"gene_1211",7.87966156859647,-0.0144960206870041,0.0619616815198352,0.392967427402829
"gene_1212",5.54396629114132,0.0709901430810175,0.362671979419501,0.00670061462478069
"gene_1213",8.42586357544972,-0.604549802858044,-0.0616661455107631,0.0290241500912384
"gene_1214",4.68753189826857,-0.593360926842799,-0.0445364531308678,-0.0206393077305918
"gene_1215",4.89287510013416,-0.719816468122906,-0.00395384079721832,-0.498040239728126
"gene_1216",8.61677739258817,0.173831619089374,-0.259740805801305,-0.178525422060951
"gene_1217",8.73635073846654,0.385152328922294,-0.0687472503044511,0.12723772628697
"gene_1218",5.38723672833367,-0.381720754093255,-0.309624031305644,0.155201743678689
"gene_1219",9.34782283958597,0.0651447863824768,0.157563840712686,-1.91236500946523
"gene_1220",5.84941960402399,0.142700394623319,-0.345907176487291,0.162841341834042
"gene_1221",3.05843764999321,-0.189909999892263,-0.231681925807308,-0.0596307987993058
"gene_1222",8.52014851231413,-0.412528457523841,-0.298055643827476,0.0285553927013089
"gene_1223",10.4157395661032,0.55504826566671,-0.219049799693772,-1.83008492447612
"gene_1224",7.29462695759962,0.631920954630288,-0.855228926475618,-0.224276036255276
"gene_1225",9.79975276433428,-0.180784336662378,0.526174959723821,0.160749149957174
"gene_1226",6.1789839756737,0.0727925486044416,0.0941069258539382,0.12545792166446
"gene_1227",8.23930001791469,0.160963627104591,0.0375975652936447,-0.166606111750492
"gene_1228",9.60351817541936,-0.144442108730493,-0.474583816049167,-0.285618707405032
"gene_1229",6.8989871902584,-0.267052927738149,0.420819648824284,0.377005761877591
"gene_1230",7.4784574324092,-0.27945610932317,0.240092427223249,-0.151929530737322
"gene_1231",8.65297622283637,0.0709248843092297,-0.0681050458201126,0.955698331423021
"gene_1232",7.10783176724226,0.0344823122757496,-0.467314123537782,-0.367969465008366
"gene_1233",6.05036781948727,-0.1772540253458,0.324764426303182,-0.34241939844236
"gene_1234",9.70433707701583,-0.0805589243191914,0.132576834107392,0.369671513798738
"gene_1235",4.46849124470061,0.165467648779459,0.0900720813278096,0.207758113263735
"gene_1236",11.3903936239501,0.248200336298263,0.00335814950299198,0.0831887308140573
"gene_1237",3.77738357533723,0.581800366278596,-0.207674347653945,-0.296138469662446
"gene_1238",7.30075065187665,-0.061986974886422,0.28683971618752,0.379748102435502
"gene_1239",8.48893249694997,0.484269860851658,0.201186252032909,0.0948947428581049
"gene_1240",5.08505602052073,0.132193540862857,-0.076700130994427,0.15680412865443
"gene_1241",12.2378004828009,0.345373734594294,0.340008352119527,0.117986948442167
"gene_1242",4.4359082371166,-0.359921212149679,0.1864649529509,0.163333660755841
"gene_1243",2.38965544866591,-0.424206364757833,0.521974158177013,-0.299059182298958
"gene_1244",8.16710057893764,-0.290011540839282,0.125310258887695,-0.144483952301819
"gene_1245",6.57300123537261,0.129300587703844,0.104572411974779,0.201978347825009
"gene_1246",10.6002803964775,0.0562520802418333,-0.189399729549058,-0.106705782651366
"gene_1247",6.97273490715787,-0.159747310351452,0.523911066558739,0.35256058862967
"gene_1248",8.44629672924754,0.0660335399775431,0.0189069945094169,-0.200080177859228
"gene_1249",2.23406473234526,-0.525167006387942,0.220966130136777,-0.415308743246332
"gene_1250",9.02065828343542,0.121819607497211,-0.14198568424003,0.393277059207506
"gene_1251",3.58462612754454,0.0064209923826887,0.170751350962174,0.0570953448778472
"gene_1252",6.08050351023677,0.125275102092302,0.066236799289375,0.111260893881089
"gene_1253",2.24817892339682,-0.257174925892575,-0.834307188934765,0.791917130394135
"gene_1254",7.37426174860826,-0.47111512126448,-0.352812637131479,-0.185673820180228
"gene_1255",10.085090524212,0.339142201687601,-0.0631124026359712,-0.379583591235196
"gene_1256",5.77825911165993,-0.267062873567886,0.213344956455692,-0.0656111241748222
"gene_1257",8.91374479526089,0.634137629336338,0.157903302087882,0.128356218192579
"gene_1258",6.9948633116778,0.242851973999895,0.55418661914196,-1.09947335094922
"gene_1259",4.06931777442316,-0.149917436766892,-0.0598956806553697,0.185604472479252
"gene_1260",12.3156381896568,0.467917058033603,0.207273088510305,-0.460793912396567
"gene_1261",3.67640780804523,0.215932174935057,0.103263113400241,0.125646015565058
"gene_1262",8.11105491258535,-0.0518470367671464,-0.0111637333289338,-0.0216935555357332
"gene_1263",6.64295735823559,0.304633974368102,0.327040647052332,-1.08849964894769
"gene_1264",9.27676423663663,0.615029945340422,0.258560819011229,-0.0536993461001931
"gene_1265",5.68255085476262,-0.222523172672367,0.0972862194841104,-0.268166627445942
"gene_1266",6.2736233963728,-0.356383212630465,-0.606127272434611,-0.0129384612764591
"gene_1267",11.3459720969333,0.326461026465375,0.0758980497196246,-0.285667290472017
"gene_1268",9.89615821257804,-0.0668982548257814,-0.5191694211661,-0.124982628475289
"gene_1269",6.08664241703476,0.260697335565647,-0.435876370134331,-2.14680405283325
"gene_1270",5.43285872367049,0.621182397830351,0.895591995195732,0.189087162536942
"gene_1271",6.8516585349083,0.628938576196044,-0.621491521707898,0.00821337981312151
"gene_1272",6.53236365665688,-0.0765536356758779,0.588051783571391,-0.0924452821035626
"gene_1273",12.3121861026584,-0.497488782470212,0.012883527826134,-0.0674459430328354
"gene_1274",9.22555197665404,0.184398424579897,-0.194371586743164,-0.266210281556836
"gene_1275",8.41068047429609,-0.0885675898466439,0.391958721424229,-0.209242080634319
"gene_1276",6.37545947092584,-0.176537252411857,-0.38756202023137,0.060298024738018
"gene_1277",6.46134962472145,-0.270509342023569,-0.311143724300381,-0.0413076769569298
"gene_1278",10.0893299510881,0.0731979139884037,0.43603103848529,-0.188632006796375
"gene_1279",7.35215509481259,0.00145128078358013,-0.1601980891773,-1.84412392691667
"gene_1280",5.54046987744929,-0.207390168877791,-1.18745446611996,-0.155372365966852
"gene_1281",4.40871996160405,0.229323660558707,-0.47333453115237,-0.445312622781191
"gene_1282",5.37913377156363,-0.126825909904433,0.206626139028399,0.00153112082763498
"gene_1283",6.30296946420385,0.0690256480077417,0.373311860263455,-0.122593434494019
"gene_1284",1.82866283430939,0.292648851116768,0.847662423533161,0.518445452802274
"gene_1285",7.08283866256455,-0.532543592087056,-0.376463469509838,-0.448954447025917
"gene_1286",9.22524231751295,-0.353150426394009,0.418031739534171,-0.168387910032066
"gene_1287",2.5464482812053,0.178771840762296,0.173990026186469,2.27954274791735
"gene_1288",4.40544587613102,-0.239894879320929,0.0104092632221034,-0.0560514648372277
"gene_1289",2.32743781113135,-0.187407484726335,0.492919418391449,-0.684197653579621
"gene_1290",5.95018676304911,0.0641357189118609,0.22186314659882,-2.06275149996936
"gene_1291",8.66153448126599,0.0130025664496494,-0.17288307831772,0.527325250376437
"gene_1292",7.70253249916601,0.063997241915178,0.379228444967629,0.0565416077730645
"gene_1293",5.83985124963266,0.543345430913284,-0.227694391989528,-0.140675035420183
"gene_1294",3.93687582789691,-0.0312467436994267,0.351018362461395,-0.0856611310079879
"gene_1295",6.19092560112359,-0.0271796908927807,0.0640954036827827,0.254568141425898
"gene_1296",5.80506321749044,-0.190581278653027,0.0211661670078295,-0.0693871891518337
"gene_1297",9.0858688885411,0.306470250240165,0.51075112395324,0.0384061079470971
"gene_1298",5.70221357297799,-0.0856641249877538,-0.341387222518475,-0.196443028688505
"gene_1299",5.45207174779633,0.223646126744514,-0.239695666825899,-0.195443926411973
"gene_1300",12.3210838766955,0.0936420220051078,-0.0884639633359101,0.381691941235916
"gene_1301",7.32660300237266,0.045709493397058,0.124772267551168,0.193652682334693
"gene_1302",2.74689403013645,0.161156303912659,-0.611098843848465,-0.340339384189109
"gene_1303",2.39880299270433,-0.137679799548069,-0.199594033594206,-0.0336683957389465
"gene_1304",4.18215200674024,-0.085383518342531,-0.289702187301431,-0.000579049834511773
"gene_1305",2.79836676423284,1.12295058041974,1.14692650272333,0.111370063675838
"gene_1306",7.34468311227493,-0.418030127832779,-0.459550085195852,0.321920818145208
"gene_1307",9.10630274282583,0.136061470634328,-0.520587161534049,0.062362558200224
"gene_1308",4.37267872181317,0.551221644211337,-0.540965079561577,0.0437302509198641
"gene_1309",5.63971437279537,0.323552759545511,0.0242996361671932,0.352239954507398
"gene_1310",6.94717482783556,-0.0133859226094204,-0.202548960648087,-0.225839117735567
"gene_1311",7.95448314368985,-0.525409825827561,-0.154589367231995,-0.183362900137809
"gene_1312",8.19651234676597,0.0958525024348116,0.715717278972865,0.17972519913599
"gene_1313",9.27191084368959,0.0720679573633869,0.410795057514409,0.408544855495807
"gene_1314",10.2465187806302,0.656407266608663,0.167102099693758,0.0823989002541751
"gene_1315",9.7802215790576,0.6653711014807,0.381773140830497,-0.116041256169974
"gene_1316",5.76374532051063,-0.663338392830205,-0.601444604910341,-0.362438169635819
"gene_1317",5.60412742047318,0.326422153153948,0.0774630936605105,-0.768764049448649
"gene_1318",3.52593856675912,0.119687289300694,0.652460943548708,-0.682680278815981
"gene_1319",7.79235754805006,0.430874777601296,-0.62520732873406,-0.199599606957251
"gene_1320",2.9182749208696,0.479920419412992,-0.0376207881990742,0.587255315671143
"gene_1321",9.32554676746614,-0.227396877810051,-0.0842317178307746,0.0247509900432094
"gene_1322",4.52292190524695,-0.0231185262130681,-0.0890932175416481,-0.471444355376916
"gene_1323",5.62015665364145,0.191914700975542,-0.426830002470376,0.0675402117451835
"gene_1324",6.71114400475589,-0.554849164789402,0.32024561929776,-0.10026410301732
"gene_1325",6.43134751680124,0.122009281325361,0.12345098655447,1.83023422413772
"gene_1326",8.07155740301708,-0.253974371862257,-0.274700786905188,-0.985595072494481
"gene_1327",4.19342195619763,-0.042379089446496,-0.0341273341376878,1.80405218302651
"gene_1328",5.15500456328148,0.0636151232270416,0.0792310543872752,-0.0261140848861032
"gene_1329",5.37588375029722,0.433141129874745,0.169307178426808,-0.10796444189724
"gene_1330",3.06581372458457,0.0839064595846756,-0.0955514632189075,-0.942870445061781
"gene_1331",6.93439552919267,-0.425839454192448,-0.348837486008478,-0.477715990786313
"gene_1332",8.65403358092411,0.143586886918149,0.352048525176743,0.108265827997052
"gene_1333",8.9905568618232,-0.226930366557865,0.0157912872606254,0.0796623582077443
"gene_1334",9.9182413186694,0.187831938715214,-0.727504586964974,0.0366448098331607
"gene_1335",6.125152950369,-0.414945796805523,0.0599522108135515,0.562544803766393
"gene_1336",7.92743511742395,-0.0972536705125502,-0.399510387247671,0.115195242504814
"gene_1337",5.98629288405513,-0.197530548057023,0.117619681093643,-0.0713024177227562
"gene_1338",8.63561047268936,-0.135178227156523,0.401175973995323,0.127571008704997
"gene_1339",4.39563325626107,-0.210951922325912,0.108799802951742,0.886172878183129
"gene_1340",4.89489272890295,-0.168569416246869,-0.146201093708319,-0.0949515897411912
"gene_1341",5.08713293226472,-0.261291386574817,0.253054191229668,0.135083651303332
"gene_1342",9.91318065663086,0.122523506975123,0.565665954461016,-0.0622660532486527
"gene_1343",5.4353626262254,-0.562035599702728,-0.772938050453074,-0.546374225766703
"gene_1344",4.35454809874072,-0.132517880164283,-0.427900695814547,0.644453982994444
"gene_1345",6.11546240025705,-0.370570969345528,-0.119585465819558,0.0957928657361301
"gene_1346",4.81509885493354,0.421314261058717,-0.362715562501206,-0.4043873596652
"gene_1347",4.78578965676123,-0.337145790242213,-0.0562636355606072,0.183231033512772
"gene_1348",4.97836650873739,-0.0405940918008766,0.0293062770046651,0.0982926268430594
"gene_1349",9.12507622481346,-0.223642922335906,-0.100494512464329,-0.0960783164229307
"gene_1350",7.86215571921641,-0.207071816625645,-0.1558052099445,0.0327437138108397
"gene_1351",10.4011590007056,-0.131153719232871,-0.106810925364035,0.16057189499805
"gene_1352",10.7471590332241,0.225702475917314,0.0798105383353886,0.280930618295711
"gene_1353",6.36688770845341,0.180698703098805,-0.0217010338341735,-0.425401116379228
"gene_1354",11.3022408275912,-0.0219227446007144,0.0125742707685752,-0.202028237767859
"gene_1355",4.61593712213437,-0.0603550410313707,-0.719697418688695,0.0294726718743507
"gene_1356",5.96805737534557,-0.686295790496926,-0.471200979491177,-0.176591577125057
"gene_1357",8.55959819631993,-0.349436858483499,-0.200130371366619,-0.0899345583645619
"gene_1358",3.63597224844271,0.00170254484984501,0.569321068299435,0.460001325872446
"gene_1359",9.89001980867253,-0.629175931258634,-0.351089661242809,0.0722071213467176
"gene_1360",9.14007979373103,-0.552353404345384,0.170724634579596,-0.0103593562989018
"gene_1361",3.77322732806253,0.386587046494733,0.178107251933663,0.0883990724378434
"gene_1362",4.32120804510323,-0.339181690630173,-0.29195589266,0.0540231106643465
"gene_1363",3.45466519037416,-0.28576930295084,-1.37408464276891,0.0415427925035226
"gene_1364",4.64768239299283,-0.110745163667628,0.550662985645847,-0.370433588408478
"gene_1365",8.62988981260141,-0.386905866030448,-0.135100623637439,0.105536455436187
"gene_1366",5.97625868679099,-0.165909126760969,0.18674448882837,0.220332970530565
"gene_1367",5.78156620751425,0.231639231287906,-0.142197950931742,0.065844034308604
"gene_1368",10.4968331661652,-0.140352436550502,0.202418462478161,0.132934244554158
"gene_1369",5.63815165858369,0.282125344572879,-0.20432810229276,0.228952644141173
"gene_1370",8.49716492559791,0.752976801892284,0.175570032481496,-0.391565526129745
"gene_1371",7.55202977513566,-0.591641119822124,0.0884019462961077,-0.128929898630085
"gene_1372",11.8131764575146,-0.0535449603068726,0.127532250235415,-0.000523445287097894
"gene_1373",4.56902400583696,-0.0790537049475796,-0.0120643002660103,0.0366929848832003
"gene_1374",8.06651140171696,0.0755879411788516,0.355009614141458,-0.249856036687837
"gene_1375",5.37580368090106,-0.6104756794852,0.209316546021364,0.506192028010437
"gene_1376",8.31794164698702,0.314961754664588,-0.00956436832791576,0.0120546491040391
"gene_1377",10.3856285287009,-0.0498108301690237,0.0666396777360465,0.127902340091095
"gene_1378",4.06470328241611,-0.758138939606213,0.0775603178523256,-0.177702006641529
"gene_1379",9.58217605223737,0.637633347614591,-0.501127008973657,0.0777894484778959
"gene_1380",8.25598069847049,-0.40330349737055,0.122533198903854,0.325559304260625
"gene_1381",7.56142139031799,-0.0658739961976106,-0.493598563809649,-0.0640442778874566
"gene_1382",12.2665168411203,0.0669269106947024,-0.319859390085882,0.032519984987068
"gene_1383",4.09489646422054,0.316870285248981,0.448986213460583,0.140962116034384
"gene_1384",2.95674300595194,0.110686107273375,-0.121087644109753,0.24011567953309
"gene_1385",4.14574737012044,0.734573067592762,0.360088533786438,-0.04023795052114
"gene_1386",5.97687362813511,-0.0366669376652976,-0.489063436974494,0.0222844839705422
"gene_1387",6.8373713577481,-0.677709961099512,-0.811952127614092,0.261935387125702
"gene_1388",9.58203309416313,0.229111264421298,0.237290183394436,-0.0317748046275463
"gene_1389",12.2593259796486,0.785195950547288,-0.981503429373851,0.175335298710817
"gene_1390",8.62712329623794,-0.00769287522555158,-0.0425293286067714,-0.0742583619691435
"gene_1391",5.95403767272337,-0.460679959023455,0.0945425293113113,0.091042412042597
"gene_1392",12.0129382179944,0.0679066756262104,-0.00934760559169451,-0.228724510034478
"gene_1393",4.13467464276217,-0.216553720464236,-0.192097244826256,-0.29069801807803
"gene_1394",5.07913748606967,0.320028376983697,0.00509329404961286,-0.266105112429418
"gene_1395",4.60925424736017,0.234710150742125,-0.252222701609388,0.256520555752149
"gene_1396",9.82777855158457,0.369240954065748,0.222219400008561,-0.0102804614531533
"gene_1397",3.05566653611653,0.291006056650839,-0.179726754972995,-0.17673920801971
"gene_1398",8.26499985588675,-0.514604771483664,0.136635264774368,0.0712389946872628
"gene_1399",11.9172453032786,-0.289758791388382,-0.269580016738276,-0.217677656174934
"gene_1400",10.0754372067896,-0.235343175455224,-0.211326856184369,-0.870894264253646
"gene_1401",9.29161033740528,-0.196705682430078,0.236907038761352,-0.0603692028862071
"gene_1402",6.86749338835839,0.212895372428549,0.00800054378406316,-0.310765742964591
"gene_1403",3.90759683026015,0.355581195216336,-0.0363476955250822,0.326711251762726
"gene_1404",5.34612758250756,-0.722310143625509,-0.490521764700065,0.123442457405705
"gene_1405",7.14447057985854,-0.908342223182941,-0.509982414291207,-0.553827829726138
"gene_1406",8.96824175023362,0.208158184039989,0.507922357802636,0.128327441832813
"gene_1407",8.65337675221962,0.133195751895124,0.748076751331356,-0.0950553992847517
"gene_1408",5.81446984240586,-0.184544779826284,0.00430892532531349,0.0538799851564075
"gene_1409",6.87611566059132,0.121634916499853,0.376846577954093,-0.148015642496648
"gene_1410",8.1686271601744,-0.285773951226212,0.537232465213507,0.0769755182988874
"gene_1411",5.66002385829419,-0.648608734161923,-0.161021454607562,-0.0126845312430554
"gene_1412",7.41048362241462,-0.383739046339624,-0.510606150161847,-0.240121516887726
"gene_1413",4.04371250044127,-0.0426403702492165,0.503303064940997,0.190095262839853
"gene_1414",11.87335172275,-0.199793914296822,-0.297646888037817,0.203795918526547
"gene_1415",5.53046722575031,-0.528257837857173,-0.144946851654649,0.151212812232946
"gene_1416",10.8362186673344,-0.375571129727084,-0.0195157899430517,0.264491912622221
"gene_1417",7.05217264604238,0.090112322871629,0.0921459180440714,-0.163130724850417
"gene_1418",12.2960974646748,0.243315262435221,-0.470075395059162,0.0877705583077916
"gene_1419",2.21630007735121,0.262596875493596,0.279088580692754,0.0433809389266799
"gene_1420",8.96102912254499,-0.188807129848919,-0.301777088971685,0.0188621036824302
"gene_1421",10.0720144608539,-0.180297229071122,-0.67743777777466,0.379980817556173
"gene_1422",4.64014777322996,0.557877284547778,0.0376451812092735,-0.257918489980421
"gene_1423",6.79568827756677,0.0859254336822424,0.0843539639834401,-0.178725917113273
"gene_1424",7.11440315994208,-0.402791399584036,-0.475325414650526,-0.245527271747611
"gene_1425",2.78795855874074,-0.0258968124161841,-0.386610939759372,-0.177987519151857
"gene_1426",3.29873883079533,-0.00684560056049257,0.117272000066382,-0.116060158708146
"gene_1427",8.99606728703627,0.0305016400230037,-0.445550018490452,-0.31175173079828
"gene_1428",2.5357760671165,0.0728998054562537,0.453906385659652,0.395282116905942
"gene_1429",6.57072223441005,-0.00161724361624972,-0.239589599826737,0.202722067753009
"gene_1430",8.1585983498708,0.275600171075029,0.05547622043755,0.0776304171816305
"gene_1431",8.60869007573883,0.207247549578836,-0.217954800764375,-0.2536337681862
"gene_1432",8.39568202556823,-0.00416670342138531,0.272563497679739,0.0733458127668244
"gene_1433",10.09789199991,0.0323761694135231,0.163785799225157,0.130641171006723
"gene_1434",6.07427083628346,0.302666260036927,-0.215260102414194,-0.140205823532704
"gene_1435",4.79087399322502,-0.306059860887369,0.165073588478435,-0.353300063783415
"gene_1436",7.18245640835107,0.409381945596504,0.0520619364429897,-0.106390672450004
"gene_1437",7.75650876696068,0.277508070324313,-0.085827800092055,0.974456282117258
"gene_1438",8.28388127154049,-0.0847856659264782,-0.247822810722105,0.103228113956138
"gene_1439",6.40255136639053,0.0869587628540946,-0.335189244064834,-0.0887176764937623
"gene_1440",8.50105005199534,-0.457571438714317,-0.633603538207938,-0.585711887502459
"gene_1441",7.61649899872356,-0.138062773030652,0.388225581517105,-0.253453401875373
"gene_1442",3.58976636158249,-0.0347053372944328,-0.0586334289832109,0.11183209121669
"gene_1443",3.49973591602985,-0.434846984983337,-0.310145570437308,-0.13168954336552
"gene_1444",8.68635323206654,0.183770426057084,-0.0842519780291136,-0.138765437949985
"gene_1445",3.57100914504992,0.486146977747647,0.172974697349049,0.18649237038856
"gene_1446",10.2569990300474,0.13486405647342,-0.020795422447496,0.134791316763831
"gene_1447",8.38647370198029,-0.164300136747153,-0.190232810581489,0.0987360778648308
"gene_1448",5.4411463646416,0.33982226431995,-0.395031757136669,0.196709278530877
"gene_1449",11.6379774341275,0.109318485234546,0.0822663792544566,-0.278858056313209
"gene_1450",6.37206495844336,0.0767604546943371,-0.303564405957002,0.0199756047678287
"gene_1451",9.58561281285451,0.340929601291014,0.256502458969548,-0.112010798671973
"gene_1452",8.59528049796168,0.195755761119876,0.0746550596270222,0.305950331866505
"gene_1453",10.5495639249437,-0.0546455308110755,0.906555362510463,-0.941812844015818
"gene_1454",6.67096701111555,-0.053563012136197,-0.151354014773458,0.162111218046392
"gene_1455",7.69406842193219,-0.129797099134303,-0.28551706133047,0.0484488690992788
"gene_1456",7.53516300626977,-0.12309998438925,0.0724569855604095,0.141973698675057
"gene_1457",7.09289725018963,0.00452297464324178,-0.111600597759384,-0.00821476064992347
"gene_1458",6.54680743759201,-0.158163993892026,0.185464260168044,-0.205886933384107
"gene_1459",6.48204200917639,-0.0755280459955548,0.150383579203892,0.246364371162607
"gene_1460",7.91581859142688,-0.428410476663096,0.296374920134147,0.0172149195863593
"gene_1461",6.34235421247683,-0.199112413726917,0.380371295773723,2.01530527850221
"gene_1462",8.07083155313331,-0.254451141726164,-0.0926890732250607,-0.240868885776343
"gene_1463",12.1029235200637,-0.0372785134496242,-0.0279329040506329,0.112240497072645
"gene_1464",11.9071026468975,-0.115283225848596,0.0589825344867646,0.0287193381976269
"gene_1465",11.4391077634419,-0.14505413977322,-0.323558595910706,0.208499644707146
"gene_1466",10.3346950736553,0.693099573838586,-0.197542786013507,0.193727391074851
"gene_1467",8.85310070618436,0.370275911486503,-0.283708860126375,-0.0478623236154994
"gene_1468",2.6913470815534,-0.0800240012190781,0.130448497052158,0.471806560235831
"gene_1469",5.54368902572378,-0.202112622189048,0.461756077190386,0.209777219600729
"gene_1470",6.92713750379333,-0.166572931887693,0.0802471312417825,-0.189836411570196
"gene_1471",4.16685942790941,0.446699838386096,0.319895119883271,-0.527701415935854
"gene_1472",8.27607593946239,0.061047965245438,-0.27948706313338,0.342187541743001
"gene_1473",7.03723777169383,-0.359945050993513,-0.0781743883101053,-0.225669611346907
"gene_1474",5.01419149584918,0.106906794930194,0.280730719703902,0.50714209762824
"gene_1475",2.66015594800075,-0.249284473472636,-1.11100393457111,-0.377167279545535
"gene_1476",3.50561932477744,0.467049852194732,-0.0565850473797483,-0.300609078046713
"gene_1477",5.38334595973484,-0.323970789253558,-0.181487787274241,0.0378952305331
"gene_1478",12.2520421972213,0.920076123121741,-0.41775817307202,-0.0410501681278676
"gene_1479",10.3010169764276,-0.000488137827285295,-0.32059219177515,0.399287609486059
"gene_1480",5.24989019681679,0.10628027688873,0.164583800846593,0.351381651726513
"gene_1481",10.9124543590563,0.101821245002054,-0.267712624865761,-0.0182498242720974
"gene_1482",3.76035100709658,0.613188310026763,0.490667846554921,0.174828206500577
"gene_1483",7.67763031658367,-0.1464539961344,0.150685558931589,-0.266209698904392
"gene_1484",9.16898238163773,0.451419851491965,0.522601855693164,-0.029149546193626
"gene_1485",4.79794571483776,0.230486374102739,0.135515466705227,-0.268872626482268
"gene_1486",9.74083743255296,0.21264584629551,0.180414051212028,-0.207666719788448
"gene_1487",3.31456869940114,0.753172376710845,-0.130247645034616,0.047160347791394
"gene_1488",4.03398638239978,-0.0741501704595628,0.707392054091323,1.27537545738079
"gene_1489",7.86435428479615,0.0439052538635462,-0.329326987433116,-0.26871480731819
"gene_1490",9.64374616815863,-0.0402821745355018,-0.0973247510163184,0.0118772883303862
"gene_1491",8.8731591321111,0.125243541513233,0.18720011424768,-0.183775786233101
"gene_1492",8.70153620357508,0.776210752105146,-0.259937145279952,0.0228530016213456
"gene_1493",11.0166546990674,0.33128526810241,0.286922906853158,-0.14698937490157
"gene_1494",7.58054884763288,0.639599760961983,0.231074856386839,-0.076062207461859
"gene_1495",4.97672344206757,0.0523828150657126,0.0726606719128046,1.6542179830042
"gene_1496",5.44975768968657,0.312482385673563,-0.00856573398667885,-0.178875587725602
"gene_1497",7.860984067285,0.00134913705474825,0.366700059339453,-0.333026661646427
"gene_1498",2.88784434683194,-0.418868277986009,-0.402246391428043,-0.313917708575961
"gene_1499",9.9811151082746,-0.0456822189710811,0.391424668204202,0.303498551742694
