"","sample_0","sample_1","sample_2","sample_3","sample_4","sample_5","sample_6","sample_7","sample_8","sample_9","sample_10","sample_11","sample_12","sample_13","sample_14","sample_15","sample_16","sample_17","sample_18","sample_19","sample_20","sample_21","sample_22","sample_23","sample_24","sample_25","sample_26","sample_27","sample_28","sample_29","sample_30","sample_31","sample_32","sample_33","sample_34","sample_35","sample_36","sample_37","sample_38","sample_39","sample_40","sample_41","sample_42","sample_43","sample_44","sample_45","sample_46","sample_47","sample_48","sample_49","sample_50","sample_51","sample_52","sample_53","sample_54","sample_55","sample_56","sample_57","sample_58","sample_59"
"gene_0",35,81,90,80,49,29,99,79,99,62,32,57,82,87,83,54,98,88,77,55,62,158,103,66,97,109,91,117,90,135,104,37,175,96,97,78,100,53,121,119,74,24,69,52,69,63,57,73,64,55,58,52,121,60,48,52,58,63,66,65
"gene_1",8813,6874,4832,6213,3260,6305,2550,4785,4895,3044,4078,4614,6205,4610,3746,7038,5696,4294,5746,4178,4619,4222,5213,4202,5128,6707,5957,3702,3501,4600,4017,4369,6204,4751,8970,4521,7369,3668,6236,3586,7236,6320,7987,5539,7362,5399,5992,4777,5974,5969,7845,3845,5570,4793,4978,4757,8608,4643,4884,7812
"gene_2",686,773,475,353,289,310,301,292,309,250,301,408,494,613,428,307,447,386,297,291,252,427,299,299,450,309,380,254,225,497,296,329,600,325,398,452,221,342,361,247,750,479,583,485,734,448,782,343,557,555,546,352,446,361,413,367,487,547,432,868
"gene_3",9,15,8,6,3,6,2,1,0,4,1,0,2,0,4,6,13,2,7,3,1,0,5,0,7,4,6,2,14,4,4,4,4,8,23,4,14,38,8,1,12,0,18,0,3,3,0,1,1,14,4,0,2,4,1,5,0,1,6,1
"gene_4",24,6,18,14,21,20,21,26,10,7,23,29,25,20,6,26,25,15,32,3,29,27,26,7,74,27,39,26,23,25,6,11,34,62,47,46,15,34,30,27,6,4,8,3,29,9,15,7,17,1,24,18,2,8,28,16,57,2,13,16
"gene_5",83,65,68,70,34,66,31,30,74,37,65,90,34,50,68,67,89,106,75,68,80,81,75,56,104,64,23,56,76,54,78,28,96,139,40,44,94,46,95,82,41,84,50,26,53,44,37,44,61,44,27,37,28,18,42,29,30,56,50,71
"gene_6",20,58,72,28,45,23,21,18,26,16,35,26,104,9,53,27,24,25,16,13,27,37,17,15,55,46,24,45,35,52,34,29,64,77,71,72,19,20,62,30,33,16,42,72,25,11,50,23,43,23,26,19,30,10,60,19,48,10,45,41
"gene_7",944,2636,1882,603,982,974,828,1178,843,582,734,1971,1450,1190,1063,1058,1325,946,1871,755,701,1586,805,1477,2256,935,1429,385,918,1742,1676,1195,1340,1191,1119,1086,920,1139,2001,1108,1421,1046,2084,1132,1301,921,1700,1213,1090,1260,1984,954,999,775,1131,578,1447,1083,902,1652
"gene_8",34,92,86,56,35,37,19,30,13,8,44,24,60,54,46,58,67,31,20,22,39,74,30,54,53,25,38,32,40,10,57,35,58,18,32,31,17,6,66,48,62,60,57,73,63,71,22,35,44,83,70,44,56,21,42,18,95,87,48,61
"gene_9",370,501,406,197,329,249,183,274,184,216,141,274,441,231,296,225,183,193,314,185,182,412,331,334,221,359,422,301,349,496,281,364,294,252,230,258,208,187,262,241,324,218,238,222,287,412,347,196,205,161,317,250,88,204,184,195,260,274,203,522
"gene_10",6004,7558,7207,3412,4795,4317,3774,3823,2058,1816,3778,3695,4495,4134,3580,4047,6480,2741,3975,3379,4311,9655,5013,5151,7754,9912,9054,4100,5499,5931,6184,5145,7835,7433,7832,5802,4325,4723,6670,7392,9555,3180,4245,4721,4433,5110,7267,4936,2785,9314,3342,2509,3352,2504,4772,1470,5264,5813,2430,4397
"gene_11",4,52,8,8,22,12,17,9,7,19,13,27,37,11,14,19,13,6,17,4,12,5,7,14,48,18,27,15,6,9,10,13,31,11,54,6,15,17,27,15,12,23,20,10,32,25,18,21,6,20,11,26,6,3,8,15,7,10,18,20
"gene_12",852,1701,1754,1185,1170,937,1386,818,796,1181,748,1213,1124,684,1119,1538,687,953,1451,918,677,1251,1326,1173,984,1379,1965,747,668,1614,945,1016,1008,1694,892,817,872,1241,2358,1353,1864,946,2340,1784,1067,1420,1397,1274,1180,2093,1588,1342,1229,1388,1168,1226,1193,1885,1795,1627
"gene_13",50,16,31,9,7,19,15,11,22,12,9,22,21,13,26,23,26,23,52,31,47,11,19,12,47,29,32,19,24,32,43,21,29,29,28,12,41,38,32,74,13,7,10,9,3,12,18,16,5,22,26,17,5,4,6,12,14,9,8,10
"gene_14",6854,5482,6148,5555,3294,2044,4916,3812,5652,3919,3329,5602,5820,5968,4808,5182,4378,6474,6281,3910,5724,4402,4328,6456,8563,8989,12015,4477,4763,8031,6714,4138,4940,6561,5903,5573,4893,4245,8538,5781,6431,6095,8765,6954,3198,6935,7478,4524,3585,4365,4087,3758,5738,6405,4704,3129,6900,6293,4913,8967
"gene_15",623,868,1095,1117,736,400,739,273,683,585,568,908,1212,576,1157,1073,1089,665,838,438,662,698,866,710,920,588,540,588,569,928,1012,877,662,927,894,750,838,821,934,984,1033,906,1041,669,659,934,399,539,697,461,840,481,911,491,444,551,1280,954,530,917
"gene_16",3103,1971,3685,2188,1717,2233,850,1667,2194,1112,1960,2716,2589,1527,2707,2643,2086,2497,2095,1802,1655,3405,2103,2184,1761,2357,1468,1735,2062,1952,2184,2416,2557,2735,2541,2136,1835,1304,3394,2187,1932,1938,2449,1415,1564,1530,1846,1636,1643,2214,1834,1096,2409,1537,1203,1503,1510,1490,903,1284
"gene_17",189,192,37,106,110,68,87,123,96,105,67,113,150,104,74,115,161,108,123,64,118,118,82,93,96,123,150,65,134,146,62,80,142,34,118,58,72,63,132,127,130,129,114,128,72,148,205,158,69,113,133,55,78,99,164,98,136,117,83,150
"gene_18",3,5,8,0,22,7,0,1,6,3,0,0,3,0,0,2,8,5,11,4,2,4,0,13,2,2,14,1,3,7,0,7,3,1,0,0,6,4,0,0,5,0,5,1,3,11,2,3,0,2,0,4,4,1,11,6,4,0,0,1
"gene_19",346,293,163,266,276,265,152,292,374,141,188,436,388,270,226,310,144,131,441,214,286,293,317,387,349,276,560,304,463,391,402,335,284,560,471,423,364,235,357,468,386,218,300,263,258,197,330,121,130,143,97,216,141,164,181,131,269,163,235,313
"gene_20",64,194,102,116,81,72,69,50,89,40,54,136,116,78,127,50,80,69,140,43,43,47,45,59,44,91,53,41,50,42,66,89,76,70,111,34,46,26,70,58,87,76,145,91,52,61,51,29,61,90,78,55,45,116,49,57,50,73,115,100
"gene_21",1646,2514,2512,1410,1272,1372,1955,1288,2416,1113,1739,2171,2228,1727,1429,2815,1779,1895,2594,2030,1920,3618,1957,2430,2129,2659,2007,1594,1351,2109,3105,2485,2431,2527,3152,4327,2884,2203,2429,1972,1566,1715,1907,1307,1254,1565,2569,1429,1121,1402,1032,1119,1308,1459,1553,807,2037,1712,1426,1451
"gene_22",358,243,596,178,309,185,67,321,271,139,299,320,336,316,287,304,283,185,235,180,130,331,154,227,248,286,281,195,166,306,285,240,419,248,393,325,185,253,379,270,292,252,275,266,249,289,317,295,141,395,287,249,262,258,298,164,281,195,233,313
"gene_23",318,274,251,103,257,174,150,139,179,134,185,203,328,155,148,223,265,177,268,94,107,274,170,288,234,338,249,192,277,213,172,207,334,210,234,203,108,220,337,289,332,289,473,307,184,168,246,215,230,196,267,153,186,192,197,256,154,197,227,238
"gene_24",2007,2431,2530,2005,1309,2006,2262,2262,1677,1255,1445,1804,1798,1481,1593,2232,1774,1269,1794,942,1518,2313,1534,2626,2632,2894,3675,2197,1801,3140,1937,2146,2444,2024,4769,1563,1506,2161,1364,2712,1956,1458,1992,2227,2478,2417,2274,1583,1613,1775,2362,1173,1505,1655,1661,1407,1514,2156,1420,2998
"gene_25",39,41,11,47,21,19,25,29,38,28,27,59,53,24,32,68,58,22,40,30,35,49,26,38,29,29,67,34,42,28,58,54,35,16,20,37,16,34,27,80,21,34,42,33,30,32,73,46,24,23,61,13,33,41,53,32,101,36,29,38
"gene_26",3016,6516,6354,3084,3202,2704,2680,2426,3537,1485,2338,5713,3661,3275,3741,5904,4822,4184,4541,2871,2535,5656,3215,2541,5854,4239,5033,2882,3287,4857,3639,5084,6623,6042,5841,3012,3101,4215,7105,4430,6578,5817,5853,6984,6960,7649,5597,5817,3834,5630,7619,5013,3322,5463,4382,4635,6232,5931,6605,10457
"gene_27",45,45,26,24,40,31,35,21,20,5,12,75,27,47,42,53,18,46,33,62,51,48,22,47,36,42,67,60,37,46,36,54,122,9,16,80,68,19,41,14,23,10,54,65,23,47,33,39,18,3,32,3,11,30,44,46,42,44,7,25
"gene_28",947,1721,1636,933,849,900,655,701,771,768,561,1288,821,669,1041,2005,1356,674,898,917,785,700,602,956,668,820,1034,710,446,980,1489,668,1030,681,1416,685,1163,971,1166,674,1473,1807,1428,1233,874,1413,1170,979,1428,2280,1527,878,1009,939,899,882,1422,1474,1385,1171
"gene_29",151,247,150,94,81,109,65,101,111,64,103,251,125,116,122,204,135,157,214,122,127,175,202,218,198,119,177,83,196,143,110,191,204,199,196,123,118,203,136,114,208,149,342,294,430,78,422,214,170,162,327,163,179,121,320,175,176,136,155,415
"gene_30",5470,11124,10150,4333,5341,3302,2171,4014,5941,2130,4976,7753,9688,4121,6560,6356,7357,5675,7307,3647,3036,4426,2833,4702,5936,6117,6100,3715,3715,7167,5747,6457,5497,7985,8111,8291,5069,5297,5878,3985,6478,4761,5738,4895,3361,3773,4595,4337,2863,5055,6150,5255,4472,2815,4012,4246,5338,4286,5764,6765
"gene_31",84,94,152,81,68,46,44,38,55,87,44,68,85,63,53,35,95,105,56,72,56,87,124,69,63,115,93,52,83,100,63,103,46,29,72,60,26,51,99,29,49,87,69,128,88,108,88,112,50,70,61,14,70,87,37,37,103,92,47,106
"gene_32",68,51,63,83,40,95,34,26,68,38,40,52,72,69,48,91,41,64,42,28,39,98,43,100,47,83,59,70,26,33,15,46,38,63,100,47,21,70,49,105,49,68,54,101,107,46,97,34,17,95,73,66,58,34,107,91,74,145,68,57
"gene_33",30,66,43,98,21,32,11,26,34,7,36,29,34,40,49,23,35,31,20,30,44,57,27,22,25,56,72,43,12,71,48,22,71,34,34,51,23,45,49,14,27,67,73,91,45,43,44,41,58,53,17,26,54,35,54,14,101,39,39,18
"gene_34",67,139,60,29,99,94,67,56,48,57,63,89,56,57,73,90,112,105,80,64,51,48,39,80,145,61,81,65,89,111,109,31,51,62,84,70,72,89,145,46,133,67,39,66,85,76,101,84,144,108,57,52,23,84,58,31,57,68,110,56
"gene_35",424,561,675,928,418,433,368,380,529,234,319,344,625,474,449,321,601,423,455,521,391,523,573,412,785,576,534,390,483,697,437,496,560,396,453,471,310,584,595,421,719,581,1026,376,545,543,532,405,263,317,291,328,293,326,371,252,351,396,268,394
"gene_36",48,118,49,36,57,44,30,34,43,31,30,47,68,43,43,76,47,43,21,46,56,18,57,35,68,36,51,29,104,24,55,11,44,39,42,49,26,28,36,50,52,26,42,107,40,12,99,33,27,69,27,59,61,50,52,29,28,101,30,39
"gene_37",1098,887,1074,417,434,722,527,313,630,317,194,745,525,463,476,570,443,585,483,702,335,223,583,1051,496,681,721,505,643,1165,466,568,407,499,716,319,509,407,885,431,649,483,776,742,541,534,960,597,535,551,411,288,420,389,285,425,487,460,450,402
"gene_38",1286,1840,1860,984,328,801,769,712,1117,339,492,1004,1169,1160,797,1471,991,786,639,766,711,862,710,901,921,1273,832,784,877,994,684,1049,1413,677,1216,825,846,794,1554,670,2735,1144,2525,1286,1596,1618,1172,1017,1002,1087,1701,1406,1896,1692,1237,1515,2214,1292,1311,1930
"gene_39",27,26,18,23,9,24,18,23,39,21,21,43,43,26,33,52,60,19,48,19,12,40,23,17,35,27,34,21,16,26,10,22,33,26,52,27,16,34,21,26,36,22,43,19,13,6,19,12,38,38,12,12,9,14,25,9,42,18,4,35
"gene_40",94,133,170,56,64,58,79,81,82,83,71,154,149,81,60,78,96,49,118,72,122,154,72,122,139,115,152,63,157,155,97,88,195,116,125,136,145,176,159,81,82,97,86,181,120,80,75,86,57,84,68,54,28,46,40,39,87,67,53,68
"gene_41",740,1316,983,754,537,665,540,434,977,422,553,804,821,1063,523,688,942,545,956,607,436,708,575,1042,617,948,917,669,967,1008,653,589,914,855,861,859,1214,754,1116,882,981,1118,1067,875,970,914,1017,1289,769,886,1124,701,631,443,984,547,1107,653,573,904
"gene_42",6620,8889,6986,4709,4439,4212,3689,4532,4163,2618,2334,5598,7915,2988,3340,3626,4198,3589,6158,4784,5184,8497,5482,6639,6755,8247,6672,6372,5163,10335,4926,7714,8825,3193,9660,6869,4403,6495,14583,6740,3767,4103,3813,5962,5906,2445,2549,5215,2423,4069,2943,3386,2751,3842,1716,2626,4066,3564,2749,5483
"gene_43",342,330,250,402,285,225,242,255,254,164,236,239,254,272,248,418,197,226,491,221,116,274,200,211,273,208,252,207,120,222,337,264,220,245,143,183,172,317,209,172,493,298,430,528,362,465,589,417,285,468,187,219,363,409,324,160,222,276,172,342
"gene_44",392,643,569,274,305,260,258,283,285,91,277,357,334,469,281,405,426,431,368,202,257,472,296,634,379,392,414,195,305,442,541,289,398,351,395,386,345,326,458,348,756,277,680,450,384,474,524,345,528,320,488,237,562,311,163,448,663,344,352,484
"gene_45",55,105,109,53,40,53,77,30,20,13,25,13,50,57,37,53,43,32,74,22,60,32,50,28,70,45,37,48,44,96,70,19,49,40,72,39,37,24,113,26,67,74,60,59,76,68,97,73,71,118,24,26,29,57,49,32,119,30,77,72
"gene_46",174,126,246,186,181,179,238,124,123,103,148,208,241,218,116,194,209,128,214,176,184,223,124,92,201,111,371,176,190,212,205,132,316,194,168,174,203,171,271,276,153,246,117,140,252,130,188,132,134,178,191,168,186,180,170,102,160,221,137,377
"gene_47",168,56,179,86,118,42,71,73,51,34,101,119,20,61,39,94,98,46,77,34,25,86,55,26,81,129,78,42,63,33,88,112,129,77,80,46,63,92,144,91,73,45,80,119,49,34,22,57,40,57,54,89,27,55,61,39,85,74,54,70
"gene_48",1,9,9,0,7,1,0,3,8,3,8,0,2,1,2,6,3,6,0,7,14,2,5,1,8,4,12,2,11,1,5,3,5,1,2,7,12,0,2,3,1,0,0,3,2,15,12,0,12,3,0,14,10,0,1,5,9,12,4,1
"gene_49",468,431,718,555,362,332,381,317,260,268,443,400,589,454,447,600,498,398,509,347,248,392,206,216,506,272,219,172,423,379,395,422,278,262,625,286,266,481,477,417,581,183,464,387,455,323,364,306,197,323,310,370,253,257,233,355,393,267,139,375
"gene_50",2,28,5,16,10,9,0,1,13,1,0,4,5,2,2,9,14,1,19,0,21,10,13,5,7,13,18,6,0,8,2,12,10,4,1,15,9,7,35,36,37,12,16,4,10,20,9,0,5,3,4,10,18,5,4,5,0,7,4,1
"gene_51",31,48,76,35,22,3,60,8,47,18,14,45,4,6,14,34,50,24,24,16,16,31,49,49,18,40,47,37,27,61,28,16,23,41,33,28,15,33,60,25,33,12,29,27,24,25,50,32,29,21,39,7,27,5,10,28,25,25,40,28
"gene_52",5,15,4,8,7,0,2,1,12,1,2,7,3,7,7,13,3,13,10,7,15,8,0,8,11,7,54,4,30,5,5,3,4,0,2,0,9,6,11,18,11,2,2,0,3,7,5,0,9,6,9,1,23,2,4,6,1,5,0,1
"gene_53",4241,5655,6260,6246,3144,4287,2873,1857,4048,3577,2747,6077,6013,4054,3505,3749,3935,3525,4575,3294,4345,5295,3298,4729,4196,3815,6616,3155,3305,6702,5427,3682,6546,4401,5617,3042,2761,4271,6693,4752,8237,3763,4684,3311,4019,5600,6582,4313,3518,3835,3592,3242,3044,3221,4625,2836,8719,3528,2373,4997
"gene_54",505,768,766,337,296,310,354,334,510,240,350,437,614,381,365,600,417,444,355,334,305,393,281,408,430,423,449,318,283,680,423,445,489,436,454,521,275,384,599,388,461,559,526,271,570,406,462,426,236,600,453,289,455,240,357,284,370,308,391,440
"gene_55",163,79,77,91,87,106,70,86,69,45,46,91,150,93,79,78,90,43,145,47,72,112,97,121,113,169,197,122,206,140,121,105,135,137,258,156,117,161,124,119,201,129,102,145,112,121,108,95,39,115,204,127,144,100,93,70,150,48,122,131
"gene_56",123,198,198,93,80,97,59,104,117,48,79,171,126,64,78,68,201,129,63,78,65,56,56,35,106,105,89,52,109,98,102,97,157,70,87,81,67,88,127,71,94,62,131,164,111,96,92,69,99,148,106,102,81,68,81,68,143,116,99,154
"gene_57",354,466,389,265,155,118,229,124,317,188,238,536,320,230,477,515,528,332,326,265,270,346,312,419,396,389,458,172,472,598,393,473,653,310,922,689,399,264,579,630,276,283,367,377,274,153,294,316,181,341,384,205,305,190,213,272,286,333,259,234
"gene_58",262,672,436,449,245,268,335,310,231,213,441,849,677,750,588,355,597,592,599,481,279,281,430,249,276,449,274,329,105,366,589,484,1021,587,976,589,390,581,527,567,561,409,459,342,239,352,437,202,267,439,400,874,606,500,498,619,660,500,551,619
"gene_59",13,62,17,17,41,27,61,51,47,28,23,27,18,36,14,14,24,9,17,26,29,40,38,51,81,66,26,15,22,39,20,48,31,30,13,21,36,37,26,16,38,29,20,58,38,64,21,43,11,30,16,20,22,12,27,23,23,13,12,12
"gene_60",1109,1218,1635,619,772,783,841,441,664,561,2334,1777,4139,2583,3076,3336,2724,3898,2974,4405,595,953,609,907,875,695,1266,487,645,1110,2110,1832,3365,1757,3411,2614,2271,2127,5057,3179,1115,1021,749,666,833,998,1181,918,738,1326,4205,2415,3706,3691,4725,3531,3210,3354,2620,5362
"gene_61",365,485,396,301,252,323,345,271,459,264,398,658,775,576,491,631,513,452,529,591,164,585,495,426,584,539,221,447,304,332,737,578,921,701,1058,593,554,445,996,601,454,337,406,256,301,273,585,154,225,414,364,347,232,273,205,468,300,532,352,337
"gene_62",1740,3119,2074,1165,1124,1016,1250,1293,1383,1168,1081,2028,1243,959,1506,1824,1757,962,1821,1252,709,1741,865,803,1002,1440,1363,1058,937,653,1331,1452,1303,1152,907,990,930,1167,1322,1151,1351,899,1394,1192,1507,1362,2136,1408,753,1780,1215,1029,1835,1232,826,803,1701,869,1267,1217
"gene_63",2059,4150,3493,2973,2583,2425,1740,1208,2098,1050,1962,3374,4491,1943,3090,2541,2871,2533,4420,2438,2357,2053,2146,1595,1809,2372,2087,1602,1986,3868,3350,3425,3689,2641,3273,2556,2198,2795,4383,2529,3570,2320,3760,3376,2623,2891,2947,1989,2690,2948,2787,2482,2285,2821,2803,1719,3970,3337,2926,5500
"gene_64",26,19,33,45,36,22,18,14,17,5,16,26,24,37,6,18,26,10,30,16,15,0,42,15,3,19,64,26,8,51,24,35,43,8,18,21,9,15,54,61,12,20,17,25,15,21,19,7,17,15,1,8,9,3,8,5,8,5,21,17
"gene_65",2071,1802,1593,1665,1624,1201,983,1236,1361,782,1129,1411,2268,1336,1258,1885,1597,1050,2328,1208,913,1450,1757,1799,1358,1421,2150,776,996,1498,1393,1265,1908,1313,1486,1255,1761,1117,2097,1501,2016,874,1738,1854,1567,1201,1993,1063,1184,1285,1499,1013,780,1078,965,640,1689,923,982,1478
"gene_66",1236,2013,1867,590,1065,1644,1070,1025,651,463,846,1203,987,650,708,1280,1214,716,1455,869,1435,2287,1369,2047,1925,1284,1383,1128,1701,1568,1788,1838,1942,1876,2300,2121,1282,1814,1319,1534,1091,908,694,739,888,615,1190,735,728,521,721,758,750,575,467,510,747,684,536,1138
"gene_67",120,58,99,118,67,67,30,66,34,58,63,38,93,130,87,63,123,100,99,53,79,91,57,53,166,61,76,61,127,87,106,102,101,63,108,100,122,57,135,105,102,104,118,57,70,106,65,81,49,72,51,70,39,38,61,32,76,52,75,64
"gene_68",4387,8020,3391,3157,4594,3115,3292,2641,2538,2316,2272,4177,5445,3763,4686,4097,7374,3747,4808,2366,2105,5328,3865,6591,4301,3860,5585,5502,4084,4538,5079,2768,4208,4397,4107,3953,3261,3655,7056,3212,3966,2815,2829,4052,4001,2820,3051,4201,2880,3468,2836,2662,2582,2849,2941,1706,4705,3427,3653,3372
"gene_69",1467,2319,900,756,654,857,757,743,1180,670,746,1115,1173,1556,872,1059,1587,999,913,907,430,1360,906,856,1211,625,928,584,377,769,1476,662,1302,1318,1173,458,1225,694,2039,1083,1131,544,1175,1097,928,844,1204,1302,381,1034,1278,1117,607,1032,740,1147,2060,937,807,812
"gene_70",265,393,341,263,163,140,140,126,244,124,163,217,297,220,300,295,237,181,249,184,198,262,136,245,337,146,262,84,234,185,214,104,201,167,356,120,199,266,163,224,164,104,117,169,140,136,130,101,73,115,231,144,160,112,211,108,196,109,92,171
"gene_71",1271,2115,1828,768,683,758,456,622,961,918,699,833,920,788,966,745,829,447,814,471,925,1405,613,1059,1446,1144,1110,877,1337,1836,649,1262,1294,1026,1483,1198,805,925,1459,968,1406,667,1340,894,835,990,1107,878,928,1114,787,879,771,989,560,628,1339,964,777,1031
"gene_72",2,17,11,22,16,26,11,2,1,9,7,23,24,24,24,8,10,2,4,7,3,18,6,6,8,4,22,2,6,16,11,21,7,4,9,2,11,25,4,12,8,11,26,18,8,8,17,6,1,10,15,12,30,8,18,18,8,30,12,4
"gene_73",6148,7833,7157,5781,4667,4859,4786,3634,2118,2072,2377,4615,6276,4451,4667,5589,6578,3480,2888,3946,6947,7446,6270,6351,5274,5042,6213,5312,5144,6971,3654,5889,4510,3369,6130,2927,3750,4625,4398,5654,6006,3532,4334,3829,5948,2848,4234,2493,2637,4517,3185,2699,2422,2871,2701,2893,3414,3107,2949,4620
"gene_74",135,182,170,97,71,184,113,179,186,58,133,87,176,77,154,161,120,117,100,70,126,175,158,95,135,180,258,143,184,266,92,148,83,86,209,94,133,116,223,134,354,176,384,271,196,240,169,200,189,255,269,100,191,118,95,97,155,82,159,219
"gene_75",1967,3138,3048,1930,2346,1327,1479,2108,1804,1043,1290,2192,1411,1767,2279,2339,1875,1593,1744,1446,1969,4216,2817,3698,3594,3232,3303,3166,2698,3266,2729,2228,2740,2544,3259,2510,2152,1605,3807,2197,1270,1198,1990,1689,1622,1461,1695,1369,848,1295,1254,885,1244,860,1271,587,1373,933,860,1139
"gene_76",31,53,47,23,41,34,32,23,8,16,15,40,55,32,29,94,83,19,12,20,12,61,17,45,27,42,29,8,9,66,28,29,24,48,76,19,24,49,31,32,28,28,10,53,67,86,23,38,16,19,14,9,7,11,11,12,33,49,26,57
"gene_77",301,179,367,112,300,204,101,126,186,129,101,209,155,131,103,217,215,225,142,176,191,251,178,153,95,162,127,97,102,158,166,101,85,116,93,156,60,106,97,166,248,167,295,173,165,189,215,78,130,167,61,97,132,103,108,125,205,192,102,162
"gene_78",6233,7296,5027,3540,3603,5756,2926,4511,3438,2460,5210,8855,4989,3334,5570,6437,6644,4921,2656,4513,6678,8492,8236,7883,9661,11068,10070,7454,6249,10931,6685,8761,9327,5380,12943,6325,7835,2642,10508,6103,6496,2857,4513,3373,5396,3842,4439,2455,2532,4840,3060,2936,3971,3705,3845,2092,4955,3687,3676,5120
"gene_79",141,144,270,293,118,72,82,62,123,83,120,198,112,122,91,242,207,204,257,127,89,92,143,118,148,186,114,63,149,164,93,187,126,235,229,164,102,183,181,182,188,60,118,75,60,132,71,192,95,152,100,55,183,107,132,59,139,148,105,187
"gene_80",29,73,33,29,21,47,27,38,26,32,24,42,31,69,33,78,24,41,49,21,34,94,48,103,74,68,45,31,56,92,26,36,129,32,128,45,55,71,34,84,34,13,84,43,53,43,54,49,49,22,108,14,25,38,73,34,56,67,45,63
"gene_81",45,119,143,130,68,81,51,39,74,56,61,99,116,48,45,103,27,95,77,100,53,128,103,93,85,171,116,71,74,99,61,88,65,99,101,67,56,58,206,93,135,62,50,104,101,123,70,59,91,149,81,40,134,54,49,41,104,64,104,79
"gene_82",419,430,596,334,252,274,96,178,286,164,124,457,215,186,313,200,191,270,239,155,139,323,256,231,336,257,259,148,133,298,117,183,193,224,347,163,162,178,218,200,420,252,313,132,426,201,252,252,327,306,260,161,185,188,182,183,211,132,230,210
"gene_83",135,112,221,114,206,59,152,107,39,86,97,180,183,112,150,146,151,109,164,167,88,67,97,128,166,157,178,64,78,117,196,217,176,122,167,54,231,110,184,131,127,105,161,145,72,148,139,142,78,68,125,116,110,156,129,90,190,58,109,176
"gene_84",1001,1637,1520,573,694,934,703,841,726,851,1161,957,1726,867,1267,936,1135,1325,935,801,616,715,491,778,668,1021,816,535,607,816,873,678,1063,573,1624,593,772,653,1083,656,1762,1373,1449,881,1501,1087,2359,1638,705,2057,1175,955,1295,1031,681,1295,1178,1448,1024,1752
"gene_85",55,62,70,38,38,33,30,58,51,30,44,27,27,17,33,52,48,44,70,32,70,49,68,63,95,67,71,38,32,48,71,89,95,52,34,77,120,139,79,42,49,39,114,51,36,62,151,48,31,70,26,56,50,34,35,30,27,78,21,45
"gene_86",36,18,48,12,19,30,30,49,16,5,26,19,30,17,10,22,39,11,21,19,19,11,14,37,8,15,14,3,20,6,30,23,21,19,21,42,17,8,27,17,65,11,75,42,22,21,54,49,32,22,22,6,6,35,13,15,34,6,36,60
"gene_87",107,409,385,127,174,203,109,106,135,122,124,184,252,90,115,95,290,89,165,126,102,84,70,105,133,163,188,49,78,216,140,97,135,103,94,110,81,125,170,66,196,112,282,121,204,175,226,182,142,159,128,121,63,135,112,139,205,138,141,199
"gene_88",4,23,18,0,17,16,7,18,47,2,9,6,11,3,5,32,6,11,21,17,11,20,3,31,4,15,22,6,21,5,3,6,25,25,18,40,40,18,32,9,40,16,10,23,13,23,30,3,5,7,11,17,17,2,0,18,12,8,14,7
"gene_89",31,41,39,68,22,27,25,19,18,26,17,40,42,17,35,66,18,21,32,26,19,34,33,23,6,56,11,24,11,24,50,24,21,23,25,14,19,54,54,56,15,10,48,42,42,42,34,13,13,30,8,23,27,17,26,26,31,17,26,39
"gene_90",27,71,30,59,31,45,34,51,104,32,39,29,49,32,20,69,34,60,58,19,32,57,29,33,58,31,180,59,65,111,34,80,31,34,76,52,68,57,30,37,18,23,35,38,61,49,14,38,10,36,49,15,33,27,27,8,42,45,16,19
"gene_91",2730,3395,4039,2525,2473,2051,2570,1909,2143,1271,3005,2768,3878,2803,2094,2026,1875,1892,2576,1324,2123,2555,3020,2631,3031,2640,2475,2416,1647,2996,2688,2440,4542,2046,2543,2428,1887,2196,3176,2517,3719,1129,2659,2468,2347,1895,3327,3917,1895,3010,2229,1977,2208,1492,2326,1211,2849,2503,2050,1671
"gene_92",7,20,23,45,6,20,26,18,5,7,8,3,3,18,6,26,21,6,31,12,10,19,25,15,25,11,52,5,0,35,9,20,10,4,29,18,16,25,9,25,35,18,34,27,28,15,9,20,19,15,11,4,19,16,0,9,8,24,3,12
"gene_93",618,990,769,710,530,484,524,548,775,645,879,903,787,560,361,921,623,752,631,754,988,1543,1020,1099,1152,1186,1031,818,1387,999,922,1453,2363,1149,2035,1207,1666,1096,2030,1863,666,677,845,809,888,531,914,384,699,635,542,573,1122,558,708,551,623,844,287,1225
"gene_94",587,586,656,366,369,359,269,261,369,230,358,413,372,318,446,541,284,640,503,440,395,647,357,341,425,486,649,262,345,311,365,343,660,290,684,367,406,463,489,367,497,389,303,341,464,578,436,461,262,408,539,409,269,312,279,251,557,344,244,405
"gene_95",2054,2342,1821,1203,1576,1454,1010,1068,971,936,972,1820,1675,1442,1255,1043,1302,1208,1105,1336,1383,2366,1919,2223,1946,2196,2010,1667,1801,2071,1302,1135,1822,1416,1536,1245,1663,2142,2205,1467,1460,1313,2999,1416,1811,1872,2282,2074,1170,1757,1473,793,1645,755,803,926,978,892,978,1197
"gene_96",1386,2141,2757,917,861,1363,417,1137,849,618,706,1290,2230,1163,888,917,1359,1071,1547,1195,800,1309,967,913,1149,1161,1069,714,1207,1133,1049,926,1113,624,1356,880,586,693,1159,1155,1744,1655,1403,1043,1520,1504,1853,604,1230,2271,949,1363,1170,1053,1120,769,1374,1216,1069,1739
"gene_97",2,4,26,3,19,7,1,5,6,2,18,15,5,13,7,0,1,12,2,10,8,3,13,1,3,3,8,6,0,9,4,18,9,10,3,16,1,2,28,3,5,13,23,6,16,18,29,26,2,4,5,4,14,14,23,11,21,7,14,2
"gene_98",111,80,49,22,49,22,44,47,60,48,49,79,62,32,25,43,63,72,21,39,27,76,29,25,55,54,27,51,28,70,51,29,23,32,68,37,68,67,72,22,87,42,196,65,51,56,54,58,70,46,39,15,26,41,66,51,82,59,73,66
"gene_99",33,43,132,77,51,17,32,29,21,12,16,13,59,16,9,52,16,33,41,12,29,63,36,25,39,50,61,32,8,27,30,33,35,8,14,9,29,5,23,29,48,33,52,35,17,30,32,25,59,45,47,17,4,10,13,33,12,14,37,29
"gene_100",5,10,6,2,3,13,0,2,0,0,1,29,18,0,1,18,10,2,15,1,1,13,10,8,5,2,45,5,2,4,7,18,0,10,1,27,4,4,1,1,3,9,4,25,2,2,4,1,6,10,4,2,5,0,3,7,1,10,5,6
"gene_101",49,9,14,51,1,13,22,3,4,23,6,8,11,22,10,66,21,19,22,37,8,4,32,5,20,14,16,32,14,45,17,19,14,26,37,20,23,33,22,19,21,19,20,21,19,27,12,30,19,31,15,15,18,3,33,7,14,29,11,18
"gene_102",1097,1808,1573,757,800,1122,937,871,671,527,648,1279,859,810,943,796,563,574,681,733,656,763,1290,1182,1247,1454,1512,873,719,769,599,675,946,570,765,483,537,705,820,635,881,600,744,520,714,491,742,332,396,539,415,317,339,345,466,373,384,506,294,416
"gene_103",4477,11773,8145,5955,3726,6160,2264,4736,3555,2807,3883,5330,7756,4433,3852,5208,4809,3677,4680,4262,2713,3345,3616,4203,4084,3660,4756,1741,2598,3242,3109,3732,5095,2364,3380,2536,3291,3577,3955,2992,9139,6027,9172,6543,6105,5443,9882,5440,5952,6932,5518,5860,5261,5248,5203,2930,6139,6088,4635,4334
"gene_104",133,234,332,254,207,186,115,175,165,152,154,219,257,215,193,233,238,214,278,163,151,224,410,115,286,304,218,232,116,206,271,181,361,149,179,367,164,194,427,252,192,225,196,197,170,198,178,105,124,241,221,153,92,158,170,216,239,78,221,244
"gene_105",67,42,31,15,16,14,10,8,16,23,10,30,12,15,22,37,25,10,28,16,11,12,22,31,30,27,17,15,24,43,31,29,19,18,38,16,21,36,25,44,9,43,25,18,36,5,39,64,33,36,27,13,11,9,22,13,9,14,19,2
"gene_106",423,432,562,436,425,268,255,348,123,109,170,280,468,318,470,333,382,182,301,270,273,349,211,212,318,201,457,130,159,216,312,141,328,170,263,238,343,144,392,233,284,770,695,289,485,513,477,429,462,214,294,277,384,292,342,124,468,332,454,651
"gene_107",1375,2148,1874,829,963,1516,1217,1095,1195,1239,1762,2775,2555,1441,1252,918,1291,1076,1685,1165,738,993,864,1594,1329,1900,1875,792,1001,1664,1593,1172,1833,667,1228,640,1062,1034,1626,764,1208,1222,1204,786,1574,984,1296,1251,1060,952,912,1365,1137,1073,753,939,768,1108,1021,1027
"gene_108",498,450,566,424,428,419,258,349,300,246,350,361,331,498,511,182,392,388,505,319,309,542,280,270,302,679,332,388,301,458,536,577,672,491,560,298,304,308,789,480,426,242,652,322,334,439,468,270,313,343,451,232,235,355,262,190,403,282,283,440
"gene_109",91,84,146,68,125,112,67,39,64,50,76,44,81,58,57,196,50,53,145,66,48,90,17,55,68,44,119,42,78,102,113,91,176,152,157,109,112,43,228,92,74,64,83,93,61,51,35,26,23,32,99,28,49,53,78,48,93,59,91,53
"gene_110",80,169,138,138,101,107,74,61,93,76,70,134,100,140,61,67,114,95,110,70,136,139,122,115,111,78,206,104,123,121,106,148,110,55,86,77,114,91,151,102,80,57,153,87,68,110,74,52,52,102,72,50,84,86,86,58,124,53,76,87
"gene_111",62,204,156,115,79,119,78,36,52,41,71,88,70,104,99,109,137,92,148,105,63,95,83,142,106,82,137,71,26,105,123,47,74,53,57,57,68,29,116,54,154,120,146,125,244,192,138,101,106,146,82,103,81,129,93,99,185,102,106,119
"gene_112",549,817,691,321,290,448,332,393,425,261,227,344,354,157,193,222,317,251,258,216,304,488,209,446,457,495,552,317,256,360,185,202,310,205,130,171,116,168,253,250,876,504,676,546,800,484,394,386,244,799,290,159,233,260,224,153,174,246,192,226
"gene_113",162,256,201,192,108,28,160,100,166,98,508,835,777,464,410,851,693,406,1528,582,208,227,133,172,128,342,212,227,205,207,904,645,582,673,808,680,477,236,1022,483,167,114,158,231,105,66,132,74,139,131,421,479,371,427,418,362,723,385,403,829
"gene_114",2686,3468,3071,3046,1707,2425,1512,1100,1860,1458,1060,1509,1823,1446,1396,1596,1345,1311,2024,1073,1371,1779,2227,1914,1595,1703,2347,1629,1503,1841,1111,1354,2222,1331,1210,923,952,1663,2333,1694,1581,1902,2623,1986,1703,1117,1802,2195,1794,2070,1299,1758,672,1222,1854,1154,997,1147,1452,1609
"gene_115",612,593,782,662,445,523,252,495,485,303,359,502,399,336,447,892,440,434,546,383,528,532,504,544,802,728,998,393,434,601,653,672,565,459,644,367,690,363,763,273,813,408,543,807,380,476,670,352,421,519,254,340,380,338,521,283,656,434,403,620
"gene_116",710,878,872,611,622,824,581,601,914,432,726,511,932,582,746,944,1028,557,651,713,901,1011,734,730,1031,1457,1125,985,681,1192,757,1157,725,658,1094,651,777,752,1460,603,1558,920,1657,782,801,1159,922,1067,773,673,860,651,698,710,585,760,1028,702,1012,803
"gene_117",101,63,119,76,60,36,73,24,27,27,25,37,109,32,27,33,89,26,52,50,66,82,65,51,27,78,29,37,66,127,34,40,20,41,27,24,42,30,30,49,107,115,53,33,50,77,106,115,37,27,29,27,42,46,54,67,98,42,34,83
"gene_118",1041,1319,1368,753,856,888,335,568,691,372,236,446,592,363,237,374,444,389,496,302,431,436,740,703,634,944,701,350,415,579,291,315,403,268,532,275,248,380,448,391,888,556,866,529,726,797,602,649,549,710,376,324,289,235,238,334,327,265,289,221
"gene_119",93,66,79,124,80,58,52,46,26,35,35,79,53,83,43,46,72,89,57,54,46,77,58,57,55,56,66,30,71,87,66,47,73,35,98,61,58,36,95,118,97,53,80,64,40,61,49,50,34,35,38,31,51,73,43,39,97,37,43,49
"gene_120",44,42,27,22,36,51,56,21,39,7,39,58,30,32,40,47,45,44,31,22,15,64,37,42,67,60,30,28,20,71,25,26,40,38,21,28,18,26,29,42,18,34,64,54,140,31,65,44,16,34,45,19,33,40,33,41,53,38,30,81
"gene_121",18,42,47,16,24,14,12,13,30,8,35,37,37,18,19,19,48,11,27,49,74,46,25,46,71,50,71,21,49,34,55,29,43,15,48,76,94,19,17,13,27,29,45,24,28,35,12,33,19,8,35,17,28,21,27,44,22,32,26,19
"gene_122",106,118,103,81,63,97,76,39,103,106,37,115,150,110,57,139,84,65,108,77,80,92,122,182,113,84,222,114,192,186,152,139,140,54,218,230,108,134,222,164,137,57,163,221,93,139,124,113,91,115,86,66,77,87,41,78,140,65,38,78
"gene_123",1340,3174,3319,701,1893,1517,1201,1363,957,1061,1285,3034,2151,1424,1438,2302,2290,1079,1656,1387,1474,2001,1796,2209,2399,1842,4482,1753,1061,2257,2182,2736,2917,2633,4386,2476,1598,1546,4092,2772,1615,1900,1722,1686,834,1026,1087,1089,1095,1196,1052,749,904,1186,1005,1078,1582,662,999,1359
"gene_124",23,49,77,58,46,42,74,37,55,59,31,53,53,57,34,47,66,32,74,37,92,21,84,55,36,83,77,15,31,57,54,49,64,59,124,25,61,68,70,90,91,62,72,112,36,69,187,60,102,152,78,31,64,55,59,78,85,43,75,122
"gene_125",1729,3608,2972,1433,1706,1526,923,1329,1489,856,1141,1704,1932,1045,938,1893,1494,1071,2062,956,1302,1648,991,1392,1670,1351,2020,1433,1070,1488,1008,1471,1946,451,1176,1181,758,1219,2042,766,3091,1594,2190,1247,1836,1847,2360,2106,1512,3131,1489,1256,2148,1043,1460,1361,1832,866,1109,1013
"gene_126",881,1410,830,556,968,745,952,699,413,503,759,675,1113,1061,813,698,864,849,508,515,487,967,465,506,469,721,689,958,480,1027,661,587,623,569,801,394,579,393,648,784,671,1042,966,1187,797,853,1080,903,887,805,726,683,980,865,712,469,1141,561,735,1297
"gene_127",10747,10006,6879,9061,4466,4536,4444,3157,5501,2998,3897,5099,7032,3000,5361,4984,4306,3619,6165,2953,8372,9439,5777,5231,6005,6427,5396,2782,8993,5621,7301,6756,8377,5213,7609,5752,5023,7052,8126,6427,6791,4391,6901,3043,4737,4936,5363,4979,2881,5143,3798,4117,3737,3859,4703,3151,5107,4820,3172,4791
"gene_128",3392,5153,3776,4366,2771,2683,3369,3806,3185,1861,1804,3837,6466,4335,2566,4605,3824,3182,4416,3000,4235,5637,4244,3831,4831,6271,5757,3262,3218,5889,4283,5067,5692,3678,4242,4641,5379,2819,4926,3175,3866,3707,3779,3684,4297,4475,5477,3721,2999,2992,2929,3175,1938,3399,2563,2306,4061,4336,3343,3654
"gene_129",43,78,78,36,60,28,51,49,54,41,57,79,76,82,46,93,84,50,121,69,19,113,84,74,77,76,63,38,29,107,71,86,57,59,75,61,100,28,56,42,93,64,58,138,55,55,68,61,64,85,49,47,107,22,67,72,108,69,64,70
"gene_130",50,33,36,64,23,42,37,20,26,14,29,20,56,43,62,42,97,19,13,24,84,65,41,59,24,42,46,41,28,49,18,35,74,27,43,36,10,47,21,24,34,15,34,18,36,42,11,11,13,77,57,21,22,28,28,21,35,32,23,44
"gene_131",712,984,719,715,396,694,213,581,659,443,50,129,168,109,192,111,145,124,163,128,195,334,323,388,433,308,376,295,309,543,74,136,103,67,134,132,74,102,109,89,583,407,803,552,372,414,663,387,398,464,131,87,91,141,85,61,182,141,74,112
"gene_132",5245,7571,7990,5047,4331,5909,2792,4033,4294,1885,4072,5598,8778,6114,5028,4972,7163,4252,7734,3676,2222,4330,3201,3927,3868,4775,4569,2173,2510,5187,3608,2581,4468,4020,4592,4325,3913,2731,5133,6517,5880,5932,4725,3831,7507,4705,5093,3532,3987,6369,5099,3818,6487,3357,4720,3496,6342,5312,5300,4382
"gene_133",288,406,432,380,307,240,203,275,225,166,176,413,284,206,170,308,281,228,240,210,248,306,197,243,266,280,294,247,238,341,184,310,237,160,409,244,165,151,222,298,528,227,268,242,467,169,483,242,203,390,228,329,279,214,208,202,395,262,179,432
"gene_134",5885,9140,6043,7501,3618,4070,4781,4343,4678,2514,3440,3617,4132,3138,4596,3963,4513,3145,7231,4198,3750,6640,3505,4176,6897,5808,5788,5278,3565,7781,4347,2479,5612,3293,5531,3774,2815,2826,5790,5156,7219,3359,7636,4817,3190,5743,5256,4316,3123,4654,2909,2308,4318,2643,2002,2094,3496,2230,3102,5034
"gene_135",2,13,29,24,25,18,3,10,18,0,16,33,21,4,15,28,6,5,3,12,17,37,13,22,20,25,15,6,19,4,11,24,11,17,14,21,3,9,31,9,21,9,31,20,11,10,6,1,10,24,7,3,8,6,10,13,7,8,8,21
"gene_136",332,277,241,133,145,211,109,97,255,126,131,269,249,180,112,227,163,226,183,188,216,295,253,184,329,314,244,273,299,247,257,257,194,311,205,141,222,273,259,180,201,256,172,185,139,144,151,208,111,181,103,159,137,142,140,87,276,209,130,184
"gene_137",494,217,817,405,370,222,357,169,210,171,429,691,637,395,400,552,460,531,422,230,192,361,345,501,492,455,611,193,296,485,485,455,258,370,329,345,265,450,518,395,531,484,517,699,521,362,498,336,471,459,507,358,516,497,483,318,542,500,186,604
"gene_138",181,203,167,110,166,109,76,88,132,66,439,701,494,419,349,999,378,438,348,283,124,110,123,172,94,136,188,115,172,165,677,436,823,395,366,359,354,216,617,527,156,140,132,242,247,244,149,202,225,174,944,349,408,366,770,594,534,851,544,614
"gene_139",541,1199,1113,511,588,534,316,571,541,339,460,1074,807,758,835,940,885,465,897,646,537,725,540,677,527,609,899,274,369,545,719,538,826,827,671,865,572,870,851,743,653,619,763,1053,854,773,1078,703,473,608,456,411,317,484,380,480,931,453,527,687
"gene_140",1344,2342,1534,1177,1146,1033,1110,1372,1677,802,976,1143,1671,949,827,1054,1264,474,1102,1174,1602,3151,2407,2211,1615,2053,2252,1744,2232,2518,2304,1274,1515,1827,2986,1873,1621,2075,3676,1833,1659,716,1657,1440,1369,1492,781,1158,1183,1122,1122,813,1127,956,1067,666,764,850,780,1271
"gene_141",41,24,101,35,38,88,45,29,34,24,24,55,41,40,64,35,132,38,45,24,18,29,34,29,13,96,47,12,57,52,39,59,56,20,78,58,30,33,95,21,84,52,33,79,64,143,59,75,78,112,41,32,32,59,44,45,27,30,55,85
"gene_142",72,79,93,68,67,47,32,33,68,31,105,62,127,128,43,178,45,62,110,51,95,41,62,80,72,39,53,35,56,60,151,60,220,74,134,100,154,66,209,70,113,69,168,90,91,67,59,69,72,179,283,101,101,166,85,48,182,128,131,81
"gene_143",293,199,225,144,135,92,75,83,133,132,87,148,174,128,161,97,290,118,202,60,107,155,100,196,197,165,211,61,114,78,125,140,145,115,107,171,112,175,152,155,194,107,221,187,126,163,172,168,120,266,150,85,135,169,98,187,188,113,65,269
"gene_144",4221,6641,6193,6200,3179,4849,3571,4117,7359,2926,3530,7247,7407,2180,4084,6164,8054,4428,5162,3556,3335,4501,2777,5416,5221,5605,7520,5419,4329,5947,4703,2975,5110,5549,6747,4819,3097,3920,5388,5228,8125,3609,5137,4748,5253,4283,7367,3494,3247,3997,4767,4068,7297,3027,3317,3128,5058,3485,5352,4198
"gene_145",539,538,518,528,463,553,617,367,239,232,1231,1901,1788,1393,1465,1320,1688,1268,1719,1381,260,485,232,358,294,141,230,244,274,395,1431,1110,2250,1158,1497,1310,1191,1068,1483,467,464,346,786,414,396,511,270,361,320,676,1457,1240,661,1132,1118,1236,1804,1641,1241,1561
"gene_146",27,2,0,3,7,1,5,0,0,1,38,13,34,20,17,7,7,19,12,1,0,1,6,4,3,23,3,4,0,0,15,16,14,42,23,4,9,8,20,2,6,36,0,0,2,16,5,9,18,0,1,4,6,5,1,0,7,9,72,28
"gene_147",104,242,149,77,60,97,69,34,84,53,101,65,171,122,139,159,102,89,48,51,140,348,97,83,160,137,143,108,139,191,222,91,155,106,168,212,101,149,197,139,107,73,96,48,129,79,123,150,99,68,93,70,49,58,69,47,140,67,45,127
"gene_148",1,10,6,4,2,1,1,4,7,17,1,0,13,13,7,8,5,8,1,13,2,0,2,2,5,20,6,3,0,3,4,4,7,3,4,9,11,7,15,23,23,4,3,10,4,7,14,4,4,4,3,0,2,2,5,0,0,3,1,4
"gene_149",61,89,174,152,111,77,84,67,60,32,85,78,77,63,60,154,45,56,60,57,73,71,91,65,130,108,159,58,85,99,76,83,123,126,101,100,74,79,206,102,179,49,96,97,127,112,137,89,80,90,133,54,39,62,55,65,114,69,145,83
"gene_150",4,0,10,6,10,6,1,5,12,4,1,8,2,0,0,0,3,6,3,9,9,18,7,9,1,0,0,1,25,2,4,2,8,23,0,0,4,4,4,10,9,16,3,32,3,1,15,28,2,13,1,1,7,4,3,1,3,1,7,10
"gene_151",4007,5750,4000,2707,4288,4021,2427,2768,3797,2992,2084,3754,4990,4267,2056,4001,4019,2320,2901,3255,2348,3399,2253,2687,2831,3213,4603,1102,1504,3709,3480,3240,3411,2838,2130,2454,2780,1910,4837,2823,7727,5941,7212,4706,8048,3693,4926,5808,3881,4524,4138,3572,5023,3126,5305,4642,4034,4068,4813,6628
"gene_152",57,120,123,62,49,54,32,49,54,37,37,116,43,51,26,77,55,53,116,63,49,137,80,64,92,82,177,80,55,143,62,54,47,34,80,74,37,74,106,62,145,19,87,65,51,94,73,66,45,79,36,24,63,52,67,97,47,64,61,74
"gene_153",138,201,201,79,43,106,97,38,90,60,71,142,76,116,93,95,114,58,102,81,150,124,215,150,122,129,185,110,91,84,93,120,114,139,144,118,113,123,159,110,183,136,163,91,87,97,71,135,57,68,65,55,69,58,84,44,109,58,67,95
"gene_154",4,14,0,2,0,17,9,4,10,5,11,23,63,39,3,38,37,16,53,32,1,3,0,1,2,4,10,3,8,8,13,9,42,11,7,55,35,21,3,4,13,37,3,22,5,1,6,19,1,35,23,2,70,5,28,71,4,43,66,8
"gene_155",257,355,302,237,239,203,121,367,66,110,124,209,242,200,228,272,244,171,186,155,119,220,138,121,161,190,205,130,80,162,143,147,148,98,178,52,103,162,125,206,250,127,218,151,85,113,200,142,139,233,186,110,280,150,226,130,167,73,100,194
"gene_156",186,257,266,101,88,137,77,78,104,74,51,102,132,68,70,175,184,96,89,59,119,134,141,139,154,269,282,158,46,256,203,263,300,152,149,144,46,153,168,149,106,128,138,123,155,74,80,79,60,107,93,84,55,58,78,95,80,106,60,233
"gene_157",576,810,1018,400,562,208,255,363,347,243,251,327,288,411,359,570,344,280,456,199,282,527,650,301,568,350,745,421,361,933,327,515,448,757,465,343,591,570,869,312,911,990,1216,1198,1152,607,1552,1342,1186,675,489,604,1211,534,684,398,982,595,556,701
"gene_158",33,67,25,18,10,17,21,12,15,7,10,37,46,32,15,33,23,18,6,10,21,18,15,23,19,35,16,4,14,10,22,28,6,19,22,31,9,28,16,11,21,43,20,51,44,17,14,19,30,12,34,13,21,9,22,11,43,35,16,42
"gene_159",1086,1349,1566,833,716,768,927,766,1015,606,903,964,893,960,587,1138,1172,622,997,402,507,1144,930,735,1508,775,1475,702,607,1069,820,732,1111,661,1098,676,594,563,645,857,1758,764,785,1180,1220,1092,877,1099,911,1139,742,563,1255,521,460,700,1224,1010,766,1018
"gene_160",1235,2682,2765,1712,1839,1007,989,1371,1190,1582,1387,3029,1983,1197,1301,1861,2001,1416,1365,1794,1261,1318,1152,1390,2003,1761,1736,1534,1000,1847,2078,1512,2039,1443,2804,1833,1014,1899,3337,1883,1194,1156,1222,666,1545,1373,1725,2052,951,2130,1018,1287,831,958,734,843,1454,941,884,1627
"gene_161",512,843,649,529,790,385,490,457,528,416,312,495,578,478,386,329,615,566,551,270,335,681,524,423,604,525,792,663,698,954,589,713,737,685,945,480,611,320,882,581,568,424,848,471,640,660,757,492,551,689,297,291,485,440,443,295,784,487,271,455
"gene_162",98,68,135,71,60,72,25,66,46,37,53,71,61,50,19,81,83,58,68,37,48,66,60,55,67,65,116,37,35,75,100,57,58,55,75,60,17,60,122,113,77,45,83,57,24,70,29,68,39,35,28,46,49,47,51,27,103,34,47,56
"gene_163",2152,2731,2938,1718,1054,1605,1645,1310,1518,883,1243,1626,1678,1337,1232,1612,1847,1146,1881,1599,2373,2163,2764,2151,2380,2920,2281,2090,2195,2920,2130,1178,2851,1194,2139,1742,1709,1928,2611,1144,2506,1778,2241,2480,1852,1610,1959,1808,1254,1812,2477,1320,1933,1160,1276,672,2852,739,1073,1642
"gene_164",660,1071,824,559,223,417,218,359,483,229,373,464,601,301,329,426,573,371,401,317,1172,1209,884,657,676,879,905,753,462,857,772,596,803,392,904,389,630,503,1298,675,918,552,1210,881,787,488,602,593,464,604,461,296,320,265,433,504,631,566,324,469
"gene_165",334,288,404,176,145,146,238,188,214,141,213,302,272,220,156,138,200,171,288,83,133,219,131,235,170,272,240,140,228,177,171,187,270,139,158,155,97,195,200,141,176,146,301,249,135,133,241,163,240,112,248,148,203,132,127,81,190,140,108,235
"gene_166",666,404,507,315,326,311,274,287,239,278,237,368,324,310,250,285,217,358,318,277,273,420,381,169,292,251,302,240,251,352,202,283,424,136,162,213,192,214,256,347,361,306,455,338,294,331,375,209,192,409,155,185,214,280,178,183,310,227,303,315
"gene_167",20,64,8,16,29,49,10,20,11,9,6,41,46,21,22,11,32,5,18,3,36,28,24,50,22,12,5,22,39,22,39,14,35,54,46,28,13,36,37,30,34,40,25,24,22,23,14,13,20,13,35,11,17,15,14,25,6,19,18,16
"gene_168",3,2,23,6,6,1,6,9,2,5,1,9,29,0,0,3,1,13,4,7,0,8,14,4,0,10,49,3,17,8,1,3,0,8,20,0,7,2,21,1,10,0,5,2,7,14,3,1,1,1,1,0,2,0,4,0,4,2,0,0
"gene_169",1185,1539,1238,888,583,695,386,332,453,466,442,898,920,650,463,1084,734,502,594,522,1160,1191,1010,747,842,957,1111,930,844,1233,797,1076,1350,1320,1257,1144,774,690,1223,912,710,648,577,541,767,907,649,518,723,602,826,299,703,456,588,565,612,607,606,554
"gene_170",3866,2323,2588,4048,2254,3071,2029,1822,2118,2248,2328,3824,4526,3746,3656,3797,4585,2297,2368,3668,2165,4676,3125,2095,2121,3947,3622,1989,2656,2694,3033,2857,3193,1984,3788,2926,1767,2755,3721,2327,5623,3008,3534,3222,3187,3994,2859,3335,2628,4031,2243,1975,4058,2104,2533,2635,3371,3716,2450,2932
"gene_171",49,47,107,43,55,46,47,17,35,43,68,105,56,49,22,53,51,40,50,25,18,69,82,54,93,81,69,69,74,61,130,43,113,67,37,55,61,52,61,41,74,65,64,12,62,72,128,82,60,74,61,35,65,41,40,28,59,22,76,65
"gene_172",3,2,15,4,12,4,2,0,3,1,36,19,0,26,16,14,13,30,5,0,0,1,5,9,4,13,9,0,3,7,58,26,57,14,6,10,27,1,16,2,2,2,3,9,4,3,3,7,1,0,14,12,10,9,26,35,21,20,18,19
"gene_173",60,22,10,15,5,2,20,2,13,17,21,13,13,5,16,32,13,12,77,5,15,27,3,5,12,28,24,14,7,29,25,17,21,40,23,16,17,13,53,28,30,9,14,40,19,31,30,23,13,13,4,20,22,22,9,4,6,17,14,21
"gene_174",300,502,314,180,163,279,130,182,220,67,136,191,274,213,254,303,197,116,211,115,250,438,163,216,373,249,302,186,202,302,265,279,274,243,463,229,161,191,344,132,331,238,381,352,318,277,323,223,158,360,142,292,243,156,238,117,176,213,263,315
"gene_175",241,383,430,194,144,285,205,253,233,125,112,373,274,287,312,281,322,333,362,259,350,407,431,473,546,372,388,555,328,408,387,280,939,778,711,635,484,678,500,724,244,333,336,302,377,214,579,275,164,324,339,109,220,179,243,311,700,244,298,394
"gene_176",183,328,170,154,159,190,113,111,197,73,60,266,139,203,263,207,309,150,129,140,100,195,160,171,222,161,236,130,105,97,110,174,144,163,163,98,190,172,117,182,209,144,377,316,333,372,374,138,333,344,203,354,366,210,145,162,525,193,223,412
"gene_177",254,202,134,139,170,105,109,154,221,107,80,104,97,163,107,124,151,99,158,88,116,254,120,216,223,239,170,121,136,174,111,90,71,107,85,114,78,68,153,170,271,121,319,162,229,228,209,117,87,155,114,103,88,162,130,63,118,119,79,118
"gene_178",116,191,137,156,102,122,79,79,120,47,171,92,198,71,106,114,71,133,142,35,84,121,72,143,70,188,78,60,115,117,144,73,116,92,75,90,49,68,60,75,78,107,209,90,90,114,210,84,31,147,82,94,85,149,117,90,238,63,135,165
"gene_179",1144,1680,1682,1183,801,748,710,1070,1010,800,697,770,756,841,889,810,1061,725,880,539,670,1009,857,1042,1130,816,1115,677,909,1266,673,898,1554,760,869,825,652,922,1250,1014,1326,1105,1226,1222,1026,926,1562,1624,937,1220,1290,887,910,837,1094,783,949,859,932,1107
"gene_180",802,862,1039,611,308,520,464,371,584,314,456,815,782,500,383,567,717,629,621,347,601,1056,433,801,579,672,551,472,334,766,721,791,724,612,567,459,762,560,499,935,880,735,997,905,809,675,1352,1196,522,933,648,497,723,405,589,406,990,615,602,1026
"gene_181",309,443,205,493,183,262,254,230,197,103,304,190,187,192,206,359,444,126,316,192,383,365,295,596,351,414,549,298,439,892,361,393,439,306,429,420,434,208,793,549,162,228,180,270,223,216,193,190,219,336,177,189,104,197,316,204,205,192,191,205
"gene_182",3,28,22,34,31,17,16,6,22,15,40,56,275,39,93,95,53,57,27,47,46,37,59,18,19,19,23,13,38,20,128,41,161,51,117,14,17,33,131,124,45,18,8,24,15,23,5,18,27,12,117,75,37,21,143,43,137,156,24,61
"gene_183",11,40,82,25,30,34,20,42,13,11,9,12,23,18,12,18,37,16,36,27,12,21,29,53,71,50,16,15,32,18,10,37,35,32,14,38,20,20,46,27,45,31,11,23,11,41,61,20,8,34,27,6,14,22,6,47,43,23,17,27
"gene_184",141,157,147,99,104,89,87,66,107,60,52,67,63,68,99,176,105,61,91,72,56,54,67,72,52,107,44,39,80,48,97,62,51,55,67,49,14,41,30,67,85,170,157,117,111,123,69,89,144,119,54,37,131,111,69,51,106,81,99,117
"gene_185",47,61,44,40,57,23,20,13,19,20,21,32,36,39,28,18,36,10,21,69,27,47,19,8,47,14,83,18,37,11,15,73,69,21,26,42,21,10,43,37,16,14,21,19,31,30,46,43,10,55,39,49,15,28,24,3,23,29,31,33
"gene_186",481,642,597,179,191,150,243,270,323,143,239,288,401,381,176,342,280,424,392,290,284,317,256,218,294,477,315,253,343,580,465,441,645,323,493,230,232,358,607,487,351,281,343,340,282,164,301,229,310,244,189,75,226,256,182,179,332,271,231,279
"gene_187",318,836,545,259,349,355,171,256,294,196,188,285,316,166,177,193,160,106,335,349,288,261,349,466,229,485,471,214,384,512,257,365,392,256,226,188,218,155,498,402,335,220,303,360,462,535,354,319,356,448,269,153,286,262,279,268,477,405,235,355
"gene_188",109,148,108,83,92,47,84,68,99,108,170,145,128,142,136,89,125,65,164,102,86,108,84,93,93,69,87,29,49,66,91,53,68,82,60,63,51,58,195,77,200,70,164,132,123,97,221,121,82,113,65,136,145,118,100,112,147,101,109,112
"gene_189",147,254,422,301,119,246,148,245,221,147,320,225,428,287,356,302,364,335,179,299,174,212,188,272,156,222,358,211,206,224,244,185,269,178,323,335,258,226,402,218,109,169,164,185,160,95,147,137,128,175,137,76,307,132,97,149,175,113,77,159
"gene_190",418,581,559,374,250,299,319,381,356,280,175,321,385,246,332,410,378,347,863,235,473,624,393,545,538,746,758,346,599,465,473,539,464,300,481,298,347,265,490,632,395,555,490,369,411,286,824,342,304,373,493,322,401,231,328,206,635,269,450,507
"gene_191",4093,3366,3906,3781,2007,2952,1527,2920,1884,1507,3655,9457,9609,4680,5066,6701,5995,4706,3686,4754,1385,2165,2516,2970,2714,2802,1715,1209,1918,3328,5716,4583,4873,3424,4487,2762,4776,4570,4252,4695,4094,2750,3184,2402,2322,3273,3115,1482,2112,2733,5499,3972,5210,3666,5864,3120,6040,6163,6925,8597
"gene_192",1998,2062,1104,1299,1967,1658,1710,1310,1440,879,1694,2074,1232,1951,1415,2212,1546,1085,2648,1483,1770,2954,1829,1602,1286,1216,1767,1303,1648,1524,1525,1589,1774,1611,1357,1911,1362,1519,1912,1591,2122,1568,1989,2363,1925,1934,2092,1943,1375,1151,1956,1426,1547,991,1135,776,1728,1057,1357,992
"gene_193",2,21,26,8,3,7,13,9,4,11,19,4,17,21,2,38,9,4,11,3,35,39,9,38,23,28,8,16,21,5,35,21,45,13,11,23,17,21,15,38,11,17,7,8,5,15,3,4,12,19,9,3,15,31,6,8,4,3,1,12
"gene_194",226,256,314,194,275,127,127,173,170,131,523,850,1181,773,667,1144,707,762,649,695,260,446,339,357,257,347,279,158,177,383,1093,1039,1520,700,1914,962,886,779,1422,1389,234,230,173,239,103,252,231,181,91,239,678,583,697,548,884,571,752,690,713,1362
"gene_195",222,441,279,314,154,218,208,251,185,135,188,193,400,162,298,268,207,321,369,168,298,327,342,565,801,414,246,346,235,461,407,443,445,437,340,393,355,366,687,404,188,159,272,344,129,265,132,127,128,227,246,77,159,81,140,115,277,229,160,149
"gene_196",801,1358,814,556,516,1020,967,636,492,365,565,918,1088,516,1120,1096,836,754,664,781,538,522,474,987,624,1114,750,616,757,633,927,854,950,770,854,520,664,1043,796,783,853,360,348,602,450,371,391,426,516,676,422,474,404,433,521,517,532,378,427,536
"gene_197",5,15,1,3,1,3,2,2,0,3,2,23,25,24,1,5,2,1,3,1,2,5,1,2,16,11,0,17,4,13,8,6,4,1,0,5,27,2,1,4,5,9,0,6,4,12,0,8,2,2,3,7,0,2,1,3,4,3,3,7
"gene_198",8,17,22,29,10,20,5,0,10,8,4,9,2,13,26,7,5,9,4,2,13,9,2,23,14,14,12,5,9,12,19,5,7,8,15,13,4,8,42,4,26,34,5,19,3,29,6,15,13,9,2,2,7,21,7,13,4,3,15,16
"gene_199",37,68,19,74,28,35,21,55,55,19,49,74,23,71,38,45,21,71,60,25,31,40,47,35,36,44,60,24,28,56,56,25,30,21,35,28,29,19,83,34,131,52,41,51,78,56,112,70,41,54,43,19,82,52,28,30,64,39,32,73
"gene_200",0,9,10,12,29,16,4,2,16,0,4,0,1,1,3,8,1,20,0,4,7,9,5,7,5,3,0,2,7,8,31,3,9,11,4,17,9,6,9,10,4,2,16,0,2,10,1,5,2,4,8,4,13,0,4,1,16,22,8,8
"gene_201",67,152,131,35,75,23,34,81,55,43,29,49,46,33,16,45,25,24,39,12,25,17,100,22,52,102,96,17,59,33,46,43,12,40,30,53,14,41,10,31,50,47,24,38,61,42,58,48,30,44,51,14,45,28,39,19,49,39,27,61
"gene_202",121,145,177,90,51,73,27,66,91,57,70,99,130,45,61,91,172,67,61,82,104,67,108,93,99,57,156,57,121,35,75,73,106,75,102,76,45,49,94,49,68,162,73,150,111,116,162,147,47,140,63,110,93,85,98,62,60,70,61,97
"gene_203",205,245,443,103,105,92,171,135,114,86,129,247,253,183,119,233,171,175,180,160,264,336,207,201,158,483,178,127,116,188,158,261,197,211,225,176,135,197,149,278,130,148,180,157,235,176,206,118,90,182,203,144,69,180,172,96,134,196,185,212
"gene_204",13,1,7,2,7,3,0,1,1,1,4,1,0,6,3,6,1,7,6,7,7,9,10,14,7,16,9,4,8,9,0,3,21,1,8,6,8,10,12,9,2,2,1,3,8,12,4,25,1,9,0,7,10,0,3,9,4,6,9,3
"gene_205",1428,1300,1572,1369,624,1274,800,1115,956,746,928,730,1690,1093,964,1636,1454,1131,1600,1022,1027,1604,1125,1294,1900,1454,2433,895,1476,1615,1157,1310,1593,1163,1251,1051,1469,1440,2076,1818,1938,2241,3049,1095,1719,991,1286,973,860,1674,1113,1697,2084,875,1405,1174,1960,1280,1189,1137
"gene_206",1009,1618,1617,929,1032,871,844,1174,625,583,895,1462,1236,660,989,1171,1197,874,1241,1371,737,1268,1214,1678,1478,1369,1632,773,1680,1339,1284,1328,1613,1326,1107,1326,1164,1273,1518,1152,721,633,483,725,809,577,917,710,389,1021,874,864,677,487,551,519,763,600,764,897
"gene_207",14,16,12,12,12,14,24,8,1,4,3,6,3,4,1,4,3,1,22,9,9,18,20,9,15,12,6,0,2,35,1,11,40,8,1,16,2,2,7,11,4,6,4,5,5,13,5,2,6,8,5,6,6,4,17,26,27,11,17,4
"gene_208",22,66,44,28,24,9,12,10,24,10,7,11,23,9,15,23,19,35,9,7,16,18,10,29,14,26,15,42,15,4,12,7,17,9,7,6,10,11,16,14,68,22,20,27,32,15,37,9,79,27,9,47,19,24,12,11,47,19,8,23
"gene_209",43,176,171,93,32,87,113,54,80,81,104,175,152,115,89,73,86,68,60,80,111,139,106,158,109,121,75,65,73,183,155,64,93,78,149,112,66,90,203,63,189,140,184,128,191,109,159,81,82,98,123,73,99,110,64,81,69,72,87,72
"gene_210",3744,3767,5856,2986,2536,4964,1958,1873,2038,1572,3326,2470,3707,2011,3499,2748,3444,2851,3187,2030,2650,4877,3781,4773,5006,5154,3470,2981,3707,3772,4691,3037,8145,4255,4668,5232,3830,3562,4739,6263,2504,2548,3560,2645,2559,2251,2632,2633,2833,3388,2705,1545,2412,2287,3522,1537,1851,2920,3066,3333
"gene_211",11,3,30,1,1,2,1,2,6,3,2,11,16,6,5,6,8,5,7,13,13,7,5,21,10,14,22,3,11,5,5,5,13,3,3,4,1,5,6,11,44,13,4,13,5,10,2,11,11,4,2,15,17,3,1,3,5,13,13,0
"gene_212",10,4,17,3,5,6,7,4,12,4,12,25,8,2,11,17,20,13,9,3,32,5,32,4,21,27,17,23,1,14,4,11,8,18,3,21,3,12,7,11,23,3,7,31,11,11,2,7,6,11,2,1,7,14,11,24,41,11,5,4
"gene_213",537,649,700,570,582,517,458,531,362,368,358,537,736,489,412,608,508,506,718,446,495,824,540,748,754,422,760,360,560,710,611,509,828,748,621,375,627,442,1294,496,622,703,1048,967,985,738,1080,567,844,920,655,510,861,934,935,448,1385,823,674,963
"gene_214",156,219,225,140,144,129,132,205,90,108,160,120,99,102,72,106,56,134,116,107,139,217,185,136,125,118,124,85,102,130,77,62,132,229,127,114,69,134,126,106,222,145,179,262,138,205,207,202,148,104,106,71,83,115,96,98,162,156,103,144
"gene_215",160,206,381,219,195,160,181,175,144,140,166,264,298,208,279,193,364,235,349,270,352,594,319,464,464,270,405,290,391,395,335,180,577,244,402,324,249,565,348,301,343,186,267,198,271,266,297,173,202,191,266,179,298,138,179,137,192,144,196,183
"gene_216",168,232,184,221,119,111,136,73,192,101,80,103,88,101,62,199,142,136,71,90,107,204,173,178,199,156,218,178,104,219,126,124,165,291,119,222,73,193,232,75,221,147,131,129,173,258,109,134,100,116,109,89,111,105,89,65,79,89,107,78
"gene_217",18,9,1,1,10,2,1,2,1,10,17,3,0,4,0,0,4,8,1,4,0,16,1,7,0,2,9,6,2,22,3,0,16,15,6,8,2,0,1,0,5,3,13,2,14,13,11,5,7,3,0,1,0,7,13,0,4,4,1,27
"gene_218",39,63,27,19,23,21,13,10,2,20,7,6,13,9,10,14,23,12,6,6,4,48,2,4,16,5,30,22,14,11,11,21,11,16,4,12,20,5,19,4,25,10,14,14,11,15,19,25,14,16,15,3,12,11,9,13,17,17,12,8
"gene_219",239,319,217,144,235,163,134,106,85,108,57,45,111,78,37,152,118,117,148,107,139,351,166,281,146,407,104,120,214,112,77,58,132,50,55,53,53,87,90,71,126,159,164,138,194,85,128,111,139,117,64,57,58,49,23,24,76,76,45,69
"gene_220",21,13,1,7,8,0,14,5,5,2,1,11,7,7,10,1,2,0,0,1,3,3,3,4,3,0,5,1,9,1,11,6,1,8,0,12,0,8,3,6,7,5,3,10,18,4,0,4,8,2,7,6,7,8,0,1,18,4,4,5
"gene_221",30,19,11,20,15,15,21,33,25,12,7,28,17,18,12,35,30,12,21,28,40,50,29,37,27,80,28,30,28,4,26,13,70,45,23,21,27,18,26,15,70,23,67,22,21,32,64,16,23,50,17,40,3,39,26,19,39,22,27,30
"gene_222",660,1013,764,566,489,563,544,486,534,193,284,516,988,655,251,687,1349,464,681,449,296,577,241,529,328,446,615,208,395,459,527,333,639,314,456,446,396,289,433,390,1051,951,959,1214,663,614,970,710,489,660,677,527,947,537,631,726,1226,685,822,958
"gene_223",241,347,241,201,93,274,145,124,236,123,130,313,272,170,180,275,237,106,137,127,145,174,243,148,215,151,192,159,127,263,131,95,212,177,304,178,149,238,217,141,103,224,418,293,205,176,333,171,143,176,161,108,258,59,158,68,203,137,204,148
"gene_224",231,413,234,151,181,140,115,141,265,65,86,216,170,180,72,217,113,188,281,94,180,255,154,98,179,340,260,174,124,181,116,195,166,171,177,228,152,159,277,195,321,197,219,145,210,166,234,367,247,201,195,180,120,167,292,162,232,154,117,150
"gene_225",106,147,179,90,59,130,42,116,94,114,71,127,105,97,114,139,190,198,161,81,118,89,113,161,154,152,104,100,100,193,161,121,143,157,197,64,80,140,219,122,104,119,107,63,86,88,166,78,74,72,95,97,57,113,122,73,101,65,85,169
"gene_226",42,20,80,27,23,14,29,23,48,13,14,63,59,17,31,36,46,22,80,20,12,32,30,40,45,62,81,30,47,84,71,41,99,19,48,9,19,29,16,29,38,18,32,20,63,61,44,22,65,65,56,22,25,22,33,15,54,18,31,46
"gene_227",6608,4613,5269,6602,5719,5745,2139,5839,4321,4122,4205,4914,6439,5735,4099,6227,5294,3686,4336,2974,4265,5453,4715,5023,4667,6582,5251,4170,1943,4076,4299,2790,3645,5269,3812,3303,3167,2516,4000,5439,9289,8713,10142,6831,9941,6284,9353,4777,5261,7064,3681,4588,7751,7309,8173,4573,6804,7345,5375,5745
"gene_228",277,600,396,130,213,149,118,137,220,147,127,299,354,183,126,206,154,163,395,122,258,522,182,299,484,302,335,263,255,244,210,250,318,194,287,175,79,279,284,221,487,216,279,634,498,454,394,231,360,454,256,231,302,257,296,194,327,295,253,475
"gene_229",798,1293,1007,461,740,445,563,374,459,502,432,778,523,406,861,700,685,470,688,648,317,519,405,523,498,431,528,417,280,655,378,340,785,477,598,269,464,346,566,194,690,565,737,742,669,586,471,881,307,509,630,519,467,216,407,359,557,413,338,493
"gene_230",420,1390,1451,460,572,623,452,558,440,314,380,820,705,486,541,927,685,419,1101,368,989,1341,1190,1213,1159,1249,1346,595,684,1066,1405,583,957,1059,1140,444,983,503,1539,850,1206,811,605,682,1173,795,898,767,491,716,850,686,414,712,878,835,845,512,534,733
"gene_231",852,1983,1137,615,770,591,381,560,613,365,600,759,837,1010,549,663,1322,628,877,821,790,787,1094,1197,1184,1056,1190,884,1360,1436,1126,789,1145,1393,1526,1101,1251,1365,1597,1248,670,421,574,613,486,539,519,558,283,421,262,365,631,704,635,422,672,590,573,684
"gene_232",4227,8723,5641,4495,5468,3482,4831,4553,3492,3057,6579,8278,8743,7081,7900,5652,7843,5917,7222,4937,3130,6658,3211,4662,3611,5572,3018,1983,4378,2819,5560,4750,6918,4430,6938,5124,4503,5467,6037,3631,7753,5513,7745,6212,5360,3877,6121,5708,4254,4355,5749,7142,6460,6046,5190,6026,11870,9296,10089,8394
"gene_233",18,24,66,12,41,35,6,2,8,10,11,31,56,37,58,16,7,51,26,16,9,9,4,13,31,37,11,50,18,22,25,47,28,30,69,17,27,30,106,25,23,21,8,10,11,10,27,19,3,10,45,55,22,13,23,32,39,12,46,26
"gene_234",159,267,288,308,283,128,127,221,153,140,54,70,46,39,28,44,72,27,68,39,91,138,171,122,211,245,157,103,196,149,21,68,44,37,32,67,31,39,37,84,245,146,306,114,185,119,262,139,106,181,36,45,39,20,28,20,63,57,25,51
"gene_235",232,463,414,179,180,148,126,143,241,130,162,300,391,223,219,494,392,250,248,200,262,300,242,310,241,218,429,354,171,346,341,535,803,429,650,236,478,291,636,362,267,164,201,173,160,219,294,283,161,182,203,209,186,149,270,202,276,238,254,215
"gene_236",181,286,138,132,119,118,83,120,128,64,75,120,82,81,101,136,151,112,122,142,169,186,158,114,116,176,247,196,120,153,139,125,77,131,173,88,51,155,113,123,145,174,209,176,205,162,146,204,140,279,129,115,151,90,68,60,151,73,41,182
"gene_237",113,184,108,104,158,76,19,111,31,24,88,101,127,84,73,222,188,112,115,83,78,148,138,133,58,215,159,77,95,128,132,72,126,88,81,111,176,133,114,52,124,133,166,95,95,36,69,133,71,112,82,94,59,93,81,72,80,50,91,134
"gene_238",68,180,142,70,80,119,58,74,90,57,46,65,53,55,46,26,73,89,72,46,37,114,86,126,35,55,100,56,46,73,56,39,75,21,41,86,32,57,94,18,45,47,81,84,108,81,20,79,38,176,62,36,29,45,24,44,53,37,48,51
"gene_239",674,1042,573,561,470,347,314,335,266,420,180,612,569,286,226,529,411,353,420,365,416,1026,580,844,763,995,604,629,710,876,742,544,737,266,453,605,429,525,869,833,742,503,580,720,902,753,807,536,768,667,601,355,250,493,244,251,406,441,247,773
"gene_240",1101,838,1171,654,705,435,272,397,399,248,445,613,824,484,284,552,1019,746,377,434,419,886,673,460,807,603,550,334,505,733,600,471,591,691,854,631,552,379,863,304,602,422,745,631,897,536,841,598,536,598,396,233,460,550,594,385,578,356,443,1062
"gene_241",57,69,106,113,19,31,36,34,27,37,32,55,54,19,52,57,41,29,56,7,29,31,14,89,73,48,83,40,62,31,37,19,64,18,35,7,30,10,48,24,24,25,61,36,44,32,54,34,47,35,35,27,45,24,12,17,23,37,42,29
"gene_242",74,103,69,29,36,53,50,31,77,27,25,27,102,66,60,87,81,63,86,74,42,38,73,82,69,108,149,16,30,107,70,68,108,48,144,37,62,43,44,52,39,39,85,35,69,139,82,30,16,82,45,41,41,55,66,111,136,30,45,87
"gene_243",151,143,164,144,87,147,95,99,113,95,104,351,176,144,86,172,234,137,137,199,135,195,110,179,69,298,188,145,122,137,197,210,220,164,237,209,163,157,161,172,238,132,80,97,126,90,160,73,72,65,80,66,82,112,62,77,96,80,132,208
"gene_244",220,186,228,159,78,125,86,128,208,137,75,125,147,86,136,171,181,185,313,126,395,295,239,324,174,141,269,280,197,255,417,327,272,292,267,233,279,233,306,250,249,190,148,199,123,185,169,148,111,152,187,144,98,146,114,125,161,56,135,196
"gene_245",53,89,23,20,34,9,33,22,30,21,28,56,28,38,18,19,25,14,28,21,56,27,25,14,22,15,35,32,16,48,20,18,38,10,24,6,5,23,46,27,14,29,12,30,20,14,24,14,15,18,15,7,32,8,9,14,8,27,23,20
"gene_246",2745,2446,1626,1728,1484,1013,1414,692,757,676,630,2188,1545,1280,1045,1298,1457,1051,1736,1085,625,1176,1070,885,1046,1127,1635,801,1042,1445,776,1052,2106,1113,936,1042,1091,1029,1925,1706,2050,1776,3364,1741,1989,1974,2426,2296,1799,3654,2273,1734,1979,1803,3290,1212,2176,1606,1670,1824
"gene_247",7,2,2,0,5,8,1,1,0,1,0,1,5,4,13,13,19,5,3,0,0,0,0,4,1,10,11,1,2,0,13,2,11,16,3,4,1,1,49,1,13,2,14,14,3,1,1,3,0,3,0,6,1,4,2,0,3,2,3,10
"gene_248",89,122,184,79,101,50,94,61,131,92,63,83,58,73,62,59,63,45,31,67,64,115,68,72,117,122,67,82,138,118,67,81,93,58,76,58,53,58,117,81,43,65,79,67,63,65,116,71,34,46,45,26,48,49,41,45,54,67,33,68
"gene_249",6,6,24,2,18,0,2,4,22,0,5,3,15,5,3,4,9,2,4,8,1,1,1,0,10,2,1,7,4,18,5,8,6,22,20,0,8,16,2,6,5,2,9,1,7,5,9,10,7,4,1,1,3,9,15,9,4,5,7,2
"gene_250",14,3,3,3,2,2,5,25,6,3,6,15,3,0,7,14,7,1,5,1,4,18,20,5,1,13,8,1,1,2,29,5,0,0,1,3,3,21,7,8,1,5,1,15,0,1,4,9,0,10,15,3,2,6,0,5,5,0,1,12
"gene_251",333,267,439,337,283,300,250,396,294,140,156,415,265,211,162,376,342,176,327,279,335,323,187,434,183,269,267,234,310,268,352,332,313,170,396,293,197,191,352,300,437,243,363,400,228,299,335,311,237,236,347,219,340,262,326,215,425,239,219,297
"gene_252",186,307,286,161,108,148,145,194,66,91,108,371,268,211,111,178,119,215,234,118,72,160,121,248,223,149,130,75,125,141,176,204,192,151,421,147,174,154,156,125,300,198,223,208,248,254,292,225,158,180,235,224,182,177,164,101,286,135,132,202
"gene_253",5034,8703,7180,4750,4320,3393,4956,2770,4231,5913,19672,26890,22960,19072,15651,25396,21132,20224,19575,20667,4023,5193,3723,4821,4273,3780,3372,3065,2694,4494,17097,11703,12022,9124,17893,13980,12681,11548,21658,9915,11025,6317,6174,5679,7564,8029,7182,5940,5582,8799,19582,21686,30977,12629,16070,12222,33388,17286,16553,25256
"gene_254",2,2,8,1,1,1,0,1,0,2,1,3,28,0,3,0,0,3,1,0,0,7,8,17,8,7,1,2,0,2,7,4,0,0,0,2,1,14,8,15,5,11,14,10,11,3,6,2,2,2,1,0,0,6,1,2,0,3,2,9
"gene_255",1,8,0,10,19,5,0,4,13,9,7,1,15,3,5,2,4,18,4,8,9,1,9,11,7,9,6,4,1,6,8,2,43,5,1,11,10,9,25,5,3,2,28,0,5,6,16,3,9,8,22,14,33,0,22,6,4,31,26,23
"gene_256",32,39,61,26,39,38,39,13,33,18,48,42,35,21,30,17,65,16,20,31,21,53,38,87,68,37,65,48,29,19,42,36,44,15,32,80,29,44,147,30,36,28,98,18,54,13,32,20,36,34,33,15,45,6,38,19,22,59,12,25
"gene_257",406,868,581,349,328,305,168,291,268,254,305,371,327,485,337,287,425,362,284,272,345,641,336,387,476,403,419,263,321,400,294,351,594,393,482,304,336,454,348,343,497,209,546,316,266,309,343,375,230,380,156,172,207,281,266,188,347,207,211,324
"gene_258",183,192,236,219,218,126,130,134,103,48,76,92,118,198,75,178,175,104,169,95,92,347,131,111,180,107,153,97,112,79,99,181,98,99,194,177,128,173,213,105,236,154,245,91,152,163,61,131,142,113,70,130,93,96,97,122,89,125,147,72
"gene_259",178,223,268,129,122,111,148,140,78,134,129,299,154,188,122,218,159,187,164,127,166,219,112,121,193,177,102,108,90,139,143,178,238,92,129,100,147,184,85,223,261,178,217,139,155,102,70,148,69,218,119,132,113,88,126,82,163,120,129,114
"gene_260",242,431,572,167,167,263,201,233,247,130,214,301,286,205,218,455,426,329,210,249,186,187,84,149,189,178,261,77,168,139,244,193,222,155,115,258,271,277,259,218,187,158,228,251,246,193,149,113,84,243,100,199,206,184,201,128,401,118,186,196
"gene_261",64,34,15,35,45,45,13,7,57,38,28,76,29,22,40,22,30,29,30,15,43,8,36,22,62,19,68,19,55,27,50,57,35,57,63,30,31,18,19,29,23,31,23,35,17,42,24,30,19,45,40,16,35,35,11,15,33,31,27,33
"gene_262",862,1053,896,608,454,559,325,357,399,244,327,591,355,531,241,470,451,457,374,454,391,705,509,411,556,825,580,412,451,463,589,323,916,513,706,515,423,422,508,682,509,593,688,639,535,518,693,473,317,451,566,217,260,372,411,285,642,504,448,312
"gene_263",180,302,258,296,218,240,252,172,289,184,220,216,217,153,164,157,333,159,249,93,192,201,153,156,159,266,233,142,137,141,196,169,170,155,243,181,239,131,236,150,287,114,251,332,171,214,311,155,188,252,219,166,135,146,229,167,243,297,110,172
"gene_264",836,875,567,523,461,343,319,360,310,249,471,795,627,420,469,845,479,342,484,572,252,334,674,451,351,685,715,222,341,260,628,383,462,303,669,580,513,239,520,499,527,465,511,379,618,686,747,355,308,709,450,262,374,299,307,335,736,428,421,487
"gene_265",42,91,61,50,61,15,28,21,37,17,24,34,51,30,14,90,37,28,71,60,40,31,29,34,49,49,63,36,42,48,37,52,25,43,56,29,32,16,41,28,41,51,55,14,24,52,43,27,35,29,17,21,36,12,21,6,74,34,33,36
"gene_266",33,4,17,11,5,20,7,23,1,6,9,21,7,11,22,31,24,10,15,10,6,15,23,10,29,30,21,9,2,3,13,27,68,29,20,9,9,13,9,11,42,17,51,21,10,6,16,16,6,18,4,1,21,22,15,23,21,30,12,49
"gene_267",45,22,31,23,9,7,11,21,9,24,16,43,35,19,34,17,29,28,29,10,22,37,21,28,30,35,49,13,29,61,20,18,59,33,37,16,18,37,27,23,15,10,44,49,31,22,29,28,25,23,14,17,20,12,20,13,50,36,18,18
"gene_268",3118,3573,2955,2577,2159,2864,2541,2698,2930,1328,1723,2410,1653,2389,2596,3861,2874,1586,2328,1875,1743,2689,1372,3202,2093,2150,2331,1573,2088,2779,2735,2044,2023,1787,2849,1727,1545,2294,2210,2081,2776,4024,3164,3346,3382,3115,4111,3165,2398,2175,1781,2443,2455,1872,2228,2046,2816,2547,2971,2094
"gene_269",55,51,71,39,24,52,20,31,24,24,10,49,40,21,28,11,41,46,18,23,26,20,53,48,17,61,27,21,30,33,24,5,38,20,48,39,33,44,59,21,30,33,73,24,31,17,28,29,34,26,25,37,60,40,45,30,36,31,19,74
"gene_270",33,71,32,23,53,16,23,41,26,47,22,34,30,12,18,16,40,29,16,17,71,47,24,51,53,25,44,29,28,35,29,12,21,28,24,38,9,11,59,7,25,22,151,23,36,32,30,17,9,48,14,22,27,17,29,27,15,21,23,27
"gene_271",15,24,25,37,2,29,13,9,8,2,6,11,20,15,11,4,13,9,6,4,11,13,5,9,15,9,11,4,25,8,9,3,13,6,7,8,11,4,5,10,8,12,11,16,3,28,2,10,16,4,30,1,11,10,6,19,14,23,7,24
"gene_272",3,15,2,5,6,0,3,0,8,0,12,1,22,1,6,2,9,2,1,5,1,7,5,7,5,24,13,18,0,6,0,9,11,7,0,5,9,14,4,2,0,4,7,1,1,3,6,1,12,5,0,13,1,1,1,0,0,1,17,10
"gene_273",117,166,232,98,71,98,53,91,64,97,47,76,134,133,101,117,122,95,80,80,92,115,150,83,82,136,168,108,101,79,121,99,158,111,105,149,86,161,261,175,123,78,190,67,82,131,168,87,146,104,126,113,109,100,148,130,152,172,163,141
"gene_274",92,119,75,58,74,40,18,33,50,19,51,28,48,48,34,63,53,35,25,30,39,63,49,34,33,37,38,43,18,66,29,30,56,48,37,44,14,51,43,46,68,42,70,27,27,31,55,19,59,66,57,26,27,12,39,24,34,50,27,40
"gene_275",1081,798,755,709,624,391,456,581,513,316,349,615,436,335,321,386,519,415,331,421,658,1095,626,697,1143,700,1297,521,652,790,640,483,611,576,408,561,446,605,548,625,531,405,740,328,440,288,730,605,339,363,292,191,302,357,228,153,267,240,280,263
"gene_276",1301,1822,1933,1327,1247,1277,641,800,1108,567,1172,1833,1590,1018,1146,1498,1070,1398,1641,1063,1431,1554,1528,1337,2278,1479,1584,1836,1046,1934,2344,1344,2141,1307,3131,1306,1903,1433,3502,1500,1344,739,1905,1291,1423,936,1086,1248,1301,760,1277,1073,1266,1285,797,1081,1420,1522,1109,1239
"gene_277",22,4,11,2,12,3,4,4,4,2,3,2,1,7,6,5,9,3,4,3,7,18,3,1,6,1,0,10,7,3,2,2,6,5,12,1,3,1,2,1,1,7,14,0,12,5,14,12,0,7,2,1,2,0,1,0,0,4,0,10
"gene_278",1143,1938,1735,1051,1153,966,665,1211,958,541,489,1048,1710,919,572,810,849,676,1488,825,1258,1620,1153,1640,1527,1068,1872,1403,1211,2237,1086,1133,1723,906,2040,955,956,1483,1711,1793,2162,1274,1353,1146,1399,1180,1308,1312,1298,2424,1039,471,615,882,1172,770,1530,1081,984,939
"gene_279",4,1,16,10,4,16,24,14,15,8,13,5,8,13,5,3,20,3,16,3,10,3,3,3,5,9,3,1,4,3,4,27,5,6,3,3,17,17,5,20,23,6,4,20,8,13,1,11,1,11,11,11,28,4,6,10,4,9,2,11
"gene_280",388,499,401,212,256,259,286,192,284,154,183,268,388,269,170,249,358,284,537,257,400,427,452,508,373,547,505,363,388,559,231,521,556,379,190,180,253,337,612,320,503,292,338,496,423,347,488,272,341,432,244,306,284,241,328,228,304,257,265,427
"gene_281",361,570,479,463,268,595,294,302,255,242,346,486,204,234,242,318,220,472,441,270,369,546,510,481,444,758,404,435,386,814,365,255,646,308,422,329,353,358,777,197,290,177,393,313,251,273,198,233,269,312,294,119,287,206,236,207,341,275,196,482
"gene_282",110,104,171,78,74,58,40,47,61,35,78,91,78,59,55,141,113,99,103,51,98,171,77,86,135,63,126,91,89,222,123,134,178,111,121,109,198,97,181,68,114,103,127,136,107,71,53,118,98,72,100,37,107,120,103,99,82,103,179,102
"gene_283",35,79,58,67,106,16,35,23,34,51,49,21,67,37,50,62,15,50,47,43,40,66,64,33,115,59,84,13,36,48,73,78,64,50,115,60,46,61,53,39,21,49,24,57,27,46,76,19,36,76,20,28,46,22,19,10,27,51,31,51
"gene_284",1,28,19,6,2,2,11,8,3,4,6,3,0,4,9,3,9,2,0,6,9,17,16,15,23,9,26,2,8,2,3,2,18,0,5,2,4,1,1,7,3,6,1,0,15,0,33,5,11,2,15,13,6,16,4,12,0,3,2,0
"gene_285",431,557,495,580,422,501,202,162,300,254,367,312,432,522,267,528,454,326,444,250,232,531,387,567,512,495,426,467,346,497,533,385,559,356,709,284,403,298,777,310,312,300,423,327,584,239,282,366,175,359,288,258,247,253,209,211,253,226,200,317
"gene_286",4824,10386,6697,4151,5023,4637,4022,2792,6421,2407,3641,5540,6714,4706,4418,4057,4128,2954,4567,4270,4318,4428,4483,5920,7457,6132,7937,5864,5333,7205,5168,3500,5003,3560,7346,2297,2761,7126,6809,5564,6168,4495,8836,3558,3908,4317,7581,5379,5369,8338,5568,2904,4541,4195,4310,3737,5830,4012,3858,5702
"gene_287",41,107,131,60,47,50,29,64,31,41,28,48,90,92,118,70,92,44,65,79,42,48,46,39,63,67,157,75,36,25,74,48,107,77,154,115,45,64,50,87,80,38,69,147,61,41,121,71,102,25,50,75,68,49,47,43,67,40,36,71
"gene_288",1095,2322,1544,1154,1426,1542,1018,1062,1707,852,858,970,1442,850,1113,1321,1132,520,1031,597,1359,2107,1441,1054,1155,3411,1814,930,1434,2303,1405,1191,945,679,1265,985,1308,1531,1711,1205,2439,1613,2102,1865,1860,1532,1703,1807,1294,2226,1371,739,1182,1159,1027,634,1663,1130,779,1241
"gene_289",9,4,37,11,3,2,3,10,2,3,1,11,21,2,4,8,13,6,2,8,23,3,1,3,30,21,8,22,21,6,20,10,34,2,5,5,1,11,12,23,4,2,3,8,0,11,19,5,7,25,0,4,5,7,3,9,3,0,3,6
"gene_290",71,83,39,56,50,49,37,44,58,29,25,78,47,84,39,72,53,76,55,48,57,90,62,30,104,88,69,39,96,90,84,38,61,74,97,82,19,100,45,37,55,33,62,66,88,52,60,91,33,58,40,46,35,61,69,22,44,22,75,29
"gene_291",277,347,379,373,220,249,213,233,210,153,219,270,293,378,304,331,259,195,268,218,63,319,260,170,189,332,350,175,245,186,301,445,327,284,241,330,202,231,544,477,511,273,323,222,258,207,401,143,201,226,237,135,179,150,219,145,332,210,183,365
"gene_292",11,8,1,3,3,6,1,1,7,3,2,0,4,4,0,2,5,25,2,11,16,0,0,13,17,8,2,5,4,5,9,3,7,2,10,9,2,5,13,10,18,20,3,3,9,2,31,4,6,10,7,1,3,2,13,1,9,3,3,1
"gene_293",370,268,781,325,239,302,213,279,212,134,234,382,425,317,213,451,430,216,387,344,314,423,298,327,378,355,445,306,324,517,431,311,515,331,209,428,275,153,511,422,339,398,358,565,395,279,410,426,395,160,466,220,274,198,441,323,368,177,400,289
"gene_294",570,1117,668,967,449,920,404,605,787,501,608,713,715,546,499,952,1159,612,470,480,533,752,673,660,521,563,436,749,318,475,491,533,635,701,662,459,416,669,500,654,1059,781,864,373,352,668,786,619,579,664,506,506,515,542,604,538,592,639,764,699
"gene_295",26,75,44,33,28,26,46,39,37,31,41,44,100,25,38,41,58,89,28,29,39,9,39,43,121,81,69,37,28,13,49,63,62,67,66,79,61,83,85,84,24,25,87,70,27,26,66,39,25,91,46,29,18,18,113,32,62,53,55,54
"gene_296",380,411,465,457,152,261,276,222,238,103,216,242,358,133,288,201,283,139,424,150,282,690,231,310,359,406,566,354,303,357,360,293,411,545,554,266,301,604,602,434,179,192,261,209,246,294,259,174,229,359,174,167,235,168,297,123,258,234,234,291
"gene_297",96,74,51,62,45,41,41,19,19,18,43,33,18,30,32,17,68,20,25,38,28,46,47,40,27,35,20,15,16,20,16,11,16,10,25,12,14,24,59,20,46,69,46,32,56,45,58,45,19,39,19,42,37,29,32,17,55,28,30,52
"gene_298",210,133,195,269,150,163,70,108,228,80,20,51,32,28,39,70,68,21,46,30,148,73,79,136,160,125,175,65,191,198,41,30,44,12,26,16,14,35,27,31,245,258,284,266,363,339,246,281,235,363,95,31,52,90,89,52,37,54,62,65
"gene_299",75,32,99,25,23,5,32,23,21,19,35,67,39,31,120,31,52,38,21,24,37,17,23,45,71,83,50,34,42,74,40,51,50,51,29,68,22,59,49,25,38,46,49,35,20,55,53,37,48,47,53,50,52,23,28,44,76,35,41,40
"gene_300",4875,4723,4037,3169,1777,2769,1824,2783,2109,1835,2827,3537,3562,2543,2196,3033,1657,1757,3955,2289,4059,4446,2409,6719,5545,4863,5555,2553,2969,3948,3346,2123,4144,5268,4923,3139,3262,3842,4446,3290,2490,1710,4961,2579,3262,1921,3743,1729,2070,2243,2488,1572,1842,1937,2260,2195,1557,2804,1919,2046
"gene_301",66,119,73,98,82,92,28,63,65,68,47,66,124,65,40,96,47,29,104,26,106,186,62,82,189,142,105,87,62,104,103,51,181,100,64,95,42,64,118,121,42,45,54,61,43,62,58,44,81,49,46,35,38,37,55,17,42,40,73,39
"gene_302",25,24,28,37,16,21,12,30,13,17,12,3,25,16,25,16,31,21,24,10,23,11,15,19,17,45,32,27,35,22,42,43,15,21,18,7,7,14,37,31,42,23,6,38,15,13,15,16,23,35,18,11,23,4,16,6,38,28,18,18
"gene_303",145,229,123,127,158,132,171,123,116,96,162,250,227,174,100,70,286,134,154,101,97,121,57,122,114,111,106,61,88,65,101,92,180,144,138,67,92,142,199,98,217,124,213,227,143,147,285,119,141,191,179,71,127,165,187,77,215,140,150,100
"gene_304",54,150,42,61,62,31,23,27,7,16,33,47,61,19,68,65,60,42,44,39,33,63,67,46,14,60,73,42,45,35,93,37,57,49,69,38,52,26,44,70,73,63,150,38,103,79,103,86,31,58,49,26,37,84,47,30,48,38,75,32
"gene_305",45,81,51,33,81,37,30,53,52,31,39,56,105,34,27,134,41,49,41,82,38,57,26,47,47,11,115,41,28,52,39,43,51,28,57,44,52,55,83,78,67,32,52,10,57,24,25,69,12,40,52,41,29,46,17,21,107,29,63,122
"gene_306",133,212,86,63,125,88,88,67,63,66,121,135,230,51,63,46,68,111,121,73,62,93,103,103,133,123,73,61,46,140,58,82,112,117,187,58,95,68,141,174,106,41,157,56,130,210,55,58,47,50,131,52,58,36,113,83,83,69,87,129
"gene_307",248,351,186,167,257,212,177,178,228,179,192,261,297,220,176,215,207,208,232,95,293,360,209,282,397,320,428,169,221,314,241,246,185,237,434,293,99,292,273,93,424,317,347,291,366,460,514,254,166,298,230,183,351,190,377,183,210,295,315,237
"gene_308",17,3,24,11,24,40,44,43,18,31,22,51,17,21,46,21,14,5,5,24,26,9,7,8,7,9,9,14,16,37,71,6,10,27,42,11,23,47,29,23,38,22,15,10,9,16,25,24,10,29,35,2,14,32,19,18,22,19,7,15
"gene_309",718,1117,1134,824,718,947,449,646,878,479,533,701,989,716,660,963,657,814,844,759,577,850,1000,823,761,661,969,931,608,867,913,760,958,719,962,568,973,377,1473,743,1273,713,954,930,740,744,791,549,588,748,301,656,450,514,454,414,993,825,341,1060
"gene_310",2054,4224,3438,2954,2136,1682,2172,1691,1298,1128,2254,4146,2323,2301,2137,2245,2848,1808,2790,2409,1427,2207,2144,2291,2172,3266,2614,1660,1559,4004,2897,2380,2601,2417,4011,1568,2570,2780,3535,1808,2860,2637,3672,3075,2889,2337,3529,3204,2570,3544,3824,3031,2006,1812,3097,2351,4234,3208,2491,5079
"gene_311",51,32,38,17,30,17,22,23,17,21,10,11,25,31,44,20,33,16,48,4,28,21,65,21,22,34,22,12,19,24,23,39,18,11,36,35,8,9,16,39,61,35,34,24,16,3,7,28,29,16,15,20,20,9,21,18,24,35,38,41
"gene_312",551,474,678,436,302,320,365,405,421,267,205,753,445,359,231,315,350,386,433,456,290,483,384,485,521,573,651,207,218,463,341,333,578,308,372,459,206,453,544,416,400,447,598,409,1039,477,545,507,520,745,609,485,436,603,277,403,782,437,400,990
"gene_313",134,154,245,177,96,150,94,86,120,120,122,198,205,118,125,227,129,119,246,104,91,252,106,164,210,172,230,158,93,107,216,162,147,133,170,106,107,199,227,268,156,138,255,389,181,122,204,149,206,116,210,188,142,256,162,226,411,270,332,195
"gene_314",196,294,220,89,205,131,38,99,104,91,107,130,108,104,128,160,129,74,141,84,83,92,60,132,113,128,131,83,150,134,78,108,166,76,117,85,32,65,46,91,192,120,284,124,141,85,85,189,218,113,77,190,117,62,47,72,111,113,84,92
"gene_315",8074,8782,7037,4594,5204,4461,4841,2850,5101,4347,4942,8175,6656,5234,4635,5528,5947,3980,5414,4731,4316,4738,4075,5349,5757,6215,6250,5697,4000,4751,6275,6541,7907,5342,6325,4381,4551,6839,4505,6415,9366,6871,8414,8367,6599,9197,8773,6442,5728,7631,7047,8832,7554,7970,8739,5614,13052,8153,10353,7798
"gene_316",287,246,380,388,156,252,144,203,336,166,185,353,598,283,293,362,326,181,256,236,131,201,170,201,236,279,260,190,106,180,207,164,385,261,199,240,148,251,232,300,260,162,376,203,352,280,419,245,193,294,259,159,241,202,174,156,325,215,191,353
"gene_317",38,22,39,32,14,9,26,19,35,3,6,29,20,22,6,31,26,19,24,24,20,10,17,11,41,13,23,6,18,27,33,19,31,6,13,13,8,19,9,8,34,19,13,12,26,17,23,22,40,20,6,15,7,31,9,2,36,32,44,32
"gene_318",1169,1636,1069,938,772,728,590,589,869,474,775,882,829,852,647,616,502,782,717,996,539,596,418,1030,641,1147,680,405,298,746,607,559,953,478,711,625,528,848,780,737,707,573,622,658,760,1243,979,680,552,665,916,442,508,488,677,604,781,481,575,712
"gene_319",79,71,26,42,27,43,46,51,50,35,36,59,40,52,40,85,18,45,56,56,42,65,32,43,37,41,58,54,51,11,51,44,42,16,110,47,52,38,53,44,57,55,52,49,34,25,42,38,50,33,79,36,53,32,50,55,44,12,25,24
"gene_320",679,704,638,608,354,375,379,358,405,314,308,627,576,296,554,388,436,276,418,444,251,360,292,268,416,369,328,318,367,398,282,411,313,356,297,209,242,178,533,566,715,517,542,598,449,279,486,393,402,552,292,287,461,259,381,469,377,451,313,778
"gene_321",32,31,20,10,10,6,22,6,17,5,4,21,32,8,14,17,19,19,7,11,11,12,28,27,17,14,27,8,31,6,32,1,15,12,16,21,6,19,7,12,10,8,37,17,35,21,7,14,7,46,14,33,14,12,4,21,30,25,25,14
"gene_322",16,34,35,59,41,34,16,11,14,30,22,69,37,29,10,54,25,24,72,24,25,45,30,11,42,37,45,50,35,25,60,27,35,21,136,6,2,32,96,63,33,35,34,18,14,18,28,43,14,9,22,16,24,8,17,15,25,10,11,13
"gene_323",224,226,279,302,129,161,145,174,364,172,159,307,247,196,178,356,202,105,266,244,139,258,169,99,137,177,161,83,242,116,132,209,326,127,218,126,76,187,197,227,220,165,257,155,149,120,102,102,140,179,129,101,74,76,147,60,171,110,154,193
"gene_324",248,559,417,81,319,261,189,219,285,64,233,409,338,253,267,240,321,192,257,238,329,583,410,239,461,331,363,292,231,299,330,283,226,166,387,323,250,322,297,210,219,83,177,154,279,253,198,144,141,234,93,150,136,84,161,109,194,77,100,71
"gene_325",12,6,13,1,3,6,2,0,0,0,9,20,12,3,9,8,3,6,0,2,11,26,16,1,22,1,12,25,0,0,4,23,11,0,45,0,4,7,5,0,7,12,10,1,6,10,19,8,0,0,1,9,7,2,6,0,2,14,7,2
"gene_326",63,77,95,80,48,74,52,58,63,67,45,53,71,67,56,58,70,42,99,54,25,56,65,89,37,79,66,28,20,21,69,26,64,60,33,50,51,23,77,34,124,75,105,89,143,126,49,61,55,162,54,41,21,102,78,68,126,57,33,142
"gene_327",878,959,627,551,548,576,461,304,529,340,185,667,557,385,400,410,382,302,270,350,333,336,324,549,710,572,567,413,335,401,368,655,445,482,513,347,373,338,460,417,397,390,297,530,296,317,473,374,290,521,502,234,438,158,226,242,284,384,448,623
"gene_328",163,213,219,110,191,165,106,134,234,71,157,217,246,127,183,275,161,138,227,207,84,175,146,110,170,213,152,83,83,82,86,222,178,171,179,220,236,112,334,246,130,77,205,126,171,106,75,124,88,164,196,103,144,165,144,192,313,127,92,278
"gene_329",387,634,1029,582,459,396,317,274,452,247,371,690,530,272,385,354,424,373,442,524,288,675,259,436,369,386,595,250,485,444,402,330,637,588,399,217,383,343,487,484,597,447,617,645,776,604,450,532,371,608,697,340,253,258,261,363,525,418,443,653
"gene_330",647,946,770,397,369,367,627,454,533,282,327,540,664,231,349,468,489,445,354,306,378,408,361,409,704,673,682,334,437,676,598,486,487,294,400,306,487,384,1182,507,738,320,528,518,466,709,511,482,315,538,289,224,270,303,466,197,397,248,323,215
"gene_331",381,722,482,412,351,352,223,401,480,253,1246,2262,1312,1262,872,1519,2206,1382,837,1328,238,345,352,427,326,225,429,234,283,615,1832,1391,1717,1271,2171,1122,1331,1227,1517,1016,622,320,662,320,485,485,410,695,366,544,861,627,1244,854,2052,1070,1916,1999,1662,2111
"gene_332",978,990,1575,1157,890,991,770,758,764,893,552,848,1066,790,532,1089,1149,472,890,621,692,1240,960,960,1496,1164,1223,690,626,722,862,396,1039,573,1107,941,684,683,943,1035,1084,1128,1267,1365,639,1407,785,799,660,710,922,782,897,956,453,389,963,608,936,796
"gene_333",26,14,18,7,13,11,13,10,20,2,5,2,16,24,2,30,10,2,15,1,25,7,11,3,16,14,22,15,7,6,17,3,33,2,8,16,3,5,8,6,17,11,31,4,12,13,1,12,11,7,26,3,5,21,4,1,19,8,15,7
"gene_334",85,144,100,64,53,80,53,27,92,33,50,27,29,55,73,98,88,52,65,43,43,62,29,74,28,98,67,74,58,66,70,72,114,42,74,49,101,26,98,56,102,46,54,16,62,62,38,93,34,80,30,72,28,43,37,34,42,61,37,29
"gene_335",3397,6729,6668,3490,4961,2869,2715,3150,3114,1456,4004,4009,4993,2852,2335,5145,6041,2972,4667,4331,3034,4147,3772,3461,5652,3891,5599,2011,5466,5595,4497,4681,6013,5042,5036,3548,6021,3507,7087,4391,6623,3007,8327,4206,7105,6031,5666,3871,4087,5156,8487,3278,5992,5635,5840,3579,7213,7590,4275,7397
"gene_336",923,1201,709,821,475,617,680,519,335,570,628,825,1150,861,756,1064,739,535,724,781,543,848,654,609,796,932,701,666,776,619,716,721,654,678,812,755,858,1074,814,800,708,514,554,505,860,664,644,700,507,1113,602,413,321,556,400,368,795,395,672,731
"gene_337",27,4,16,10,7,4,11,0,6,7,4,11,7,2,2,10,6,2,9,5,12,9,4,4,5,14,44,5,5,9,5,11,15,0,20,24,30,8,32,1,14,13,33,59,18,0,28,15,8,15,18,12,9,13,1,1,22,3,16,5
"gene_338",0,34,8,11,4,0,2,5,6,0,1,6,5,16,0,5,19,1,3,1,11,0,3,0,2,1,1,3,11,2,1,2,3,2,7,1,11,19,11,10,12,3,16,0,2,0,0,0,1,0,2,1,4,0,1,4,2,0,11,4
"gene_339",2604,2871,2050,2223,2500,1338,1313,1328,1455,1236,1857,2334,2753,1683,1937,2420,1844,2043,2210,1858,1185,2365,1272,1421,1393,1314,1781,1123,1271,1311,1785,1448,1614,1235,1164,1468,742,1151,1950,1412,1995,1453,2458,1351,1376,1931,1642,1806,1358,2285,1940,1008,1300,1073,2197,1009,2037,2161,1941,1803
"gene_340",4174,6759,6234,3147,2045,3899,3104,2957,3763,1851,2912,3374,2182,2995,2575,2967,2853,2276,2569,2519,3431,6787,3546,5065,4907,4527,7510,2634,4427,5680,6736,3979,4498,5774,4598,4524,3169,2764,4663,3031,4965,4678,4128,4595,5378,4798,4835,5776,3553,7459,2969,3297,2856,2702,2302,3728,4054,2520,3437,5604
"gene_341",30,36,13,7,9,19,8,8,12,5,4,14,45,8,16,22,15,5,16,32,5,34,15,16,8,25,27,8,22,10,13,15,14,14,21,36,2,12,32,37,58,24,10,17,19,12,16,20,6,39,18,31,12,15,9,13,37,13,14,37
"gene_342",108,56,64,44,37,35,48,14,29,40,15,46,76,46,33,48,15,39,77,53,57,60,58,67,54,65,47,49,62,40,90,41,76,24,55,24,49,38,70,92,160,84,27,117,79,42,119,82,44,50,35,30,56,108,110,53,46,54,79,92
"gene_343",10,10,19,10,27,13,17,14,20,9,25,11,16,33,5,46,26,31,34,12,6,12,19,24,10,24,24,34,22,44,22,20,28,6,77,18,7,5,21,19,8,7,11,13,32,14,22,19,20,32,14,1,5,6,24,14,6,1,8,29
"gene_344",216,315,381,259,168,128,159,166,156,114,250,305,405,247,201,252,359,320,117,240,67,270,87,199,233,156,262,124,128,264,233,230,329,185,245,154,208,252,360,235,220,152,223,150,126,177,164,148,143,100,146,150,125,142,213,127,130,77,223,243
"gene_345",461,509,495,368,325,198,219,397,364,203,282,248,381,259,229,319,427,183,219,247,398,356,290,447,449,359,618,169,349,554,427,547,419,224,304,365,502,442,931,339,390,260,363,327,241,339,453,267,237,196,232,397,296,206,156,141,494,134,231,190
"gene_346",25,20,38,43,47,27,14,14,32,11,19,33,23,24,14,38,27,23,21,12,25,53,33,34,67,49,26,35,47,46,20,24,54,43,26,21,44,24,64,35,49,18,50,36,46,51,29,33,15,19,27,12,45,25,27,5,23,14,29,11
"gene_347",6835,7368,8852,6095,3520,6904,3841,3741,3688,2698,2970,4412,4152,3736,4005,5816,6154,4723,5575,4000,2757,3102,2985,5097,6733,4909,3198,2863,3103,2817,4534,4228,6066,4276,5626,3229,2791,3013,4358,2759,4313,4714,5260,3984,3783,4301,5530,4855,1550,6449,3200,4349,2831,4312,4810,2212,5973,4666,4531,3915
"gene_348",1159,1911,1267,1272,1190,1135,1089,1104,1043,956,1010,1050,988,1424,1269,2137,1091,1132,1782,1520,1077,1882,1152,1487,1852,1615,2364,570,970,2064,1789,1610,1724,1721,2743,1510,1734,1279,2287,1457,1254,847,1562,1009,1362,1069,1192,895,541,1147,1080,993,1387,1340,1235,810,1023,837,973,1212
"gene_349",225,160,234,192,167,67,113,101,110,86,120,199,182,108,99,129,118,120,168,98,88,145,47,130,86,123,168,127,116,91,156,148,151,66,142,71,73,86,104,97,230,230,230,101,176,78,278,145,150,136,136,133,104,106,141,101,147,87,204,109
"gene_350",1462,1906,2108,1150,1075,1130,966,673,407,662,885,1863,786,721,539,1361,1085,986,804,748,435,771,416,596,946,1322,936,543,607,697,1325,1010,1137,933,1059,1104,1084,989,1146,1214,684,583,812,846,853,749,786,700,778,1332,1309,577,895,883,883,518,1243,673,846,815
"gene_351",410,491,612,335,395,221,150,176,275,180,159,453,386,182,306,247,530,313,306,235,328,362,168,150,217,209,268,119,186,374,368,206,306,274,144,337,175,200,344,292,468,362,410,414,362,282,514,339,269,239,412,286,318,204,248,155,236,215,346,424
"gene_352",811,948,933,519,545,684,435,737,871,341,607,1149,1285,533,682,837,576,693,722,896,438,799,667,568,1288,1001,537,558,523,1181,1232,628,1220,637,1444,982,850,785,1206,670,1013,898,1328,1237,832,933,1347,897,694,1038,561,678,1250,798,1176,735,1347,878,830,1439
"gene_353",1,5,3,4,5,3,2,4,1,0,5,1,33,0,10,2,5,1,12,2,7,5,4,10,0,15,7,6,2,3,10,7,11,13,0,0,0,0,6,1,12,3,3,3,1,6,9,9,13,6,0,4,0,16,0,5,11,6,1,7
"gene_354",88,164,160,85,99,118,82,34,85,39,29,65,74,85,80,113,50,70,79,66,87,56,104,66,55,86,97,46,126,87,93,95,70,43,68,73,69,119,88,109,107,45,30,55,49,63,72,37,51,118,47,49,29,47,44,44,162,22,27,38
"gene_355",2569,2529,2664,1641,1470,2488,1446,1228,1130,991,1209,2309,2026,1894,1204,1747,2575,1430,1563,1749,1703,1870,2389,1703,2373,2554,3375,2243,1467,2168,1315,1387,2214,2092,2495,1197,1304,1057,2511,1759,2969,2287,3071,2527,2484,3053,3535,2000,1186,2239,1413,1185,1584,1568,1708,1211,1260,1643,1129,1413
"gene_356",328,680,425,376,421,502,154,489,159,254,253,482,426,313,226,494,558,397,463,332,323,386,247,412,178,439,385,247,178,221,425,362,160,340,235,380,379,505,459,307,418,188,496,119,198,318,264,218,115,284,361,220,331,431,278,162,321,187,350,299
"gene_357",75,81,140,77,27,68,48,48,88,13,23,60,66,31,47,37,137,44,98,30,32,69,51,61,81,36,73,75,60,57,78,69,115,49,71,41,42,37,93,60,50,51,93,73,39,51,81,20,51,49,60,27,50,19,84,49,97,32,40,71
"gene_358",74,77,89,61,30,91,55,45,71,44,42,38,122,85,78,17,72,57,62,24,84,95,63,94,63,64,75,57,22,50,70,95,44,28,55,43,50,20,111,87,51,43,91,70,18,80,52,62,37,79,46,42,76,58,28,42,65,14,33,87
"gene_359",850,900,830,707,566,562,464,460,801,582,536,573,760,553,599,841,755,814,1013,732,419,630,395,725,811,562,936,389,575,548,411,470,657,906,754,646,603,452,841,759,1208,650,1455,655,930,1030,1041,680,531,1035,629,630,940,733,932,590,978,644,829,1095
"gene_360",2302,4052,3888,1791,1729,1909,2137,1394,1578,1109,3569,2714,3285,3483,3113,3720,5769,2172,5251,4362,2014,2448,1475,1878,1935,2051,1872,1352,1082,1553,4298,2294,3472,2121,2903,2759,2469,1993,3353,3381,2819,2079,2246,2426,2283,2463,3216,1650,1632,2890,4375,3295,4342,2994,1960,4411,4338,4650,4540,4701
"gene_361",107,99,124,91,93,85,38,83,82,54,75,119,44,119,91,142,130,112,125,81,121,130,31,58,114,181,182,77,91,121,31,86,156,112,122,89,105,74,139,127,85,36,45,78,84,60,48,75,57,81,31,55,54,69,47,34,46,44,56,76
"gene_362",4,3,0,3,6,0,5,0,2,0,1,4,5,1,3,19,1,3,13,0,24,12,5,16,2,1,13,4,0,5,4,4,4,0,4,9,7,5,3,0,1,10,5,5,7,9,1,7,8,0,2,7,4,0,1,2,7,0,3,4
"gene_363",618,1164,837,505,317,276,333,559,436,320,315,468,722,513,468,534,558,387,353,385,504,589,365,666,1038,924,1080,418,476,814,419,471,746,545,1043,543,324,465,908,446,491,565,438,459,704,539,569,563,679,380,735,288,545,654,307,288,558,474,681,697
"gene_364",251,292,215,217,141,114,139,87,126,160,72,118,157,151,85,191,209,211,137,119,121,363,270,348,316,445,535,142,155,221,185,255,381,279,221,232,173,186,516,400,103,67,148,138,95,88,111,78,82,150,87,52,94,84,79,52,86,40,90,81
"gene_365",288,134,283,74,66,145,77,84,128,94,91,158,210,109,143,130,149,152,152,74,18,60,47,59,53,154,73,94,35,84,75,105,106,69,83,49,64,60,112,68,379,181,288,214,163,251,170,249,212,311,242,172,185,299,173,197,196,87,221,201
"gene_366",63,61,47,100,34,36,40,77,27,26,65,77,75,43,43,73,25,38,65,41,32,47,46,26,56,109,50,93,41,31,67,82,87,51,118,79,86,36,176,102,61,30,92,72,29,64,49,23,41,68,80,50,55,28,42,36,23,51,33,23
"gene_367",153,359,250,121,113,168,92,189,264,127,71,114,95,65,52,95,81,48,81,94,188,152,204,199,113,217,148,179,189,200,83,105,112,89,136,40,58,50,123,61,238,183,163,205,291,243,346,202,136,122,182,69,90,51,97,32,133,56,43,109
"gene_368",596,1019,603,547,516,475,289,274,355,147,667,1578,1325,1216,488,1037,1188,787,1109,585,129,359,196,277,420,359,211,183,299,510,860,545,795,444,589,542,484,690,251,592,529,329,539,634,488,585,837,276,235,555,563,1007,1016,793,612,571,1182,636,812,993
"gene_369",195,340,232,162,185,119,179,98,152,103,64,105,112,93,84,57,75,64,74,76,153,252,183,160,270,201,203,255,208,275,94,99,106,82,100,80,80,97,97,76,134,148,196,170,104,180,161,114,189,270,54,62,68,57,68,95,60,64,118,89
"gene_370",41,27,42,36,50,18,25,24,63,47,20,51,42,59,22,78,46,37,29,26,57,17,44,129,115,29,62,39,48,107,48,55,66,61,50,102,43,36,38,78,66,72,56,86,50,105,76,49,81,58,47,24,85,41,62,54,71,35,35,32
"gene_371",0,5,6,10,16,0,0,6,7,1,0,3,1,5,3,2,3,2,11,0,0,1,0,19,0,32,1,6,1,5,1,2,8,6,0,8,0,4,0,9,20,6,0,7,6,2,2,0,4,14,2,0,6,0,4,1,1,3,4,4
"gene_372",187,288,218,164,119,189,139,205,195,85,98,189,153,166,117,235,124,127,108,191,119,162,99,208,295,205,249,81,152,213,68,75,131,140,168,121,128,170,174,103,170,142,220,190,147,173,90,173,105,114,151,100,118,110,61,112,74,109,151,101
"gene_373",19,1,12,1,7,4,7,4,0,4,0,9,4,4,13,0,4,0,13,14,4,21,0,2,4,13,20,8,0,2,2,11,16,3,13,2,20,6,2,9,4,4,4,0,13,5,5,1,8,5,10,14,9,10,5,1,8,2,7,6
"gene_374",23,63,19,15,21,18,3,14,28,18,8,13,37,16,10,30,55,26,33,8,45,14,41,18,17,50,39,19,17,35,17,32,33,9,32,49,34,50,14,62,47,10,18,23,32,20,1,34,28,13,27,9,12,9,7,31,37,15,13,25
"gene_375",32,16,9,9,7,2,1,1,0,3,0,5,2,8,0,2,0,11,1,3,4,0,5,2,0,4,4,2,0,1,0,0,10,4,1,11,2,1,14,0,0,11,4,2,4,1,21,7,9,9,6,3,8,3,0,0,1,2,2,0
"gene_376",993,1487,874,1191,661,601,631,288,461,481,643,671,818,911,678,1186,1123,829,1225,762,658,867,600,906,834,829,1044,464,857,1068,945,1134,942,919,1255,766,780,683,1192,1071,735,385,959,758,1418,1250,1353,368,822,795,703,570,876,987,998,727,815,829,1030,1493
"gene_377",36,90,32,7,9,30,3,8,21,4,2,47,20,17,19,30,17,6,13,25,21,9,12,25,12,13,29,24,19,25,19,10,60,25,29,8,8,5,17,6,17,31,10,22,17,45,40,5,22,9,14,11,20,13,9,5,13,7,25,12
"gene_378",304,444,365,367,390,419,189,393,423,213,238,307,368,270,334,350,556,262,296,270,233,190,336,498,235,462,464,395,310,402,178,193,310,284,227,354,219,164,498,255,874,363,810,816,601,548,548,1038,619,442,341,312,553,288,454,292,577,285,280,460
"gene_379",68,75,90,17,25,33,15,27,4,13,47,63,88,39,11,80,17,26,29,47,18,23,91,38,83,37,63,23,52,29,33,57,49,22,19,34,51,6,87,61,24,28,127,4,27,29,38,36,21,64,47,46,32,31,110,53,25,50,24,66
"gene_380",1563,1492,1215,991,909,665,763,773,688,892,734,1120,1108,1060,790,1230,1209,837,938,782,830,886,538,2103,1163,1601,2127,1184,1385,2279,1375,1275,1451,825,1429,925,923,1476,1124,1375,1089,846,968,1037,1359,581,827,992,480,1023,1082,700,705,745,612,697,1166,953,606,952
"gene_381",4689,9748,5761,5313,3761,4856,5049,4384,4850,2824,3848,7687,7908,3893,3338,6333,5294,4907,3121,5043,2632,4611,4304,5089,4684,8341,9054,3044,3320,6519,5172,4750,6199,3857,4177,4019,7758,3160,6669,6682,4163,4227,6846,5953,6505,5649,5612,3131,3042,4945,3128,3404,4427,3642,4231,3172,3344,3556,3346,3009
"gene_382",45,33,45,27,45,17,0,8,24,17,23,21,29,23,7,28,35,44,26,14,37,37,16,30,33,18,43,15,13,61,45,31,24,12,23,18,20,31,44,52,48,23,7,36,26,27,56,25,19,5,21,8,39,13,58,12,8,35,23,38
"gene_383",4640,10903,9309,6612,2875,5258,3274,3322,4840,3858,5710,5050,5072,7516,5991,5960,8030,4577,8635,5932,4635,4739,4766,5918,8605,7969,6311,5694,5798,5840,5895,6795,9239,6045,6456,8512,10569,7395,14568,4716,6849,3550,3731,2529,4681,3640,3421,4210,2183,3258,4195,3345,4790,4729,5244,4504,4549,4450,5390,5396
"gene_384",2,0,0,2,1,2,4,10,6,8,1,9,7,7,4,14,1,19,0,3,1,2,4,0,0,4,2,2,4,7,4,1,5,5,0,22,0,13,2,5,3,3,11,0,11,2,11,23,5,6,0,0,6,2,4,1,9,0,7,4
"gene_385",2375,2713,3992,1531,2682,2177,2145,1688,1934,1475,1688,2296,2665,1500,1645,2486,1944,1729,1875,1341,1238,3817,2767,3354,1528,2730,4169,2089,1350,4065,1753,2405,3222,1489,2021,2287,1744,2846,2417,2632,2650,1966,2274,1680,1855,1556,2771,1286,1694,2459,989,1077,1751,1079,1623,1532,3068,1522,1038,1339
"gene_386",32,1,4,4,5,10,5,3,1,3,0,7,5,11,10,13,10,6,32,6,20,10,8,8,13,4,21,9,2,1,10,21,10,4,26,7,10,7,12,18,18,16,11,11,11,4,5,5,10,14,0,11,10,2,7,7,10,15,3,15
"gene_387",62,91,110,82,58,72,45,26,46,38,43,86,58,46,67,90,79,39,93,34,39,58,65,73,64,81,168,39,47,86,70,34,129,65,67,77,79,101,127,101,52,58,104,57,91,31,48,45,59,59,37,34,76,54,57,37,76,89,47,31
"gene_388",727,1165,619,636,628,569,339,645,452,383,577,866,607,789,686,638,764,733,826,514,904,1598,1074,859,1309,1033,913,607,567,723,753,892,815,973,969,961,746,597,857,807,963,736,945,497,676,728,862,785,741,873,866,639,384,641,423,633,743,919,714,618
"gene_389",258,285,322,153,256,140,201,176,165,86,91,107,285,177,124,151,101,47,134,195,180,271,182,195,305,104,332,230,288,333,162,223,229,212,304,168,186,190,303,164,154,125,184,162,210,187,205,287,134,239,151,140,101,153,114,154,190,85,164,139
"gene_390",37,21,8,16,19,10,12,21,8,15,11,19,15,19,17,13,9,5,13,14,20,5,10,22,48,33,17,1,11,34,15,8,35,6,10,38,12,34,13,23,46,10,33,17,25,2,17,23,10,40,33,7,22,23,17,20,19,9,4,2
"gene_391",150,243,264,184,117,123,88,185,157,142,109,173,223,189,113,254,104,111,271,195,180,207,69,225,176,211,309,98,175,178,202,226,201,215,180,197,160,242,244,200,326,228,316,287,302,450,350,148,171,284,209,135,243,180,128,171,202,193,206,201
"gene_392",92,19,19,30,25,35,16,28,22,4,8,46,84,15,16,44,26,6,65,10,44,35,18,74,17,27,73,37,14,15,40,29,34,22,31,22,50,14,11,23,40,25,16,31,4,24,18,34,41,18,8,23,13,6,53,13,49,22,7,12
"gene_393",599,308,424,231,193,244,197,199,239,159,932,850,979,911,466,1044,842,733,767,732,156,250,323,235,442,159,332,191,175,196,1532,758,1560,1121,1295,1225,1073,1004,1230,695,510,312,474,512,368,191,324,307,245,287,925,808,951,827,553,617,1114,871,1367,2495
"gene_394",2,15,14,0,1,5,5,5,4,18,12,3,17,10,4,8,11,13,25,6,6,1,42,18,3,30,2,4,3,19,29,21,14,4,3,5,14,5,14,16,7,0,18,33,2,9,8,16,5,22,11,6,3,29,10,3,17,17,0,10
"gene_395",136,171,98,62,62,49,21,66,91,44,66,90,140,93,50,60,131,88,79,85,77,98,120,87,93,256,219,109,79,68,169,84,116,78,152,72,159,131,205,120,70,65,80,155,62,45,58,79,95,95,87,50,64,89,15,64,68,65,87,107
"gene_396",4127,5814,8752,3318,2382,4017,2512,2159,2955,2327,864,946,788,762,629,758,1154,641,883,579,3678,4711,3651,3446,5330,5864,3923,4203,2609,4854,1116,871,1045,768,1269,672,986,649,1313,829,4444,3306,4374,4166,4029,3089,4252,4769,2964,4331,783,581,959,717,383,745,1207,892,947,1120
"gene_397",55,3,51,11,38,20,7,3,13,8,13,16,28,26,13,47,26,5,60,30,33,27,21,16,28,21,21,29,37,19,8,14,45,15,15,38,27,15,5,46,32,17,47,27,44,12,31,11,5,15,12,13,23,13,22,2,30,14,14,17
"gene_398",348,1041,620,358,329,445,366,612,428,239,212,356,601,313,267,518,365,349,677,257,330,869,485,736,432,774,505,543,767,629,607,605,391,535,525,449,595,346,834,672,497,269,615,487,563,400,371,623,545,625,388,477,420,271,439,226,366,482,383,607
"gene_399",10,5,6,10,2,2,1,0,1,5,0,4,15,3,12,21,0,4,7,6,2,4,0,0,15,3,0,7,2,18,22,5,11,0,4,4,5,1,0,1,14,6,3,1,2,3,0,10,11,8,2,1,0,10,2,0,11,19,0,2
"gene_400",27,44,19,23,59,39,34,40,59,16,42,74,37,45,27,27,85,22,26,43,43,94,53,63,87,80,73,60,44,49,62,38,31,62,104,80,29,39,115,43,46,57,38,70,67,79,37,66,48,104,30,45,22,56,39,28,77,22,32,28
"gene_401",37,75,56,24,27,14,22,12,7,26,8,4,31,30,12,28,23,8,66,26,22,6,34,13,51,23,20,28,5,28,17,21,33,19,7,27,10,12,25,52,40,31,32,45,65,41,40,28,13,76,23,37,34,19,45,24,8,56,34,73
"gene_402",42,42,28,18,27,29,10,42,7,11,8,41,47,23,22,23,12,38,19,13,34,32,73,15,41,33,73,41,39,90,38,38,71,43,33,21,55,41,35,25,31,52,49,37,33,36,28,32,28,42,57,8,31,33,37,32,44,20,29,34
"gene_403",5,4,21,15,14,6,7,7,4,5,5,8,9,2,0,2,1,5,1,0,14,21,12,1,2,1,8,4,3,23,42,6,4,6,11,2,6,6,8,6,4,26,5,24,3,14,28,4,11,1,15,11,2,0,6,9,9,14,13,21
"gene_404",57,45,98,32,62,43,32,53,50,26,37,85,98,71,57,63,161,161,81,59,43,81,52,39,65,25,60,38,48,39,44,79,51,47,59,53,73,28,52,76,51,42,54,65,66,27,36,66,26,37,56,31,106,41,87,54,79,60,70,82
"gene_405",297,384,461,358,267,498,115,259,302,148,272,354,372,402,324,657,522,288,532,372,360,281,250,304,276,304,218,200,218,312,319,296,385,335,307,419,400,308,396,472,480,341,495,338,221,271,465,341,135,303,339,236,497,254,247,206,584,369,402,410
"gene_406",66,198,72,150,99,69,28,93,30,54,33,68,31,106,83,86,89,59,111,78,109,111,70,103,146,86,133,84,104,140,53,86,175,63,137,74,56,46,95,94,107,68,83,59,77,166,68,77,101,77,64,55,74,31,51,74,44,59,70,88
"gene_407",563,480,683,626,250,330,202,394,385,238,352,417,514,479,338,808,275,484,334,184,223,426,248,230,386,284,420,188,237,310,411,324,519,265,357,209,404,280,311,467,547,314,1011,658,598,469,701,585,257,423,442,382,474,508,512,323,630,454,433,214
"gene_408",1315,977,1180,675,391,979,773,409,475,328,448,701,583,810,514,909,691,593,553,575,426,1135,833,811,649,939,860,516,519,711,919,405,871,643,1137,728,692,719,976,915,1016,670,887,748,574,544,808,454,560,962,412,347,535,362,530,297,576,373,354,687
"gene_409",283,488,577,362,391,298,334,367,231,204,115,395,243,256,267,264,550,249,331,233,336,403,482,399,560,346,464,350,389,339,235,222,174,387,392,170,260,337,379,314,307,309,575,372,355,343,341,223,428,281,315,91,262,162,277,146,224,201,239,146
"gene_410",679,685,495,240,370,477,326,428,419,360,588,1232,963,692,982,987,603,853,1687,372,331,481,207,462,396,715,590,358,258,527,701,932,854,735,741,567,868,561,839,371,396,588,826,798,665,371,435,766,331,315,727,645,1076,533,697,1032,1215,892,1394,1184
"gene_411",4,17,4,0,3,2,1,1,8,18,10,0,8,33,1,1,10,13,1,0,9,8,0,29,1,8,49,2,2,0,13,4,4,2,8,12,32,0,3,7,23,0,0,17,15,8,2,0,15,7,9,3,2,1,9,8,5,8,3,3
"gene_412",6,7,15,34,23,2,4,4,2,9,4,10,33,7,4,2,13,7,60,7,0,23,31,21,4,14,13,5,25,2,2,8,2,8,8,30,6,2,24,2,7,5,28,3,8,7,9,0,26,8,2,18,3,7,8,11,13,2,0,27
"gene_413",2976,3496,3712,1529,2161,2128,1562,2586,1956,1764,1680,1607,2203,2623,2426,2601,2269,2608,1759,1264,2173,1686,901,1557,2353,2404,2162,1902,2362,2112,2564,1362,1340,2212,2000,2429,1759,1843,3330,1372,2979,1798,3511,2112,2197,4418,2275,2247,1865,3920,2058,1833,2311,2454,1941,1389,2270,2485,1477,2584
"gene_414",367,836,456,229,234,288,272,167,188,121,196,590,284,414,254,427,282,148,279,237,387,311,221,162,305,691,360,228,254,205,298,385,430,498,322,279,361,208,385,394,435,213,355,454,315,270,227,371,133,282,159,266,217,285,218,186,306,266,192,374
"gene_415",1161,1372,957,941,841,785,592,528,699,492,613,638,1074,433,683,644,702,847,649,536,750,1115,706,1216,1293,741,1093,557,458,1338,1079,490,649,725,779,877,560,786,974,701,1376,1037,1001,581,918,1247,1036,1007,645,696,835,815,704,794,526,578,798,775,585,940
"gene_416",2402,3616,3727,3278,4616,2830,2066,1204,2431,1651,1538,3241,3161,2967,2417,3811,2496,2300,3626,2885,1546,2851,2198,1688,1474,1989,1890,1858,2023,1760,2265,1884,2857,1429,2631,2442,1666,2316,2858,2203,2951,2586,2346,2652,2030,2260,2761,2431,2001,2930,2391,1487,2463,1880,1610,1419,2423,1738,1575,2988
"gene_417",119,171,235,122,186,64,83,66,120,74,93,191,189,67,169,150,193,145,155,127,153,178,146,157,278,223,224,138,80,106,123,117,218,128,255,200,150,141,174,172,330,88,159,139,131,129,242,199,184,129,137,95,108,83,222,104,138,145,151,199
"gene_418",601,967,665,437,260,434,255,318,427,153,446,790,598,280,448,551,573,314,273,296,429,360,339,533,292,379,591,327,338,470,528,480,588,444,375,792,456,327,888,336,374,297,538,602,302,570,508,255,254,590,195,234,315,259,301,203,406,220,305,399
"gene_419",7863,8225,7422,5392,4715,3910,4909,3487,5919,2898,4435,5724,3183,3768,3763,6423,8020,3116,5523,3931,4325,9938,6327,7447,4337,7923,7882,3143,5307,5256,7883,5107,9628,4532,7957,5177,3168,5437,9227,6216,7429,4393,7364,7788,4703,4898,8984,3992,3509,7520,4499,3158,6279,3959,2587,3098,4675,5670,3410,5759
"gene_420",243,234,153,94,108,67,107,79,64,47,122,72,132,64,104,126,90,164,99,63,71,88,120,164,110,209,207,77,82,181,172,103,249,182,230,113,192,130,175,180,83,62,89,140,143,87,111,93,76,73,103,112,79,102,73,66,187,141,113,135
"gene_421",99,150,139,144,135,32,72,84,129,46,77,124,86,102,44,109,94,67,45,66,72,189,76,111,96,225,103,114,110,65,102,115,149,103,166,109,169,86,237,123,252,194,302,150,296,141,142,205,84,79,145,149,297,152,129,137,165,90,109,177
"gene_422",58,130,83,126,46,21,32,86,81,71,51,141,106,98,32,69,101,122,131,47,64,89,78,66,91,66,88,66,88,90,81,174,123,112,80,64,121,64,81,115,120,72,70,42,110,156,68,69,52,68,30,61,153,62,106,75,51,104,60,139
"gene_423",168,175,265,97,159,154,125,91,133,141,89,105,299,80,217,189,180,117,138,122,85,193,108,134,79,177,163,182,134,132,189,194,138,172,231,126,140,127,209,143,171,147,119,177,158,151,142,127,106,153,135,108,160,151,74,136,162,98,83,152
"gene_424",104,154,229,131,166,75,98,65,121,84,103,167,191,94,69,147,128,72,97,125,165,148,191,183,208,168,192,168,97,141,132,102,172,89,281,173,114,114,184,99,174,77,58,116,122,178,140,121,128,163,95,59,63,135,84,61,104,50,91,124
"gene_425",0,13,3,0,14,4,10,0,7,0,0,3,1,0,0,15,7,10,18,8,4,8,2,10,3,0,8,5,1,3,20,5,5,4,2,3,0,2,2,4,0,8,1,6,0,13,3,3,12,1,11,2,10,0,0,3,13,1,0,19
"gene_426",10,6,20,12,9,2,1,1,9,0,0,9,42,2,0,20,1,0,21,7,1,4,8,12,9,14,12,10,0,18,6,13,18,6,8,19,13,33,1,9,0,13,8,2,4,3,22,28,1,5,11,3,5,2,22,2,15,3,10,11
"gene_427",85,116,67,146,128,150,103,96,142,37,69,215,168,135,90,187,139,93,60,121,47,102,62,108,78,180,173,65,42,71,85,123,203,129,91,99,150,91,205,125,68,90,148,64,114,65,158,130,117,159,151,136,93,106,159,69,189,122,158,181
"gene_428",1441,1366,1118,774,875,944,680,468,626,466,533,1297,1646,726,820,893,757,872,1120,1299,770,873,1157,1095,1389,688,838,960,531,1273,862,1447,1093,820,1116,960,930,1052,1529,459,1367,608,980,706,1191,1052,1178,813,677,751,797,996,982,908,712,719,802,776,997,1449
"gene_429",93,45,77,73,63,68,91,40,45,84,39,57,110,31,26,74,30,17,51,24,55,44,56,61,43,88,105,20,25,54,25,65,141,36,57,39,46,40,41,55,37,35,106,53,32,57,49,112,48,63,67,33,27,27,31,61,78,29,53,43
"gene_430",4448,5733,4017,3675,2665,3148,2840,2037,2613,1840,2608,5796,4399,2664,3994,4451,3809,4450,3643,3630,1895,3562,2294,4148,2990,3255,2269,1814,1450,3151,1864,5288,3424,2988,3970,3781,1737,3456,3637,2387,3880,2771,3892,4017,2507,3916,3666,2649,3190,2378,3510,2711,2748,2005,3786,4083,4815,2936,3774,3783
"gene_431",3877,5821,3916,3199,3021,1322,1483,1734,2817,1398,3206,3918,2499,3746,3347,4878,4096,3336,2779,4078,3395,4321,3223,4923,4838,4343,4286,2979,3025,3117,2830,5819,9903,7103,4664,4462,6513,4329,5610,5243,5818,3027,5028,2615,2563,4804,2890,4215,2976,3756,2759,3301,3949,3057,4053,1372,3706,2874,2849,3543
"gene_432",166,396,591,337,314,300,204,343,352,219,430,604,509,731,637,907,607,530,677,580,212,413,292,289,397,278,418,248,192,519,618,451,924,648,702,828,548,508,735,368,566,288,439,356,262,235,329,229,290,281,339,312,452,429,630,490,560,662,322,501
"gene_433",185,255,220,139,102,152,153,91,94,91,107,118,230,128,111,135,95,74,96,93,97,62,65,58,94,83,62,56,74,110,70,94,57,117,78,133,92,108,98,32,167,98,219,130,170,180,245,173,84,101,90,97,83,96,89,102,127,107,143,264
"gene_434",458,549,655,357,329,537,221,334,651,193,212,480,470,497,383,401,435,416,280,261,208,590,332,457,358,867,479,290,426,484,785,250,703,401,491,379,445,288,629,323,264,437,445,300,418,275,445,284,163,383,385,203,195,184,339,228,488,336,401,469
"gene_435",5600,10047,10213,6490,3731,4174,3867,3707,4245,2987,4549,5493,5160,3526,5670,3954,4880,4427,6441,4132,4627,7521,6766,5856,5654,8603,7118,4266,5719,5269,3483,4915,6795,5860,8667,3743,6849,5693,6243,4483,8098,4218,7414,6328,7357,5056,6228,6896,3988,9769,5514,2966,4833,3906,3832,3781,5070,5932,5178,4912
"gene_436",22,2,28,6,13,12,6,3,12,3,16,23,4,1,5,1,9,20,5,11,0,3,14,3,3,12,1,23,15,0,41,1,22,6,4,8,4,0,9,3,9,8,10,1,3,16,2,8,8,5,3,4,12,3,4,5,13,1,18,15
"gene_437",8,11,10,0,1,1,1,2,1,2,5,13,2,2,12,27,1,2,1,0,5,1,0,4,11,2,25,8,1,23,2,2,2,0,20,0,3,4,2,1,4,1,0,1,0,25,8,0,4,4,12,0,5,2,1,1,4,3,1,9
"gene_438",0,29,52,10,3,7,0,14,9,4,10,4,14,1,21,12,7,20,3,2,8,9,17,5,14,6,8,4,5,2,13,14,5,4,7,10,11,11,22,14,13,22,22,19,39,15,18,12,8,12,23,26,11,4,9,2,18,18,25,19
"gene_439",140,139,179,129,121,105,105,65,67,82,89,158,133,74,78,95,111,92,99,70,98,177,167,205,201,148,307,126,142,202,166,220,135,151,161,167,108,99,212,227,271,174,174,144,169,236,133,219,116,171,135,112,108,67,113,149,199,215,119,134
"gene_440",0,0,12,14,0,5,5,11,9,2,22,0,6,19,9,12,2,3,0,1,1,6,3,11,17,40,26,34,2,1,0,8,6,30,2,2,1,0,11,28,10,4,15,11,9,3,16,7,4,3,5,9,3,6,26,1,2,6,2,1
"gene_441",3,7,11,6,8,3,2,5,24,0,9,20,11,0,16,19,7,27,29,6,1,2,2,3,1,0,6,0,7,4,9,2,37,1,0,1,9,16,2,6,9,9,7,4,8,5,18,3,10,10,3,13,3,6,1,0,12,0,2,3
"gene_442",120,125,81,53,141,32,76,124,103,49,30,60,86,60,46,86,75,50,72,47,80,169,125,90,46,107,123,14,88,55,119,56,148,39,104,40,45,77,106,74,76,31,146,69,102,40,130,45,56,79,57,44,38,53,48,36,48,40,65,75
"gene_443",3016,4748,3951,2413,2235,3150,2877,1741,1891,2325,2343,3696,3502,4400,2524,3611,4180,3507,3250,1649,1574,2934,2135,3066,2944,2457,2145,1191,1356,2854,3368,2062,2579,2365,3564,2238,2527,2518,4951,3506,3039,1396,2351,2500,2174,2101,2141,2491,2063,1576,2261,2839,2719,1958,2913,2290,4124,2543,1514,2805
"gene_444",70,144,89,105,39,55,26,52,78,51,46,157,60,39,72,60,80,35,73,57,54,122,98,102,121,199,119,42,75,104,109,84,74,90,60,33,31,83,49,34,135,65,99,103,69,147,73,72,34,72,101,51,88,76,74,52,79,40,59,100
"gene_445",11,13,2,9,11,2,7,2,2,1,11,11,12,1,15,5,7,13,7,2,15,30,14,4,41,23,3,12,6,15,17,7,49,14,8,10,14,10,5,18,18,13,56,23,1,6,27,22,12,6,5,11,15,10,7,16,16,8,7,12
"gene_446",126,81,64,29,74,16,64,21,40,22,56,140,120,65,55,39,55,81,127,50,47,113,83,49,66,62,68,75,66,76,85,73,120,68,73,60,66,114,104,94,117,126,138,137,140,75,64,111,72,53,98,45,108,46,99,69,75,59,91,85
"gene_447",950,1314,865,534,591,547,560,375,703,385,244,464,506,539,228,355,375,361,273,313,384,504,403,602,567,525,496,422,440,264,359,423,835,586,572,260,343,290,447,477,785,504,529,693,699,664,638,756,428,506,324,373,382,420,179,293,372,360,266,272
"gene_448",45,45,43,17,44,32,42,37,8,17,36,43,71,72,29,38,27,29,75,36,36,47,15,34,40,27,19,11,41,30,50,12,15,8,11,26,28,16,31,22,69,27,124,25,68,54,53,27,37,16,48,23,33,14,18,26,53,8,53,25
"gene_449",34,35,32,6,36,45,9,6,11,39,18,17,30,18,27,49,10,9,11,2,33,6,21,8,6,24,38,24,12,8,4,1,24,30,7,5,8,5,13,9,31,9,14,33,12,26,40,16,12,7,20,2,14,10,10,2,7,6,14,15
"gene_450",176,229,169,191,88,119,132,81,94,62,177,241,586,308,245,381,413,359,274,211,104,210,179,211,91,121,265,157,181,137,229,263,403,206,338,194,92,356,406,283,232,190,314,183,182,109,155,168,136,113,439,152,411,290,179,291,769,217,202,288
"gene_451",74,150,163,121,71,138,62,64,68,43,68,117,99,60,96,65,86,98,134,52,73,129,143,131,59,114,90,64,74,72,135,115,117,57,142,40,56,77,82,49,160,112,100,86,105,144,108,143,90,69,112,67,117,52,60,61,65,67,95,165
"gene_452",777,1535,1048,680,747,1010,545,723,882,701,674,1509,790,798,643,1509,1085,863,784,619,762,1616,807,1333,1033,1328,1936,1232,868,672,1101,1005,1412,711,1254,1061,1313,1403,2058,1529,1574,929,846,808,706,1328,1016,1055,620,844,637,709,763,729,871,543,1434,1056,932,1189
"gene_453",9,29,0,5,17,1,3,5,1,2,8,5,6,3,1,10,2,13,0,0,2,4,4,12,2,0,3,8,2,7,6,2,2,5,9,5,1,4,6,9,0,8,3,12,4,12,6,0,8,1,2,6,23,0,1,13,0,0,1,5
"gene_454",1931,2720,2298,1581,1756,2180,1411,1843,1624,1014,1803,1934,1528,1131,1717,2456,1733,2174,2110,2530,4198,5685,3779,3430,3288,3346,4395,2097,3823,2760,3975,3628,3869,3497,4573,3206,3819,4128,7522,3450,2174,1575,2750,3147,2292,2454,1990,1793,1348,1996,1515,1441,1280,1666,1708,1673,2153,1761,2227,2286
"gene_455",4988,6970,7092,3588,4491,2589,4294,3366,2723,2178,4221,4858,4134,5479,4731,4350,5344,4374,5997,3955,2335,3632,4012,3800,5529,5830,8086,4402,5499,7620,9372,4539,4992,8108,8285,3610,8615,4831,5861,5190,3680,2406,5896,2471,3414,2659,4067,3301,2003,3366,3769,3333,3593,3853,3355,1670,3142,5274,3445,3376
"gene_456",19,15,0,2,1,3,12,4,0,6,15,1,4,0,5,9,5,4,1,2,8,22,28,16,2,18,0,3,11,5,5,1,2,11,9,7,8,1,7,13,10,5,8,4,0,2,0,0,2,3,10,2,1,5,4,10,0,2,0,0
"gene_457",462,591,778,895,584,686,430,506,375,340,159,598,681,331,509,644,572,248,208,438,756,1046,846,1111,999,1152,972,914,507,871,499,655,986,828,1329,466,501,807,949,677,424,733,830,443,657,216,542,480,310,787,365,302,393,332,323,236,345,406,332,513
"gene_458",87,89,51,57,98,53,42,79,72,52,61,75,145,64,118,95,58,61,74,21,122,75,88,206,134,156,242,94,130,58,127,107,112,165,103,71,115,67,63,122,144,59,114,129,61,60,179,82,156,98,94,22,113,71,85,71,169,72,113,71
"gene_459",412,784,504,443,775,382,366,223,416,414,426,603,378,375,370,423,365,429,655,446,424,493,579,440,541,374,846,289,534,488,554,451,716,706,748,461,173,600,397,591,582,408,598,469,527,333,348,232,503,549,294,205,240,278,196,155,348,308,330,319
"gene_460",64,77,74,86,71,69,55,33,107,70,25,130,68,43,21,71,78,41,61,42,35,129,70,48,39,89,87,53,79,89,36,35,59,51,62,63,30,36,37,48,83,42,75,72,48,34,126,38,30,47,24,52,48,22,42,27,39,52,42,27
"gene_461",68,118,61,119,70,45,31,52,30,50,33,56,42,31,53,78,61,72,62,53,83,107,70,207,139,124,157,86,55,79,45,41,65,77,76,44,97,61,34,68,49,72,60,92,52,58,83,90,52,46,91,62,28,83,28,48,63,82,32,35
"gene_462",6,0,0,1,24,18,1,2,1,6,12,16,4,12,2,19,10,7,6,14,6,11,20,10,2,3,15,2,6,14,33,2,9,16,5,35,20,12,5,11,0,3,2,12,1,0,33,35,16,5,21,1,12,0,1,0,1,8,3,12
"gene_463",2,36,4,5,3,0,1,2,1,1,17,4,8,2,3,4,4,7,5,1,5,5,1,0,34,18,14,1,16,20,2,23,36,6,4,16,3,21,26,3,4,4,7,17,13,2,6,8,6,4,1,7,6,1,6,17,1,14,6,2
"gene_464",353,419,353,192,176,347,141,196,157,120,177,203,274,356,309,380,384,302,325,240,287,345,206,574,377,425,755,252,253,372,248,131,480,253,326,255,241,407,276,266,355,179,269,329,308,327,189,243,190,230,220,173,167,127,176,321,274,237,201,240
"gene_465",1,40,55,15,23,13,30,6,33,16,3,7,22,10,14,22,14,25,9,12,23,48,12,41,17,21,30,33,33,36,5,22,20,13,18,6,9,14,1,7,22,7,11,16,9,21,12,23,17,17,2,9,18,11,11,6,18,2,6,5
"gene_466",1944,2473,3067,2330,1369,1372,1419,1128,1616,954,995,1546,2415,1570,1246,2043,1990,1104,1219,1478,1222,1749,2288,3038,3078,2058,1217,2317,1564,1558,1710,2385,2937,1966,2494,1524,1755,2712,2539,1580,1476,1028,2153,1212,1647,1083,1105,1206,816,1041,1043,949,1162,649,790,1088,1168,998,883,1428
"gene_467",1663,2158,2983,1909,1591,855,1170,1262,1634,1120,678,1370,1913,1852,1297,1155,1530,1759,1584,1251,1698,2025,1245,2016,1541,2444,1500,1419,1504,1433,1862,1501,1790,1563,2005,1029,1190,793,1745,1455,2070,1875,1612,1769,1617,1910,1524,1199,1432,1394,1034,1145,1041,641,1226,875,1296,934,823,1715
"gene_468",3,51,4,2,15,5,17,5,8,5,14,14,54,3,10,19,55,7,12,24,23,10,8,14,11,6,24,19,12,20,15,6,10,12,21,26,5,8,35,17,12,31,19,6,0,23,3,14,4,7,4,11,37,9,6,4,49,11,5,13
"gene_469",4730,6036,4833,3913,3808,3847,2061,3336,2238,2499,2439,7332,8049,5486,3436,6296,5953,3925,6993,4638,3991,4045,2983,4027,4767,3597,3984,2874,3387,4651,4494,5346,8656,4718,5023,3334,4284,4728,6755,5323,3776,4391,4848,4204,2562,2094,4842,2399,3945,4180,5733,3204,5015,3449,4486,2399,5198,4241,6234,6555
"gene_470",0,26,3,8,3,0,6,0,8,4,9,4,4,0,17,12,11,9,3,7,1,0,0,1,8,2,2,2,1,4,6,1,4,0,18,10,5,5,6,9,2,0,5,7,3,1,9,0,0,2,49,3,1,6,10,4,3,1,0,2
"gene_471",191,411,443,206,165,279,174,143,122,118,144,304,347,174,190,166,271,149,164,213,251,351,242,199,427,307,442,258,241,302,303,250,463,191,468,369,330,243,314,328,284,356,335,229,190,348,291,308,157,487,146,176,170,133,315,156,283,183,173,165
"gene_472",973,1802,897,999,692,1091,541,978,830,764,610,1153,994,698,505,1281,1097,819,841,866,947,959,963,885,880,1792,1669,468,655,1354,999,708,1180,940,963,917,744,445,992,887,1111,570,1235,1072,804,814,769,860,314,578,612,350,731,586,550,419,559,335,637,580
"gene_473",292,235,327,400,179,174,233,68,161,112,104,152,329,203,114,135,265,150,162,171,143,86,124,137,184,272,188,131,114,189,94,144,265,136,174,83,114,82,277,138,175,83,137,165,158,62,171,191,68,84,99,112,151,113,98,75,144,94,132,168
"gene_474",146,104,126,63,112,138,78,88,88,94,95,111,203,110,82,142,164,81,90,150,120,153,159,248,74,262,236,77,127,174,69,63,160,83,171,100,156,69,95,55,274,169,212,170,154,88,116,109,118,136,126,110,76,150,74,119,55,101,125,156
"gene_475",1,13,5,13,7,9,1,8,3,1,0,4,17,6,26,17,2,2,25,9,4,11,6,4,15,18,19,1,3,10,28,8,17,2,6,11,4,0,5,7,2,3,47,29,8,13,3,13,14,4,14,25,9,12,21,9,37,3,19,52
"gene_476",39,43,81,36,97,83,12,47,34,35,28,24,41,17,43,36,22,28,37,18,17,40,59,23,37,11,39,45,20,16,42,20,24,22,17,23,15,15,20,17,29,27,24,48,70,14,58,50,33,23,29,46,34,24,20,23,21,36,17,38
"gene_477",78,36,67,80,44,14,45,27,12,20,26,66,19,33,32,46,32,29,37,23,32,91,65,73,31,33,39,30,34,27,15,29,32,40,49,19,30,37,67,10,37,45,37,35,34,42,41,25,8,52,53,13,22,27,48,36,38,35,37,28
"gene_478",162,259,260,124,83,104,87,56,139,104,193,164,176,145,140,206,327,151,86,119,81,141,79,60,244,72,125,154,58,81,131,185,141,229,171,100,149,119,207,46,138,159,133,87,140,129,167,63,79,90,177,146,82,149,141,105,300,183,125,231
"gene_479",48,97,161,75,61,62,35,131,61,48,34,78,60,24,39,74,88,57,38,16,78,19,68,100,35,93,37,33,56,60,53,54,44,21,60,58,38,19,80,48,36,37,42,58,38,76,67,116,69,66,39,49,40,16,34,57,56,52,14,49
"gene_480",85,67,98,63,65,29,61,37,24,8,27,40,53,34,42,31,74,32,56,74,52,67,26,60,20,58,55,29,49,83,43,34,55,27,67,45,23,16,92,35,19,54,72,84,47,44,40,65,48,73,35,55,27,28,16,21,61,33,48,59
"gene_481",2072,4102,3273,1544,1207,1791,1759,1306,939,986,2085,2465,3533,2857,1260,2792,3614,1970,2931,1292,1187,3595,1355,2918,2240,2515,2865,2043,1595,2787,2910,3289,4307,4031,3315,3787,2519,3217,3412,2703,2141,1021,2705,1303,2085,1538,1716,1058,1735,2194,1978,1507,2375,694,2045,1695,2631,1981,1938,1746
"gene_482",379,702,380,277,334,308,169,211,269,169,197,310,324,186,200,406,248,186,248,159,303,252,230,245,327,330,149,224,206,289,264,108,346,160,185,180,123,285,225,210,329,448,958,495,740,310,565,473,526,510,308,218,390,227,402,199,451,214,410,418
"gene_483",21,41,34,10,6,3,32,12,30,10,7,13,34,11,2,4,23,12,22,22,8,40,28,26,18,30,7,12,40,24,20,6,19,4,18,16,23,41,48,20,61,27,9,21,11,57,7,4,10,39,13,10,12,20,16,13,12,2,9,22
"gene_484",886,2193,2244,935,1056,1209,843,894,1100,1022,1005,1306,1448,775,943,1645,1974,1076,898,679,1225,1152,1110,1171,1183,822,1225,1243,765,1632,1003,788,1495,977,1505,1378,926,860,1737,951,889,962,1248,918,1272,1368,1340,779,771,1512,849,960,914,960,954,705,874,1335,921,1294
"gene_485",199,314,414,188,177,130,174,184,165,96,227,225,511,132,142,207,262,257,262,236,200,200,153,270,344,261,153,173,229,297,175,280,305,297,454,271,241,318,289,206,388,289,253,470,387,262,334,262,374,192,268,258,276,283,268,345,242,214,257,397
"gene_486",645,907,767,549,332,527,366,502,461,539,929,1000,578,492,637,1117,585,634,829,553,709,1050,828,721,1182,878,655,579,460,524,882,753,1053,866,848,463,732,568,1325,729,1069,865,969,676,875,415,1060,848,771,836,760,780,848,501,769,711,1275,607,678,1346
"gene_487",57,108,79,47,83,22,39,33,25,39,36,24,102,40,35,68,41,18,31,47,31,42,38,32,51,54,42,26,28,39,19,24,72,21,28,67,22,47,27,44,77,23,58,28,35,15,39,54,38,46,34,56,44,18,25,31,30,17,40,32
"gene_488",57,47,107,28,43,60,29,29,28,42,35,50,63,57,54,46,72,36,97,46,86,210,72,93,68,87,76,56,131,77,49,122,105,120,91,50,137,124,49,217,109,163,79,73,34,98,76,91,76,152,63,72,120,51,96,96,155,60,62,54
"gene_489",426,537,564,440,272,345,323,232,243,141,229,254,321,284,224,123,327,266,279,132,267,539,280,363,393,310,321,189,305,319,287,295,420,202,400,184,217,123,130,198,731,611,912,532,507,673,429,354,231,527,396,196,295,275,379,261,328,310,274,483
"gene_490",250,252,351,320,223,109,162,150,176,113,115,229,168,55,127,157,167,170,241,139,114,306,178,183,155,162,236,132,164,321,218,88,102,140,155,184,86,127,238,112,300,166,230,217,247,256,253,117,99,257,198,165,119,116,129,109,148,113,186,186
"gene_491",259,225,163,156,218,189,165,138,211,70,113,142,157,115,130,113,171,67,363,110,238,280,115,134,361,127,169,166,170,151,139,199,125,174,236,140,166,110,239,179,191,93,109,99,117,58,146,62,81,101,153,47,68,86,56,50,138,111,46,142
"gene_492",17,45,47,48,9,38,38,27,17,34,46,56,31,37,41,48,16,38,56,20,48,60,29,39,41,55,97,51,72,47,26,63,56,40,76,58,60,37,76,58,30,26,67,41,30,36,51,41,31,46,42,46,59,63,39,17,60,35,24,65
"gene_493",42,32,97,39,42,81,18,61,26,39,30,63,23,29,42,52,35,43,42,22,59,55,23,64,51,54,56,22,61,52,31,44,83,74,42,31,41,103,91,53,34,22,100,43,37,50,29,29,44,41,60,44,26,39,27,22,54,20,47,27
"gene_494",82,140,71,132,130,65,119,51,51,64,63,94,115,117,89,83,98,67,158,167,138,156,145,138,210,78,102,98,95,216,249,140,129,219,184,79,227,127,350,170,103,65,49,80,117,111,43,71,61,77,54,71,42,53,60,48,67,39,100,133
"gene_495",81,95,134,84,52,71,57,55,52,49,46,27,58,85,100,90,93,79,61,56,62,28,74,64,53,141,59,51,45,67,151,101,181,93,99,68,42,83,89,73,124,90,108,94,136,85,135,93,99,66,66,68,72,68,77,64,127,86,93,129
"gene_496",6586,10079,11178,5876,4623,3934,4345,3285,4128,4504,4293,7783,6363,6171,3498,6132,5882,6333,6649,4275,3863,6185,6037,6180,6970,4476,6623,4633,4846,5824,5283,6447,7121,5219,9371,6679,6472,3572,12375,5900,6856,5693,7786,7179,4992,6852,4700,6575,5719,6322,7222,4269,5547,3451,5449,4190,8323,3911,3815,5593
"gene_497",35,31,44,36,26,27,16,30,14,23,61,49,16,18,45,15,25,21,24,14,12,18,14,37,29,33,37,9,32,15,15,16,40,20,27,9,12,16,17,3,31,41,51,22,16,79,56,35,29,22,46,19,19,7,54,13,52,18,20,15
"gene_498",104,125,66,92,63,67,85,44,97,75,58,111,90,49,74,158,47,105,74,74,66,104,124,56,159,74,93,54,45,70,65,77,242,24,66,32,48,37,103,51,52,84,145,105,104,75,81,30,68,81,33,47,25,40,49,53,93,58,38,57
"gene_499",1006,1357,1263,480,493,794,490,467,458,328,503,1130,702,649,820,543,860,534,608,378,812,1153,709,1102,932,1051,858,766,958,1456,724,947,1071,870,1030,892,910,750,1571,894,1209,1106,1144,944,1125,1309,1481,1277,997,1078,1032,724,999,580,1315,808,1650,1165,1179,1426
"gene_500",6413,9222,10068,6667,5560,4723,3554,3425,2980,3932,4069,6011,8770,3297,5816,8644,9126,5397,8459,3694,3771,7431,4329,4468,7178,7468,4581,4447,5027,6312,6577,6268,7845,4146,4901,5376,4985,5857,8831,6175,5175,3336,8519,3429,5276,7153,3993,5365,4449,5488,6553,4024,5638,6443,5363,5542,6252,4136,4440,7343
"gene_501",15,16,13,4,6,7,11,4,0,5,0,14,2,4,1,8,15,2,0,1,7,2,5,6,14,4,2,0,7,7,1,8,1,12,2,4,12,9,11,1,3,3,2,2,9,0,3,17,2,9,1,0,0,2,2,7,1,1,7,6
"gene_502",119,209,146,117,146,100,160,105,170,113,148,213,214,198,247,394,159,248,273,208,132,238,208,122,207,193,248,98,200,257,483,469,757,277,690,332,243,544,470,345,177,136,60,124,98,123,178,122,108,211,233,135,258,209,206,106,384,114,243,205
"gene_503",619,513,602,408,387,318,260,280,224,171,292,427,385,289,335,442,457,304,368,174,200,329,360,290,414,435,384,392,267,507,505,265,504,348,276,355,373,266,509,308,390,322,274,251,306,253,523,226,224,194,381,142,255,334,237,265,312,291,258,348
"gene_504",202,267,297,153,181,165,70,141,203,179,174,220,395,187,166,220,246,176,241,137,222,316,180,197,249,317,470,155,273,417,220,235,212,186,234,182,148,146,380,176,202,134,116,185,163,143,174,143,104,153,165,98,129,131,163,100,235,109,176,171
"gene_505",421,608,560,357,303,202,246,154,222,109,204,365,408,302,295,286,263,262,403,233,243,266,460,291,299,544,427,308,334,296,429,233,351,200,460,344,207,302,429,305,182,155,250,278,254,363,245,195,66,267,228,84,162,105,224,109,235,164,185,275
"gene_506",1639,1756,2221,2035,1567,2336,1546,1705,1178,1115,867,1520,1768,1579,1035,2487,1535,1399,3225,1740,1604,2369,1686,1987,2399,3082,1986,1615,2708,2471,2474,2101,1647,1629,1818,2222,2066,2601,3826,1925,3014,1950,3341,1575,3935,2167,2430,1972,1678,2933,2041,1431,2837,1111,1199,1823,2519,1826,1791,2273
"gene_507",1703,4089,2697,2120,2357,2086,1400,1880,1870,1345,1143,1490,1954,1038,1609,3175,1730,1932,2385,1607,2042,4358,2550,3644,2823,3085,6153,2738,2637,5370,2227,2709,5604,3559,3429,2217,1346,3039,3709,2496,2647,1955,2443,2045,2023,1454,1461,1513,981,1418,1754,1188,1412,1220,1193,1018,2275,1386,1646,2899
"gene_508",31,38,65,6,19,33,24,32,16,21,36,15,45,71,56,20,18,17,61,18,18,29,32,19,61,22,18,15,15,29,13,44,34,26,41,56,19,45,46,29,84,36,43,39,31,40,91,12,25,68,27,43,56,43,41,21,45,39,80,44
"gene_509",0,0,4,6,13,2,7,0,4,0,1,10,14,7,5,17,5,4,4,0,1,4,4,4,24,0,8,6,6,1,2,2,15,2,1,8,9,2,61,9,5,5,0,10,2,0,0,6,3,7,5,3,0,0,5,3,13,3,8,4
"gene_510",7157,10356,6404,4433,4598,5829,3921,4005,5621,2297,1586,2836,3974,1872,1892,3076,2376,2135,3759,2122,5275,4740,5618,6625,10184,6618,6495,5603,3448,4886,3347,2553,3042,2705,2742,1749,1714,3062,2064,2361,3963,4144,3913,5593,5109,4213,3589,3482,3838,5343,2491,1192,2289,1696,2075,1722,2945,1906,1755,2329
"gene_511",412,883,748,468,354,364,412,477,584,307,313,532,352,276,121,300,356,472,485,305,608,801,497,476,681,561,856,446,417,1279,409,517,619,240,407,326,283,551,579,272,519,448,664,361,981,591,731,366,307,573,559,410,176,427,298,452,575,343,255,604
"gene_512",678,423,834,540,398,195,336,461,404,201,290,274,505,250,195,422,548,258,437,516,465,577,345,520,569,553,598,336,556,627,892,400,426,388,709,453,463,948,977,376,808,372,393,278,489,570,664,374,303,570,450,231,629,466,542,242,445,296,392,519
"gene_513",74,109,136,129,126,66,61,47,89,45,29,89,77,46,35,88,72,84,93,49,48,65,91,52,99,144,79,50,89,61,36,56,49,104,134,67,70,57,92,41,110,45,71,79,100,55,62,80,31,62,38,37,66,44,24,38,76,59,17,30
"gene_514",4685,6393,6643,6048,4071,4407,3763,4700,5373,2274,4711,6663,4906,5681,4326,6299,5289,7232,5343,3594,4248,5563,2641,5650,3892,7070,5242,3887,2609,3115,4487,4028,7892,3599,6681,4550,5421,4648,4999,7291,6482,6235,6849,9179,5734,5035,7656,5167,4576,4238,10413,4998,9408,4337,3653,7206,8156,9033,7726,5067
"gene_515",7213,5908,12117,3979,7233,5935,3932,4012,4113,2541,2292,5541,5881,5093,3512,5849,4827,4663,3370,4395,5099,4979,3743,3731,6752,5040,6281,4069,3715,5632,4937,3240,5889,5187,6129,5087,4477,5638,7477,5620,5653,2081,6446,3319,5594,5147,5362,4467,3682,5652,3883,2322,5127,3854,3469,3750,5144,6205,3591,5377
"gene_516",1770,2443,4166,1662,1157,1161,886,2167,937,1106,1556,1877,1773,1778,1251,2133,1323,1541,1864,1267,1160,1658,2065,3130,1816,1753,3115,1498,1644,3418,2327,1112,2412,1515,2400,873,2038,1666,1898,1600,2166,1336,3108,2401,1461,1349,1799,2271,950,1836,1345,942,705,663,1391,785,3407,1428,1258,1982
"gene_517",321,371,358,270,248,259,205,239,134,88,209,237,173,122,256,210,228,115,184,192,121,318,136,235,419,375,392,165,124,248,145,249,380,131,307,233,146,268,313,343,248,393,481,443,147,260,379,308,138,303,145,148,185,218,270,134,433,274,219,343
"gene_518",542,547,1012,806,467,830,360,549,672,236,328,602,801,625,768,937,1088,564,696,556,984,1019,1059,1027,1276,1270,896,976,1023,1324,936,1012,1735,684,1849,871,649,1237,1410,806,752,710,1243,667,631,822,897,599,393,554,539,555,955,383,605,446,859,945,812,866
"gene_519",53,105,113,65,21,25,28,56,72,27,34,73,87,29,52,78,34,33,70,20,72,107,87,55,56,82,95,42,57,121,90,46,63,51,81,80,23,64,69,71,128,57,107,106,66,40,86,89,64,68,58,32,126,54,67,41,53,29,85,91
"gene_520",1117,697,1507,668,452,736,649,305,544,439,228,727,465,819,318,816,265,505,469,523,491,979,902,690,847,955,978,741,896,946,915,704,1660,710,563,500,657,992,1142,574,724,663,933,503,735,772,804,620,589,823,886,465,394,379,505,435,905,519,389,892
"gene_521",218,149,298,130,158,152,102,99,74,114,105,168,116,109,100,127,281,120,187,85,61,186,129,104,169,113,123,35,79,88,119,231,84,158,237,57,168,99,217,221,111,59,130,226,158,112,171,139,145,138,141,148,238,117,147,105,130,128,211,220
"gene_522",110,160,152,142,108,105,61,64,104,76,114,130,177,120,60,168,181,108,141,89,97,122,93,114,116,177,167,67,100,117,65,107,211,69,159,43,107,60,101,47,268,109,192,192,114,203,174,118,111,157,129,70,117,180,96,158,152,87,135,53
"gene_523",134,165,123,28,76,72,47,31,57,38,57,31,79,90,24,111,91,88,98,62,77,79,94,102,39,132,115,56,99,114,67,48,133,33,93,76,39,80,55,110,63,57,102,102,79,56,52,70,70,82,81,37,55,35,56,93,65,37,46,61
"gene_524",630,937,858,601,547,575,622,374,513,482,594,739,799,596,528,755,1019,315,640,443,791,809,602,739,974,661,1319,676,766,822,880,541,904,601,907,465,614,893,1184,657,1138,475,1103,439,844,570,1045,449,875,792,666,395,802,532,725,557,442,530,456,508
"gene_525",308,685,412,453,315,356,194,168,241,139,795,963,1402,1668,673,1212,1268,1650,1241,1338,214,432,496,443,344,304,232,296,219,431,1375,1295,1986,1584,1827,1385,1121,1402,1582,788,279,307,296,248,267,316,365,257,280,316,1146,693,1063,741,983,669,1339,715,660,923
"gene_526",15,18,41,2,18,10,7,9,15,4,3,1,23,29,21,9,5,41,8,12,12,5,21,15,16,27,31,10,4,10,21,21,31,13,29,20,11,22,22,16,38,17,18,27,21,17,17,6,17,14,15,7,7,22,26,16,51,56,5,34
"gene_527",91,164,114,165,126,184,139,91,96,68,109,150,136,167,108,130,91,207,109,91,149,139,191,145,153,121,157,120,149,183,109,222,247,81,226,141,124,131,119,170,60,140,136,103,157,108,122,81,112,124,74,39,98,81,55,72,109,45,93,63
"gene_528",331,254,243,306,197,189,96,187,143,121,116,151,163,188,208,346,107,161,187,112,195,389,181,487,330,272,591,303,166,421,145,343,310,256,405,272,303,173,409,269,267,241,378,236,152,198,276,198,188,210,100,95,144,256,152,136,183,109,178,284
"gene_529",378,816,586,355,216,341,299,303,245,215,240,420,407,283,260,331,138,271,295,261,237,227,207,367,432,388,805,239,338,385,306,478,244,301,271,248,257,278,491,181,630,440,437,673,415,362,417,265,222,569,368,283,435,341,303,262,565,293,409,225
"gene_530",114,105,121,87,63,83,84,25,58,58,40,182,150,123,81,89,130,46,74,75,41,51,41,83,64,37,60,16,47,57,21,56,71,59,71,60,63,57,89,43,99,51,126,112,83,129,135,53,63,141,74,66,104,54,114,60,110,59,64,164
"gene_531",10,3,54,6,14,5,18,2,1,6,8,85,18,61,12,36,44,6,27,46,9,4,10,8,24,8,29,5,13,2,96,18,60,19,31,36,8,6,13,9,4,18,8,17,2,3,9,4,10,10,42,19,13,22,9,5,8,5,24,12
"gene_532",296,273,373,315,340,237,160,234,229,118,188,353,324,221,188,455,214,309,330,356,233,293,99,222,244,221,360,202,204,189,202,242,267,330,248,128,276,238,343,298,369,184,323,303,352,212,327,172,235,246,296,328,293,202,407,286,486,238,221,474
"gene_533",2,11,24,3,1,0,4,7,9,3,3,5,18,4,1,0,1,0,1,4,0,2,6,2,1,5,0,8,1,4,3,7,1,4,12,6,0,13,2,9,0,7,9,2,12,0,4,4,8,4,5,2,1,12,13,4,1,1,0,1
"gene_534",6,5,1,9,6,1,2,0,24,9,5,22,5,6,5,44,17,40,25,23,1,16,13,5,8,5,10,3,4,14,23,6,1,6,16,0,9,36,9,1,2,2,32,5,4,7,6,8,6,16,22,1,4,21,4,3,5,18,4,23
"gene_535",420,337,559,238,332,320,195,221,362,154,163,379,360,220,270,175,211,233,442,336,394,450,229,508,550,355,625,323,356,429,434,359,283,268,487,418,280,198,398,243,483,341,481,272,501,383,284,265,303,325,217,268,338,194,245,179,277,164,212,236
"gene_536",329,364,373,384,382,279,166,206,274,143,213,186,245,199,286,575,287,195,204,171,294,446,221,317,290,537,347,416,341,544,225,219,266,284,513,454,433,170,394,360,346,239,535,410,332,344,402,376,255,138,187,169,331,136,280,149,375,308,260,262
"gene_537",69,84,38,56,23,47,39,42,25,29,17,9,43,41,37,46,35,46,22,25,25,42,24,50,29,69,25,22,24,49,21,52,22,15,32,16,29,10,20,38,28,38,29,61,77,25,59,56,49,81,22,20,25,69,11,37,42,34,33,25
"gene_538",3336,5632,3668,2949,2370,2758,2404,1583,2223,2420,2863,2484,5580,4325,2796,4023,3589,2419,2656,2808,2192,2243,2650,2830,3296,4502,4655,3588,3054,3907,2593,4141,3301,2938,3497,3474,2394,4236,5371,2632,2989,2135,4318,2010,3553,2399,3021,3837,4387,4723,4763,3044,2872,1937,2311,1952,3607,3261,2751,2338
"gene_539",6,14,31,24,18,21,8,23,6,12,11,34,13,9,4,10,6,11,16,5,24,18,2,33,20,60,21,28,33,59,10,17,22,7,29,33,14,13,12,11,28,14,44,15,7,32,42,21,15,29,15,3,32,11,5,32,16,3,7,26
"gene_540",89,241,158,97,72,105,41,108,112,81,135,106,196,85,101,203,172,79,119,124,126,151,104,90,71,99,92,101,37,150,157,98,126,101,148,94,109,61,188,114,94,76,100,128,100,70,112,93,71,78,95,77,44,113,29,94,42,105,108,96
"gene_541",853,2638,1757,1278,1128,847,1026,884,862,666,1302,2571,1611,1086,1673,1925,1372,1241,1683,1421,663,1576,1247,1037,1780,1203,1155,661,1114,1885,917,1481,1346,868,1233,1687,967,981,1904,1575,1043,1318,1906,1276,1906,1254,1993,1176,1091,1354,2338,1210,1127,1883,913,580,2882,1522,1711,1619
"gene_542",102,145,125,68,86,21,55,32,67,46,14,39,35,12,18,19,30,20,17,10,47,80,48,62,115,72,116,33,54,54,9,8,12,17,25,20,9,15,21,26,81,42,118,107,53,87,116,36,67,43,5,11,26,14,8,11,23,18,8,30
"gene_543",40,28,89,67,29,14,13,38,13,15,31,47,93,36,48,63,76,88,53,54,23,14,22,28,38,69,41,13,20,53,28,48,52,28,70,40,68,37,25,54,56,23,43,29,43,95,41,49,24,33,73,57,73,65,58,98,68,82,63,109
"gene_544",2162,3045,2847,2817,1924,2285,1834,2218,2080,1481,1509,3133,3842,2558,2335,1961,2023,1499,2455,1600,2365,4210,2730,3097,3999,4058,2767,3515,2916,3770,3379,2594,3305,3527,4556,3040,2514,1747,5153,2418,6549,2862,3932,2491,5661,3002,3374,3911,2519,4683,4592,3131,2643,3647,2692,3902,3993,5774,3221,4042
"gene_545",1871,1950,2819,1925,1553,1610,1050,973,1385,906,1446,1254,1700,1300,953,2938,1219,849,1267,829,1083,2782,1753,1779,2568,1931,2350,824,1846,2008,1719,2131,2248,1750,2739,2650,2483,1415,2951,2340,1986,907,1500,1119,1349,1401,1368,949,1079,801,1140,672,1112,1280,861,1042,1726,1368,1422,1053
"gene_546",107,157,36,80,141,63,41,45,87,66,8,11,8,13,10,44,18,9,11,16,53,90,81,81,54,86,53,61,46,174,19,19,27,18,16,12,18,14,18,13,121,133,100,111,213,57,145,115,58,115,22,9,13,45,22,17,25,37,23,29
"gene_547",6424,8178,5867,6229,4351,4315,3597,3855,4378,3839,2985,3725,2984,2600,2181,3628,3772,2453,3866,3442,2389,5344,3750,5770,6998,3949,7573,2830,5784,8894,4922,3011,5115,3952,5614,3707,3032,6181,7372,5309,4910,1966,5031,4150,3017,3568,3803,3034,1876,5522,2256,1492,2017,2064,1510,1285,2786,1397,2084,2704
"gene_548",1157,2347,1362,770,1590,859,776,800,1366,402,1311,1791,1834,1007,1002,1464,1163,950,950,782,592,1214,992,622,891,641,859,720,746,1144,1103,629,1514,838,643,893,646,843,1445,757,1860,1145,1114,1676,1650,1271,1216,1557,743,2265,1480,984,1262,1234,962,924,1737,1115,1085,1049
"gene_549",7,0,5,0,8,6,8,5,0,1,2,6,0,0,3,1,1,8,2,5,5,1,10,2,16,3,3,0,20,1,5,0,0,5,3,11,0,3,4,2,4,0,8,17,0,9,9,4,2,7,6,0,4,0,2,0,1,0,3,3
"gene_550",396,302,264,222,293,194,177,307,366,210,231,351,281,264,309,325,405,292,270,169,139,286,218,159,264,195,344,144,308,211,118,174,152,169,308,133,231,203,326,232,422,330,632,447,281,222,291,272,281,383,152,271,261,162,312,276,286,252,236,318
"gene_551",9,19,4,3,4,0,3,1,3,3,3,14,16,1,0,11,9,0,26,0,25,8,9,7,0,2,26,21,4,37,3,9,13,0,1,1,6,5,17,11,6,19,19,25,11,3,9,5,17,19,14,0,13,9,0,1,7,2,4,14
"gene_552",63,63,151,156,49,105,42,75,75,35,32,29,132,44,59,59,70,71,101,36,89,81,80,58,112,44,89,83,70,109,115,93,72,52,129,91,105,117,157,76,52,74,87,97,77,98,112,92,84,85,52,58,115,91,63,46,40,52,56,63
"gene_553",207,221,321,346,214,151,98,228,157,96,176,202,307,132,121,191,206,183,190,169,175,216,225,418,288,232,191,229,237,333,241,127,294,158,218,130,241,219,232,222,181,101,183,88,144,152,167,157,225,141,161,72,209,171,158,113,94,131,115,154
"gene_554",873,1151,1493,1140,402,664,611,761,837,565,496,1093,658,633,501,975,1011,472,934,561,651,886,626,498,621,575,1059,806,602,954,926,624,1192,682,725,495,652,725,1639,655,1032,736,908,979,773,1000,1258,729,748,906,584,714,563,473,908,616,1384,947,509,902
"gene_555",598,810,920,436,577,449,452,329,411,345,725,939,852,529,591,600,431,572,388,504,200,417,309,299,452,366,384,278,354,441,571,461,339,301,501,326,519,500,675,497,715,625,778,538,602,620,805,681,423,418,646,323,675,384,339,460,710,390,383,690
"gene_556",1457,5082,2500,2552,2147,1884,1617,2042,2480,1812,1914,4003,3841,2074,2612,2748,2911,1630,1996,1668,1710,1562,2147,1644,1967,983,2328,1494,1509,2322,1758,1375,1592,2021,1897,1458,1353,1841,1933,1357,2515,1914,3406,3661,1959,2296,2237,1960,1433,1793,2606,1564,2066,1126,2413,1517,3285,2369,1890,1909
"gene_557",5116,6196,6032,3710,3335,2435,2890,3810,4346,2216,2605,3232,3870,2919,4574,3924,4261,2931,4741,1761,4993,4310,5778,6579,4736,5867,5116,3511,7777,6817,5531,3444,3810,2699,5255,3347,3382,3463,6647,3140,6938,3188,4450,3716,2990,3861,4314,4382,2498,3307,3631,1926,2907,2605,2309,3475,2452,1865,3116,4129
"gene_558",1664,1769,2841,2227,927,1508,732,729,1143,868,1344,1017,2025,815,1193,1122,1719,939,1591,1408,1466,2081,2017,1255,1444,1451,1253,668,1221,2215,1822,1376,1364,1769,1728,1202,1477,1769,2263,1906,1343,949,1472,989,1042,924,1304,988,803,1573,1093,798,1159,512,1114,727,1523,857,1044,892
"gene_559",99,214,128,116,111,70,60,91,58,39,65,131,205,85,94,108,149,67,120,80,62,104,119,149,178,107,121,95,91,102,53,103,247,105,128,72,55,112,110,78,125,65,161,127,147,155,94,205,59,108,68,135,66,36,138,54,172,165,64,223
"gene_560",116,200,210,248,116,173,142,113,189,82,25,88,47,40,41,67,30,19,57,36,122,380,167,47,96,211,190,228,232,199,56,31,51,44,36,29,32,30,54,50,231,180,231,121,154,103,153,133,130,182,29,23,48,19,28,21,35,18,54,73
"gene_561",1088,1141,834,476,592,380,438,438,430,364,310,839,799,344,178,678,598,615,535,402,375,760,499,768,856,631,955,495,493,558,494,573,684,503,543,360,331,526,925,439,713,588,533,903,532,315,810,388,364,785,465,395,526,475,533,462,792,601,253,402
"gene_562",1790,2572,2176,1362,1784,1762,1046,797,1959,894,1968,1992,2902,1112,1180,1743,1838,1561,1518,2118,1765,2443,1522,1585,2068,1798,1876,619,2041,1756,1442,1496,1900,988,1609,1711,1233,1699,2348,1198,2062,1724,2067,2125,1906,1854,1780,1792,1077,2094,994,600,795,1352,733,764,1720,1139,1157,1996
"gene_563",329,519,574,426,216,369,170,295,342,192,171,276,591,265,210,490,544,309,460,327,336,350,240,306,279,321,273,209,182,245,419,180,456,364,317,226,258,231,520,246,321,248,376,273,256,224,406,214,292,258,186,246,358,209,213,134,295,252,264,230
"gene_564",56,77,64,37,20,53,46,66,47,51,18,58,45,30,10,56,56,47,48,80,28,15,36,60,63,41,33,22,67,34,12,30,23,27,21,18,20,18,69,21,53,23,56,58,26,34,54,33,16,56,68,35,32,21,12,22,45,42,12,24
"gene_565",6686,8825,9912,6381,3354,5382,3744,6610,3346,2151,1817,3420,5764,2928,2941,3052,4174,3605,3307,3553,5660,7018,6893,4546,7106,5935,7934,3761,5838,11005,4542,3387,7047,4494,3214,4108,2639,3735,4385,3862,5875,2892,5094,2487,4967,5619,3199,4403,3968,4289,2200,2018,2625,2276,2181,1587,3594,3309,2991,3374
"gene_566",180,77,140,40,139,69,34,59,65,66,37,115,51,57,58,119,89,86,61,55,63,77,48,56,78,45,106,61,67,89,40,103,95,42,111,50,63,94,142,111,64,77,64,87,71,24,84,63,39,26,57,56,24,95,124,47,92,54,52,247
"gene_567",1415,2136,2499,797,1149,1067,970,578,1089,613,907,1125,1018,1080,761,1487,1051,1064,979,1112,934,1015,897,1528,1488,1810,1158,809,1226,1356,1461,1407,1430,1250,1213,1265,948,1258,1786,1282,1518,1793,1311,1564,1699,1185,1307,1458,780,1111,1570,1210,1284,1140,817,906,2116,1361,854,1692
"gene_568",3813,5319,5401,3685,2240,1802,3497,2009,3276,1889,3908,5773,4610,2308,2308,2906,4725,2802,2407,2267,1869,2739,2298,2479,2052,2702,2654,2172,2778,2743,3038,2949,2731,2900,3122,2298,2056,2434,3451,2360,5123,2512,3601,4431,4277,2292,4137,4647,3360,2741,4305,2759,2942,3742,2544,2366,2939,3888,3237,5113
"gene_569",111,147,70,64,82,80,41,71,25,58,61,146,45,29,58,104,108,22,87,82,85,203,84,49,106,131,111,84,118,66,96,120,117,101,133,76,114,118,155,114,121,89,95,75,72,111,177,61,43,120,105,92,94,42,83,58,95,62,31,68
"gene_570",280,280,405,289,215,388,161,158,320,140,207,239,274,219,248,267,348,204,248,297,174,159,216,293,343,180,353,252,172,211,178,203,150,175,314,146,209,194,341,231,423,347,431,423,391,499,386,148,317,483,336,266,265,513,354,376,485,332,202,380
"gene_571",1657,2166,2547,2092,2117,1550,2130,1281,2176,1243,1112,1236,2145,1753,1430,1083,1547,886,1187,811,2496,2451,2593,1996,3035,3210,5659,2605,2391,2399,2360,1676,2203,2229,2701,1412,1945,1525,2591,1619,2273,1283,1743,1514,2771,2178,2289,1295,1338,1422,1312,576,1241,1029,1176,1237,1488,1206,1197,2170
"gene_572",241,375,231,181,129,158,159,79,237,78,230,320,322,266,277,230,203,174,151,179,95,151,111,123,119,196,188,119,133,231,234,157,204,225,186,171,103,119,236,242,232,152,132,263,145,136,226,85,121,187,181,158,222,178,212,147,254,134,94,163
"gene_573",321,447,816,603,175,517,362,280,291,155,205,290,482,278,284,331,324,163,251,219,192,307,285,482,290,329,517,268,461,397,331,374,341,225,359,240,216,274,290,214,279,374,625,271,507,514,511,380,491,348,311,236,380,348,291,228,334,302,380,648
"gene_574",3713,7199,6949,6442,3565,4086,3423,4562,5442,2918,2727,4228,4688,3029,3059,3811,3579,4000,3326,4185,6865,10529,10527,6730,12787,9646,13721,7620,9362,13974,8019,6428,9468,7663,15842,4894,5247,7969,12512,8988,5062,4001,4337,3841,4835,5579,5429,3529,5708,3608,3609,1970,2289,2191,2083,2624,3229,2675,2417,4615
"gene_575",47,27,76,24,24,27,20,38,27,29,15,22,39,14,10,21,38,17,25,30,23,36,31,57,39,22,23,8,11,23,23,8,9,26,50,37,18,34,20,30,25,28,45,39,15,11,39,27,11,21,10,5,44,14,27,28,17,7,22,19
"gene_576",170,330,314,221,168,118,158,107,170,100,123,177,169,148,212,143,158,123,128,75,45,160,148,105,159,202,173,111,92,169,109,140,274,283,154,159,170,173,195,193,111,194,193,271,186,153,196,161,170,223,152,206,261,192,195,219,202,175,172,205
"gene_577",6,5,17,9,41,7,12,11,15,28,9,8,5,19,3,2,24,25,15,9,4,6,10,7,12,12,28,3,7,7,5,1,6,15,9,1,11,14,5,1,8,17,23,5,20,9,2,10,1,31,8,1,4,13,7,7,6,5,6,17
"gene_578",73,79,133,66,83,61,34,47,61,46,31,32,106,28,64,40,85,8,54,38,70,75,70,57,7,51,54,19,59,70,65,39,75,52,49,22,32,35,75,35,25,22,60,27,39,48,46,70,21,48,30,32,30,8,40,9,39,41,37,50
"gene_579",91,62,83,53,69,44,46,32,34,61,43,38,51,42,28,58,60,25,56,60,46,62,63,49,30,49,79,27,58,23,65,50,57,7,48,53,31,32,30,15,48,49,79,62,41,47,73,17,54,74,54,23,28,21,42,55,20,50,14,40
"gene_580",6,4,11,2,4,9,4,11,5,2,2,1,3,22,3,2,10,5,0,5,4,13,18,19,20,7,4,2,5,11,11,4,5,3,11,9,5,1,40,15,1,8,5,5,0,8,12,2,40,3,0,1,1,2,3,8,30,3,10,12
"gene_581",1053,1381,1353,764,843,996,640,604,815,557,766,1107,710,851,495,985,1268,605,543,608,1106,1306,1074,1089,1143,881,1568,804,1670,1139,826,1150,1362,635,697,904,883,1050,1567,1157,1312,829,1497,779,1074,704,1002,774,603,874,484,534,492,533,347,694,1123,529,358,686
"gene_582",1295,929,871,720,799,423,464,593,665,455,372,627,503,451,673,765,418,654,661,418,754,1183,1024,863,1212,712,753,727,850,683,1151,581,1050,990,973,611,903,1164,903,735,1043,844,1260,1024,575,796,1704,1182,584,1165,993,658,774,513,1063,391,940,748,923,681
"gene_583",33,60,25,41,19,15,21,23,7,15,15,31,13,26,17,55,22,24,25,19,29,14,43,26,35,111,29,8,20,47,31,22,37,38,42,24,12,16,11,23,55,22,39,22,44,31,8,26,10,57,16,18,16,34,11,16,46,33,17,29
"gene_584",5529,5146,8186,6144,5724,5930,4365,3872,3001,2936,2823,6101,4063,6056,4181,8398,8259,2474,6979,6143,4505,5370,4749,7585,4407,4862,7199,5435,3601,6317,7820,6443,11175,2988,10022,5090,7490,6000,7647,6262,5147,3922,5302,6363,4538,3258,6854,3578,4919,5137,5066,3480,4389,3972,3137,3905,3254,3422,5535,6395
"gene_585",753,740,627,542,436,375,453,392,439,500,464,644,927,500,696,627,574,716,425,515,429,583,606,449,482,573,304,294,501,1014,568,490,596,353,814,544,424,467,480,435,729,603,1288,918,898,511,1161,620,847,819,966,579,794,547,283,941,548,535,633,659
"gene_586",262,334,348,222,177,90,110,179,244,155,206,240,294,121,133,144,281,157,188,176,240,210,257,347,268,241,264,143,217,322,250,202,310,198,165,239,125,155,235,171,324,238,238,89,218,138,314,153,252,275,122,108,104,107,158,136,187,115,111,122
"gene_587",782,1361,771,483,425,422,404,454,618,467,482,933,790,391,671,856,473,418,610,525,474,572,771,552,631,880,487,634,594,873,658,651,896,805,945,857,287,824,934,837,882,547,513,377,406,665,640,430,564,649,310,399,520,333,574,295,725,444,456,632
"gene_588",1369,3337,3161,2375,1183,1233,1013,1837,1346,836,1157,2646,2399,1449,1045,3397,2065,2053,1315,1787,1571,2183,1895,1894,1716,2643,1446,1739,1463,1704,2663,3150,2323,1999,3911,2254,1682,1200,3987,2032,2079,2039,2645,1952,1784,1637,1233,1442,1404,1899,1631,973,2246,2056,1602,1188,3027,2656,2635,2443
"gene_589",5237,8157,6841,4989,5013,2668,4821,5610,4441,3941,5215,8383,6459,7618,4606,5462,4056,3860,4301,5592,3723,6038,4771,4581,3126,4265,4555,2487,4039,4261,5362,3887,7614,2987,6761,3286,4024,4661,6768,2049,4967,4716,5887,5020,6088,3807,4420,5114,4320,3578,4365,4127,6325,5396,4174,4971,7882,3667,4024,6221
"gene_590",156,351,153,124,86,159,82,122,97,90,46,121,144,170,123,95,64,66,145,75,86,158,92,50,130,165,239,63,121,73,172,70,44,65,102,49,59,32,156,109,123,131,106,81,124,107,161,102,111,154,73,52,156,38,35,33,98,72,47,73
"gene_591",216,212,241,168,131,73,41,100,116,74,83,85,85,55,86,110,130,91,112,131,134,150,116,187,107,222,130,157,52,112,155,115,149,78,138,123,131,102,264,64,127,100,101,147,192,71,117,126,57,76,93,36,34,91,63,79,133,139,71,121
"gene_592",245,116,94,75,48,52,103,69,101,63,97,95,178,133,110,78,82,62,218,75,83,131,135,111,132,101,207,98,79,123,196,176,229,165,167,124,78,126,129,68,44,144,134,136,125,122,152,56,96,106,128,72,177,114,135,84,81,122,136,102
"gene_593",319,415,302,196,281,193,147,191,266,125,149,222,239,171,205,186,290,156,297,219,86,251,115,239,243,230,207,140,143,165,155,103,88,150,182,166,123,129,359,199,552,201,363,271,190,268,187,376,177,325,241,145,146,190,219,122,410,199,117,177
"gene_594",5,0,10,3,4,25,2,8,2,4,2,0,3,0,2,5,9,2,1,3,0,3,9,13,11,2,2,9,1,8,2,11,7,18,3,0,5,1,9,4,11,1,3,0,9,1,24,5,13,6,0,10,11,5,14,0,8,6,1,4
"gene_595",728,852,892,357,400,560,303,323,444,203,464,420,574,423,451,609,617,324,783,533,544,541,476,561,1150,767,650,419,705,727,655,595,696,927,654,687,512,1087,1432,501,420,397,532,364,454,321,392,364,262,435,409,341,415,175,376,442,312,268,373,412
"gene_596",887,1867,1218,996,1337,996,845,1031,1158,733,621,1599,1409,874,581,1355,995,885,1007,1042,564,880,1120,1132,882,1079,1415,392,942,792,660,784,1349,623,509,786,882,802,1335,1032,538,775,823,955,1090,974,914,636,465,680,885,476,459,915,676,634,757,871,483,957
"gene_597",400,334,608,312,383,351,374,305,276,166,343,406,381,442,266,240,569,498,459,367,307,347,240,323,410,359,478,195,163,289,324,334,335,291,396,365,243,326,381,476,422,213,148,165,271,350,489,340,355,262,462,327,417,226,356,262,343,289,285,495
"gene_598",5,17,26,2,3,3,3,7,33,7,1,1,10,7,20,0,2,4,14,5,2,22,8,4,4,15,9,14,25,3,10,3,7,21,2,4,10,0,10,11,34,20,2,0,2,7,2,13,12,12,0,8,6,5,1,14,5,7,4,17
"gene_599",285,266,334,264,279,207,243,278,268,138,237,370,369,293,209,272,209,215,374,221,221,172,126,283,133,328,298,153,127,264,138,224,200,137,155,196,173,182,278,101,339,237,315,236,157,151,262,224,146,215,193,112,137,141,159,141,185,136,96,103
"gene_600",5381,6470,5347,5390,5498,4249,3267,4440,4796,3883,4126,6637,8969,3590,3798,6531,7161,4756,5266,4300,5765,6736,6801,8301,8039,7622,8796,3129,4961,6094,4179,7267,6212,4573,9349,7133,3840,5349,7316,5981,5129,3656,6580,5440,3622,3714,5276,4136,3651,3523,3101,2945,3844,3540,2682,4766,7036,3443,3010,5721
"gene_601",17,27,35,12,13,27,13,16,14,19,8,11,21,72,17,38,23,12,21,3,17,37,26,28,22,36,31,43,9,11,86,17,38,20,75,29,26,21,36,19,14,15,28,11,25,19,75,28,18,34,18,19,17,5,20,8,32,15,26,13
"gene_602",38,73,117,101,53,93,19,43,61,62,52,52,34,37,57,69,45,42,54,43,76,63,110,115,169,71,79,135,90,44,48,47,98,86,184,43,128,44,213,52,48,55,29,29,40,50,64,28,29,16,35,5,45,28,56,42,27,26,15,27
"gene_603",29,94,67,81,45,64,87,51,24,38,39,48,52,45,85,43,45,68,40,39,38,35,40,39,85,23,49,38,42,58,51,87,101,32,60,83,73,51,101,27,22,47,18,41,26,33,71,24,40,37,91,22,41,37,28,39,43,26,34,62
"gene_604",165,99,101,88,81,41,59,55,87,46,41,73,90,60,59,70,45,68,24,60,57,110,74,98,80,49,85,23,86,82,63,75,64,44,45,45,50,55,73,37,100,75,75,45,93,111,60,36,65,49,119,35,91,45,46,52,49,31,87,154
"gene_605",1331,1667,1634,1284,739,579,890,495,1059,454,346,930,800,607,453,862,800,1008,810,424,664,812,776,864,999,968,1120,615,985,1225,652,1102,964,945,687,616,626,854,1173,746,1172,1166,1274,952,1016,1355,1340,669,782,1440,816,742,850,1037,593,506,892,671,696,1183
"gene_606",29,66,71,70,48,65,20,29,44,24,28,34,77,40,27,34,28,13,29,16,74,46,71,56,88,64,72,54,33,102,43,56,92,49,59,38,64,42,116,81,88,56,86,63,103,49,88,108,43,48,23,15,42,32,25,20,85,44,51,73
"gene_607",72,59,58,77,43,94,48,36,73,25,79,44,80,53,45,57,70,41,64,28,59,81,114,58,86,82,69,43,37,81,39,45,64,65,57,34,39,29,93,117,62,39,16,44,41,31,70,46,14,51,34,33,59,21,67,37,54,29,29,49
"gene_608",33,51,31,64,36,22,17,52,39,20,29,45,23,25,11,29,13,59,26,18,29,63,81,40,61,68,51,34,54,54,60,47,67,53,35,51,30,18,64,32,50,22,66,41,17,60,62,58,13,50,6,2,21,8,17,5,25,15,13,15
"gene_609",29,183,85,59,80,47,60,90,45,49,33,100,79,39,42,48,57,36,68,44,74,96,109,122,61,129,100,96,53,76,114,106,68,51,49,59,16,73,57,35,95,74,99,131,87,30,134,92,33,85,46,67,64,31,56,30,64,55,44,68
"gene_610",77,86,65,33,50,27,36,36,73,27,54,100,98,61,50,67,87,67,95,68,52,100,51,38,102,71,81,35,43,92,53,70,105,47,90,58,34,44,95,71,90,107,57,111,44,88,105,53,40,58,82,77,73,95,77,62,112,77,75,59
"gene_611",210,301,225,153,113,134,109,126,135,55,84,220,154,100,132,181,78,101,95,90,94,96,154,185,170,265,189,140,172,156,212,156,202,175,149,160,91,145,147,193,203,135,228,165,85,230,136,120,107,164,211,177,206,181,218,116,126,120,120,186
"gene_612",445,579,786,407,279,225,334,212,349,227,271,415,332,242,306,453,328,253,355,273,256,280,289,375,274,287,393,193,213,194,212,196,202,198,223,167,138,172,297,258,443,539,580,372,663,610,380,317,467,732,327,193,296,287,328,190,397,154,333,396
"gene_613",73,100,54,56,21,54,72,50,38,33,47,100,76,40,46,61,45,55,27,47,45,80,67,72,43,96,98,54,93,107,55,51,75,80,59,91,43,33,37,50,134,37,68,59,46,62,127,59,57,47,50,19,50,26,24,26,57,37,69,70
"gene_614",0,19,0,9,7,10,3,3,21,7,4,5,0,4,2,1,0,1,1,3,1,6,2,0,1,1,0,2,4,0,2,0,2,2,3,1,1,8,7,5,9,0,18,3,10,11,8,3,0,4,1,0,6,18,0,1,1,1,10,1
"gene_615",503,690,295,318,250,322,190,365,295,293,183,621,667,461,279,432,498,305,685,328,534,535,442,416,575,726,626,355,431,561,525,584,557,493,922,353,418,484,643,430,589,361,783,467,433,314,334,463,248,417,416,308,470,195,325,338,563,380,426,516
"gene_616",35,39,86,17,64,21,30,26,41,34,43,77,53,51,43,64,89,77,62,39,47,53,19,35,81,20,46,23,68,88,123,81,70,35,55,46,48,26,69,50,42,40,27,45,56,25,72,63,71,40,35,73,42,34,82,22,92,34,82,70
"gene_617",68,111,172,140,130,73,35,53,38,107,67,32,87,86,75,73,69,63,76,85,109,66,110,121,150,92,189,51,53,49,101,91,70,39,166,75,71,83,45,75,125,133,207,123,189,128,200,110,130,150,107,70,150,75,116,60,131,195,193,128
"gene_618",52,107,35,55,54,16,30,29,27,15,20,55,22,41,19,54,48,24,14,56,15,25,33,35,31,75,58,37,30,66,44,30,23,45,20,45,45,19,27,64,35,24,31,20,11,39,22,9,15,17,7,18,19,23,29,24,12,17,16,22
"gene_619",7826,11226,6691,6018,6030,5177,4462,4065,2838,4146,4392,4801,3716,2605,2509,4094,3035,3423,2626,5732,5647,7095,5522,3897,5258,6372,6476,5454,3319,6517,5149,3356,4168,2660,4383,4586,3373,3831,4559,4494,7736,5957,6921,4589,6763,4975,7232,9461,5209,8411,6984,2980,5454,3443,5136,4291,5635,5346,3513,6395
"gene_620",1923,2686,3069,2155,1372,1640,1152,1531,1854,926,1007,3548,1629,2708,1195,3552,2321,2218,2308,1507,2934,3264,2564,3070,2455,1416,1671,1686,1329,3059,2860,2765,3350,2472,3493,2221,1707,3119,3941,1885,1792,1220,1570,1309,1267,966,988,1127,1125,1677,906,927,1606,1152,1430,1823,1150,1209,1236,1675
"gene_621",67,111,82,50,51,63,33,46,20,33,40,163,116,64,39,107,80,76,109,38,99,130,75,72,109,188,87,58,88,90,132,90,118,69,118,65,78,99,118,127,58,50,103,78,32,25,46,38,39,57,61,67,51,35,81,71,82,67,103,61
"gene_622",292,488,406,421,276,121,177,132,293,125,282,286,635,345,192,289,370,198,372,359,325,263,190,381,343,395,314,219,352,236,445,305,242,136,402,168,277,190,221,402,300,179,391,209,210,229,251,286,159,323,183,175,244,223,189,176,344,126,207,184
"gene_623",60,25,41,11,47,41,17,40,34,13,16,39,24,19,15,79,39,10,32,45,28,22,30,25,34,21,26,36,19,38,42,35,50,16,38,10,17,23,23,69,49,5,67,59,48,13,64,57,10,19,55,25,34,7,46,37,31,26,17,54
"gene_624",5038,5395,6865,6645,4640,3569,3626,4483,3698,2761,2805,3522,5248,2618,3781,3661,3778,2962,6508,3744,4065,4098,2562,3999,4827,4611,3821,3821,3777,4931,5015,4874,3578,3313,3952,3891,3196,2875,5649,2459,3451,2901,3311,4393,2654,3407,4177,1918,2005,3274,1799,2166,3004,1706,2216,2015,3286,2597,1751,4012
"gene_625",45,56,86,81,21,46,29,26,76,41,35,66,73,41,61,28,33,43,65,38,70,55,47,70,57,95,51,54,24,67,51,68,75,51,41,14,42,63,60,25,49,38,65,35,56,56,44,25,55,36,43,20,23,51,25,10,47,28,47,42
"gene_626",369,338,556,223,279,329,207,266,295,128,675,516,796,452,382,700,919,372,564,652,196,363,179,276,327,331,410,293,242,307,622,541,492,491,476,372,496,370,656,369,431,247,541,206,521,208,269,299,343,461,619,435,626,421,445,195,1182,461,597,661
"gene_627",186,238,148,245,117,148,96,190,128,114,143,130,177,125,99,230,181,198,205,180,76,90,130,148,190,155,165,154,206,132,152,158,149,120,236,76,142,164,196,109,131,87,76,116,117,99,215,137,74,168,114,112,74,106,162,87,150,72,153,96
"gene_628",1580,2673,1264,1320,1442,1078,1317,1383,1620,817,1528,1986,1890,1398,1125,1540,912,1278,1733,1565,622,1281,1328,1292,1455,1598,1123,1007,639,852,1327,1133,1126,1169,1158,1259,1035,1285,1445,879,1571,1500,983,1388,1484,842,1643,912,599,1130,1132,1112,856,1294,794,774,717,857,1215,1616
"gene_629",104,189,133,66,76,63,29,61,74,65,23,59,85,68,55,38,75,36,60,38,136,91,90,60,109,129,134,61,88,173,88,32,62,70,76,48,31,35,70,61,111,63,114,77,81,16,59,117,73,71,35,51,23,62,60,15,38,34,49,71
"gene_630",3,7,11,12,12,5,16,7,0,4,3,7,29,4,8,0,13,2,2,16,5,2,9,14,11,10,4,9,1,7,11,3,3,1,22,7,7,8,0,28,12,3,1,18,9,5,49,18,16,8,8,16,13,2,22,7,2,5,4,6
"gene_631",365,379,639,317,200,300,300,148,399,157,127,224,276,235,163,279,348,236,296,235,394,359,375,502,658,509,665,593,320,496,620,523,311,385,572,371,778,319,390,342,355,282,372,231,202,315,236,170,218,287,321,203,269,138,227,121,395,190,213,379
"gene_632",770,925,606,416,441,622,329,426,283,205,268,297,515,234,459,462,324,401,280,307,610,753,859,861,613,692,989,658,712,1071,640,667,1091,533,821,962,538,476,953,296,620,374,630,337,462,615,448,575,362,682,283,294,218,323,384,336,617,381,378,281
"gene_633",2198,1901,1696,1629,851,1034,1074,1257,712,794,989,1162,1504,1585,1228,1558,1894,1306,1872,1258,1132,1678,1607,1221,1566,1343,1463,838,1228,1269,2732,1581,2521,2617,1639,1949,1814,1477,3414,1770,1143,474,1047,984,710,1066,1062,766,757,1255,1500,853,797,645,906,582,947,1811,1017,837
"gene_634",230,119,113,148,168,96,77,78,178,88,136,113,265,116,186,244,240,131,228,100,124,103,218,105,128,123,246,111,149,127,162,180,130,152,151,193,56,135,172,126,239,116,280,105,240,103,151,189,89,93,101,108,196,121,62,126,80,81,134,131
"gene_635",45,34,35,16,21,17,15,2,26,10,20,41,24,18,20,25,63,19,24,57,19,29,8,16,38,14,37,3,23,15,28,34,42,28,34,33,51,14,18,31,32,7,24,40,14,16,32,33,11,33,18,40,12,10,18,14,11,59,17,22
"gene_636",265,150,126,206,115,56,115,155,112,133,82,86,121,138,69,56,58,110,62,78,138,182,90,173,234,110,129,108,57,119,67,61,80,41,73,62,50,49,98,54,122,172,243,118,180,158,124,117,110,73,48,43,44,74,53,46,76,62,35,82
"gene_637",1012,1482,1614,1240,885,925,691,756,513,400,592,980,1742,562,567,822,800,864,1002,1030,655,1333,823,1073,792,872,1353,741,704,799,821,689,651,739,865,621,665,545,1343,815,979,1232,1187,641,690,881,1175,1530,577,703,889,714,518,716,737,607,958,869,369,883
"gene_638",108,201,193,115,158,98,136,115,120,67,61,117,203,195,178,112,53,97,152,93,221,228,132,130,147,124,282,169,158,203,120,91,201,90,131,133,115,52,134,98,143,55,61,99,58,98,66,77,36,113,60,61,45,42,58,72,67,55,56,83
"gene_639",4640,5291,3336,3540,3021,2311,2202,1668,2959,1423,3351,3563,3307,2133,4616,3909,4302,2572,2975,2272,3129,6186,3679,3263,3871,4113,3995,3279,3654,3965,4018,4116,4765,3880,5049,3671,3063,4704,5085,4774,2443,1181,4137,2330,2223,2833,1775,2231,2101,2739,1558,1780,2227,1485,1475,1978,1892,2305,2169,1932
"gene_640",3755,5323,4075,2575,3419,3398,1483,2356,2996,1837,1332,2816,2756,3005,1421,3068,2073,2267,3393,2480,2357,6418,2541,3595,6474,4479,4742,2652,4927,4339,3799,3229,5495,4089,3060,3247,2900,3290,6495,5608,4089,3795,5736,2865,2444,2572,3458,2568,1964,3931,1936,1845,2425,1807,2145,1818,2652,2180,2225,2784
"gene_641",944,939,992,747,528,369,539,418,738,331,2119,3620,2802,1231,3865,2691,2397,2684,2963,1896,437,760,749,678,629,792,559,552,687,619,2360,1894,1418,1690,2154,1108,2464,1131,2366,2060,616,798,635,442,710,719,714,361,615,766,2014,1594,1510,1314,2622,1186,2514,1890,1856,2116
"gene_642",6339,5553,3843,4530,3740,2606,2765,2851,2373,2857,2490,5534,6006,2622,3414,5181,5577,3691,4474,2612,4326,5044,4033,4592,3950,5689,6677,3227,7340,3750,6599,5628,7458,4313,4706,4084,5155,4157,8558,3480,6333,3109,5651,5672,5050,3096,6651,4099,3126,3825,4054,2334,3863,3284,3242,2893,4455,3237,5077,5733
"gene_643",109,261,194,142,119,96,45,142,84,102,77,104,149,100,113,181,107,34,184,77,52,103,53,83,71,68,115,40,89,62,46,147,120,85,97,187,74,147,159,141,121,108,90,134,156,108,168,108,84,84,121,69,108,111,142,147,128,62,104,102
"gene_644",7215,6204,4493,2976,3359,2795,3154,2207,2880,2032,3530,5329,3790,3611,4823,3693,3500,2368,6044,3127,2352,4322,3462,5199,3612,5594,4433,2268,3724,3605,4905,3497,8454,5306,3661,2462,4010,3459,5584,3419,5063,2586,2511,3683,3679,2455,4723,3945,3539,3386,3937,2178,4008,2634,2558,2597,6406,2415,3419,3223
"gene_645",2,2,5,8,1,25,10,9,0,2,1,17,5,1,2,0,3,6,0,0,14,5,2,10,7,8,12,1,2,5,0,17,23,5,4,0,3,3,1,11,8,0,1,1,1,7,6,9,22,5,1,1,2,14,2,3,10,7,2,0
"gene_646",431,240,389,205,169,331,147,191,157,146,164,330,262,213,191,239,308,348,344,225,198,207,264,143,326,253,269,91,138,305,273,372,292,124,352,184,206,192,388,235,445,287,298,153,254,270,447,235,226,293,395,338,357,267,388,206,370,462,249,347
"gene_647",16,19,22,10,6,45,13,17,5,19,2,25,52,14,7,37,11,17,79,14,24,37,34,31,43,19,50,31,18,21,41,11,21,31,28,22,18,36,8,26,18,17,23,38,39,11,14,56,14,16,3,11,24,35,1,3,53,45,13,15
"gene_648",449,432,450,402,309,450,275,315,368,223,115,395,566,254,390,283,300,394,380,188,306,400,252,388,265,460,604,270,323,401,317,547,322,332,402,290,513,254,405,399,191,215,465,311,302,292,178,142,242,191,220,245,369,184,201,166,230,242,250,399
"gene_649",496,649,500,487,498,267,123,345,303,296,268,541,632,320,484,279,718,321,526,373,286,472,326,529,344,515,225,394,280,369,317,401,681,376,706,423,476,389,618,318,558,382,561,445,448,465,800,415,452,389,329,251,297,392,376,392,591,380,383,534
"gene_650",3173,7503,4094,3414,4046,2396,2159,3352,2379,1741,1899,3662,1944,4145,3247,3606,3278,3591,3842,1825,2759,5229,3438,4006,4466,3856,3823,2878,2482,4533,2552,3438,3006,3253,3485,2375,3121,3228,3793,2885,3213,2914,4075,4242,3080,4801,3154,3035,3263,3705,3122,3019,3705,2603,2890,2999,4859,2810,2593,3691
"gene_651",63,137,102,115,102,90,64,46,84,46,93,79,192,86,92,100,89,76,70,34,45,101,73,79,102,86,166,92,60,163,131,75,60,91,137,110,116,81,120,85,146,58,69,72,93,58,133,72,91,82,64,30,87,52,82,117,113,85,78,156
"gene_652",7298,8389,6002,3302,4108,4500,4173,2810,6133,4153,3252,4627,4373,3835,5167,4574,4671,3874,2719,3982,5692,7137,7785,5732,7251,7891,7042,3504,5606,10121,4884,5314,6971,5551,7888,5632,5562,7360,6423,5410,3121,2509,2081,2652,5418,3758,4492,3743,3495,3352,3154,1487,2930,2476,3803,1883,3637,2180,2354,3032
"gene_653",48,63,90,31,53,19,11,11,13,15,15,51,11,59,39,32,39,40,22,19,30,30,26,14,83,38,65,55,13,33,41,47,70,32,27,37,35,11,45,29,49,20,16,34,43,6,13,22,36,23,37,47,29,24,12,16,83,58,66,32
"gene_654",8104,6071,9139,5446,4236,3416,3688,2789,4314,2865,5449,5063,7645,3654,4579,5902,8025,6114,6371,4539,4350,6142,3882,5639,7967,8291,7100,3633,6360,6345,5398,7172,11624,5277,7460,4781,5455,5669,8016,5760,9294,7406,7773,5194,6746,6460,9812,7909,5480,4747,6350,3427,6550,5554,5114,5741,7110,4701,6495,6580
"gene_655",653,488,529,449,307,424,182,264,509,218,282,356,504,246,300,478,385,238,349,410,411,507,485,383,783,279,680,276,246,499,451,538,582,404,573,501,408,235,446,305,517,264,618,310,427,206,412,472,191,452,401,216,248,191,239,169,540,156,241,348
"gene_656",672,627,690,461,248,207,236,260,293,187,420,401,418,523,284,446,496,408,260,316,342,652,525,317,675,842,433,479,378,602,533,584,613,827,924,559,830,484,1223,1157,551,275,270,343,223,295,188,187,197,159,345,273,262,375,349,278,409,352,385,524
"gene_657",90,51,96,55,56,74,21,73,55,65,56,86,100,98,36,109,99,82,63,122,61,80,53,72,121,34,136,77,67,66,35,100,127,124,64,34,63,30,88,62,122,47,36,103,75,65,96,64,69,46,52,71,62,84,41,28,23,34,15,53
"gene_658",23,21,11,34,11,6,2,23,5,8,24,18,49,15,2,14,12,10,16,6,9,23,5,13,25,5,11,13,12,35,17,28,17,33,30,8,13,26,1,26,3,29,14,9,9,1,12,17,19,8,19,1,19,12,2,9,37,19,3,21
"gene_659",188,424,315,200,232,166,98,253,184,101,162,172,192,127,196,146,125,145,213,183,197,239,269,171,253,240,270,153,343,269,206,162,344,278,234,196,207,137,200,119,187,185,214,179,144,134,174,71,169,177,88,83,116,84,82,71,98,68,107,145
"gene_660",49,54,76,54,50,34,32,20,44,10,34,54,49,12,56,30,117,14,36,24,35,29,63,57,32,59,93,11,26,121,53,61,46,23,69,21,35,19,52,16,57,39,39,76,93,67,30,37,42,47,39,68,79,46,32,27,62,37,11,89
"gene_661",263,182,112,191,313,224,117,153,171,167,87,122,142,134,116,130,172,117,197,134,242,234,238,141,202,380,345,205,195,234,311,272,269,171,348,192,243,169,318,317,231,170,137,126,116,177,123,120,116,184,90,103,170,74,109,114,184,170,93,151
"gene_662",138,196,241,121,112,105,144,126,146,64,98,70,72,140,53,116,147,136,118,95,169,113,129,264,142,266,155,119,147,291,255,175,280,245,251,256,273,155,271,278,137,142,156,203,69,230,117,117,165,79,116,29,131,88,114,86,164,101,98,143
"gene_663",4933,7012,6323,4755,4227,5199,3167,3487,4556,3386,5181,8258,5469,3486,3607,9345,5029,3308,7162,4531,3450,5704,6133,4479,6715,6997,7810,4069,5119,5995,7906,4164,9928,6109,5484,5630,5921,5089,7500,5256,4655,3550,6603,5271,6069,3350,6085,3313,2073,4219,2924,2687,5064,2273,4639,4271,4869,4333,3740,3277
"gene_664",1032,1185,862,654,634,730,599,848,496,498,415,669,873,935,454,779,463,458,872,456,778,965,784,1049,673,1017,994,573,717,729,702,463,706,513,597,672,693,546,1093,577,1305,847,679,835,657,833,884,1015,489,817,501,418,631,376,537,543,748,530,379,539
"gene_665",43,15,4,35,22,25,27,15,40,13,26,25,33,59,23,51,23,20,40,37,10,36,18,19,37,36,1,39,20,68,18,2,70,32,29,13,74,7,62,28,52,29,46,34,11,28,10,67,16,15,61,10,39,4,44,37,42,32,9,25
"gene_666",38,57,38,18,37,10,13,43,53,31,37,35,37,51,16,31,39,26,39,14,11,88,18,72,11,46,53,11,40,70,43,8,41,46,29,12,47,49,84,54,45,51,43,26,77,64,43,46,33,45,43,30,42,37,33,35,52,43,72,51
"gene_667",960,1414,1252,726,832,630,732,353,611,397,1127,939,966,763,374,1282,1368,887,1393,761,637,990,796,732,915,946,752,645,1008,1002,801,624,949,812,887,604,815,870,819,710,1204,593,757,929,886,730,836,482,820,994,728,737,820,699,652,744,929,773,864,1016
"gene_668",184,167,139,145,119,243,186,109,104,122,137,68,118,124,73,204,167,142,162,97,68,211,139,145,218,128,187,115,104,185,156,203,211,284,207,97,69,183,170,114,222,88,218,97,168,235,125,107,88,175,101,91,118,123,92,135,138,165,114,162
"gene_669",665,740,685,721,455,345,520,376,539,331,351,916,650,691,436,601,559,536,1127,551,416,943,472,701,849,652,1141,256,514,727,686,540,750,466,690,725,790,1121,1149,1113,468,167,377,559,335,476,392,443,322,323,357,384,209,284,503,289,370,463,420,525
"gene_670",193,251,131,61,142,116,97,101,58,39,110,160,175,215,94,198,151,78,111,74,108,125,116,147,116,132,235,97,89,117,155,154,173,116,329,136,102,133,232,112,108,120,115,166,146,78,79,101,92,153,125,111,123,99,107,44,165,104,117,205
"gene_671",5,42,15,2,5,21,24,12,19,18,24,9,25,7,13,5,17,10,19,20,8,8,5,40,48,13,31,14,15,15,19,41,53,16,29,15,11,10,12,16,42,19,27,22,3,25,22,12,9,10,10,11,2,7,32,2,49,11,13,22
"gene_672",34,73,73,36,29,38,45,89,92,15,49,36,72,53,92,25,40,30,54,20,35,51,41,69,45,68,132,29,58,132,43,54,19,13,57,29,29,46,82,49,124,48,66,45,89,52,126,61,35,65,45,52,46,49,26,25,105,58,25,61
"gene_673",127,143,150,131,65,82,63,111,97,38,71,79,119,51,79,119,111,95,124,57,70,190,80,153,145,155,156,124,71,169,149,130,74,105,191,121,69,77,149,93,100,180,121,115,146,126,258,227,112,122,98,58,174,110,92,86,123,57,106,120
"gene_674",43,62,31,23,95,85,48,41,51,42,26,36,28,37,15,69,124,30,62,63,21,28,96,59,95,66,117,37,29,40,69,36,43,42,67,35,52,30,29,95,63,52,34,60,54,87,80,45,44,84,51,23,42,15,34,43,134,101,39,30
"gene_675",8,6,10,0,2,9,0,3,7,0,11,4,12,1,7,0,1,5,4,2,5,1,0,0,0,13,4,8,1,5,1,2,9,1,3,4,1,2,3,1,12,1,0,0,0,0,0,3,2,1,1,6,5,1,0,6,1,0,3,1
"gene_676",365,519,645,262,362,266,357,179,309,303,491,307,514,391,264,511,403,137,606,374,214,331,223,264,263,278,170,181,256,398,249,431,496,225,240,336,287,313,183,247,411,266,190,160,191,262,280,204,131,257,181,177,292,120,150,184,260,260,183,210
"gene_677",39,34,17,72,29,37,41,13,5,23,26,50,47,27,38,30,39,33,29,16,9,34,30,99,18,101,65,21,26,33,52,20,20,41,92,48,24,23,68,47,8,46,38,52,61,53,22,69,16,20,29,34,41,32,42,35,45,18,19,36
"gene_678",31,36,15,22,20,27,20,19,12,20,39,66,12,22,12,10,29,9,17,11,29,83,31,13,29,40,13,6,28,37,27,10,65,20,28,36,8,13,21,41,47,4,5,11,14,20,12,17,17,14,18,25,17,4,12,11,14,3,29,46
"gene_679",1836,3536,3498,2579,2475,2027,1406,1279,1875,1725,2619,2631,1751,2442,2888,2535,3092,1750,2338,1702,1359,2005,1602,2412,2514,2411,2307,2111,1802,3190,2024,1944,3623,2296,1996,2382,2264,2252,2782,3721,1667,2462,2794,3608,3985,2107,2298,1854,1761,1718,2633,2390,2324,1558,2072,1897,2197,2358,1349,4002
"gene_680",5332,7951,5098,5512,4768,6136,3524,4014,3743,2502,4340,5527,8272,4142,3798,4103,4673,4605,4566,4218,4971,6129,6625,5663,4823,6494,6138,4194,4347,7908,7520,4734,8040,5044,7203,7136,6771,6599,6781,5990,5693,2406,8830,4933,7004,4909,5170,4642,3558,4434,3644,4151,4852,5560,3597,3124,5193,6144,4968,4758
"gene_681",2881,3771,2179,1915,1955,1377,1950,1451,1417,1393,2256,4342,1556,2272,3586,2261,2767,2607,2426,1905,1490,2142,1600,1674,2982,1939,2598,1417,1571,2591,1914,2194,3553,2078,2663,2658,2558,2533,4726,2501,2005,1252,2454,1733,1586,1438,2071,1451,1285,2694,1785,707,2309,1294,1120,928,2748,2300,1366,1463
"gene_682",2494,3411,3012,1725,1301,3040,1242,2126,1875,1250,1856,2351,1865,2032,2113,1275,2503,2054,2952,2311,1780,2672,1425,2549,2111,2628,1791,1555,2166,2685,2466,1459,1411,1212,1831,1239,1520,1523,2056,1924,2058,2361,2890,2385,2381,1711,3710,2288,1395,2447,1846,1641,1563,1855,1543,1081,2390,2001,1329,1860
"gene_683",4473,8986,8137,3284,5234,4826,3854,3143,5312,2291,2647,4823,5407,4489,5281,4454,5921,3571,4384,4588,2956,5007,4638,6000,5441,6270,4223,2731,3350,5686,5081,4604,4054,2563,3725,4100,4169,2487,4984,3966,5606,4999,6405,6425,7791,9131,4720,4577,3122,6934,4487,2832,4187,4140,4692,3452,4436,4014,3763,6605
"gene_684",232,604,410,243,196,398,200,187,317,143,277,291,308,257,332,460,327,203,446,251,206,176,167,258,269,248,270,211,199,356,230,194,293,256,316,178,140,261,200,216,382,213,398,216,256,238,320,315,277,301,307,258,391,162,158,209,181,334,239,343
"gene_685",861,1837,1789,580,776,952,611,655,931,640,827,1068,1572,1101,676,1496,717,797,1029,886,770,876,867,823,1301,904,775,649,887,465,997,767,811,474,529,911,645,598,1303,768,1250,688,1351,962,1181,1160,1076,836,612,918,1000,1046,1630,760,913,651,1185,697,708,2069
"gene_686",266,289,315,443,296,342,274,175,355,273,315,303,469,351,268,437,435,340,443,483,409,513,503,590,276,680,697,290,263,336,394,331,567,322,413,346,284,356,326,372,316,270,270,299,399,339,282,471,340,408,259,373,365,335,201,282,367,379,367,418
"gene_687",368,291,250,213,284,243,215,236,137,155,185,316,324,224,126,330,170,102,149,160,165,321,124,98,188,317,299,133,194,197,210,99,257,208,284,167,191,222,238,102,374,348,366,333,357,349,301,278,351,125,207,284,188,156,316,283,262,249,324,287
"gene_688",1402,1969,2154,1759,790,614,1016,674,949,884,915,1057,1403,1018,1494,1217,630,780,973,1113,613,1317,742,1404,1298,1052,980,599,983,1530,953,651,1530,868,1129,669,905,655,1252,1139,1293,899,2322,1082,866,1341,1709,1656,1095,1418,1320,597,876,835,776,708,811,1587,979,1011
"gene_689",2779,4080,4476,2579,2381,1837,1857,1945,2986,1552,2241,2364,3611,2466,2175,2698,3006,2974,3211,2280,2521,3648,3194,3516,5618,2795,3118,2637,2487,4322,3477,2604,5363,2247,5571,2876,1799,2968,4979,3889,2913,1871,2759,1792,2571,1704,2528,2630,2098,2380,1747,1536,2380,1451,1192,2283,4299,2208,1948,2247
"gene_690",584,917,582,695,932,363,264,294,712,261,354,488,724,339,395,582,426,516,298,327,384,674,371,463,385,488,548,347,379,841,551,392,546,495,500,508,314,309,603,483,519,505,479,620,387,411,402,298,406,636,426,380,320,410,377,255,423,366,249,446
"gene_691",1419,1903,1375,890,984,809,853,670,781,495,643,879,1036,804,932,727,1426,723,1112,651,729,714,1151,1019,1177,1090,758,1200,1180,1288,1326,1302,1712,1118,1252,1265,1150,1149,2417,1477,943,625,1429,843,885,747,890,780,422,956,791,574,842,733,615,710,1248,936,711,1270
"gene_692",182,222,81,37,90,85,66,99,83,20,24,88,70,95,96,121,111,58,147,50,43,131,111,78,151,80,128,89,74,119,64,94,101,85,83,69,135,57,77,48,147,117,162,212,102,168,121,133,172,148,67,115,152,86,39,15,50,88,48,78
"gene_693",865,2487,1970,1472,1502,1593,957,1209,1140,640,427,720,550,838,676,823,506,839,597,514,1506,1718,1055,1546,1404,1742,1385,863,1395,1812,655,429,621,578,766,597,527,747,1051,817,2257,1301,2680,1771,1656,1407,1483,1150,1587,1233,895,676,612,674,912,706,1181,742,737,971
"gene_694",31,47,25,34,12,31,11,26,31,7,28,20,38,27,23,18,66,32,37,38,16,46,46,8,23,53,45,14,20,24,23,25,11,2,30,37,16,18,32,17,57,27,50,30,108,44,31,66,24,30,17,20,43,21,15,8,46,37,8,67
"gene_695",31,6,34,5,2,7,4,13,2,8,0,18,2,13,14,2,2,11,8,3,12,6,4,11,6,29,8,20,1,14,8,3,3,9,17,10,8,2,28,4,6,17,17,6,14,3,4,1,5,3,1,0,30,4,13,17,13,12,5,4
"gene_696",45,31,42,23,48,36,49,19,7,14,31,4,18,12,36,22,25,20,22,42,21,19,41,21,48,29,37,29,13,23,33,9,25,15,10,10,12,12,10,16,26,46,59,34,24,14,21,31,32,18,22,19,9,20,6,19,12,21,8,12
"gene_697",89,64,74,58,55,54,25,48,68,26,60,41,42,26,30,57,77,46,27,34,78,127,95,140,74,123,88,106,55,148,108,95,107,156,165,77,98,87,115,54,74,58,66,63,20,44,89,33,67,24,54,45,31,21,46,15,26,35,41,46
"gene_698",552,505,523,302,261,263,367,301,386,358,216,490,281,324,271,329,241,350,521,286,322,342,344,191,285,401,628,346,251,290,396,344,229,161,347,330,300,184,488,247,587,511,337,446,732,386,490,625,335,445,288,227,271,152,264,215,360,540,323,327
"gene_699",19,28,39,22,41,31,20,16,21,17,12,59,21,24,13,19,19,21,31,16,20,19,9,23,57,24,33,10,33,29,32,25,8,16,33,20,38,19,28,30,55,14,53,17,32,31,12,9,35,16,23,6,19,34,33,12,17,23,42,39
"gene_700",17,27,34,14,15,6,7,4,5,3,14,39,56,28,6,22,24,4,34,11,10,36,7,17,8,15,9,4,11,39,0,6,16,7,18,8,26,10,16,6,17,17,16,2,5,18,10,14,11,8,16,18,13,16,16,10,5,27,13,25
"gene_701",201,485,360,216,258,209,386,268,145,208,65,87,91,26,118,86,80,59,77,59,163,415,242,292,273,330,378,187,146,396,54,54,91,80,41,72,62,63,65,45,417,366,380,400,476,571,416,216,162,371,127,59,103,66,115,66,77,80,73,148
"gene_702",196,283,263,236,130,85,74,79,147,98,104,138,137,109,97,141,116,83,175,63,67,107,185,87,179,100,153,76,76,133,140,89,214,123,156,57,96,104,141,153,173,145,172,145,155,227,129,148,49,240,151,103,100,109,85,61,166,85,99,105
"gene_703",92,213,212,98,77,49,88,47,40,63,54,137,71,61,54,91,80,31,104,82,83,56,154,56,96,166,134,83,102,69,49,65,69,106,124,56,80,69,129,61,88,125,152,106,118,127,74,90,104,99,66,60,46,70,88,72,63,50,37,64
"gene_704",19,27,34,22,35,12,20,35,32,22,26,84,117,37,68,57,18,17,48,33,26,46,38,29,16,26,23,26,26,19,44,31,29,35,30,22,16,21,66,45,30,7,30,32,47,25,23,16,21,35,26,16,43,23,73,19,32,11,27,30
"gene_705",425,400,512,325,122,254,322,200,169,186,903,1203,1769,2089,933,1447,1040,886,1004,1000,466,445,262,324,427,369,404,260,315,562,1517,1455,2830,989,2155,1509,1552,1162,1631,1143,390,320,674,219,336,568,352,351,295,287,1132,810,1321,1034,917,1011,1951,1181,795,1396
"gene_706",1419,1669,1974,767,1016,1323,652,1046,865,655,914,2103,1080,1056,958,1379,1039,1130,1392,632,1308,1830,1608,1650,1681,1161,1445,824,961,1217,1512,1385,1635,1359,1261,1860,1201,977,2110,1578,2787,1309,1680,1540,2326,1794,2337,1106,750,1112,1657,1211,1166,1513,1140,945,2218,1538,1457,1112
"gene_707",1625,2070,2153,778,1366,1127,1240,723,1250,941,893,1761,1252,1409,1120,1556,1498,1181,1889,967,1316,2084,1152,1936,1638,1511,2017,1491,2307,2001,1578,1278,2060,1598,1679,1612,2447,1761,2294,1284,1804,1200,1378,1814,1689,1552,1896,2162,1947,1568,1497,645,1692,1692,1055,1203,1717,1156,1563,1999
"gene_708",72,94,255,58,63,44,21,25,52,36,39,58,41,63,58,35,73,44,71,27,62,123,62,105,145,35,96,46,48,140,66,58,65,78,52,89,38,68,70,55,17,21,79,49,35,60,49,21,26,54,33,67,39,50,50,27,69,53,36,57
"gene_709",1437,1726,1270,1154,1055,1333,732,734,596,880,760,1271,1467,958,787,1285,1385,1394,939,1154,875,1426,868,1074,1428,976,1495,547,1173,1634,1527,1470,914,956,1578,1118,1166,1403,2415,1188,1196,537,1151,1012,654,843,1151,843,687,1374,723,657,389,732,572,693,913,437,806,1684
"gene_710",2918,5428,4160,4460,2889,4294,2198,2319,2415,1218,2372,4222,2466,3650,3519,4512,3340,2581,3643,3621,3013,4015,5094,3634,3146,4391,5793,2473,2998,4592,4662,3783,5552,4291,4971,3963,3760,4515,5264,4994,2889,3663,3140,3137,3135,2668,2217,1796,1970,1890,3523,2566,2648,1842,2220,2217,2059,2701,2548,4031
"gene_711",215,327,215,225,194,214,117,149,146,83,99,341,178,214,226,247,156,179,187,256,191,174,165,259,158,221,205,139,175,257,301,196,320,158,147,149,221,169,319,318,123,186,228,100,162,175,284,89,151,200,174,147,129,207,92,133,185,71,180,221
"gene_712",5,5,9,4,6,0,0,2,4,3,1,5,16,0,10,5,1,5,0,6,1,1,0,3,14,2,22,3,3,3,2,1,0,1,2,13,7,9,3,0,6,2,1,2,17,1,6,0,3,1,2,1,19,0,0,1,1,0,13,9
"gene_713",83,261,109,63,34,55,156,38,117,46,37,115,125,63,69,56,58,41,74,73,63,81,42,48,62,73,64,47,54,71,68,78,82,58,109,52,35,53,151,68,159,61,209,145,159,54,95,48,71,77,86,70,54,61,58,54,56,33,42,65
"gene_714",54,70,34,50,19,33,15,7,26,15,9,25,18,18,30,10,83,32,19,38,22,26,60,17,27,11,18,25,22,42,8,58,21,21,32,19,38,17,31,19,35,19,16,27,45,29,19,44,21,30,19,52,6,37,10,12,32,35,36,9
"gene_715",252,263,230,186,200,116,107,91,98,127,220,143,225,243,135,150,218,197,163,122,100,247,240,235,259,320,201,125,148,274,151,123,155,177,316,192,181,198,244,181,280,251,317,259,268,177,200,157,180,220,103,135,126,315,141,135,107,224,202,191
"gene_716",17,36,22,16,16,6,4,20,23,3,13,14,62,24,2,34,4,6,6,9,1,10,4,18,2,3,10,20,5,9,8,13,11,15,16,16,20,10,24,16,28,7,20,10,11,5,6,2,9,1,2,15,6,14,0,2,8,5,19,5
"gene_717",127,101,70,61,46,31,79,83,57,39,57,34,91,56,97,88,115,36,77,64,55,126,52,55,59,120,62,51,118,114,78,81,79,31,71,75,51,112,144,30,167,135,98,109,72,66,62,122,66,171,86,85,141,88,66,53,133,90,108,128
"gene_718",519,899,961,481,295,497,421,298,687,294,184,200,258,204,282,413,272,218,234,136,524,773,893,484,804,633,1194,698,572,760,305,397,388,250,451,413,262,488,844,419,578,412,788,626,502,491,831,544,345,694,249,102,185,140,127,192,223,163,127,288
"gene_719",665,1064,697,426,567,585,397,534,795,523,516,583,783,630,406,913,402,629,973,434,353,404,341,360,410,718,514,491,227,325,474,570,694,310,779,610,408,399,589,552,651,556,714,787,658,486,475,1008,587,622,673,304,536,709,850,445,953,636,501,590
"gene_720",9,9,15,5,0,0,1,0,8,0,0,6,1,3,5,4,17,8,0,1,2,14,5,15,9,3,0,7,1,3,2,20,10,0,1,0,6,8,10,1,0,4,8,3,1,7,23,4,2,5,2,0,0,5,8,2,6,5,6,0
"gene_721",86,229,129,160,112,90,88,62,103,76,114,164,147,120,127,208,303,132,150,119,180,195,124,279,196,182,245,101,178,231,212,209,190,148,240,185,284,346,319,224,160,78,115,75,105,83,111,89,64,98,130,108,77,92,158,57,92,102,56,162
"gene_722",683,844,1038,518,697,424,299,549,523,387,558,570,682,565,568,753,533,635,356,280,286,403,552,635,375,1123,533,424,435,633,713,406,765,344,679,484,484,431,718,796,523,513,593,654,592,489,844,379,400,666,406,620,441,638,597,633,1416,577,893,667
"gene_723",1413,2299,2316,1591,1419,1877,963,921,1174,478,630,626,1145,360,661,785,806,593,422,626,1176,1300,1363,1528,1444,1791,1760,1238,1514,1848,1051,1033,776,979,796,748,543,706,1566,669,1263,1057,1741,1278,1073,1176,1372,609,823,1057,359,336,629,424,431,297,338,740,373,527
"gene_724",47,52,20,48,22,9,36,22,9,21,53,70,31,31,59,41,54,44,24,11,37,61,23,50,44,92,17,16,56,71,83,37,58,78,31,20,63,42,26,36,43,11,47,13,53,25,60,53,33,44,25,6,17,18,28,12,79,41,40,35
"gene_725",5,14,3,4,2,6,1,0,0,1,1,0,13,2,3,8,7,10,5,9,6,24,17,16,16,33,2,1,12,17,42,19,23,25,30,1,18,10,18,4,9,3,44,16,0,13,1,1,15,27,2,3,21,4,13,9,26,0,10,2
"gene_726",1,0,10,5,4,1,4,1,6,1,8,20,2,4,7,1,4,1,3,1,1,3,7,2,1,14,7,5,12,3,12,6,0,3,0,1,3,0,6,10,0,0,8,8,2,4,0,5,15,5,1,2,1,1,6,0,2,0,4,4
"gene_727",0,4,1,5,5,1,2,1,12,1,1,4,1,5,4,14,2,5,5,16,8,3,8,4,4,17,8,2,2,0,7,1,12,5,3,6,0,2,0,1,1,9,7,0,1,7,2,0,9,1,0,5,4,3,10,5,6,7,0,16
"gene_728",30,116,69,17,20,17,56,10,40,21,15,24,64,31,38,22,11,15,6,10,4,55,39,40,21,45,32,26,17,28,16,25,16,20,49,16,16,14,30,30,28,43,43,51,14,24,43,55,40,48,11,9,19,10,11,5,22,5,30,27
"gene_729",1151,826,506,497,804,373,383,368,420,283,194,243,319,273,273,390,322,187,204,209,434,454,590,653,670,797,792,561,510,865,344,169,429,172,444,212,250,238,223,336,577,379,709,358,482,457,469,515,270,430,161,157,169,149,233,157,268,126,223,188
"gene_730",15,6,22,22,18,18,10,14,11,7,18,21,5,9,16,4,33,2,17,2,22,38,3,27,35,15,46,16,21,35,12,7,24,5,34,26,18,11,51,7,34,12,10,15,1,16,2,9,7,20,3,6,0,6,9,10,15,12,4,11
"gene_731",87,74,156,56,49,73,19,35,56,54,46,115,82,30,56,93,25,64,103,37,36,110,88,55,66,41,75,48,37,72,51,34,60,69,90,56,66,34,68,62,94,37,137,47,76,90,75,53,31,14,67,39,84,52,53,46,42,41,64,52
"gene_732",525,641,534,392,523,355,328,324,149,314,244,630,723,448,429,300,332,312,618,411,401,614,437,441,705,546,633,329,514,398,580,793,438,506,654,601,357,467,558,488,643,392,523,309,349,281,568,368,279,483,374,276,563,391,546,258,529,327,551,543
"gene_733",87,204,137,73,73,108,99,89,114,56,21,60,64,53,36,32,75,31,39,55,93,170,194,103,186,71,179,113,53,129,25,53,87,45,47,67,66,43,61,36,99,24,163,130,104,93,80,49,78,129,50,19,36,61,31,24,29,38,31,41
"gene_734",1134,1188,993,1498,868,983,701,629,733,793,276,1260,1150,631,328,1038,888,632,772,704,617,960,510,1269,892,1152,892,575,615,1229,816,625,1047,420,868,692,418,991,1024,817,1576,1048,1211,1384,1332,1650,2057,2298,1451,734,942,557,904,764,937,632,1086,1036,576,1507
"gene_735",1565,2566,1747,1565,1885,1784,1485,1336,1516,744,1088,1610,1315,1406,1394,1641,959,1465,1563,1024,1451,3394,2447,3960,2053,2760,2361,1216,2014,1080,2064,1630,2832,1361,2867,1235,1670,1656,1838,1773,3009,1187,3107,2700,2439,1588,3053,1252,1831,1852,1641,1344,1287,643,1323,1634,3341,2105,1328,2158
"gene_736",47,64,53,53,20,54,31,43,27,18,28,100,131,56,27,114,137,36,53,41,60,66,24,62,66,65,70,42,34,36,52,37,119,197,86,121,68,85,103,63,70,82,27,53,48,42,68,40,55,67,35,45,91,59,25,31,111,68,58,84
"gene_737",185,255,323,122,197,193,149,116,170,89,83,74,160,155,94,355,121,92,179,97,161,225,165,176,111,299,249,159,95,319,146,188,132,146,130,92,155,194,220,177,153,190,249,253,204,206,302,108,103,195,150,62,84,93,81,104,101,112,128,114
"gene_738",1362,2277,2400,1415,1400,999,1319,1642,993,797,1104,1993,1646,1264,1973,1454,2094,1779,1674,1277,1371,1938,1771,1838,1634,2559,1249,1428,1321,2236,1901,2079,2566,1950,1969,1641,1892,1369,3046,1950,1857,1407,1841,1649,1568,1279,1364,2107,1857,1643,1834,811,1323,1881,1409,831,2041,1932,1128,1628
"gene_739",1345,1496,1046,717,733,378,456,448,524,487,625,817,1366,895,977,1135,914,795,1411,1102,653,957,508,772,984,510,858,519,484,453,1051,1061,1344,1381,765,572,711,1397,998,700,1049,907,778,967,909,756,1499,583,708,507,1755,787,840,1299,828,727,1788,701,1058,767
"gene_740",145,105,238,138,26,86,73,98,84,60,47,138,83,125,61,202,96,132,128,112,70,102,78,102,132,54,88,84,88,84,86,84,130,112,86,102,54,107,180,123,91,80,97,123,131,94,108,50,125,61,141,25,70,90,115,78,186,73,65,117
"gene_741",292,238,484,238,228,202,247,112,203,186,184,211,231,245,254,223,169,234,262,158,110,155,128,151,204,127,168,82,105,121,72,87,147,141,106,96,108,105,95,124,171,223,314,246,144,190,353,254,249,354,224,109,189,146,208,154,247,227,138,314
"gene_742",4,7,15,21,0,18,0,7,8,6,8,9,29,2,8,16,27,3,18,2,28,29,19,13,8,22,12,11,12,14,2,7,10,10,8,32,14,14,31,10,7,7,10,4,4,15,8,5,7,29,15,21,4,3,2,10,3,18,2,11
"gene_743",51,14,31,32,31,42,18,15,26,9,10,46,64,33,22,48,23,39,29,34,15,20,21,26,18,38,16,9,14,6,14,60,18,17,34,35,28,24,47,21,9,15,16,20,16,14,14,25,22,55,19,7,17,24,9,16,10,17,12,8
"gene_744",674,577,723,516,483,502,220,223,370,202,254,583,757,565,213,339,346,258,472,286,693,592,496,500,469,493,989,461,359,474,633,627,756,339,314,618,237,337,823,490,502,465,510,399,414,486,425,512,564,448,581,374,268,279,300,373,424,331,247,474
"gene_745",40,32,14,29,7,36,11,0,19,15,11,25,29,29,27,9,12,9,16,2,11,4,43,29,39,34,18,35,9,34,36,29,28,53,49,24,5,42,13,24,8,7,4,14,3,19,20,25,9,11,20,29,10,10,31,21,9,23,22,59
"gene_746",61,219,194,146,86,73,110,49,139,17,59,105,98,102,33,51,88,83,133,51,111,209,120,118,133,71,141,59,66,134,90,55,94,135,133,90,54,122,107,86,216,91,215,178,93,85,172,117,123,149,120,82,76,117,125,60,267,105,76,87
"gene_747",1406,2054,1306,1470,976,635,684,799,1023,430,643,1530,790,1501,762,1431,946,975,914,1310,1079,1462,1194,1018,931,1311,1905,828,1115,1197,950,965,1612,1025,1369,738,550,856,1900,647,2272,936,2591,1006,962,1841,2090,1442,1224,2033,1732,1061,1787,691,1420,1429,1398,1453,1147,1786
"gene_748",923,1325,1455,1295,770,927,679,622,577,436,830,791,1070,594,657,691,1006,848,702,849,435,398,631,464,616,848,809,283,394,768,934,534,992,510,1005,785,606,542,654,473,1405,1066,2007,912,992,1104,1131,1584,792,1180,783,364,664,753,668,415,1231,601,1087,871
"gene_749",13,6,39,0,6,4,3,7,13,19,2,12,1,5,2,3,3,8,6,4,15,2,8,14,12,34,25,6,0,11,21,5,10,18,4,11,1,1,6,12,29,11,3,5,18,25,27,19,5,6,26,5,8,8,11,10,18,23,25,7
"gene_750",23,19,80,16,14,36,12,32,56,14,41,29,77,28,23,62,29,51,38,14,52,46,14,53,73,47,58,38,16,51,30,48,87,4,34,42,25,25,43,41,49,32,74,12,47,13,48,7,15,41,23,24,45,11,30,34,35,34,32,40
"gene_751",3612,4528,3912,2000,3448,2166,2145,2612,2634,2048,2527,3395,3126,3230,2362,2186,3287,2605,4288,3144,1974,3310,2476,5729,5262,6663,5333,3319,3523,5845,4671,2857,4091,2363,7038,4195,3509,3909,4724,4181,3813,2611,5427,5156,4133,2727,2726,2974,1668,4813,2921,2435,2724,1705,3384,1536,5473,2489,2639,4546
"gene_752",2350,1477,2432,1111,1396,1368,1140,1599,1558,701,943,1253,1281,1068,825,1414,1869,955,1616,1326,924,1181,622,1087,860,593,738,519,967,426,847,580,1429,973,864,1306,481,903,612,723,1525,1648,3255,2061,2962,2784,2889,2043,2168,2316,1083,1523,1614,1462,1017,1475,2414,1690,1680,1707
"gene_753",42,80,49,55,39,23,40,37,22,18,9,20,39,25,16,11,32,38,50,31,43,33,34,52,54,35,57,46,33,44,18,10,31,36,27,9,48,34,67,15,18,34,33,12,32,15,53,21,23,45,24,13,21,35,10,8,23,13,12,71
"gene_754",647,856,787,669,475,452,286,538,470,399,370,636,845,401,440,439,441,335,685,418,464,491,350,875,796,667,719,365,580,1306,522,439,419,508,887,416,353,317,800,724,1020,607,641,725,650,325,1227,634,396,509,450,446,615,659,419,387,367,687,533,471
"gene_755",175,400,157,113,172,227,211,88,153,141,122,234,106,150,65,192,188,128,234,101,135,236,174,287,166,104,193,143,125,211,148,101,221,125,96,134,148,74,178,163,267,210,195,195,249,198,282,195,111,220,121,218,159,254,111,54,280,123,181,209
"gene_756",279,132,197,187,150,80,124,106,107,76,152,255,241,77,61,204,177,146,181,145,172,288,114,195,164,136,162,152,85,103,232,259,217,130,184,105,112,286,190,181,257,87,120,78,184,75,142,196,102,134,88,82,128,42,101,145,150,125,119,108
"gene_757",28,7,15,7,1,12,15,23,17,9,10,12,11,0,4,14,3,12,20,34,4,9,6,1,9,11,12,11,26,9,12,35,6,18,9,2,22,14,30,7,3,26,15,24,2,11,13,18,4,9,32,4,8,11,29,7,16,18,10,27
"gene_758",66,57,78,68,65,22,13,27,45,23,23,106,40,77,25,117,36,13,53,24,17,45,23,43,24,49,56,44,39,30,51,51,59,43,52,41,37,40,120,44,87,42,66,46,88,60,60,39,15,37,53,50,25,25,64,36,57,31,48,79
"gene_759",138,225,210,183,58,100,70,75,145,70,88,187,153,207,109,197,205,99,81,100,140,278,130,169,159,234,246,68,90,170,183,200,290,147,242,166,134,147,176,129,297,175,159,104,168,128,233,116,133,210,119,120,229,107,151,107,186,143,112,243
"gene_760",8,1,3,19,1,0,4,2,23,0,5,7,0,0,4,2,2,10,7,2,2,12,13,1,13,13,1,4,0,24,3,2,12,39,10,4,9,0,2,12,7,3,54,3,18,9,35,1,4,19,2,14,9,4,1,3,0,4,4,13
"gene_761",4847,8064,7205,7729,5430,3463,3961,3334,3376,3296,3335,4508,7133,3580,3126,5954,4764,3899,5042,4430,2861,3136,3972,3946,2935,2828,9583,3312,3589,3920,4345,3965,6592,4229,5872,3886,3364,2677,7020,3649,6361,4190,7309,4908,4932,4240,5114,4040,3523,5299,3366,3975,6527,4601,5384,3823,7234,5562,4086,7920
"gene_762",253,307,242,215,106,206,160,204,115,124,93,193,239,172,149,173,220,132,197,156,154,224,126,273,218,294,148,117,109,172,174,144,230,120,120,141,173,168,279,171,213,154,219,246,199,167,237,124,127,150,87,87,122,116,134,81,235,95,145,222
"gene_763",12,47,36,32,20,26,20,31,27,28,23,16,31,21,18,37,16,10,31,42,22,9,23,28,26,11,21,5,11,45,40,29,18,39,13,23,8,8,22,8,4,32,4,26,30,31,11,6,7,55,24,7,22,18,19,7,22,25,12,13
"gene_764",56,59,52,24,82,69,38,24,86,19,44,92,136,46,67,97,73,112,105,19,40,17,40,67,52,41,17,36,41,20,61,54,65,71,71,65,29,33,29,58,69,107,94,97,20,67,18,73,28,20,67,62,89,37,40,46,168,77,72,78
"gene_765",92,244,203,120,167,175,183,106,81,78,59,186,165,75,119,193,138,162,104,144,95,231,75,173,137,282,114,65,79,167,121,100,178,203,237,136,89,99,253,309,136,121,127,183,160,86,89,114,74,181,93,91,106,57,148,108,276,88,189,227
"gene_766",122,180,50,53,54,56,42,38,18,52,31,71,51,75,10,54,81,30,44,17,16,39,21,64,69,64,69,54,36,51,43,66,47,39,42,41,42,58,81,99,92,58,43,38,54,41,46,41,38,63,65,59,61,40,36,21,65,66,31,46
"gene_767",442,354,394,274,358,285,353,236,219,213,294,441,678,437,287,478,402,336,515,261,385,272,290,353,421,645,398,452,335,413,541,399,582,410,413,463,190,236,304,393,631,557,670,573,521,296,948,552,293,498,674,463,607,387,414,361,714,375,426,710
"gene_768",49,188,129,56,51,113,62,27,70,47,33,91,43,57,57,78,140,51,54,66,112,70,66,111,105,49,63,76,52,105,151,107,49,73,74,91,80,59,106,114,86,89,46,37,73,61,84,42,53,66,87,36,43,39,50,23,72,38,37,68
"gene_769",17,30,1,9,19,4,10,0,6,7,9,34,22,5,4,4,10,11,5,15,11,19,38,8,24,6,11,9,21,15,1,46,20,1,16,3,12,22,17,10,16,19,24,28,30,30,8,15,11,6,15,20,18,12,12,9,9,8,2,12
"gene_770",320,404,691,598,680,310,386,316,448,270,282,551,629,461,273,395,486,592,228,295,195,328,350,357,211,321,446,252,150,230,458,227,388,256,340,239,214,245,412,377,537,399,715,258,875,453,469,353,344,473,396,164,303,265,381,267,369,379,324,370
"gene_771",310,292,295,185,301,133,102,188,101,204,115,140,357,127,120,213,172,165,161,154,140,179,134,114,152,145,207,94,119,144,128,293,125,146,174,195,108,299,221,142,433,158,378,167,179,280,213,254,172,181,281,250,133,189,154,233,157,106,195,174
"gene_772",26,17,52,7,4,6,25,13,23,5,14,9,23,15,12,14,35,12,14,11,18,30,3,26,37,18,34,15,7,34,9,9,23,12,27,28,14,11,30,5,49,24,71,6,6,32,24,17,12,17,68,6,36,45,5,13,17,26,25,7
"gene_773",162,218,362,180,265,166,171,93,187,124,192,229,178,263,166,267,189,211,218,163,117,71,120,104,176,76,198,98,147,186,153,136,179,69,185,87,80,158,192,169,75,117,181,112,98,102,206,172,95,217,173,76,133,112,134,73,159,159,120,123
"gene_774",13,0,5,0,1,2,2,0,5,8,3,3,0,0,0,1,3,4,0,1,6,49,5,12,1,6,14,3,19,5,1,2,1,2,8,2,0,3,11,1,2,0,3,0,6,4,0,1,11,4,0,1,1,4,1,2,2,0,3,2
"gene_775",526,548,459,471,422,217,228,313,235,201,310,398,531,302,323,340,260,220,397,202,310,338,297,400,292,376,484,317,246,458,222,297,339,218,530,135,265,241,329,308,401,446,553,513,420,222,541,483,308,607,106,174,366,227,169,175,237,160,458,247
"gene_776",938,1333,1557,736,906,858,481,471,823,532,679,837,835,704,546,1117,619,724,828,967,442,727,625,1081,712,1057,1114,464,622,1548,794,793,723,667,692,596,474,544,1419,688,1028,1059,692,943,1055,1007,1547,791,948,1115,1129,720,986,451,973,902,1018,1175,591,1277
"gene_777",6240,7093,7234,5699,3449,3808,3507,4769,7093,3353,14145,23173,23898,17581,15925,19716,24977,12937,22838,16012,2950,4184,4744,4359,4408,6309,8227,4299,7791,5754,25805,24742,38466,19496,18933,22058,15231,19981,19955,22004,8086,9052,7410,10970,7567,9185,10858,8669,4332,10883,18459,12953,26281,28644,18396,21440,32660,17463,24371,27447
"gene_778",186,207,130,94,55,108,88,107,78,87,92,111,110,60,72,136,108,122,173,78,153,177,223,107,126,124,165,253,74,143,118,119,130,103,127,80,144,136,178,132,309,195,123,182,142,147,201,174,152,218,81,109,107,89,57,110,156,122,152,120
"gene_779",4,4,19,5,15,7,28,2,27,3,0,23,1,7,4,3,5,1,15,2,17,3,5,10,45,17,11,14,16,9,10,6,2,14,8,0,6,5,8,4,15,14,10,3,23,47,12,17,19,13,9,0,10,17,1,11,17,7,16,5
"gene_780",354,544,530,427,345,331,154,284,292,171,265,675,443,503,321,382,329,317,370,267,340,279,302,585,415,359,424,294,226,516,409,417,570,361,771,416,334,419,849,402,750,361,895,449,574,709,349,450,288,598,389,402,482,432,411,351,501,342,579,444
"gene_781",88,107,154,71,44,63,50,22,60,17,42,26,72,55,56,31,58,15,55,38,70,53,41,49,29,85,84,41,66,61,33,37,75,64,24,57,25,24,27,39,92,70,58,51,36,63,22,56,82,45,58,48,60,39,45,8,144,59,52,72
"gene_782",399,398,447,436,290,444,336,374,471,327,561,888,890,902,745,828,976,903,759,615,407,647,333,399,333,309,316,318,386,506,934,1040,800,728,1113,569,581,732,1505,674,368,428,517,382,648,527,303,503,330,668,793,760,774,665,394,596,822,868,738,761
"gene_783",167,251,177,182,181,120,82,127,201,82,96,164,137,96,122,220,242,183,175,177,70,225,63,133,244,297,173,185,121,169,158,210,178,167,248,172,276,344,369,168,157,107,266,171,154,96,80,121,113,93,129,97,149,143,113,73,213,122,135,138
"gene_784",39,94,69,41,36,38,18,22,49,11,48,46,30,28,37,54,37,8,47,25,41,122,46,89,72,44,108,21,36,85,100,49,94,29,26,40,42,54,171,59,34,30,35,52,63,20,41,41,19,33,20,10,38,12,32,32,10,22,19,30
"gene_785",2821,2258,2298,1913,2270,1714,1391,1168,1929,1016,1244,1468,1563,1118,1805,1638,1439,1518,1225,728,1615,1989,1613,2862,2072,2981,2855,1779,1730,3722,1675,1599,2149,1747,1839,1326,1574,1993,1992,1418,1901,1511,1801,1615,1779,1353,1171,2235,1900,1703,853,646,1183,1327,1088,1012,1444,890,1137,1753
"gene_786",230,327,267,179,137,230,111,95,100,98,143,236,195,203,201,248,229,185,207,165,158,338,110,132,231,135,280,83,154,175,181,211,182,161,195,377,271,167,273,152,183,259,173,178,262,219,240,179,131,158,190,134,226,170,122,100,279,132,162,153
"gene_787",63,28,30,11,33,35,34,13,11,8,14,34,39,33,13,39,23,48,17,18,7,41,33,12,60,19,46,4,14,43,29,21,15,35,75,22,82,27,57,17,56,33,46,19,29,23,36,25,30,24,30,13,26,3,46,12,17,25,8,49
"gene_788",7450,7366,6573,4117,4713,4062,4422,3206,3668,3285,3491,4267,3233,3657,4145,4248,5983,2027,6050,3077,8759,10430,9650,8891,8796,18928,13680,7934,9321,12145,7688,10853,6730,8323,8809,8705,7038,12159,7817,6116,5887,4031,6970,9200,5212,4770,5956,5414,3392,8689,3340,4275,3758,4495,3423,2347,3944,3623,3706,5705
"gene_789",16,22,34,53,19,19,26,11,26,14,10,38,30,18,36,32,30,30,29,16,29,16,35,10,46,33,19,8,9,24,21,17,46,25,31,17,17,17,16,7,39,26,59,25,5,40,12,13,23,14,4,17,18,20,11,21,19,20,16,28
"gene_790",13,43,79,13,50,47,32,10,17,23,6,44,48,30,27,30,59,21,32,15,23,15,52,23,26,9,42,15,47,27,43,34,14,10,14,41,14,16,45,37,7,13,26,42,18,35,41,11,23,78,8,20,31,4,45,12,42,2,21,46
"gene_791",16,41,53,27,44,20,14,15,13,7,11,7,44,40,21,23,17,11,8,10,13,24,3,21,23,55,11,14,20,37,16,24,29,21,32,13,12,10,24,20,8,24,9,31,17,28,24,9,30,31,27,10,8,30,10,15,21,24,8,5
"gene_792",74,101,170,86,35,53,28,90,69,29,71,60,125,147,62,119,37,57,136,32,93,181,62,121,79,140,138,40,75,90,143,128,142,169,86,127,148,117,164,148,72,26,67,46,60,54,95,80,59,45,66,64,46,48,75,56,43,74,29,160
"gene_793",27,29,29,21,38,26,5,14,25,17,9,34,36,19,7,37,15,13,29,7,41,11,66,25,47,54,23,45,15,7,23,8,10,29,28,22,21,23,39,6,12,3,15,42,20,31,5,6,5,25,16,17,23,14,24,16,19,11,10,18
"gene_794",658,712,561,571,579,325,289,434,533,283,507,556,505,458,539,393,543,535,904,610,376,228,298,249,763,396,571,350,241,440,631,360,776,669,528,348,406,270,749,509,670,543,591,244,589,606,614,419,466,524,829,349,593,594,335,411,391,518,415,769
"gene_795",686,1156,1089,564,487,478,441,415,415,257,346,984,726,667,516,633,374,658,625,433,677,841,577,908,721,973,474,717,569,971,817,892,823,550,846,672,993,791,1347,468,917,528,578,317,460,430,465,341,429,556,422,206,828,403,587,339,343,411,538,491
"gene_796",1070,920,942,981,614,735,494,747,615,479,629,757,1080,701,822,713,960,603,641,1072,505,900,618,807,626,1073,861,592,689,927,828,1167,987,955,1149,612,806,493,1173,1022,1363,904,1216,1182,1347,448,885,684,657,1131,1010,850,1112,622,1304,574,1703,800,711,756
"gene_797",1047,918,818,751,608,681,476,627,917,338,922,663,910,829,928,897,499,553,1026,655,658,822,559,811,1251,942,854,593,505,538,887,666,776,604,758,845,810,355,544,557,1993,757,1007,1319,1355,1305,708,979,908,1686,1331,1169,788,566,1035,850,1054,445,547,975
"gene_798",871,1071,1382,978,956,856,627,356,449,597,981,1313,1404,857,575,1248,948,853,989,989,1258,1793,1248,1277,1642,1591,1672,1151,1199,1843,1121,1788,1935,997,2145,1109,1238,1437,1774,1297,1057,952,1037,827,990,460,1153,856,661,982,971,695,691,635,465,466,900,636,819,830
"gene_799",116,205,128,124,137,162,87,39,103,71,112,72,139,85,103,107,241,58,87,117,104,168,170,239,161,210,242,115,86,95,104,75,101,84,101,155,107,66,148,135,77,143,145,120,141,150,178,162,67,91,75,48,124,147,167,147,60,59,115,137
"gene_800",4594,8619,8591,7507,4365,4681,3237,3727,3917,3107,4579,8526,5644,3029,3729,5671,6509,4319,7519,5249,6602,10395,5834,7727,11545,10451,4901,5623,7211,11426,11483,8485,8674,9147,10434,6056,6775,8459,17414,4314,4044,3046,7380,7334,2172,5500,5799,5401,4555,4828,5009,3355,4403,4356,6204,3451,5819,4389,3387,5680
"gene_801",280,424,447,179,186,203,221,257,134,105,154,178,172,223,189,176,183,223,306,221,162,186,257,160,336,233,163,222,244,226,186,197,285,203,243,139,156,243,234,214,418,288,228,219,479,238,271,309,300,358,154,196,256,178,165,163,163,152,187,267
"gene_802",274,539,531,266,271,304,204,279,183,161,151,183,246,180,200,158,199,80,236,200,262,342,226,427,229,417,315,365,302,461,285,177,299,177,134,113,164,238,205,195,130,144,282,238,309,217,213,168,257,154,233,119,159,104,84,151,281,102,206,196
"gene_803",15,2,1,6,15,0,3,7,5,3,3,4,7,1,2,2,0,5,1,9,6,1,1,29,9,24,0,5,8,2,1,4,17,1,14,19,4,12,0,6,2,1,0,2,0,0,3,11,11,9,3,8,5,1,3,0,12,3,4,5
"gene_804",13,19,26,1,4,4,10,3,10,4,15,4,5,14,23,46,2,6,19,16,2,0,8,4,16,21,6,4,3,5,8,3,4,15,10,11,19,3,1,7,17,6,17,16,11,4,6,7,7,6,1,16,51,7,17,15,17,10,3,10
"gene_805",38,114,55,93,121,37,60,103,78,54,54,75,71,98,60,84,118,47,104,39,90,81,81,87,104,107,92,43,60,105,132,52,67,73,62,65,54,63,64,32,107,66,93,95,127,74,99,73,58,124,117,36,48,44,61,37,121,57,52,80
"gene_806",233,304,311,143,182,128,81,125,114,116,106,214,110,159,91,134,109,212,237,128,120,151,191,118,143,219,125,77,170,224,201,123,115,129,164,89,81,160,182,130,205,167,137,171,273,108,171,209,124,132,132,110,80,102,183,104,129,102,145,143
"gene_807",54,84,49,24,24,44,32,43,39,34,28,49,31,49,77,34,35,14,26,46,30,70,71,17,35,36,84,23,23,27,17,33,12,34,48,26,18,15,24,40,33,31,32,28,65,58,53,44,30,32,45,22,42,17,19,15,11,28,23,46
"gene_808",142,274,151,114,141,77,94,92,141,39,64,119,88,87,106,154,107,67,147,122,127,286,167,169,167,164,155,117,262,163,178,171,79,90,158,125,48,111,214,181,160,151,99,114,135,107,165,138,91,124,74,56,99,23,134,177,147,126,149,157
"gene_809",6414,7619,8338,5156,3331,3219,2406,2261,5071,2965,3475,6765,8006,3874,4966,5685,4728,3699,4108,3998,4081,3054,3290,5670,4312,3668,5044,3371,3717,2616,5043,2548,5277,5160,3984,4827,4544,3127,8509,6880,4599,3174,5076,4181,4455,4403,2978,3376,2782,3847,3210,2322,3665,2327,4163,2792,2947,3238,3714,2940
"gene_810",0,8,12,7,1,19,11,21,7,5,2,13,14,1,11,20,0,7,4,6,7,12,5,2,5,2,17,11,7,17,3,2,15,1,27,1,1,3,4,5,21,13,21,13,22,4,4,6,12,9,16,12,1,5,8,16,6,8,4,20
"gene_811",2033,3076,1749,1513,1687,1374,1257,1403,2304,1240,1226,1749,1953,1527,963,2909,1982,1652,1299,1734,1070,1654,1366,1610,2491,1528,1481,1072,1090,1763,1718,1846,2837,1261,1583,970,1285,1195,2941,1394,3050,1661,2575,1853,2624,1557,2175,2172,1412,1637,2266,1084,1799,1794,1372,1306,2568,1898,1388,2172
"gene_812",4745,4517,6201,6447,3525,3165,3453,5146,2917,2713,2986,5230,6003,5411,4310,6325,5279,2726,6549,3701,6033,5374,5771,6042,6108,10202,9576,4689,4320,6084,7892,8108,5293,3677,5612,4445,4058,4064,7457,4884,8618,6135,9557,6964,4896,4370,10248,7201,4905,5129,5738,5604,5965,5184,7408,2602,8439,3965,6514,6342
"gene_813",17,12,23,34,18,58,16,9,17,7,6,17,29,17,12,31,14,15,47,15,10,22,12,11,30,35,34,8,36,24,11,27,42,25,11,26,42,14,12,5,39,24,51,52,28,29,67,40,13,17,5,50,19,27,32,36,11,26,20,29
"gene_814",68,75,91,35,52,44,30,25,55,49,26,78,65,63,39,42,52,75,73,59,118,74,54,81,85,42,121,63,56,72,43,76,83,70,80,83,141,56,34,73,109,87,52,170,134,94,51,79,61,118,61,55,35,59,80,20,33,31,19,17
"gene_815",44,89,83,125,79,49,89,62,41,35,16,68,66,99,62,80,99,53,109,66,81,115,28,115,112,182,171,51,54,145,69,94,31,116,125,102,88,139,113,181,100,54,101,56,52,33,99,48,39,94,25,52,51,52,22,50,93,31,57,87
"gene_816",246,333,295,234,244,342,205,114,138,151,135,336,330,188,278,276,224,254,252,203,292,430,305,509,344,270,451,344,468,277,293,394,448,506,341,567,528,546,493,338,277,292,321,236,331,260,305,259,285,204,295,266,111,245,192,360,381,201,363,346
"gene_817",550,542,563,352,221,273,217,242,322,129,219,315,295,318,183,207,244,182,303,134,257,385,319,531,328,534,501,293,187,340,265,215,372,331,202,286,292,289,492,254,313,232,546,272,288,319,334,259,341,316,152,126,166,240,131,215,281,148,227,201
"gene_818",6519,5580,9265,5575,4027,3418,3392,3196,3460,2305,3277,4994,5937,4723,4250,5778,6443,4780,3869,3854,2479,3061,2970,5401,5557,6543,3282,3915,4777,3947,4427,4721,6127,4635,5505,3952,4826,6153,5830,3455,4738,2370,4758,6126,4508,4754,3293,4528,2553,6626,3536,2718,3488,3103,3499,3140,3742,4874,2496,6767
"gene_819",114,200,212,84,70,68,72,86,66,54,36,97,71,118,51,66,82,91,66,41,31,91,49,62,82,60,43,45,145,94,29,44,87,34,42,48,70,39,158,74,103,60,185,118,84,60,127,101,89,139,69,35,142,53,119,93,129,65,70,114
"gene_820",4463,6262,3648,4649,3575,3571,3052,3314,2631,3125,1585,4176,5105,3064,3815,4228,3175,3962,4081,3770,4001,4594,5269,3461,5156,5166,5867,2647,5240,5515,3699,4966,4551,4491,3070,2897,3460,2964,6200,3267,4265,3574,4224,2934,3135,3408,2555,3429,2172,4176,1988,2405,2461,1980,2277,1524,2718,3139,2245,2623
"gene_821",50,21,77,88,14,11,5,25,39,30,30,24,13,27,33,25,4,25,29,17,7,29,22,38,35,61,47,24,15,26,29,38,34,42,30,39,16,6,18,26,11,18,19,33,15,5,31,8,3,11,16,10,0,13,14,3,47,6,8,6
"gene_822",38,2,47,6,12,9,11,1,15,21,6,7,4,1,1,16,3,0,6,6,33,3,6,18,3,4,7,7,9,7,10,2,19,12,12,4,5,4,12,32,9,11,10,27,15,2,4,2,17,16,22,2,2,11,17,8,9,6,6,9
"gene_823",72,156,290,220,62,143,75,59,72,47,82,112,137,129,50,62,127,100,122,103,46,134,82,139,145,168,88,66,90,153,124,105,93,108,96,158,101,161,149,114,178,65,176,167,96,98,122,75,54,84,158,149,135,92,130,95,158,61,141,126
"gene_824",289,366,180,206,220,302,131,214,301,143,133,218,329,170,211,267,346,240,205,158,152,231,235,168,194,218,155,119,89,169,124,173,93,163,190,171,216,136,259,210,219,207,369,169,145,229,216,128,146,152,201,75,268,188,233,94,253,171,176,251
"gene_825",85,105,41,59,63,45,41,53,68,22,23,142,117,48,39,99,42,49,61,31,49,45,27,60,34,34,80,36,45,51,79,44,37,39,45,54,39,53,116,39,23,42,60,34,61,35,42,19,15,30,23,42,20,40,25,51,64,45,29,51
"gene_826",478,542,387,356,263,407,168,205,583,193,305,499,443,282,450,345,358,257,305,152,274,402,199,342,441,309,430,243,303,355,421,220,423,263,381,406,398,191,402,258,472,269,360,278,241,309,287,268,238,297,306,177,252,287,303,216,278,173,255,316
"gene_827",137,259,252,123,112,186,91,114,174,76,83,138,187,147,92,184,59,111,204,166,89,106,64,105,157,150,135,128,122,153,76,68,76,79,119,129,90,128,147,140,194,127,191,186,152,161,258,151,102,200,84,88,171,143,80,115,215,106,121,161
"gene_828",44,93,95,51,75,47,42,76,36,37,46,64,58,74,36,47,93,93,88,58,48,66,78,37,33,70,101,57,45,21,67,85,50,60,74,53,82,62,99,111,114,72,84,55,34,117,45,100,25,48,45,27,51,34,108,66,78,33,63,94
"gene_829",4595,4034,4697,4185,3000,3041,1903,2365,2538,2676,2584,2321,4813,2482,4125,3324,3380,2910,4353,2291,3410,4457,6522,6248,4942,5846,4906,4672,3368,5948,5863,4764,5624,4646,5433,3894,2122,3003,4579,6144,2758,2900,4454,3329,4031,3073,3827,3646,3195,2484,2272,2458,3426,3377,2786,2681,3332,2690,2039,2731
"gene_830",991,2487,2360,1751,1142,1273,1190,1158,1258,1222,267,241,437,301,352,277,519,280,381,327,1136,1800,1540,2939,1707,1780,1626,1266,1526,2557,392,447,477,302,458,395,276,311,566,457,2202,1928,2013,2105,1436,2191,1977,2083,1818,2718,299,412,344,310,381,267,595,456,454,452
"gene_831",77,34,17,53,25,23,20,59,45,20,23,56,74,39,51,66,21,49,25,45,39,37,29,49,70,31,75,18,58,48,47,44,37,23,53,63,18,52,42,67,36,42,45,38,64,55,24,56,59,72,55,26,8,67,59,48,134,51,36,61
"gene_832",782,1443,1226,849,1032,740,481,393,580,394,641,848,891,954,774,635,1054,918,1182,693,805,1051,893,1375,1460,1480,1839,343,1026,1673,1701,1617,1473,1341,1958,1266,1288,908,1582,2037,552,512,492,313,626,465,417,572,484,560,446,374,558,473,424,367,726,506,517,516
"gene_833",305,531,402,254,230,177,122,208,300,85,90,107,148,132,49,115,179,99,114,108,167,109,124,191,207,176,164,179,89,178,72,80,118,101,102,50,61,73,109,67,395,178,572,435,473,258,376,334,247,369,137,115,90,102,154,104,136,144,163,137
"gene_834",33,112,35,61,17,60,24,33,48,20,87,59,109,87,70,28,109,77,75,49,38,60,50,63,81,78,39,23,27,52,21,30,64,35,76,102,19,47,45,72,102,85,52,49,73,114,176,53,69,41,101,52,55,56,131,25,49,62,79,151
"gene_835",48,36,41,16,30,14,19,20,8,10,37,30,19,1,8,28,11,12,14,29,16,18,55,51,56,41,50,18,18,34,30,39,27,7,21,21,14,14,15,35,22,23,46,31,22,30,34,32,18,22,17,29,14,22,15,14,10,23,1,17
"gene_836",119,226,206,93,134,151,117,164,88,86,67,195,137,90,141,131,78,69,145,104,119,165,101,171,77,104,157,117,67,111,148,198,167,100,118,63,94,213,79,79,154,114,119,120,145,97,154,71,60,77,70,47,50,97,94,65,84,85,93,117
"gene_837",139,145,187,150,88,153,71,74,75,59,47,121,145,42,182,155,76,120,79,112,103,82,74,159,84,167,91,89,127,89,105,98,213,126,125,115,85,126,266,71,170,119,209,147,153,137,126,100,123,162,168,47,93,80,52,64,140,86,76,84
"gene_838",651,819,446,431,585,363,487,466,328,262,309,448,533,240,248,365,474,344,466,396,666,812,405,622,650,736,676,609,421,876,474,444,578,444,689,391,498,455,899,707,759,727,1167,627,1291,924,817,609,889,1160,771,508,571,561,552,697,824,611,548,1263
"gene_839",206,271,313,295,168,192,108,166,124,78,137,245,285,117,125,178,251,152,280,176,93,303,144,203,222,289,330,112,111,195,261,141,299,211,251,119,228,201,279,120,339,211,283,418,186,216,201,239,210,175,213,86,277,155,246,169,332,261,215,360
"gene_840",31,53,47,108,69,81,64,47,14,25,42,56,15,30,31,40,44,31,51,34,56,34,34,67,56,48,67,37,24,65,40,70,36,33,56,50,18,25,41,28,86,56,61,63,63,56,68,78,40,33,34,37,65,51,25,33,34,62,6,37
"gene_841",3825,6271,4860,4955,5288,4003,4454,3769,4187,3059,3482,8258,6268,4648,4341,8853,5495,4432,5459,5606,3366,6697,5323,4027,7769,7244,8963,4599,3220,5891,5738,8719,9687,7392,5710,4999,8118,7171,11153,6229,4788,6908,7989,7506,4586,5167,5248,3134,4188,7289,8710,5474,8875,4788,5500,4153,8689,9422,7876,10214
"gene_842",2083,1585,1774,1611,1570,1741,1440,1485,1339,951,916,1449,1534,1394,1295,2215,2038,1331,1651,1562,1106,2275,1447,1294,1568,1401,2418,1259,1779,1639,1784,1601,1712,1621,1761,1297,1078,1228,2103,1306,3643,1651,2107,3067,2465,2822,1901,1942,1146,2530,1680,1837,2031,1676,1613,1085,2243,2706,1422,2467
"gene_843",4129,6336,7491,4751,4739,5997,2875,4114,6107,2851,3981,6975,6172,5766,3313,8927,4678,3642,4093,4974,3305,4224,2956,3717,5904,6431,6512,3703,4806,6666,3446,5592,4328,2513,5176,5810,4475,3586,5377,5588,5166,3081,6708,4309,4918,4960,4627,3719,2619,4408,2758,3855,4262,3460,4447,2473,2933,4041,4182,3219
"gene_844",35,164,99,60,93,65,102,39,66,31,94,51,71,63,60,151,83,35,58,57,34,99,52,53,72,60,66,19,47,90,64,29,78,53,80,51,68,49,52,75,123,64,134,85,104,100,56,72,69,65,79,52,102,45,83,76,117,46,64,120
"gene_845",80,244,76,150,50,80,105,88,70,30,53,93,95,83,93,59,141,57,86,55,96,141,38,96,133,113,103,79,81,183,77,111,138,55,138,72,131,111,134,135,118,101,115,65,59,88,140,47,72,94,50,57,62,78,35,39,64,61,29,119
"gene_846",53,73,135,120,63,45,86,82,60,105,101,227,89,74,98,93,116,81,125,103,74,157,55,74,47,72,129,38,35,106,118,151,68,60,62,128,88,102,102,96,175,162,163,109,153,209,113,109,97,236,157,122,151,87,143,157,80,123,119,92
"gene_847",537,492,613,328,197,411,472,179,284,262,338,408,637,290,310,346,431,430,513,319,321,494,362,484,416,367,551,572,463,522,372,460,650,482,605,489,742,436,517,521,310,268,548,361,281,195,427,198,262,311,207,148,217,152,359,109,281,214,365,230
"gene_848",49,43,66,42,14,16,5,26,9,9,9,21,19,17,6,30,7,20,16,10,16,43,25,36,7,13,24,9,17,23,16,17,18,5,10,29,34,26,15,11,27,12,36,20,20,9,8,8,11,11,15,7,15,11,22,16,13,6,2,19
"gene_849",5,3,15,4,0,1,5,0,0,1,5,1,1,5,8,0,2,0,1,5,11,0,9,3,3,3,2,1,0,0,0,7,6,3,5,14,3,3,6,1,4,1,4,5,9,3,7,0,5,0,1,1,1,0,1,8,0,0,1,5
"gene_850",442,615,885,598,409,403,383,319,362,235,476,489,468,347,98,481,537,454,275,280,260,612,286,365,464,629,520,315,414,312,460,412,569,324,501,357,291,362,893,415,638,772,1202,867,688,709,594,778,641,865,875,794,899,438,583,501,734,689,590,697
"gene_851",51,172,149,62,88,77,86,65,98,45,57,87,110,54,54,111,99,45,85,58,134,136,73,80,82,173,146,79,69,177,112,81,56,97,104,50,81,57,103,101,187,74,131,129,59,155,116,164,95,109,35,85,83,118,54,66,90,69,51,90
"gene_852",8443,7459,9155,3722,4904,4795,4338,4441,5089,2909,3176,4766,6220,3206,4108,5578,5299,3687,7630,2826,3749,4868,4896,6128,6947,7537,4592,5042,2703,4103,5639,3110,5125,5401,4629,3705,3973,5729,5320,5001,4038,3837,5381,3413,3587,3204,6926,4708,2620,3303,4111,2150,3668,2462,2386,2008,4079,4215,3206,5289
"gene_853",284,212,449,209,121,198,135,120,94,101,43,79,72,46,51,90,64,44,59,64,150,187,218,157,274,228,312,66,173,167,40,47,61,65,83,48,54,46,61,47,403,255,265,348,131,212,366,202,209,171,110,45,34,19,41,33,50,37,56,59
"gene_854",24,30,48,68,43,37,52,31,57,11,41,47,32,28,85,39,49,11,37,34,33,48,31,29,43,16,61,62,22,33,46,33,44,28,72,41,33,35,15,44,53,34,89,96,135,62,61,70,101,58,61,37,50,49,31,49,47,57,47,75
"gene_855",1210,1152,1013,1005,678,642,996,782,734,781,594,739,886,650,480,719,629,661,712,494,499,797,1062,817,668,927,736,454,700,726,621,594,810,314,570,662,509,651,699,617,1929,808,1120,1073,1143,1602,959,985,1005,1327,750,937,778,890,671,618,591,935,955,558
"gene_856",237,159,321,120,170,278,123,185,167,83,112,231,213,204,167,243,222,275,272,298,150,194,168,164,231,200,159,166,142,170,267,132,291,113,194,184,148,136,331,109,298,272,377,230,234,264,268,259,175,332,318,119,268,92,169,167,169,123,292,214
"gene_857",5474,7969,8169,2807,3822,4574,1919,1837,3888,1455,3705,2700,4397,2404,2424,3310,2912,3455,4606,2456,4938,6277,5409,7832,6196,6257,7538,2359,4506,6346,5625,3602,6389,4342,5220,4748,7259,4124,4471,7253,5665,4375,6823,5303,5437,5109,3696,3539,3418,4474,4003,3172,2739,2270,3868,2917,3635,3256,5053,4154
"gene_858",6302,6474,8536,6140,6803,5176,3306,3407,6011,2634,4783,7831,9262,6467,6077,6264,6230,6508,4777,3999,3944,4091,5151,5632,8490,6432,5149,3825,2993,6329,4715,5282,5578,5625,5845,5648,5737,6034,6040,5984,3340,5792,7183,4480,4145,4760,5190,4600,3276,5850,5688,5013,5138,3227,5230,3878,6332,5580,2896,7838
"gene_859",471,791,406,394,475,312,112,254,340,186,189,411,326,382,231,348,262,260,404,236,237,540,433,414,347,389,266,309,182,419,706,266,438,416,634,478,389,420,448,229,334,238,326,361,232,366,280,181,257,136,229,244,220,214,239,195,251,267,210,376
"gene_860",393,485,566,381,322,462,255,455,228,271,754,1533,2391,1082,820,1474,1647,1565,1052,1145,267,335,310,435,394,412,420,288,211,299,898,1656,1436,1145,1459,1488,963,966,1705,1192,573,393,414,290,333,470,497,350,294,387,1516,846,1894,1579,749,1088,2319,1400,1186,2001
"gene_861",167,191,214,140,155,173,89,129,138,79,123,171,127,58,196,190,238,151,191,150,80,294,94,231,167,205,138,136,107,226,175,79,230,61,212,195,128,104,201,122,200,212,263,193,215,190,415,177,90,184,127,191,166,144,59,129,259,133,162,216
"gene_862",24,49,37,22,48,23,15,47,17,19,25,28,10,16,15,19,9,16,10,19,32,42,12,23,22,10,39,29,7,19,15,6,29,6,8,1,10,12,21,11,9,37,9,28,20,17,36,15,20,17,11,10,0,28,17,8,12,10,24,9
"gene_863",1150,1953,1917,818,1265,1123,834,727,849,568,854,499,835,826,573,827,991,781,1471,740,987,1173,913,1278,1084,1184,906,860,1025,1684,515,703,881,581,903,684,1000,375,752,780,1234,878,1133,852,753,824,1102,689,775,816,576,453,591,646,570,436,800,427,774,1019
"gene_864",56,77,94,23,39,27,28,16,48,29,30,73,31,90,59,102,24,47,44,55,47,48,25,18,65,62,80,62,23,19,50,69,37,47,52,34,33,54,75,51,55,24,90,32,37,58,30,29,24,119,29,45,21,32,57,22,62,43,24,66
"gene_865",432,285,615,307,162,423,369,386,320,98,238,275,236,222,242,207,176,142,156,311,434,607,227,380,377,231,294,223,267,352,286,270,260,208,146,155,194,206,287,380,740,397,318,364,594,675,593,367,286,586,212,340,332,222,360,207,337,192,314,523
"gene_866",192,219,205,153,136,99,148,54,110,73,161,118,152,154,108,59,263,69,105,61,231,227,111,163,91,321,171,262,273,202,205,222,210,169,227,100,141,123,285,92,222,130,184,192,148,128,150,209,186,130,119,130,133,164,118,74,213,184,108,192
"gene_867",157,319,221,189,177,154,164,70,235,155,284,395,252,123,211,182,187,215,160,156,103,152,91,108,151,147,222,107,208,158,226,91,312,108,171,210,165,247,303,163,261,208,264,332,166,244,264,107,221,268,243,174,186,117,223,125,380,157,174,279
"gene_868",320,314,349,196,216,223,173,193,226,173,292,316,316,282,254,281,176,191,174,221,145,207,145,223,311,278,155,172,147,300,112,247,240,142,171,91,153,165,212,169,353,316,298,306,270,386,277,186,287,414,332,423,328,219,214,183,303,311,245,277
"gene_869",6253,9513,4643,5200,3940,4579,2630,4179,4194,2911,3858,6269,6504,5410,4981,6297,4592,3164,4864,3488,3185,3292,3540,2772,4898,5180,3294,3940,3878,3313,4645,3935,7934,2496,7767,3766,4405,2383,4031,4008,5961,3055,3147,4631,2986,4228,4233,3231,2838,2518,2878,2243,3754,2136,3393,2689,2733,2619,2305,4709
"gene_870",50,76,97,49,52,33,18,32,17,16,37,57,56,27,50,57,43,67,71,48,79,121,41,120,73,89,34,90,73,64,56,94,42,93,67,42,85,50,76,65,77,21,22,32,41,31,51,54,32,77,20,45,38,31,57,8,54,57,12,44
"gene_871",232,381,421,182,246,153,117,130,158,160,154,342,244,166,166,293,165,115,190,204,133,93,219,101,256,176,221,98,116,134,126,76,140,154,127,185,201,131,196,205,273,258,316,238,256,266,391,199,186,241,337,191,215,220,298,155,363,176,121,217
"gene_872",124,207,141,109,29,84,58,92,23,40,189,221,400,237,173,535,471,385,255,147,62,86,94,81,71,64,165,43,117,166,666,231,401,400,214,202,283,264,496,304,139,119,138,104,55,91,166,109,63,88,461,235,132,357,298,325,505,486,205,389
"gene_873",1334,1326,2257,1126,1214,1282,1530,1590,1068,674,898,742,1404,1005,1052,1536,1032,1399,695,819,814,2685,2170,1276,1256,1092,1644,1147,1253,2330,1389,845,1387,1241,1390,1276,1206,1016,1084,1131,1548,1426,2255,1065,1910,1864,1620,1343,1447,1887,803,934,1236,1195,464,685,1006,1114,466,1057
"gene_874",12,2,11,11,16,13,3,3,2,5,2,22,6,13,0,7,4,5,38,3,18,5,16,4,32,14,12,4,18,8,20,2,10,3,41,8,18,4,14,6,11,1,4,2,9,4,20,19,1,7,4,6,2,3,3,7,1,11,6,6
"gene_875",28,0,7,0,3,6,0,7,4,1,0,4,6,5,17,8,4,11,0,5,1,2,9,6,3,0,1,0,0,40,3,3,4,6,15,3,5,0,19,14,12,0,10,0,17,14,6,8,4,0,7,6,3,13,2,2,1,0,7,0
"gene_876",250,319,160,179,79,75,86,61,144,65,161,202,259,221,170,238,228,119,389,162,142,354,155,175,165,138,141,133,135,232,229,165,245,198,251,143,181,66,221,219,151,119,350,205,180,207,261,113,79,209,83,110,151,126,233,81,240,97,120,229
"gene_877",82,57,65,45,37,27,75,33,52,20,39,79,62,41,41,65,44,58,54,50,13,48,40,54,67,64,86,39,52,57,35,36,58,31,50,58,36,50,79,38,66,53,66,48,66,117,116,34,57,102,57,28,82,62,85,29,58,56,72,84
"gene_878",45,52,57,14,70,33,32,35,47,14,37,68,31,27,20,55,92,40,34,68,52,84,46,59,64,52,24,27,25,120,45,43,42,48,63,16,24,27,94,59,118,48,24,57,54,41,53,53,18,48,69,19,28,21,34,25,57,20,27,60
"gene_879",679,1092,1127,956,944,876,653,488,759,569,556,1837,1410,922,784,1252,1415,992,1444,971,931,1208,1306,995,694,604,552,715,717,951,1074,547,970,834,1144,846,1024,778,1195,1377,674,686,1295,977,936,575,468,802,672,605,647,586,999,717,685,594,802,619,656,826
"gene_880",392,613,414,315,255,286,227,208,205,253,251,402,284,416,230,333,484,305,255,245,205,484,234,218,355,509,166,282,340,326,246,243,253,339,239,458,191,304,378,333,216,194,314,258,99,217,265,282,155,177,255,104,213,133,219,123,209,144,190,184
"gene_881",50,126,161,49,110,53,58,38,66,59,26,43,78,75,47,80,49,38,34,39,39,73,79,91,106,101,163,129,43,77,75,75,106,49,96,60,116,60,122,37,86,69,139,71,46,109,102,44,40,130,24,36,49,65,50,39,49,75,65,38
"gene_882",6801,9341,4112,3960,4238,5650,3271,3640,4817,3435,3409,3865,7243,4695,3431,7845,4930,3727,5255,4448,5131,5852,6081,5302,5941,5549,5629,3140,3098,6175,5847,6711,6308,4865,7640,6618,3944,6130,6269,7096,9085,5983,7564,6294,6085,8386,6784,6234,5691,9802,7361,4703,5302,4740,7678,4807,6268,6004,7395,6073
"gene_883",221,387,290,185,248,186,165,207,162,134,157,190,185,207,137,195,300,135,197,184,133,163,170,98,134,323,264,71,67,270,188,164,185,220,125,64,98,109,162,137,293,157,400,209,243,238,170,168,204,167,160,97,202,237,133,157,271,131,272,321
"gene_884",73,227,278,100,112,172,57,80,106,82,79,83,99,93,174,170,71,120,164,92,132,255,140,322,151,169,309,178,162,140,148,119,205,114,251,112,109,255,192,147,150,120,161,135,175,162,158,231,80,122,98,151,101,51,76,67,202,100,97,153
"gene_885",1244,1051,1275,1209,1134,990,948,1143,814,1250,854,1883,1224,856,667,714,1022,1562,1096,994,1162,1208,1111,964,1374,1217,1290,902,837,1180,852,603,1491,737,917,745,1006,927,824,1057,1954,836,1202,1372,1334,980,810,1179,1600,1258,1007,770,1063,948,1016,701,1297,1754,675,1287
"gene_886",5445,5462,5748,5019,4347,3990,3627,2345,2972,3277,4737,5007,3536,2847,5548,4875,5767,2939,4404,3637,3501,3528,4008,3776,6792,7995,5314,5496,4218,7722,6110,5490,4755,3110,5166,5049,4998,3930,5617,4395,2987,2472,4552,3753,3266,3041,2869,2884,2504,3274,3233,1951,2166,2222,2264,2589,2565,3085,3368,2607
"gene_887",12,6,2,3,1,1,3,5,2,4,1,9,1,0,5,2,3,12,4,0,11,0,1,1,1,1,1,26,12,3,3,13,0,1,13,17,5,15,1,2,3,11,3,3,3,12,1,1,7,0,0,2,1,1,1,6,14,17,1,4
"gene_888",1815,1874,1444,1784,1369,1512,1604,1423,1284,757,847,1280,1207,1364,1072,1115,1121,1299,1158,890,1097,3077,1294,1873,1612,2109,1858,1499,1858,927,934,1388,2250,1560,1040,1144,1283,906,1930,1399,1533,1858,1933,1960,1338,1135,1468,679,1280,2307,1063,551,776,811,674,1042,828,788,906,1524
"gene_889",15,81,52,21,32,40,30,38,10,2,25,33,64,43,26,24,52,40,52,39,24,22,14,33,23,43,18,17,8,27,24,35,84,99,65,11,41,32,61,57,31,13,42,12,47,37,41,21,29,29,43,41,32,21,31,25,52,76,76,43
"gene_890",631,1008,1006,716,363,468,425,440,474,293,463,915,1003,688,740,671,945,733,648,730,497,971,758,986,709,930,837,604,562,574,933,562,877,570,923,926,676,662,1292,617,600,588,429,578,731,525,964,520,660,587,560,456,803,583,403,496,665,717,601,593
"gene_891",57,90,90,88,61,30,47,51,45,5,176,373,347,432,285,239,371,184,219,244,28,26,20,59,31,43,51,21,21,29,71,324,108,283,172,185,214,305,284,140,102,34,84,54,80,30,91,50,63,56,99,122,188,137,245,123,278,116,97,257
"gene_892",1,2,8,12,1,7,0,1,5,4,19,33,1,3,5,2,7,3,1,17,1,4,1,2,8,2,3,7,4,0,3,8,15,0,2,5,1,1,5,0,2,0,3,14,1,7,2,15,25,11,16,2,3,5,0,4,0,5,19,12
"gene_893",39,29,15,6,8,11,5,4,5,18,10,12,16,10,11,20,30,16,27,14,7,25,35,8,27,27,10,11,32,17,9,18,60,11,20,14,18,6,62,36,13,3,7,13,13,3,20,17,8,3,12,9,28,8,17,5,11,15,21,27
"gene_894",67,132,166,148,68,114,90,127,98,158,62,93,92,90,68,113,113,55,104,134,90,98,52,115,137,68,121,57,71,146,73,89,142,69,62,59,75,110,195,85,172,82,183,162,89,144,93,91,115,65,66,61,61,40,76,75,151,60,64,96
"gene_895",959,1027,1051,592,819,1250,634,692,796,327,389,1208,1018,618,705,1025,905,449,885,795,571,674,1085,771,1242,1114,1055,625,824,905,1061,802,1520,720,1191,717,636,1310,995,1000,909,724,1512,1073,916,1044,1013,840,514,576,480,454,584,528,871,698,694,593,646,1209
"gene_896",839,1331,1622,1365,880,1397,871,722,734,385,2094,1739,2153,1492,901,1763,1637,1231,1950,1525,862,2050,1559,1576,963,1790,2022,982,828,1641,1669,1918,2615,3688,2577,1506,2331,2656,3654,2459,919,846,930,892,740,697,1098,766,730,752,1044,1126,2011,1317,2302,1658,2831,1845,1506,1386
"gene_897",22,65,48,47,24,51,10,24,69,14,11,46,70,37,33,38,31,50,41,22,24,58,21,56,31,65,74,27,42,65,60,22,50,31,64,40,37,64,45,30,63,131,40,87,63,55,65,69,69,91,54,23,83,62,68,59,19,62,89,71
"gene_898",1337,1109,1319,808,812,1137,937,399,504,610,578,1690,1258,1091,1045,909,1223,647,882,941,905,681,666,1470,1096,1064,1531,710,695,1313,817,831,1258,1038,852,863,993,1111,1377,1116,1265,1043,1127,1006,906,828,1313,919,502,1114,900,505,1046,589,651,599,1045,779,893,1676
"gene_899",5360,5851,7329,5240,3700,5906,3072,2880,4474,4134,3687,3882,7853,5957,4193,6196,5956,3127,2992,3504,2914,6844,5657,10317,9154,5771,7697,3886,5763,8399,4588,5540,8103,4587,6691,4592,5276,9038,10158,6569,4540,2811,5415,4090,4320,3228,5281,3276,3264,3184,4228,2675,3831,3033,4246,2770,6176,2991,3857,4986
"gene_900",9,77,9,14,13,23,6,15,19,8,28,5,18,20,11,10,8,23,27,11,9,29,39,25,49,12,11,22,22,7,12,67,10,13,37,41,43,7,18,28,10,5,14,14,19,9,10,19,7,17,27,4,15,6,3,12,9,9,5,26
"gene_901",23,8,36,8,2,1,7,14,12,12,5,4,3,11,3,6,1,25,15,28,19,1,2,11,5,23,8,1,5,10,8,12,5,0,20,0,6,15,5,10,27,41,16,13,5,3,3,15,15,12,4,6,6,11,15,2,10,31,22,8
"gene_902",7792,10562,6676,5143,3878,3639,3095,4556,5426,2924,3164,10584,5749,5784,5262,4827,6812,3767,5787,4750,4575,5053,3104,4669,7754,5377,8432,3174,3158,3724,5140,6085,9985,4398,4470,4603,4746,4166,6355,5411,9053,7285,7588,6273,5006,7967,5349,6824,7984,11160,8069,4791,9353,6040,9396,6451,10010,9426,7125,8931
"gene_903",1942,2789,3550,2247,1700,1405,1370,1626,1865,1014,1535,1740,2425,1873,1425,2231,3573,2131,1693,1968,2412,2077,1438,2851,1964,1947,4033,1439,1561,2293,2190,2372,2231,2022,2432,2182,1501,2877,4970,2265,3656,1896,4634,2747,2688,1853,3134,1743,2730,3411,3740,1297,2648,2244,2545,1314,4628,1821,2092,2888
"gene_904",2,1,22,2,11,12,0,3,1,1,2,4,4,9,11,3,1,1,8,2,1,7,3,5,1,28,8,1,16,17,1,9,7,13,3,18,1,6,9,3,1,0,39,9,2,0,0,5,8,16,0,4,0,11,14,5,6,16,7,16
"gene_905",185,191,311,174,184,211,107,233,176,115,126,267,432,221,186,251,313,181,203,213,232,383,254,154,294,348,202,193,231,336,208,175,324,359,265,304,234,194,265,223,354,303,381,250,278,168,175,170,242,345,183,200,95,177,204,223,311,136,146,301
"gene_906",109,177,85,118,81,112,78,115,78,77,87,136,99,121,116,77,91,79,96,101,92,127,85,153,133,137,109,80,167,94,70,148,127,119,92,181,108,49,153,89,239,100,94,172,161,156,135,125,128,112,150,107,221,99,228,162,218,169,142,160
"gene_907",27,5,19,23,21,7,18,14,10,4,26,13,9,3,5,31,33,7,24,16,28,23,8,9,22,52,29,0,11,26,34,13,4,16,22,10,4,17,4,25,3,0,12,8,14,24,28,24,12,12,6,39,2,18,16,17,2,3,3,12
"gene_908",3215,6279,4123,2358,2852,2427,1963,2208,2040,2041,2434,3622,3016,2527,2063,2208,2708,2165,3531,1801,2010,2755,1415,1987,1714,2666,2404,1409,1529,2862,1715,1637,2603,2180,2792,1940,1604,1843,1990,2657,3242,2230,3024,1596,2272,1029,4038,2225,1252,2167,1895,1118,1904,1380,2103,1620,4448,2236,1060,2084
"gene_909",3380,3520,2922,3336,1965,1980,1586,1625,2025,1267,1155,2197,2480,2496,2387,2173,2094,1464,2029,1564,1067,4024,2052,2307,2562,3193,4208,1439,2540,2911,2207,1776,2324,2164,3325,2295,2653,1486,3366,2989,3388,1703,3374,3257,2213,2012,3166,1959,2168,2402,1724,1923,1091,1513,2152,2045,2681,2109,2175,2794
"gene_910",4,12,16,0,6,6,12,2,1,7,2,22,26,5,2,13,3,0,4,0,5,8,8,1,21,1,10,1,6,0,0,9,7,2,14,2,5,9,6,4,20,5,13,6,2,2,6,5,0,0,4,1,9,10,2,12,32,10,4,12
"gene_911",235,286,213,269,209,144,149,160,134,85,148,160,218,132,183,172,127,164,183,130,79,134,129,124,264,229,140,214,225,217,170,158,229,137,230,188,126,111,160,170,542,222,327,268,173,314,256,398,226,251,143,115,227,157,195,107,183,149,135,265
"gene_912",736,740,935,474,444,636,314,409,459,370,306,629,532,247,379,402,451,562,480,342,527,1194,264,630,749,583,1035,449,589,943,301,427,707,478,421,466,586,515,582,745,474,514,443,644,543,593,336,443,427,447,442,265,434,318,242,306,375,348,533,457
"gene_913",127,213,226,161,108,104,106,56,89,61,161,149,136,145,105,203,239,112,203,227,170,184,127,120,173,231,229,99,45,225,149,249,223,164,158,115,216,88,220,202,194,116,116,147,131,187,192,108,105,166,141,248,201,97,189,135,216,244,152,114
"gene_914",18,46,21,8,11,8,3,6,3,2,15,20,4,2,11,12,9,25,12,11,4,6,16,15,1,8,15,9,1,1,10,10,3,9,7,2,14,7,12,7,6,4,3,5,8,6,26,11,11,7,2,3,26,1,8,5,5,7,9,35
"gene_915",9,2,12,3,4,0,1,5,1,1,1,7,2,5,0,12,6,5,13,2,19,9,5,8,0,8,0,5,0,7,5,2,17,14,6,8,0,6,19,1,1,1,0,0,4,0,0,10,2,2,3,0,9,3,17,0,4,7,1,1
"gene_916",121,174,176,151,89,152,84,113,97,59,103,97,190,150,169,89,140,97,131,100,66,120,81,111,236,223,122,45,76,118,105,113,124,91,138,116,67,87,217,138,128,148,180,130,70,110,164,96,128,92,140,179,155,74,154,79,221,160,94,235
"gene_917",12,27,3,8,1,6,2,3,1,10,0,0,4,1,0,2,11,1,3,2,10,9,1,4,2,11,7,1,4,1,5,2,17,0,2,8,5,3,4,1,1,3,4,45,8,12,16,0,3,8,11,0,0,9,1,10,10,3,4,28
"gene_918",65,89,83,69,117,100,59,34,84,45,92,73,61,37,81,112,91,70,83,107,65,194,94,144,120,195,77,55,92,97,118,163,126,75,126,92,70,148,127,132,186,32,77,74,88,151,65,56,51,83,85,29,112,59,34,51,141,138,52,75
"gene_919",16,11,34,9,36,10,32,7,1,14,26,30,17,5,1,12,8,8,13,14,11,32,4,40,31,21,36,13,18,36,15,28,11,5,5,28,15,24,37,24,13,31,18,30,6,9,16,14,23,20,32,5,6,13,4,6,16,8,15,16
"gene_920",331,407,367,238,287,205,238,388,354,210,265,309,416,277,196,397,391,274,229,164,313,491,224,342,321,391,448,367,273,474,523,416,248,308,391,348,290,303,371,419,574,153,377,277,489,423,477,321,403,452,497,292,238,258,366,225,506,229,167,637
"gene_921",49,44,73,62,34,11,24,7,7,47,13,22,28,24,23,49,29,19,50,36,25,28,45,54,37,32,31,8,24,27,32,21,22,20,33,15,38,63,55,23,22,40,23,49,27,26,25,44,9,17,26,8,26,23,21,21,31,20,17,19
"gene_922",35,56,101,47,37,70,39,33,39,73,43,20,114,35,67,84,26,16,52,26,37,63,44,103,67,85,44,25,32,113,28,34,48,32,91,74,38,63,62,66,46,44,70,58,28,47,46,68,28,31,52,43,46,40,56,8,52,43,15,41
"gene_923",177,88,127,74,121,63,53,68,58,49,43,50,76,45,44,54,42,30,77,35,57,131,37,77,42,86,95,38,65,50,32,101,82,55,68,55,58,28,61,49,93,111,93,66,88,102,71,74,124,67,84,65,40,25,54,7,51,56,99,74
"gene_924",386,553,379,511,509,433,208,307,376,194,199,274,290,132,182,305,306,196,184,269,495,918,942,839,1147,904,1144,579,668,1309,353,669,368,318,483,445,288,261,803,368,467,290,588,402,311,209,472,253,244,317,162,208,194,214,181,169,223,169,165,137
"gene_925",2,0,2,0,1,9,6,0,4,7,22,20,11,2,1,7,1,4,6,0,4,0,1,5,3,22,10,9,0,17,6,5,15,2,11,14,0,13,1,1,2,1,10,0,13,10,4,2,8,0,5,2,1,4,12,4,0,1,2,0
"gene_926",65,50,36,12,34,12,39,32,65,22,26,39,60,45,46,27,40,28,45,5,26,21,65,37,95,62,59,60,18,57,50,24,82,29,67,46,59,38,29,28,38,18,24,17,26,23,22,35,30,44,42,25,40,15,13,18,30,20,25,20
"gene_927",119,138,87,88,105,84,46,66,39,55,138,107,172,123,58,150,62,72,148,77,93,333,170,183,186,206,178,122,100,150,179,109,438,161,274,175,71,228,470,113,115,78,163,161,100,104,116,35,60,98,63,108,67,30,131,43,100,116,78,72
"gene_928",134,130,148,119,52,96,91,26,48,64,19,85,89,72,39,135,69,50,89,55,86,68,125,84,77,135,88,89,101,84,49,31,86,105,86,90,69,77,118,52,111,55,81,106,37,61,92,37,94,74,78,36,48,61,43,78,100,49,70,53
"gene_929",5,12,25,5,12,12,0,2,5,1,0,5,5,3,2,4,1,2,1,0,6,0,3,10,14,0,10,6,18,4,6,5,3,0,0,4,1,16,19,11,6,3,12,3,4,4,23,3,4,11,15,0,2,15,3,6,12,20,23,0
"gene_930",192,387,647,243,290,313,261,274,344,211,261,414,581,457,231,413,456,246,368,292,257,424,353,452,424,531,264,250,259,348,231,387,324,449,422,275,371,370,614,481,674,558,658,456,378,451,464,538,434,552,580,338,377,397,403,422,597,365,362,353
"gene_931",18,18,2,5,9,6,6,2,1,1,0,2,0,1,1,6,9,0,14,0,7,4,2,5,4,6,5,1,8,1,6,14,1,5,1,9,2,9,6,9,12,0,0,4,20,11,3,1,18,6,6,25,19,0,14,5,18,1,11,11
"gene_932",764,1421,1087,1261,941,929,919,1003,821,527,702,1992,2296,1118,1083,1085,1490,906,1401,922,844,1391,612,1412,1339,1295,1791,622,1385,1009,1641,1406,1663,1006,1298,1249,1179,1040,2785,1445,885,752,959,727,1396,969,1254,816,1007,946,1192,926,1118,1001,893,735,998,866,1061,1345
"gene_933",234,373,197,223,197,136,85,137,145,105,197,322,146,126,192,230,227,117,171,233,238,173,149,114,134,127,168,71,138,190,159,246,184,159,162,193,83,153,328,195,191,154,266,214,210,204,307,267,248,176,325,119,420,190,154,189,380,251,196,263
"gene_934",404,348,617,355,336,241,270,249,167,145,127,147,244,234,184,186,205,212,273,129,175,388,184,227,273,368,376,272,143,384,284,308,307,290,365,184,173,239,378,144,215,219,442,330,357,266,305,159,345,275,299,142,190,252,208,155,382,204,166,278
"gene_935",118,299,159,66,150,148,93,68,85,61,137,119,177,182,139,166,156,157,256,62,79,70,132,115,150,151,103,118,153,160,76,73,104,119,150,58,192,104,118,70,265,177,224,100,200,221,94,130,80,148,125,54,94,111,229,132,107,133,87,91
"gene_936",2306,2835,3268,2322,1778,2017,1439,1269,980,853,2085,2208,2010,1615,1204,2840,2169,2143,3088,783,1435,2886,2557,3328,3111,3507,3603,2491,1584,2180,2481,2510,2993,1839,2578,2670,2465,2022,4614,2776,2643,1687,2949,2364,3128,1804,1885,2005,1954,1701,1819,1527,2151,2339,2260,2525,2489,2195,1382,2409
"gene_937",1339,1953,1498,1246,1840,1179,992,1075,1785,705,895,2147,2290,1463,1439,2400,2299,1708,1077,1260,835,2255,1163,1564,849,1672,2027,441,1189,1129,1760,1419,771,1936,2400,1427,1252,1076,2168,1083,1419,1167,1289,1160,1332,1211,2051,1640,1155,2035,1288,979,1231,935,1206,1127,1062,1009,953,1321
"gene_938",435,541,541,383,345,256,296,154,364,386,289,305,344,184,351,393,395,385,481,213,295,529,384,368,443,868,599,324,411,431,441,307,440,373,352,348,285,512,488,379,344,365,756,264,416,390,585,208,384,395,336,196,323,358,265,190,253,297,183,382
"gene_939",413,463,381,268,302,234,203,173,169,211,336,572,710,490,355,606,674,462,487,423,303,350,368,382,504,574,284,308,502,336,401,406,815,480,339,275,401,427,577,386,593,437,444,396,614,437,646,344,347,560,402,476,401,161,387,326,467,393,553,864
"gene_940",5,38,2,1,3,4,8,15,6,19,18,7,7,0,3,24,2,19,12,3,10,14,0,6,5,9,6,10,2,14,0,8,8,1,15,2,4,2,1,5,4,18,4,14,7,1,28,12,1,0,4,2,19,6,0,8,8,22,1,1
"gene_941",228,217,358,164,194,133,132,147,110,126,144,156,299,167,225,200,248,124,269,151,277,294,154,321,222,210,360,84,124,346,205,164,224,162,173,141,159,176,238,168,365,109,213,171,221,129,276,179,176,220,160,132,125,143,142,140,292,191,112,185
"gene_942",580,745,678,615,346,291,178,396,398,292,252,437,331,436,403,434,341,272,364,396,368,915,381,485,674,581,577,364,304,412,375,327,467,220,431,213,569,325,927,500,471,303,427,329,408,432,515,373,207,239,172,247,430,228,307,214,254,274,342,342
"gene_943",401,648,423,286,355,466,257,359,348,140,310,421,439,278,275,364,421,396,232,388,215,395,321,348,328,220,511,195,301,496,262,276,400,189,237,213,151,129,351,200,145,181,192,230,277,210,206,228,160,224,197,81,197,110,167,135,181,188,132,261
"gene_944",11,7,22,1,14,2,6,3,3,1,3,1,2,1,5,16,5,2,11,10,21,6,10,6,26,10,0,4,2,4,6,8,6,4,5,1,6,0,7,7,9,0,7,18,18,12,10,2,17,1,18,2,6,1,2,4,0,21,2,6
"gene_945",3531,4379,3450,2255,1428,1721,1011,1638,1501,1089,1479,3548,4462,2372,2588,2977,2123,4327,1989,2135,1957,2267,1551,2211,2437,2982,1496,1681,1631,3203,1571,2724,2972,2319,3079,2419,2252,1918,3540,2681,2371,1550,2709,2420,2069,2269,4028,1743,1375,3001,1758,1903,2949,2313,1351,1760,3462,1863,2005,2168
"gene_946",6550,8307,8618,6373,2383,7254,4435,4711,5074,2516,3496,5729,8030,2538,4570,5254,4225,4126,4333,5244,4195,4133,4033,4263,5780,6261,5110,2729,2815,3417,3384,3394,5818,6925,3667,3249,5530,3291,6726,3987,6485,4430,8173,5504,6936,4110,6093,6061,5094,6635,5698,3988,6858,4028,3943,5420,5780,3815,3807,5931
"gene_947",368,299,170,254,140,321,171,112,207,235,130,157,195,126,168,262,208,83,319,140,278,296,332,249,189,459,330,230,178,334,203,161,199,122,179,187,106,128,280,162,330,115,209,215,176,62,149,225,85,230,98,142,81,76,96,81,126,93,108,104
"gene_948",5,5,7,11,3,0,1,4,4,11,5,7,0,1,0,2,0,15,0,6,26,16,10,2,4,12,15,9,4,2,2,13,0,8,3,0,3,5,11,1,29,6,30,9,4,6,5,15,5,1,18,4,0,0,5,3,23,1,0,7
"gene_949",716,868,536,499,673,372,306,646,969,323,754,734,683,534,592,742,589,500,404,419,315,558,379,914,582,619,675,368,812,714,484,390,582,730,688,442,461,393,737,310,1010,677,603,500,755,407,858,387,318,913,537,395,439,536,430,358,457,573,628,598
"gene_950",2872,2841,3036,1956,2319,1746,1403,1204,1550,989,1293,1239,1315,1486,1109,1936,1957,1302,1618,1081,1657,3319,1846,2332,1460,1894,2512,1597,3152,2628,2111,2141,2834,1363,2150,2158,2143,2258,3235,1940,2462,1057,1339,1388,1462,1557,1944,943,1102,1415,712,819,921,1480,649,927,1634,949,944,1242
"gene_951",1815,1323,928,929,1846,1391,1087,904,1325,956,890,2016,1649,1268,1346,1408,1540,805,1759,1104,1277,1773,911,1280,1479,1143,1481,803,782,1041,889,1456,966,868,1217,1059,901,2035,1082,1289,1509,1005,1469,1182,1289,1191,1123,1164,880,1623,1188,918,553,756,1197,1125,1181,987,911,1779
"gene_952",110,151,225,138,133,103,63,71,148,150,61,132,135,107,83,158,93,81,68,108,59,105,79,159,113,151,179,132,69,137,81,162,192,121,130,105,109,90,81,97,167,149,245,109,106,172,162,77,91,106,128,57,89,102,79,118,93,66,63,111
"gene_953",78,90,50,59,40,25,39,36,63,49,65,62,27,43,60,54,77,64,48,82,47,58,55,47,28,26,32,30,17,60,43,43,47,57,22,27,26,30,32,79,34,26,60,49,30,62,39,55,44,19,42,65,53,14,50,50,50,59,25,50
"gene_954",12,3,10,9,2,6,1,2,3,2,0,1,2,1,0,0,3,0,3,0,6,0,0,9,2,2,11,6,2,0,1,4,5,0,3,0,0,2,0,0,6,8,2,18,6,5,4,1,9,10,6,3,1,4,6,1,0,5,10,6
"gene_955",4,5,17,16,7,1,2,3,19,1,2,4,3,16,12,14,4,11,11,8,4,4,6,10,8,24,9,1,1,14,12,18,2,0,7,4,0,7,14,4,0,1,3,2,0,1,9,7,0,7,13,2,8,3,2,3,3,5,1,2
"gene_956",11,12,64,30,37,33,48,17,6,10,26,152,78,42,76,96,64,82,75,35,67,18,35,29,28,36,34,39,15,26,67,58,135,69,44,130,40,27,67,109,37,4,28,3,19,13,8,12,4,10,50,14,83,53,48,21,60,36,51,19
"gene_957",104,181,163,121,140,70,129,44,91,55,123,160,171,108,121,147,160,172,126,126,68,81,107,112,119,82,174,66,133,144,216,116,160,132,93,136,158,111,156,101,156,107,205,210,77,145,193,171,118,153,156,128,189,144,76,80,144,149,112,237
"gene_958",30,27,16,7,33,36,25,18,12,14,10,17,20,20,17,28,22,15,45,16,22,40,47,66,44,40,112,18,15,77,34,52,39,19,30,54,20,5,43,11,20,49,15,18,20,9,25,14,23,17,5,23,29,14,26,8,33,23,22,25
"gene_959",19,54,24,24,24,31,13,10,16,20,13,24,21,17,14,22,16,27,51,9,6,27,12,6,41,13,9,10,9,20,28,38,22,6,39,2,9,7,11,12,36,59,32,10,24,54,59,27,6,41,7,15,34,23,35,8,23,38,14,37
"gene_960",5033,8396,3950,6824,6842,4664,3537,3626,5993,2200,3028,4169,5017,4512,4796,5463,5763,3498,4411,4396,4209,7953,6850,7384,5720,9421,7369,5791,5063,7126,5028,6247,4394,4285,5850,4635,5192,4668,7025,7409,7623,3565,8416,4406,5936,5516,6201,4528,3263,5764,3471,2799,4155,5139,3198,2455,4804,2872,3256,3745
"gene_961",183,303,197,271,132,159,170,173,121,129,78,226,205,212,95,88,272,205,131,186,145,238,172,248,144,260,84,149,126,146,146,164,224,156,249,163,102,126,271,112,230,151,290,155,208,233,192,135,135,188,170,109,148,174,158,127,172,90,211,186
"gene_962",71,83,34,32,34,33,41,31,51,18,29,52,85,25,37,68,34,70,51,36,22,14,15,28,41,36,52,9,9,38,26,48,39,44,27,30,32,24,36,32,44,23,57,16,20,18,44,33,16,61,11,30,32,31,11,9,29,41,40,51
"gene_963",62,74,76,85,53,49,56,34,86,37,39,68,124,75,47,62,62,53,72,103,39,130,71,72,94,112,56,75,46,68,59,84,59,80,67,75,53,78,110,80,87,75,182,233,77,127,109,77,102,64,80,71,101,80,95,126,162,82,55,106
"gene_964",4,39,15,0,12,22,8,2,15,14,22,4,27,8,4,6,6,6,29,9,1,3,12,28,39,21,12,11,8,21,5,4,16,13,19,20,3,10,12,0,7,36,12,10,31,19,36,29,12,1,3,13,35,14,6,21,16,16,18,25
"gene_965",3308,4149,4887,2321,1978,2334,2181,1950,2181,1391,1538,3065,3949,2822,1940,2104,2362,2137,1831,2186,2699,1507,1851,3853,3636,2315,3198,2564,3057,3174,2219,2251,3453,2208,2166,2093,2941,2852,3570,1636,1934,2958,5868,3044,3221,2612,2887,1973,1802,2279,2102,1576,2212,1507,1669,1775,2190,1775,2260,2226
"gene_966",70,166,132,81,80,127,56,61,43,50,66,96,85,106,25,59,144,48,108,94,78,120,138,68,132,131,138,107,135,138,121,144,127,97,128,150,80,157,131,99,101,64,63,43,119,45,95,63,44,44,47,46,53,43,52,68,62,44,45,53
"gene_967",117,124,159,107,144,107,75,90,67,57,63,71,151,49,59,54,234,41,116,75,68,78,58,63,59,80,155,70,20,154,99,95,82,85,96,56,122,103,112,64,126,50,60,57,91,89,77,49,67,74,37,28,78,27,76,12,68,62,39,78
"gene_968",128,325,124,158,123,133,89,99,65,67,163,113,139,86,145,125,89,128,162,40,128,115,75,91,164,124,131,75,86,79,141,134,196,115,123,142,77,71,87,134,231,139,288,161,177,158,285,181,147,91,202,123,88,101,119,143,165,170,194,131
"gene_969",626,734,829,582,526,420,381,442,414,283,475,900,471,502,436,655,423,609,883,566,811,919,476,438,657,420,582,516,570,532,531,560,1028,506,910,887,483,1120,890,571,577,451,806,636,591,610,836,531,779,739,817,482,529,504,387,532,617,461,734,820
"gene_970",21,16,8,1,2,1,8,3,17,14,7,26,6,2,8,9,6,7,3,2,0,10,4,8,12,29,21,10,6,9,7,8,25,11,7,14,5,5,5,25,22,7,5,16,9,23,16,10,6,11,8,7,22,9,7,6,17,27,14,28
"gene_971",129,105,110,61,165,76,49,58,49,49,43,69,97,57,46,26,77,89,69,37,101,77,70,91,70,106,63,75,73,113,125,41,87,69,82,94,41,80,170,56,183,208,247,169,146,134,335,194,67,118,137,125,125,122,72,80,115,146,141,95
"gene_972",907,716,615,290,403,260,446,273,360,217,187,332,323,148,269,279,353,240,240,213,336,725,357,612,672,444,525,383,228,444,278,126,354,219,305,426,175,340,527,231,617,365,673,358,512,389,441,334,373,376,162,134,138,213,215,116,200,242,197,279
"gene_973",7394,6901,8672,4176,5419,4419,4347,3606,5216,4363,3170,3819,3988,2846,5132,4466,4887,3405,5659,3576,4056,7634,6072,6502,5694,5363,8668,3463,3814,6241,7430,6223,5540,5491,4670,3087,3508,5460,2971,5940,3813,8335,9149,3455,12057,7243,8533,5064,3867,6342,4419,2693,4762,4679,2747,2579,4112,4411,3748,4933
"gene_974",70,109,88,36,42,79,87,105,67,72,170,94,296,114,193,165,224,88,102,120,44,148,74,60,62,65,49,52,68,91,156,135,150,104,153,165,51,169,148,149,56,62,159,50,119,64,97,63,56,62,246,85,136,158,122,63,115,155,159,257
"gene_975",8,32,41,13,24,8,2,3,23,16,1,12,23,9,20,8,11,7,9,19,7,51,7,9,6,4,17,11,9,9,9,3,5,7,19,7,4,4,32,15,3,18,16,14,11,5,11,5,3,4,9,4,14,3,5,2,6,0,13,3
"gene_976",75,13,34,57,36,17,16,10,15,6,5,9,8,10,4,10,7,10,2,11,34,10,50,25,50,28,21,63,33,33,9,1,16,6,4,16,6,8,16,2,45,30,18,12,20,8,40,20,45,50,1,3,8,7,12,0,2,7,8,9
"gene_977",3,8,22,11,15,16,14,4,11,9,3,11,2,28,9,11,19,13,19,8,11,2,6,28,14,13,17,15,8,3,3,3,36,12,20,20,12,11,8,21,10,9,11,2,6,0,1,22,2,11,8,10,14,4,8,2,7,9,15,17
"gene_978",929,1440,1999,762,781,892,395,998,908,430,601,787,1422,478,812,1138,913,652,920,516,1183,998,739,616,953,888,1134,570,350,1050,630,680,761,828,578,512,594,518,972,425,781,968,1307,1210,1087,871,870,1057,722,809,942,628,876,459,823,554,817,758,834,734
"gene_979",416,288,324,319,216,266,206,251,410,102,154,565,290,256,449,217,377,274,278,182,272,280,330,281,283,520,299,212,296,476,454,536,402,377,481,338,303,213,507,503,489,336,552,387,410,379,429,287,262,385,404,392,549,366,318,270,629,306,281,483
"gene_980",135,279,131,74,159,160,103,51,96,39,77,89,104,92,96,128,141,66,118,123,160,83,130,182,193,210,126,104,122,134,73,107,263,69,194,150,141,157,218,127,278,91,214,231,165,192,159,151,96,139,83,77,193,59,120,59,106,106,100,129
"gene_981",656,633,563,416,411,302,318,240,304,256,234,452,579,262,393,414,349,267,280,247,214,370,301,211,429,549,656,225,281,189,311,217,419,351,214,317,330,191,360,542,231,181,229,275,360,174,383,241,285,289,210,111,141,157,196,180,381,138,196,302
"gene_982",73,190,88,129,43,38,83,73,100,10,43,59,144,83,110,150,117,44,112,67,267,146,144,48,124,107,134,62,90,72,83,79,112,87,146,112,83,168,167,79,120,72,47,90,145,47,144,69,35,48,105,44,85,116,59,76,82,114,147,104
"gene_983",15,141,113,74,20,26,24,27,33,7,71,38,26,35,32,48,32,31,36,27,27,43,22,22,60,59,19,21,36,28,6,30,25,24,35,18,22,9,36,25,51,34,26,17,64,45,26,37,11,73,23,27,37,35,25,29,27,22,25,38
"gene_984",10,38,12,3,6,7,25,31,30,27,7,9,42,6,19,28,13,2,26,10,12,26,3,1,35,12,29,15,14,25,12,14,6,12,18,21,8,23,12,19,37,46,48,39,14,2,13,23,38,12,10,11,22,10,17,11,21,26,13,29
"gene_985",3120,4895,6493,2800,3303,2561,2696,2429,3498,1121,2325,2794,2822,2782,2523,3408,4821,2039,4147,3327,3017,5112,3976,6231,5163,5518,4107,2070,3972,3286,2903,3534,5596,3368,5978,3848,3823,2638,7185,4984,4211,2559,5292,3573,3896,2752,2963,3124,2683,3330,2442,1769,2610,1361,1985,1556,2631,3279,1747,1938
"gene_986",130,69,65,50,52,48,31,51,53,8,46,60,88,48,90,84,73,23,34,36,33,63,67,57,82,88,80,46,49,131,50,51,70,92,46,69,41,57,62,61,150,99,109,71,95,83,122,69,54,61,185,62,101,68,126,81,141,50,147,77
"gene_987",5,16,18,6,2,14,9,12,9,10,1,22,22,0,7,25,18,8,28,24,3,7,6,12,2,15,12,1,4,8,0,10,3,0,4,8,61,1,7,7,9,6,18,7,3,21,4,0,12,5,22,5,10,1,0,3,20,8,11,18
"gene_988",6,7,6,3,1,12,7,8,7,11,5,9,1,0,6,0,7,1,8,0,0,7,6,4,1,3,10,2,1,15,4,0,0,6,8,4,3,0,2,3,2,2,11,3,4,3,6,1,0,4,4,0,0,0,5,1,0,16,16,2
"gene_989",460,600,470,344,415,279,258,260,403,186,281,307,480,329,121,452,301,250,333,268,343,282,191,331,291,355,477,303,247,316,319,240,182,247,264,268,299,174,388,224,789,489,1148,695,534,462,584,652,580,541,472,251,270,437,164,395,539,291,284,407
"gene_990",267,464,289,251,238,273,275,174,235,148,218,172,208,251,109,314,365,172,315,215,273,573,269,370,217,368,226,181,247,348,293,211,358,375,548,254,301,218,391,327,248,171,252,334,167,244,278,179,183,305,216,175,125,149,216,193,248,252,226,270
"gene_991",14,27,10,14,6,4,3,9,8,16,7,19,39,6,16,12,16,4,7,16,15,18,2,11,9,11,20,1,6,24,4,10,6,3,16,13,3,23,7,22,7,21,21,23,7,11,22,9,4,10,28,14,9,5,7,3,16,19,12,7
"gene_992",141,172,181,105,105,135,95,121,131,44,134,192,58,107,102,204,189,113,181,136,65,131,97,105,134,58,88,73,24,143,95,97,134,143,80,87,123,176,113,166,208,77,177,167,105,141,182,120,137,63,128,73,130,105,97,136,146,48,138,213
"gene_993",915,945,1434,649,725,701,404,644,872,272,655,1308,1120,680,847,529,752,851,905,453,742,1048,272,1088,958,1188,798,980,1029,1034,792,1090,907,470,1207,1260,500,662,712,814,848,403,500,356,595,420,428,307,485,693,453,245,478,320,530,264,456,344,610,994
"gene_994",1960,2148,2801,1521,1357,1745,1084,901,1878,847,1045,1945,1718,922,1041,1333,2720,1313,1678,1393,1359,2596,1928,1913,1844,2275,2998,1038,2505,1773,2276,1198,3087,2446,1905,2319,2107,1545,2673,2219,2614,1419,1715,1766,1795,1555,2088,2115,1181,1733,1556,1590,2224,1303,1957,1244,1410,1521,1539,1940
"gene_995",137,252,266,203,196,187,113,144,153,88,118,326,134,113,314,170,241,177,229,210,110,310,185,345,312,241,240,210,143,183,164,217,280,149,278,173,153,184,256,121,352,179,323,209,226,322,345,284,81,116,181,252,222,107,158,128,314,167,318,234
"gene_996",4,26,6,3,0,9,10,3,0,10,4,5,9,13,4,17,6,3,23,3,0,3,14,1,5,5,25,0,8,5,6,3,19,8,19,10,1,4,20,2,5,0,2,0,2,2,9,4,11,9,3,4,3,5,1,0,4,7,1,1
"gene_997",145,212,140,79,85,74,35,98,30,73,107,94,48,25,78,57,72,27,57,49,60,67,59,54,84,77,119,51,87,60,97,52,57,57,28,66,55,70,75,32,110,66,82,74,43,58,51,95,47,73,69,58,68,75,82,57,49,48,78,58
"gene_998",5,18,25,11,8,4,9,33,2,7,4,6,35,1,9,0,14,5,14,18,3,4,11,26,10,3,17,5,7,15,5,19,38,13,6,16,17,35,6,9,18,2,9,8,14,11,24,17,1,8,15,7,4,10,9,5,23,18,17,5
"gene_999",1352,1269,1622,820,750,945,846,660,627,580,98,232,287,231,138,227,121,217,316,174,893,831,594,718,514,630,572,712,545,883,246,158,119,161,176,123,175,115,190,141,628,527,530,585,792,686,874,508,377,693,135,110,146,144,171,121,241,100,133,145
"gene_1000",981,1515,2011,1140,1242,752,473,642,1203,483,591,1170,733,437,636,895,957,781,629,1041,1010,915,1172,965,1333,636,1181,805,927,1022,947,834,1008,901,1682,758,869,1295,1349,642,2065,1741,2569,1753,1219,2069,1451,1583,844,1568,1299,608,886,697,832,901,1276,1026,519,1150
"gene_1001",1191,1753,2297,2084,1900,1518,1139,1530,1511,1175,1537,1551,2387,1540,1285,2226,1780,3065,2216,1335,1159,1674,2362,2174,2418,2888,2816,1598,1814,1425,2652,2158,5137,3627,2868,1606,2327,2703,2123,3385,1157,1283,1381,861,1050,1071,1073,846,1287,1766,1450,1516,1587,2064,943,1259,2271,921,1580,582
"gene_1002",52,79,98,42,60,32,37,73,85,20,113,82,31,81,113,57,76,46,110,25,54,102,46,64,95,24,68,53,52,105,80,33,51,35,139,54,60,47,27,30,71,47,92,51,53,95,124,47,51,40,35,86,56,58,20,35,113,63,37,78
"gene_1003",924,983,930,596,598,428,542,651,578,443,499,664,1116,369,420,583,875,320,702,551,262,766,372,760,832,794,629,489,614,844,866,577,832,448,676,416,427,548,910,605,1064,384,750,629,641,395,830,336,365,467,412,429,279,471,310,552,883,281,383,551
"gene_1004",234,367,288,167,158,254,204,158,128,102,79,106,120,126,97,113,83,122,72,49,120,472,250,312,250,234,363,199,308,227,117,104,259,112,175,150,103,168,141,106,218,185,365,233,146,193,141,236,132,223,95,77,99,107,36,69,97,98,71,105
"gene_1005",408,889,819,372,442,511,467,450,265,280,403,743,427,338,641,637,341,460,720,438,409,893,378,526,526,389,403,274,359,442,400,529,627,463,667,257,380,468,399,461,881,504,780,614,617,588,378,438,457,371,414,399,381,496,333,445,361,395,474,620
"gene_1006",339,342,291,325,224,184,193,179,283,254,266,228,311,316,380,531,359,253,215,164,258,567,220,429,446,291,457,217,249,263,318,473,735,187,668,523,317,230,476,147,187,293,522,409,270,397,591,281,209,270,246,234,353,271,321,218,210,235,246,355
"gene_1007",2508,4027,2457,1376,1971,2569,1505,1445,2523,1158,2245,2769,2963,2338,2622,2589,3285,1724,1911,3698,1552,1844,1197,2493,1607,1604,2735,1150,1007,2887,2435,2003,1491,1176,2725,1165,1544,1904,2467,1414,2464,801,2311,1295,1582,1699,1656,1390,1556,1910,1734,1151,1338,1251,2101,1226,1449,1924,1225,1145
"gene_1008",190,202,221,192,192,116,82,107,154,102,65,178,146,101,133,194,109,134,173,129,155,221,202,225,219,199,195,94,133,184,200,171,92,172,192,183,182,133,248,125,374,167,350,236,139,159,248,284,200,354,134,88,164,174,185,65,220,154,94,219
"gene_1009",14,48,28,32,27,15,15,7,18,15,12,26,34,20,8,36,27,16,25,11,9,44,26,30,19,9,23,22,15,34,8,35,50,57,0,20,16,16,32,9,9,7,28,16,18,24,69,15,16,31,6,9,10,25,42,29,36,42,6,26
"gene_1010",520,873,557,571,479,488,236,401,453,424,275,649,552,443,413,444,670,469,412,438,567,576,935,582,735,488,752,409,787,384,364,790,718,459,692,572,543,380,664,591,700,592,914,687,461,414,950,625,799,528,603,259,732,369,481,271,803,545,539,513
"gene_1011",1035,1089,1692,927,810,861,715,762,830,481,779,816,1034,456,594,854,627,941,849,749,740,1157,858,1597,1462,1256,1040,636,1019,1226,711,723,1129,775,1071,597,768,1135,903,831,1068,628,1120,630,870,710,755,471,496,1006,421,602,308,340,283,453,650,445,479,566
"gene_1012",81,183,139,112,44,39,42,46,32,22,42,52,29,38,45,55,67,49,104,74,48,51,43,28,30,49,59,40,51,24,44,44,50,29,74,32,41,75,40,34,115,50,54,56,86,85,36,89,33,86,49,40,80,58,40,53,58,64,50,50
"gene_1013",5383,7760,6798,5864,6021,3974,3250,3010,5695,4298,4419,5384,5072,5827,4060,5519,6233,5137,6162,4054,4710,6139,3487,4740,6264,5914,5166,4678,6790,5864,7231,5843,5140,2996,8230,5806,6214,6305,7954,3460,5253,6195,6864,6026,6585,5102,7334,6342,3278,4295,3903,5413,4468,4303,4283,3125,6183,2449,5153,6075
"gene_1014",123,149,82,76,59,108,62,30,40,32,299,308,344,115,160,258,232,283,148,370,41,66,58,48,111,53,105,65,84,100,231,95,363,205,247,305,204,304,522,309,52,58,104,133,82,89,61,57,35,48,165,167,204,51,254,279,260,148,219,305
"gene_1015",102,175,267,116,215,115,62,119,119,79,26,73,108,92,52,63,104,50,87,49,229,283,305,292,236,312,211,115,123,250,73,121,184,70,130,134,75,112,173,72,173,147,213,218,158,178,220,153,109,275,39,44,87,68,77,41,81,90,34,107
"gene_1016",10,40,16,17,13,8,8,8,10,5,19,15,2,24,8,18,23,12,10,8,26,38,25,10,16,16,28,11,1,16,20,20,29,24,28,3,33,23,7,36,3,27,13,13,8,12,19,29,1,16,21,14,1,27,14,11,5,5,8,5
"gene_1017",263,158,275,128,88,137,126,110,191,86,127,159,190,127,120,160,123,140,164,143,84,314,320,314,156,326,378,162,375,292,326,266,377,310,332,274,262,195,501,437,123,122,181,99,96,225,203,135,124,212,118,83,147,102,103,174,167,77,102,138
"gene_1018",45,51,101,50,58,52,57,45,70,62,42,46,41,98,48,94,52,48,92,71,41,123,66,104,70,82,54,50,82,58,38,133,63,111,116,84,62,145,90,111,61,76,73,89,74,43,52,49,40,53,52,63,109,42,68,92,115,46,112,69
"gene_1019",34,16,20,20,6,6,9,10,6,0,6,4,6,18,0,31,6,0,5,0,2,23,4,10,14,7,6,9,4,6,3,23,5,1,8,7,3,3,5,11,15,1,21,17,28,15,45,12,8,31,7,1,9,10,8,0,12,1,14,12
"gene_1020",58,119,133,39,85,49,52,40,37,59,49,83,67,78,72,60,56,101,95,34,27,77,48,78,85,85,67,65,57,87,92,27,52,123,99,85,125,75,133,45,123,51,132,75,68,87,73,95,68,71,85,70,54,124,86,44,79,74,66,72
"gene_1021",1185,2158,1916,974,1027,889,949,998,1405,678,758,1232,1991,963,1293,1406,1841,922,1347,1110,1553,2644,1672,1622,2835,2665,1594,1292,1903,2120,1285,1657,1321,1034,2354,1275,1078,922,1843,1622,1443,1102,1634,909,1773,1448,1544,1750,726,1336,1099,854,1186,818,1109,615,1220,1395,760,899
"gene_1022",3,6,0,5,10,0,1,0,1,4,8,2,9,3,5,16,2,5,2,2,3,2,15,5,0,5,21,1,0,0,15,9,9,21,0,28,11,4,3,6,0,1,5,27,4,13,3,3,0,10,5,0,4,5,6,2,2,15,17,14
"gene_1023",478,779,429,322,492,358,270,326,246,237,215,531,331,217,408,283,228,259,319,351,471,682,316,446,189,366,449,478,385,597,530,325,613,605,570,379,447,458,385,423,417,465,412,438,394,367,545,417,482,345,337,421,345,384,431,376,447,391,373,521
"gene_1024",61,140,52,23,79,47,45,42,56,22,27,38,56,32,38,49,69,53,56,83,31,33,52,65,49,83,133,23,31,64,64,27,32,42,76,43,44,56,57,22,44,24,51,44,98,15,37,27,23,72,40,34,58,50,32,41,14,39,23,33
"gene_1025",50,69,54,62,35,71,40,51,57,14,30,48,43,30,47,64,47,54,38,35,41,108,91,113,57,113,171,81,74,56,32,38,139,60,121,88,83,61,38,35,76,44,38,17,75,32,51,33,55,30,16,29,46,22,10,25,55,31,30,103
"gene_1026",889,706,644,576,544,408,433,314,637,266,672,1140,639,577,465,679,720,744,1011,800,520,531,592,447,317,440,481,320,620,498,461,480,1034,771,574,506,630,326,616,791,954,804,1000,989,688,685,797,822,437,719,1041,1122,718,829,926,627,1170,905,1284,934
"gene_1027",646,310,751,480,556,369,308,244,341,225,286,371,409,433,253,261,658,269,260,390,543,721,448,440,643,591,630,529,248,744,358,388,238,318,473,539,499,442,816,330,606,400,588,510,378,462,493,461,440,630,304,219,387,286,264,203,489,435,319,422
"gene_1028",80,86,90,32,49,47,55,44,25,36,35,73,149,109,49,79,130,165,49,40,19,75,66,62,139,23,75,39,31,15,46,64,89,53,99,47,42,66,103,53,82,120,104,60,65,32,83,38,107,88,54,112,103,95,44,16,126,40,48,169
"gene_1029",744,1340,1510,689,607,712,463,744,605,459,452,1036,919,704,602,828,486,561,583,603,615,384,513,543,560,634,797,585,805,852,402,430,1013,849,507,454,501,465,687,703,908,407,479,429,687,449,484,327,254,305,521,284,435,348,307,338,442,401,400,488
"gene_1030",166,185,142,116,132,140,61,89,148,83,106,121,122,125,81,174,179,145,96,137,51,106,84,135,124,134,155,85,126,120,143,59,159,88,118,87,147,116,227,140,107,166,269,106,126,128,120,49,166,97,139,90,150,61,93,101,157,69,75,172
"gene_1031",538,709,783,425,379,389,442,332,388,262,233,717,386,412,210,512,339,261,359,550,474,542,490,503,392,667,385,227,488,485,525,280,528,351,599,329,315,397,385,494,390,362,618,534,513,569,604,349,312,529,447,323,308,412,372,303,250,247,275,338
"gene_1032",565,686,677,676,568,450,572,321,700,239,423,398,741,389,672,764,553,386,505,301,423,541,292,876,409,526,522,324,391,731,481,324,441,600,513,488,536,289,832,432,965,690,1138,963,792,1125,700,1011,605,961,697,606,628,700,650,650,837,938,486,515
"gene_1033",51,23,20,40,29,28,25,85,25,11,31,34,25,18,32,43,33,32,33,40,26,56,41,29,20,49,33,9,29,14,9,30,35,13,16,18,11,7,18,32,53,20,89,15,79,50,76,48,29,34,26,38,37,56,27,34,63,23,17,39
"gene_1034",23,11,1,8,12,5,5,1,11,4,5,3,5,28,0,4,0,9,4,3,5,0,1,4,6,2,1,0,15,1,0,8,3,3,5,1,6,3,0,3,8,15,1,4,2,2,1,0,1,4,2,2,3,24,1,0,2,1,0,6
"gene_1035",3016,4151,4935,2433,2920,2851,2127,2652,3573,1760,2227,3216,4063,1731,2440,1775,2200,2209,2826,1569,1928,3190,3563,2476,1286,3120,3472,2143,2269,3140,2277,2231,3486,2449,2397,1775,1781,1568,2849,2457,2976,2542,3568,2028,3057,2746,3175,2538,1840,3455,1511,1987,2222,2481,2371,1803,3021,2023,1468,2636
"gene_1036",2334,3817,2654,2246,2330,1928,1393,1874,1783,2119,1206,1558,2407,1480,2432,1984,2830,1305,2061,1779,2218,1793,2574,2134,3241,3604,3082,1914,1590,1853,1902,1390,2272,2172,1919,1807,1471,1584,3765,2588,4348,2325,4388,2531,3705,1960,2025,1908,2033,3801,3477,1840,2504,2048,2158,1984,3177,2315,1973,3883
"gene_1037",9,18,12,17,10,17,10,8,16,0,6,1,17,0,4,4,4,2,8,1,3,3,21,16,11,10,43,10,10,2,2,16,5,8,26,12,10,3,17,21,1,1,3,3,3,3,5,14,5,1,1,6,0,0,12,5,1,7,0,2
"gene_1038",228,324,253,207,159,221,73,168,102,81,90,236,250,184,202,247,118,122,158,170,163,192,149,181,158,214,132,178,120,307,196,130,298,210,329,209,224,180,291,221,222,124,288,153,262,172,216,156,211,128,175,126,168,212,213,244,193,190,203,181
"gene_1039",214,374,248,116,166,190,165,120,117,104,149,129,263,251,126,195,139,215,130,162,80,123,106,148,101,155,171,99,155,109,147,150,132,111,85,113,108,91,105,91,404,160,105,150,130,244,259,168,114,218,246,90,251,170,162,109,262,206,232,282
"gene_1040",28,20,25,19,21,33,22,10,16,5,8,6,18,4,10,32,22,32,16,14,8,10,18,20,24,47,19,17,13,8,7,6,6,9,18,15,1,8,14,10,6,7,27,40,38,17,7,5,23,9,21,11,17,4,19,10,32,5,2,17
"gene_1041",23,8,28,28,43,36,37,18,15,30,14,3,73,18,36,42,24,16,56,23,23,38,25,52,45,35,33,38,40,37,41,18,51,11,36,11,15,19,34,18,57,44,49,74,33,76,146,36,39,51,77,34,23,59,39,33,34,42,46,37
"gene_1042",346,485,372,225,333,170,151,173,140,144,162,302,297,223,337,255,215,204,266,211,213,261,324,249,123,330,477,433,235,341,191,304,305,121,295,200,360,235,615,282,327,296,454,251,250,246,248,259,321,283,172,129,216,137,148,125,266,253,255,176
"gene_1043",17,46,15,17,7,12,7,11,18,18,10,16,23,27,12,12,25,4,14,11,48,55,22,32,26,45,37,29,21,28,17,47,45,16,35,44,26,33,31,15,43,8,7,12,18,18,11,7,4,12,18,14,14,3,25,2,14,16,7,21
"gene_1044",1864,2518,1849,1684,1177,1548,1350,1326,1636,646,993,1090,1697,1420,998,1353,1774,922,1603,1231,1368,1693,837,1760,1766,1486,1880,1837,1229,2307,2282,1118,1741,2154,2014,1104,1525,1304,1439,910,1034,742,1046,1226,593,1033,913,833,902,1060,647,758,872,680,748,694,1001,591,420,897
"gene_1045",189,148,159,223,284,199,120,125,102,61,166,156,386,171,201,300,181,125,183,97,99,214,108,128,227,156,149,118,127,308,223,326,143,201,268,204,149,175,249,148,216,214,250,242,220,217,234,133,202,237,323,284,310,278,165,168,325,220,289,261
"gene_1046",148,240,265,163,110,91,86,305,159,98,127,154,238,114,107,87,112,193,285,144,120,194,103,173,184,159,191,113,168,176,143,185,119,179,154,83,128,135,159,101,566,286,446,284,490,265,539,265,215,526,271,156,312,291,317,196,207,291,490,421
"gene_1047",1079,555,922,813,780,434,625,467,501,467,534,813,1058,708,673,748,707,263,1219,659,588,905,709,1191,997,1311,899,752,1167,1165,842,797,1262,818,726,708,833,695,1262,1387,1233,773,1240,606,1019,929,851,781,585,919,886,402,940,801,596,773,1174,558,583,796
"gene_1048",3,2,2,34,1,8,18,2,0,0,5,4,0,0,6,14,6,2,7,0,1,1,11,10,2,1,4,2,2,4,7,4,5,1,1,7,1,8,1,4,5,2,0,5,3,1,5,0,1,5,4,3,0,2,6,1,6,0,8,0
"gene_1049",238,580,572,353,306,301,331,193,239,148,262,453,523,366,350,486,364,310,449,303,207,427,210,334,421,452,464,310,296,190,549,378,403,352,655,422,239,418,507,471,218,156,306,216,185,215,176,232,253,441,226,257,277,173,309,311,383,326,266,164
"gene_1050",4,43,2,38,7,13,1,12,7,16,17,19,11,11,13,17,10,22,32,16,36,2,28,8,15,11,16,4,15,5,15,23,3,31,13,7,10,18,14,6,16,19,36,43,14,16,6,15,7,35,5,0,16,19,12,29,28,19,26,32
"gene_1051",17,76,9,5,19,10,10,11,12,4,22,63,42,27,15,16,32,30,18,29,14,35,7,8,10,9,60,9,22,29,11,20,25,27,26,38,16,26,38,71,31,11,7,11,14,33,26,18,9,30,11,14,5,13,12,22,26,39,9,22
"gene_1052",974,2272,917,1013,771,892,546,793,594,346,581,997,1227,956,1030,771,960,734,451,869,682,1132,785,759,1331,882,863,623,795,759,796,912,1406,876,976,924,561,906,1570,930,816,665,1096,762,717,722,879,744,368,830,820,495,741,531,529,495,853,664,607,599
"gene_1053",536,384,472,435,299,361,155,279,135,172,155,437,545,268,303,349,304,261,378,267,281,512,548,424,448,603,367,299,391,496,341,414,267,520,517,405,396,481,506,325,395,509,474,569,639,345,538,400,218,566,401,231,239,364,460,279,480,220,269,682
"gene_1054",6,8,0,11,0,12,13,5,8,0,0,0,5,0,2,7,0,10,1,5,3,16,4,1,9,3,0,1,4,2,13,1,1,1,0,5,1,14,9,5,5,0,29,5,4,4,7,7,0,4,3,2,1,3,6,2,2,7,0,17
"gene_1055",286,213,422,303,184,228,225,240,160,131,200,375,212,346,189,425,193,219,166,150,276,423,276,225,391,193,341,172,314,197,197,218,249,255,218,132,241,250,299,171,406,246,278,207,341,284,243,206,199,194,275,304,161,269,68,147,348,154,193,277
"gene_1056",11,5,26,20,34,33,7,26,8,8,6,23,44,20,13,37,9,13,41,20,26,8,8,20,8,9,7,21,29,11,6,23,50,9,44,11,26,16,43,14,19,1,17,3,4,12,34,2,8,9,4,10,6,9,3,5,21,15,2,30
"gene_1057",29,64,36,45,30,22,8,21,32,14,21,24,16,23,10,29,45,23,42,19,10,45,19,27,31,57,60,35,55,34,24,10,24,24,12,14,17,21,11,10,67,33,53,53,75,22,64,46,20,44,29,17,29,10,32,17,20,99,53,14
"gene_1058",95,216,134,80,91,73,56,70,42,87,21,132,97,93,53,109,55,62,79,58,64,66,112,110,76,87,65,29,68,57,69,51,71,74,64,66,92,48,57,57,80,54,119,79,78,55,101,54,16,72,44,50,61,55,53,52,61,65,99,52
"gene_1059",5467,12824,6747,5421,4692,3779,5259,4799,3564,1911,5722,9712,8034,3847,6798,6892,7431,7767,6003,6188,7326,8547,5119,11212,7073,6682,11645,5021,4517,6781,9423,5107,10482,11194,13166,7194,5539,10472,15232,7417,11732,7104,7678,8991,5463,6361,8209,6066,4589,6201,5482,3816,6059,5769,8134,6066,8098,6973,8178,9846
"gene_1060",276,146,259,202,180,142,110,126,147,84,72,129,156,102,108,94,171,198,142,111,118,153,179,259,266,208,357,93,162,250,147,175,221,180,189,189,112,73,257,176,131,188,141,181,114,236,150,101,154,111,127,59,106,97,79,58,112,100,74,135
"gene_1061",3881,5795,5526,4731,4903,4091,3061,3035,3031,2091,2664,3975,4401,3810,3450,5955,5239,3993,6225,5127,3450,4416,2531,3618,5284,7987,6274,3921,3093,5461,4988,3172,4697,4166,8410,3662,2877,4262,6273,6634,8520,3480,5700,6148,3054,4274,4756,3066,3765,5693,4150,3287,3073,4890,4262,4048,7208,6405,4359,5925
"gene_1062",1116,1104,753,1111,920,498,673,686,701,579,796,796,765,782,998,1454,1154,598,1314,813,356,576,752,860,1071,969,1301,651,601,898,1219,1258,1081,1002,1562,813,1340,977,1517,660,419,570,1009,529,489,526,445,562,345,694,670,340,740,438,635,282,641,547,632,655
"gene_1063",379,513,744,636,396,454,242,271,233,337,410,312,566,397,435,496,557,319,403,305,335,278,240,330,399,544,395,311,265,197,345,343,510,168,354,245,249,269,441,293,285,308,558,375,208,296,380,297,163,440,227,417,238,249,371,325,345,447,409,418
"gene_1064",29,79,31,18,21,41,18,12,10,25,24,36,82,28,18,68,9,22,17,34,23,19,11,20,32,23,16,15,50,58,94,31,23,25,15,19,25,25,69,14,21,31,43,22,40,28,21,18,18,34,18,34,85,19,33,25,29,20,42,52
"gene_1065",1772,2038,1795,1355,1337,1097,886,1346,1239,553,3993,4867,7837,5670,4164,8545,6613,6769,8029,5572,1002,1708,1025,1710,940,1663,1503,1059,992,2154,4447,5845,3631,3893,5763,3959,3971,5499,7320,3604,2857,791,2750,1892,831,1396,1933,1755,1290,1272,6004,4864,4756,3858,7604,4436,5231,3885,6294,8889
"gene_1066",2960,4106,6072,3053,2174,3289,1653,1630,1984,931,828,1467,1416,1453,939,1631,1176,1184,1272,1204,3331,5576,2974,4726,4680,5618,3472,2694,2091,4770,1836,1581,2135,1946,1961,3275,2248,1745,3460,1601,4149,3795,4152,3743,4681,5195,5157,4534,3566,4365,2136,1074,1631,1736,1420,2044,3261,1912,1146,2046
"gene_1067",831,984,853,289,493,546,382,250,334,430,339,772,515,298,762,696,618,508,731,311,438,1046,688,473,688,851,747,672,315,861,653,508,899,1003,549,1072,548,660,1119,534,694,420,508,552,335,368,565,542,424,655,496,427,453,517,530,281,708,647,653,770
"gene_1068",569,843,421,363,398,510,301,451,267,258,455,433,447,521,439,552,526,405,297,420,247,250,569,338,393,383,620,326,408,402,450,532,626,600,588,493,517,624,863,459,635,245,552,439,419,514,505,502,232,849,566,213,349,305,457,288,551,475,466,772
"gene_1069",128,219,156,95,112,90,108,125,91,84,121,124,167,141,88,113,117,157,66,113,44,72,77,131,122,66,81,54,75,82,61,116,81,122,104,101,73,58,110,51,302,179,254,129,148,229,132,157,168,220,165,99,210,101,73,103,134,156,181,131
"gene_1070",21,28,17,11,40,8,7,8,17,2,4,6,8,14,10,7,8,4,10,5,14,3,36,4,3,24,14,19,22,36,0,6,6,2,0,21,27,20,6,2,6,1,9,26,4,7,14,8,8,4,3,4,3,18,8,3,6,17,10,7
"gene_1071",574,927,687,792,607,718,451,372,323,373,287,613,1137,907,748,1165,646,342,535,426,512,466,652,640,669,621,756,515,401,753,541,509,868,696,402,440,395,607,752,647,670,385,649,618,494,716,872,534,742,466,636,316,487,494,535,501,582,443,527,962
"gene_1072",668,557,785,369,552,544,348,321,540,350,396,846,507,365,594,515,459,347,222,365,495,344,314,651,634,291,570,351,498,501,450,469,337,436,407,300,400,318,523,275,723,352,449,305,471,420,700,425,479,815,588,308,605,471,354,264,476,307,320,453
"gene_1073",325,463,785,262,317,347,185,247,310,222,227,427,440,238,176,220,297,305,342,224,273,415,313,343,439,445,448,377,390,282,317,366,278,228,355,261,180,340,333,269,615,365,423,386,250,341,366,452,368,273,341,303,187,317,371,188,521,341,282,342
"gene_1074",8,8,12,23,4,5,2,11,4,16,12,1,15,13,3,9,5,11,7,2,12,12,12,15,14,16,20,9,8,1,4,11,13,14,17,7,6,8,9,1,19,6,9,31,17,37,10,16,3,1,6,6,5,14,19,6,10,11,4,26
"gene_1075",49,92,43,52,55,26,22,20,30,36,35,94,43,33,47,26,63,74,57,26,22,24,14,25,26,21,17,20,21,29,23,25,16,16,41,24,25,20,29,24,43,33,44,35,42,45,63,49,43,46,35,50,24,46,64,29,58,43,29,54
"gene_1076",630,1143,1013,583,757,855,613,750,899,313,534,785,903,668,1027,1209,659,783,499,592,476,546,465,569,748,938,624,462,825,594,741,619,588,490,904,635,408,305,1047,398,1148,879,1254,1100,937,1017,1086,1120,640,1137,1027,471,931,891,668,665,671,481,627,701
"gene_1077",277,276,218,241,105,200,201,118,168,140,139,206,206,120,244,134,213,84,127,137,262,247,82,292,267,163,157,108,257,242,333,155,156,264,199,206,175,142,308,136,205,54,349,192,128,162,165,150,126,193,129,98,103,176,116,114,147,115,138,115
"gene_1078",594,939,765,726,662,461,383,620,400,227,348,560,1119,470,454,388,725,439,423,460,420,626,287,523,704,542,552,441,428,484,554,511,527,629,407,517,370,655,674,466,514,744,669,580,446,432,573,525,394,556,264,557,361,360,364,207,533,399,358,626
"gene_1079",137,173,81,66,149,99,131,96,118,54,139,151,117,158,117,194,94,172,268,120,56,121,60,143,65,82,111,92,82,205,192,240,240,130,175,153,112,254,209,105,178,158,194,103,128,95,133,176,75,110,120,73,228,162,170,97,294,238,105,130
"gene_1080",2036,2671,2264,1527,1145,1130,1049,959,1530,1233,959,1389,1641,1701,1453,1878,1028,871,1523,1324,710,1001,1268,858,1280,1530,2425,1461,775,1589,1267,1250,1721,974,887,1414,784,1283,1377,1204,2648,2635,2485,2393,2200,2875,3155,2549,2375,3051,1564,1576,1985,1150,1962,1680,3427,1488,2187,2619
"gene_1081",107,125,212,106,137,60,74,63,158,79,86,154,123,86,146,158,217,140,126,84,82,247,94,105,193,136,168,32,189,271,84,163,273,116,339,106,135,66,227,57,308,182,213,161,146,175,233,154,102,170,170,122,262,137,106,208,136,213,138,256
"gene_1082",3,8,0,15,0,3,9,0,6,0,0,0,0,6,1,3,9,9,1,11,0,3,2,2,1,1,3,0,5,7,4,3,0,14,17,2,10,0,5,2,4,1,14,3,7,4,7,2,4,0,7,3,3,0,3,8,22,4,2,7
"gene_1083",110,148,172,155,134,122,62,68,99,95,82,103,175,139,77,244,147,87,176,142,196,183,133,109,160,129,161,178,103,203,152,212,221,78,105,162,116,211,172,65,101,96,157,70,88,81,166,68,61,102,82,55,80,33,115,65,132,52,71,70
"gene_1084",1,1,1,6,2,7,9,0,9,0,0,0,28,8,5,1,0,4,35,2,0,2,2,4,4,6,15,11,1,0,2,2,10,17,0,5,2,0,11,2,12,5,0,21,21,2,11,1,3,3,2,4,5,8,7,3,1,12,2,0
"gene_1085",252,347,329,211,268,208,130,185,187,103,144,120,158,175,141,127,258,192,123,87,78,149,184,154,177,188,237,169,232,196,154,173,225,81,200,137,129,121,133,90,389,281,378,314,214,209,473,164,217,370,192,218,129,69,169,140,217,150,165,231
"gene_1086",305,294,343,138,115,228,100,112,308,95,267,246,339,342,185,257,340,312,318,153,128,153,144,98,142,133,235,98,179,301,199,315,260,142,307,219,122,331,250,234,261,159,126,105,117,154,200,171,108,81,161,109,144,131,158,249,291,145,99,185
"gene_1087",849,1335,1442,867,723,1106,333,567,740,992,704,1161,786,1074,642,1137,1044,722,1008,484,691,573,814,966,884,1029,1335,960,783,840,1049,1050,1277,1309,1496,947,837,819,1220,1052,694,704,878,1092,748,860,1089,729,898,776,904,610,1070,520,698,439,973,912,464,751
"gene_1088",72,117,77,111,47,50,33,37,43,32,27,72,22,66,43,39,84,50,59,69,31,65,91,32,126,85,46,29,50,41,59,57,79,51,61,37,60,44,77,34,54,29,32,61,66,36,80,42,47,43,29,52,41,47,21,34,27,85,36,80
"gene_1089",21,35,55,32,13,19,42,17,14,21,9,27,28,36,23,62,12,5,27,30,26,41,39,37,23,63,34,13,42,16,30,35,25,29,22,7,30,58,36,59,35,12,28,18,11,57,18,64,26,24,21,12,38,10,17,22,19,20,19,43
"gene_1090",2,2,9,6,0,9,6,0,1,0,6,8,2,4,0,17,1,7,1,10,7,2,11,13,2,1,2,6,0,8,9,3,0,3,1,20,14,8,23,12,7,1,2,4,4,0,7,1,6,16,5,5,2,14,1,7,1,0,11,5
"gene_1091",4967,8232,8318,3864,5762,4723,2951,5859,5745,2733,3972,3521,7627,5000,4933,5605,6558,4522,4342,5503,2954,4210,3620,4609,3926,5086,6850,2620,2860,4013,5281,3310,4152,2942,4173,3110,4053,2579,5747,3539,7938,3925,7488,5710,4740,7047,5992,5168,5134,5883,4675,2555,4808,6798,3537,3511,5981,5257,5903,7778
"gene_1092",23,22,27,59,20,14,11,7,19,32,17,9,4,2,11,11,8,13,14,7,13,22,22,19,22,12,33,21,37,7,4,2,3,5,13,5,7,16,20,5,68,32,31,35,63,23,45,32,17,28,17,7,15,5,4,20,21,17,11,2
"gene_1093",1040,2277,1743,1122,1356,1241,1057,530,1066,586,1025,1905,1934,1173,1000,1566,1284,1106,1631,1637,614,1025,886,1002,1099,1374,1091,899,1109,1191,1379,1295,1341,696,1534,901,1341,821,1646,893,1506,1113,2513,1737,1558,1359,1385,1372,1098,2180,1220,1229,1907,1185,1157,1023,1761,1317,1071,1687
"gene_1094",4,4,1,0,13,1,2,1,2,4,0,4,1,3,3,4,4,0,4,0,1,4,2,3,3,12,3,2,0,16,2,1,1,4,4,5,12,0,1,0,0,1,2,11,2,0,14,1,1,13,4,6,1,1,1,0,5,3,0,1
"gene_1095",16,53,41,51,16,12,21,35,49,8,42,48,17,28,14,20,35,3,14,16,23,25,33,74,11,22,42,17,27,60,39,19,13,32,17,11,16,18,25,17,52,7,56,4,13,32,22,24,21,20,31,11,56,24,2,5,46,16,19,14
"gene_1096",1194,2125,1711,1468,1001,599,662,1203,670,727,478,777,613,371,377,916,670,589,585,496,1228,1435,1135,1355,1425,1720,2189,1040,1389,1487,785,753,795,686,821,772,479,427,1045,502,1421,1018,1811,946,1248,1288,1901,639,1133,1435,553,554,843,496,552,369,853,617,371,769
"gene_1097",130,417,335,325,150,144,112,144,200,132,159,109,141,155,160,104,224,167,169,143,187,299,225,189,264,423,236,214,210,288,155,109,216,79,313,217,170,123,152,269,284,196,232,138,227,168,228,111,96,164,112,53,119,90,226,42,125,128,148,139
"gene_1098",404,316,452,550,345,341,209,150,300,234,262,283,289,322,284,490,369,323,221,185,335,709,470,450,565,770,560,328,393,371,326,344,602,414,530,427,378,500,621,535,324,308,420,274,416,281,315,278,238,399,405,181,302,219,291,130,397,293,296,300
"gene_1099",409,624,870,676,442,654,476,439,555,230,416,897,484,396,603,645,574,315,642,403,672,524,450,979,758,564,997,344,632,498,883,563,832,645,686,694,611,474,1047,660,381,485,808,507,367,685,625,378,417,414,711,358,467,544,461,300,751,410,430,519
"gene_1100",29,5,15,1,22,1,0,2,2,5,0,5,1,7,8,4,14,24,20,7,3,14,5,12,26,16,16,5,9,20,10,7,6,21,14,14,8,2,15,8,24,4,4,29,6,24,27,16,4,7,8,1,8,12,4,12,4,4,9,1
"gene_1101",1142,951,935,598,596,575,504,449,791,286,695,901,1381,784,544,754,715,356,983,558,946,896,1090,1062,1304,792,1124,759,1216,1011,1016,1035,1491,1269,1549,1200,990,827,1997,1067,1557,1140,1118,733,1227,1052,989,1260,755,1141,700,772,1127,609,624,809,1590,807,876,1632
"gene_1102",93,65,140,100,60,27,35,56,75,69,57,65,160,48,155,84,89,92,85,93,61,64,49,75,28,60,70,52,58,55,87,64,59,61,83,66,79,81,124,35,87,15,155,60,108,178,38,66,70,80,70,63,43,107,126,32,72,119,54,52
"gene_1103",3113,4633,2175,1132,1427,2015,1756,1584,1286,1702,1567,2955,2319,2986,2365,2057,2599,2086,2960,1693,1832,3400,3047,4368,2110,4175,3091,2500,2390,2481,2428,3806,3506,1865,3317,2238,2081,3788,3478,2387,3201,3288,3280,2378,4448,3038,3140,2364,1961,3064,2672,2156,2701,1710,1777,1639,3909,2241,1340,3440
"gene_1104",17,16,10,16,8,6,9,7,13,9,7,16,11,38,11,6,9,23,44,23,6,36,11,6,29,12,16,12,7,22,21,23,50,24,57,46,18,54,21,21,18,16,21,26,9,4,11,2,4,15,5,10,18,7,8,6,14,1,10,4
"gene_1105",798,1348,1063,696,495,534,340,432,788,509,852,1328,1404,1069,768,1287,1206,1035,902,646,497,733,495,592,564,477,483,412,333,495,686,537,544,548,771,426,399,669,855,499,762,436,880,548,998,1147,811,843,567,658,820,577,984,1049,595,880,1031,640,1061,646
"gene_1106",2004,3346,2063,1361,1508,1917,994,1966,1002,1269,1157,1362,1654,939,1465,1300,1396,837,1448,632,1107,1826,1541,1513,1365,1448,1984,1023,1298,1359,1343,919,1974,1682,1438,1418,1313,1534,2409,1509,2101,1232,1726,1057,1555,1313,1319,776,1508,1245,1195,905,1210,980,828,694,1285,1486,937,1201
"gene_1107",17,58,67,27,27,22,33,31,47,23,23,44,76,20,50,38,33,47,18,16,9,66,27,32,55,40,73,26,46,28,31,37,45,23,33,36,31,53,52,37,27,37,77,57,58,46,61,27,18,76,75,31,73,12,45,18,85,64,32,35
"gene_1108",0,42,1,3,0,1,9,3,15,1,1,0,1,7,4,3,0,0,0,0,1,1,10,4,2,18,11,0,3,16,1,2,3,4,3,13,4,8,14,2,15,1,4,4,16,5,5,7,1,7,1,1,5,1,4,8,0,2,8,0
"gene_1109",6029,6631,5013,3303,4171,3850,2669,5392,6004,2799,454,1268,1661,731,957,1103,1263,1140,1166,956,3342,4304,4594,7276,5189,5909,5937,4504,3736,4740,1117,1047,1213,881,1195,1127,967,1165,2111,1320,4702,4013,4309,5343,6052,3364,5607,4579,5031,5110,1218,710,1461,1045,1053,762,937,921,1029,932
"gene_1110",289,496,290,388,387,327,188,257,217,95,235,381,389,351,306,286,265,307,285,230,249,243,279,302,425,270,413,228,143,405,287,306,405,382,246,220,275,298,288,434,218,223,230,294,314,286,338,272,288,304,203,169,316,254,364,313,303,220,148,457
"gene_1111",1,22,5,12,0,1,1,3,5,1,8,2,7,4,6,2,5,2,8,0,8,1,2,1,6,12,24,20,6,12,8,15,7,23,37,2,4,3,4,14,8,0,0,6,6,4,3,0,4,0,1,0,4,1,0,5,5,1,1,5
"gene_1112",159,212,201,120,139,95,137,105,120,122,86,162,168,92,122,166,120,108,146,75,130,237,187,202,79,131,166,77,129,423,170,73,179,124,94,114,102,140,139,135,183,119,158,105,99,149,69,122,55,172,85,96,54,82,67,66,163,125,83,112
"gene_1113",160,159,133,83,152,67,116,82,106,113,33,227,153,151,38,159,66,88,63,96,94,205,116,106,255,179,101,126,156,164,217,105,213,132,132,208,105,157,309,165,67,99,119,154,70,93,68,87,50,88,89,36,97,99,77,60,63,79,140,57
"gene_1114",234,204,268,326,188,141,183,138,141,123,194,213,221,110,200,217,172,147,167,120,205,132,230,174,178,515,307,111,304,286,209,243,126,188,179,126,182,162,472,252,419,198,332,266,202,293,301,309,83,182,153,122,203,156,113,102,197,90,162,115
"gene_1115",3640,8105,4778,2494,4720,3504,2479,2614,2071,2544,1829,4054,5260,2426,2436,3823,4058,3006,4617,4032,1811,4307,2841,3470,3880,3411,5079,3262,2936,2944,3389,2091,3013,2293,4068,4587,2451,3203,4054,2624,5432,3356,4321,4276,5094,3181,4345,3411,3560,4076,2395,1967,3396,2389,3869,1597,2501,2561,3239,3130
"gene_1116",13,46,4,30,10,12,8,4,9,18,8,59,9,12,20,9,27,13,10,22,32,18,29,9,32,17,52,14,45,15,57,26,80,19,26,6,23,21,48,18,39,28,35,15,20,14,6,35,22,13,30,46,8,35,8,23,53,15,24,30
"gene_1117",4982,7826,6248,3646,4060,6607,4665,4082,4926,3128,3063,2953,5295,3640,4015,6186,6532,2890,4153,6274,3302,6747,5186,6367,5033,7396,10073,5276,5725,5405,6191,7753,6596,3954,5347,4940,3383,6366,7993,5472,7211,4422,8055,6610,4340,5547,6078,3008,4279,3647,5074,4212,5151,4073,4007,4509,8020,4902,5119,5203
"gene_1118",603,1049,1426,1021,575,481,787,563,558,421,707,965,677,947,665,968,856,730,906,814,342,568,346,504,671,661,818,335,409,712,972,602,579,557,906,683,505,588,526,738,1088,920,1117,690,895,1003,799,708,600,955,938,645,1127,813,584,541,855,653,714,1433
"gene_1119",931,1868,1669,1153,865,609,582,1009,858,435,363,818,1230,602,605,996,698,594,928,503,1050,1124,1294,1542,2008,1206,1691,932,1327,1783,1413,1430,1032,805,1801,1058,1048,1012,1531,955,1674,980,1449,1318,764,935,1446,1143,1110,971,977,421,775,665,749,618,1492,870,693,576
"gene_1120",330,327,450,240,244,228,256,259,252,198,236,259,384,346,240,358,279,305,344,317,348,273,380,380,368,443,798,287,495,424,345,393,382,364,497,284,337,340,549,314,229,148,306,377,303,439,378,379,204,527,250,207,160,301,290,261,381,233,298,372
"gene_1121",818,1155,865,582,999,337,429,859,608,492,621,1068,888,645,436,676,927,762,565,845,658,1155,701,712,1215,775,951,822,611,940,930,890,873,813,1253,601,768,921,1202,831,1222,1198,1603,1405,866,1127,1116,1379,791,727,661,712,1426,925,956,933,835,933,1434,1026
"gene_1122",117,104,115,92,50,47,93,49,131,36,73,91,40,72,62,78,98,79,65,86,36,83,55,49,163,114,60,94,74,99,60,25,79,54,33,22,57,98,40,74,111,39,45,58,47,140,76,55,89,33,85,55,43,36,36,28,81,45,34,40
"gene_1123",32,57,9,38,48,19,5,13,50,35,30,34,44,16,22,27,54,33,30,28,30,13,14,24,30,44,31,57,30,56,60,46,79,67,10,82,38,57,66,38,57,33,31,43,25,26,27,14,19,46,52,13,44,21,26,20,35,49,21,57
"gene_1124",867,842,1233,963,543,591,512,525,958,447,304,677,448,490,408,688,644,415,928,736,548,538,552,443,743,845,737,449,637,911,491,727,601,628,737,446,403,798,774,449,656,545,834,538,590,530,702,362,634,671,495,172,452,340,485,361,707,603,361,629
"gene_1125",1243,1037,2137,1157,1006,1256,612,822,836,735,727,1133,1333,680,768,1372,1571,500,1166,732,916,1292,1228,973,1048,879,1616,759,709,1476,771,974,1415,969,1183,1557,730,1161,1010,936,1945,1028,1777,1453,1091,1625,1434,1210,654,790,1023,831,1451,735,1541,529,652,1623,969,1505
"gene_1126",10,36,40,9,15,9,13,4,12,1,15,20,6,13,18,18,8,5,40,2,39,28,14,7,47,79,8,19,19,19,11,42,31,7,19,31,9,13,31,32,5,4,21,7,12,24,9,19,10,4,10,16,5,5,24,0,15,16,3,4
"gene_1127",735,824,850,662,456,736,342,511,773,473,69,154,251,206,155,167,215,165,150,147,562,469,643,659,542,895,639,340,528,605,132,102,138,172,195,204,146,151,254,190,693,862,1125,2081,733,1088,1741,962,852,1431,191,150,183,261,193,195,179,159,169,338
"gene_1128",28,124,55,80,19,42,31,47,24,31,17,13,55,21,15,39,7,26,22,20,44,78,36,15,39,70,76,25,27,49,86,39,16,28,42,87,19,35,48,17,52,30,43,16,18,30,33,6,36,29,8,11,11,17,16,16,26,25,28,25
"gene_1129",7,8,8,21,6,1,6,3,2,3,10,58,9,5,27,37,5,7,48,6,3,19,8,18,8,28,16,3,16,14,15,22,19,3,5,12,11,10,27,39,7,10,0,6,3,9,6,12,2,15,7,14,9,7,8,15,14,24,11,3
"gene_1130",261,255,209,105,92,204,173,91,242,166,146,206,367,211,328,209,284,118,173,140,175,297,247,133,345,438,319,202,260,152,118,295,449,265,292,191,128,232,286,196,157,257,249,253,327,211,210,196,112,232,169,194,142,227,253,171,161,216,343,177
"gene_1131",355,777,900,539,237,457,303,285,326,311,371,455,904,772,555,646,688,501,599,597,166,488,291,461,449,525,443,261,352,343,585,376,376,426,458,366,395,372,616,410,807,364,617,480,849,595,419,254,444,330,385,292,507,434,625,286,449,507,446,666
"gene_1132",76,118,62,35,66,8,48,30,54,32,28,44,79,38,54,95,108,46,46,27,45,55,26,21,61,50,81,12,44,51,58,50,65,50,40,34,34,83,49,35,63,105,105,99,82,58,96,14,25,106,70,60,31,59,84,13,62,35,42,48
"gene_1133",128,196,322,81,116,131,38,111,145,54,102,166,125,67,94,145,107,102,95,70,240,165,216,161,240,216,211,252,118,170,191,148,194,124,152,129,153,101,136,124,80,75,80,125,103,44,104,43,74,43,66,27,74,91,61,64,32,82,87,126
"gene_1134",12,7,24,4,12,17,11,27,2,4,12,14,10,8,11,15,19,8,15,5,29,30,10,29,20,19,30,17,36,17,92,14,21,19,17,8,45,27,19,4,15,8,4,17,5,10,33,6,9,5,24,5,6,6,0,6,2,3,4,29
"gene_1135",106,127,243,70,64,131,111,118,98,83,159,112,126,147,120,147,192,51,65,69,112,136,57,130,148,117,130,101,108,166,122,125,127,103,104,112,103,119,105,90,168,85,404,197,315,190,206,98,129,239,195,129,92,148,111,114,262,144,148,142
"gene_1136",5,13,1,3,3,28,1,1,5,6,0,2,0,6,8,3,0,3,29,2,25,0,9,8,1,3,1,8,9,11,7,13,17,5,2,10,4,17,6,8,26,0,6,1,0,14,6,3,3,4,0,0,1,4,4,9,3,0,3,0
"gene_1137",617,1233,1297,1030,665,716,723,620,886,526,717,929,886,1120,1277,1084,859,767,896,759,401,716,731,776,761,636,902,475,873,736,553,541,759,502,844,798,508,732,970,568,940,536,971,852,697,1340,768,607,723,752,1030,600,1040,634,1005,679,948,653,643,739
"gene_1138",44,62,66,29,48,34,29,44,31,17,35,44,44,70,26,28,31,36,35,17,45,51,27,12,64,34,52,60,34,54,37,25,62,48,42,26,59,37,19,19,56,42,51,33,92,48,41,43,38,38,39,37,17,47,21,23,70,5,36,96
"gene_1139",746,942,684,568,443,421,407,307,473,288,387,758,924,292,452,801,784,337,552,412,573,795,551,796,883,915,1024,476,419,464,793,595,730,658,767,816,723,668,970,770,719,374,1234,566,571,725,929,475,406,877,575,525,604,706,709,827,814,613,641,896
"gene_1140",1091,1300,857,773,418,897,341,620,864,204,647,1235,1014,705,590,884,841,870,1040,953,701,714,994,967,662,872,761,849,861,930,936,762,838,1172,1005,907,681,818,1420,800,854,292,650,678,502,498,540,491,426,1001,558,450,547,305,633,373,881,635,457,518
"gene_1141",4,19,6,21,0,4,11,4,0,1,7,16,5,0,2,3,8,5,1,1,2,0,32,4,2,0,3,1,4,7,1,0,2,1,4,3,1,2,6,19,5,7,6,20,9,25,8,2,1,29,24,2,8,7,4,9,0,8,21,3
"gene_1142",523,542,655,586,357,346,375,177,383,306,663,569,516,456,608,747,656,364,366,393,237,340,392,559,403,623,381,280,319,501,479,647,599,365,637,387,284,426,373,536,508,311,505,643,630,394,396,545,270,354,347,325,565,290,344,361,430,325,511,710
"gene_1143",14,35,44,45,11,22,8,5,10,6,42,9,47,6,40,27,13,7,32,11,7,14,8,5,6,32,12,13,0,12,11,22,8,7,9,3,11,6,13,13,12,26,2,11,39,9,19,26,8,6,17,29,16,15,17,12,19,13,11,22
"gene_1144",217,413,248,139,184,240,203,160,168,165,202,448,410,325,215,166,509,243,286,267,287,312,145,177,326,196,203,150,184,294,553,395,570,441,359,260,264,296,540,203,364,388,261,408,338,233,355,404,154,209,254,167,392,253,209,339,344,353,226,404
"gene_1145",14,81,81,39,19,9,23,21,28,17,15,34,14,9,6,46,9,26,25,10,32,36,20,26,55,55,99,9,61,51,33,63,55,44,37,42,26,26,25,53,11,11,13,41,40,65,13,29,34,38,21,10,34,21,28,8,43,20,3,53
"gene_1146",21,42,27,35,10,33,30,3,36,6,30,12,52,32,17,32,52,7,51,17,33,29,46,59,77,39,29,28,34,80,25,11,17,25,43,14,26,9,32,44,24,33,51,21,29,38,97,19,18,20,29,29,13,18,25,20,25,58,36,7
"gene_1147",338,336,278,168,215,232,125,145,159,119,227,250,330,213,144,194,271,272,161,100,227,213,316,181,396,256,249,215,324,434,212,172,256,286,414,239,209,238,384,293,296,270,280,241,128,246,271,349,153,338,112,167,300,182,97,143,384,149,161,289
"gene_1148",36,54,44,58,19,9,20,19,20,34,118,90,250,141,79,219,183,87,279,66,16,29,20,13,54,48,73,45,102,49,203,224,219,83,132,62,130,109,130,152,15,25,50,74,18,20,31,54,50,55,61,69,175,222,181,109,61,138,71,144
"gene_1149",4414,7179,7522,3510,4115,6244,2374,2422,4911,2813,2619,4236,4627,4655,4043,4931,5029,2850,4545,3515,4864,4264,8250,5851,5779,4639,3766,3380,4715,5930,3814,7247,7426,3858,5862,4057,2272,5447,5124,3821,5451,3083,3951,5335,3128,4307,5995,4996,2542,4713,2957,2848,3300,4804,2731,3378,4457,3697,2736,6716
"gene_1150",30,61,26,54,16,34,47,16,15,26,43,12,55,71,36,131,32,44,73,37,37,40,36,48,32,74,24,16,37,53,26,25,93,38,61,45,65,22,42,35,62,52,125,38,82,80,76,58,72,33,43,22,76,38,55,36,72,54,47,111
"gene_1151",488,1218,819,548,388,453,629,616,722,467,447,432,601,294,356,695,547,402,951,473,494,545,305,447,745,689,334,374,396,601,637,296,522,319,670,301,374,383,801,267,608,448,740,824,671,444,554,500,401,513,363,350,370,348,538,268,563,399,334,384
"gene_1152",1118,1161,1003,782,629,699,570,630,617,632,492,723,938,551,553,809,550,576,656,372,732,719,683,776,709,692,850,750,629,766,1089,906,773,553,827,793,884,472,992,584,955,1019,1475,915,1249,837,1425,1068,638,1002,850,901,818,833,591,710,1016,923,817,1191
"gene_1153",13,2,5,23,0,1,6,11,0,4,10,4,0,0,0,2,0,0,0,0,4,1,1,6,3,0,13,1,0,2,3,1,1,1,1,4,17,2,0,6,7,3,1,11,10,8,1,34,7,8,0,7,0,1,12,8,1,0,2,4
"gene_1154",14,12,22,20,15,12,12,18,9,5,18,10,2,7,20,19,10,2,4,6,23,24,11,31,43,14,24,26,23,7,30,32,9,11,26,18,22,6,28,26,24,25,11,21,29,34,22,14,6,10,11,15,4,6,1,5,5,20,18,17
"gene_1155",1533,1782,1974,1372,1034,1350,829,621,1123,925,636,1207,1146,351,531,773,1104,694,1032,501,1009,1066,782,939,1517,1384,612,1013,898,1532,659,693,863,681,847,620,574,577,1215,699,1293,361,803,1245,1188,565,1379,726,940,1393,641,618,651,773,540,629,783,658,511,849
"gene_1156",7096,6736,4561,4480,4204,4174,2901,2889,3920,2501,2499,3438,4920,2988,3481,3144,2623,3017,6253,3196,2818,3973,3562,3589,4983,4042,2257,3382,3297,3974,2758,2885,3450,2595,3034,2745,2274,2883,5124,2428,3758,5138,5075,4033,5396,3524,4377,3994,4031,5290,3950,2886,3012,1794,3308,2333,2294,2367,2409,3141
"gene_1157",1223,2327,2098,1377,1724,2021,1030,795,1107,1237,1065,2744,2342,1262,1163,1734,2429,1412,2325,1242,1247,1906,1572,1528,1929,1843,1806,1068,1625,1541,2901,1445,1700,1970,2139,2317,2476,2614,3121,2852,1925,1731,1989,2234,2027,1638,1767,2108,1077,1824,1726,1577,1386,1788,2002,1569,2136,2310,1017,1173
"gene_1158",15,45,33,6,17,17,23,11,28,5,8,16,9,24,12,25,11,3,9,3,25,45,14,16,26,6,43,24,21,17,17,22,11,21,27,19,16,4,62,25,46,39,21,25,21,17,31,23,17,15,6,6,11,18,35,7,8,26,9,24
"gene_1159",416,1336,480,812,594,703,668,605,584,355,459,607,790,414,637,789,895,720,426,539,491,934,877,525,503,884,736,394,420,706,912,965,571,521,646,567,548,319,663,642,611,545,885,687,767,431,624,465,561,729,390,465,417,498,713,451,576,417,731,652
"gene_1160",90,153,134,143,101,31,70,83,135,99,54,150,170,71,81,105,56,92,107,66,42,97,102,59,54,105,131,85,34,101,61,62,127,53,137,82,83,77,89,79,95,168,92,197,122,84,133,197,86,134,106,65,122,102,93,68,131,100,196,172
"gene_1161",4356,7245,5631,4831,4942,3986,3408,4221,6159,3702,2967,4596,6361,8041,6126,6155,4766,5020,7654,2221,3113,6219,3871,5677,6932,6149,6899,5008,3213,6643,8519,4060,5856,6819,4636,6439,4233,5060,7213,6810,5470,2550,4810,3692,5737,2967,2868,5615,2482,3954,4458,3147,3341,3560,4099,3579,4854,4496,3039,3674
"gene_1162",91,116,104,127,81,44,31,58,73,35,20,65,83,45,40,95,47,64,23,45,41,107,57,120,39,59,69,52,46,101,50,106,50,51,50,41,34,50,129,34,62,62,85,71,143,29,79,91,65,46,18,38,38,39,28,32,28,37,29,40
"gene_1163",28,23,144,46,43,29,13,25,53,15,25,90,126,28,65,52,70,5,82,34,20,40,47,17,69,51,78,26,19,76,30,57,86,50,87,113,39,28,23,22,40,46,43,39,25,56,74,33,14,41,68,44,35,35,54,46,57,37,24,23
"gene_1164",333,371,336,224,108,185,205,213,127,201,142,205,303,139,227,135,303,134,116,179,102,225,147,138,230,302,254,101,163,153,183,121,204,168,256,127,187,160,166,139,119,117,194,147,143,124,208,129,158,144,169,173,86,157,136,172,211,126,89,87
"gene_1165",122,262,410,166,215,217,93,143,210,151,398,362,265,401,309,315,279,232,282,194,183,124,167,322,354,207,204,219,231,222,424,422,416,435,558,449,252,480,491,487,206,214,173,178,134,197,162,168,109,123,211,203,418,286,235,417,553,212,377,355
"gene_1166",593,562,593,384,561,350,333,379,190,274,254,778,735,390,282,521,636,414,367,294,339,370,208,369,349,408,319,295,277,439,322,305,539,372,462,294,412,389,324,296,400,276,505,504,225,324,255,287,284,383,320,171,234,371,218,234,372,343,245,378
"gene_1167",5775,9754,8449,5038,4909,4309,4462,3343,4571,2537,5266,9094,6565,5555,4127,12296,6183,6377,4208,5844,3477,6512,4465,5111,4279,6776,5545,2104,3597,5057,5042,3238,6354,8278,8007,4638,6641,4210,7747,5881,5984,4078,6815,10427,6349,5171,7865,7242,5720,6758,6500,4481,8766,7565,7922,4528,7824,11866,6204,8298
"gene_1168",72,257,191,111,223,58,156,108,152,68,129,125,155,81,110,111,138,127,138,112,151,241,159,199,167,161,245,146,69,176,176,164,157,173,113,102,103,140,235,136,303,117,176,186,242,252,270,88,148,281,194,241,261,195,249,163,276,173,214,146
"gene_1169",967,1181,1114,689,242,602,396,363,651,267,383,503,621,508,422,705,446,391,532,590,524,629,321,846,537,622,583,291,696,663,457,512,462,334,454,260,482,342,655,616,871,653,1083,831,925,1080,726,704,681,657,405,347,334,413,484,318,890,441,489,1139
"gene_1170",6,37,5,23,21,25,21,18,22,50,16,19,20,26,41,18,30,13,56,12,28,31,11,19,16,46,18,5,1,31,8,16,41,15,14,31,13,46,93,25,12,17,38,16,54,20,26,18,20,11,29,12,28,17,15,11,13,12,19,31
"gene_1171",20,66,44,18,27,33,19,41,24,16,23,43,62,33,24,37,66,41,42,36,19,34,22,80,20,20,42,6,42,35,23,39,72,24,67,39,24,36,136,53,46,48,32,30,62,11,43,31,52,20,61,8,59,8,41,35,69,48,15,66
"gene_1172",27,29,104,30,37,36,48,19,29,21,20,19,31,23,3,47,25,26,36,9,56,26,22,28,56,28,47,26,23,13,7,41,57,41,48,26,24,22,30,17,95,28,104,90,32,35,65,36,9,28,73,38,25,11,15,42,53,39,35,31
"gene_1173",3006,2713,1549,1449,1685,1487,1561,1290,1425,1027,1368,1431,2684,2036,1448,1286,1846,1303,2311,1879,1612,2189,2317,1374,2700,1852,3251,1566,2357,3565,3100,1801,2977,2174,2885,2833,1728,3617,6070,2089,2150,1203,2490,2178,2360,1540,2090,1910,1892,1402,2247,1875,1770,1801,1669,1609,2321,1925,2126,2371
"gene_1174",11,2,12,0,1,9,0,4,4,2,4,0,0,10,10,0,0,3,7,2,6,1,8,1,3,10,9,4,1,8,2,1,0,1,9,1,8,4,19,4,3,8,1,7,21,5,9,10,1,7,2,19,0,1,1,0,1,19,3,2
"gene_1175",81,68,87,58,41,86,63,46,46,46,44,80,174,59,65,56,89,85,49,37,34,69,47,64,67,93,59,81,70,96,127,79,94,77,81,48,40,58,73,79,93,56,133,73,58,79,102,92,53,67,73,77,70,43,55,79,121,71,32,138
"gene_1176",255,528,451,212,126,129,219,110,173,158,224,200,204,201,255,198,243,179,247,249,177,349,252,200,244,256,166,129,119,142,204,174,375,248,300,220,133,211,223,232,174,151,223,263,203,262,147,157,184,306,267,182,147,166,116,235,162,140,154,241
"gene_1177",413,322,331,176,178,155,112,150,138,122,112,170,301,197,141,196,154,173,128,115,149,210,98,240,161,118,289,115,95,279,139,243,166,186,191,152,101,134,99,168,172,173,178,310,137,146,205,139,158,248,174,148,193,76,163,81,334,120,157,211
"gene_1178",104,77,80,108,69,82,119,107,85,56,103,101,126,81,106,110,115,101,118,68,77,213,99,117,144,173,107,87,53,83,68,106,164,82,133,162,78,120,160,114,185,55,63,125,53,117,94,105,20,79,100,83,64,96,46,74,71,24,88,156
"gene_1179",1449,1721,1609,712,1042,687,586,1015,973,665,508,1076,763,517,1195,706,462,728,910,482,511,782,737,1006,653,880,466,374,799,837,1022,599,574,580,886,489,710,312,875,428,778,312,757,733,566,576,971,582,564,718,600,443,406,436,587,508,851,533,281,467
"gene_1180",30,70,38,48,77,17,16,28,21,24,13,42,83,23,27,25,24,10,33,14,54,58,33,56,32,61,58,56,27,30,76,48,145,82,107,35,34,20,72,30,56,45,58,25,28,50,25,34,17,12,30,23,25,11,22,9,50,25,24,49
"gene_1181",5151,7437,6403,3489,5103,6814,4826,2387,2203,2722,2569,7763,6677,2866,6644,5052,7421,4383,5470,4830,3843,8380,7318,8777,10161,8211,11591,6496,6468,5285,11357,9332,6605,7091,7543,6615,6732,4979,9904,8534,6806,4095,4674,3628,5686,3733,4870,3614,2870,5177,4664,2607,4401,4579,3597,3027,4450,3712,3766,4337
"gene_1182",0,0,3,9,3,20,0,2,0,9,1,5,8,1,9,7,4,0,5,1,12,11,13,1,3,13,3,2,9,8,1,1,1,3,7,10,0,1,1,16,5,4,24,13,3,9,23,1,3,1,0,20,2,0,5,5,3,0,6,11
"gene_1183",109,238,171,60,135,188,96,146,149,99,82,159,174,133,121,90,155,146,177,132,231,250,250,333,214,287,199,189,273,298,181,267,396,191,282,168,153,154,236,233,136,246,237,225,186,188,136,200,173,181,155,136,135,130,156,138,173,143,94,138
"gene_1184",2059,2273,2151,1483,801,1566,1162,1229,1872,1031,1207,1594,1703,1322,1213,1289,1958,1572,1224,1128,841,851,924,1225,1443,1155,1257,654,744,662,743,766,1303,741,1364,650,900,1065,1725,946,1351,1395,1934,1205,1345,1686,1581,1406,907,957,825,790,957,743,726,1223,1017,1197,1006,686
"gene_1185",889,972,950,764,809,450,603,684,300,607,236,840,465,406,572,584,678,437,372,400,359,716,537,754,641,493,445,334,469,558,348,457,557,361,500,413,320,344,634,358,971,586,927,456,608,614,628,735,346,547,746,368,524,312,339,357,308,449,290,464
"gene_1186",12,35,17,16,22,13,37,16,15,8,6,3,35,9,8,30,7,0,13,6,2,30,41,17,82,22,27,12,11,31,40,2,7,19,25,7,17,13,8,25,67,15,15,23,25,17,7,15,10,23,9,4,12,26,24,16,59,15,15,16
"gene_1187",3498,10937,6163,5987,3299,3298,3659,2340,2580,2431,4950,8747,5461,5096,4975,7862,5136,3848,7959,2275,3942,5424,5839,7943,8157,7146,6508,7181,6837,7660,6933,3809,6597,5903,7802,4453,5511,4232,9917,6874,8038,4873,6795,6033,5456,4781,4274,4476,4396,3015,4715,4765,4228,3772,5524,3761,7442,6342,4986,7361
"gene_1188",38,112,90,51,67,56,26,42,58,15,61,38,44,47,24,72,99,62,36,55,92,26,33,38,42,81,77,35,70,69,21,44,57,26,39,56,43,69,87,58,54,54,51,30,61,61,46,68,24,65,56,36,32,25,49,24,91,42,35,51
"gene_1189",32,31,59,40,42,21,39,18,47,14,12,40,30,24,30,21,62,16,23,18,20,19,11,47,30,31,21,27,15,48,35,31,49,15,26,15,35,33,19,14,68,48,99,59,16,70,60,54,39,31,18,29,2,41,41,41,26,25,19,23
"gene_1190",978,1146,984,1011,698,665,769,612,694,820,512,880,978,681,388,682,1125,501,552,551,957,1260,974,1100,1097,890,1191,1075,766,763,1011,907,812,879,1541,966,610,793,1496,985,624,703,1559,707,1176,693,821,861,539,743,730,323,870,780,417,691,761,656,548,389
"gene_1191",1762,2966,2976,2819,2103,1673,1683,1535,1977,1235,1962,2576,3618,2119,1317,2498,2385,1582,2614,1463,1799,2665,696,2791,2961,2378,3211,1908,3536,3819,4743,2451,3579,1982,3947,1701,2284,2446,5833,2161,3853,2143,3920,5206,3635,3569,3063,2849,1272,3351,2036,1345,3343,3450,2964,1538,3887,2177,1721,3628
"gene_1192",9,16,16,8,11,3,1,11,14,15,3,8,6,12,8,15,19,14,1,3,13,8,18,13,7,11,4,3,0,1,2,11,19,15,2,7,5,1,17,2,20,29,0,17,18,1,8,7,9,3,3,9,14,5,21,4,2,18,11,6
"gene_1193",8,1,6,2,5,1,2,0,15,3,2,2,7,5,15,7,17,2,1,3,9,4,2,1,0,6,7,4,0,4,7,1,11,10,3,3,6,7,10,13,5,14,7,9,1,20,27,17,4,9,6,30,9,1,23,13,8,11,33,9
"gene_1194",1703,2669,1971,1468,1920,1568,1042,797,1724,1185,1021,1779,1251,1127,1023,1371,886,895,876,1465,1386,1031,1366,1205,1524,1511,2001,1114,919,1139,1867,1554,2430,1289,1692,1403,1417,1602,2285,1747,1665,1256,1652,1825,1043,926,1565,622,743,1316,1043,677,1152,726,997,762,1995,674,865,1008
"gene_1195",3,14,1,0,0,1,1,6,2,1,2,10,18,10,7,8,13,8,0,2,5,11,0,3,17,3,15,4,7,3,9,10,0,5,15,20,2,12,0,1,41,0,10,27,5,11,11,2,15,3,3,0,3,6,2,17,11,12,4,37
"gene_1196",1240,1122,1497,902,646,648,505,540,580,344,119,202,309,179,151,220,216,132,156,168,797,769,830,696,813,924,1138,552,540,1255,176,136,324,152,209,184,83,238,229,154,1092,1004,1260,1422,1116,1241,1130,868,1132,797,270,167,174,107,126,222,334,159,231,195
"gene_1197",83,118,121,130,74,88,68,57,86,50,60,114,133,59,76,96,95,77,102,86,97,83,95,98,143,109,164,80,55,57,83,77,43,162,104,162,68,70,85,123,101,60,85,86,103,78,52,66,68,47,56,66,51,61,96,21,70,27,46,60
"gene_1198",195,72,143,91,104,58,58,43,50,95,155,121,277,183,288,154,223,113,309,208,89,128,65,77,109,145,116,50,59,121,237,125,203,183,184,111,162,109,288,218,84,151,183,91,110,48,72,93,100,37,218,94,69,200,142,129,157,180,204,165
"gene_1199",961,1631,1886,678,897,1041,748,738,581,428,726,447,481,231,516,888,949,517,617,446,846,762,712,927,954,1149,938,551,1063,1127,606,498,1024,426,698,767,485,454,600,680,2086,959,1789,1982,1355,2257,1674,2500,1114,1837,1304,656,1491,680,1202,687,1421,1489,925,1468
"gene_1200",4427,5819,8715,6594,5290,7572,3437,4134,6258,2347,4251,6751,4610,5933,2741,5642,5467,6983,4706,3715,2317,3855,2501,4375,3758,5110,5915,3498,2452,5242,5144,3926,5237,4253,5013,3794,4370,3799,3861,4146,9672,6138,7110,3212,7356,5064,7861,4531,5721,6943,4952,2961,6691,2243,4177,3636,5404,4523,3958,6976
"gene_1201",6624,12049,6091,4455,4341,4473,2149,4315,4422,3311,4666,6996,6320,4774,5998,5912,6348,3946,6144,3589,4705,6773,5866,5257,6312,7522,3776,2459,3916,6382,5033,5302,5007,6205,5221,4585,5627,7418,6822,4633,4705,3622,5907,5679,4003,5364,3443,5343,1669,7304,4240,2861,5307,5057,5029,3091,4880,4832,5237,6882
"gene_1202",379,285,330,229,220,206,71,293,282,108,295,525,659,472,491,701,620,276,486,589,150,451,332,321,240,297,284,257,356,231,474,846,1012,582,713,638,1092,801,1030,802,493,281,232,198,234,340,335,449,210,331,415,379,415,418,437,320,436,524,504,579
"gene_1203",384,411,377,398,179,250,139,242,381,211,212,533,304,289,426,313,296,245,433,280,321,479,522,340,570,391,390,156,221,386,420,652,454,378,409,223,283,354,644,422,339,172,186,210,290,201,277,225,170,333,232,221,172,241,204,249,375,148,192,486
"gene_1204",323,552,388,212,305,214,199,246,146,130,215,257,394,268,293,399,210,230,241,211,254,309,112,216,270,121,232,88,312,415,146,165,265,208,330,412,236,155,359,381,582,483,736,433,389,292,280,364,367,382,436,212,345,257,492,392,711,260,497,390
"gene_1205",929,929,1430,654,1100,756,424,737,621,246,719,836,574,374,1062,915,561,421,626,443,466,700,497,801,899,874,1077,974,527,1254,500,632,832,488,1196,882,569,373,909,913,546,702,961,916,951,909,867,1036,974,1440,585,839,760,552,742,428,1232,837,771,844
"gene_1206",7,5,9,5,0,2,6,2,1,0,0,5,4,0,18,2,2,0,3,1,5,8,2,3,11,7,1,11,1,0,14,7,6,13,2,0,12,0,12,5,2,13,22,0,1,6,1,27,5,7,4,4,1,0,1,9,7,6,21,11
"gene_1207",10969,6798,5263,5069,3806,4148,3783,3752,3843,2881,2353,5230,6352,2916,4198,2806,3729,2944,3649,2905,6043,5856,5236,6254,4865,7041,4906,4879,3285,4890,3510,2473,4680,3336,4444,3773,3037,3989,4586,2877,9125,4235,7495,4525,4909,5987,6459,3877,4889,7800,4565,2751,4074,4436,3505,2671,4905,2782,3431,3481
"gene_1208",25,37,80,7,45,42,20,15,27,17,25,54,41,21,16,19,43,51,35,33,16,16,24,69,49,24,59,19,32,18,55,48,51,40,30,33,17,15,72,11,54,44,58,23,24,41,60,10,19,43,15,7,19,22,46,28,30,22,37,53
"gene_1209",115,138,101,91,94,62,54,90,36,58,62,68,207,82,103,101,116,43,86,90,44,33,69,97,90,77,98,51,63,101,43,30,64,38,61,33,49,43,40,57,97,54,93,77,65,45,104,65,60,89,60,25,60,32,51,74,94,64,82,45
"gene_1210",368,570,583,459,300,501,248,351,444,192,160,361,463,261,324,527,399,281,249,168,381,489,356,235,381,262,361,384,274,414,247,200,272,312,432,360,247,256,297,262,565,298,733,464,463,451,714,559,546,459,358,403,579,544,185,374,465,508,361,435
"gene_1211",322,374,442,209,210,244,105,174,134,112,285,374,307,289,221,424,374,245,521,301,284,241,263,334,217,465,493,229,204,232,293,333,370,257,309,203,283,251,267,214,195,244,383,378,176,212,254,206,228,201,378,303,415,282,177,141,257,271,419,478
"gene_1212",68,34,48,53,83,68,30,17,19,42,38,30,36,26,102,45,37,66,29,39,62,53,27,68,82,96,58,59,30,45,70,71,51,29,91,28,29,25,48,53,65,81,72,53,27,48,95,27,65,67,28,24,43,58,92,57,72,57,44,116
"gene_1213",389,442,400,204,315,406,248,293,325,224,365,392,393,243,385,461,578,310,299,281,303,276,156,273,164,398,397,208,227,167,337,226,266,257,228,195,169,118,323,284,468,355,353,148,461,364,402,383,245,498,438,316,351,344,186,189,196,221,292,386
"gene_1214",22,92,25,32,17,17,21,19,44,30,25,38,19,12,29,20,27,10,17,9,4,24,7,18,16,11,7,12,15,21,26,13,11,24,30,23,36,6,35,28,35,9,2,34,53,67,47,18,21,9,29,17,35,16,14,23,32,5,18,12
"gene_1215",49,44,55,17,7,32,6,39,16,15,18,19,60,23,28,28,28,12,15,11,25,19,13,6,18,20,48,9,5,23,11,24,25,13,5,7,14,28,19,3,93,32,35,14,43,39,17,28,33,57,8,26,26,3,30,7,10,9,13,13
"gene_1216",560,837,786,401,289,333,225,329,334,206,224,354,334,416,238,316,282,360,563,314,501,437,517,679,443,400,373,268,440,515,364,505,584,181,677,396,336,397,712,347,595,288,477,510,466,249,357,351,206,265,277,138,205,193,230,136,351,193,391,464
"gene_1217",492,672,590,330,347,308,523,348,447,304,503,395,651,364,486,567,468,410,378,325,534,708,566,506,502,936,824,338,464,822,482,753,934,848,603,331,553,530,638,855,407,665,486,434,497,420,258,519,273,358,474,237,284,263,559,388,173,307,637,680
"gene_1218",70,14,74,34,13,14,34,35,41,43,29,34,66,50,69,58,41,62,27,63,25,92,25,34,21,84,23,27,15,17,42,47,56,45,60,25,25,29,36,21,36,45,43,44,20,32,43,25,52,56,32,30,19,21,24,21,46,38,34,43
"gene_1219",467,726,881,831,629,967,556,433,693,453,157,259,244,145,133,233,138,86,182,133,430,852,831,736,630,640,764,595,690,1013,195,231,190,207,281,174,129,118,337,192,961,545,1063,983,602,722,951,698,816,700,153,90,213,202,180,62,230,176,133,316
"gene_1220",98,144,86,56,63,72,51,18,54,17,51,38,120,80,47,36,108,30,56,51,63,42,77,65,104,68,59,81,61,89,65,78,102,47,86,79,29,67,140,65,33,56,50,54,59,46,46,20,38,44,45,33,42,72,52,47,94,24,26,69
"gene_1221",6,1,4,33,1,23,9,6,3,8,6,8,11,7,2,0,7,6,10,7,2,3,9,7,14,23,2,4,10,8,16,7,12,4,20,2,3,2,12,1,9,3,12,4,4,4,4,6,11,4,4,4,0,6,20,1,28,0,4,12
"gene_1222",529,661,867,455,308,344,239,367,247,125,341,520,329,233,345,383,525,260,325,329,256,436,313,305,377,320,383,134,248,258,348,294,339,203,434,153,309,352,394,255,268,450,304,298,366,302,377,303,181,297,258,376,234,279,274,178,377,259,262,280
"gene_1223",2192,2336,1167,2088,1319,890,930,1252,1382,891,280,599,467,446,312,480,362,202,310,287,1815,2388,1429,2413,1795,2271,2230,1644,2231,1994,503,603,969,798,932,441,495,555,914,437,1786,1131,1481,1273,1327,966,1131,1210,942,2142,201,261,299,208,212,239,483,324,284,341
"gene_1224",165,268,346,148,90,151,162,52,201,90,90,106,174,105,207,200,153,134,120,53,95,179,262,194,343,248,288,304,217,403,111,323,188,199,192,204,262,181,330,331,56,78,64,95,72,88,149,132,80,160,78,44,61,50,84,29,119,58,63,61
"gene_1225",1123,1311,1676,1069,557,754,747,769,1048,720,580,778,1246,1073,956,888,1169,806,1173,634,582,1027,790,966,734,843,765,801,701,748,1075,900,1264,717,1311,874,818,1160,926,1036,1341,1036,2292,1003,1635,978,1485,1421,1209,1646,1158,1435,1438,1204,848,1276,1837,1296,818,1500
"gene_1226",131,91,114,78,42,66,31,74,80,52,62,75,102,39,51,90,107,51,125,84,52,85,78,55,71,122,60,97,44,81,140,30,110,54,172,81,51,88,153,132,130,104,142,98,31,71,180,90,40,51,86,39,74,68,49,33,157,54,74,82
"gene_1227",435,504,381,489,178,278,183,214,340,177,237,401,329,190,208,295,219,318,175,268,232,373,269,393,427,439,346,372,263,336,317,345,457,262,269,319,307,232,584,404,348,277,359,438,338,413,321,325,282,457,276,223,277,198,256,163,271,161,177,348
"gene_1228",628,1492,923,768,695,908,580,563,717,401,379,582,1072,728,722,618,479,580,834,675,442,1093,746,1109,1103,1059,812,504,786,670,596,629,771,560,582,493,499,323,926,500,805,357,689,657,501,538,525,643,575,705,429,398,596,391,292,338,670,472,192,433
"gene_1229",131,164,96,206,105,123,100,165,127,40,92,262,193,136,156,171,254,48,132,76,108,168,68,97,95,124,69,86,87,129,125,143,286,72,115,128,190,127,130,134,186,122,177,231,209,198,169,132,125,192,143,127,166,224,186,156,148,160,238,310
"gene_1230",149,320,343,250,151,140,183,124,103,121,171,240,136,144,194,170,199,86,142,97,145,142,176,112,137,159,238,105,107,209,108,85,157,162,108,147,153,270,140,134,293,348,217,280,208,168,397,142,150,204,238,159,129,76,128,125,237,155,177,220
"gene_1231",489,758,571,283,287,405,290,341,464,159,424,1003,1236,826,444,861,483,1067,1065,777,428,533,360,388,381,435,942,204,419,540,1156,710,1100,584,867,867,894,746,1327,822,450,416,500,470,458,387,579,536,255,431,666,671,518,374,411,490,1002,637,546,1028
"gene_1232",148,335,267,124,158,147,193,66,115,126,39,126,121,89,61,117,116,100,79,56,122,89,125,168,203,199,94,94,98,156,46,183,205,55,258,87,118,175,135,89,88,71,213,84,61,91,129,101,127,82,61,51,55,78,134,52,111,49,55,77
"gene_1233",58,110,221,101,39,57,42,46,43,21,50,64,84,44,86,41,22,26,53,47,44,27,70,63,69,106,63,46,84,60,57,51,56,26,56,55,31,52,110,20,141,75,66,58,94,35,75,151,122,76,46,29,39,100,52,29,116,42,33,116
"gene_1234",688,1503,1336,831,916,634,665,689,917,580,628,837,2244,613,779,1458,1592,638,1421,779,662,803,689,595,882,1056,1263,895,901,950,1119,982,1641,1792,766,1418,581,765,1133,603,941,691,970,953,977,1271,1212,1124,578,974,842,803,994,772,1088,1383,1319,1077,1304,1175
"gene_1235",8,20,47,13,6,44,24,18,25,15,14,23,69,30,18,49,21,14,26,6,4,53,8,51,14,52,22,46,9,17,21,22,44,16,74,26,38,3,27,42,10,12,13,20,23,35,28,28,39,39,34,36,17,21,20,21,25,24,31,7
"gene_1236",4425,3450,4418,2104,2421,1937,2201,1820,2587,1937,2525,3512,3392,2581,2412,2929,3839,2046,3270,2340,3414,4060,2606,3794,3212,2689,4950,2510,3550,3767,3600,4555,4565,2940,3444,2333,2499,4677,5873,2500,1834,1674,3042,3228,3427,3427,4206,3392,1488,4331,2770,2247,2682,3214,2282,1816,3157,1469,1982,3507
"gene_1237",20,20,33,3,7,4,9,24,13,7,7,14,23,8,0,20,11,3,22,12,17,12,21,29,17,47,21,10,9,50,19,32,29,9,10,22,16,3,12,25,9,9,28,11,9,15,13,16,18,3,1,2,3,5,21,3,12,3,7,33
"gene_1238",182,244,216,175,122,180,107,114,147,82,154,374,197,225,192,220,159,152,264,193,168,198,151,123,134,163,129,125,99,165,257,181,265,224,317,180,159,209,352,237,337,195,249,329,338,185,259,169,152,225,164,189,195,264,187,151,190,158,176,209
"gene_1239",571,592,447,356,282,327,347,432,361,212,273,416,271,229,313,485,541,376,225,393,522,652,569,277,590,465,562,404,624,780,650,483,513,401,608,625,539,486,878,613,487,321,431,466,513,319,481,413,406,328,428,259,365,333,502,315,518,625,382,534
"gene_1240",23,73,65,23,27,33,25,36,32,29,25,8,69,72,49,21,39,17,31,28,4,19,61,49,30,89,67,52,25,40,55,42,28,40,47,60,28,26,68,27,44,6,46,51,41,21,44,30,20,21,31,16,59,15,19,54,27,21,37,78
"gene_1241",4017,7094,7120,6185,4556,4629,3892,5371,6043,2950,4765,4261,5233,5513,3887,5803,4673,4758,5093,4285,6458,7230,3928,8499,8000,5719,9102,5718,4613,9018,6606,7830,7783,7790,6822,5917,7437,5372,9566,5531,6952,4169,7656,6659,4209,5297,8342,6993,4509,7372,6118,5890,5921,5839,5735,6358,8089,7108,5274,6932
"gene_1242",17,41,25,22,8,19,11,11,32,11,15,35,72,25,21,61,22,9,20,9,15,40,24,33,13,7,5,11,49,20,19,20,20,15,16,7,14,18,18,14,30,20,49,41,13,28,31,13,10,22,20,37,20,31,20,25,25,34,12,36
"gene_1243",1,3,10,18,4,1,1,0,22,0,4,4,0,3,0,11,1,8,7,0,1,4,12,2,5,8,0,6,6,1,3,4,5,3,0,6,0,2,1,6,19,5,29,3,9,0,3,5,0,0,9,6,3,1,2,0,29,0,4,20
"gene_1244",386,337,476,307,238,238,274,257,284,160,269,235,343,295,203,311,287,255,249,125,175,258,354,197,374,218,331,203,239,227,167,219,200,215,247,189,189,255,176,383,337,263,256,324,291,540,388,265,221,489,244,216,172,272,154,198,412,256,227,468
"gene_1245",79,160,156,146,129,91,91,70,54,74,80,170,189,41,66,111,98,60,87,129,60,183,137,99,82,95,92,77,132,71,120,119,165,153,119,144,134,183,113,128,157,131,126,108,104,125,152,77,64,102,200,91,118,96,51,111,147,66,61,99
"gene_1246",1972,2606,3199,1428,1495,1405,1169,1257,1600,895,819,1668,1835,975,1290,1194,2511,1173,1088,1406,1600,2205,1467,2289,2002,1827,1233,1625,1458,2153,2072,1305,1681,1721,1288,938,1719,1238,2627,1297,2205,1003,1734,1171,1593,1015,1977,938,1132,1428,1381,895,1316,971,1214,1116,1671,1061,984,1458
"gene_1247",117,151,136,83,115,88,166,129,139,102,82,225,125,97,133,211,278,167,121,167,70,121,84,126,144,130,176,77,164,145,128,104,155,89,236,113,167,138,215,221,152,167,231,279,186,219,141,187,132,269,240,137,199,218,127,147,163,251,285,295
"gene_1248",518,337,622,409,421,341,218,317,303,170,191,379,284,284,242,275,481,382,260,207,201,449,500,380,726,540,419,231,395,264,335,255,512,290,393,284,318,191,511,345,408,256,523,422,255,446,382,347,366,334,350,300,233,210,114,337,353,396,197,319
"gene_1249",21,14,9,0,4,2,0,5,6,1,1,2,0,1,3,4,4,4,7,3,0,0,0,2,2,4,1,5,12,6,1,6,0,1,1,1,5,5,2,5,3,5,8,9,3,1,9,1,7,8,6,0,6,3,1,0,14,2,5,7
"gene_1250",843,859,939,410,607,486,253,423,603,206,343,1242,772,650,393,806,535,563,809,699,590,564,619,876,1050,559,877,296,594,671,769,530,831,813,937,688,610,709,1158,441,489,481,373,747,621,274,552,351,392,376,776,495,685,653,472,315,1085,638,441,553
"gene_1251",3,20,12,11,13,4,7,19,33,7,9,8,27,18,12,2,4,2,10,19,10,16,1,25,6,4,4,17,4,27,53,5,23,9,8,8,12,8,8,18,35,2,2,19,9,11,17,18,31,4,29,1,3,7,4,10,27,1,5,47
"gene_1252",102,142,114,68,80,52,81,29,54,38,80,34,92,80,78,54,63,64,81,44,47,117,61,63,135,94,84,57,59,51,91,62,55,53,117,102,80,125,90,126,68,49,186,85,65,71,93,35,94,41,73,43,75,59,76,48,84,75,100,45
"gene_1253",16,7,4,7,2,0,0,8,4,1,2,8,25,10,2,5,0,1,2,29,0,0,2,1,4,3,14,4,17,0,20,21,7,7,1,1,9,1,1,0,3,2,2,2,0,0,6,9,3,1,5,10,6,2,4,3,6,3,0,2
"gene_1254",225,243,346,114,101,94,133,143,181,136,108,128,193,104,94,156,215,143,159,163,68,303,154,77,95,177,199,103,101,154,64,72,194,146,133,78,104,82,108,81,121,183,88,112,129,102,166,138,144,110,61,68,143,153,112,116,94,142,92,83
"gene_1255",1279,1841,1559,981,1229,950,512,1440,690,595,967,1074,674,618,764,979,792,524,1011,926,906,1891,773,1107,1886,2245,2242,779,1589,1828,1343,962,883,1344,1833,769,737,866,1625,1324,1161,749,1841,1111,912,1396,1206,1122,1055,1211,701,453,725,534,563,686,1169,638,763,739
"gene_1256",37,32,75,65,42,100,56,46,43,62,32,45,50,24,25,44,103,56,56,56,20,68,55,38,60,72,32,40,64,47,62,52,85,21,65,36,42,24,23,65,69,50,151,45,41,51,90,89,53,25,45,57,59,89,53,57,73,66,20,48
"gene_1257",387,626,650,404,563,483,347,399,457,258,230,745,596,632,870,539,687,341,545,443,917,1029,715,1136,384,682,950,548,754,885,1037,609,1540,712,1172,675,526,864,957,985,707,616,569,804,769,769,787,366,478,467,512,478,680,428,415,494,345,569,488,301
"gene_1258",172,297,96,68,135,141,104,56,175,59,50,46,127,65,49,62,59,57,48,50,130,167,96,192,188,329,146,57,143,211,93,43,105,41,86,84,66,54,117,99,253,150,393,183,245,209,262,89,262,108,57,70,68,42,81,93,75,89,64,96
"gene_1259",9,17,22,26,24,22,10,17,19,12,7,29,32,6,8,27,27,26,19,5,5,7,8,19,9,16,25,15,8,30,31,7,12,36,25,35,19,31,10,1,15,13,27,15,18,25,6,18,17,36,17,8,6,12,11,23,26,21,10,15
"gene_1260",8170,7360,5391,3751,3162,6127,5136,3380,6034,3040,3600,5532,3959,4320,3256,3601,4854,3273,2630,1956,5963,9561,5046,8849,9088,9697,9210,4434,7245,9497,5766,5126,5350,3708,6232,4892,3834,4936,5976,9167,5262,4966,10584,4732,7077,5606,6583,8662,3235,8139,3815,2540,3278,3149,3811,3300,5039,3709,3574,6671
"gene_1261",6,13,25,10,6,18,2,23,9,8,9,9,12,9,7,20,62,13,5,8,24,12,19,3,21,2,16,17,13,25,3,26,30,21,20,14,3,1,30,37,17,18,8,6,19,19,17,15,30,9,14,7,13,19,7,0,9,1,7,52
"gene_1262",355,569,212,284,175,390,157,266,244,257,228,230,317,234,256,195,322,305,265,217,195,282,227,146,360,433,229,254,199,290,294,245,420,259,331,203,319,416,451,213,309,433,310,423,311,187,388,175,180,483,174,152,211,238,208,194,272,287,223,299
"gene_1263",110,120,142,92,65,85,77,74,116,81,57,40,68,56,42,48,64,36,47,32,99,72,161,206,161,158,67,103,123,234,89,30,43,42,61,51,39,62,91,96,137,115,168,150,159,176,125,138,75,143,69,38,42,61,69,28,43,51,58,62
"gene_1264",774,716,1407,310,991,581,329,433,466,604,323,782,778,435,529,498,704,467,897,435,848,991,763,1282,956,1580,986,663,704,980,848,1325,1267,652,1549,889,877,1327,1116,714,676,490,676,612,1136,935,692,781,1230,888,787,591,626,556,503,452,606,833,464,745
"gene_1265",51,162,53,56,47,61,23,29,28,29,26,37,77,39,34,55,67,18,48,50,49,43,34,81,43,22,60,30,53,61,47,29,79,18,46,26,33,63,22,33,67,19,90,119,96,37,74,36,39,61,35,22,47,20,44,32,91,23,32,59
"gene_1266",56,41,136,109,80,54,48,33,97,96,83,81,82,46,48,80,124,63,71,87,59,111,48,82,58,58,76,94,56,39,23,51,99,48,69,50,37,128,78,32,53,54,69,93,65,33,66,39,40,21,37,31,41,36,43,60,67,67,36,51
"gene_1267",3649,6614,3104,2034,3380,2159,1392,1474,2627,1823,1151,2620,2851,1355,2422,2462,1672,2645,1688,2002,2221,4189,3309,3096,3540,3367,5471,3352,2164,4662,1973,3890,2134,3271,2357,2560,2194,2788,4712,3377,1800,2696,3691,5329,2255,2802,2764,2868,1954,3705,2857,1548,1904,2161,1841,1309,1995,1644,1397,3796
"gene_1268",1000,1560,1512,648,1135,649,768,836,668,661,680,1109,1138,757,781,598,1294,802,1194,744,852,1491,949,855,936,1360,877,746,923,1109,791,870,1184,535,1180,824,846,623,1171,939,1108,605,767,793,909,754,931,524,632,470,530,365,667,277,508,312,863,493,799,598
"gene_1269",57,134,48,34,44,60,46,73,76,52,15,18,11,10,20,16,18,13,36,13,61,135,40,55,114,83,56,73,89,137,38,22,20,6,27,13,15,26,32,16,100,70,60,58,41,65,109,41,23,75,8,5,4,3,5,7,9,18,10,10
"gene_1270",42,99,112,47,47,57,19,25,62,18,21,41,56,32,48,68,62,50,50,15,17,116,86,109,42,40,60,60,59,96,89,97,79,59,111,121,75,102,66,51,52,116,115,82,130,29,133,30,87,52,33,37,142,86,87,80,102,51,105,152
"gene_1271",117,148,59,184,157,112,88,97,106,126,90,178,125,110,90,145,126,79,83,66,168,193,152,194,172,286,201,151,116,293,95,112,235,220,206,215,168,166,270,294,84,54,66,86,132,85,60,93,46,73,67,38,75,33,100,76,81,88,74,75
"gene_1272",191,100,120,61,99,74,127,146,89,57,39,77,78,69,66,90,45,60,58,130,57,123,72,59,103,122,110,56,82,72,87,74,105,130,132,84,70,56,137,130,157,110,278,73,155,138,176,133,69,208,106,71,154,71,126,94,169,187,145,90
"gene_1273",5752,8086,5038,3696,6683,3943,4974,4600,3894,3778,3784,7753,7663,4217,3579,7014,5288,3017,4281,3447,3622,3596,4509,4813,3561,5517,5591,2135,2403,3882,3194,4922,4131,3933,5149,2270,2944,3783,3440,3334,3789,5252,7210,6552,5180,5390,5838,4640,3275,9687,5698,3798,4416,3205,6068,1988,3115,4134,5677,4998
"gene_1274",790,1094,917,653,613,724,425,470,456,371,405,390,635,386,272,452,927,400,741,247,362,896,806,612,826,461,857,494,469,985,667,793,608,700,909,585,355,652,836,635,553,398,675,1001,570,515,713,559,560,499,440,299,358,260,421,251,476,411,332,427
"gene_1275",292,836,421,196,263,335,208,391,413,305,291,224,294,213,240,297,220,213,456,302,286,277,285,414,416,518,312,424,245,362,537,246,304,297,266,203,167,249,361,299,532,474,590,229,457,389,675,546,230,459,323,404,300,452,165,219,353,490,470,494
"gene_1276",51,108,104,92,105,94,46,25,137,67,81,113,103,73,49,58,104,56,144,90,66,63,75,83,143,115,122,45,95,55,105,36,120,63,53,63,56,107,91,82,104,30,111,53,42,90,55,82,43,55,46,45,63,62,64,54,81,52,68,95
"gene_1277",102,213,115,52,97,51,63,97,74,45,73,144,74,83,59,66,84,49,110,125,59,34,66,86,53,114,158,21,99,111,111,74,75,45,56,92,66,102,90,60,65,112,122,103,82,76,67,57,49,77,74,37,55,30,62,39,100,69,31,114
"gene_1278",1699,1623,1559,1669,784,1162,936,835,670,559,737,1326,1024,1226,1007,1344,898,595,815,513,1276,1225,1302,1277,1674,1455,1328,795,1334,1125,1133,1070,1185,1489,882,947,867,675,1686,655,2606,1030,2068,1721,1619,1758,1375,1222,718,1727,1195,1278,1197,934,1599,738,1528,1368,961,1178
"gene_1279",180,292,221,201,163,73,97,104,208,130,23,55,55,44,45,46,67,22,60,49,180,226,145,138,272,157,347,94,155,221,55,56,43,48,59,37,48,22,70,19,227,174,134,160,137,130,168,143,90,161,42,35,43,29,36,33,55,26,39,53
"gene_1280",55,94,60,56,34,43,58,37,31,18,41,63,16,38,47,72,52,29,43,17,65,35,63,25,44,41,55,20,42,37,16,46,51,51,49,37,24,60,25,31,12,12,38,11,27,23,20,20,11,55,12,5,22,9,9,12,33,15,25,24
"gene_1281",9,80,17,12,20,33,37,3,10,33,11,22,15,4,13,7,3,13,20,17,27,42,36,6,17,10,46,17,33,37,20,25,36,10,10,4,21,17,37,21,15,17,17,27,6,21,3,1,12,16,6,3,4,41,1,3,16,8,18,22
"gene_1282",33,38,77,57,41,49,38,32,14,16,36,60,28,47,42,41,74,37,54,29,12,58,41,51,51,68,101,36,27,50,30,56,11,60,53,24,14,15,67,25,48,43,39,35,107,51,39,43,27,58,46,33,64,15,52,21,94,50,57,37
"gene_1283",42,99,94,105,66,81,43,81,75,72,39,81,97,138,59,80,64,59,61,65,60,96,102,178,76,77,104,106,70,72,45,55,132,97,94,60,59,32,161,66,119,66,139,95,79,183,81,136,75,115,61,74,123,66,97,130,124,43,51,82
"gene_1284",2,5,1,1,1,4,1,6,8,0,8,2,2,10,1,11,8,7,7,2,7,1,5,8,10,12,5,12,6,2,4,0,1,2,9,0,1,3,3,14,4,1,11,6,4,3,2,5,3,11,64,7,8,2,1,0,5,1,18,2
"gene_1285",232,268,282,114,58,146,91,85,104,120,70,148,120,70,93,118,66,86,74,105,62,157,89,88,133,146,150,54,57,83,34,82,97,81,90,72,37,86,89,101,123,99,183,95,109,100,108,73,94,160,48,47,76,67,87,49,76,69,47,131
"gene_1286",673,1249,1117,414,545,495,264,613,814,242,369,530,946,408,482,731,566,382,603,408,519,466,325,540,461,794,634,429,429,637,248,261,647,561,663,248,307,495,552,481,802,673,1119,1249,1054,497,1147,689,800,555,581,652,550,559,595,643,877,726,468,808
"gene_1287",2,5,5,7,3,5,2,20,4,0,2,99,20,38,30,1,13,1,105,6,4,17,20,9,2,6,2,6,5,10,1,60,84,27,42,10,28,16,39,7,5,9,5,4,1,14,4,3,16,1,106,14,46,13,60,9,9,27,9,16
"gene_1288",8,55,14,14,20,34,11,12,17,5,15,8,36,43,18,8,35,32,11,24,30,4,12,33,6,29,14,31,46,11,20,4,15,16,7,22,12,25,9,18,20,18,20,18,18,25,53,10,15,35,21,8,16,23,11,41,4,12,16,28
"gene_1289",4,3,3,0,7,22,0,1,1,2,4,6,3,1,2,2,5,4,7,2,8,15,4,2,1,5,2,7,10,1,0,0,1,0,0,3,1,1,15,4,1,4,17,3,16,2,11,9,8,2,0,1,0,3,10,4,1,11,5,6
"gene_1290",52,84,101,47,97,42,35,62,80,38,10,12,19,5,29,24,10,10,13,13,86,61,33,80,110,107,47,39,69,87,12,20,16,28,10,12,22,3,24,15,38,84,117,118,64,86,78,38,72,66,10,10,34,14,9,10,31,15,14,16
"gene_1291",394,531,546,511,552,354,269,414,222,259,337,749,770,420,645,535,603,745,716,406,204,422,414,565,680,339,549,204,611,518,648,793,741,367,680,611,537,764,623,554,494,304,431,318,475,431,515,336,236,488,549,298,362,417,425,347,714,268,607,646
"gene_1292",370,518,412,193,166,176,92,174,205,85,204,260,302,164,192,136,265,143,192,212,210,282,207,211,220,154,339,220,106,371,193,224,366,171,323,145,252,181,323,368,245,202,585,292,244,291,412,320,180,218,220,206,225,159,195,305,201,305,345,342
"gene_1293",48,123,96,25,48,32,49,67,43,25,31,73,58,55,57,83,32,42,106,33,60,25,63,99,111,158,160,62,72,150,94,76,46,79,72,75,60,108,77,91,59,46,66,71,18,67,73,75,27,65,32,33,36,17,14,21,58,66,40,66
"gene_1294",10,32,10,3,1,27,11,17,7,25,8,5,9,10,14,8,14,22,24,28,6,24,3,5,18,14,15,7,25,10,21,6,41,16,6,15,37,9,30,9,4,40,50,43,24,9,33,25,19,20,13,8,19,14,16,2,15,5,16,15
"gene_1295",97,125,85,86,45,67,76,100,92,26,92,137,52,79,68,118,107,35,79,46,41,58,73,73,98,88,63,68,62,87,157,70,105,79,88,73,61,110,186,92,134,64,159,58,80,100,95,64,43,78,105,79,75,70,79,43,165,41,56,106
"gene_1296",45,100,86,46,50,58,43,29,86,27,41,94,57,93,63,48,52,37,21,34,24,29,54,64,22,83,97,30,60,55,26,62,109,42,29,42,39,17,112,67,94,54,83,46,99,39,44,37,94,66,75,40,67,30,13,43,44,31,67,36
"gene_1297",672,692,985,440,373,519,460,561,400,288,299,640,630,523,603,829,638,331,745,609,586,942,908,522,834,720,794,686,978,816,611,639,738,633,911,538,549,589,819,867,809,520,869,895,956,650,740,751,1025,809,577,746,1043,381,535,513,677,688,984,1276
"gene_1298",97,65,182,39,51,62,47,31,27,35,42,37,42,31,26,59,50,53,37,16,42,77,46,40,42,88,64,22,48,82,34,22,51,27,36,63,76,39,76,33,36,51,36,56,27,25,34,40,24,55,45,11,23,29,53,28,38,55,40,48
"gene_1299",44,65,16,93,24,38,31,34,34,17,49,79,41,24,23,83,37,8,46,41,36,145,42,72,69,38,65,31,33,67,53,25,73,55,54,61,31,27,70,21,39,25,112,31,61,30,23,35,14,77,34,31,18,20,14,27,66,10,38,12
"gene_1300",7300,8040,6699,5717,4781,4671,4330,3149,4921,3155,5688,7833,9231,4621,4845,8430,7358,3736,8809,6847,4171,7740,5671,5421,6037,8785,6699,4209,6436,6688,4198,8089,9501,7517,7411,10343,4314,7162,10958,5303,6393,4685,7378,4623,4987,3598,5758,4526,4172,5388,5166,3836,5633,6629,7413,3637,8592,4727,5004,7700
"gene_1301",244,381,242,112,284,164,131,133,92,150,88,109,215,193,152,114,145,117,243,161,145,224,221,159,261,192,213,82,103,140,283,125,364,260,121,192,228,158,147,249,205,139,260,164,153,182,172,120,179,143,219,140,233,129,140,123,267,313,155,295
"gene_1302",10,10,11,20,4,4,1,3,11,2,2,0,15,4,8,7,5,5,3,2,4,4,4,14,3,6,11,15,10,6,11,3,11,10,10,10,2,8,0,0,12,11,6,1,5,1,2,0,8,0,7,3,2,0,7,0,8,1,4,1
"gene_1303",1,12,2,0,0,1,6,23,4,5,1,0,19,1,2,10,9,1,8,0,1,10,8,0,0,1,14,9,7,7,4,10,10,0,1,1,3,7,11,0,6,3,1,3,3,15,0,2,3,3,6,4,6,4,8,2,2,12,1,3
"gene_1304",20,22,21,45,13,16,15,12,9,4,7,26,17,8,33,14,7,23,14,37,20,6,17,37,33,21,16,4,11,45,38,20,23,17,12,6,30,5,10,2,25,21,8,10,17,20,6,9,21,15,13,19,22,26,2,4,6,12,17,14
"gene_1305",2,9,29,12,5,15,1,3,9,7,9,16,4,0,1,8,7,4,4,5,7,16,17,11,32,29,1,17,16,7,9,14,19,8,32,13,4,25,23,44,13,3,6,18,16,11,25,24,5,25,7,1,44,14,20,8,34,14,14,20
"gene_1306",215,371,317,111,84,131,96,125,185,108,176,242,380,141,113,238,164,209,163,221,135,98,79,112,120,207,125,150,102,112,257,168,136,165,222,135,113,151,213,170,119,125,180,97,153,169,187,93,121,122,156,128,114,86,76,121,190,79,162,134
"gene_1307",751,703,705,515,318,622,539,455,568,310,394,466,761,646,722,675,568,404,820,399,618,534,608,739,828,865,1027,378,548,834,459,751,722,401,960,751,525,396,896,754,637,544,191,441,330,370,602,452,248,273,226,368,547,295,348,228,624,372,245,469
"gene_1308",18,29,41,31,7,23,19,5,9,2,5,36,26,22,51,15,59,14,20,10,18,49,15,77,33,39,24,8,70,68,44,13,20,49,32,29,15,16,11,37,27,19,22,21,15,21,8,6,9,7,8,21,10,14,3,10,27,5,19,17
"gene_1309",34,146,49,61,51,60,17,30,32,41,62,51,71,93,15,125,56,41,74,60,26,75,80,74,43,36,112,76,27,47,69,73,74,120,146,92,73,103,144,73,76,85,84,62,112,68,53,27,36,36,62,54,40,68,30,37,54,39,19,97
"gene_1310",113,207,242,172,87,144,70,80,129,76,34,112,122,119,126,118,115,86,135,80,94,118,136,182,80,84,192,75,142,169,49,115,170,117,94,135,85,141,190,92,136,131,195,94,76,133,128,92,108,121,90,72,101,75,93,49,100,43,96,71
"gene_1311",121,578,398,231,137,221,125,160,249,206,176,237,302,188,227,294,344,207,185,194,165,181,119,200,313,211,300,162,191,106,145,99,173,189,254,107,128,183,205,115,272,141,332,335,331,269,221,154,226,275,210,197,161,189,203,90,178,169,153,94
"gene_1312",320,271,575,253,340,349,252,352,216,193,221,505,452,343,218,310,292,317,245,249,229,324,396,366,380,327,410,184,391,420,362,343,730,329,269,393,324,264,494,375,700,228,487,566,406,605,746,676,261,378,456,315,419,487,451,545,631,911,352,537
"gene_1313",887,782,955,691,743,477,414,484,655,482,660,693,675,1073,384,892,996,414,832,1103,789,645,619,739,788,725,831,503,613,585,1155,931,1344,749,679,980,733,986,1193,824,667,900,1215,653,597,995,1052,741,708,1294,1774,732,1118,613,780,694,1346,851,738,1482
"gene_1314",1229,1824,1218,1022,1093,939,812,939,1523,686,1149,1773,1843,1206,1192,1671,1771,1121,1393,958,1973,3371,2439,2086,2058,2738,1802,1718,1732,2373,1725,1459,2024,1686,3479,2101,2070,1511,2313,2054,1892,1140,1002,1680,1546,1410,1368,1006,1825,2030,1209,945,1201,979,1114,1075,1786,1605,1031,1921
"gene_1315",1388,1125,836,878,713,1071,700,697,805,603,854,1105,919,462,680,1046,844,608,989,633,1642,2480,1268,1231,1080,2163,1707,1258,1200,914,1281,1134,1544,1426,1852,1134,1330,1414,2130,951,1279,1224,1190,1274,940,1420,1016,936,1117,2203,628,645,862,991,880,788,1647,841,1031,1051
"gene_1316",71,75,81,53,18,30,40,65,24,51,14,65,90,32,66,34,26,42,39,51,26,82,17,15,24,38,56,49,42,53,28,20,48,15,28,19,17,40,36,20,43,43,36,23,67,39,33,37,11,66,54,15,36,19,20,16,17,19,13,41
"gene_1317",68,27,121,74,27,40,42,32,28,49,22,21,47,7,25,21,46,30,33,27,43,87,47,56,50,106,78,34,41,56,12,39,43,44,38,52,57,19,105,34,52,81,99,39,25,57,100,60,34,76,32,26,23,30,10,21,27,30,28,6
"gene_1318",6,18,19,29,25,2,10,4,2,5,4,4,24,13,7,9,12,1,1,1,33,20,5,11,11,22,18,8,8,4,14,4,5,6,4,5,7,19,5,9,10,18,53,6,13,32,17,14,17,15,4,0,4,1,4,29,17,11,23,8
"gene_1319",149,482,268,351,265,129,216,189,332,117,125,182,164,118,126,217,292,212,225,100,362,225,277,271,358,332,526,188,264,333,227,270,377,394,258,236,278,244,355,276,200,160,238,172,118,96,123,114,112,170,98,128,135,85,105,99,150,139,120,110
"gene_1320",15,1,11,27,12,0,4,14,5,0,3,13,11,11,4,4,2,7,42,3,9,17,7,8,3,43,4,13,2,13,4,13,16,28,7,5,4,44,46,4,19,6,7,5,0,8,2,6,13,0,2,8,15,0,10,23,1,27,17,5
"gene_1321",890,758,896,642,432,694,365,647,598,412,381,991,944,541,536,955,774,564,653,525,588,577,527,808,539,660,843,423,736,427,618,476,747,605,760,412,360,418,771,737,633,823,745,808,454,530,661,740,481,673,769,261,623,522,344,418,766,557,531,847
"gene_1322",14,74,51,26,10,37,10,24,16,14,7,35,28,8,23,3,22,5,11,11,10,28,21,29,19,42,27,22,20,29,23,13,6,22,32,16,20,16,11,16,10,13,41,22,12,25,52,38,4,5,21,16,11,13,5,4,30,13,13,32
"gene_1323",54,61,94,67,75,40,38,52,29,23,36,58,47,44,27,15,46,70,104,39,27,124,48,26,77,70,55,24,65,54,54,21,148,52,92,43,65,63,68,102,35,43,66,36,19,30,64,54,38,35,39,11,38,41,47,26,21,31,26,44
"gene_1324",76,172,146,86,77,84,90,67,90,88,90,143,83,65,137,92,118,111,61,131,33,115,35,69,58,116,149,91,53,105,89,56,53,84,120,54,48,55,74,63,135,130,248,124,171,181,179,70,135,141,123,37,151,87,99,137,93,45,91,176
"gene_1325",84,84,185,121,99,55,54,96,68,40,311,391,418,246,162,425,262,372,353,170,86,133,76,84,129,110,128,118,52,79,459,186,509,298,451,531,286,161,469,396,116,114,110,36,84,160,75,109,56,204,194,248,151,506,222,222,343,292,380,264
"gene_1326",381,536,658,130,213,232,171,209,261,153,84,173,172,147,147,150,127,99,146,107,198,224,183,205,268,284,397,269,262,219,130,133,149,77,163,119,91,86,174,93,383,197,142,282,286,312,229,179,152,201,111,79,88,71,116,77,109,96,89,222
"gene_1327",32,21,18,8,19,14,10,27,10,31,27,37,33,17,74,126,46,90,58,71,20,14,21,10,18,21,45,14,17,5,121,48,60,52,87,81,55,83,86,25,46,24,18,51,1,7,7,21,4,13,74,33,20,65,142,26,44,23,96,45
"gene_1328",60,80,60,32,32,20,29,37,26,26,10,54,33,35,37,61,24,38,24,15,33,49,29,10,39,32,51,34,16,34,63,27,77,60,78,42,28,13,56,41,61,41,74,73,27,50,41,31,28,47,24,37,19,52,27,19,20,37,26,13
"gene_1329",40,57,53,44,23,7,21,35,41,21,42,101,50,58,64,38,35,23,33,22,65,123,50,86,65,81,21,28,50,83,80,31,80,59,54,60,63,26,22,47,73,59,52,61,56,34,58,49,53,87,38,44,26,11,49,49,50,27,13,13
"gene_1330",2,1,36,18,9,1,17,6,5,2,1,13,0,9,5,2,2,2,5,0,1,3,15,7,16,3,0,19,1,43,1,3,5,9,3,7,5,0,0,8,18,5,3,2,9,24,0,1,1,4,3,6,0,1,7,0,10,1,2,20
"gene_1331",180,138,235,104,155,102,74,82,113,127,66,87,136,88,54,57,135,74,85,56,57,172,58,101,90,75,141,68,128,94,45,56,86,58,87,75,108,38,63,96,61,141,159,47,58,129,115,73,74,153,58,71,67,64,57,56,40,83,47,85
"gene_1332",536,735,403,437,417,440,350,206,345,255,228,698,605,448,203,435,573,419,520,338,427,417,351,582,856,677,542,244,352,641,334,695,529,629,489,591,341,434,531,413,777,404,812,360,603,590,757,466,294,578,460,377,370,502,421,387,502,577,627,842
"gene_1333",485,614,978,713,575,562,422,293,342,276,272,889,733,422,558,628,624,405,449,503,301,679,330,438,367,591,564,443,334,541,581,447,678,687,502,441,357,445,572,453,811,441,583,645,591,604,616,448,350,857,543,340,543,425,489,286,615,327,510,604
"gene_1334",1150,1425,1152,1008,1216,894,976,887,600,627,1004,800,1111,1094,714,907,1178,631,1491,746,923,949,1092,1240,1326,1699,1662,1207,978,1247,1362,738,1444,711,1711,895,624,1565,2094,1066,826,419,796,615,938,405,580,342,712,494,604,405,571,318,510,413,715,630,776,684
"gene_1335",80,129,172,24,80,81,48,53,85,63,73,83,131,102,110,51,95,72,102,84,22,74,67,36,42,49,80,38,51,88,43,87,71,42,93,30,96,127,130,158,72,91,76,41,39,127,59,81,75,72,136,63,81,113,78,86,101,79,175,94
"gene_1336",298,472,470,209,290,131,136,189,281,138,117,331,571,247,243,228,262,147,299,246,250,284,234,192,288,315,222,216,156,218,375,167,209,347,288,147,287,459,240,180,162,126,191,252,238,271,269,132,177,260,111,147,133,142,238,156,223,131,122,347
"gene_1337",63,123,94,33,79,72,33,66,19,37,74,93,82,26,95,61,71,70,43,25,51,137,30,59,86,68,58,42,38,57,30,107,41,82,77,21,28,54,84,37,76,91,77,53,79,101,160,89,28,46,54,23,79,62,31,59,42,39,43,130
"gene_1338",370,568,557,449,520,678,241,307,434,214,448,608,411,182,384,445,402,346,348,420,314,533,264,492,417,323,560,258,339,318,436,256,330,502,355,413,353,492,636,644,748,518,441,449,646,733,612,378,380,706,272,390,753,513,549,349,713,540,717,437
"gene_1339",10,11,42,16,5,18,16,14,28,21,22,78,139,41,63,29,21,18,19,22,24,14,13,9,4,26,30,18,17,52,20,16,32,23,28,100,15,20,71,26,58,9,41,26,6,8,39,14,13,66,34,27,47,42,21,20,19,46,47,38
"gene_1340",23,29,40,30,11,23,27,11,33,17,17,18,86,37,48,31,34,35,15,15,17,26,46,17,55,33,19,10,40,36,26,20,29,45,23,14,19,19,13,46,67,23,34,36,20,47,25,27,37,25,2,36,31,18,22,10,15,18,18,11
"gene_1341",23,32,40,27,13,39,20,62,33,51,53,84,67,26,12,14,48,9,20,21,29,62,31,20,9,41,28,27,44,26,18,41,46,30,61,18,25,26,62,7,52,16,35,34,27,102,47,8,35,42,45,67,52,51,35,36,59,30,26,30
"gene_1342",1104,1751,1642,1700,689,730,533,707,1024,330,780,993,1269,884,625,1281,783,931,935,880,1262,1262,1124,1180,1120,1484,1139,592,1128,1284,970,399,1778,1192,944,1059,1265,964,1174,956,1410,1110,2813,1391,1724,1744,1840,1649,1282,844,840,1379,1396,879,1406,710,1274,1509,1249,1429
"gene_1343",41,25,70,33,59,80,18,32,57,34,23,38,59,19,44,47,28,11,13,7,19,47,28,34,30,26,24,29,36,36,13,27,24,11,24,31,12,24,44,16,11,12,46,70,8,27,15,18,27,35,11,15,9,11,13,12,31,5,34,20
"gene_1344",19,52,7,13,15,37,19,18,24,8,27,28,29,40,33,26,40,24,18,42,8,27,25,17,30,31,54,11,16,26,46,12,42,1,18,35,30,33,26,25,11,7,15,25,1,7,15,11,26,16,42,16,31,9,23,21,28,14,32,35
"gene_1345",156,90,94,74,48,94,25,48,87,27,33,150,70,89,51,112,63,77,79,22,42,80,48,62,62,65,55,72,31,60,92,53,62,32,74,47,45,72,111,47,55,65,59,87,99,52,88,68,42,76,97,42,31,65,74,59,50,68,23,107
"gene_1346",25,59,24,14,18,32,13,13,33,29,22,28,27,15,17,51,13,19,15,27,25,27,29,23,124,57,51,18,43,34,22,25,34,37,38,11,27,21,68,26,19,18,49,19,40,24,34,25,18,15,12,12,18,19,8,14,11,14,10,15
"gene_1347",38,48,36,28,25,20,30,18,23,0,13,33,34,51,13,28,40,60,48,22,31,12,14,7,26,23,65,39,8,29,17,12,24,34,14,41,27,25,13,33,12,39,8,33,15,25,41,25,17,78,56,6,24,20,26,21,39,26,27,20
"gene_1348",42,42,11,29,46,27,29,26,22,11,33,90,58,32,29,20,29,43,17,21,16,44,12,46,66,52,40,14,27,35,19,25,36,27,26,39,65,25,42,39,37,41,92,19,14,39,16,43,25,59,30,29,37,16,54,12,32,26,18,28
"gene_1349",923,990,702,667,405,577,343,282,489,332,418,692,914,442,372,496,626,651,483,342,305,695,619,785,566,696,623,355,348,480,430,435,459,483,610,495,412,210,770,417,453,555,766,704,464,517,691,453,354,753,327,360,401,315,353,401,497,488,393,885
"gene_1350",288,245,244,176,308,253,170,170,289,132,219,165,287,267,300,323,258,171,284,139,179,73,159,314,291,174,255,174,259,240,278,111,326,206,302,315,67,180,216,305,188,293,308,207,263,303,203,195,202,203,209,88,191,140,216,129,343,179,147,225
"gene_1351",1569,2644,1408,1283,1059,1475,1443,1128,982,578,982,1426,1966,1591,687,1614,2917,1602,2178,911,967,1433,1293,1571,1362,2022,1330,1051,737,1307,1273,1884,1428,1909,2101,1545,1347,954,2049,984,1551,1724,1556,1437,1277,1517,1526,1241,1294,1427,1292,1491,1015,1014,1175,1135,1513,778,777,1358
"gene_1352",1481,1767,2171,2088,1178,2044,1357,1170,2418,980,2245,3143,2537,1956,1398,2042,2865,1950,1624,1674,2378,4189,1270,1828,2929,2356,2925,1705,1418,1793,2867,1838,3586,2093,2592,1794,1978,2479,4074,2807,2253,1926,2542,2354,1950,2113,2164,1957,1223,1605,1847,1487,1814,1310,2101,1339,3062,3173,1778,1832
"gene_1353",94,194,151,91,48,133,72,48,55,53,21,50,102,73,65,32,47,74,34,66,89,185,111,98,37,132,103,73,60,94,74,56,102,82,112,78,59,73,53,92,74,86,119,113,89,115,79,36,59,101,36,31,65,51,39,60,54,98,42,77
"gene_1354",3315,3848,2403,2861,2549,3682,1568,2301,2220,2108,1090,2125,3830,1500,2538,2255,1947,1488,2024,2012,2093,2801,2931,2192,4245,2978,3539,1751,2614,3264,2858,1500,1655,2067,1706,1933,1448,2089,3810,3495,2756,2238,2643,2338,2802,2536,2683,2442,1966,2624,3399,1637,1876,1907,2122,1653,1471,2942,2035,2545
"gene_1355",37,56,31,23,31,33,9,7,48,6,16,32,20,13,33,19,42,33,12,12,7,26,24,18,56,48,32,11,15,21,12,31,29,58,15,14,15,29,46,19,34,12,42,6,11,15,18,6,18,1,6,10,15,18,27,16,12,10,6,18
"gene_1356",92,68,65,75,61,79,36,48,38,38,35,93,126,51,44,59,56,48,53,36,38,46,44,51,69,52,51,35,27,71,42,31,24,22,20,41,24,34,57,27,47,38,86,57,49,38,46,28,32,47,52,35,32,37,32,31,14,45,45,55
"gene_1357",612,730,512,367,387,340,284,230,334,204,241,304,453,368,479,272,323,341,365,325,157,285,265,438,311,494,435,266,336,297,275,176,233,267,326,236,196,435,367,453,254,355,568,341,257,331,405,289,364,374,263,228,308,327,299,211,413,186,237,322
"gene_1358",7,13,30,16,23,6,4,10,0,10,4,7,29,26,32,18,10,9,21,26,4,12,2,21,23,5,17,26,11,9,20,14,5,19,8,28,45,17,10,12,51,21,30,23,22,11,20,28,4,20,29,6,21,25,25,13,52,11,9,20
"gene_1359",1446,1295,1445,1163,556,928,739,650,790,653,587,1255,1258,1058,714,1298,1201,764,1518,663,654,1176,532,688,654,746,821,454,527,718,667,479,934,443,1203,431,560,941,724,447,1011,622,1032,767,920,552,1123,576,754,704,654,682,591,584,663,435,907,761,777,1117
"gene_1360",741,1047,810,344,467,652,591,449,584,253,389,624,1011,543,538,523,606,442,578,357,361,462,367,475,288,624,600,304,364,454,263,472,396,280,607,391,398,279,626,385,580,714,506,779,752,861,759,597,360,817,652,550,458,581,359,511,778,579,575,743
"gene_1361",13,9,56,44,5,7,3,14,18,4,17,8,19,8,12,11,9,15,13,8,21,26,36,12,7,5,25,9,9,19,9,11,51,59,23,2,17,8,24,29,4,14,22,25,23,44,5,7,9,10,22,13,11,2,8,14,9,50,11,8
"gene_1362",25,25,12,19,21,7,36,15,11,4,4,15,4,14,36,40,17,72,5,15,17,8,14,20,21,26,15,29,15,14,14,16,27,12,18,9,14,21,16,18,25,18,35,13,1,9,14,55,1,19,8,1,11,14,7,34,4,8,16,39
"gene_1363",2,46,3,6,10,14,1,13,17,2,5,9,17,9,3,37,3,33,2,2,10,2,0,17,17,11,13,3,6,12,6,6,6,5,16,2,11,22,24,13,2,2,7,2,7,5,1,4,9,14,6,2,6,4,3,1,3,2,2,3
"gene_1364",19,65,21,29,17,27,15,28,22,27,20,31,25,15,15,17,20,1,29,12,10,28,38,26,14,62,41,25,13,14,28,11,18,10,37,24,4,22,20,12,17,8,61,17,64,32,50,25,61,20,52,26,31,21,12,35,42,32,16,12
"gene_1365",550,802,480,371,356,375,357,383,368,246,254,466,533,440,318,680,450,355,333,286,446,340,247,382,222,470,201,232,361,383,287,312,462,385,324,351,377,308,413,235,713,244,464,282,489,394,436,217,150,439,361,272,351,265,522,261,495,540,209,425
"gene_1366",48,111,89,64,132,49,39,41,63,43,55,56,66,86,46,67,132,32,56,95,67,157,30,38,69,73,74,34,37,52,52,65,136,39,66,79,50,90,107,30,105,51,83,96,94,63,71,65,61,57,77,81,130,51,49,26,118,89,81,98
"gene_1367",34,55,55,70,77,25,24,42,131,25,41,94,67,53,48,84,70,33,69,38,60,104,44,89,45,99,98,77,58,50,64,50,53,64,43,60,15,128,108,121,45,41,34,45,48,57,34,117,33,73,50,48,73,21,31,31,46,75,21,82
"gene_1368",1466,1884,1907,1433,1433,1313,1067,1531,1189,886,528,1965,2163,1771,1619,2235,1387,1713,2359,934,1560,1399,1067,940,2001,1104,1645,982,1156,1231,2038,1586,1873,1160,1808,1849,1485,1563,1974,1406,2537,1397,3052,1457,2864,2751,2073,2332,752,1429,1412,1060,1122,1777,1269,1061,1109,1588,1391,2706
"gene_1369",54,77,55,101,25,43,65,27,43,25,48,91,119,72,70,26,47,24,44,40,68,71,53,97,59,63,122,28,85,40,94,28,102,101,113,87,32,43,79,72,75,27,61,30,57,33,51,36,45,41,54,64,43,34,24,40,83,43,63,20
"gene_1370",396,484,491,432,392,426,292,474,447,190,88,463,306,201,186,253,240,268,260,228,628,492,359,691,549,697,645,586,702,730,610,505,1029,478,661,456,379,403,503,423,436,250,627,434,444,574,400,374,290,515,264,307,303,291,211,166,323,264,273,504
"gene_1371",217,195,203,218,167,165,211,158,185,99,137,108,173,151,111,237,290,160,256,143,90,203,148,131,71,192,210,76,101,155,74,91,155,149,175,116,131,123,153,72,259,237,234,311,301,189,128,155,189,237,236,114,184,157,137,118,176,71,159,242
"gene_1372",4593,5011,6179,2857,3285,3159,2817,3813,3456,2768,3113,4690,5421,3238,2719,4189,4433,3336,1802,2031,3869,5357,3892,3750,4817,2990,3887,4122,1897,3911,4000,2681,3633,3771,3638,3257,3181,5421,3467,2729,3839,4309,5363,4842,4629,4358,4089,2626,1939,4624,4242,3450,3742,3705,4922,2454,4049,3762,3176,3575
"gene_1373",27,35,49,36,21,13,27,12,24,7,7,13,25,16,17,37,19,31,47,32,18,19,11,33,14,55,13,12,35,12,15,36,22,21,34,16,49,37,22,13,27,47,24,17,21,26,17,27,37,30,22,5,9,6,22,26,47,15,10,41
"gene_1374",500,519,238,202,178,296,184,228,266,211,229,284,320,145,176,196,232,208,275,136,175,404,174,304,225,267,365,240,223,474,241,187,299,202,312,244,355,218,372,361,498,388,329,480,180,533,558,305,344,355,263,175,295,166,233,272,350,187,136,361
"gene_1375",80,32,33,58,54,59,42,23,35,34,34,107,56,21,76,43,66,26,45,60,21,34,24,17,20,31,35,23,44,24,44,40,19,47,50,64,35,50,38,47,84,81,87,65,54,38,46,39,21,2,42,25,85,30,70,46,78,61,60,157
"gene_1376",354,411,586,303,379,282,238,263,253,275,242,368,460,332,161,418,382,290,360,167,333,360,450,327,455,698,537,226,329,453,411,262,599,491,499,435,324,341,284,865,453,196,683,450,240,368,531,217,151,391,248,187,215,322,260,276,252,232,407,355
"gene_1377",1469,1831,2392,1260,709,1004,741,989,1586,1092,1536,905,1734,1110,1554,1235,2081,1937,1824,1123,1437,1544,1459,1699,1391,2311,1536,958,1594,1285,1596,1687,1587,1712,2031,1180,1044,958,907,1195,2017,1262,1807,1421,1865,1062,1812,1337,1029,1411,1301,1013,1267,981,1611,998,2062,1923,1421,1633
"gene_1378",29,63,25,8,9,16,4,8,22,18,0,33,42,1,9,7,18,5,25,6,15,12,11,7,4,20,25,4,3,3,10,16,22,12,6,6,2,13,0,12,3,7,40,26,33,22,4,8,23,18,40,12,8,9,17,13,8,22,10,3
"gene_1379",941,1146,1279,919,668,701,819,645,604,446,559,566,886,845,605,895,822,934,1108,543,666,1062,1246,1278,2016,1681,1154,1162,1201,1289,1600,1987,1661,1223,1671,796,630,951,1835,1730,670,573,840,662,525,680,637,426,333,570,386,432,508,344,460,372,711,684,571,759
"gene_1380",498,308,443,164,317,136,223,239,276,221,271,202,506,414,277,574,559,378,399,552,199,322,323,214,219,344,416,247,196,246,296,257,345,250,361,286,241,238,418,222,546,268,542,448,382,413,212,393,258,259,482,308,413,207,342,198,400,584,378,381
"gene_1381",197,236,172,180,260,101,130,194,143,140,118,150,187,251,185,255,148,152,288,174,131,254,165,263,207,255,138,209,143,156,246,145,199,165,196,147,225,206,115,216,178,95,171,147,171,179,203,172,135,141,94,68,172,73,67,58,178,89,118,161
"gene_1382",7155,5556,6709,4676,4571,4830,3758,4078,4338,3820,2908,4721,9113,4369,3563,6569,6300,3233,6486,4468,6486,5856,5474,4422,4259,8101,6878,4853,4345,6566,5349,5077,6151,7293,5228,5355,2381,4822,8002,6299,5666,3052,4227,4206,3866,4122,4443,5696,2940,4057,4764,2192,4167,3373,3597,3087,5471,3055,2994,4692
"gene_1383",15,41,31,33,5,29,4,5,20,10,9,17,38,22,11,31,12,12,31,5,10,22,39,12,19,20,11,19,19,60,47,26,10,20,9,28,24,24,26,33,7,20,9,34,25,49,24,6,52,6,38,28,27,28,20,18,27,7,19,25
"gene_1384",6,3,21,14,1,8,3,5,6,3,6,7,36,2,3,17,8,10,24,0,12,10,4,19,24,0,14,6,10,5,22,11,7,5,6,4,17,0,4,14,11,6,6,8,11,3,36,0,1,1,6,8,10,10,2,2,3,17,13,1
"gene_1385",6,30,19,21,42,10,13,25,2,13,20,2,15,15,20,7,39,18,15,12,21,23,22,29,22,31,101,16,17,41,42,27,66,43,14,9,41,28,31,20,21,30,21,17,39,13,69,32,1,15,29,10,23,22,15,17,19,24,5,32
"gene_1386",87,51,76,69,46,43,87,84,39,42,54,74,50,36,74,49,72,55,96,62,41,57,62,68,110,95,61,58,55,80,78,81,135,59,67,44,34,44,82,52,95,49,53,30,39,63,22,29,32,67,40,58,49,16,34,51,61,50,29,26
"gene_1387",107,98,247,174,68,109,36,87,53,91,130,226,134,71,110,259,170,92,175,154,49,126,104,98,93,66,101,34,78,91,140,105,109,95,55,47,94,52,62,98,87,50,113,42,120,38,104,69,70,56,27,74,40,76,76,63,84,67,77,73
"gene_1388",986,1599,1113,874,593,750,464,398,587,348,625,987,1113,643,824,930,895,622,751,652,1003,860,986,1179,746,1467,1419,842,744,1079,737,963,1109,867,1013,900,675,773,1256,735,1189,873,1038,1152,610,1122,1546,1113,563,889,1040,847,671,656,776,585,1196,678,468,915
"gene_1389",5476,6915,7159,4380,7278,5361,3111,4129,5064,2554,3250,5698,9031,5699,4585,5588,4033,5138,5696,5504,8238,10376,9428,10759,10155,7414,13489,4840,9491,8473,7446,12659,12464,8330,7758,10159,11242,8363,18219,6690,3092,2400,3844,2257,2707,3098,2362,2635,1595,2761,2709,1805,2793,2117,2423,1077,3716,3330,2628,3577
"gene_1390",461,567,413,418,373,375,289,287,426,305,232,302,726,396,363,307,360,402,516,239,410,430,314,496,440,636,309,258,539,498,422,417,412,540,372,471,291,267,422,327,416,319,730,208,310,567,501,460,171,602,247,293,483,289,399,189,342,269,279,480
"gene_1391",80,101,205,40,59,64,76,28,33,25,22,115,92,41,51,136,53,60,27,53,15,50,75,30,53,93,17,38,31,63,32,55,66,101,54,59,50,32,47,45,63,50,60,54,64,98,102,72,76,85,89,41,93,34,67,41,86,63,50,67
"gene_1392",5804,6560,6949,3785,1967,3035,3572,4602,2995,3722,3209,3095,4033,2777,3138,3357,4577,2936,4117,3032,3985,5233,3420,4572,5389,4645,6110,3582,4686,4997,4760,4003,4291,3354,6656,3355,2062,3537,4981,4128,5738,4481,4547,5294,5056,3403,4847,4325,3685,3272,3318,1126,4538,2329,3853,3190,2839,3963,2535,3736
"gene_1393",30,23,14,17,21,13,17,17,27,14,4,12,18,7,10,27,16,13,10,13,5,22,12,4,57,8,5,12,2,4,10,15,3,13,24,12,10,39,16,19,25,9,8,50,5,17,29,12,23,8,10,9,0,10,7,7,15,12,23,4
"gene_1394",24,43,68,23,18,46,6,47,34,14,44,37,29,19,34,24,34,12,41,26,20,59,22,28,21,73,108,14,33,121,25,27,36,68,40,30,41,19,37,43,11,56,42,70,29,40,20,49,31,36,51,10,17,28,12,27,23,19,25,22
"gene_1395",35,39,13,14,15,13,12,25,16,29,8,71,37,13,39,29,40,30,53,17,17,48,39,27,52,73,36,32,13,32,59,6,58,13,26,14,32,23,49,44,25,31,20,23,4,21,27,12,27,23,4,18,24,13,5,7,39,75,11,36
"gene_1396",758,1067,1436,735,1101,781,948,814,574,727,650,1238,1017,781,843,1290,748,765,951,852,858,699,826,1161,1547,2027,1867,820,1056,1318,1071,1090,1175,741,1617,1497,1270,1725,2381,949,1703,1241,1385,985,1309,1755,1361,771,842,1251,756,738,698,771,893,705,1271,827,724,1372
"gene_1397",10,9,5,1,4,11,14,13,21,2,4,8,7,20,1,14,6,0,3,2,2,10,0,34,0,8,1,22,4,9,16,27,6,2,9,16,9,3,26,0,32,11,3,1,1,8,2,11,7,7,5,7,5,1,2,1,32,7,1,0
"gene_1398",275,580,679,234,337,266,309,167,346,234,238,435,301,326,226,463,417,154,247,253,189,343,124,245,260,349,355,139,208,328,261,243,204,178,396,229,232,134,220,216,451,354,255,405,306,419,248,272,247,298,275,189,255,287,422,270,442,385,282,837
"gene_1399",5011,3962,7487,4231,3880,4147,2695,2911,4740,3039,1784,3580,4421,3384,3122,2512,4081,3028,3180,2008,3427,4363,2575,3572,3086,5184,3125,2176,2365,3274,2134,2660,5232,2408,3010,2702,4104,2452,3674,2421,3603,2582,6548,4239,2724,2532,2500,2558,3240,3973,2610,3012,1895,2932,2510,2151,2377,1542,2998,2674
"gene_1400",923,1373,1172,1263,1124,1112,604,1384,926,489,438,761,827,529,341,613,783,560,814,562,746,882,1107,627,951,1434,1857,625,605,1183,618,482,690,526,563,429,425,602,830,409,2137,1186,856,986,1165,918,1265,689,643,1184,540,349,563,350,468,222,654,373,327,462
"gene_1401",610,1247,950,511,630,489,439,522,618,432,553,510,659,750,522,768,648,398,752,480,541,799,703,561,681,843,778,413,513,387,410,556,621,307,776,581,219,624,842,604,1043,594,703,654,936,409,927,813,809,941,847,431,361,631,878,562,869,362,766,805
"gene_1402",122,177,107,145,202,66,71,101,77,79,102,174,126,75,124,109,52,43,85,77,105,276,168,132,172,145,216,80,56,122,106,119,183,70,70,112,110,150,153,138,233,104,240,106,118,118,240,67,75,110,56,53,52,54,135,63,70,156,71,73
"gene_1403",8,25,62,19,3,20,11,10,13,9,9,25,16,45,14,13,23,7,16,5,7,40,29,40,7,4,13,21,31,2,6,48,52,19,25,14,38,9,45,19,15,9,19,15,2,14,27,3,12,39,15,4,18,9,6,11,12,57,16,25
"gene_1404",70,88,39,34,49,19,26,51,58,33,56,35,16,40,44,100,24,13,35,20,33,46,24,15,52,21,49,13,4,26,38,23,20,12,33,18,17,42,33,47,38,18,5,16,46,43,10,36,20,33,30,29,37,16,45,37,29,15,26,61
"gene_1405",198,199,256,141,152,94,88,149,105,108,98,122,189,33,68,129,88,66,68,95,82,123,69,96,69,100,104,50,42,86,40,76,44,35,74,57,25,86,76,50,62,116,166,54,104,123,108,105,81,156,76,42,74,43,39,50,120,37,63,79
"gene_1406",818,499,894,466,497,490,382,424,276,391,399,737,614,666,424,625,412,521,638,400,679,620,602,494,965,587,647,510,511,634,719,608,941,602,792,434,560,717,842,677,1111,490,1920,701,480,663,644,706,685,562,724,245,768,428,1152,809,722,840,585,652
"gene_1407",388,743,494,489,525,420,313,201,328,305,374,472,420,175,376,287,488,399,422,268,436,740,595,543,581,342,515,389,464,492,505,423,437,379,440,362,266,344,717,353,829,627,915,571,767,435,677,678,446,910,401,391,736,463,734,640,847,515,583,832
"gene_1408",78,83,37,43,64,40,24,31,49,89,70,65,68,68,65,26,77,59,44,37,67,59,24,58,67,47,61,48,42,87,17,46,57,76,75,26,58,58,67,52,91,28,58,52,100,86,52,52,47,42,72,27,104,53,18,51,87,40,47,41
"gene_1409",147,187,238,84,126,87,68,149,97,67,70,117,133,110,95,111,122,86,97,100,77,131,65,129,134,193,206,139,189,129,94,130,175,115,168,87,93,148,153,97,265,65,197,167,172,174,147,222,105,155,162,93,160,118,74,97,210,95,111,143
"gene_1410",281,426,440,303,290,355,212,210,387,151,196,262,520,260,210,459,316,364,269,133,101,264,237,399,306,360,203,155,249,304,193,204,326,284,382,198,274,228,392,266,588,383,466,479,252,524,612,337,305,566,374,362,405,366,582,326,309,582,323,288
"gene_1411",50,92,163,43,51,18,51,65,34,21,24,65,58,41,39,40,45,43,63,48,17,22,17,56,47,38,48,24,22,77,30,21,43,15,35,43,56,46,15,26,46,40,38,58,25,54,47,59,29,51,31,9,31,47,36,60,76,22,52,82
"gene_1412",154,281,201,243,167,121,146,133,189,125,48,129,204,140,144,254,157,162,85,106,130,175,95,173,118,238,173,106,72,205,77,157,211,98,217,81,74,83,129,64,87,79,156,130,196,119,180,142,33,143,147,63,141,77,124,50,67,70,74,143
"gene_1413",18,13,27,18,17,1,20,11,24,22,5,39,43,15,17,17,11,6,9,20,20,6,12,8,4,10,45,23,4,18,9,3,14,17,26,35,19,64,21,8,61,18,23,26,6,28,31,41,17,24,26,19,22,27,20,14,11,35,24,21
"gene_1414",7299,6680,2920,4434,4409,2542,3528,3214,3270,2030,3284,3173,4628,3973,4404,4277,4391,2756,5824,4080,3366,3498,3173,3347,3774,5615,3938,2723,3152,3974,3735,4460,5050,2587,4893,3510,2609,4010,5482,3793,3842,3821,4964,2716,3403,2446,2577,2534,2690,2127,2437,2134,4747,2182,2878,2400,3328,3209,3881,7145
"gene_1415",13,59,86,83,22,44,34,22,27,32,54,19,59,38,105,44,109,61,25,42,30,43,22,44,67,29,41,48,11,43,76,34,25,28,29,41,30,25,34,28,25,67,35,58,26,47,76,87,21,27,58,50,44,11,49,35,57,13,36,45
"gene_1416",1365,3758,2545,2193,1870,1371,1064,2006,1367,1855,1667,1748,3349,2073,1494,1945,2673,2366,1870,1771,1562,1640,1149,1654,1272,2066,2310,1056,1013,2045,1681,1746,3426,1540,1574,1720,1637,1511,2027,1335,1960,2169,2506,1626,2029,1670,1609,2023,1449,1514,2337,1358,1951,1422,1676,1434,2234,3148,1808,3354
"gene_1417",261,275,157,162,154,84,65,70,80,66,76,144,125,85,141,144,187,81,175,91,168,185,206,86,94,194,200,117,119,169,185,97,142,134,126,62,130,130,159,187,195,82,282,294,135,143,116,98,128,157,107,40,182,114,83,73,115,81,142,166
"gene_1418",6865,8955,6611,5609,5554,3135,2526,4398,6420,4356,3623,5172,8347,3796,4606,5646,4042,5856,6423,3281,6911,4176,4830,6875,4838,6224,6546,4317,4934,7072,7148,8561,7140,7184,6840,6296,4198,6702,11234,11224,4837,4069,5346,3067,5594,4759,4598,2703,3173,4193,4636,1931,3793,3139,4071,2044,2961,3649,3086,2987
"gene_1419",3,8,7,9,8,2,5,1,1,6,11,1,4,1,0,4,0,7,8,6,0,8,21,14,3,2,2,0,0,4,10,4,13,5,8,2,0,4,7,18,2,4,8,2,32,0,4,6,4,3,2,5,19,3,8,1,5,2,2,2
"gene_1420",459,1166,745,765,493,291,406,216,349,335,309,609,497,540,562,872,581,433,553,248,332,524,447,433,615,726,331,308,496,640,397,453,490,373,958,350,377,192,748,524,612,369,471,328,449,521,355,408,335,616,400,471,415,435,286,174,288,378,312,421
"gene_1421",1353,1268,1476,926,1417,1135,1135,1465,923,939,1052,1151,1397,1386,763,1471,1319,1371,925,1040,776,1180,1122,1074,860,1211,1487,748,721,989,1190,1273,1833,881,1137,1735,1101,1087,1590,1859,759,543,1031,662,707,493,706,500,594,556,1064,821,1025,376,924,816,946,923,488,1424
"gene_1422",28,41,25,28,42,28,49,7,8,25,26,25,40,7,14,23,8,9,21,8,23,66,36,17,37,49,60,36,31,14,32,53,44,41,22,37,25,22,42,41,32,38,55,16,48,18,20,11,5,31,26,12,25,6,13,24,7,38,20,28
"gene_1423",207,109,86,84,80,156,59,115,122,62,76,73,121,59,75,122,222,77,94,98,65,145,150,182,108,154,150,99,124,111,71,120,121,120,140,141,84,129,108,80,250,101,226,181,93,140,120,73,49,138,150,75,108,86,60,69,66,73,163,32
"gene_1424",89,396,172,175,139,91,70,124,113,102,108,76,161,100,60,148,83,110,231,95,105,140,114,104,141,134,136,103,47,102,113,88,74,80,95,85,127,79,129,94,174,78,190,93,70,80,83,110,87,165,104,37,129,38,88,55,112,53,55,77
"gene_1425",13,25,1,12,2,10,18,2,5,1,2,0,10,18,0,0,12,2,4,0,3,8,11,0,1,4,1,1,0,4,16,10,15,19,24,3,4,1,4,7,10,4,6,4,15,22,5,0,1,12,2,1,14,4,0,0,1,2,1,2
"gene_1426",8,16,33,4,15,4,12,8,4,4,4,15,5,13,18,21,11,1,1,2,7,6,13,20,1,33,13,6,21,0,2,14,13,4,13,14,9,3,13,1,19,9,11,4,16,16,5,17,1,4,4,7,3,7,9,21,18,5,7,20
"gene_1427",423,851,737,638,445,342,441,466,359,353,378,443,496,381,376,472,547,263,465,419,512,737,521,625,910,694,760,333,480,469,431,416,631,373,429,239,374,492,603,372,492,448,398,487,360,354,396,355,259,499,225,168,423,333,290,248,424,182,222,218
"gene_1428",15,15,17,4,0,6,2,8,7,2,4,18,0,0,1,20,15,1,0,8,0,3,10,3,5,19,1,4,1,6,16,26,1,22,9,4,7,2,14,4,22,2,1,37,3,5,6,15,1,3,0,0,20,15,8,7,1,6,21,6
"gene_1429",135,170,134,92,53,99,77,79,107,46,62,154,119,77,60,226,85,80,192,74,112,88,115,81,198,144,94,37,57,125,100,137,231,111,126,95,64,115,92,119,99,116,58,131,120,66,73,84,84,36,124,87,52,76,56,58,96,116,82,72
"gene_1430",268,394,722,345,164,296,192,157,237,240,190,395,454,164,281,404,377,149,422,254,234,203,366,355,408,527,616,296,328,269,494,301,222,494,352,415,379,424,515,479,531,210,446,445,327,388,236,311,216,352,272,238,238,230,284,202,395,213,323,259
"gene_1431",497,505,621,421,298,242,450,369,372,316,205,600,416,178,223,421,208,230,351,348,375,508,377,432,633,683,631,378,397,461,460,432,551,401,621,310,250,338,446,399,316,248,589,383,221,368,341,353,402,345,267,209,273,334,251,222,261,179,184,394
"gene_1432",329,397,345,350,341,197,280,224,317,230,333,438,644,385,320,414,386,355,329,316,284,321,399,607,356,315,313,364,355,317,327,435,358,283,417,269,367,400,462,433,448,490,801,519,469,418,548,495,281,439,412,454,471,246,373,254,311,228,262,425
"gene_1433",1612,1286,1321,1331,815,1149,789,757,1200,818,680,1661,1065,1059,693,1659,1253,1375,1644,978,665,1212,1096,1227,1060,1516,1586,1130,998,1744,1093,1264,1234,927,1374,1465,1385,1741,1293,1330,1344,1318,1882,1476,1839,975,1444,985,886,1460,1260,873,1216,671,1030,756,937,1411,2051,1774
"gene_1434",75,173,70,29,59,75,51,38,51,46,72,89,45,86,45,82,94,39,53,41,18,171,79,125,126,109,57,51,122,98,77,101,82,43,85,107,86,76,78,40,61,61,133,109,49,44,50,83,30,41,46,42,38,29,22,41,93,36,40,84
"gene_1435",53,28,44,13,23,45,28,28,25,17,13,24,22,16,6,39,19,8,44,13,28,21,66,17,22,31,28,2,17,31,17,11,26,8,14,40,21,13,14,7,48,8,19,52,38,23,25,33,13,30,6,16,46,20,29,24,48,12,17,42
"gene_1436",139,319,185,174,154,229,76,139,127,70,119,198,153,118,50,164,164,117,107,92,218,181,219,176,253,145,153,146,146,278,135,331,144,208,249,187,115,191,285,237,166,111,179,146,98,239,207,191,174,155,140,50,103,132,148,70,181,137,144,133
"gene_1437",200,247,261,249,237,152,189,170,194,202,507,605,701,358,239,245,557,324,446,331,152,283,270,412,288,259,331,255,220,325,738,699,638,334,560,644,415,538,418,648,347,168,212,198,198,225,320,256,207,190,302,280,366,276,316,295,314,433,315,542
"gene_1438",405,538,274,315,370,254,226,181,235,229,321,337,559,275,258,356,302,388,374,321,370,320,210,190,650,313,523,239,245,336,532,190,386,426,322,247,358,209,324,236,387,221,283,485,358,94,274,232,258,292,284,253,352,306,193,176,279,260,117,282
"gene_1439",84,129,179,24,88,88,52,91,100,54,46,71,113,61,94,94,104,58,125,34,77,117,129,162,106,64,62,72,56,96,61,67,92,79,80,66,69,124,252,75,55,51,166,79,58,101,114,71,36,34,33,49,70,46,80,44,71,40,64,52
"gene_1440",240,450,643,365,380,364,245,303,456,271,182,299,344,249,157,263,213,213,332,151,161,344,303,266,409,235,414,167,263,370,211,137,307,147,172,135,163,185,296,174,298,247,177,222,246,185,572,162,209,209,125,120,160,180,152,69,166,104,195,136
"gene_1441",309,200,408,192,189,182,156,91,154,114,138,238,215,114,145,191,249,116,152,154,129,195,189,197,256,234,199,165,230,203,113,106,284,167,155,137,164,135,197,121,286,271,230,285,178,364,296,325,319,197,206,202,287,190,138,194,243,85,122,253
"gene_1442",13,18,23,7,13,7,11,13,3,10,17,19,13,7,14,10,33,9,6,8,30,2,8,9,22,6,6,2,3,11,33,8,20,20,9,3,8,9,9,45,11,6,22,20,16,18,13,3,23,25,11,9,3,2,5,5,23,14,3,11
"gene_1443",0,3,29,45,3,11,2,10,11,0,18,23,6,9,2,6,28,6,3,7,9,9,17,7,7,7,1,11,7,8,2,9,10,5,5,17,8,5,14,11,12,17,5,5,16,9,11,17,4,12,1,2,3,13,3,14,17,1,4,9
"gene_1444",629,500,458,447,599,568,338,338,301,386,346,502,370,323,231,368,325,233,400,208,421,625,517,517,822,380,368,344,385,617,685,397,566,621,656,419,284,393,462,224,433,274,500,320,299,778,330,442,253,216,286,286,282,352,325,335,597,433,253,304
"gene_1445",7,11,11,11,20,2,7,31,18,8,2,30,16,5,15,10,13,17,14,3,15,5,30,11,25,9,7,9,22,26,25,8,25,13,27,20,24,16,34,35,17,23,19,8,13,13,11,10,18,13,4,14,12,15,15,6,29,16,17,8
"gene_1446",1237,1830,2095,1910,1011,1225,974,1197,1041,639,881,1308,2004,1368,944,1512,1933,804,1328,1056,1091,2673,1391,1660,1685,1194,1296,748,1256,1351,1443,1505,2270,1477,1500,1474,1739,1268,1222,2335,1531,1859,1415,680,1408,1202,1639,952,1104,1244,1776,629,1005,771,1445,906,2040,1364,803,1446
"gene_1447",317,742,541,218,250,345,400,200,423,199,289,339,419,361,230,526,395,284,411,214,228,262,302,318,294,357,301,295,344,345,423,362,469,166,377,271,362,362,478,387,439,364,426,208,234,241,311,354,288,375,305,260,202,196,244,165,405,333,304,393
"gene_1448",23,24,126,51,67,41,45,34,37,17,55,46,68,52,44,53,68,28,31,33,46,94,48,50,25,101,32,31,40,93,78,77,84,33,53,105,78,62,77,79,34,9,65,38,61,68,38,28,17,29,47,28,48,14,25,13,22,48,24,58
"gene_1449",3902,3833,5923,2665,2979,3396,2735,1853,1569,2752,2666,2790,2775,3169,2191,2638,3290,2022,3262,1999,3169,3616,3081,3283,2095,4602,4085,3414,3245,5899,2948,2598,3916,2974,3120,3954,2271,2971,2801,3459,4352,3804,6869,2245,3548,3637,3816,3548,3721,3432,1502,1860,2221,2481,2738,1649,4454,2193,2165,2511
"gene_1450",76,200,163,95,166,15,62,54,71,19,72,144,164,36,98,40,67,48,54,106,139,117,50,96,98,135,160,39,57,113,52,153,123,67,100,75,59,99,70,120,110,47,68,98,69,56,81,94,37,48,70,38,80,61,57,53,52,103,24,102
"gene_1451",1241,1007,1202,548,737,567,424,563,975,441,586,661,1152,708,587,899,772,561,825,646,1072,799,787,1185,1481,1547,1169,693,901,1405,786,1024,1097,657,1213,930,1171,610,1168,758,1154,663,945,1056,1286,935,1202,1041,748,1064,845,439,695,584,875,676,1124,555,674,1240
"gene_1452",628,764,635,325,331,267,356,257,193,180,440,391,552,408,624,357,439,562,577,532,547,511,431,393,448,467,583,284,498,656,627,640,493,496,970,382,464,373,1087,513,514,479,559,391,330,423,404,760,365,419,481,412,308,462,396,264,655,308,429,588
"gene_1453",2297,2242,2317,1729,1871,1130,1610,1363,905,810,628,663,1260,661,855,480,909,656,623,603,1635,1138,889,1979,1527,1285,1741,1265,1158,2003,872,721,1134,713,940,1074,605,746,1440,526,2904,2560,3319,4410,3016,2787,4178,2695,2709,2455,1641,1221,1379,814,1141,801,2040,1225,1517,1236
"gene_1454",87,142,73,86,129,65,103,86,68,66,57,183,216,80,82,126,180,171,57,121,83,116,119,91,196,158,62,144,73,51,94,136,145,75,202,131,59,101,149,70,84,136,73,112,124,114,133,110,64,105,134,33,109,40,89,82,159,40,106,86
"gene_1455",146,410,376,134,164,178,227,127,193,76,220,209,254,241,163,193,268,247,267,206,157,237,176,153,210,335,287,164,141,308,171,197,286,252,208,211,130,137,215,243,221,158,235,189,132,143,382,205,181,109,191,190,149,99,78,115,157,192,130,186
"gene_1456",259,414,279,175,188,129,146,119,150,99,204,320,149,173,116,229,281,248,193,147,127,206,94,193,277,313,186,151,73,343,135,239,231,258,283,175,139,138,220,164,332,118,212,182,123,241,187,238,285,164,212,103,178,248,158,149,400,190,132,216
"gene_1457",215,276,228,110,102,57,96,193,92,113,128,109,251,107,91,219,151,59,198,31,160,235,189,188,102,176,174,165,68,155,96,75,146,191,132,199,99,105,123,154,133,126,137,64,213,85,80,131,72,157,93,133,104,105,213,98,178,91,95,162
"gene_1458",110,240,102,128,71,100,86,79,82,50,33,151,50,47,121,47,75,70,100,61,56,129,110,45,90,92,116,46,57,158,73,65,58,40,72,102,73,90,106,128,56,68,156,117,135,141,137,148,36,149,143,49,63,57,42,85,185,75,78,89
"gene_1459",101,158,209,86,97,77,42,74,108,64,107,41,127,83,46,103,134,108,115,104,55,134,51,116,150,98,153,89,51,75,86,118,127,99,152,95,70,73,141,109,144,50,135,98,132,78,118,68,116,46,116,62,91,110,124,102,100,191,156,83
"gene_1460",261,385,327,235,301,217,211,191,299,159,89,294,339,155,208,253,355,297,206,161,191,178,196,215,236,267,130,110,92,195,206,247,307,199,204,172,139,181,247,225,239,282,295,235,461,292,455,360,284,386,187,279,317,200,350,231,250,151,211,432
"gene_1461",91,163,184,44,46,70,63,84,45,42,161,367,688,177,304,480,238,194,430,456,86,73,59,84,97,97,56,67,38,122,249,194,313,315,207,336,255,316,305,514,129,85,132,151,113,140,150,147,75,79,505,165,477,285,243,302,492,370,251,714
"gene_1462",277,363,313,168,387,328,139,182,243,144,186,300,424,193,200,345,214,233,187,191,221,424,158,307,215,259,161,236,209,331,171,229,243,158,239,182,157,228,188,193,370,202,386,320,254,417,315,217,222,204,212,240,289,83,192,116,222,214,104,134
"gene_1463",5417,7822,8600,4411,4452,3528,3057,4317,4144,2305,2530,5724,4648,5299,3774,5987,4822,3128,5699,4596,3730,3903,4525,5489,4326,6133,6082,3430,2368,4421,7752,4700,6831,4738,6729,3320,4549,4612,5195,4759,7012,4818,8667,3828,6434,4443,3553,2902,2391,5546,3757,3381,4045,3398,4675,2394,6570,3669,4286,4952
"gene_1464",4082,5255,7572,4618,3180,4239,1480,2941,3331,3005,2824,3965,4721,3546,4442,4651,3015,3336,5235,3498,4057,3064,2147,3319,2982,4999,5167,2201,3702,5744,5220,4292,4578,3790,3711,4671,3272,2983,3957,3856,5346,4284,8897,6681,4075,3172,5529,2712,2259,4245,3070,3064,3184,3127,2057,3179,5542,3019,3775,4979
"gene_1465",2298,3237,3246,2969,2633,3421,1928,3065,2963,1522,2705,3594,4276,3904,2793,3264,3293,2938,3591,2076,2045,3607,2240,2898,2175,3421,2388,2686,3225,3331,2117,2894,3291,3235,3951,2803,3253,2032,2274,4052,1843,1856,2207,2263,2935,2636,3445,2053,1966,2475,1556,2144,2695,2757,1839,2418,2471,1913,1950,3390
"gene_1466",1402,2601,2487,1864,1223,1198,1108,1667,685,440,751,1424,1576,1091,1366,1509,1685,1336,1765,1296,1414,2354,2542,1324,1879,2552,3831,1441,1629,2721,2550,2572,4078,1349,2915,2717,2264,2872,3411,2950,1758,949,1243,1685,908,1159,1227,1184,1241,890,1223,1054,1028,1469,722,1000,1431,1151,994,1398
"gene_1467",349,699,616,581,457,360,338,272,524,293,307,559,447,502,406,534,611,420,570,358,586,780,525,762,707,1098,938,492,631,602,779,472,708,416,353,563,547,464,989,495,751,374,436,320,435,392,407,305,231,449,272,278,304,305,324,284,506,322,273,559
"gene_1468",10,3,7,12,21,3,11,12,4,1,2,5,5,7,5,10,7,1,5,14,4,1,0,17,14,1,2,0,6,2,20,9,15,9,12,9,5,13,16,11,6,9,6,19,1,14,6,12,0,2,15,3,6,6,3,19,4,8,11,13
"gene_1469",10,57,26,48,23,47,33,65,61,41,28,10,62,62,121,19,27,60,71,83,42,27,35,49,65,43,30,41,47,26,56,33,85,12,112,54,47,39,84,35,74,48,67,84,111,35,49,59,150,84,105,38,45,47,74,61,57,26,65,59
"gene_1470",242,114,151,221,156,124,137,50,69,31,93,139,161,90,61,157,144,69,88,60,103,110,92,121,149,151,131,114,128,159,111,87,119,121,68,83,87,98,78,89,225,135,203,108,83,65,141,80,136,114,84,63,113,94,64,68,122,132,115,286
"gene_1471",28,34,10,12,27,14,7,30,21,3,16,20,19,12,6,6,13,7,6,17,23,14,38,24,27,24,33,12,15,29,20,25,7,14,13,42,29,7,35,9,33,44,47,15,15,17,27,30,17,26,7,13,16,13,13,10,13,11,16,9
"gene_1472",450,709,440,165,354,327,244,284,279,190,185,558,579,269,374,501,409,240,457,249,340,387,303,560,374,265,262,233,261,425,619,236,324,568,330,405,418,572,477,502,374,186,357,210,383,165,213,268,192,392,291,331,383,279,192,193,366,242,333,364
"gene_1473",214,317,111,113,147,79,125,133,60,126,82,92,160,79,68,129,87,145,138,77,86,118,111,106,144,144,130,101,109,100,57,46,163,87,100,100,93,83,120,75,169,107,193,87,86,147,101,180,50,136,113,56,108,125,46,78,184,62,163,118
"gene_1474",19,101,56,41,18,13,19,19,38,23,41,41,86,34,34,42,55,26,84,32,35,24,15,22,36,85,48,33,38,37,99,58,32,64,43,26,64,65,35,45,51,59,48,19,47,38,25,99,22,33,45,33,26,95,44,30,60,18,56,72
"gene_1475",8,51,4,5,8,2,0,5,0,5,3,3,4,0,1,9,7,1,15,1,0,2,0,1,12,36,4,9,1,1,6,4,6,4,2,2,3,2,10,3,11,2,0,0,3,0,5,1,3,0,6,2,4,0,2,6,3,0,2,0
"gene_1476",4,36,36,4,4,1,5,8,4,2,11,4,13,7,12,9,13,31,9,3,29,23,10,4,37,8,32,21,1,27,7,14,7,0,31,17,1,14,17,16,32,10,23,16,7,4,23,10,4,12,7,2,16,8,1,2,14,12,6,2
"gene_1477",83,29,48,48,39,62,28,54,48,18,27,63,21,24,23,52,55,21,72,36,20,57,26,29,31,62,83,27,16,15,52,17,56,31,41,59,41,25,30,27,24,28,51,39,46,85,28,38,9,31,38,41,23,41,68,21,44,22,26,32
"gene_1478",5520,8420,8107,5293,4741,4943,4455,3283,3912,3105,3767,6013,6237,3529,3917,3650,5740,5878,5667,2240,8925,11340,6637,8404,10072,7330,10827,10178,9590,10676,10923,9133,8877,7739,15844,11254,5434,10412,14379,9025,4382,2783,5543,3294,3754,3835,6492,4747,3172,3572,4229,1725,2375,2789,3761,2866,2969,2832,3290,3746
"gene_1479",1111,2433,2396,1145,1290,1600,885,895,1148,638,1153,1982,1677,1831,1285,2233,2516,1005,1427,1458,1022,1194,1165,1302,1847,1616,1024,1069,1165,1931,2459,1906,1480,1765,3108,2000,1178,1012,1514,2077,785,1329,1086,1447,1208,1067,1445,727,988,1063,1350,942,1703,803,837,1046,1548,1287,987,1186
"gene_1480",44,43,59,27,59,24,18,17,47,31,13,35,39,60,84,47,66,80,64,15,12,69,24,39,53,54,66,48,34,35,22,40,63,93,97,16,110,51,37,49,54,67,64,49,57,45,33,29,45,65,67,40,62,12,25,17,42,51,65,66
"gene_1481",2118,3037,2585,2751,1774,2499,1263,1842,742,1057,1276,2262,2788,2243,1737,1809,2213,1198,1889,1932,973,2596,2118,1770,3829,3935,3478,1157,1626,2398,2264,1132,2641,2658,2175,2444,2189,1923,3006,1253,2163,1737,1924,1227,1601,2127,1728,2011,1209,1726,1453,986,1142,1383,1356,1123,1930,1281,1719,1861
"gene_1482",18,66,32,10,13,11,2,11,8,1,1,13,24,9,13,10,11,0,45,23,17,52,27,52,25,8,34,11,24,28,9,21,8,23,8,20,24,19,56,12,26,7,13,13,39,0,23,14,11,10,11,40,49,26,15,19,22,19,28,4
"gene_1483",246,344,188,331,211,230,97,216,135,164,138,150,182,173,128,227,157,98,146,211,236,109,173,313,113,232,199,170,146,273,250,161,261,120,176,142,93,152,242,115,211,164,200,127,265,287,321,240,200,377,279,116,132,106,145,100,312,117,169,340
"gene_1484",935,1015,794,462,412,447,641,408,516,256,355,616,582,614,746,595,678,346,687,527,545,1104,962,1026,1017,734,1104,624,1106,501,922,654,866,564,1653,533,801,684,707,831,1199,579,990,997,907,840,1381,806,706,760,877,456,603,551,630,670,1227,920,628,726
"gene_1485",33,60,43,11,23,39,18,18,13,19,22,15,33,15,30,15,40,19,36,19,17,44,22,15,84,31,50,23,49,41,23,43,26,46,38,32,22,25,11,9,25,34,59,16,5,52,20,47,21,62,47,11,8,20,27,23,14,22,7,44
"gene_1486",829,1742,1262,1035,970,772,837,738,719,424,656,563,1110,421,725,930,710,652,619,659,846,1493,1189,1015,934,1725,1120,507,837,1519,968,860,762,614,1102,988,626,1281,1124,763,1378,866,1776,892,823,1084,858,1033,551,906,664,504,885,890,749,651,956,886,983,717
"gene_1487",8,9,16,0,13,5,3,30,5,0,3,8,14,26,8,11,4,9,14,15,8,31,14,23,41,9,17,6,21,17,38,1,26,5,13,8,3,45,44,11,9,9,7,2,19,10,27,7,8,13,3,2,3,10,3,7,3,16,4,25
"gene_1488",24,17,28,26,36,10,21,14,19,3,21,22,55,35,47,33,57,10,24,32,32,6,7,9,35,12,43,5,4,13,37,52,59,20,51,19,47,12,69,65,29,32,16,31,21,16,27,26,21,34,35,49,39,88,72,95,92,59,35,69
"gene_1489",428,174,310,197,208,188,150,267,149,158,114,196,255,174,173,200,232,176,350,170,152,536,135,334,400,289,368,145,245,183,198,239,197,152,180,302,263,152,151,197,205,238,203,220,167,159,156,220,243,200,218,61,206,72,96,68,263,109,107,220
"gene_1490",1087,938,1426,904,807,911,429,549,1026,460,637,767,1116,383,870,1063,963,815,785,477,779,680,565,1083,898,1202,1186,413,459,1079,880,937,1094,670,960,835,1020,692,830,820,815,755,769,641,752,735,787,919,850,1100,553,400,887,893,539,356,648,687,763,986
"gene_1491",491,904,1062,502,299,443,364,360,493,233,411,522,390,417,306,550,276,405,519,215,712,662,532,598,490,596,813,490,467,320,535,672,481,362,541,488,478,416,439,241,758,415,615,593,724,571,692,542,266,433,339,482,544,387,366,252,512,458,360,776
"gene_1492",339,547,574,364,582,337,302,417,334,227,293,469,664,344,320,723,304,441,476,428,647,925,709,1189,611,1362,657,814,458,679,948,627,1027,460,784,591,582,739,1046,811,494,366,336,304,383,456,343,299,265,584,422,260,276,381,234,216,282,279,423,327
"gene_1493",1984,3014,2936,1931,2783,1895,867,1665,2593,1322,1353,3321,1660,2226,2236,1492,1558,1272,2494,1263,1664,3320,2541,3331,3019,3831,3079,2285,2739,2370,1858,2099,2870,2743,3115,3473,2166,1262,5074,1576,4947,2520,2617,2414,4225,2978,2608,2603,1371,2486,2362,2418,1950,1532,1796,1593,2895,1742,1481,2033
"gene_1494",208,214,325,237,134,179,164,179,210,144,74,267,191,240,202,229,147,141,122,146,236,182,385,382,251,398,353,379,247,191,233,227,401,161,398,309,360,266,474,419,240,246,330,319,170,256,191,183,260,291,145,86,350,269,200,85,243,172,126,210
"gene_1495",12,34,77,24,28,10,31,39,36,21,108,32,79,191,180,75,20,89,91,82,16,16,47,21,20,41,37,31,12,86,120,95,196,196,185,84,109,47,125,62,56,34,33,59,52,27,21,65,13,45,150,52,73,58,22,105,92,108,30,152
"gene_1496",65,64,131,44,24,41,32,19,58,16,16,56,57,24,21,76,29,24,67,20,19,58,17,77,68,124,64,43,49,45,71,42,61,35,28,107,34,52,47,71,60,44,43,26,68,29,90,58,39,41,29,19,50,41,22,28,24,21,27,69
"gene_1497",200,395,217,190,442,169,156,169,166,201,95,317,164,136,189,250,225,98,244,179,306,321,238,227,270,203,279,122,263,184,138,158,318,173,297,198,178,153,215,268,489,217,487,346,415,306,345,185,185,556,171,189,233,141,154,193,244,225,227,222
"gene_1498",9,10,14,21,13,0,4,2,0,0,1,4,3,16,8,1,1,0,22,9,6,7,5,3,8,4,9,7,1,20,2,19,4,0,5,2,2,2,4,1,9,4,11,1,0,8,4,6,15,0,4,5,1,1,9,5,9,4,1,2
"gene_1499",881,1291,1718,884,1116,1054,986,767,1296,575,849,1538,1528,1553,1009,1500,1337,950,1520,490,728,1232,876,871,978,825,1179,1025,1229,973,828,1154,1874,1510,1353,1104,1426,1273,1340,1831,1433,1180,1630,1122,1275,1414,1839,1734,1493,1638,1314,1371,1114,1430,1206,1228,1440,1345,1400,2331
