"gene","baseMean","dispGeneEst","dispFit","dispMAP","dispersion","dispOutlier"
"gene_0",76.2545858248427,0.103735957401392,0.117149700215702,0.105691307650041,0.105691307650041,FALSE
"gene_1",5251.51047639347,0.0446401662117882,0.0513620480175838,0.0424165608396746,0.0424165608396746,FALSE
"gene_2",412.921437835598,0.0442256958239623,0.0627207794795962,0.0463996759471479,0.0463996759471479,FALSE
"gene_3",5.00820440484389,1.00581410750094,1.06683028919404,1.01798210286032,1.01798210286032,FALSE
"gene_4",20.5696844392345,0.380555230029102,0.297869868071587,0.366357225947176,0.366357225947176,FALSE
"gene_5",58.3363342484964,0.140430034725946,0.137654394104066,0.140006363747015,0.140006363747015,FALSE
"gene_6",34.0027974233281,0.218033385345196,0.20010177322025,0.215287787355061,0.215287787355061,FALSE
"gene_7",1166.95035450138,0.0646010648423472,0.0547549509777503,0.0639873844006725,0.0639873844006725,FALSE
"gene_8",43.3262688033616,0.173854489638257,0.167885561830048,0.172899111792734,0.172899111792734,FALSE
"gene_9",265.777923425788,0.0731125425391348,0.0695460135806604,0.0726167004963683,0.0726167004963683,FALSE
"gene_10",4832.85342057321,0.0695053077028984,0.0514460197895343,0.0653523271580591,0.0653523271580591,FALSE
"gene_11",15.7461990687255,0.274824833129784,0.373678797045088,0.289557938277349,0.289557938277349,FALSE
"gene_12",1240.54951057514,0.0731760370980575,0.0544961480919354,0.0674523842298705,0.0674523842298705,FALSE
"gene_13",20.7186630917207,0.191521734136451,0.296090370308725,0.207419849212577,0.207419849212577,FALSE
"gene_14",5453.85814531748,0.059811870466231,0.0513260836114128,0.061950748869407,0.061950748869407,FALSE
"gene_15",750.711814451358,0.0721588626319458,0.0571736365879053,0.0700820213653292,0.0700820213653292,FALSE
"gene_16",1946.33338639306,0.0485296585856894,0.0530081473066529,0.0517810489211298,0.0517810489211298,FALSE
"gene_17",107.001316562495,0.0897030137129733,0.0979671378506872,0.0908755487388995,0.0908755487388995,FALSE
"gene_18",3.55615802817489,1.26259890426289,1.48186092138618,1.30770252970664,1.30770252970664,FALSE
"gene_19",275.91695756335,0.0883280473925426,0.0688421928557986,0.0855083959908155,0.0855083959908155,FALSE
"gene_20",71.4728783577986,0.0965350224704228,0.121615903913253,0.100056172334519,0.100056172334519,FALSE
"gene_21",1893.52703779569,0.0491484391436143,0.0530810863658584,0.0496264824464654,0.0496264824464654,FALSE
"gene_22",258.738040566802,0.0564093313167792,0.0700671470978282,0.058178661190148,0.058178661190148,FALSE
"gene_23",215.80664641363,0.0575509045869086,0.0739810734856546,0.0596619846027185,0.0596619846027185,FALSE
"gene_24",1947.26411723318,0.0587726103630445,0.0530068972066004,0.0547111638066283,0.0547111638066283,FALSE
"gene_25",36.8602310358262,0.140607602490889,0.18849621030766,0.147554504988285,0.147554504988285,FALSE
"gene_26",4604.53862242223,0.0404101910418985,0.0514982482326162,0.0431068909646481,0.0431068909646481,FALSE
"gene_27",36.0065854032325,0.328560687120788,0.191770374042221,0.304898643753829,0.328560687120788,TRUE
"gene_28",1031.61903691329,0.0635850074003257,0.0553272056461121,0.0624919128371327,0.0624919128371327,FALSE
"gene_29",171.065368442421,0.0973103366302672,0.080150492022756,0.0948337891891523,0.0948337891891523,FALSE
"gene_30",5170.16877777592,0.0498267500471878,0.051377298621526,0.051244372304825,0.051244372304825,FALSE
"gene_31",70.2924123340033,0.119726072007697,0.122812001278113,0.122104483281606,0.122104483281606,FALSE
"gene_32",61.1074121706707,0.179218678206297,0.133697280916508,0.173987339471514,0.173987339471514,FALSE
"gene_33",39.4198549829022,0.182307712576029,0.179528824571374,0.182912409772596,0.182912409772596,FALSE
"gene_34",74.1060908388537,0.136386801213365,0.119085129177919,0.13376486973356,0.13376486973356,FALSE
"gene_35",452.746494368756,0.0526151596684602,0.0616363616837339,0.053732771073849,0.053732771073849,FALSE
"gene_36",45.7324940763464,0.185638346653773,0.161703649104903,0.181964935241768,0.181964935241768,FALSE
"gene_37",538.285379358834,0.0802345393763517,0.0598496327638925,0.0773329515816338,0.0773329515816338,FALSE
"gene_38",1118.91802507469,0.058864076234576,0.0549422112976358,0.0595182864582448,0.0595182864582448,FALSE
"gene_39",24.6458995946778,0.149650556410978,0.256939320240617,0.165918239484071,0.165918239484071,FALSE
"gene_40",94.0342210850443,0.0733794387556661,0.104527539330402,0.0776089294876309,0.0776089294876309,FALSE
"gene_41",793.540841021874,0.049021124084165,0.056807655678642,0.0499670285794,0.0499670285794,FALSE
"gene_42",4929.8164629547,0.0633028675793146,0.051425302419558,0.0633941394114946,0.0633941394114946,FALSE
"gene_43",276.090747175223,0.072085041934601,0.0688305795374611,0.0716422295216776,0.0716422295216776,FALSE
"gene_44",374.188703262032,0.0594129963136242,0.0639968739269614,0.0610458846796804,0.0610458846796804,FALSE
"gene_45",51.581999959295,0.149994732451536,0.149080756691549,0.14977900365575,0.14977900365575,FALSE
"gene_46",181.227552736612,0.0770655780480395,0.0784818487346514,0.0775369521634299,0.0775369521634299,FALSE
"gene_47",68.9773239623704,0.171215630684546,0.124192712677134,0.163819677402404,0.163819677402404,FALSE
"gene_48",4.75785240369459,1.02610236195174,1.12031391210543,1.04311115977133,1.04311115977133,FALSE
"gene_49",361.033252424095,0.0632734013890269,0.064492587285315,0.0645429348865498,0.0645429348865498,FALSE
"gene_50",8.46919453227056,0.791191109701193,0.651456614794688,0.765604263919191,0.765604263919191,FALSE
"gene_51",28.2983092866579,0.234958471462773,0.230280735793612,0.234183798402876,0.234183798402876,FALSE
"gene_52",6.75867816702975,0.860463397514244,0.803576546062325,0.850343991772411,0.850343991772411,FALSE
"gene_53",4228.60522354514,0.0491890362870436,0.0515965339498714,0.0486823307423316,0.0486823307423316,FALSE
"gene_54",405.126097976057,0.0350587928155315,0.0629579933963276,0.0375354168725792,0.0375354168725792,FALSE
"gene_55",111.021157868782,0.0895465376456664,0.0962445681775236,0.0893086872472419,0.0893086872472419,FALSE
"gene_56",96.1774721581734,0.0670176406266713,0.103321180459223,0.0718278385641406,0.0718278385641406,FALSE
"gene_57",336.81838740865,0.0744972616032908,0.0655062694809018,0.0732202783108084,0.0732202783108084,FALSE
"gene_58",466.189210150844,0.0721870106754054,0.0613121471608467,0.0712474282219646,0.0712474282219646,FALSE
"gene_59",29.3565178954074,0.188882825796061,0.223796347354542,0.194064461535214,0.194064461535214,FALSE
"gene_60",2050.11755264914,0.060013603535119,0.0528757442941212,0.0590763086373802,0.0590763086373802,FALSE
"gene_61",440.170661750458,0.0773826027488009,0.0619575970270705,0.0751985621677518,0.0751985621677518,FALSE
"gene_62",1260.00626079522,0.047018484678239,0.0544327835556509,0.048901937232579,0.048901937232579,FALSE
"gene_63",2678.21859451656,0.0380127421698569,0.0522934165377843,0.0392991190057238,0.0392991190057238,FALSE
"gene_64",19.4115385483636,0.338841218323019,0.312635037842602,0.334374693280591,0.334374693280591,FALSE
"gene_65",1359.51205945266,0.0361368813600502,0.0541370807912481,0.0373435448017774,0.0373435448017774,FALSE
"gene_66",1127.35110551757,0.0557605665980435,0.0549081789788983,0.0569678888522721,0.0569678888522721,FALSE
"gene_67",77.8969441219627,0.101286668969716,0.115742213567411,0.103348821730675,0.103348821730675,FALSE
"gene_68",3741.24531264236,0.0571736880931101,0.0517533531508665,0.0543972415895936,0.0543972415895936,FALSE
"gene_69",983.967985728828,0.0879165323925133,0.0555661709954332,0.0862367628533259,0.0879165323925133,TRUE
"gene_70",183.887679640864,0.0652936930427575,0.0780755099669612,0.0684726440392628,0.0684726440392628,FALSE
"gene_71",953.444013856952,0.0529461291856691,0.0557317966630756,0.053163716329444,0.053163716329444,FALSE
"gene_72",11.8229008739868,0.401749442830039,0.480957692802318,0.414392310511123,0.414392310511123,FALSE
"gene_73",4349.22590885512,0.0486848095077041,0.0515631470999194,0.0513837583111995,0.0513837583111995,FALSE
"gene_74",153.231074628204,0.084483909630655,0.0836139485030838,0.0839662342944673,0.0839662342944673,FALSE
"gene_75",1922.27682759346,0.0308251120999134,0.053040878595173,0.0313261472489503,0.0313261472489503,FALSE
"gene_76",31.1366423159207,0.28664839674632,0.213882623859245,0.275062090131665,0.275062090131665,FALSE
"gene_77",153.058805298784,0.0892356967528714,0.0836513393720991,0.0884352799036169,0.0884352799036169,FALSE
"gene_78",5391.34330548595,0.0546043806595141,0.051336906546654,0.0604508771731782,0.0604508771731782,FALSE
"gene_79",135.135337253021,0.109542614838706,0.0880625476032129,0.106362858567235,0.106362858567235,FALSE
"gene_80",48.4816318174518,0.165979936443445,0.155391792173841,0.164362988647582,0.164362988647582,FALSE
"gene_81",82.5175849719059,0.101865797765772,0.112082913314803,0.103317901390987,0.103317901390987,FALSE
"gene_82",233.065095170262,0.0685313257162865,0.0722343568075843,0.0706242073425673,0.0706242073425673,FALSE
"gene_83",127.84923047194,0.0940925453627166,0.090209345918131,0.0935278849136651,0.0935278849136651,FALSE
"gene_84",1024.89021251018,0.0598395263391939,0.0553596026810077,0.0580685202382273,0.0580685202382273,FALSE
"gene_85",53.5239528365354,0.147798243350154,0.14550016257842,0.147467000252245,0.147467000252245,FALSE
"gene_86",23.689554535318,0.27068785375716,0.265277587511009,0.269817933041779,0.269817933041779,FALSE
"gene_87",141.612619930242,0.0768227566790871,0.0863395497934277,0.0781210397491882,0.0781210397491882,FALSE
"gene_88",14.5772572401535,0.537604897677922,0.399602922007267,0.513834875741338,0.513834875741338,FALSE
"gene_89",28.059422513323,0.17196901557558,0.231812231025625,0.180921721710698,0.180921721710698,FALSE
"gene_90",42.8496739961934,0.207903492878716,0.1691923742589,0.201888862856979,0.201888862856979,FALSE
"gene_91",2393.38922463838,0.048697275304026,0.0525196142347539,0.0500762735903481,0.0500762735903481,FALSE
"gene_92",15.9161470917458,0.387268191806343,0.370226841475019,0.38430101027697,0.38430101027697,FALSE
"gene_93",884.184867046911,0.0713468912639413,0.0561500136082197,0.0670825189031268,0.0670825189031268,FALSE
"gene_94",400.028961578144,0.0513345358018678,0.0631180993056855,0.0511565747656786,0.0511565747656786,FALSE
"gene_95",1470.1273011137,0.0411656224837085,0.0538553464887941,0.0409929766898427,0.0409929766898427,FALSE
"gene_96",1146.08679565305,0.0550286906172835,0.0548343620872982,0.0578807243609863,0.0578807243609863,FALSE
"gene_97",9.24089849000588,0.604927606477531,0.601261993532179,0.604147492005952,0.604147492005952,FALSE
"gene_98",51.3356295403841,0.159629848981271,0.149554381295477,0.158271091744686,0.158271091744686,FALSE
"gene_99",29.8452238542865,0.247779100511992,0.220956918343797,0.243442194633813,0.243442194633813,FALSE
"gene_100",6.40885181567185,1.01392785547215,0.844688989197304,0.985311091343091,0.985311091343091,FALSE
"gene_101",19.9789742142284,0.371946925798193,0.305186925017809,0.361040889770074,0.361040889770074,FALSE
"gene_102",719.803507139243,0.0441089865447314,0.0574648093691219,0.0456798050244396,0.0456798050244396,FALSE
"gene_103",4695.77714478792,0.0369624818413491,0.0514767675831813,0.0386717229942384,0.0386717229942384,FALSE
"gene_104",203.356954331138,0.078262873838554,0.0754251743487394,0.0777959667438536,0.0777959667438536,FALSE
"gene_105",22.5425737608599,0.235370052346208,0.27621106982931,0.241646729233241,0.241646729233241,FALSE
"gene_106",321.164680623252,0.100747125874943,0.0662429113268579,0.0985454106996741,0.0985454106996741,FALSE
"gene_107",1226.67576254338,0.0716644705205063,0.0545425582106091,0.0696497720888823,0.0696497720888823,FALSE
"gene_108",380.193302108172,0.060426041901247,0.0637820158783792,0.0608613228175084,0.0608613228175084,FALSE
"gene_109",76.6580899141702,0.151255508695362,0.116798312364437,0.145887415879202,0.145887415879202,FALSE
"gene_110",95.2926200940685,0.0543262497897576,0.103812654749331,0.0606160788464746,0.0606160788464746,FALSE
"gene_111",98.7776981477395,0.0879270787105583,0.101927890211609,0.0899494463372557,0.0899494463372557,FALSE
"gene_112",329.260276155618,0.0497165902784542,0.0658531987268122,0.0517102953957462,0.0517102953957462,FALSE
"gene_113",379.010228848845,0.111506576725576,0.0638238103662336,0.103757400165146,0.111506576725576,TRUE
"gene_114",1642.97459190792,0.0559400939447386,0.0534910629482181,0.0547896976968191,0.0547896976968191,FALSE
"gene_115",496.860436972595,0.051100843718778,0.0606380891487123,0.0526797189448993,0.0526797189448993,FALSE
"gene_116",826.328254476613,0.0456687004763996,0.0565531203712323,0.0467621355985515,0.0467621355985515,FALSE
"gene_117",53.0013601162772,0.176956230186318,0.146437920893987,0.172298939624603,0.172298939624603,FALSE
"gene_118",495.393221729951,0.0400143673893596,0.0606684330988008,0.0424015668816182,0.0424015668816182,FALSE
"gene_119",58.399047571922,0.0776194198830405,0.137560685886132,0.0856535406496908,0.0856535406496908,FALSE
"gene_120",38.3519774263339,0.152075662422215,0.183124507911964,0.15664428714309,0.15664428714309,FALSE
"gene_121",31.730259886544,0.205333042996633,0.210824013870575,0.20616693185953,0.20616693185953,FALSE
"gene_122",108.586677382855,0.101778032778157,0.0972725531429776,0.103029136452494,0.103029136452494,FALSE
"gene_123",1686.5203605072,0.0740822413584292,0.0534110636298245,0.0671159702972352,0.0671159702972352,FALSE
"gene_124",62.8811931938667,0.151170531887707,0.131347387848058,0.148106767938365,0.148106767938365,FALSE
"gene_125",1478.28328534902,0.0559059489358288,0.0538362423910878,0.057556975769728,0.057556975769728,FALSE
"gene_126",754.737391446145,0.0722806920534681,0.0571374688137177,0.0669603204846495,0.0669603204846495,FALSE
"gene_127",5290.34711685492,0.0574211491870673,0.0513549320163942,0.0547240177792957,0.0547240177792957,FALSE
"gene_128",3776.88746168575,0.0405089063807512,0.0517405128141111,0.0420377962618851,0.0420377962618851,FALSE
"gene_129",65.0950143397912,0.102775946110373,0.128594193986663,0.106504867389427,0.106504867389427,FALSE
"gene_130",35.1434770154403,0.213543045173445,0.195242547667672,0.210766223224995,0.210766223224995,FALSE
"gene_131",286.766066955255,0.0607499177162843,0.0681442004494013,0.061779451720825,0.061779451720825,FALSE
"gene_132",4607.99391099815,0.0422381114918636,0.0514974192430399,0.0423362674722292,0.0423362674722292,FALSE
"gene_133",264.996932690394,0.0501579312551221,0.0696024616240926,0.0523520938505716,0.0523520938505716,FALSE
"gene_134",4280.48754556373,0.0493116905941251,0.0515819427237647,0.0483967981615361,0.0483967981615361,FALSE
"gene_135",13.3240723604224,0.319069329453015,0.432447607541174,0.337901737137379,0.337901737137379,FALSE
"gene_136",196.254256127324,0.0629859677076921,0.0763311322376046,0.0631825915076914,0.0631825915076914,FALSE
"gene_137",410.600569777403,0.0770745913958371,0.0627904623825687,0.0750633398923655,0.0750633398923655,FALSE
"gene_138",336.943330652027,0.0811806626413069,0.0655006651614708,0.0789392464103864,0.0789392464103864,FALSE
"gene_139",638.348992165961,0.0539721295764267,0.058367223295218,0.0547873718838955,0.0547873718838955,FALSE
"gene_140",1421.34250613824,0.0503402726809503,0.0539741949490198,0.0507829239918766,0.0507829239918766,FALSE
"gene_141",49.4221669485175,0.202734545531907,0.153393593015512,0.195033815699048,0.195033815699048,FALSE
"gene_142",91.3900801024197,0.135983391012875,0.106093794005044,0.131464782857872,0.131464782857872,FALSE
"gene_143",143.897544889513,0.0856051260969238,0.0857687558424905,0.0840186265916082,0.0840186265916082,FALSE
"gene_144",4702.63171953186,0.0601832033983989,0.0514751874458556,0.0569946917661166,0.0569946917661166,FALSE
"gene_145",887.736361810498,0.0792275011920577,0.0561269808019776,0.0741713926996929,0.0741713926996929,FALSE
"gene_146",10.6525739380295,1.44313653461175,0.528260983870966,1.25037114383639,1.44313653461175,TRUE
"gene_147",108.305352165977,0.105250434823235,0.097394324448228,0.104100441543767,0.104100441543767,FALSE
"gene_148",5.62959898260817,0.718504778067025,0.95463600913125,0.758091901467146,0.758091901467146,FALSE
"gene_149",88.3783812344334,0.0882605435147722,0.107991938227053,0.0909975645861542,0.0909975645861542,FALSE
"gene_150",6.24212857508386,0.999827386532724,0.865904132282285,0.975652972073113,0.975652972073113,FALSE
"gene_151",3739.10437039885,0.0477617676813453,0.0517541322342469,0.0506999202865641,0.0506999202865641,FALSE
"gene_152",66.205186208066,0.113469847320907,0.1272828602275,0.115492228656402,0.115492228656402,FALSE
"gene_153",101.81036118599,0.0661468724214974,0.100392792441822,0.070686162574597,0.070686162574597,FALSE
"gene_154",18.5557199203886,0.846901281052266,0.32473006171875,0.744418998393603,0.846901281052266,TRUE
"gene_155",169.451706957864,0.0914507834829531,0.0804338706879274,0.0889913807461496,0.0889913807461496,FALSE
"gene_156",122.479198510366,0.109065070502405,0.0919550843732677,0.108297515464057,0.108297515464057,FALSE
"gene_157",582.422025491892,0.0966926362273845,0.0591329751541704,0.0910342868349819,0.0966926362273845,TRUE
"gene_158",21.393215519088,0.185545600143704,0.28834324328381,0.200880544208257,0.200880544208257,FALSE
"gene_159",877.935764458676,0.0493591751393945,0.0561909938576664,0.0518144689878779,0.0518144689878779,FALSE
"gene_160",1496.28093994955,0.0661490898209707,0.053794822603749,0.0644821415546401,0.0644821415546401,FALSE
"gene_161",535.327344447777,0.0549258837047496,0.0599018885091503,0.0555533947825523,0.0555533947825523,FALSE
"gene_162",57.4359916875598,0.0937520841900635,0.139022271847976,0.100245617258427,0.100245617258427,FALSE
"gene_163",1759.87394054876,0.0489230655414675,0.0532852548565593,0.048965868864872,0.048965868864872,FALSE
"gene_164",567.574429010092,0.0640823493540156,0.0593616183632571,0.0626311275635758,0.0626311275635758,FALSE
"gene_165",185.224616347995,0.064072508196975,0.077875697642073,0.0658921496179508,0.0658921496179508,FALSE
"gene_166",284.585598573847,0.0520189854012659,0.0682802107739005,0.0544112059246512,0.0544112059246512,FALSE
"gene_167",23.1339021576055,0.255518263779964,0.270438899959624,0.25786077682013,0.25786077682013,FALSE
"gene_168",5.48334603709095,1.18161802109488,0.978754174597779,1.14270444553823,1.14270444553823,FALSE
"gene_169",760.158043209996,0.0499044620397632,0.0570893721991142,0.0504625143457256,0.0504625143457256,FALSE
"gene_170",2964.34259898406,0.0517906044060735,0.0521099560090799,0.0534366549292788,0.0534366549292788,FALSE
"gene_171",56.7220318267722,0.134589068225592,0.140137851682253,0.135434999624036,0.135434999624036,FALSE
"gene_172",11.6570342614982,0.696910210812552,0.487084152995008,0.655039492248664,0.655039492248664,FALSE
"gene_173",18.3483048796366,0.366512075794448,0.32783125798065,0.36032819565907,0.36032819565907,FALSE
"gene_174",233.891270996331,0.0624404981112941,0.0721572053749332,0.0638796805022445,0.0638796805022445,FALSE
"gene_175",352.609228305585,0.0865116149847427,0.0648294411123067,0.0833638544166146,0.0833638544166146,FALSE
"gene_176",201.530796653959,0.0960045256943979,0.0756520043969329,0.0930292530949203,0.0930292530949203,FALSE
"gene_177",137.815412252615,0.0642858780432016,0.0873299879571735,0.067985209751521,0.067985209751521,FALSE
"gene_178",106.07646109818,0.122685479833931,0.0983819280489483,0.119013429911624,0.119013429911624,FALSE
"gene_179",965.842088192987,0.0308957469270413,0.0556632611489328,0.0329073718081667,0.0329073718081667,FALSE
"gene_180",643.137040685039,0.0517544211076453,0.0583078543128567,0.052343784711337,0.052343784711337,FALSE
"gene_181",293.579372427862,0.0953999690057191,0.0677322288047239,0.0913119323495452,0.0913119323495452,FALSE
"gene_182",50.3020810806795,0.369914530614796,0.151591839746368,0.330504262079482,0.369914530614796,TRUE
"gene_183",25.9767318863922,0.238517701731182,0.246357584647515,0.239430592518251,0.239430592518251,FALSE
"gene_184",83.3650795119074,0.0942981219340171,0.111455766828635,0.0965781155956719,0.0965781155956719,FALSE
"gene_185",30.3439379554011,0.256950033533045,0.218153630925324,0.251951596180613,0.251951596180613,FALSE
"gene_186",303.558235814505,0.0738469567098341,0.0671622269336557,0.0729184102910422,0.0729184102910422,FALSE
"gene_187",306.232716041202,0.077439708932198,0.0670157704687536,0.0783684781038026,0.0783684781038026,FALSE
"gene_188",102.637429116941,0.0822646441467162,0.0999898841544378,0.0847537165862624,0.0847537165862624,FALSE
"gene_189",213.554607061736,0.0773956589778668,0.0742298245663892,0.0769573767776245,0.0769573767776245,FALSE
"gene_190",408.429123644725,0.0667048602505073,0.0628563760645333,0.0661952610012238,0.0661952610012238,FALSE
"gene_191",3866.97655485086,0.0529147395173991,0.0517091128324818,0.0527646821802694,0.0527646821802694,FALSE
"gene_192",1589.32741288511,0.0611965355083161,0.0535956469921752,0.0601984780649356,0.0601984780649356,FALSE
"gene_193",14.3083199979013,0.394224557310463,0.406166629931474,0.396173778082434,0.396173778082434,FALSE
"gene_194",554.983411057949,0.048073118533665,0.0595650979198258,0.0495444999595353,0.0495444999595353,FALSE
"gene_195",269.219593064706,0.0808953333617074,0.0693011600472946,0.0792579674462493,0.0792579674462493,FALSE
"gene_196",661.786986411492,0.0623537094097776,0.0580847959097614,0.0617952296036725,0.0617952296036725,FALSE
"gene_197",5.35961623803213,0.965604680514111,1.00018592890125,0.971211559803096,0.971211559803096,FALSE
"gene_198",11.2074958252443,0.429613379036816,0.504600072229889,0.441566837659993,0.441566837659993,FALSE
"gene_199",45.1845817643847,0.135665278921506,0.163053415676177,0.139645187472643,0.139645187472643,FALSE
"gene_200",7.09589346579869,0.89594481180858,0.767783292401113,0.872899912832633,0.872899912832633,FALSE
"gene_201",42.5317149469781,0.204962610925735,0.170080498113524,0.199467320057623,0.199467320057623,FALSE
"gene_202",87.0760754524182,0.107338900902702,0.108853389746353,0.107552539074249,0.107552539074249,FALSE
"gene_203",176.723829006016,0.0874881300152743,0.0791976874213309,0.0863265640487911,0.0863265640487911,FALSE
"gene_204",5.91025419844494,0.531734100008247,0.911696976084593,0.599341324272412,0.599341324272412,FALSE
"gene_205",1331.1776969734,0.0598575879498265,0.0542167805690599,0.0593838862993315,0.0593838862993315,FALSE
"gene_206",994.343330020914,0.0437257900806419,0.0555121891228334,0.0441378640252412,0.0441378640252412,FALSE
"gene_207",9.45680494853451,0.63440791361078,0.588685204823154,0.627108304247111,0.627108304247111,FALSE
"gene_208",20.4344753055962,0.25610574281197,0.2995073543602,0.262574649752988,0.262574649752988,FALSE
"gene_209",102.022522669813,0.0989618933331677,0.100288814487174,0.0991502356568418,0.0991502356568418,FALSE
"gene_210",3243.57669274281,0.0594868646847724,0.0519621205414297,0.0536048264428176,0.0536048264428176,FALSE
"gene_211",7.82309966491313,0.504912028843489,0.701097335890588,0.535277293089361,0.535277293089361,FALSE
"gene_212",11.4329810243024,0.508998593920547,0.495642037670134,0.506905872507145,0.506905872507145,FALSE
"gene_213",648.7132940637,0.0411203548437051,0.0582398167199141,0.0435733585441455,0.0435733585441455,FALSE
"gene_214",132.31523474113,0.0815899076271406,0.0888654243429901,0.0826054207959604,0.0826054207959604,FALSE
"gene_215",263.094325707861,0.0599160768604669,0.0697413799432254,0.0626574356480086,0.0626574356480086,FALSE
"gene_216",135.322716281486,0.0894513690394245,0.0880103868194349,0.0892537395160205,0.0892537395160205,FALSE
"gene_217",5.56667878593225,1.27198046992175,0.964856675505715,1.21355950040191,1.21355950040191,FALSE
"gene_218",14.3336029823332,0.254060987327195,0.405539081737549,0.277554832080907,0.277554832080907,FALSE
"gene_219",117.008255444748,0.11449283155876,0.0938984124149824,0.111382345619173,0.111382345619173,FALSE
"gene_220",5.32355314125422,0.772634593216237,1.00662006868109,0.814922893997008,0.814922893997008,FALSE
"gene_221",27.3305982263592,0.207366927173671,0.236650140437378,0.21192697566521,0.21192697566521,FALSE
"gene_222",588.687788515704,0.0632861491414569,0.0590399471057583,0.0601433879920739,0.0601433879920739,FALSE
"gene_223",182.033139094141,0.0881646072099117,0.0783575404193126,0.0867608689225392,0.0867608689225392,FALSE
"gene_224",183.770066906393,0.0865331358578661,0.0780932269473036,0.0836114484695983,0.0836114484695983,FALSE
"gene_225",113.108951894675,0.0758208767096155,0.0953982226915191,0.0780827880929004,0.0780827880929004,FALSE
"gene_226",36.2756036466236,0.208741325510827,0.190721923596703,0.205980793145987,0.205980793145987,FALSE
"gene_227",5288.90043351167,0.0587094174214694,0.0513551952168783,0.061851689100963,0.061851689100963,FALSE
"gene_228",267.885053047253,0.0811123389904127,0.069395357512732,0.077632877580823,0.077632877580823,FALSE
"gene_229",522.31727329887,0.0610539876703179,0.0601387468145059,0.0614361948407698,0.0614361948407698,FALSE
"gene_230",771.562882229338,0.0707806930616229,0.0569903855324463,0.0702935967845936,0.0702935967845936,FALSE
"gene_231",799.905826974539,0.0511763880186577,0.0567566108126723,0.0529227036609026,0.0529227036609026,FALSE
"gene_232",5663.4363040799,0.0453001980792602,0.0512915434053215,0.0460117014741406,0.0460117014741406,FALSE
"gene_233",25.9419744416794,0.353872045649261,0.246620141322451,0.336076122540608,0.336076122540608,FALSE
"gene_234",107.46705385116,0.0897281738752973,0.0977609612816612,0.090965346155399,0.090965346155399,FALSE
"gene_235",271.760839674787,0.0561856767081099,0.069124346297215,0.0578198455786599,0.0578198455786599,FALSE
"gene_236",131.906969051323,0.0746876876684606,0.0889845013891966,0.0766571105722987,0.0766571105722987,FALSE
"gene_237",101.082100670087,0.137584565278791,0.100753025271612,0.131782752588366,0.131782752588366,FALSE
"gene_238",63.3093087656873,0.142948826830091,0.130799949216865,0.141091057325873,0.141091057325873,FALSE
"gene_239",531.169361843487,0.0691077758763215,0.0599763262160302,0.0678565704104076,0.0678565704104076,FALSE
"gene_240",562.215300684172,0.0711676468611442,0.0594471115364862,0.070658120658998,0.070658120658998,FALSE
"gene_241",38.2469121082514,0.174458968362812,0.183489125826659,0.175873605316445,0.175873605316445,FALSE
"gene_242",61.9508134006282,0.180645905289646,0.132563168547525,0.173081488638918,0.173081488638918,FALSE
"gene_243",137.945171209275,0.0816878681604972,0.087295242677165,0.0824644763110908,0.0824644763110908,FALSE
"gene_244",187.854034068162,0.0839666704155667,0.0774910145325713,0.0836301210244312,0.0836301210244312,FALSE
"gene_245",23.65529384057,0.185836533787276,0.26558881194537,0.197832381875941,0.197832381875941,FALSE
"gene_246",1524.9917175621,0.0636174385266235,0.0537307714305979,0.0623028283019341,0.0623028283019341,FALSE
"gene_247",4.58049896812259,1.20468579132624,1.16174044742475,1.19696884618005,1.19696884618005,FALSE
"gene_248",71.7574305702789,0.0663767158131606,0.121333470173222,0.0737096918872807,0.0737096918872807,FALSE
"gene_249",6.41965983510972,0.695212578124804,0.843351726799511,0.719559746161852,0.719559746161852,FALSE
"gene_250",6.04470010855311,1.03991706958055,0.892539890565306,1.0143556626245,1.0143556626245,FALSE
"gene_251",283.49291868023,0.0517893279262589,0.0683491554252611,0.0549713672841292,0.0549713672841292,FALSE
"gene_252",178.151473100107,0.0786643162423577,0.0789668542677711,0.078673679849135,0.078673679849135,FALSE
"gene_253",11999.5802879391,0.0490088606247109,0.0508169281170774,0.0492281924070065,0.0492281924070065,FALSE
"gene_254",3.83049474209058,1.25921897207746,1.37934040807504,1.2815276205195,1.2815276205195,FALSE
"gene_255",9.65886724934918,0.740829236782545,0.577424192668571,0.711592099939962,0.711592099939962,FALSE
"gene_256",36.1151141571376,0.211852866302765,0.191345523038393,0.208723934033377,0.208723934033377,FALSE
"gene_257",334.662927060251,0.0421326627831544,0.0656036112876248,0.0444153301957319,0.0444153301957319,FALSE
"gene_258",133.590784145043,0.112019208994886,0.0884980797129035,0.10852555459108,0.10852555459108,FALSE
"gene_259",145.369635269789,0.0785548145922731,0.085410519079657,0.0794971145079809,0.0794971145079809,FALSE
"gene_260",212.472796889617,0.0786653303431924,0.0743511918252042,0.0780582718784118,0.0780582718784118,FALSE
"gene_261",32.5854536418181,0.201549515621907,0.206613550607147,0.202315928303596,0.202315928303596,FALSE
"gene_262",483.136254229047,0.0515000488018769,0.0609291241413268,0.0526657254126293,0.0526657254126293,FALSE
"gene_263",199.134595971431,0.0636388105131388,0.0759559513616486,0.0645036944571261,0.0645036944571261,FALSE
"gene_264",461.855746966038,0.0727249558864564,0.0614146012516947,0.0686193015847574,0.0686193015847574,FALSE
"gene_265",36.5301924513859,0.126874308471824,0.189743931250398,0.136274623981112,0.136274623981112,FALSE
"gene_266",16.579688697847,0.377063389700954,0.357426645885708,0.373868487534039,0.373868487534039,FALSE
"gene_267",24.9892393948109,0.124907543081284,0.25410147178628,0.143758022066736,0.143758022066736,FALSE
"gene_268",2424.76235957896,0.0419663869794491,0.0524920948850885,0.0435505046381245,0.0435505046381245,FALSE
"gene_269",33.481969145266,0.154291973476955,0.202430570462781,0.161579339014765,0.161579339014765,FALSE
"gene_270",29.8876209148437,0.20330070859899,0.220714964613154,0.205903864184149,0.205903864184149,FALSE
"gene_271",11.4812460284392,0.32860398310592,0.493770293005664,0.353926532065347,0.353926532065347,FALSE
"gene_272",5.4322488777084,1.12183769633436,0.987486586378447,1.09666113361984,1.09666113361984,FALSE
"gene_273",116.178686514338,0.0719828595038609,0.0942090630702342,0.0749899292246505,0.0749899292246505,FALSE
"gene_274",41.7094687835062,0.104178333423198,0.172439982266171,0.114103327252671,0.114103327252671,FALSE
"gene_275",499.167299245533,0.0456355643980946,0.060590740903839,0.0474253862468815,0.0474253862468815,FALSE
"gene_276",1372.56229024017,0.0455564600344952,0.0541014794936887,0.04621378497843,0.04621378497843,FALSE
"gene_277",4.63218050894144,0.614012010224738,1.14934106796984,0.705095704343007,0.705095704343007,FALSE
"gene_278",1176.16491726075,0.0569182732745607,0.054720775319111,0.0544932884969519,0.0544932884969519,FALSE
"gene_279",9.27458351753967,0.523825763943982,0.599261251698887,0.535344311208764,0.535344311208764,FALSE
"gene_280",333.841673476681,0.0529230588694258,0.0656410302625348,0.055819491978966,0.055819491978966,FALSE
"gene_281",345.965720462498,0.0808449682605209,0.0651066668006741,0.0762016664965099,0.0762016664965099,FALSE
"gene_282",99.3047466103731,0.0850924969468723,0.101654373161444,0.0873987973206756,0.0873987973206756,FALSE
"gene_283",46.2904714089061,0.179593007268448,0.160361926217216,0.17658515884858,0.17658515884858,FALSE
"gene_284",7.13512076850377,0.941217298259771,0.763839238931827,0.909259545715956,0.909259545715956,FALSE
"gene_285",363.026649209068,0.0547372031368739,0.0644151641410282,0.0559623982391028,0.0559623982391028,FALSE
"gene_286",4923.13330308379,0.0504639561563338,0.05142670417505,0.052399464163706,0.052399464163706,FALSE
"gene_287",65.243377774641,0.157673459705624,0.128416363802873,0.153218619655605,0.153218619655605,FALSE
"gene_288",1312.96524683805,0.0499267429222567,0.054269825254016,0.050450328400341,0.050450328400341,FALSE
"gene_289",8.55010287976307,0.642411956347488,0.645768836700026,0.643113657603914,0.643113657603914,FALSE
"gene_290",56.6721005254104,0.1189873589347,0.140216922195593,0.122094274043477,0.122094274043477,FALSE
"gene_291",256.106292875965,0.0709300452867431,0.0702693216445171,0.0718947957312841,0.0718947957312841,FALSE
"gene_292",6.2402732713252,0.700127526879679,0.866146593045586,0.727100973026247,0.727100973026247,FALSE
"gene_293",333.616067637446,0.0757762254945158,0.065651341851439,0.0743754637944996,0.0743754637944996,FALSE
"gene_294",620.285453533517,0.0655970741971842,0.0585994519576767,0.0660852621539002,0.0660852621539002,FALSE
"gene_295",48.866194484337,0.197565172299075,0.154565480031008,0.190742487936871,0.190742487936871,FALSE
"gene_296",290.156585822123,0.0757602303339282,0.0679367718020956,0.0724616885682716,0.0724616885682716,FALSE
"gene_297",33.6657692071966,0.128362230525485,0.201600511617479,0.139100379208302,0.139100379208302,FALSE
"gene_298",114.111088338765,0.102841825064677,0.0950029791402932,0.101590801891772,0.101590801891772,FALSE
"gene_299",42.2836595606643,0.177296364451986,0.170782641746358,0.176313930373222,0.176313930373222,FALSE
"gene_300",2960.45260055875,0.0606876465747778,0.0521122124589033,0.0591319411917353,0.0591319411917353,FALSE
"gene_301",70.3818996692678,0.101400312207731,0.122719923484194,0.104481170984594,0.104481170984594,FALSE
"gene_302",20.9377868012077,0.192962144074433,0.293519029562237,0.208379624820158,0.208379624820158,FALSE
"gene_303",138.076723592987,0.0744095993941056,0.0872600838395609,0.0761541501111524,0.0761541501111524,FALSE
"gene_304",51.086663924702,0.157888944501636,0.150037635563265,0.156003314170077,0.156003314170077,FALSE
"gene_305",48.3227611326412,0.185627064606489,0.155736997556594,0.180924645768888,0.180924645768888,FALSE
"gene_306",92.8242746763273,0.144327896806709,0.105233176421784,0.136213891203861,0.136213891203861,FALSE
"gene_307",253.578903151991,0.0700036000201273,0.0704674294598559,0.070060609345578,0.070060609345578,FALSE
"gene_308",21.8662461964065,0.419720144809845,0.283195679116676,0.397592762797493,0.397592762797493,FALSE
"gene_309",741.347942335525,0.0547991751841724,0.0572592857066496,0.0551072113682992,0.0551072113682992,FALSE
"gene_310",2578.96563022849,0.0436059250464839,0.0523665665954988,0.0438257200373387,0.0438257200373387,FALSE
"gene_311",24.5453324107878,0.238991672791454,0.257785583445469,0.241927876197013,0.241927876197013,FALSE
"gene_312",445.888482469372,0.0670744432526515,0.0618092953886289,0.0666765074080892,0.0666765074080892,FALSE
"gene_313",173.497044090913,0.0832289431512937,0.0797334169533908,0.0827451767848447,0.0827451767848447,FALSE
"gene_314",114.79276630476,0.115558287558687,0.0947380683493161,0.112423614397719,0.112423614397719,FALSE
"gene_315",6297.23135070678,0.0368128041303385,0.0512010781249489,0.0348003767463345,0.0348003767463345,FALSE
"gene_316",242.12307510619,0.0509758141765321,0.0714172464814718,0.0532143971261561,0.0532143971261561,FALSE
"gene_317",19.8943470073583,0.244978626318661,0.306270776795158,0.254754396204681,0.254754396204681,FALSE
"gene_318",702.797255319924,0.0574012845562724,0.0576359398428764,0.0551283674531558,0.0551283674531558,FALSE
"gene_319",45.0807290717877,0.139964060003582,0.163312952703095,0.143487064155916,0.143487064155916,FALSE
"gene_320",404.315289877018,0.0543851751749298,0.0629831916505986,0.0554715584122212,0.0554715584122212,FALSE
"gene_321",16.6504197521673,0.272238003540002,0.356122364381796,0.285317684892536,0.285317684892536,FALSE
"gene_322",29.7553566860973,0.274044718994792,0.22147205661681,0.265538862248847,0.265538862248847,FALSE
"gene_323",172.13026757147,0.0874947119611292,0.0799663928262515,0.0858708066748016,0.0858708066748016,FALSE
"gene_324",235.290922904931,0.0954574370013721,0.072027737024173,0.0919437463285604,0.0919437463285604,FALSE
"gene_325",7.10258245380226,1.28659713697134,0.767107676583945,1.17956229832827,1.28659713697134,TRUE
"gene_326",64.5847343668836,0.123032749481132,0.129212059110004,0.123955025585421,0.123955025585421,FALSE
"gene_327",418.981038875274,0.0709249253862616,0.062542482086484,0.0685206982288468,0.0685206982288468,FALSE
"gene_328",159.82640359451,0.0775073110216194,0.082243054583499,0.0781602433067198,0.0781602433067198,FALSE
"gene_329",440.866597445974,0.0594174358467892,0.0619393411128371,0.0587119445772794,0.0587119445772794,FALSE
"gene_330",441.574917917057,0.0622898965220174,0.0619208194078157,0.0622424813342761,0.0622424813342761,FALSE
"gene_331",919.975533876505,0.0687829687533142,0.0559260315677247,0.0668339342593829,0.0668339342593829,FALSE
"gene_332",862.082098586684,0.0545147982224715,0.0562976242715416,0.0567497420019232,0.0567497420019232,FALSE
"gene_333",11.1021957909448,0.443194097362786,0.508908053506147,0.453769337138869,0.453769337138869,FALSE
"gene_334",58.1460974866668,0.140319454263818,0.137939888442051,0.139947000086136,0.139947000086136,FALSE
"gene_335",4608.23546846489,0.0535194199705816,0.0514973613352927,0.0508465921292074,0.0508465921292074,FALSE
"gene_336",681.796318347002,0.0530802752469522,0.0578590486556611,0.0529490653396622,0.0529490653396622,FALSE
"gene_337",11.0781738618315,0.579986771629031,0.509902298892825,0.567803135471697,0.567803135471697,FALSE
"gene_338",4.51584904030488,1.32176275513906,1.17765075594855,1.29449834271014,1.29449834271014,FALSE
"gene_339",1666.8688497127,0.038386971671268,0.0534466485247049,0.038923432339139,0.038923432339139,FALSE
"gene_340",3864.09783780454,0.0506132989409266,0.0517100935458349,0.0496817039127308,0.0496817039127308,FALSE
"gene_341",17.5562089044805,0.241837075340289,0.340348650784688,0.256730219834111,0.256730219834111,FALSE
"gene_342",56.9948631312826,0.157091704695963,0.139708246543637,0.154409342303853,0.154409342303853,FALSE
"gene_343",18.0172114344597,0.347788149630839,0.33292961004438,0.3453876112692,0.3453876112692,FALSE
"gene_344",195.540379476272,0.0638514125421029,0.0764258279688703,0.0655292916522524,0.0655292916522524,FALSE
"gene_345",325.629634965302,0.0816045849645288,0.0660255771216041,0.0793986129415675,0.0793986129415675,FALSE
"gene_346",29.2701565614214,0.105436417116154,0.224307973250384,0.122905990606886,0.122905990606886,FALSE
"gene_347",4247.91544799801,0.0567835767458897,0.051591061559397,0.0577896483900903,0.0577896483900903,FALSE
"gene_348",1294.05981583012,0.0446057378654745,0.0543264676691845,0.0457476215700106,0.0457476215700106,FALSE
"gene_349",130.229120308952,0.0728029928993275,0.0894817112357905,0.0750589748410828,0.0750589748410828,FALSE
"gene_350",907.446787339973,0.0721541556075033,0.0560024279758785,0.0699192870038842,0.0699192870038842,FALSE
"gene_351",287.216123604962,0.0699882931684964,0.0681163845332426,0.0710069239952938,0.0710069239952938,FALSE
"gene_352",838.041258107486,0.0510147283514647,0.0564670184113436,0.0522419560865097,0.0522419560865097,FALSE
"gene_353",5.14431582501759,0.928578381671754,1.03993676863186,0.949177998766522,0.949177998766522,FALSE
"gene_354",71.2256431174948,0.126603299536215,0.1218631306774,0.125906347397316,0.125906347397316,FALSE
"gene_355",1831.45010621972,0.0470238919332344,0.0531722090284847,0.0469802115814622,0.0469802115814622,FALSE
"gene_356",322.948303226288,0.104704125154861,0.0661553716490711,0.0988304964539076,0.104704125154861,TRUE
"gene_357",56.6502376746242,0.122293433471104,0.140251587778455,0.124960756002886,0.124960756002886,FALSE
"gene_358",57.8199008555865,0.154308459527952,0.13843379446115,0.151839693171805,0.151839693171805,FALSE
"gene_359",709.344233964895,0.0397807860927437,0.0575690875069325,0.0410040943264347,0.0410040943264347,FALSE
"gene_360",2798.70652379692,0.0501353902798967,0.0522115883521606,0.0506481331900293,0.0506481331900293,FALSE
"gene_361",83.6533156294774,0.0933556121598253,0.111245367749952,0.0959280622656007,0.0959280622656007,FALSE
"gene_362",4.50789918086069,0.899159730359563,1.17963872034644,0.950732837885115,0.950732837885115,FALSE
"gene_363",533.799249954137,0.0691676148832439,0.0599291102306242,0.0670722987857611,0.0670722987857611,FALSE
"gene_364",167.847481618725,0.0720364061462941,0.0807209932736917,0.074746968339833,0.074746968339833,FALSE
"gene_365",140.947915473997,0.0989550168059533,0.0865090736163533,0.0970681155738905,0.0970681155738905,FALSE
"gene_366",55.2311649847407,0.154280985340979,0.142560361997187,0.152521310896106,0.152521310896106,FALSE
"gene_367",131.924453295108,0.0893148599483247,0.0889793867315279,0.0886025497673095,0.0886025497673095,FALSE
"gene_368",600.012882542834,0.0829173473714356,0.0588767325164522,0.0794170184622035,0.0794170184622035,FALSE
"gene_369",129.139920583861,0.0514891180394228,0.0898113981148055,0.0563675643998368,0.0563675643998368,FALSE
"gene_370",52.2047524236237,0.157203810654774,0.147903503166102,0.15699049278783,0.15699049278783,FALSE
"gene_371",4.23581058521761,1.32079439645412,1.25217618558504,1.30650952707014,1.30650952707014,FALSE
"gene_372",144.818215678444,0.0691267562047,0.0855438552757887,0.0713326669650384,0.0713326669650384,FALSE
"gene_373",6.51700131489714,0.731994672357783,0.831507659092761,0.749863535566024,0.749863535566024,FALSE
"gene_374",23.9806278135309,0.273331265372018,0.262669346878084,0.271604793025581,0.271604793025581,FALSE
"gene_375",4.21467321893592,1.24162348235183,1.25820335218845,1.24495427714417,1.24495427714417,FALSE
"gene_376",843.694580034992,0.0649328275000517,0.0564263164047954,0.0637873652418596,0.0637873652418596,FALSE
"gene_377",17.986385614522,0.326587320599541,0.333413833613186,0.32766295504446,0.32766295504446,FALSE
"gene_378",381.151301142878,0.073896294221256,0.0637483627094633,0.0725048251751649,0.0725048251751649,FALSE
"gene_379",41.1246529120875,0.330478540307838,0.174175563751037,0.303610527641863,0.330478540307838,TRUE
"gene_380",1019.94030634137,0.0547381339817205,0.0553837077083356,0.0564548497290611,0.0564548497290611,FALSE
"gene_381",4686.38517109288,0.0595855044043271,0.0514789401551504,0.0569958892748931,0.0569958892748931,FALSE
"gene_382",26.2480640326775,0.253826746336981,0.244331851551363,0.252220744425693,0.252220744425693,FALSE
"gene_383",5536.95550736042,0.0568623582020994,0.0513120756438361,0.0577300240983621,0.0577300240983621,FALSE
"gene_384",4.89701434425546,1.11028158333595,1.08990919991062,1.10672099383428,1.10672099383428,FALSE
"gene_385",2031.59201211238,0.0562221116852928,0.0528983864820267,0.0574457859376658,0.0574457859376658,FALSE
"gene_386",9.22314360140266,0.41611258650937,0.602322437055202,0.446647374891529,0.446647374891529,FALSE
"gene_387",63.3245318097578,0.0789463404625476,0.130780619534945,0.0860009358510896,0.0860009358510896,FALSE
"gene_388",738.205736768963,0.048934358602963,0.0572885136228474,0.0513366807516803,0.0513366807516803,FALSE
"gene_389",181.743823536834,0.0811277765613912,0.0784020572697794,0.0807391784344953,0.0807391784344953,FALSE
"gene_390",17.3506568310026,0.320815854747866,0.34378373954996,0.324513840472713,0.324513840472713,FALSE
"gene_391",193.90986579384,0.0615861997448413,0.0766447305337653,0.0647093966752431,0.0647093966752431,FALSE
"gene_392",27.137444923266,0.356713726855828,0.23797584517599,0.33748822042782,0.33748822042782,FALSE
"gene_393",642.682391542724,0.0801244061655525,0.058313453683477,0.0769807751073893,0.0769807751073893,FALSE
"gene_394",10.7265512076159,0.689934815024117,0.52496529358056,0.661571467038225,0.661571467038225,FALSE
"gene_395",90.4032260353639,0.118661635069639,0.106701834789921,0.116840184436259,0.116840184436259,FALSE
"gene_396",2283.09514736747,0.0413449373253898,0.05262236323656,0.0402789184804879,0.0402789184804879,FALSE
"gene_397",21.553436421027,0.323063993105442,0.286574400047503,0.317140371943937,0.317140371943937,FALSE
"gene_398",472.812560344298,0.0724166193046256,0.0611591831518849,0.0697769974236761,0.0697769974236761,FALSE
"gene_399",5.16779370814694,1.19950464404254,1.03544115575646,1.16807970867646,1.16807970867646,FALSE
"gene_400",48.9167436407253,0.143509602938056,0.154457830878145,0.145129838801313,0.145129838801313,FALSE
"gene_401",28.2766046578917,0.277198245991267,0.230418814711695,0.269551730014507,0.269551730014507,FALSE
"gene_402",33.2700340701531,0.141015605581608,0.203399074338092,0.149204211494109,0.149204211494109,FALSE
"gene_403",8.5498038003259,0.650642997997728,0.645789663465555,0.64960741665555,0.64960741665555,FALSE
"gene_404",58.5078106353537,0.103481378785605,0.137398645010158,0.108240040644459,0.108240040644459,FALSE
"gene_405",332.274790210158,0.0590537775597469,0.0657129356554091,0.0587676843330308,0.0587676843330308,FALSE
"gene_406",81.2948400876023,0.114746992029753,0.113010787573299,0.114488121962225,0.114488121962225,FALSE
"gene_407",400.797449030194,0.0753932527960557,0.0630936996802557,0.0736823546555133,0.0736823546555133,FALSE
"gene_408",651.777589355443,0.054249455500132,0.058202923959254,0.0549543247314617,0.0549543247314617,FALSE
"gene_409",305.861838303004,0.0707933800837447,0.0670359270395039,0.0713806992751201,0.0713806992751201,FALSE
"gene_410",657.368378504967,0.0888675585580158,0.058136499558851,0.08433844777315,0.08433844777315,FALSE
"gene_411",7.65723101738954,1.38785555309818,0.71519270498719,1.26021678316633,1.38785555309818,TRUE
"gene_412",10.8588789898438,0.826120292810476,0.519182087181557,0.774362255015704,0.826120292810476,TRUE
"gene_413",2166.74799869239,0.0651581065702173,0.0527420885800149,0.0635100905709171,0.0635100905709171,FALSE
"gene_414",294.063718711018,0.0884572118394548,0.06770366922904,0.0854690516494972,0.0854690516494972,FALSE
"gene_415",789.410238597657,0.0441472504749595,0.0568412220287016,0.0470461778696957,0.0470461778696957,FALSE
"gene_416",2321.59547125867,0.0400720821415462,0.0525853875210764,0.0411180147102282,0.0411180147102282,FALSE
"gene_417",147.370228443427,0.0728688186335687,0.0849351421654338,0.0746111160446296,0.0746111160446296,FALSE
"gene_418",404.213939975461,0.0760578665043601,0.0629863485056488,0.0742377477484664,0.0742377477484664,FALSE
"gene_419",5281.35716686631,0.0521429219796224,0.0513565699275111,0.053571431508168,0.053571431508168,FALSE
"gene_420",117.311307816907,0.0860554422574937,0.0937860233470986,0.0871347854260336,0.0871347854260336,FALSE
"gene_421",125.278942554529,0.107599800533664,0.0910262448713088,0.105133969567236,0.105133969567236,FALSE
"gene_422",83.3441383800433,0.137468009629916,0.111471109595424,0.133475853987401,0.133475853987401,FALSE
"gene_423",143.232825222205,0.0592179235007998,0.0859329302086154,0.0636942539782451,0.0636942539782451,FALSE
"gene_424",123.159744021804,0.070725911755598,0.0917254225423583,0.0735522789976344,0.0735522789976344,FALSE
"gene_425",5.00481395336252,1.27919979007798,1.06751886270607,1.23649236950015,1.23649236950015,FALSE
"gene_426",8.69563553596504,0.864606793406804,0.635804450558853,0.82216083094992,0.82216083094992,FALSE
"gene_427",115.022312089611,0.106118960005447,0.0946495699390316,0.104422365336567,0.104422365336567,FALSE
"gene_428",923.101449041515,0.059393988122414,0.0559072939558376,0.0600134548888168,0.0600134548888168,FALSE
"gene_429",53.1486469529948,0.165382528702755,0.146171758024683,0.162479647774942,0.162479647774942,FALSE
"gene_430",3239.12175458108,0.0531361244500513,0.0519642790461277,0.0513903425219582,0.0513903425219582,FALSE
"gene_431",3676.65740582321,0.0705724568414759,0.0517772557221849,0.0684363233863308,0.0684363233863308,FALSE
"gene_432",441.951170854342,0.054284115978988,0.0619110050028171,0.0565919187121562,0.0565919187121562,FALSE
"gene_433",114.68083099175,0.0811442611215537,0.0947813520641609,0.0830607615577229,0.0830607615577229,FALSE
"gene_434",382.260100731375,0.074058325615185,0.063709622725047,0.0726369849346647,0.0726369849346647,FALSE
"gene_435",5331.4763450197,0.0408603421848624,0.0513475089786873,0.0406983886614693,0.0406983886614693,FALSE
"gene_436",8.56422372276362,0.766530087513088,0.644787170037999,0.746220855369982,0.746220855369982,FALSE
"gene_437",4.61905451103844,1.25965452638639,1.15246395684328,1.24155276665008,1.24155276665008,FALSE
"gene_438",11.9404011083743,0.396505608014591,0.476720692152234,0.410174526631961,0.410174526631961,FALSE
"gene_439",139.977015338448,0.0479365557001137,0.0867595818112404,0.0527154054567424,0.0527154054567424,FALSE
"gene_440",8.29310548742601,1.18443436461993,0.664219116168312,1.08868437544129,1.18443436461993,TRUE
"gene_441",7.23727101855378,0.823614464518686,0.753769318669252,0.810822001485228,0.810822001485228,FALSE
"gene_442",71.5925471320023,0.132517423701443,0.121496852510168,0.130851946244105,0.130851946244105,FALSE
"gene_443",2618.51614615059,0.0462429036599295,0.0523367530171669,0.0479770724666151,0.0479770724666151,FALSE
"gene_444",74.1072335531048,0.112806868340134,0.119084069958583,0.112082618186759,0.112082618186759,FALSE
"gene_445",11.8639028803114,0.372589672732241,0.479469647204992,0.389603257435963,0.389603257435963,FALSE
"gene_446",75.8292648458767,0.116157130755586,0.117524135489506,0.116349694944715,0.116349694944715,FALSE
"gene_447",466.617933304693,0.0695075264318465,0.0613021145017006,0.0683956647383308,0.0683956647383308,FALSE
"gene_448",33.9782144886456,0.213784170088228,0.200210086395556,0.21164560856632,0.21164560856632,FALSE
"gene_449",16.6878372783427,0.383913662494804,0.355436856282183,0.379283320598185,0.379283320598185,FALSE
"gene_450",226.587147530894,0.0963919172296208,0.0728587924533857,0.0929210262163074,0.0929210262163074,FALSE
"gene_451",90.5044489062795,0.0805030458550801,0.106638856979661,0.0838618138606606,0.0838618138606606,FALSE
"gene_452",978.512103417519,0.0541440071184303,0.0555950166624151,0.0547967224357441,0.0547967224357441,FALSE
"gene_453",5.20708504571675,0.96522495260015,1.02800823101015,0.977526770910356,0.977526770910356,FALSE
"gene_454",2488.71130590791,0.04629750364561,0.0524381497291526,0.0452874349749665,0.0452874349749665,FALSE
"gene_455",4391.65574967771,0.0676427969754732,0.0515518388887846,0.0647562414605153,0.0647562414605153,FALSE
"gene_456",5.80741862666199,0.990369736185535,0.926948626280443,0.977153998528139,0.977153998528139,FALSE
"gene_457",570.884358844466,0.0787945624710425,0.05930961749628,0.0760139611295239,0.0760139611295239,FALSE
"gene_458",93.4633061303019,0.137890763138184,0.104858218707113,0.132794385151191,0.132794385151191,FALSE
"gene_459",432.522214142271,0.077313092787386,0.0621621032596273,0.0776275668912013,0.0776275668912013,FALSE
"gene_460",55.2083215014201,0.105943623362065,0.142598498102959,0.111142094390992,0.111142094390992,FALSE
"gene_461",66.5202464162314,0.133039712126246,0.126918684952331,0.1321401702957,0.1321401702957,FALSE
"gene_462",9.32608162195988,1.11487022780184,0.596230430074529,1.01846387046304,1.11487022780184,TRUE
"gene_463",7.74413153226824,0.734674118574774,0.707732673833125,0.730310653942801,0.730310653942801,FALSE
"gene_464",270.411058722665,0.0795280871229584,0.069217846969401,0.0780977598994025,0.0780977598994025,FALSE
"gene_465",16.4137486592577,0.274663573192156,0.360530703675401,0.289217280940804,0.289217280940804,FALSE
"gene_466",1566.08844681178,0.0485831051513398,0.0536431750320939,0.049874857795291,0.049874857795291,FALSE
"gene_467",1442.87984372501,0.0419369606952393,0.0539207353290744,0.0454720351762585,0.0454720351762585,FALSE
"gene_468",14.2225801098469,0.49129044828519,0.408311389634682,0.478024463306616,0.478024463306616,FALSE
"gene_469",4307.1546182733,0.0406940161313589,0.051574579730434,0.044251421507082,0.044251421507082,FALSE
"gene_470",5.33874160933825,1.01442870369106,1.00389964692399,1.0123872752957,1.0123872752957,FALSE
"gene_471",247.281813042678,0.0633914403540577,0.0709786371459372,0.064390994938506,0.064390994938506,FALSE
"gene_472",817.305546683257,0.0566705255771654,0.056621128778789,0.0566558614516274,0.0566558614516274,FALSE
"gene_473",152.339794317182,0.0907782100992152,0.0838083129660457,0.0897839061949981,0.0897839061949981,FALSE
"gene_474",122.384175158089,0.114187077427553,0.091987354859481,0.110887458680909,0.110887458680909,FALSE
"gene_475",10.968374460943,0.59446722417616,0.514502240164559,0.580743064697722,0.580743064697722,FALSE
"gene_476",32.8481392573511,0.173146506666344,0.205364257023865,0.177904794546301,0.177904794546301,FALSE
"gene_477",36.1358373223468,0.160881432652765,0.191264689472619,0.165453454858766,0.165453454858766,FALSE
"gene_478",137.863804171601,0.114715560747573,0.0873170225082113,0.110585490839715,0.110585490839715,FALSE
"gene_479",54.4216645035475,0.169747744742025,0.143931319046162,0.165718428268206,0.165718428268206,FALSE
"gene_480",45.7619368416913,0.13566385101941,0.161632032772594,0.139601979769274,0.139601979769274,FALSE
"gene_481",2178.9027196781,0.0598755294364284,0.0527289828411261,0.0621345702386958,0.0621345702386958,FALSE
"gene_482",303.267735352412,0.0619601545914763,0.0671782904774391,0.0626451008011617,0.0626451008011617,FALSE
"gene_483",18.599629074092,0.365541861534196,0.324082418627769,0.358833196699554,0.358833196699554,FALSE
"gene_484",1100.95870723541,0.0480835296864004,0.0550164248632747,0.0490201192661623,0.0490201192661623,FALSE
"gene_485",254.810818109571,0.0640770076214653,0.0703703756676602,0.065516943551753,0.065516943551753,FALSE
"gene_486",737.164202709902,0.0557953056585311,0.057298256665084,0.0569260426460062,0.0569260426460062,FALSE
"gene_487",39.7108671823338,0.126534449035777,0.178582479413882,0.134061786104035,0.134061786104035,FALSE
"gene_488",78.8415374513929,0.149043775095887,0.11495926698796,0.143489038727448,0.143489038727448,FALSE
"gene_489",325.682177827704,0.0654870220058374,0.0660230550432507,0.06555492472289,0.06555492472289,FALSE
"gene_490",171.010829600391,0.0674154683555557,0.0801599823888103,0.0691241931000848,0.0691241931000848,FALSE
"gene_491",141.902438058142,0.100651143181372,0.086266132817109,0.0985597277124581,0.0985597277124581,FALSE
"gene_492",43.1213097771333,0.102318695265946,0.168444014764913,0.112185359248309,0.112185359248309,FALSE
"gene_493",44.4154722717857,0.132862604362897,0.165004276927375,0.137511252880918,0.137511252880918,FALSE
"gene_494",107.243257135697,0.117401874335948,0.0978598100202717,0.114487337160568,0.114487337160568,FALSE
"gene_495",79.7804866752644,0.0824398591454219,0.114199372833739,0.0868422587872076,0.0868422587872076,FALSE
"gene_496",5684.09418166786,0.0383942049806466,0.0512882767209403,0.0402370161894143,0.0402370161894143,FALSE
"gene_497",26.5325966318384,0.206419659960328,0.242252069806921,0.211885924047653,0.211885924047653,FALSE
"gene_498",73.1149009436705,0.140137553072629,0.120016365330085,0.137115503965096,0.137115503965096,FALSE
"gene_499",898.758573897717,0.0402728677908816,0.0560566566554623,0.0418645438711524,0.0418645438711524,FALSE
"gene_500",5530.39895501571,0.0414036420392108,0.0513131656044364,0.045434318026111,0.045434318026111,FALSE
"gene_501",5.10478821705686,0.702044633875981,1.04759904730743,0.762950664752442,0.762950664752442,FALSE
"gene_502",219.451548779629,0.0806504141759406,0.073589290839146,0.079647554106095,0.079647554106095,FALSE
"gene_503",326.422364778717,0.0455256774976495,0.0659876120586158,0.0480317768684175,0.0480317768684175,FALSE
"gene_504",190.18555197009,0.0503101775664977,0.0771588115942151,0.0526980368775735,0.0526980368775735,FALSE
"gene_505",267.993632770792,0.0633985576549085,0.0693876584379929,0.0642064866147183,0.0642064866147183,FALSE
"gene_506",1976.77062987011,0.0631918215135587,0.0529678761068922,0.0588577054232014,0.0588577054232014,FALSE
"gene_507",2197.28553941571,0.0586175481207622,0.052709437171573,0.056131136830815,0.056131136830815,FALSE
"gene_508",35.323345247223,0.186497394064152,0.194504965048878,0.187732146140503,0.187732146140503,FALSE
"gene_509",5.44572898041984,0.976322442404283,0.985166948025539,0.978261580225101,0.978261580225101,FALSE
"gene_510",3633.95242886521,0.0445359169543511,0.0517935265201497,0.0453926919076397,0.0453926919076397,FALSE
"gene_511",463.824695669897,0.0905237934408088,0.0613678129864075,0.0864691167144339,0.0864691167144339,FALSE
"gene_512",454.918961020684,0.0902139122416633,0.0615826675616479,0.0830046547587912,0.0830046547587912,FALSE
"gene_513",66.2002061572808,0.0960757613916099,0.12728864445253,0.100157764067548,0.100157764067548,FALSE
"gene_514",5442.66317418399,0.0650481654721027,0.0513280034753203,0.0607187157796891,0.0607187157796891,FALSE
"gene_515",4739.63495153014,0.0495281606842479,0.0514667362812928,0.0511566179772224,0.0511566179772224,FALSE
"gene_516",1672.65540075235,0.0912886784545944,0.0534360833996364,0.0819151815184045,0.0912886784545944,TRUE
"gene_517",237.772750153892,0.0879346479199489,0.071801914604514,0.0856142046172226,0.0856142046172226,FALSE
"gene_518",787.449682131024,0.0578092554076793,0.0568572772594003,0.0591004865434999,0.0591004865434999,FALSE
"gene_519",62.4570462298703,0.100778062229539,0.131897152622542,0.105307521749583,0.105307521749583,FALSE
"gene_520",670.225216482708,0.0787887714560615,0.0579879513703295,0.0771124422250924,0.0771124422250924,FALSE
"gene_521",138.847025654992,0.112428260157398,0.0870555492476651,0.108616480110166,0.108616480110166,FALSE
"gene_522",118.009568470662,0.0834294180109184,0.0935292657904819,0.0848417529580191,0.0848417529580191,FALSE
"gene_523",71.0189566037391,0.115821856018198,0.122071131108636,0.117223864145834,0.117223864145834,FALSE
"gene_524",671.272126193312,0.0516673201018235,0.0579761058917247,0.0535261844388114,0.0535261844388114,FALSE
"gene_525",741.831037507746,0.0566503089238337,0.0572548140507841,0.0567301256161591,0.0567301256161591,FALSE
"gene_526",17.3621105832828,0.300483605099148,0.343590190024892,0.307452007994816,0.307452007994816,FALSE
"gene_527",121.881052371207,0.0836188125719223,0.0921590568337995,0.085296115916151,0.085296115916151,FALSE
"gene_528",222.533252316801,0.0800602258085606,0.073268057913111,0.0785517052162076,0.0785517052162076,FALSE
"gene_529",340.465636404268,0.0692216769777809,0.065344364914207,0.0706574927246836,0.0706574927246836,FALSE
"gene_530",76.2682505284737,0.0842398704347618,0.1171377396085,0.0889782495082021,0.0889782495082021,FALSE
"gene_531",17.9195564734233,0.529888699341318,0.334469331784758,0.497448138934312,0.529888699341318,TRUE
"gene_532",266.368564046614,0.0564355252289943,0.0695035433909741,0.0584013860425524,0.0584013860425524,FALSE
"gene_533",4.49451994023891,0.946805856755176,1.18300024824985,0.988252094818207,0.988252094818207,FALSE
"gene_534",10.4002694464595,0.738272752137485,0.539853790609689,0.704770871506758,0.704770871506758,FALSE
"gene_535",312.204431974433,0.0548880285582821,0.0666978113733356,0.0568190532177716,0.0568190532177716,FALSE
"gene_536",294.988521512517,0.0827038926597677,0.0676493985398635,0.0791702537674309,0.0791702537674309,FALSE
"gene_537",36.0587026605158,0.154624248233485,0.1915660345644,0.160289436769782,0.160289436769782,FALSE
"gene_538",3128.52490146941,0.0652911882522268,0.0520198360277866,0.0620464684657105,0.0620464684657105,FALSE
"gene_539",18.2660606208188,0.28591486292883,0.32908044513829,0.292797994915504,0.292797994915504,FALSE
"gene_540",102.923913908678,0.0907343728049755,0.099851832290046,0.0920577241231806,0.0920577241231806,FALSE
"gene_541",1343.95555307295,0.0676552041933915,0.0541804225832068,0.0645826385233153,0.0645826385233153,FALSE
"gene_542",41.681634287843,0.102267268036843,0.172521483976274,0.113413824557627,0.113413824557627,FALSE
"gene_543",47.6745258851449,0.138357248892197,0.157169374361482,0.141223734462509,0.141223734462509,FALSE
"gene_544",3055.55719822826,0.0521654073051088,0.0520586925032465,0.0510580735943121,0.0510580735943121,FALSE
"gene_545",1518.89659693892,0.0560206700103107,0.0537441666358589,0.0557647856535859,0.0557647856535859,FALSE
"gene_546",52.7888740090393,0.137918574232349,0.146824522709622,0.139329570895914,0.139329570895914,FALSE
"gene_547",3806.85115643547,0.0519193344462962,0.051729904211412,0.0551669693645859,0.0551669693645859,FALSE
"gene_548",1095.31889318754,0.0579687009460685,0.0550402324808439,0.0575607950008076,0.0575607950008076,FALSE
"gene_549",3.93193157908384,1.0664634660789,1.34505592243397,1.12240756057568,1.12240756057568,FALSE
"gene_550",262.048569902306,0.0656008108737665,0.0698185946045603,0.0661570519593773,0.0661570519593773,FALSE
"gene_551",8.26856113997033,0.923149155647107,0.666041194824454,0.873323934050344,0.873323934050344,FALSE
"gene_552",77.15350267855,0.112545336405895,0.116371913231252,0.113092941018375,0.113092941018375,FALSE
"gene_553",185.424818905838,0.0724183009670677,0.0778460243441771,0.0731602060300357,0.0731602060300357,FALSE
"gene_554",772.824140959063,0.0544792674247991,0.0569796180309499,0.0549888280969548,0.0549888280969548,FALSE
"gene_555",500.997577674687,0.0470107045471026,0.0605534847369165,0.0486381796782308,0.0486381796782308,FALSE
"gene_556",2064.73281313424,0.0509347535051995,0.0528581680248036,0.0526892290588152,0.0526892290588152,FALSE
"gene_557",3835.76496554175,0.0590080805064849,0.0517198244515266,0.0528437542493217,0.0528437542493217,FALSE
"gene_558",1288.65003169786,0.05555517729935,0.0543429817101558,0.0565834017934253,0.0565834017934253,FALSE
"gene_559",105.767901848871,0.10852297953981,0.0985219281727672,0.106084994299274,0.106084994299274,FALSE
"gene_560",99.6729467642306,0.110217699673751,0.101465008287913,0.108888201974532,0.108888201974532,FALSE
"gene_561",542.182204222631,0.066475337318192,0.0597816629928434,0.0655768616233461,0.0655768616233461,FALSE
"gene_562",1551.19806331017,0.0592252694646806,0.0536743772241517,0.0606394375439618,0.0606394375439618,FALSE
"gene_563",293.146671411832,0.0497001595201842,0.067757822922971,0.0524235101793262,0.0524235101793262,FALSE
"gene_564",38.1787951892966,0.167289510092543,0.183726590582257,0.16981822950353,0.16981822950353,FALSE
"gene_565",4231.85782654894,0.0577314038605832,0.0515956086859881,0.0541560511436358,0.0541560511436358,FALSE
"gene_566",73.9218084519178,0.166062181917243,0.119256375046826,0.158800666713122,0.158800666713122,FALSE
"gene_567",1208.3502323148,0.0394308147617249,0.0546054938570345,0.0413468033155501,0.0413468033155501,FALSE
"gene_568",3088.10103014458,0.04666631754357,0.0520411355346538,0.047722208765804,0.047722208765804,FALSE
"gene_569",85.8555778215143,0.109970423860337,0.109684449671363,0.109949777134198,0.109949777134198,FALSE
"gene_570",279.682327018088,0.0632227106719561,0.0685938069548878,0.0641339047494353,0.0641339047494353,FALSE
"gene_571",1793.837102248,0.0530601823229682,0.0532304894504983,0.0531089310607859,0.0531089310607859,FALSE
"gene_572",177.947352918559,0.0585772972390393,0.0789996311588802,0.0612133555665639,0.0612133555665639,FALSE
"gene_573",337.769278385405,0.0696301213868507,0.0654637216376915,0.0689707473282022,0.0689707473282022,FALSE
"gene_574",5483.71527224893,0.0459021095872093,0.051321001642059,0.045072620803529,0.045072620803529,FALSE
"gene_575",25.0009038457989,0.179967597101657,0.254006429184312,0.191221388344502,0.191221388344502,FALSE
"gene_576",169.340129530789,0.0724187048619192,0.0804536646743971,0.0735158955106024,0.0735158955106024,FALSE
"gene_577",10.6126379654228,0.451431034074202,0.530059229947902,0.463896614936755,0.463896614936755,FALSE
"gene_578",46.2356539010298,0.163509795467365,0.160492306957377,0.163022562859455,0.163022562859455,FALSE
"gene_579",45.6655409446351,0.13503932700122,0.16186684910873,0.139214002059884,0.139214002059884,FALSE
"gene_580",7.59081278901628,0.757819438786148,0.721009583838385,0.751929729424682,0.751929729424682,FALSE
"gene_581",865.400308738474,0.0534203962457245,0.0562749829914608,0.05334427239265,0.05334427239265,FALSE
"gene_582",783.581526263191,0.0626979457039609,0.0568891896785373,0.0623729147625626,0.0623729147625626,FALSE
"gene_583",26.4838597264238,0.191295085496656,0.242605138880884,0.198843593572196,0.198843593572196,FALSE
"gene_584",5206.09213434746,0.0609951896014495,0.0513705046597231,0.0641010411560322,0.0641010411560322,FALSE
"gene_585",600.809027950872,0.0739693754941993,0.0588654901397865,0.0710541157162784,0.0710541157162784,FALSE
"gene_586",194.302866046609,0.0654409753110704,0.076591632739624,0.0669261985946456,0.0669261985946456,FALSE
"gene_587",591.265703077515,0.0554676468051152,0.0590022451771501,0.0559131619019514,0.0559131619019514,FALSE
"gene_588",1908.42757857372,0.0636156429993793,0.053060096116506,0.0625076976778958,0.0625076976778958,FALSE
"gene_589",4836.826775217,0.0522296834148709,0.0514451545109902,0.0556061427857363,0.0556061427857363,FALSE
"gene_590",101.07791065771,0.125619268664413,0.100755112872885,0.121841381227182,0.121841381227182,FALSE
"gene_591",111.368698849983,0.102609355287524,0.0961014812734863,0.101646196593517,0.101646196593517,FALSE
"gene_592",114.07555623895,0.10739743468325,0.0950168742888093,0.10691364192822,0.10691364192822,FALSE
"gene_593",206.637615555238,0.0659839984455493,0.0750277488416366,0.0671828425611604,0.0671828425611604,FALSE
"gene_594",5.60153789611362,0.878967910079064,0.95916584541997,0.894346163399492,0.894346163399492,FALSE
"gene_595",510.703158015997,0.0590466617709282,0.0603603857026916,0.0569732249239441,0.0569732249239441,FALSE
"gene_596",879.069866094051,0.059357356613563,0.0561835133925053,0.0589453830623715,0.0589453830623715,FALSE
"gene_597",336.642196834449,0.0658236813034293,0.0655141795647772,0.0657814533496837,0.0657814533496837,FALSE
"gene_598",8.57607096390898,0.771449321719083,0.643966055728207,0.749722084030228,0.749722084030228,FALSE
"gene_599",209.188571142083,0.056827702374261,0.0747273361169054,0.0591109849932051,0.0591109849932051,FALSE
"gene_600",5073.52250996132,0.0406237318342614,0.0513960543327528,0.0416065107353495,0.0416065107353495,FALSE
"gene_601",23.7163225011768,0.250500684446563,0.265035052806885,0.252721330642124,0.252721330642124,FALSE
"gene_602",59.9611856957408,0.183882061050689,0.135289742972589,0.174722874070182,0.174722874070182,FALSE
"gene_603",48.8524249470671,0.142002684736,0.154594842154624,0.143863496682279,0.143863496682279,FALSE
"gene_604",66.6614657729959,0.110321726584225,0.126756568055155,0.113927562231653,0.113927562231653,FALSE
"gene_605",859.676322588799,0.0502924882370886,0.0563141490009801,0.0496432611205142,0.0496432611205142,FALSE
"gene_606",50.9423866641401,0.0985120959367179,0.150319846485971,0.105533400868204,0.105533400868204,FALSE
"gene_607",52.7345716806637,0.109409559078389,0.146923821370638,0.114848769754451,0.114848769754451,FALSE
"gene_608",34.7819644907099,0.176171045592244,0.196748070254887,0.181468278402063,0.181468278402063,FALSE
"gene_609",67.1601610583319,0.115436374229716,0.126189531004726,0.117008879023785,0.117008879023785,FALSE
"gene_610",66.8206603980433,0.0592164438176291,0.126574637543794,0.0692679535811961,0.0692679535811961,FALSE
"gene_611",149.869767262871,0.0659986454225578,0.0843590408610136,0.0684198453454451,0.0684198453454451,FALSE
"gene_612",319.990050082313,0.0432667600830608,0.0663010948208528,0.046928060005069,0.046928060005069,FALSE
"gene_613",56.7475157256029,0.0974070628827085,0.140097549366487,0.103968854524365,0.103968854524365,FALSE
"gene_614",4.16465556467226,1.12534731509471,1.27270919896137,1.15293620672624,1.15293620672624,FALSE
"gene_615",430.172145101516,0.0483343797759893,0.0622264005514127,0.0517809440340357,0.0517809440340357,FALSE
"gene_616",51.0454467372524,0.151468238504709,0.150118094921339,0.149538454902817,0.149538454902817,FALSE
"gene_617",100.575117070652,0.124107014206662,0.101006883863678,0.121818560250087,0.121818560250087,FALSE
"gene_618",31.2312121377567,0.156502557989379,0.2133875674186,0.164929166430493,0.164929166430493,FALSE
"gene_619",4994.60765548549,0.0584418702688715,0.051411907299625,0.0582077550485525,0.0582077550485525,FALSE
"gene_620",1888.75003965556,0.0633548449785706,0.0530878857853686,0.0637599135113468,0.0637599135113468,FALSE
"gene_621",73.4422676299292,0.0850488957987504,0.119706019960005,0.089930647729521,0.089930647729521,FALSE
"gene_622",264.004148476553,0.0802694317117557,0.069674699676191,0.0787868048158518,0.0787868048158518,FALSE
"gene_623",31.7753442996953,0.23447741489227,0.210596386076901,0.230681149793001,0.230681149793001,FALSE
"gene_624",3560.16838672649,0.0428117926893367,0.0518225584180988,0.0429587933743965,0.0429587933743965,FALSE
"gene_625",46.1940500494954,0.103761227678126,0.160591466212421,0.112133546187124,0.112133546187124,FALSE
"gene_626",424.061497333176,0.064000634950162,0.0623969219497164,0.0637869850799034,0.0637869850799034,FALSE
"gene_627",140.121607249348,0.0740219392833439,0.0867220547185218,0.075864634529007,0.075864634529007,FALSE
"gene_628",1222.93801374524,0.0567067119623994,0.0545552416968933,0.0564303576814534,0.0564303576814534,FALSE
"gene_629",67.4145428813196,0.10726012420004,0.125903519492343,0.1100776865364,0.1100776865364,FALSE
"gene_630",9.00630616793366,0.665242417236158,0.615610795770272,0.656970266592451,0.656970266592451,FALSE
"gene_631",324.008423566962,0.0726827799898195,0.0661037979096789,0.0717905624939801,0.0717905624939801,FALSE
"gene_632",508.28939930158,0.062090765379946,0.0604077201184648,0.0618659691488688,0.0618659691488688,FALSE
"gene_633",1312.46831737408,0.0601608315978402,0.0542712932181696,0.0593933700356705,0.0593933700356705,FALSE
"gene_634",140.93036132224,0.107577719308553,0.0865135722371643,0.104478044251311,0.104478044251311,FALSE
"gene_635",24.463911453441,0.218204601111021,0.258475829849075,0.224551442365312,0.224551442365312,FALSE
"gene_636",101.104940626676,0.0932570985666142,0.100741648700154,0.0943031160362533,0.0943031160362533,FALSE
"gene_637",837.683654878113,0.0598178093495755,0.0564696115082833,0.0576742848330199,0.0576742848330199,FALSE
"gene_638",111.496376794906,0.0904836187559954,0.0960491387392843,0.0912739203894065,0.0912739203894065,FALSE
"gene_639",3022.76978127597,0.0469682128762814,0.0520767631824384,0.0452456625768131,0.0452456625768131,FALSE
"gene_640",3084.11200166044,0.0461374295827048,0.0520432676380307,0.0472406440478298,0.0472406440478298,FALSE
"gene_641",1379.72827290169,0.0648324349463779,0.0540822169831875,0.0633832780439244,0.0633832780439244,FALSE
"gene_642",4266.60120977525,0.0480527678218911,0.0515858132956264,0.0467123128184269,0.0467123128184269,FALSE
"gene_643",107.357515531126,0.105396387713304,0.0978092917543303,0.104267264219375,0.104267264219375,FALSE
"gene_644",3680.32976433465,0.0615428289474693,0.0517758741679557,0.057000963683183,0.057000963683183,FALSE
"gene_645",5.50867688051112,1.08794433179633,0.974485240406762,1.06786980284584,1.06786980284584,FALSE
"gene_646",262.664017361093,0.0658366396379772,0.0697730778415867,0.0663658351566484,0.0663658351566484,FALSE
"gene_647",23.0052725788136,0.395917421117607,0.271669246158476,0.374971861048261,0.374971861048261,FALSE
"gene_648",314.10798978856,0.0666852686710909,0.0665989991238122,0.0687657696380805,0.0687657696380805,FALSE
"gene_649",414.197377464864,0.0593577569586431,0.0626828027018625,0.059791402355932,0.059791402355932,FALSE
"gene_650",3264.13379325801,0.0406701888962665,0.0519522365468447,0.0435271398591424,0.0435271398591424,FALSE
"gene_651",88.1349484528464,0.0812331229043943,0.108151029965038,0.0858667829663812,0.0858667829663812,FALSE
"gene_652",4535.70172288503,0.0511641708182351,0.0515150267451422,0.0520986914535135,0.0520986914535135,FALSE
"gene_653",33.8364602136629,0.25460772770254,0.200837730495275,0.246048245944695,0.246048245944695,FALSE
"gene_654",5818.90110432506,0.0374222334644262,0.0512675288892845,0.0386805453496862,0.0386805453496862,FALSE
"gene_655",368.249642342796,0.0659828462139088,0.0642162794402436,0.0672900203645205,0.0672900203645205,FALSE
"gene_656",432.575655828615,0.0748252106366869,0.0621606492327865,0.0730644198884279,0.0730644198884279,FALSE
"gene_657",67.8815434955415,0.165890048703823,0.125384032220604,0.159500370268576,0.159500370268576,FALSE
"gene_658",14.8946516392565,0.430431528463219,0.392161501394781,0.424005765673391,0.424005765673391,FALSE
"gene_659",174.245452494685,0.0568853747798585,0.079607394513087,0.0597934601252069,0.0597934601252069,FALSE
"gene_660",44.3593224010201,0.204617187250084,0.16514935184588,0.198374693020527,0.198374693020527,FALSE
"gene_661",178.380418060056,0.0713539105143057,0.0789301803544453,0.072936396206432,0.072936396206432,FALSE
"gene_662",147.103261883468,0.100801142817486,0.0849978306206323,0.0984472166617152,0.0984472166617152,FALSE
"gene_663",4893.19527156137,0.0474408384392525,0.0514330305053207,0.047639827423041,0.047639827423041,FALSE
"gene_664",680.999970608012,0.041597013276897,0.0578677796512458,0.0417673015880617,0.0417673015880617,FALSE
"gene_665",29.5540471649037,0.410213211528969,0.222637375959879,0.377251470578532,0.410213211528969,TRUE
"gene_666",38.9642560826609,0.185431697769443,0.181038779618136,0.1847349473194,0.1847349473194,FALSE
"gene_667",815.939335968398,0.0462563319408986,0.0566315576698823,0.0485465963556075,0.0485465963556075,FALSE
"gene_668",142.466064661541,0.0925471926959448,0.0861242097589497,0.0909558424533218,0.0909558424533218,FALSE
"gene_669",547.508654403671,0.0699191039586021,0.0596903222825945,0.0677398450232436,0.0677398450232436,FALSE
"gene_670",124.892853175113,0.0730480088546169,0.0911518579763784,0.0739339906417538,0.0739339906417538,FALSE
"gene_671",17.2202540284181,0.356145455197336,0.346005484560105,0.354534054616567,0.354534054616567,FALSE
"gene_672",52.3787015320326,0.169469384840485,0.147579670839054,0.166105983276353,0.166105983276353,FALSE
"gene_673",110.815597724835,0.0693406520185988,0.096329622233681,0.0732128608280896,0.0732128608280896,FALSE
"gene_674",52.1889007987323,0.215722396928908,0.147933120663473,0.202311526586545,0.202311526586545,FALSE
"gene_675",3.24250765235576,1.02327095748406,1.62032799468492,1.13746104572346,1.13746104572346,FALSE
"gene_676",284.909112532334,0.0788352923685655,0.0682598995297299,0.0773631078911208,0.0773631078911208,FALSE
"gene_677",35.9949814510454,0.236085383428588,0.19181595094413,0.229053081222498,0.229053081222498,FALSE
"gene_678",21.9321963719554,0.307262709292367,0.282495639918414,0.303395623268275,0.303395623268275,FALSE
"gene_679",2279.81829761045,0.056974411170702,0.0526255679931242,0.0553526187467756,0.0553526187467756,FALSE
"gene_680",5130.21872103421,0.0383444428488451,0.0513849658704075,0.0393791907243182,0.0393791907243182,FALSE
"gene_681",2052.05977367644,0.0623192689511553,0.0528733941600279,0.0590154090513029,0.0590154090513029,FALSE
"gene_682",1970.43372112082,0.046594325029028,0.0529761578566653,0.0492057270420111,0.0492057270420111,FALSE
"gene_683",4556.28625521851,0.0419748184569188,0.0515099562744292,0.042467792751803,0.042467792751803,FALSE
"gene_684",263.182947714614,0.0499178548145327,0.0697348646327844,0.053289287448057,0.053289287448057,FALSE
"gene_685",914.36779601953,0.0633076862496294,0.0559599669906655,0.06049875904885,0.06049875904885,FALSE
"gene_686",358.915105007403,0.0688949295706079,0.064575798144197,0.0683158707811185,0.0683158707811185,FALSE
"gene_687",232.602856866718,0.0822471301763728,0.0722777614728871,0.0808315501796811,0.0808315501796811,FALSE
"gene_688",1065.38677265587,0.065340058046354,0.0551708051759044,0.0634192173177388,0.0634192173177388,FALSE
"gene_689",2675.24768127835,0.0428805303456695,0.0522955273165368,0.0431436821821878,0.0431436821821878,FALSE
"gene_690",449.564664490139,0.055012577644014,0.0617159395798418,0.0558548326416519,0.0558548326416519,FALSE
"gene_691",968.81613891752,0.0413636357367571,0.0556470817031071,0.0442432968241446,0.0442432968241446,FALSE
"gene_692",93.8781412905756,0.156952144640779,0.104617542754649,0.148453470310268,0.148453470310268,FALSE
"gene_693",1056.68276562645,0.0435421785807607,0.0552101629084885,0.0449078354377476,0.0449078354377476,FALSE
"gene_694",29.2619249861894,0.221099114011699,0.224356896779317,0.22161808974917,0.22161808974917,FALSE
"gene_695",9.06272492108478,0.643416362825262,0.61209210791995,0.63834767697925,0.63834767697925,FALSE
"gene_696",23.5902219962766,0.198682087411873,0.266182414147032,0.209030889392377,0.209030889392377,FALSE
"gene_697",63.7426724535682,0.099093729895618,0.13025328903538,0.103729321439807,0.103729321439807,FALSE
"gene_698",348.048576009024,0.0780766839273082,0.0650186128223113,0.0739416843697484,0.0739416843697484,FALSE
"gene_699",24.5181964569303,0.160929226341306,0.258015119237497,0.175157372621746,0.175157372621746,FALSE
"gene_700",14.5117739251813,0.316391757048402,0.401178707497148,0.330043914866066,0.330043914866066,FALSE
"gene_701",183.742698218997,0.0775765193049312,0.0780973529724286,0.0776565441575544,0.0776565441575544,FALSE
"gene_702",124.460584220089,0.0733432075224229,0.0912934202033133,0.0751920898946018,0.0751920898946018,FALSE
"gene_703",83.8332270708395,0.0932795852688403,0.111114774057378,0.0957814045503838,0.0957814045503838,FALSE
"gene_704",31.6032858941347,0.158911931649312,0.211468586215286,0.166587688127016,0.166587688127016,FALSE
"gene_705",823.677992196498,0.064218883293956,0.0565729421010742,0.0631821596899525,0.0631821596899525,FALSE
"gene_706",1322.94627203289,0.0498102018402805,0.0542405741355711,0.0506876203489009,0.0506876203489009,FALSE
"gene_707",1508.32831772951,0.0479268116242218,0.0537676490610275,0.0479783900409579,0.0479783900409579,FALSE
"gene_708",57.1177481392552,0.14863859343382,0.139516090135562,0.147290197522837,0.147290197522837,FALSE
"gene_709",1034.04577148245,0.0589623381711533,0.0553156251829829,0.0597494366378563,0.0597494366378563,FALSE
"gene_710",3285.39796831927,0.0428878113774084,0.051942142731274,0.0436728114130988,0.0436728114130988,FALSE
"gene_711",184.839658313428,0.0688120335803946,0.0779329353572978,0.0700406792811957,0.0700406792811957,FALSE
"gene_712",4.16689807625053,1.1648629834689,1.27205138136058,1.18549938165733,1.18549938165733,FALSE
"gene_713",74.1993325661457,0.128664777513326,0.118998807640014,0.127256479035407,0.127256479035407,FALSE
"gene_714",27.332036652658,0.267005976339676,0.236640338109062,0.262300529804779,0.262300529804779,FALSE
"gene_715",186.779737787021,0.0743295911618607,0.0776468752056499,0.0747860041888588,0.0747860041888588,FALSE
"gene_716",11.7750813740519,0.457356033308437,0.482706249934377,0.461604997801674,0.461604997801674,FALSE
"gene_717",81.5620627354275,0.114208211767,0.112805631280216,0.113992999404326,0.113992999404326,FALSE
"gene_718",421.212217175377,0.0612699574905606,0.0624781242092467,0.0614277321610537,0.0614277321610537,FALSE
"gene_719",569.516668339409,0.0647733616062164,0.0593310314081236,0.0638115084581516,0.0638115084581516,FALSE
"gene_720",4.6441980182257,1.0791938157055,1.14649738599699,1.09268515492048,1.09268515492048,FALSE
"gene_721",144.108779315983,0.0562457619555275,0.0857169016783228,0.0599974500533244,0.0599974500533244,FALSE
"gene_722",572.488307586187,0.0745593866457514,0.0592846348475327,0.0724332426565711,0.0724332426565711,FALSE
"gene_723",959.064521865199,0.0560688554882089,0.0557005074017098,0.0553565673549152,0.0553565673549152,FALSE
"gene_724",37.4149507785206,0.239957609755852,0.186448666728887,0.231315074219193,0.231315074219193,FALSE
"gene_725",10.0217134200018,0.75880918404137,0.55834248977591,0.720693147605145,0.720693147605145,FALSE
"gene_726",4.04604377165307,0.875773605549021,1.30854201725084,0.950350860980556,0.950350860980556,FALSE
"gene_727",4.56710455376492,0.834605667549434,1.16499981055369,0.891993247129274,0.891993247129274,FALSE
"gene_728",26.7632071821004,0.233100094062252,0.240598875033771,0.234277067506113,0.234277067506113,FALSE
"gene_729",377.072028089551,0.051895292197086,0.0638928480597703,0.0533895345121775,0.0533895345121775,FALSE
"gene_730",14.4994768544257,0.342607129113799,0.401476210666722,0.352680855637419,0.352680855637419,FALSE
"gene_731",59.4399358151333,0.119951808158435,0.13603423523204,0.122339773852451,0.122339773852451,FALSE
"gene_732",444.584160602602,0.0549084313043052,0.0618427894103104,0.0557876053803476,0.0557876053803476,FALSE
"gene_733",73.3699817883424,0.103592775126056,0.119774309079761,0.104422193523887,0.104422193523887,FALSE
"gene_734",922.202156012774,0.0766611606005923,0.0559126715549451,0.0711276507581658,0.0711276507581658,FALSE
"gene_735",1762.03256961882,0.067073346369811,0.0532817112516773,0.0681968448726045,0.0681968448726045,FALSE
"gene_736",60.083169344622,0.137490176860053,0.135117381047159,0.13714690887639,0.13714690887639,FALSE
"gene_737",154.763640834854,0.080433164430343,0.083284970983446,0.080829264877016,0.080829264877016,FALSE
"gene_738",1616.73496120081,0.0419688373240701,0.05354134937809,0.0425522865002555,0.0425522865002555,FALSE
"gene_739",871.373654868687,0.0777978540636941,0.056234659421725,0.0732576409909433,0.0732576409909433,FALSE
"gene_740",97.454500271733,0.103434158896952,0.102627614190409,0.103313803874811,0.103313803874811,FALSE
"gene_741",188.129304859366,0.0517043484211543,0.0774513642837722,0.0549016230899257,0.0549016230899257,FALSE
"gene_742",11.2693604025051,0.447018368843462,0.502106643507906,0.456209980244882,0.456209980244882,FALSE
"gene_743",23.3935785065999,0.187053816384789,0.26799631542286,0.199098840339381,0.199098840339381,FALSE
"gene_744",442.181827739111,0.0763186106535011,0.0619049966696721,0.0726202239020974,0.0726202239020974,FALSE
"gene_745",21.0210863711388,0.395803294340206,0.292555600835925,0.377975576322124,0.377975576322124,FALSE
"gene_746",104.477557084264,0.113398283033717,0.0991163457287758,0.111228324130775,0.111228324130775,FALSE
"gene_747",1198.09888050183,0.0636679397215628,0.0546415399673999,0.0658484240299596,0.0658484240299596,FALSE
"gene_748",792.049094032482,0.0649853104530734,0.0568197376150973,0.0638894910088703,0.0638894910088703,FALSE
"gene_749",10.6790623332982,0.529544522441575,0.527075677191079,0.529026066810908,0.529026066810908,FALSE
"gene_750",34.4741429083326,0.223684555602963,0.198054885654366,0.219537651616758,0.219537651616758,FALSE
"gene_751",3350.02009255703,0.0577412560223446,0.0519122539232202,0.0586536345474394,0.0586536345474394,FALSE
"gene_752",1369.25793610727,0.0827324723559205,0.0541104296788005,0.0734495276522891,0.0734495276522891,FALSE
"gene_753",30.6033963045323,0.174550680747508,0.216731338671933,0.181040518690838,0.181040518690838,FALSE
"gene_754",550.733607623888,0.0734579792015999,0.0596358778327477,0.0690159714967584,0.0690159714967584,FALSE
"gene_755",167.534570815947,0.0924817255085511,0.0807776385959706,0.090781507586414,0.090781507586414,FALSE
"gene_756",145.016125490877,0.106818343502065,0.0854958829693051,0.103836531874571,0.103836531874571,FALSE
"gene_757",13.2588339593255,0.472281109489962,0.43432745996265,0.465939630649738,0.465939630649738,FALSE
"gene_758",45.8498141801247,0.136959518476986,0.161418827628092,0.140600899388727,0.140600899388727,FALSE
"gene_759",149.949957974815,0.0619880233945131,0.0843408762354432,0.0657144230893737,0.0657144230893737,FALSE
"gene_760",7.60190447380333,1.1171410351869,0.720031109156899,1.04579246976928,1.04579246976928,FALSE
"gene_761",4586.08846572814,0.0553064469697002,0.0515026959201912,0.0490344048133156,0.0490344048133156,FALSE
"gene_762",165.607965208065,0.0421093916773865,0.0811311227285616,0.046764133650944,0.046764133650944,FALSE
"gene_763",21.4760952527994,0.264970475881333,0.287424953566353,0.268491380484596,0.268491380484596,FALSE
"gene_764",57.9163007876347,0.198984535687079,0.138287252725062,0.189150049091751,0.189150049091751,FALSE
"gene_765",137.41114223922,0.114312964172872,0.087438659179686,0.110310691968013,0.110310691968013,FALSE
"gene_766",50.654545682064,0.142859615591213,0.150887675627897,0.144081427534129,0.144081427534129,FALSE
"gene_767",419.485507210873,0.0567685958743946,0.062527870904715,0.0586414214434664,0.0586414214434664,FALSE
"gene_768",68.9133715316967,0.106048047842165,0.124261199966584,0.108625808576594,0.108625808576594,FALSE
"gene_769",13.4966203534833,0.42674965827263,0.427563213867323,0.426953493714086,0.426953493714086,FALSE
"gene_770",368.108698768301,0.0773541183252458,0.0642215722907725,0.073263247206661,0.073263247206661,FALSE
"gene_771",185.572625026712,0.0994274378243892,0.0778241581396129,0.0962699123943173,0.0962699123943173,FALSE
"gene_772",19.599432402452,0.33328248440671,0.31012099957623,0.327707278187104,0.327707278187104,FALSE
"gene_773",152.140050784629,0.0709720976620901,0.0838521840703777,0.0727169996280706,0.0727169996280706,FALSE
"gene_774",3.94752104686893,0.924755211428936,1.33994306544923,1.00400283975521,1.00400283975521,FALSE
"gene_775",322.208777418348,0.0753950371477674,0.0661915497463855,0.0758947084719388,0.0758947084719388,FALSE
"gene_776",834.399752084499,0.0572823786312588,0.0564935280756474,0.0556849998963529,0.0556849998963529,FALSE
"gene_777",13894.2638999456,0.0647133857675154,0.050759078849919,0.0520320717024441,0.0520320717024441,FALSE
"gene_778",129.22755476212,0.0798740363394998,0.0897846667803863,0.0812425432794844,0.0812425432794844,FALSE
"gene_779",10.6702418664837,0.571338006573488,0.52746972321275,0.564874229438005,0.564874229438005,FALSE
"gene_780",412.830668128781,0.0513828108356383,0.0627234900725902,0.0514769966199755,0.0514769966199755,FALSE
"gene_781",52.3156751262564,0.164954280504925,0.147696755159893,0.162257266027579,0.162257266027579,FALSE
"gene_782",602.110097132005,0.0523799796548265,0.058847181722945,0.0531879107043386,0.0531879107043386,FALSE
"gene_783",157.66611555736,0.08216768438407,0.0826794573828825,0.0821564844467651,0.0821564844467651,FALSE
"gene_784",41.7243202116513,0.152929798484867,0.172396540542162,0.155911589273199,0.155911589273199,FALSE
"gene_785",1629.01683962095,0.0440124978377448,0.0535176103380757,0.0432969423860445,0.0432969423860445,FALSE
"gene_786",183.532636547468,0.0625327462922816,0.078129062238198,0.0645599230577174,0.0645599230577174,FALSE
"gene_787",27.8218866046226,0.26564144395564,0.233361142971608,0.261406606535445,0.261406606535445,FALSE
"gene_788",6057.07292611357,0.0583830379510284,0.0512331296085317,0.0526097793130511,0.0526097793130511,FALSE
"gene_789",22.2750693839059,0.173354609833067,0.278922953710256,0.189176711173175,0.189176711173175,FALSE
"gene_790",27.3908740656442,0.323473751654401,0.236240265843489,0.3090725322171,0.3090725322171,FALSE
"gene_791",19.6847328804384,0.223002699687296,0.308995510700844,0.236035486697822,0.236035486697822,FALSE
"gene_792",83.508546321227,0.120980279574161,0.111350861122972,0.120243092494479,0.120243092494479,FALSE
"gene_793",21.2282392192837,0.282015157678247,0.290192487553191,0.283312362467001,0.283312362467001,FALSE
"gene_794",491.436061337212,0.0730216023382417,0.0607511757313031,0.0713207243346011,0.0713207243346011,FALSE
"gene_795",593.560330608398,0.0645154621104719,0.0589689617984864,0.0644251263365021,0.0644251263365021,FALSE
"gene_796",838.124980649168,0.050023207260695,0.0564664116317298,0.0520868470654882,0.0520868470654882,FALSE
"gene_797",819.793461761826,0.0780193294332927,0.0566022267065832,0.076223556336409,0.076223556336409,FALSE
"gene_798",1019.46622553714,0.0410393207970925,0.0553860286676952,0.0426977847092878,0.0426977847092878,FALSE
"gene_799",118.507000887706,0.115782754842441,0.0933482003286061,0.114752962390384,0.114752962390384,FALSE
"gene_800",5979.80700755174,0.0565057005814908,0.0512439888818446,0.0609152955193925,0.0609152955193925,FALSE
"gene_801",222.72086334825,0.0579287068841577,0.073248788640688,0.06094942334537,0.06094942334537,FALSE
"gene_802",223.34070542717,0.0786532806248645,0.0731853556726089,0.0778910478568657,0.0778910478568657,FALSE
"gene_803",5.52764908301565,0.986153161095757,0.971313535673811,0.983967996077867,0.983967996077867,FALSE
"gene_804",10.5253658255033,0.493720418378216,0.53403643368376,0.500171835553867,0.500171835553867,FALSE
"gene_805",74.1290774270869,0.0854810502818955,0.11906382843363,0.0910537178919784,0.0910537178919784,FALSE
"gene_806",146.297069341403,0.0672758826276087,0.0851885275101115,0.0690502068143403,0.0690502068143403,FALSE
"gene_807",35.2666870035727,0.150259816638045,0.194736490841859,0.156781232665643,0.156781232665643,FALSE
"gene_808",126.601642296118,0.105163728767107,0.0906017166046754,0.104939537131953,0.104939537131953,FALSE
"gene_809",4090.56528817796,0.0504854692773998,0.0516371583572683,0.0527179547513879,0.0527179547513879,FALSE
"gene_810",8.7496598872067,0.529226521393352,0.632189854072118,0.546605064042107,0.546605064042107,FALSE
"gene_811",1693.11779393886,0.0431309374470749,0.0533993022299304,0.0426004954882641,0.0426004954882641,FALSE
"gene_812",5427.83018186089,0.0559241535008684,0.0513305594339739,0.0552945710331259,0.0552945710331259,FALSE
"gene_813",23.9447913129319,0.256628448820237,0.262987046539257,0.257607558761652,0.257607558761652,FALSE
"gene_814",64.3925943652466,0.172205182364971,0.129447246889326,0.165049967025416,0.165049967025416,FALSE
"gene_815",75.2027158092212,0.144933616032982,0.118083438888377,0.140743705099479,0.140743705099479,FALSE
"gene_816",301.249095324598,0.0690281945057464,0.0672907690207613,0.0684639682291365,0.0684639682291365,FALSE
"gene_817",278.974595955602,0.0508772807378219,0.068639981363074,0.0529156448771335,0.0529156448771335,FALSE
"gene_818",4307.93967312533,0.0511509144988245,0.0515743643517649,0.0512875452241277,0.0512875452241277,FALSE
"gene_819",80.4013690399461,0.120032625922463,0.113706639479558,0.119107863999804,0.119107863999804,FALSE
"gene_820",3527.40256649513,0.0377086151970986,0.0518358402579806,0.0408501480270584,0.0408501480270584,FALSE
"gene_821",22.9996901796754,0.345396795203836,0.271722953576966,0.332662588713771,0.332662588713771,FALSE
"gene_822",10.2284270594485,0.61805704055942,0.548076967175357,0.606972321619132,0.606972321619132,FALSE
"gene_823",110.982737322324,0.100345106928707,0.0962604414004323,0.0997576050236001,0.0997576050236001,FALSE
"gene_824",194.55927453561,0.0659241901105767,0.0765571053284472,0.0673412236153541,0.0673412236153541,FALSE
"gene_825",47.8072379319069,0.109542338673198,0.156872964209833,0.116282530727831,0.116282530727831,FALSE
"gene_826",309.759695734958,0.0494400404282987,0.0668264972245331,0.0515723806761903,0.0515723806761903,FALSE
"gene_827",131.598506865173,0.0593373466864478,0.0890749591829894,0.062822155843975,0.062822155843975,FALSE
"gene_828",62.573471524834,0.122982723074604,0.131745504018202,0.124271375290681,0.124271375290681,FALSE
"gene_829",3608.11753271003,0.0461213446386654,0.0518035567195892,0.0475059726621597,0.0475059726621597,FALSE
"gene_830",1022.2614549114,0.0393259291035034,0.0553723751239659,0.0411678185940531,0.0411678185940531,FALSE
"gene_831",45.2115267282561,0.173727757070767,0.162986272647372,0.172065802653125,0.172065802653125,FALSE
"gene_832",848.061638079732,0.0502199644246412,0.0563952465624931,0.0503897948148997,0.0503897948148997,FALSE
"gene_833",175.083272137194,0.0546572054801094,0.0794675945061004,0.057899847468529,0.057899847468529,FALSE
"gene_834",61.6184897995339,0.181356066826503,0.133006333987147,0.173734145879356,0.173734145879356,FALSE
"gene_835",23.224663100496,0.201361530792834,0.269578969279115,0.214110143997759,0.214110143997759,FALSE
"gene_836",111.459232180838,0.0831552192033095,0.0960643540845184,0.0849398760019245,0.0849398760019245,FALSE
"gene_837",110.930447696924,0.0921498334635486,0.0962820622171282,0.092729457442537,0.092729457442537,FALSE
"gene_838",591.608673317367,0.0442420250062717,0.058997254011556,0.0465848822221141,0.0465848822221141,FALSE
"gene_839",203.693406411232,0.0602681935952108,0.0753838267798054,0.0639323464336033,0.0639323464336033,FALSE
"gene_840",45.5330996063963,0.145046123147511,0.162191092027831,0.147684069626977,0.147684069626977,FALSE
"gene_841",5915.36345951527,0.0510660659681452,0.0512532630208975,0.0506351555460223,0.0506351555460223,FALSE
"gene_842",1699.91965348658,0.0366643839726691,0.0533872719743733,0.0387109520391844,0.0387109520391844,FALSE
"gene_843",4465.10225974344,0.0495463674907814,0.0515327722461171,0.0508301241976633,0.0508301241976633,FALSE
"gene_844",69.772335608228,0.0856622837665748,0.123351808228385,0.0918854129645488,0.0918854129645488,FALSE
"gene_845",86.3842200966997,0.094979158852195,0.109321604188769,0.0970175854798428,0.0970175854798428,FALSE
"gene_846",106.882163311751,0.118370489292693,0.0980201742828412,0.115909090443577,0.115909090443577,FALSE
"gene_847",371.541899690103,0.0694288802601165,0.0640937878122618,0.0687030251770534,0.0687030251770534,FALSE
"gene_848",17.5397093988477,0.219329951354729,0.340621410708482,0.23769982074929,0.23769982074929,FALSE
"gene_849",3.22489369817779,1.01590737256209,1.62890277912243,1.1318975833249,1.1318975833249,FALSE
"gene_850",517.492485311159,0.062485574682121,0.0602296130550888,0.0621799603724923,0.0621799603724923,FALSE
"gene_851",89.670660250117,0.0752943188365407,0.107161853077575,0.0796232239222271,0.0796232239222271,FALSE
"gene_852",4392.51931367589,0.0477681817044558,0.0515516110040042,0.0469292378451887,0.0469292378451887,FALSE
"gene_853",125.196063189971,0.0802968913723336,0.0910531441369152,0.0818538238546771,0.0818538238546771,FALSE
"gene_854",46.8287785936833,0.149374905750298,0.159097805629141,0.150857113975515,0.150857113975515,FALSE
"gene_855",797.363819311751,0.0512635077842762,0.0567768990460331,0.0511729395233327,0.0511729395233327,FALSE
"gene_856",200.469226982864,0.0721737581182916,0.0757857631239944,0.0741721826296455,0.0741721826296455,FALSE
"gene_857",4259.80334796725,0.0601869402811158,0.0515877172804884,0.059057430072022,0.059057430072022,FALSE
"gene_858",5271.43154565381,0.0396517016026305,0.05135838480097,0.0424799444232188,0.0424799444232188,FALSE
"gene_859",318.314127155425,0.0717265984482716,0.0663848524578695,0.070997739383956,0.070997739383956,FALSE
"gene_860",861.544707864247,0.0457097901246989,0.0563013074815379,0.0469866716110407,0.0469866716110407,FALSE
"gene_861",160.06823626239,0.086604285184061,0.0821949347581438,0.0859708732048599,0.0859708732048599,FALSE
"gene_862",19.0304805552455,0.244059567256204,0.317886063304505,0.255548285003433,0.255548285003433,FALSE
"gene_863",853.763575392195,0.0496522880025439,0.05635515802988,0.0502483825628233,0.0502483825628233,FALSE
"gene_864",45.5721192528748,0.159082679850068,0.162095368289265,0.159540177474071,0.159540177474071,FALSE
"gene_865",313.636173077812,0.0952493781988453,0.0666233789694362,0.0933799852388991,0.0933799852388991,FALSE
"gene_866",154.767382606248,0.10421643513139,0.0832841757554945,0.100803539571076,0.100803539571076,FALSE
"gene_867",192.358873173721,0.0807489100903319,0.0768564010472867,0.0814420725289851,0.0814420725289851,FALSE
"gene_868",240.524812764336,0.0570299756278849,0.0715569523863517,0.0588952184791088,0.0588952184791088,FALSE
"gene_869",3961.31631452138,0.0523168988603302,0.0516777621885047,0.0519450830038303,0.0519450830038303,FALSE
"gene_870",51.5201521052858,0.145639001525724,0.149199227699641,0.146199682658686,0.146199682658686,FALSE
"gene_871",197.739502430056,0.0650365093117512,0.0761363054269452,0.0658624835784032,0.0658624835784032,FALSE
"gene_872",209.812816368553,0.128661316681606,0.0746549345399947,0.119797401772886,0.128661316681606,TRUE
"gene_873",1244.94823805666,0.0721796336076426,0.0544816495468934,0.0722154957441857,0.0722154957441857,FALSE
"gene_874",8.90221328550948,0.534546614963227,0.62221984664573,0.548169726774835,0.548169726774835,FALSE
"gene_875",5.73312774702178,1.39735003938134,0.938307192405536,1.30362220702625,1.30362220702625,FALSE
"gene_876",168.027864534102,0.103200317391091,0.0806884349507556,0.099832794960266,0.099832794960266,FALSE
"gene_877",54.262049718745,0.0749529779974254,0.14420646799832,0.0849554445652877,0.0849554445652877,FALSE
"gene_878",43.7411423205364,0.158666505028408,0.166771172192908,0.161891843325794,0.161891843325794,FALSE
"gene_879",861.603457864587,0.0610858965428873,0.0563009045925627,0.0596457077714338,0.0596457077714338,FALSE
"gene_880",264.854213181849,0.0645745921750027,0.0696128130069266,0.0652367618749408,0.0652367618749408,FALSE
"gene_881",68.3984152127811,0.110870209346253,0.124817339305901,0.113008633938862,0.113008633938862,FALSE
"gene_882",5578.9469463252,0.0361094544379849,0.0513051557368917,0.0382672283088046,0.0382672283088046,FALSE
"gene_883",184.55252529075,0.0777742602691192,0.0779757833770774,0.0763381124090654,0.0763381124090654,FALSE
"gene_884",137.563148611224,0.0902936616009863,0.0873977236420667,0.0898840534833775,0.0898840534833775,FALSE
"gene_885",1077.25304565948,0.068542282672252,0.0551181729100782,0.0667220629135923,0.0667220629135923,FALSE
"gene_886",3952.14303648151,0.0470266642047504,0.0516807449267469,0.0469549807192119,0.0469549807192119,FALSE
"gene_887",5.04791282779176,1.12716943652268,1.05883468091744,1.11595188421963,1.11595188421963,FALSE
"gene_888",1317.75096772816,0.0611920174493298,0.0542557445764429,0.0622817078076041,0.0622817078076041,FALSE
"gene_889",35.5580752516,0.18467184717499,0.19355363481693,0.186360954609381,0.186360954609381,FALSE
"gene_890",658.819017473061,0.038035497795106,0.058119448664423,0.0410907089532309,0.0410907089532309,FALSE
"gene_891",134.874163197919,0.152690324443468,0.0881354925314373,0.141433425391432,0.152690324443468,TRUE
"gene_892",5.94209267923152,1.04008756864611,0.907081999334727,1.01707580634806,1.01707580634806,FALSE
"gene_893",15.9955731427563,0.256459066196292,0.368638704407585,0.273561052341804,0.273561052341804,FALSE
"gene_894",96.559678999065,0.0908443650945107,0.103111676590785,0.0925599247595919,0.0925599247595919,FALSE
"gene_895",813.745232462812,0.0558905979434087,0.0566483795117304,0.055204713450766,0.055204713450766,FALSE
"gene_896",1488.96289513175,0.0719425067737554,0.053811543548349,0.0654928495517783,0.0654928495517783,FALSE
"gene_897",48.5879399916807,0.138121647531901,0.155162059003393,0.140712871760826,0.140712871760826,FALSE
"gene_898",936.624617288109,0.0498912394081463,0.055827673215293,0.0523223244863234,0.0523223244863234,FALSE
"gene_899",4873.15853028309,0.0501659220505674,0.0514373079732833,0.0498112171221266,0.0498112171221266,FALSE
"gene_900",17.6413128970002,0.327425834284877,0.338949865502512,0.330065519719668,0.330065519719668,FALSE
"gene_901",10.8823948971358,0.648905447248292,0.518169074162856,0.626731628272138,0.626731628272138,FALSE
"gene_902",5989.39017760926,0.0568799445897449,0.0512426268032018,0.052369169073667,0.052369169073667,FALSE
"gene_903",2254.13159368485,0.0590551805285961,0.0526510123595386,0.0551630150706669,0.0551630150706669,FALSE
"gene_904",6.60529832235813,0.987173818495199,0.821066024246254,0.958228808318526,0.958228808318526,FALSE
"gene_905",227.527528026806,0.0663276834605555,0.0727659391937121,0.0671825448049877,0.0671825448049877,FALSE
"gene_906",122.675342661049,0.0755891799901901,0.0918886307740288,0.076595008269654,0.076595008269654,FALSE
"gene_907",15.1798532096693,0.556927135744021,0.385740293181148,0.527037181432254,0.527037181432254,FALSE
"gene_908",2243.89894288698,0.055724120876814,0.0526613107263266,0.0541324099820611,0.0541324099820611,FALSE
"gene_909",2244.56735294867,0.0429128891994324,0.0526606351571829,0.0458451649365176,0.0458451649365176,FALSE
"gene_910",6.52119865933619,0.777112933972854,0.831004897454934,0.787615146210756,0.787615146210756,FALSE
"gene_911",186.596521949256,0.0605472948140697,0.0776736355975362,0.0627586993189326,0.0627586993189326,FALSE
"gene_912",490.69234112707,0.0573355182298174,0.0607668756008734,0.0591560929507514,0.0591560929507514,FALSE
"gene_913",154.815320937077,0.0826875522342969,0.0832739909604225,0.0827094686019054,0.0827094686019054,FALSE
"gene_914",9.40443751099342,0.425720969436214,0.59168261949595,0.451458614052165,0.451458614052165,FALSE
"gene_915",4.70232791592269,0.996352516322708,1.13294740516926,1.02289910950458,1.02289910950458,FALSE
"gene_916",123.084082066395,0.0746945018438485,0.091750830494018,0.077002383436944,0.077002383436944,FALSE
"gene_917",5.78647969708005,0.910340266801819,0.930120527629751,0.913168850507395,0.913168850507395,FALSE
"gene_918",88.3136208452294,0.119405547189589,0.108034175753679,0.117714427428147,0.117714427428147,FALSE
"gene_919",16.7305052259746,0.327383691031935,0.354658899621846,0.331859665749032,0.331859665749032,FALSE
"gene_920",332.7845750617,0.0645389567817606,0.0656894669513932,0.0646899749531638,0.0646899749531638,FALSE
"gene_921",28.6207485596887,0.174899077189657,0.228254130287356,0.183091640912676,0.183091640912676,FALSE
"gene_922",48.671009897137,0.158652327781466,0.154983242485245,0.158574731791086,0.158574731791086,FALSE
"gene_923",65.8092353411773,0.121580373460629,0.127745481079702,0.122523690164572,0.122523690164572,FALSE
"gene_924",390.506946524262,0.0577691660003908,0.0634283919120511,0.0585070614994784,0.0585070614994784,FALSE
"gene_925",5.35485491583888,1.24521693398825,1.00103044693919,1.19902722109613,1.19902722109613,FALSE
"gene_926",35.5545073227923,0.159880588727566,0.193568001153363,0.165007859068132,0.165007859068132,FALSE
"gene_927",120.63876014926,0.126627467020097,0.0925891509166692,0.121596953433708,0.121596953433708,FALSE
"gene_928",75.1447423521882,0.104329606241648,0.118135661650267,0.106374997930078,0.106374997930078,FALSE
"gene_929",6.49278582107329,0.900391408137768,0.834420905413215,0.888139632060504,0.888139632060504,FALSE
"gene_930",385.154733337534,0.0455454133248853,0.0636095393361105,0.0476942036231991,0.0476942036231991,FALSE
"gene_931",6.45587290265866,0.869867752775197,0.838903764589449,0.864206828519068,0.864206828519068,FALSE
"gene_932",1108.98409769247,0.0456760447892021,0.0549829643511116,0.0456222771127,0.0456222771127,FALSE
"gene_933",193.614560319408,0.074541224472646,0.0766847707431768,0.0748405794921478,0.0748405794921478,FALSE
"gene_934",251.23494477473,0.0638928040694899,0.0706547215742159,0.0647823673340839,0.0647823673340839,FALSE
"gene_935",127.971771851006,0.123628518779376,0.0901712188663469,0.116043403555492,0.116043403555492,FALSE
"gene_936",2183.63370695066,0.0497192627747567,0.0527239211351841,0.05209840762276,0.05209840762276,FALSE
"gene_937",1364.27852046789,0.065946413056253,0.0541239988347209,0.0676688817315141,0.0676688817315141,FALSE
"gene_938",361.356382335565,0.0606000914051868,0.0644799789720621,0.0591715727694478,0.0591715727694478,FALSE
"gene_939",413.76407385735,0.0656449774023648,0.0626956731877574,0.0652506230263843,0.0652506230263843,FALSE
"gene_940",7.91624047130981,0.900382169990095,0.69344128318691,0.864113874192097,0.864113874192097,FALSE
"gene_941",186.375477995382,0.0589560771246927,0.0777059911699668,0.0605520152366384,0.0605520152366384,FALSE
"gene_942",383.854472015756,0.066633877632282,0.0636543097966721,0.0652104478092798,0.0652104478092798,FALSE
"gene_943",267.200853526403,0.0541813820108358,0.0694440160673742,0.0561193204432476,0.0561193204432476,FALSE
"gene_944",6.75602736715901,0.697188255426489,0.803872065829516,0.715046723856057,0.715046723856057,FALSE
"gene_945",2275.91825494034,0.0630761940482892,0.0526293942597226,0.058196051548513,0.058196051548513,FALSE
"gene_946",4875.54240322318,0.057128129867873,0.0514367972185637,0.0554045400625129,0.0554045400625129,FALSE
"gene_947",183.831253050588,0.0893871963868357,0.078084007142488,0.0869174493563611,0.0869174493563611,FALSE
"gene_948",6.49239031272349,0.994321696810421,0.834468667437019,0.963180713940032,0.963180713940032,FALSE
"gene_949",558.285745652656,0.0747326421006411,0.0595108419794687,0.0726123168701624,0.0726123168701624,FALSE
"gene_950",1656.41604610199,0.0479237178491875,0.0534659204318036,0.0483473596661717,0.0483473596661717,FALSE
"gene_951",1193.70759130737,0.061105694072341,0.0546571701547314,0.0601329166576785,0.0601329166576785,FALSE
"gene_952",112.33726180786,0.0743843286284083,0.0957073838112248,0.0772835647125649,0.0772835647125649,FALSE
"gene_953",46.5813279111557,0.132227769239581,0.15967527203307,0.13630741433473,0.13630741433473,FALSE
"gene_954",3.61744853727383,0.626404078607246,1.4576075242806,0.791038389600579,0.791038389600579,FALSE
"gene_955",6.04919451343141,0.593784493361035,0.891914195620124,0.644861233314965,0.644861233314965,FALSE
"gene_956",43.0577346465083,0.276512313905223,0.168618318583911,0.257391907279189,0.276512313905223,TRUE
"gene_957",128.829386272231,0.0599693961031523,0.0899064141496292,0.063913902928412,0.063913902928412,FALSE
"gene_958",26.0065794654159,0.214368244197702,0.24613267705026,0.219222417327505,0.219222417327505,FALSE
"gene_959",21.7406629397002,0.25559311434353,0.284540447490712,0.26014989120663,0.26014989120663,FALSE
"gene_960",4949.38290249922,0.0401983387181222,0.0514212202338017,0.0417494148200288,0.0417494148200288,FALSE
"gene_961",168.680081436005,0.0681484843640385,0.0805712937419382,0.0698082081535609,0.0698082081535609,FALSE
"gene_962",34.2164889985082,0.124884526512375,0.199166798065319,0.136107987355061,0.136107987355061,FALSE
"gene_963",80.1081363124466,0.0802373815408416,0.113938397690786,0.0847586149309652,0.0847586149309652,FALSE
"gene_964",14.153690722128,0.525116745342486,0.41005346523048,0.504867165087256,0.504867165087256,FALSE
"gene_965",2434.78684085792,0.050879090390304,0.0524834512874197,0.0511730514014515,0.0511730514014515,FALSE
"gene_966",85.0407750891977,0.0729498413529589,0.110252542770257,0.0777077705154137,0.0777077705154137,FALSE
"gene_967",78.4436292673783,0.12619332654701,0.115286783251448,0.124517892699498,0.124517892699498,FALSE
"gene_968",130.957842763256,0.0808289884274597,0.0892641981976219,0.0819988037340619,0.0819988037340619,FALSE
"gene_969",601.776363284826,0.0563847281500422,0.0588518704179307,0.0566955802439614,0.0566955802439614,FALSE
"gene_970",10.5664512028281,0.344022066418892,0.532155888853934,0.374492541345823,0.374492541345823,FALSE
"gene_971",98.6840097662023,0.0989058072794058,0.101976816560706,0.0993529790337857,0.0993529790337857,FALSE
"gene_972",332.382777481174,0.0636209151067735,0.0657079582911698,0.0639761996542828,0.0639761996542828,FALSE
"gene_973",4994.40082625463,0.0713749822626936,0.051411949507152,0.0676849754077645,0.0676849754077645,FALSE
"gene_974",110.578861508873,0.111309586192313,0.0964279677253941,0.109082865145019,0.109082865145019,FALSE
"gene_975",10.5213328280283,0.375739140446719,0.534221822168076,0.400478680068352,0.400478680068352,FALSE
"gene_976",18.1531373540377,0.318920027234235,0.330814047968288,0.320996547551143,0.320996547551143,FALSE
"gene_977",10.9099638618476,0.37414870891622,0.516987025309007,0.397603603086528,0.397603603086528,FALSE
"gene_978",800.36475528167,0.0561701119888637,0.056752961754456,0.0564043606834626,0.0564043606834626,FALSE
"gene_979",341.822199381092,0.0580398213357152,0.0652850274239379,0.0589761239004932,0.0589761239004932,FALSE
"gene_980",126.126411017687,0.0867547246043771,0.0907532200125493,0.0873116158380724,0.0873116158380724,FALSE
"gene_981",301.455527300705,0.0683323681419495,0.0672791974922561,0.0672141771195327,0.0672141771195327,FALSE
"gene_982",93.8260798944923,0.175396716739579,0.104647630560511,0.163781582889113,0.175396716739579,TRUE
"gene_983",33.2205589643856,0.184768310817265,0.203626945471417,0.187616623078182,0.187616623078182,FALSE
"gene_984",18.1302429041803,0.359165708941547,0.331168157533316,0.354556200293449,0.354556200293449,FALSE
"gene_985",3257.24716588059,0.0505017432680071,0.05195553378776,0.0520342269582623,0.0520342269582623,FALSE
"gene_986",71.0753774150997,0.107549962735085,0.122014231585396,0.109697384559812,0.109697384559812,FALSE
"gene_987",9.89884558034795,0.76071225795079,0.564647335374983,0.724898374948626,0.724898374948626,FALSE
"gene_988",4.37638724711582,0.929866286036411,1.21357294944258,0.98434975803046,0.98434975803046,FALSE
"gene_989",362.349766808773,0.059896119128899,0.0644413586035104,0.0585909089360853,0.0585909089360853,FALSE
"gene_990",253.069324005055,0.0554808524092668,0.0705078518310299,0.0573765980699949,0.0573765980699949,FALSE
"gene_991",11.7416623571747,0.282933975455186,0.483936696977772,0.314009220299437,0.314009220299437,FALSE
"gene_992",119.852934755064,0.099721110430975,0.0928658153190669,0.0986982991196258,0.0986982991196258,FALSE
"gene_993",686.933100352516,0.0859951617594284,0.0578032164477831,0.0852836907425092,0.0852836907425092,FALSE
"gene_994",1728.92891210464,0.0439406101388456,0.0533370268575755,0.0445032568720595,0.0445032568720595,FALSE
"gene_995",201.835062095952,0.0870619478397324,0.075613926113994,0.0845006290073619,0.0845006290073619,FALSE
"gene_996",6.06424991185374,0.673197158410183,0.88982499389834,0.71184947803176,0.71184947803176,FALSE
"gene_997",68.7495714074086,0.117164135120215,0.124437196249745,0.118228961450865,0.118228961450865,FALSE
"gene_998",11.5784419061373,0.458100774990941,0.490048335043375,0.463244926192199,0.463244926192199,FALSE
"gene_999",439.70505851638,0.0533889180455808,0.0619698430817967,0.0545155252915938,0.0545155252915938,FALSE
"gene_1000",1032.09574541417,0.0703541037743897,0.0553249264781936,0.0651948710584862,0.0651948710584862,FALSE
"gene_1001",1789.79729872356,0.0838079448875219,0.0532368947015327,0.0821761850342332,0.0838079448875219,TRUE
"gene_1002",61.53890508906,0.177021561222064,0.133113173423424,0.17168047892696,0.17168047892696,FALSE
"gene_1003",570.725678035795,0.0615676008973473,0.0593120966965481,0.062451508515319,0.062451508515319,FALSE
"gene_1004",159.937448984608,0.0611720311673767,0.0822209407210208,0.063538102509239,0.063538102509239,FALSE
"gene_1005",473.373015161674,0.0564057761058778,0.0611464360673371,0.0588818010901096,0.0588818010901096,FALSE
"gene_1006",309.161295151149,0.0894833948294928,0.0668583058383672,0.0878960339957223,0.0878960339957223,FALSE
"gene_1007",1869.27637581369,0.06796751740923,0.0531159635434114,0.0628443469803131,0.0628443469803131,FALSE
"gene_1008",167.075695565848,0.0573415236145775,0.0808610911593172,0.0603826246368328,0.0603826246368328,FALSE
"gene_1009",21.9985064495909,0.299249610724711,0.281796012249463,0.296385393965761,0.296385393965761,FALSE
"gene_1010",542.669698955377,0.0604433980163497,0.0597732286381936,0.0602297365565503,0.0602297365565503,FALSE
"gene_1011",779.812875087041,0.04523188375148,0.0569205856635894,0.0454736917422176,0.0454736917422176,FALSE
"gene_1012",54.7876936096954,0.106528921863564,0.143306400311986,0.112285552082755,0.112285552082755,FALSE
"gene_1013",5184.465682873,0.0424035332865444,0.0513745834574951,0.0471473283708456,0.0471473283708456,FALSE
"gene_1014",157.543486542601,0.126420733934618,0.0827045888117084,0.119449392202179,0.119449392202179,FALSE
"gene_1015",126.746684966597,0.0712614628102988,0.0905557033873784,0.0739791320890242,0.0739791320890242,FALSE
"gene_1016",15.1624783589791,0.352681316576299,0.386124571672852,0.358288685327563,0.358288685327563,FALSE
"gene_1017",186.925044274849,0.0718243715884437,0.0776256891302164,0.0731429237340712,0.0731429237340712,FALSE
"gene_1018",70.7678275672964,0.109420453551463,0.122325491533195,0.110772890587237,0.110772890587237,FALSE
"gene_1019",9.61873522177788,0.574488247424821,0.579623114023563,0.575466205103874,0.575466205103874,FALSE
"gene_1020",73.0195013048139,0.0902330148225981,0.120107328321533,0.0958572860278595,0.0958572860278595,FALSE
"gene_1021",1320.98998855682,0.0489155373681838,0.0542462725340546,0.0477082620436789,0.0477082620436789,FALSE
"gene_1022",6.19317451726976,1.01219373742781,0.872350356841517,0.985737013338928,0.985737013338928,FALSE
"gene_1023",400.099402505025,0.063744307605886,0.0631158588906095,0.0636598665952447,0.0636598665952447,FALSE
"gene_1024",46.3786005964775,0.149433326246628,0.160152961345409,0.15103183899987,0.15103183899987,FALSE
"gene_1025",53.3391760747818,0.146125882885511,0.145829632393141,0.147462112012372,0.147462112012372,FALSE
"gene_1026",682.603293747882,0.0585102908749426,0.0578502219219017,0.0584260463879658,0.0584260463879658,FALSE
"gene_1027",418.158885016383,0.0648758462805987,0.0625663701069998,0.0645661544667345,0.0645661544667345,FALSE
"gene_1028",68.1242183235641,0.200503941805192,0.125116895093053,0.188220332239409,0.200503941805192,TRUE
"gene_1029",571.359666540042,0.0552246600230452,0.0593021996148974,0.0547347056099427,0.0547347056099427,FALSE
"gene_1030",119.445397434293,0.0733339685496882,0.0930107298900904,0.0760063323715421,0.0760063323715421,FALSE
"gene_1031",411.238015772563,0.0520981738609976,0.0627712450389172,0.0535930650444796,0.0535930650444796,FALSE
"gene_1032",590.367327953855,0.0607148370136943,0.0590153465098962,0.0580271561410995,0.0580271561410995,FALSE
"gene_1033",32.9185644348828,0.18832112416962,0.20503271464301,0.190875537000626,0.190875537000626,FALSE
"gene_1034",4.86811973557099,1.07669631519552,1.09607922530853,1.07955382234307,1.07955382234307,FALSE
"gene_1035",2486.27397772947,0.0365939383953093,0.0524401549087009,0.0418471930462436,0.0418471930462436,FALSE
"gene_1036",2272.89251542522,0.0497584342323838,0.0526323718075175,0.0499099578076756,0.0499099578076756,FALSE
"gene_1037",7.68631322018346,0.61972006370908,0.712677344510629,0.636903835792767,0.636903835792767,FALSE
"gene_1038",186.179225006569,0.0573377379011389,0.0777347823226873,0.060732736793681,0.060732736793681,FALSE
"gene_1039",161.443758760008,0.0715299234791986,0.0819239754715502,0.0729211127384066,0.0729211127384066,FALSE
"gene_1040",15.3681204765914,0.284598443243991,0.381632115188347,0.299761104182425,0.299761104182425,FALSE
"gene_1041",36.2943811735551,0.195952488161796,0.190649321842937,0.195109442861459,0.195109442861459,FALSE
"gene_1042",251.676568261895,0.0809825312625053,0.0706191672772741,0.0782727474462905,0.0782727474462905,FALSE
"gene_1043",19.7731311444854,0.158899583519668,0.307839394396364,0.182739829570362,0.182739829570362,FALSE
"gene_1044",1240.42802252817,0.0482285356896208,0.0544965499851206,0.0499264568702453,0.0499264568702453,FALSE
"gene_1045",198.02829757962,0.0738599473728715,0.0760987621682462,0.0741697102928529,0.0741697102928529,FALSE
"gene_1046",212.332580352046,0.0862939316663824,0.0743670131202117,0.0845888892004092,0.0845888892004092,FALSE
"gene_1047",796.717811974191,0.0569124538947161,0.0567820755811064,0.0568734751840495,0.0568734751840495,FALSE
"gene_1048",4.11328730708763,0.989364149374566,1.28797394074654,1.04087482946464,1.04087482946464,FALSE
"gene_1049",321.065294505633,0.0565076067456661,0.066247817776505,0.0590144327128652,0.0590144327128652,FALSE
"gene_1050",16.2547338476324,0.445928471617337,0.36356468357741,0.431921664326953,0.431921664326953,FALSE
"gene_1051",21.0868635583041,0.273700328120897,0.291800211385404,0.276424438441284,0.276424438441284,FALSE
"gene_1052",798.567343807822,0.0406928668400544,0.0567672773944913,0.0436527728022295,0.0436527728022295,FALSE
"gene_1053",373.775332851962,0.0630493258178494,0.0640119192265116,0.0631743049059855,0.0631743049059855,FALSE
"gene_1054",4.6850936286415,1.09615098184606,1.13692962200827,1.10417684839091,1.10417684839091,FALSE
"gene_1055",238.640344003721,0.0846233504969874,0.0717240799002717,0.082787716593846,0.082787716593846,FALSE
"gene_1056",16.0830560748684,0.38253138124669,0.366907622128538,0.380014104645983,0.380014104645983,FALSE
"gene_1057",30.3124775727118,0.194507838304399,0.218327744802695,0.198124732973822,0.198124732973822,FALSE
"gene_1058",70.4669754367454,0.0863306825461393,0.122632601816401,0.0926960409214022,0.0926960409214022,FALSE
"gene_1059",6923.55349330278,0.0557752321896944,0.0511279504396517,0.0554068131028646,0.0554068131028646,FALSE
"gene_1060",145.987431106394,0.0613250743585039,0.0852623291908767,0.0652476291490152,0.0652476291490152,FALSE
"gene_1061",4446.938537808,0.0528688323233972,0.051537428911915,0.0512070742088837,0.0512070742088837,FALSE
"gene_1062",778.010383405505,0.0584009184377329,0.0569357094396055,0.0588989778190674,0.0588989778190674,FALSE
"gene_1063",353.177329253502,0.0654092802676319,0.0648062189966465,0.0661099243807561,0.0661099243807561,FALSE
"gene_1064",30.0561715452434,0.221960766662282,0.219759822186687,0.221643771610377,0.221643771610377,FALSE
"gene_1065",3485.12970943149,0.0595878474432517,0.0518533447854052,0.0585744245043158,0.0585744245043158,FALSE
"gene_1066",2580.73310002361,0.0566177732822233,0.0523652147529347,0.0512573447555892,0.0512573447555892,FALSE
"gene_1067",574.674690846783,0.067937157516068,0.0592508049748132,0.0691186093985591,0.0691186093985591,FALSE
"gene_1068",450.809977972064,0.0635218669336838,0.0616846603707293,0.063918393684876,0.063918393684876,FALSE
"gene_1069",120.625401702109,0.0682891710431365,0.0925938238878325,0.0710959732267275,0.0710959732267275,FALSE
"gene_1070",10.8930474114618,0.55845124752968,0.517711626920558,0.551754498821005,0.551754498821005,FALSE
"gene_1071",582.912726912149,0.0623252860782726,0.0591256175105322,0.0608512519149899,0.0608512519149899,FALSE
"gene_1072",447.471443237624,0.0664188272303941,0.0617689084127923,0.0676404328549913,0.0676404328549913,FALSE
"gene_1073",323.131575495906,0.0454407750093476,0.0661464314515282,0.0491594678380855,0.0491594678380855,FALSE
"gene_1074",10.3549337444605,0.338216724806837,0.541996736433398,0.370914840398715,0.370914840398715,FALSE
"gene_1075",37.1533089669375,0.0637405193207853,0.18740680289227,0.0803797440265529,0.0803797440265529,FALSE
"gene_1076",731.196531983643,0.0559856866993096,0.0573546164405556,0.0558072424377433,0.0558072424377433,FALSE
"gene_1077",172.38154413303,0.0916947100496534,0.0799232839469914,0.0900001065456934,0.0900001065456934,FALSE
"gene_1078",498.166167768179,0.0529556134511637,0.060611235224277,0.0539150112934751,0.0539150112934751,FALSE
"gene_1079",137.811242228482,0.0992549164857172,0.0873311056408147,0.0983241128148019,0.0983241128148019,FALSE
"gene_1080",1630.11792755091,0.0478846645872977,0.053515499571703,0.0489388170922454,0.0489388170922454,FALSE
"gene_1081",146.196507471674,0.114619380213033,0.0852124619615171,0.112476041706003,0.112476041706003,FALSE
"gene_1082",4.38629250063029,1.02129566402324,1.21094622192143,1.05773545917176,1.05773545917176,FALSE
"gene_1083",117.821384097476,0.0837888729918524,0.0935981635305027,0.0856475107333231,0.0856475107333231,FALSE
"gene_1084",5.44873422460473,1.33117658398323,0.984651374178622,1.26709204005958,1.26709204005958,FALSE
"gene_1085",186.97011810813,0.0650141034684068,0.0776191239362515,0.0660063550118773,0.0660063550118773,FALSE
"gene_1086",193.401903099328,0.0873764381166049,0.0767136804799217,0.0858585089323554,0.0858585089323554,FALSE
"gene_1087",865.549678499436,0.0574535955248881,0.0562739678737548,0.0553836566536736,0.0553836566536736,FALSE
"gene_1088",52.2465791672504,0.117870810533131,0.147825439504944,0.121848330659726,0.121848330659726,FALSE
"gene_1089",27.5683888239333,0.210824160469469,0.235043580557875,0.214526243614029,0.214526243614029,FALSE
"gene_1090",5.56064084824502,0.888563136806946,0.965849632367311,0.902513025362888,0.902513025362888,FALSE
"gene_1091",4764.96688008344,0.0411047376541112,0.0514610264110779,0.0418969299788669,0.0418969299788669,FALSE
"gene_1092",17.9734744560299,0.235708548045899,0.333617140474474,0.252196081452033,0.252196081452033,FALSE
"gene_1093",1256.56881732846,0.0366393264615139,0.0544438355166906,0.0387457189448593,0.0387457189448593,FALSE
"gene_1094",3.15202972343992,0.900988747978426,1.66539244718555,1.03022391091527,1.03022391091527,FALSE
"gene_1095",24.8692239369083,0.320384699115378,0.255084542318162,0.30968589474747,0.30968589474747,FALSE
"gene_1096",908.025689444034,0.0425079428859434,0.0559988515552827,0.0452937584182265,0.0452937584182265,FALSE
"gene_1097",174.772124707245,0.0892923955370777,0.0795193566385517,0.0878793002218041,0.0878793002218041,FALSE
"gene_1098",352.396798781954,0.043975804206815,0.0648381437721454,0.0470429237385279,0.0470429237385279,FALSE
"gene_1099",551.539983309954,0.051651667631702,0.059622363904599,0.0531484897122117,0.0531484897122117,FALSE
"gene_1100",9.64803853969376,0.558783120873038,0.578015719221961,0.562042473080872,0.562042473080872,FALSE
"gene_1101",923.306445114129,0.0457461385698029,0.0559060695849261,0.0478515916340752,0.0478515916340752,FALSE
"gene_1102",74.6466607103617,0.156098822364665,0.118587678175926,0.150244551352012,0.150244551352012,FALSE
"gene_1103",2513.82992335973,0.0568500260552141,0.052417711273281,0.057081728918945,0.057081728918945,FALSE
"gene_1104",15.9833006084013,0.278673507767876,0.36888306476126,0.292854816871734,0.292854816871734,FALSE
"gene_1105",726.967495944394,0.0490288752587959,0.0573951164413971,0.0500506073816354,0.0500506073816354,FALSE
"gene_1106",1353.36250314676,0.0491238239951113,0.0541540949053344,0.0486251666892831,0.0486251666892831,FALSE
"gene_1107",39.2491222418593,0.13564302519665,0.180090563606514,0.142263045163266,0.142263045163266,FALSE
"gene_1108",4.69592617917628,1.08121093893559,1.1344232014136,1.09071683074977,1.09071683074977,FALSE
"gene_1109",2806.99494908156,0.0447095914425378,0.0522062175915171,0.0446768944175558,0.0446768944175558,FALSE
"gene_1110",285.845199737838,0.0578197519957003,0.0682013879493884,0.0591542293338847,0.0591542293338847,FALSE
"gene_1111",5.5636166956381,0.712376188659271,0.965359976040012,0.758284236933864,0.758284236933864,FALSE
"gene_1112",125.730557822173,0.0788525329209226,0.0908802920627784,0.0804894970708384,0.0804894970708384,FALSE
"gene_1113",115.214084754377,0.118178420768475,0.0945759048364822,0.114583841489558,0.114583841489558,FALSE
"gene_1114",196.046076217227,0.0909009752632276,0.0763586760683083,0.0894390214757438,0.0894390214757438,FALSE
"gene_1115",3307.15961658312,0.0498754998590094,0.0519319471636809,0.0491291407666317,0.0491291407666317,FALSE
"gene_1116",23.0665116064837,0.303443941695421,0.271081781499753,0.299351687618629,0.299351687618629,FALSE
"gene_1117",5121.3605505469,0.0492996838732723,0.0513866821402202,0.0506027859166385,0.0506027859166385,FALSE
"gene_1118",728.888026094374,0.040187824092401,0.0573766659438298,0.0426666986198797,0.0426666986198797,FALSE
"gene_1119",996.753888616152,0.0430219517060717,0.0554998081106397,0.046293976482864,0.046293976482864,FALSE
"gene_1120",321.685339335472,0.0499002702245486,0.0662172572226336,0.0529887650831445,0.0529887650831445,FALSE
"gene_1121",872.525378231729,0.0540708672565561,0.0562269481066919,0.0547637396662233,0.0547637396662233,FALSE
"gene_1122",67.0873755885235,0.149544951227339,0.126271765668271,0.145311659123072,0.145311659123072,FALSE
"gene_1123",35.0690810011887,0.198371643647018,0.195549834052842,0.197928479747369,0.197928479747369,FALSE
"gene_1124",584.485439863283,0.0543411059915484,0.0591021192891581,0.0547536631247791,0.0547536631247791,FALSE
"gene_1125",1066.57594046465,0.0636631509207031,0.0551654778799659,0.0638351110155618,0.0638351110155618,FALSE
"gene_1126",15.8438721501091,0.396319610472681,0.371685827857632,0.391453626075084,0.391453626075084,FALSE
"gene_1127",462.906626160101,0.0654365585864264,0.0613895796096745,0.0648818516239728,0.0648818516239728,FALSE
"gene_1128",32.6046935144603,0.211648784845249,0.206521365437031,0.210845915060949,0.210845915060949,FALSE
"gene_1129",12.1257639303126,0.432058530515055,0.470203547364152,0.438110556276043,0.438110556276043,FALSE
"gene_1130",215.414390828795,0.0986033929074427,0.0740240263735757,0.0975554757544475,0.0975554757544475,FALSE
"gene_1131",459.905575719082,0.0586153208014869,0.0614613382142738,0.0586299132909314,0.0586299132909314,FALSE
"gene_1132",52.537837220497,0.168925256192001,0.147285294140163,0.165465269823499,0.165465269823499,FALSE
"gene_1133",116.913580983355,0.1001113321733,0.0939336425362573,0.0991934060619099,0.0991934060619099,FALSE
"gene_1134",15.03718745586,0.384460583177366,0.388921913209993,0.385195443833778,0.385195443833778,FALSE
"gene_1135",132.400103017739,0.0864590188939842,0.0888407633834469,0.0867904925750383,0.0867904925750383,FALSE
"gene_1136",6.0611361383764,1.14642659268208,0.890256233511631,1.09900583000143,1.09900583000143,FALSE
"gene_1137",778.152174874968,0.0422142085622976,0.056934517201669,0.0439140121900487,0.0439140121900487,FALSE
"gene_1138",39.6383982148172,0.146642307002165,0.178816842586575,0.1515686470134,0.1515686470134,FALSE
"gene_1139",627.840048247399,0.0413034767555464,0.0585007028178474,0.0440082699404513,0.0440082699404513,FALSE
"gene_1140",724.496248756914,0.0598199621746024,0.0574190015827547,0.0602040024409996,0.0602040024409996,FALSE
"gene_1141",6.69954988216808,1.02289762649211,0.810223928293672,0.985228384952207,0.985228384952207,FALSE
"gene_1142",440.527203261791,0.0598088457645609,0.0619482369583198,0.0582878025622284,0.0582878025622284,FALSE
"gene_1143",15.8831412677374,0.323528841074706,0.370891470034258,0.33112696427824,0.33112696427824,FALSE
"gene_1144",281.988456214172,0.0747119154946085,0.0684449565425912,0.0755469113519157,0.0755469113519157,FALSE
"gene_1145",29.863469443012,0.264637100165982,0.220852709268685,0.257553368455586,0.257553368455586,FALSE
"gene_1146",29.7045836375765,0.260937026455283,0.221764476818498,0.254632751166947,0.254632751166947,FALSE
"gene_1147",229.937239986381,0.0706238398075548,0.0725314706247852,0.0728359744570752,0.0728359744570752,FALSE
"gene_1148",88.3811717106163,0.229316338572354,0.107990119635017,0.207575784296873,0.229316338572354,TRUE
"gene_1149",4314.63053488586,0.0650201840611881,0.0515725319040425,0.0597653090406299,0.0597653090406299,FALSE
"gene_1150",47.5343973741316,0.166228750566113,0.157484145492291,0.164874940463304,0.164874940463304,FALSE
"gene_1151",493.715003887572,0.0602408513153138,0.0607033619828682,0.0590611442503337,0.0590611442503337,FALSE
"gene_1152",788.125366752567,0.0333929064735567,0.0568517349766459,0.0351392910118726,0.0351392910118726,FALSE
"gene_1153",4.63702392951107,1.60142312306138,1.14819320477174,1.50995157298663,1.50995157298663,FALSE
"gene_1154",15.6572576648329,0.243924674119864,0.37551523096649,0.265493299793726,0.265493299793726,FALSE
"gene_1155",885.245920443249,0.0632273379183197,0.0561431129107145,0.0622815186929472,0.0622815186929472,FALSE
"gene_1156",3514.6962211299,0.0414362779861086,0.0518410574953541,0.0431811324719334,0.0431811324719334,FALSE
"gene_1157",1740.83215087007,0.0520840571445818,0.0533168945354118,0.0523843648680356,0.0523843648680356,FALSE
"gene_1158",18.7320379919934,0.224570327150159,0.322147820846955,0.239664921958961,0.239664921958961,FALSE
"gene_1159",605.602076261688,0.0645291868114675,0.0587984321140364,0.06377022963005,0.06377022963005,FALSE
"gene_1160",99.6695843853995,0.0959199877695942,0.101466731225159,0.0967102387342339,0.0967102387342339,FALSE
"gene_1161",4765.45579160311,0.0581320102706286,0.0514609168064982,0.0570505190680447,0.0570505190680447,FALSE
"gene_1162",57.5986893510544,0.121925292423458,0.138771921987889,0.124375737178819,0.124375737178819,FALSE
"gene_1163",44.5459551253827,0.229981623773386,0.16466855968389,0.219475667061288,0.219475667061288,FALSE
"gene_1164",171.965807819707,0.0732760048272499,0.079994675668067,0.0753866027906568,0.0753866027906568,FALSE
"gene_1165",273.461380119592,0.0778533283913824,0.0690078621430152,0.0766185377642728,0.0766185377642728,FALSE
"gene_1166",359.446725958345,0.047514787652759,0.0645548213758647,0.0505287422631139,0.0505287422631139,FALSE
"gene_1167",5946.59763952237,0.0583543679323731,0.0512487429746057,0.0546326613469926,0.0546326613469926,FALSE
"gene_1168",163.490517748794,0.0825505488055032,0.0815292313793325,0.0824060853002169,0.0824060853002169,FALSE
"gene_1169",561.803204764822,0.0619671875879764,0.0594537531592296,0.0623488513822236,0.0623488513822236,FALSE
"gene_1170",22.9249410801125,0.311436649924066,0.272444623347143,0.305266277905052,0.305266277905052,FALSE
"gene_1171",37.063830811853,0.19212605941408,0.187737577359967,0.191435309923222,0.191435309923222,FALSE
"gene_1172",34.1310579003416,0.22276602099196,0.199539184247566,0.21902206144621,0.21902206144621,FALSE
"gene_1173",2026.31902693107,0.0553975423817576,0.0529049068933657,0.0532013750406463,0.0532013750406463,FALSE
"gene_1174",4.93510507202401,1.05011946819785,1.08188587734118,1.05578371275669,1.05578371275669,FALSE
"gene_1175",70.4444837256947,0.0719715526027665,0.122655666772687,0.0787476844847274,0.0787476844847274,FALSE
"gene_1176",206.640606833243,0.0706160050628646,0.0750273922308385,0.0709400126474872,0.0709400126474872,FALSE
"gene_1177",170.233504811268,0.0770135119604736,0.0802959065386916,0.0774642062539826,0.0774642062539826,FALSE
"gene_1178",96.3956571934444,0.109257488328203,0.103201380437858,0.108346857881624,0.108346857881624,FALSE
"gene_1179",692.325272927436,0.0737939524532642,0.0577454996914118,0.0721156589477015,0.0721156589477015,FALSE
"gene_1180",37.4176424178234,0.177298376139015,0.186438879538766,0.178682578085151,0.178682578085151,FALSE
"gene_1181",5424.46290295237,0.0532005419510785,0.0513311416160858,0.054779339885639,0.054779339885639,FALSE
"gene_1182",5.59736255101284,1.09569096501317,0.959843743529067,1.0707807651865,1.0707807651865,FALSE
"gene_1183",175.435720660448,0.0527025506752395,0.0794091833532892,0.0560868596719525,0.0560868596719525,FALSE
"gene_1184",1180.40409910629,0.0459369321989265,0.0547052319242907,0.0482167992391769,0.0482167992391769,FALSE
"gene_1185",519.239147212237,0.0563327060903079,0.0601965227985672,0.0572239600264849,0.0572239600264849,FALSE
"gene_1186",18.331715320597,0.401212746667344,0.328082330136884,0.389088793528679,0.389088793528679,FALSE
"gene_1187",5350.42408900538,0.0602549360508952,0.0513441276718953,0.0613488564543895,0.0613488564543895,FALSE
"gene_1188",50.0277894083306,0.114337308199697,0.152146692976435,0.119807060316713,0.119807060316713,FALSE
"gene_1189",31.7981005980058,0.175803073715821,0.210481736373263,0.181266342308056,0.181266342308056,FALSE
"gene_1190",805.262535151491,0.0604608287982618,0.0567142772913099,0.0597157430569933,0.0597157430569933,FALSE
"gene_1191",2528.37705854746,0.0722457682997372,0.0524060602920043,0.0743496246805394,0.0743496246805394,FALSE
"gene_1192",9.21171227267823,0.558760365069561,0.603007357517291,0.56630427107057,0.56630427107057,FALSE
"gene_1193",7.9707038253417,0.536476799262527,0.689047369767554,0.562940058119178,0.562940058119178,FALSE
"gene_1194",1294.64607264436,0.0571170909843702,0.0543246863355988,0.0582675033787539,0.0582675033787539,FALSE
"gene_1195",7.39414184870334,0.936658366132235,0.738846792713459,0.899568802548042,0.899568802548042,FALSE
"gene_1196",516.878550823825,0.0468914019020246,0.0602412970735468,0.0485991850663871,0.0485991850663871,FALSE
"gene_1197",81.2697872389393,0.0797259023206379,0.113030090704976,0.0856365131768389,0.0856365131768389,FALSE
"gene_1198",135.530315986771,0.11357347754532,0.0879527656142889,0.111491450416473,0.111491450416473,FALSE
"gene_1199",956.653599877566,0.0666295728916721,0.0557138839291304,0.0656045739163453,0.0656045739163453,FALSE
"gene_1200",4806.60686247689,0.0570758319830015,0.0514517714454348,0.0587627711805984,0.0587627711805984,FALSE
"gene_1201",4993.93861279166,0.051333950953493,0.0514120438434349,0.0544442984819461,0.0544442984819461,FALSE
"gene_1202",423.037181161228,0.0778856303891003,0.0624259882268136,0.0756710129965661,0.0756710129965661,FALSE
"gene_1203",308.579290450873,0.0672022625520143,0.0668893612550069,0.0660521023513427,0.0660521023513427,FALSE
"gene_1204",303.428988991571,0.0877188916442498,0.0671693699813229,0.0863495811492163,0.0863495811492163,FALSE
"gene_1205",753.741380712391,0.0867871239195305,0.057146381498676,0.0802097969679767,0.0802097969679767,FALSE
"gene_1206",5.54208913076061,1.01880104528627,0.968914054091323,1.00842711458586,1.00842711458586,FALSE
"gene_1207",4385.9878703553,0.049471302197486,0.0515533368054106,0.0456969266793127,0.0456969266793127,FALSE
"gene_1208",31.8138537786084,0.19077546543496,0.21040246551605,0.193795374842053,0.193795374842053,FALSE
"gene_1209",69.6087371217767,0.083941757802157,0.123523280944803,0.0894428910837408,0.0894428910837408,FALSE
"gene_1210",376.309730346929,0.0613196512223953,0.0639201955597644,0.0616597371035085,0.0616597371035085,FALSE
"gene_1211",275.482144455477,0.0738144340437188,0.0688713130014185,0.0709039493944583,0.0709039493944583,FALSE
"gene_1212",52.0921503537439,0.170304781699417,0.148114281909077,0.166915282441571,0.166915282441571,FALSE
"gene_1213",303.031435425033,0.072188917404767,0.0671913796580124,0.0715014215067185,0.0715014215067185,FALSE
"gene_1214",22.4664445834397,0.290408718295241,0.276976271749606,0.288280524817297,0.288280524817297,FALSE
"gene_1215",22.0193236926303,0.284407660953877,0.281577241727594,0.283955766339554,0.283955766339554,FALSE
"gene_1216",364.908076888362,0.0672044223739248,0.0643428658040046,0.0667923349470664,0.0667923349470664,FALSE
"gene_1217",484.851528818097,0.0802589796324374,0.060891849109861,0.0791259142487832,0.0791259142487832,FALSE
"gene_1218",38.0197076619994,0.167496494680588,0.184284505406852,0.169561280233521,0.169561280233521,FALSE
"gene_1219",434.504895433903,0.0546032698760966,0.0621083985244469,0.0564280765309102,0.0564280765309102,FALSE
"gene_1220",58.7953260868764,0.106834534880667,0.136973176619058,0.111241067685213,0.111241067685213,FALSE
"gene_1221",7.42285121025451,0.612315309430369,0.736184058836366,0.632129917176506,0.632129917176506,FALSE
"gene_1222",316.885106585044,0.0547161305346504,0.066456970429093,0.0557737058527071,0.0557737058527071,FALSE
"gene_1223",964.719589908038,0.0492733008044574,0.0556693937007173,0.0500646894928525,0.0500646894928525,FALSE
"gene_1224",150.507371412781,0.112885173863407,0.0842151470571523,0.108511610887999,0.108511610887999,FALSE
"gene_1225",1045.30459830873,0.038563122808573,0.0552626010864322,0.0420111977278823,0.0420111977278823,FALSE
"gene_1226",78.6330144076059,0.120459953608038,0.11513048790093,0.119671100560573,0.119671100560573,FALSE
"gene_1227",299.408918198476,0.0426909228928031,0.067394625096071,0.0457226617246284,0.0457226617246284,FALSE
"gene_1228",619.362910282777,0.0487975084225363,0.0586116759398225,0.052020472311692,0.052020472311692,FALSE
"gene_1229",144.906018973757,0.0877822088558406,0.0855225560429904,0.0882179147122299,0.0882179147122299,FALSE
"gene_1230",169.776547824281,0.0790229645801163,0.08037639161223,0.0792128561451397,0.0792128561451397,FALSE
"gene_1231",592.50678076209,0.0591392699189768,0.0589842114408029,0.0585366979036828,0.0585366979036828,FALSE
"gene_1232",112.144715963764,0.124037841617168,0.0957851864384235,0.119782563828844,0.119782563828844,FALSE
"gene_1233",61.9071864663244,0.161330780616819,0.132621075322502,0.156943878296919,0.156943878296919,FALSE
"gene_1234",969.644663547847,0.073409941263679,0.055642592035292,0.0671205808859039,0.0671205808859039,FALSE
"gene_1235",25.3574383291941,0.315827259371463,0.251143548721029,0.305365635424959,0.305365635424959,FALSE
"gene_1236",2939.20434528713,0.0484566968514511,0.0521246432321474,0.0506741684580905,0.0506741684580905,FALSE
"gene_1237",13.892554873183,0.340164412937899,0.416813943732691,0.354371654071242,0.354371654071242,FALSE
"gene_1238",191.817065952304,0.0438458848547356,0.0769311505113653,0.0485770753018662,0.0485770753018662,FALSE
"gene_1239",439.6226564072,0.0492986215919854,0.0619720130809392,0.0528639255903295,0.0528639255903295,FALSE
"gene_1240",36.4280941137523,0.219510783733792,0.19013449598156,0.214770145995718,0.214770145995718,FALSE
"gene_1241",5937.32374730052,0.0356440138416019,0.0512500800796335,0.03760768686339,0.03760768686339,FALSE
"gene_1242",22.3136055063189,0.200650187794762,0.278528276582603,0.212261103100194,0.212261103100194,FALSE
"gene_1243",4.99944035695965,1.28099259216045,1.06861211016669,1.23971895453181,1.23971895453181,FALSE
"gene_1244",265.473734348121,0.0579506466715978,0.0695679601133055,0.0594348267729231,0.0594348267729231,FALSE
"gene_1245",108.187483105286,0.0893070871552085,0.0974455321928747,0.0904475379477334,0.0904475379477334,FALSE
"gene_1246",1455.6193907367,0.0404631676053715,0.0538898580694806,0.043067819253371,0.043067819253371,FALSE
"gene_1247",158.989793515074,0.0727089186191393,0.0824106522943163,0.0740264831127828,0.0740264831127828,FALSE
"gene_1248",332.755545602072,0.0647775675664469,0.0656908014349404,0.065917900708738,0.065917900708738,FALSE
"gene_1249",3.90547629347509,0.629200831820166,1.35382583490354,0.760247128586182,0.760247128586182,FALSE
"gene_1250",599.100915017069,0.0675657848168516,0.0588896471348494,0.0691793091317615,0.0691793091317615,FALSE
"gene_1251",12.7755783257297,0.623356565461268,0.448850374672246,0.59532640376375,0.59532640376375,FALSE
"gene_1252",73.6389222046993,0.0987592916154977,0.119520917020859,0.101687513260009,0.101687513260009,FALSE
"gene_1253",5.19897112898425,1.12525521628843,1.02953397346889,1.10788975524338,1.10788975524338,FALSE
"gene_1254",130.227770015508,0.0955361191217417,0.089482116538223,0.0946671952506841,0.0946671952506841,FALSE
"gene_1255",1031.47316679878,0.05900695119052,0.0553279034795953,0.0582936629991658,0.0582936629991658,FALSE
"gene_1256",53.6049116562449,0.154914621528255,0.14535652298531,0.153470386798201,0.153470386798201,FALSE
"gene_1257",617.07660969663,0.0746325685135122,0.0586421276585998,0.0723935708726765,0.0723935708726765,FALSE
"gene_1258",113.971853655642,0.100989766759595,0.0950574776634621,0.100130556080711,0.100130556080711,FALSE
"gene_1259",17.1174871644063,0.235828544391674,0.347780230950384,0.253307156425717,0.253307156425717,FALSE
"gene_1260",5190.01161793558,0.056035013672736,0.0513735342407622,0.0535468596226048,0.0535468596226048,FALSE
"gene_1261",14.4070187499374,0.484830647513238,0.403729314950752,0.471206359199561,0.471206359199561,FALSE
"gene_1262",270.579497843218,0.070325613920884,0.0692061280817035,0.0722062674680026,0.0722062674680026,FALSE
"gene_1263",85.6429615205633,0.0699121137431079,0.109831646728757,0.0753428716839639,0.0753428716839639,FALSE
"gene_1264",756.655186991941,0.0776819684572833,0.0571203737317412,0.0747767190665697,0.0747767190665697,FALSE
"gene_1265",45.7278949522533,0.132492515782911,0.161714844303284,0.135454146085139,0.135454146085139,FALSE
"gene_1266",62.7437095073777,0.134993271711862,0.131524775328698,0.13448564937639,0.13448564937639,FALSE
"gene_1267",2612.06741100347,0.0735391314763745,0.0523415525356201,0.0690662834919938,0.0690662834919938,FALSE
"gene_1268",807.366240622732,0.0426899270006006,0.0566978055459872,0.0443254058905967,0.0443254058905967,FALSE
"gene_1269",40.3876998194818,0.126885616652601,0.176434225736888,0.134982698854029,0.134982698854029,FALSE
"gene_1270",67.7872847921919,0.166168564429326,0.125488308199597,0.159723644894648,0.159723644894648,FALSE
"gene_1271",123.556530873951,0.080992400838154,0.0915926875125787,0.0824804027328723,0.0824804027328723,FALSE
"gene_1272",103.23746068005,0.104124635919313,0.0997016179172584,0.103482675775669,0.103482675775669,FALSE
"gene_1273",4501.17658842862,0.062905723713856,0.0515236352474988,0.061510814657895,0.061510814657895,FALSE
"gene_1274",549.612457766044,0.0538704798187727,0.0596547329084699,0.0549023364675927,0.0549023364675927,FALSE
"gene_1275",344.028822911832,0.0890677626069603,0.0651895070720956,0.0847395461814351,0.0847395461814351,FALSE
"gene_1276",74.9076406695935,0.0950920222698221,0.118350085298006,0.0976049513383173,0.0976049513383173,FALSE
"gene_1277",76.2325129684903,0.105303915669606,0.117169029469846,0.107018391377265,0.107018391377265,FALSE
"gene_1278",1160.35730274593,0.0527393095103924,0.0547797369025101,0.0530831547173831,0.0530831547173831,FALSE
"gene_1279",100.873185875379,0.0541284744469447,0.100857324708221,0.060631371955052,0.060631371955052,FALSE
"gene_1280",33.918531070112,0.138321681299769,0.200473706703801,0.147839167098463,0.147839167098463,FALSE
"gene_1281",17.8469566868299,0.453356105647608,0.33562492951557,0.433476945532038,0.433476945532038,FALSE
"gene_1282",42.5515244699218,0.156797816860808,0.170024778414658,0.158823387375907,0.158823387375907,FALSE
"gene_1283",84.5419738089617,0.109055398310875,0.110605718400382,0.109284723956502,0.109284723956502,FALSE
"gene_1284",5.84333713349202,0.875104601165023,0.921560510002109,0.882431670340724,0.882431670340724,FALSE
"gene_1285",96.3114948504118,0.0657125410922646,0.103247527598792,0.070729638013668,0.070729638013668,FALSE
"gene_1286",587.737962222148,0.0629940392037424,0.0590539216669586,0.06247177595163,0.06247177595163,FALSE
"gene_1287",18.564980404041,0.835693212677791,0.324593218233148,0.741034717885808,0.835693212677791,TRUE
"gene_1288",19.848734789285,0.336011391991446,0.30685878236028,0.33146136475041,0.33146136475041,FALSE
"gene_1289",4.45655331098143,0.83621208190148,1.19264925001786,0.896795939818382,0.896795939818382,FALSE
"gene_1290",41.0237106762734,0.12365504647203,0.174480141726701,0.132111333390655,0.132111333390655,FALSE
"gene_1291",477.162191848406,0.0567633632640681,0.0610610399556072,0.0576533736880495,0.0576533736880495,FALSE
"gene_1292",236.854702655116,0.0762712876700247,0.0718848965898331,0.0759338468053159,0.0759338468053159,FALSE
"gene_1293",60.2076718821173,0.129998755789319,0.134942180161366,0.13074257099748,0.13074257099748,FALSE
"gene_1294",16.1792448732965,0.393552114599806,0.365025878572223,0.388984676843646,0.388984676843646,FALSE
"gene_1295",80.7188430380155,0.081235657279024,0.113457620441464,0.0858213518099363,0.0858213518099363,FALSE
"gene_1296",52.5951477970894,0.162056420763487,0.147179714623483,0.159774214625018,0.159774214625018,FALSE
"gene_1297",672.260974704689,0.0577427316488719,0.0579649512400943,0.0550976663072572,0.0550976663072572,FALSE
"gene_1298",44.3889291366752,0.122270589150404,0.165072810919063,0.128414785209789,0.128414785209789,FALSE
"gene_1299",41.128736540487,0.212228587493778,0.174163273482739,0.20626653088573,0.20626653088573,FALSE
"gene_1300",5905.69870471357,0.0343751828347124,0.051254671339389,0.0376789517937584,0.0376789517937584,FALSE
"gene_1301",179.14895808875,0.094734363365374,0.0788077560091122,0.0904607896766176,0.0904607896766176,FALSE
"gene_1302",5.54747936231937,0.528990070491724,0.968021568972874,0.609588306728681,0.609588306728681,FALSE
"gene_1303",4.84822177263676,1.01003386766714,1.1003709084542,1.02756391175387,1.02756391175387,FALSE
"gene_1304",16.7364853994569,0.330643567409963,0.354550181178333,0.334396701738317,0.334396701738317,FALSE
"gene_1305",13.0009031667388,0.411666783400092,0.441944515099326,0.416905472808152,0.416905472808152,FALSE
"gene_1306",150.8967651206,0.0644686224769268,0.084127867207162,0.0682566445136394,0.0682566445136394,FALSE
"gene_1307",524.963509132087,0.0670547080930097,0.0600896189593818,0.0661123642654679,0.0661123642654679,FALSE
"gene_1308",22.0513899099726,0.3103464160877,0.281241062751777,0.305686141575961,0.305686141575961,FALSE
"gene_1309",61.8411755440278,0.156762001188507,0.132708848083439,0.153010274424374,0.153010274424374,FALSE
"gene_1310",109.040641126437,0.0674968509512106,0.0970773804789591,0.0714940422828072,0.0714940422828072,FALSE
"gene_1311",201.554553989472,0.0769861581774559,0.0756490270704779,0.0767959898971878,0.0767959898971878,FALSE
"gene_1312",387.236934060518,0.0681806719021259,0.0635384714590014,0.067560798775755,0.067560798775755,FALSE
"gene_1313",810.954854814542,0.0604817252860048,0.0566699043854071,0.0589507913426008,0.0589507913426008,FALSE
"gene_1314",1541.42584813556,0.0431461737724278,0.0536951821365786,0.0439958029175455,0.0439958029175455,FALSE
"gene_1315",1095.90005893183,0.0538811402885669,0.0550377678536235,0.0536481578267333,0.0536481578267333,FALSE
"gene_1316",36.8197977444847,0.160158073969933,0.18864786728845,0.164429537120483,0.164429537120483,FALSE
"gene_1317",42.4944880916838,0.164204071526658,0.17018534936462,0.165150011457298,0.165150011457298,FALSE
"gene_1318",11.3984266712493,0.494362778262987,0.496991811911936,0.494919372216814,0.494919372216814,FALSE
"gene_1319",207.192676206405,0.0641653838919609,0.0749617525669872,0.0642625560053629,0.0642625560053629,FALSE
"gene_1320",10.6269446219092,0.88253715840833,0.529413472914455,0.818734948737887,0.88253715840833,TRUE
"gene_1321",603.408914705392,0.0416938116720114,0.0588289837386464,0.0449035516440683,0.0449035516440683,FALSE
"gene_1322",19.2199588763759,0.235691241260591,0.315249002881495,0.24807174507263,0.24807174507263,FALSE
"gene_1323",48.4239241644551,0.142249492878126,0.155516921459129,0.144229369757749,0.144229369757749,FALSE
"gene_1324",98.9166968877292,0.100728455515499,0.101855472446384,0.100890038139582,0.100890038139582,FALSE
"gene_1325",208.212786032723,0.112418911012967,0.0748413798958796,0.106526453687208,0.106526453687208,FALSE
"gene_1326",179.716911554466,0.0535287818808455,0.0787179568473223,0.0555256669038266,0.0555256669038266,FALSE
"gene_1327",40.4256158664126,0.333803943632031,0.176316008705408,0.305175550153922,0.333803943632031,TRUE
"gene_1328",36.4531952189781,0.14268713521368,0.190038271948603,0.149768957661157,0.149768957661157,FALSE
"gene_1329",46.3938781440795,0.190115119525176,0.160116817189248,0.185314425503312,0.185314425503312,FALSE
"gene_1330",6.36202551595828,1.17214812333951,0.850535233586071,1.11456376028703,1.11456376028703,FALSE
"gene_1331",88.76450153545,0.0942944130656361,0.10774138497904,0.0956493544759278,0.0956493544759278,FALSE
"gene_1332",471.57050754282,0.0533863202222926,0.0611875406021895,0.0561050488986582,0.0561050488986582,FALSE
"gene_1333",499.396872605477,0.0398280062216461,0.0605860528530553,0.0411675822023592,0.0411675822023592,FALSE
"gene_1334",896.064714214797,0.0583794681750906,0.0560736843288207,0.0583987290010958,0.0583987290010958,FALSE
"gene_1335",80.4858936976036,0.131005946291399,0.113640148463715,0.128356822529442,0.128356822529442,FALSE
"gene_1336",227.569110586624,0.0858210083992279,0.0727618510446515,0.0839788750456551,0.0839788750456551,FALSE
"gene_1337",60.9339511656491,0.165697898269611,0.133934424505385,0.159780597956282,0.159780597956282,FALSE
"gene_1338",448.276567990306,0.0715701166355074,0.0617484762388143,0.0708173073790253,0.0708173073790253,FALSE
"gene_1339",29.3837574878895,0.332582957803441,0.223635597163972,0.315019884773032,0.315019884773032,FALSE
"gene_1340",26.8370127231188,0.212398670248718,0.240075781439097,0.216658329261646,0.216658329261646,FALSE
"gene_1341",36.0856458007789,0.268072618230173,0.191460628306649,0.255052308698254,0.255052308698254,FALSE
"gene_1342",1122.70801400925,0.0662992601113742,0.0549268532641087,0.0647585031246395,0.0647585031246395,FALSE
"gene_1343",27.5411749396363,0.199094709748835,0.235226037102919,0.204622289355503,0.204622289355503,FALSE
"gene_1344",23.1909152587995,0.226224450210199,0.269897933120977,0.233559632691133,0.233559632691133,FALSE
"gene_1345",64.3088736478731,0.105021183455112,0.129550164306122,0.108563056601174,0.108563056601174,FALSE
"gene_1346",25.6457152052857,0.133896758817521,0.248886960191275,0.149690716871676,0.149690716871676,FALSE
"gene_1347",27.0419430103127,0.272613396134119,0.238638317874027,0.266903719460858,0.266903719460858,FALSE
"gene_1348",32.5341028718828,0.177238704205724,0.206860124513076,0.182596770984534,0.182596770984534,FALSE
"gene_1349",502.182437035456,0.0505007354279572,0.0605295111829935,0.0516086878874738,0.0516086878874738,FALSE
"gene_1350",216.855942211626,0.0905252580114475,0.0738669369851003,0.0881044302403198,0.0881044302403198,FALSE
"gene_1351",1356.34805838023,0.0589749852689121,0.05414581543446,0.0576562246868458,0.0576562246868458,FALSE
"gene_1352",2046.7551517027,0.0568449383386853,0.0528798234246747,0.0531577200433337,0.0531577200433337,FALSE
"gene_1353",74.8306721671336,0.105631748246655,0.118419984148568,0.107487614383021,0.107487614383021,FALSE
"gene_1354",2355.39722090276,0.0602457986912222,0.0525539208183884,0.058205124362133,0.058205124362133,FALSE
"gene_1355",21.1433036422591,0.242973637802027,0.291155796478004,0.250647758594652,0.250647758594652,FALSE
"gene_1356",46.0320668710976,0.0644845359472223,0.16097924688763,0.0775414784390577,0.0775414784390577,FALSE
"gene_1357",323.903171241402,0.0539482240207292,0.0661089032295921,0.0543167287663725,0.0543167287663725,FALSE
"gene_1358",17.1249497655034,0.338751951681741,0.347650637315066,0.339870080810794,0.339870080810794,FALSE
"gene_1359",788.381903042455,0.0448366027728972,0.0568496332336006,0.0447336112082117,0.0447336112082117,FALSE
"gene_1360",526.073423824434,0.0439031442667854,0.0600691603135691,0.0458062396819202,0.0458062396819202,FALSE
"gene_1361",16.1676364891301,0.441968046990118,0.365251785604441,0.430119136918669,0.430119136918669,FALSE
"gene_1362",17.7495767718484,0.457776145351565,0.337189805701425,0.43780810064906,0.43780810064906,FALSE
"gene_1363",8.15617434734399,0.537867021068433,0.674524431752799,0.559007923853849,0.559007923853849,FALSE
"gene_1364",25.1169876577598,0.229919613854917,0.253065382516523,0.233591736464419,0.233591736464419,FALSE
"gene_1365",366.686088400485,0.063644540127625,0.0642752233397391,0.0638982830579007,0.0638982830579007,FALSE
"gene_1366",68.7986921005616,0.113904199884965,0.124384330174282,0.11542952694624,0.11542952694624,FALSE
"gene_1367",57.8197749999783,0.171921020266532,0.138433986099135,0.166755738625612,0.166755738625612,FALSE
"gene_1368",1543.32482476009,0.0651306517916408,0.0536911186165786,0.0665938110588089,0.0665938110588089,FALSE
"gene_1369",55.5977460677489,0.135303758118057,0.141952658937969,0.136282916764126,0.136282916764126,FALSE
"gene_1370",404.159469753201,0.0569653653350644,0.0629880458027272,0.0592762922457915,0.0592762922457915,FALSE
"gene_1371",163.308642598432,0.0680942782864669,0.0815639078101015,0.06989955450325,0.06989955450325,FALSE
"gene_1372",3665.18531237374,0.0507753870423249,0.0517815893971665,0.0540959861301515,0.0540959861301515,FALSE
"gene_1373",23.5416085655396,0.205032940222143,0.26662801998416,0.214311664413053,0.214311664413053,FALSE
"gene_1374",274.222127994209,0.066887558669127,0.0689562199101251,0.0683962103307651,0.0683962103307651,FALSE
"gene_1375",47.0707009318599,0.183126678561877,0.158539110046609,0.179083220598454,0.179083220598454,FALSE
"gene_1376",345.774769456771,0.0742308371272802,0.0651147924549883,0.0729858461901064,0.0729858461901064,FALSE
"gene_1377",1406.22607548094,0.0548915199413398,0.0540126947183566,0.0570616700477762,0.0570616700477762,FALSE
"gene_1378",13.8818767839381,0.501284238586583,0.417095798900699,0.486802730540775,0.486802730540775,FALSE
"gene_1379",856.630379398763,0.0447784539776021,0.0563352040435419,0.0474964546839653,0.0474964546839653,FALSE
"gene_1380",326.838465793015,0.0709152018059061,0.0659677580380837,0.0716505390496068,0.0716505390496068,FALSE
"gene_1381",164.247162362409,0.0692215560410996,0.0813857933656189,0.0708466343483121,0.0708466343483121,FALSE
"gene_1382",4731.72385640874,0.039085423496094,0.0514685319866731,0.041108121400207,0.041108121400207,FALSE
"gene_1383",21.6354886408404,0.292117411544562,0.285678685008659,0.291104973848804,0.291104973848804,FALSE
"gene_1384",8.43573679591146,0.665193572916928,0.653840548574635,0.663707665504418,0.663707665504418,FALSE
"gene_1385",22.9703957361849,0.302883180037222,0.272005218915453,0.297703411187163,0.297703411187163,FALSE
"gene_1386",56.972998844374,0.0999786017623545,0.139742522792317,0.105357540512004,0.105357540512004,FALSE
"gene_1387",92.1346096443063,0.120239059423387,0.105643679675941,0.118032339095153,0.118032339095153,FALSE
"gene_1388",846.591935702567,0.0356808976453144,0.0564056671118059,0.0394177747521795,0.0394177747521795,FALSE
"gene_1389",5617.49771018316,0.0441915860132176,0.0512988939163871,0.0460643346788139,0.0460643346788139,FALSE
"gene_1390",381.094620412635,0.0665124211628835,0.0637503491152608,0.0661444989206748,0.0661444989206748,FALSE
"gene_1391",59.5306290230789,0.144690222779248,0.135903762810565,0.143374632015015,0.143374632015015,FALSE
"gene_1392",3883.27841495495,0.0452801622808027,0.0517035865910281,0.0500603469828335,0.0500603469828335,FALSE
"gene_1393",14.5839258398713,0.372870211053264,0.399443243248912,0.377202540184544,0.377202540184544,FALSE
"gene_1394",33.5569600459392,0.212502911883884,0.202090806174661,0.210918950744173,0.210918950744173,FALSE
"gene_1395",26.8918763638075,0.289406620004896,0.239688798242499,0.281376563818641,0.281376563818641,FALSE
"gene_1396",1043.85468676508,0.0541267542614573,0.0552693653631137,0.0545190085298023,0.0545190085298023,FALSE
"gene_1397",8.10774319263288,0.983606146380355,0.678252648053277,0.930136670350336,0.930136670350336,FALSE
"gene_1398",294.302643341667,0.071450659218541,0.0676896156132041,0.0709458837552872,0.0709458837552872,FALSE
"gene_1399",3175.53575161257,0.0615227734887153,0.0519957478335476,0.0568932624155719,0.0568932624155719,FALSE
"gene_1400",754.045047025044,0.0570952045626291,0.0571436616814026,0.0556695318721287,0.0556695318721287,FALSE
"gene_1401",624.278049351678,0.0590012020743424,0.058546965356742,0.0589393577613116,0.0589393577613116,FALSE
"gene_1402",111.189855437197,0.11795961773279,0.0961750015953347,0.114716430692858,0.114716430692858,FALSE
"gene_1403",18.3332264828717,0.4240627359513,0.328059440871348,0.408678941697019,0.408678941697019,FALSE
"gene_1404",32.8570902628445,0.234162732778725,0.205322039310027,0.229543398198791,0.229543398198791,FALSE
"gene_1405",88.6176151536063,0.0802773319575308,0.107836442157366,0.0841842478244422,0.0841842478244422,FALSE
"gene_1406",625.054952993904,0.0706605128110052,0.0585368301256823,0.0690005201853676,0.0690005201853676,FALSE
"gene_1407",490.585998937574,0.0499433550303767,0.060769124365137,0.0512787737011962,0.0512787737011962,FALSE
"gene_1408",55.244786056332,0.139496110206593,0.142537637277343,0.139962663264211,0.139962663264211,FALSE
"gene_1409",126.057330579918,0.0516669394996891,0.0907753379028232,0.0565923530273095,0.0565923530273095,FALSE
"gene_1410",322.37876092995,0.0620954834337091,0.0661832193480183,0.0646261871521615,0.0646261871521615,FALSE
"gene_1411",42.4617227484639,0.149639745515329,0.170277786668851,0.152767668486524,0.152767668486524,FALSE
"gene_1412",129.204206617525,0.0981209082617301,0.0897917851962477,0.096893845303122,0.096893845303122,FALSE
"gene_1413",19.9785861081284,0.337660772967089,0.305191874676979,0.332355608879746,0.332355608879746,FALSE
"gene_1414",3610.6551274113,0.0567179913357389,0.0518025651611019,0.0546237622908916,0.0546237622908916,FALSE
"gene_1415",42.3084926391718,0.215300927154622,0.170711978562163,0.208301289659097,0.208301289659097,FALSE
"gene_1416",1849.67384624312,0.0501314443985529,0.053144824199965,0.0505018698788467,0.0505018698788467,FALSE
"gene_1417",130.949367925322,0.0925157855927028,0.089266713899912,0.0913585003050019,0.0913585003050019,FALSE
"gene_1418",5025.72052354296,0.0597971608739802,0.0514055976811892,0.0575049588218325,0.0575049588218325,FALSE
"gene_1419",5.37914171591511,0.813697449292831,0.99673832190158,0.847596035655147,0.847596035655147,FALSE
"gene_1420",449.460506386059,0.0722913571329582,0.0617185636299437,0.0722388755034196,0.0722388755034196,FALSE
"gene_1421",1033.16967107403,0.0586103966362643,0.0553197996903621,0.0608554418360405,0.0608554418360405,FALSE
"gene_1422",26.7145510407623,0.215406560202234,0.240945304153667,0.219504755696153,0.219504755696153,FALSE
"gene_1423",108.885262128009,0.116108044636919,0.0971439993981465,0.113290044814845,0.113290044814845,FALSE
"gene_1424",105.333994915845,0.0871020572280089,0.0987201889967241,0.087955790516283,0.087955790516283,FALSE
"gene_1425",5.92409193937497,1.17194594563715,0.909685105654614,1.12407318501541,1.12407318501541,FALSE
"gene_1426",9.70294163931305,0.480384388961531,0.575030218523771,0.495956149878943,0.495956149878943,FALSE
"gene_1427",423.571168982231,0.0403908803108679,0.0624108181009896,0.04193352681489,0.04193352681489,FALSE
"gene_1428",7.62866807502527,1.04943064256281,0.717681821562053,0.988645442276909,0.988645442276909,FALSE
"gene_1429",96.924111976347,0.0977920440141441,0.102913454164704,0.0986423069343206,0.0986423069343206,FALSE
"gene_1430",318.029554196778,0.0686089097433907,0.0663991622392011,0.0683103505735573,0.0683103505735573,FALSE
"gene_1431",360.709446576538,0.0504575818939937,0.0645052446335729,0.0519782738637163,0.0519782738637163,FALSE
"gene_1432",369.283542518863,0.0514993575325122,0.064177576934442,0.0529018070227558,0.0529018070227558,FALSE
"gene_1433",1202.55883688539,0.0549111257059663,0.0546257822111858,0.053206363739067,0.053206363739067,FALSE
"gene_1434",66.2425864067322,0.128355164556018,0.127239448468935,0.128186219036364,0.128186219036364,FALSE
"gene_1435",24.0712816813992,0.235240842571698,0.26186990050421,0.23943194252553,0.23943194252553,FALSE
"gene_1436",157.071734070351,0.0766782802407232,0.0828016349941813,0.0775256014891126,0.0775256014891126,FALSE
"gene_1437",337.472513242724,0.0555530030184545,0.0654769747262127,0.0568160181104851,0.0568160181104851,FALSE
"gene_1438",300.153373077671,0.0829408372683968,0.0673524561077004,0.0826605803895384,0.0826605803895384,FALSE
"gene_1439",78.0456526252131,0.116314764572502,0.115617696344153,0.116987532267634,0.116987532267634,FALSE
"gene_1440",238.823985867701,0.0586606251611087,0.0717076773020995,0.0603447761796972,0.0603447761796972,FALSE
"gene_1441",193.544976868732,0.0582026363183344,0.0766942232893026,0.0605693029478629,0.0605693029478629,FALSE
"gene_1442",12.2605563919425,0.365136341818916,0.465588150202311,0.380504511447887,0.380504511447887,FALSE
"gene_1443",9.1874091385707,0.529558962258666,0.604469169858915,0.541798062361897,0.541798062361897,FALSE
"gene_1444",403.60678630682,0.0833841085067571,0.0630052933760631,0.0804688960366749,0.0804688960366749,FALSE
"gene_1445",15.003330444027,0.226466410718324,0.389685849425987,0.252032849096501,0.252032849096501,FALSE
"gene_1446",1319.36699105174,0.060334966932333,0.0542510129393413,0.0581183982961561,0.0581183982961561,FALSE
"gene_1447",319.778790674007,0.0481328641993308,0.0663116045782504,0.0503471876140955,0.0503471876140955,FALSE
"gene_1448",47.010759957129,0.154175872380802,0.158677001905348,0.154865698324289,0.154865698324289,FALSE
"gene_1449",3040.31382312745,0.0518167924327128,0.0520670453606403,0.0536754673632015,0.0536754673632015,FALSE
"gene_1450",79.5747965732415,0.163505577797657,0.114364304458562,0.155666700341534,0.155666700341534,FALSE
"gene_1451",853.319859738319,0.0377567581507301,0.0563582584320848,0.0399308517737666,0.0399308517737666,FALSE
"gene_1452",460.964014036271,0.0621263887296131,0.0614359230677282,0.0620358857219359,0.0620358857219359,FALSE
"gene_1453",1459.13589445872,0.0523236795493833,0.0538814299580264,0.0525164436855496,0.0525164436855496,FALSE
"gene_1454",103.092512067845,0.127170521232119,0.0997709465104768,0.123013751606468,0.123013751606468,FALSE
"gene_1455",191.956295250098,0.0673111166228805,0.0769119017055297,0.0673022604965034,0.0673022604965034,FALSE
"gene_1456",193.029900053011,0.0816884304325642,0.0767644056987665,0.0810028851253924,0.0810028851253924,FALSE
"gene_1457",132.94769420555,0.131979231049369,0.0886824017107929,0.125208660318251,0.125208660318251,FALSE
"gene_1458",88.1834545485846,0.123307020062207,0.108119259481932,0.121036681903953,0.121036681903953,FALSE
"gene_1459",99.6876983566542,0.0909344040317466,0.101457450707099,0.0924242529488161,0.0924242529488161,FALSE
"gene_1460",240.616011149456,0.0599428303324855,0.0715489307032296,0.0614575551284686,0.0614575551284686,FALSE
"gene_1461",215.911625070413,0.0952511392867682,0.0739696045548728,0.092057590112418,0.092057590112418,FALSE
"gene_1462",229.641927591762,0.0694015320028462,0.0725599403935438,0.0698270967951596,0.0698270967951596,FALSE
"gene_1463",4508.34995082324,0.0413951766376174,0.0515218357888848,0.0440436679302654,0.0440436679302654,FALSE
"gene_1464",3833.68520325297,0.0559954594224583,0.0517205444109567,0.0565627961514685,0.0565627961514685,FALSE
"gene_1465",2696.91048843473,0.0462897145725357,0.0522802429667816,0.0488145891104121,0.0488145891104121,FALSE
"gene_1466",1610.77358502139,0.0584285990017755,0.0535530023301875,0.0565477291972228,0.0565477291972228,FALSE
"gene_1467",472.18074542113,0.0368081097759877,0.0611735895483727,0.0408747654618512,0.0408747654618512,FALSE
"gene_1468",7.82843397613876,0.51412233573889,0.700653944397463,0.54599698130327,0.54599698130327,FALSE
"gene_1469",54.476766330384,0.257237141084614,0.14383670717786,0.238270973916979,0.257237141084614,TRUE
"gene_1470",112.127478562416,0.10214898128001,0.0957921646427922,0.101229429260051,0.101229429260051,FALSE
"gene_1471",18.3290405695537,0.173537042039694,0.328122853295635,0.196796533378014,0.196796533378014,FALSE
"gene_1472",335.840957140762,0.0698254603325034,0.065550255949298,0.0692506329069435,0.0692506329069435,FALSE
"gene_1473",110.763816488469,0.0906225255224445,0.096351097391948,0.091422202943714,0.091422202943714,FALSE
"gene_1474",42.8989460700862,0.173395695508906,0.169055925540861,0.172762122362507,0.172762122362507,FALSE
"gene_1475",4.28801147525879,1.05719480184997,1.23754605509065,1.08969797001125,1.08969797001125,FALSE
"gene_1476",11.4296463722356,0.524745669976947,0.495771941218051,0.519881355465037,0.519881355465037,FALSE
"gene_1477",37.7906580228896,0.160901015152714,0.185096025255907,0.164652256647866,0.164652256647866,FALSE
"gene_1478",5835.58582646992,0.04352782142149,0.0512650276438794,0.0455336983907703,0.0455336983907703,FALSE
"gene_1479",1365.60005505153,0.0529955661445909,0.0541203879408192,0.0533078296986752,0.0533078296986752,FALSE
"gene_1480",46.1404573772959,0.194251688216342,0.160719463344363,0.188927609332684,0.188927609332684,FALSE
"gene_1481",1853.76300640524,0.0541624230586542,0.0531387533777274,0.0583313412757544,0.0583313412757544,FALSE
"gene_1482",18.8824044471604,0.480935391657909,0.319983750380893,0.451767327780733,0.451767327780733,FALSE
"gene_1483",188.341059318721,0.0875934583749221,0.0774209418560786,0.0877786961871154,0.0877786961871154,FALSE
"gene_1484",722.541026179942,0.0586597765757033,0.0574380150058689,0.0560012116193578,0.0560012116193578,FALSE
"gene_1485",27.7601671005691,0.215762717761423,0.233767938843958,0.218543663141118,0.218543663141118,FALSE
"gene_1486",875.876625833286,0.0475133196239556,0.0562046253269556,0.0490798706439993,0.0490798706439993,FALSE
"gene_1487",12.1157148695294,0.507885045616815,0.470551748418823,0.501603009142795,0.501603009142795,FALSE
"gene_1488",33.7379754291323,0.214918156145669,0.201276895737399,0.212603058641181,0.212603058641181,FALSE
"gene_1489",200.881276674395,0.0975276337814488,0.0757336766234685,0.094339047341609,0.094339047341609,FALSE
"gene_1490",778.370368625576,0.0545509686524673,0.0569326833920793,0.054850285544254,0.054850285544254,FALSE
"gene_1491",474.504791306931,0.0607636434565675,0.0611207865498955,0.0608099488979823,0.0608099488979823,FALSE
"gene_1492",496.289517880454,0.0558167704171445,0.0606498751859565,0.0564310642211621,0.0564310642211621,FALSE
"gene_1493",2285.71852819329,0.0686759608039231,0.0526198041949801,0.0643193525816125,0.0643193525816125,FALSE
"gene_1494",232.0238305786,0.0873988176980073,0.072332376657572,0.085230610453394,0.085230610453394,FALSE
"gene_1495",67.2290186379929,0.274951793706149,0.126111898068083,0.248859663118541,0.274951793706149,TRUE
"gene_1496",44.246983795577,0.151880251897094,0.165440707342386,0.153891133172863,0.153891133172863,FALSE
"gene_1497",228.819727857924,0.0730954884138347,0.0726395921662253,0.0730367828467486,0.0730367828467486,FALSE
"gene_1498",5.56655967604278,0.826730565927081,0.964876242654738,0.850872697484713,0.850872697484713,FALSE
"gene_1499",1234.32168447503,0.0451618678036447,0.0545168522120697,0.0478438153977651,0.0478438153977651,FALSE
