"gene","stat","pvalue","padj","dispersion"
"gene_0",0.552563621603099,0.457272087658951,0.637461088743891,0.105691307650041
"gene_1",1.84357459048204,0.174532560648532,0.344019501935347,0.0424165608396746
"gene_2",0.643895054575523,0.422303850951537,0.602144274170442,0.0463996759471479
"gene_3",0.0986308287260158,0.753478920931418,0.862762123203913,1.01798210286032
"gene_4",3.33580172242461,0.0677873632856947,0.177764064560388,0.366357225947176
"gene_5",1.2584381501913,0.261946934604131,0.441503481493351,0.140006363747015
"gene_6",1.41265209196359,0.234616629380348,0.40969143663623,0.215287787355061
"gene_7",1.78397950288536,0.181661424715997,0.348928660467633,0.0639873844006725
"gene_8",0.253348296468403,0.614727244595826,0.765856201738986,0.172899111792734
"gene_9",1.35373218847792,0.24462670884423,0.421285950937251,0.0726167004963683
"gene_10",2.14964290409,0.142603053507833,0.297502893270862,0.0653523271580591
"gene_11",0.00376282498064029,0.951086946352201,0.975764888035965,0.289557938277349
"gene_12",0.260157650945189,0.610011867191218,0.761879934043986,0.0674523842298705
"gene_13",3.37603612825114,0.0661509724793605,0.174394195605116,0.207419849212577
"gene_14",0.220367959637542,0.63875969452512,0.788592215463111,0.061950748869407
"gene_15",7.84484157116515,0.00509659245794127,0.0235227344212674,0.0700820213653292
"gene_16",2.05882820540307,0.151326500924763,0.310519495741648,0.0517810489211298
"gene_17",0.936331088531347,0.333223181358663,0.511107479202646,0.0908755487388995
"gene_18",0.977413703971479,0.32283815617592,0.503449140502969,1.30770252970664
"gene_19",0.391484706727624,0.53152000761195,0.699368431068355,0.0855083959908155
"gene_20",3.75041585266467,0.0527943750701411,0.147745452621664,0.100056172334519
"gene_21",8.66931805255865,0.00323612270301483,0.0158908662462867,0.0496264824464654
"gene_22",5.99398993332602,0.0143546977676009,0.0552169122899949,0.058178661190148
"gene_23",0.00512710116072412,0.942917232625902,0.973417652401137,0.0596619846027185
"gene_24",0.893394527422174,0.344559077994035,0.525070207518341,0.0547111638066283
"gene_25",4.26733515090245,0.0388518150477035,0.118450655633242,0.147554504988285
"gene_26",14.1319859286932,0.000170421179725867,0.00133838622821361,0.0431068909646481
"gene_27",1.21103020425926,0.271128188516702,0.452886729148166,0.328560687120788
"gene_28",2.52335089048245,0.112171995359993,0.254550670257171,0.0624919128371327
"gene_29",2.44450551093712,0.117937045423944,0.263067668576432,0.0948337891891523
"gene_30",22.2659803870649,2.37375000385519e-06,2.76017442308743e-05,0.051244372304825
"gene_31",3.53358034464361,0.0601377954358828,0.163527867690793,0.122104483281606
"gene_32",0.769305041479356,0.380432129190639,0.564062166185297,0.173987339471514
"gene_33",0.470457894925005,0.492776590875934,0.669533411516214,0.182912409772596
"gene_34",0.158777653833113,0.69028440325579,0.825699046956687,0.13376486973356
"gene_35",5.13591658013365,0.0234357093618812,0.0802592786365795,0.053732771073849
"gene_36",0.0458745021715004,0.830404089137437,0.916271142258778,0.181964935241768
"gene_37",7.65326033765609,0.00566698115916505,0.0258373001177738,0.0773329515816338
"gene_38",3.67894518321987,0.055103700459004,0.153065834608345,0.0595182864582448
"gene_39",1.08650258517679,0.29724742407711,0.481228449432011,0.165918239484071
"gene_40",1.0261216190687,0.311071331737473,0.492682913393726,0.0776089294876309
"gene_41",0.359923834167375,0.548548539092199,0.711853225559431,0.0499670285794
"gene_42",0.12012376220332,0.728900298215407,0.850928408231172,0.0633941394114946
"gene_43",0.347314201797076,0.555637447041143,0.716726012836152,0.0716422295216776
"gene_44",1.25837591167169,0.261958732352722,0.441503481493351,0.0610458846796804
"gene_45",3.09535501594337,0.0785160241652595,0.199217550801939,0.14977900365575
"gene_46",5.00434714898256,0.0252837377072496,0.0852260821592682,0.0775369521634299
"gene_47",2.31025694576294,0.12852280312469,0.27899306032856,0.163819677402404
"gene_48",0.00412881414058575,0.948766508098056,0.975764888035965,1.04311115977133
"gene_49",5.41726965533201,0.0199385158990591,0.0713789351994954,0.0645429348865498
"gene_50",0.479345897809083,0.488718747496166,0.665829356261806,0.765604263919191
"gene_51",2.20793779574734,0.137302103204284,0.291444541313822,0.234183798402876
"gene_52",0.0487008717184949,0.825339471658601,0.913659931725388,0.850343991772411
"gene_53",0.0759319292332066,0.782887965431862,0.881630591702547,0.0486823307423316
"gene_54",0.579577159894484,0.446478108488305,0.626412915979472,0.0375354168725792
"gene_55",1.21920422120706,0.269516880466239,0.451554851177373,0.0893086872472419
"gene_56",2.41100354958735,0.12048510489135,0.265775966672095,0.0718278385641406
"gene_57",17.2771461954783,3.23048971640075e-05,0.000304763180792523,0.0732202783108084
"gene_58",89.4939208481143,3.07582164761559e-21,6.88616786779609e-20,0.0712474282219646
"gene_59",13.2019198523033,0.000279662486904239,0.00203637733182698,0.194064461535214
"gene_60",442.634420195028,2.89133688798778e-98,3.61417110998473e-96,0.0590763086373802
"gene_61",35.0493028852212,3.21462034307822e-09,5.07571633117614e-08,0.0751985621677518
"gene_62",0.902205696779788,0.342190970508766,0.523227783652547,0.048901937232579
"gene_63",29.6745333129611,5.11017696578255e-08,7.51496612615081e-07,0.0392991190057238
"gene_64",0.655139794719389,0.418281040489775,0.598415156350593,0.334374693280591
"gene_65",0.307019246816253,0.579515080600436,0.734182956841768,0.0373435448017774
"gene_66",0.0251108456670863,0.874091170201065,0.935970449816687,0.0569678888522721
"gene_67",0.456429587475782,0.499297354681867,0.674561312372304,0.103348821730675
"gene_68",0.563598486126352,0.452813980511798,0.633011156353865,0.0543972415895936
"gene_69",11.4161190525599,0.000728096281569891,0.00483249744404795,0.0879165323925133
"gene_70",5.8623040176883,0.0154685325168918,0.0580069969383443,0.0684726440392628
"gene_71",1.94815206243766,0.16278612284107,0.327317941369445,0.053163716329444
"gene_72",3.09434088263697,0.0785649623402215,0.199217550801939,0.414392310511123
"gene_73",5.43187934464402,0.0197723896569306,0.0711237038019088,0.0513837583111995
"gene_74",8.62705834640906,0.00331205980824202,0.0161827026461337,0.0839662342944673
"gene_75",9.07937588022446,0.00258508258170733,0.0131444877035966,0.0313261472489503
"gene_76",0.0885319416212837,0.766051849949808,0.871173445735188,0.275062090131665
"gene_77",5.07729200070128,0.0242412029664986,0.0820808226856613,0.0884352799036169
"gene_78",1.00708767363972,0.315601554601263,0.49570924806481,0.0604508771731782
"gene_79",9.0198366653724,0.00267065256779849,0.0135337123368167,0.106362858567235
"gene_80",2.36948284688526,0.123728033737332,0.27133340731871,0.164362988647582
"gene_81",0.332073436637415,0.5644407166361,0.721791197744373,0.103317901390987
"gene_82",6.13269754117675,0.0132704245349076,0.0517382963947254,0.0706242073425673
"gene_83",10.5303739230151,0.00117428451004914,0.00696216112677355,0.0935278849136651
"gene_84",4.06517915459278,0.043776041138486,0.129059660648695,0.0580685202382273
"gene_85",0.00744248545413484,0.931251912522811,0.965743379568916,0.147467000252245
"gene_86",0.101420422392266,0.750131684550323,0.861560127737737,0.269817933041779
"gene_87",0.999009278384506,0.317550352299551,0.498248460721052,0.0781210397491882
"gene_88",0.01209113727964,0.912441329814802,0.954436537463182,0.513834875741338
"gene_89",1.08584701804949,0.297393210648219,0.481228449432011,0.180921721710698
"gene_90",0.946753018420509,0.330547167915928,0.509579395553845,0.201888862856979
"gene_91",0.00420417846453347,0.948301682450636,0.975764888035965,0.0500762735903481
"gene_92",2.87548219458421,0.0899380321209441,0.216603350495324,0.38430101027697
"gene_93",9.2392248513188,0.00236885209972764,0.0123807601031061,0.0670825189031268
"gene_94",1.98759608058083,0.158592457373734,0.321471197379191,0.0511565747656786
"gene_95",13.5523859891655,0.000231996312294886,0.001725708877245,0.0409929766898427
"gene_96",0.0726430288881375,0.787526701056577,0.883537809711941,0.0578807243609863
"gene_97",1.30376983298419,0.25352576676411,0.431166270006989,0.604147492005952
"gene_98",0.131714041722603,0.716661439788197,0.843131105633173,0.158271091744686
"gene_99",10.4769324992252,0.00120874284716171,0.00713824516040382,0.243442194633813
"gene_100",0.328940635238155,0.566283547243339,0.722915166693624,0.985311091343091
"gene_101",0.206103700969891,0.649838576137823,0.7976741932952,0.361040889770074
"gene_102",24.7238842956326,6.61591974258419e-07,8.41006746938668e-06,0.0456798050244396
"gene_103",0.665133772876857,0.414753357544425,0.595909996471875,0.0386717229942384
"gene_104",3.3449189555638,0.0674127983338683,0.177091414187044,0.0777959667438536
"gene_105",1.42060595551521,0.233303691529929,0.40882656226039,0.241646729233241
"gene_106",0.0837978805692501,0.772215126565114,0.876715890298222,0.0985454106996741
"gene_107",0.814248522198909,0.366867147528545,0.548654757021752,0.0696497720888823
"gene_108",2.17608865893203,0.140170294831043,0.293450326966531,0.0608613228175084
"gene_109",11.2662140845761,0.000789305403440471,0.0051927987068452,0.145887415879202
"gene_110",0.260665431346752,0.609663362763052,0.761879934043986,0.0606160788464746
"gene_111",0.631070529803765,0.426962908289625,0.60648140382049,0.0899494463372557
"gene_112",110.532071951485,7.49233966554154e-26,2.04336536332951e-24,0.0517102953957462
"gene_113",235.454635878926,3.85333334841349e-53,1.99310345607594e-51,0.111506576725576
"gene_114",15.7505769081175,7.22658973448072e-05,0.000626582924954976,0.0547896976968191
"gene_115",1.05983521893017,0.303252770696737,0.485982004321694,0.0526797189448993
"gene_116",0.577849726712543,0.447156395797583,0.626412915979472,0.0467621355985515
"gene_117",7.55145684732122,0.00599615780653439,0.0270021752545717,0.172298939624603
"gene_118",124.000338017814,8.42292508011648e-29,2.68816757876058e-27,0.0424015668816182
"gene_119",0.541690368283014,0.461733026132272,0.641890212417431,0.0856535406496908
"gene_120",0.415617712039136,0.519131860239045,0.690334920530645,0.15664428714309
"gene_121",1.72809751199202,0.188654045306014,0.358657880809912,0.20616693185953
"gene_122",0.387241933966038,0.533752732739118,0.701690709122417,0.103029136452494
"gene_123",3.15754438951308,0.0755767868222537,0.193532547431203,0.0671159702972352
"gene_124",0.0424086716893726,0.836842733246148,0.918813523630852,0.148106767938365
"gene_125",9.01076955024189,0.00268393388965967,0.0135552216649478,0.057556975769728
"gene_126",0.0530703525665785,0.817804244382583,0.907327194211445,0.0669603204846495
"gene_127",0.655830414861498,0.418035834466236,0.598415156350593,0.0547240177792957
"gene_128",0.0728045366131482,0.78729630585136,0.883537809711941,0.0420377962618851
"gene_129",2.95646304280217,0.0855348592028343,0.211371151242589,0.106504867389427
"gene_130",0.0174869601438559,0.894795831548665,0.946540019268686,0.210766223224995
"gene_131",380.766424599614,8.47420573231918e-85,7.47724035204634e-83,0.061779451720825
"gene_132",9.67745509845236,0.00186542833801967,0.0101750636619255,0.0423362674722292
"gene_133",1.13069899452535,0.287626291211397,0.472034394767063,0.0523520938505716
"gene_134",17.2460572836004,3.28378279051282e-05,0.000307854636610577,0.0483967981615361
"gene_135",0.487595999971404,0.485001638021234,0.661967658809691,0.337901737137379
"gene_136",0.0163465911067533,0.898264682641283,0.948065687455237,0.0631825915076914
"gene_137",5.53034469951388,0.0186894230418444,0.0682095731454173,0.0750633398923655
"gene_138",284.562406673951,7.61021293958608e-64,4.7563830872413e-62,0.0789392464103864
"gene_139",4.30186763220149,0.0380705434026615,0.116327556455016,0.0547873718838955
"gene_140",4.06474282661497,0.0437873521090914,0.129059660648695,0.0507829239918766
"gene_141",0.0193606223518827,0.889337581494365,0.944095097127776,0.195033815699048
"gene_142",32.0050276786192,1.53774079241402e-08,2.37794967899075e-07,0.131464782857872
"gene_143",0.119544273036013,0.729529288656858,0.850928408231172,0.0840186265916082
"gene_144",0.271544919728512,0.602297304961934,0.754758527521221,0.0569946917661166
"gene_145",321.626522958056,6.40637103712147e-72,4.8047782778411e-70,0.0741713926996929
"gene_146",9.79489759632696,0.00174996755846484,0.00963611758823872,1.44313653461175
"gene_147",0.167775005933208,0.682096848095801,0.820485382633281,0.104100441543767
"gene_148",0.000260605348444187,0.987120089036073,0.995805116063532,0.758091901467146
"gene_149",0.0860152231689426,0.769305449145891,0.874210737665785,0.0909975645861542
"gene_150",4.61734776021035,0.0316501407837439,0.100796626699821,0.975652972073113
"gene_151",0.00957158811206682,0.922063716932354,0.961150504099049,0.0506999202865641
"gene_152",1.21920113767999,0.269517486048827,0.451554851177373,0.115492228656402
"gene_153",2.71009256583784,0.099715205285099,0.233707512386951,0.070686162574597
"gene_154",29.3400267905391,6.07282546205417e-08,8.75888287796275e-07,0.846901281052266
"gene_155",0.00349314545394463,0.952870198236821,0.975764888035965,0.0889913807461496
"gene_156",0.181370669483499,0.67019794545864,0.810723321119322,0.108297515464057
"gene_157",4.04304728607542,0.0443536640668028,0.129942375195711,0.0966926362273845
"gene_158",0.460961094819936,0.497175146501837,0.673002425425738,0.200880544208257
"gene_159",3.70310621710553,0.0543112709276563,0.151144538759711,0.0518144689878779
"gene_160",1.62888448345984,0.201857409603106,0.371061414711592,0.0644821415546401
"gene_161",2.89940399765851,0.088612310706789,0.215427011442761,0.0555533947825523
"gene_162",0.305951117241761,0.580175434971398,0.734399284773922,0.100245617258427
"gene_163",6.4207372088141,0.0112795327780811,0.0461016326079611,0.048965868864872
"gene_164",10.0643716994493,0.00151164107463224,0.00855645891301267,0.0626311275635758
"gene_165",0.749876731836366,0.386515261005637,0.569521504428738,0.0658921496179508
"gene_166",6.45097258161536,0.0110891621869581,0.0456970969242777,0.0544112059246512
"gene_167",0.00381419148703799,0.950754642164563,0.975764888035965,0.25786077682013
"gene_168",2.53284483209478,0.111499032451504,0.253406891935236,1.14270444553823
"gene_169",0.0340358166122314,0.853630651960204,0.924652921777472,0.0504625143457256
"gene_170",1.53497216582537,0.215367742472782,0.387352054807161,0.0534366549292788
"gene_171",0.0764873744597026,0.78211528776613,0.881422187565135,0.135434999624036
"gene_172",45.2028229014839,1.77648834019172e-11,2.99408147223324e-10,0.655039492248664
"gene_173",0.815285819457984,0.366562096754789,0.548654757021752,0.36032819565907
"gene_174",1.07014741260252,0.300912151165825,0.484009486209915,0.0638796805022445
"gene_175",9.16149249692296,0.0024716090608112,0.0126966218877288,0.0833638544166146
"gene_176",1.28999429507371,0.256049002005825,0.434878828808254,0.0930292530949203
"gene_177",26.8404506226942,2.20963494911914e-07,2.98599317448532e-06,0.067985209751521
"gene_178",0.151288352028814,0.697307190887493,0.829584805660983,0.119013429911624
"gene_179",4.39909322072833,0.0359580448691048,0.110981619966373,0.0329073718081667
"gene_180",0.00867085474430951,0.925810274835493,0.962784431810321,0.052343784711337
"gene_181",0.000170639668795047,0.989577600643727,0.99691718532698,0.0913119323495452
"gene_182",59.0925098268134,1.50430767746674e-14,2.68626370976204e-13,0.369914530614796
"gene_183",1.1013973659426,0.293959645318297,0.479041014239924,0.239430592518251
"gene_184",3.59628906197088,0.057908701203436,0.159968787854796,0.0965781155956719
"gene_185",0.573066974004576,0.449042750032723,0.628324743515938,0.251951596180613
"gene_186",1.53855504244791,0.214833012390611,0.386854163968688,0.0729184102910422
"gene_187",7.75325265336926,0.00536158900208613,0.0245944449636979,0.0783684781038026
"gene_188",3.48549898135263,0.0619086947608445,0.166837627564754,0.0847537165862624
"gene_189",9.648521004499,0.00189504101914328,0.0102991359736048,0.0769573767776245
"gene_190",1.01162025844337,0.314514987930965,0.495559329723158,0.0661952610012238
"gene_191",166.863390349801,3.58319045926589e-38,1.37815017664073e-36,0.0527646821802694
"gene_192",0.138480635861697,0.709796162044913,0.839664229548399,0.0601984780649356
"gene_193",0.553703757670178,0.456808277427219,0.637406898735654,0.396173778082434
"gene_194",547.24718625595,4.9985227560648e-121,1.49955682681944e-118,0.0495444999595353
"gene_195",0.544639046636803,0.46051648845992,0.640792887467421,0.0792579674462493
"gene_196",4.8390531362304,0.0278221673918363,0.0915202874731456,0.0617952296036725
"gene_197",0.49374095341858,0.482263279712506,0.660252819910043,0.971211559803096
"gene_198",1.38457418667525,0.23932353099792,0.415492241315834,0.441566837659993
"gene_199",0.191768334120468,0.661448905682056,0.805335518281724,0.139645187472643
"gene_200",1.01785268093238,0.313028901302283,0.494256159950974,0.872899912832633
"gene_201",10.0292802092122,0.00154071232740294,0.00868822741016694,0.199467320057623
"gene_202",1.73453508441492,0.187832760063128,0.357549670170928,0.107552539074249
"gene_203",1.11620448602991,0.290737196606555,0.475578838505815,0.0863265640487911
"gene_204",0.00236249462085425,0.961233686858714,0.980437937618853,0.599341324272412
"gene_205",1.06471439259644,0.302142398815903,0.485239398526611,0.0593838862993315
"gene_206",4.06480267349025,0.0437858005110496,0.129059660648695,0.0441378640252412
"gene_207",0.00347434649694378,0.952997040648459,0.975764888035965,0.627108304247111
"gene_208",7.15752515625371,0.00746501247251815,0.0322695063653522,0.262574649752988
"gene_209",0.596166488455651,0.440044433818646,0.61919948473543,0.0991502356568418
"gene_210",2.75867221075202,0.0967284890982131,0.228492493932787,0.0536048264428176
"gene_211",0.682600634202231,0.408692641044817,0.591736449389213,0.535277293089361
"gene_212",0.106112043354756,0.744614694815949,0.85917080171071,0.506905872507145
"gene_213",1.63136825256595,0.201513904414857,0.370884486653111,0.0435733585441455
"gene_214",9.71220391994439,0.00183048363594717,0.010020895817229,0.0826054207959604
"gene_215",0.859431195261664,0.353897916488174,0.535127897915585,0.0626574356480086
"gene_216",7.44212068958359,0.00637147687759392,0.0281094568129143,0.0892537395160205
"gene_217",0.314509444158091,0.574926103560576,0.731458147023634,1.21355950040191
"gene_218",5.2488501376119,0.0219612788146908,0.0766091121442701,0.277554832080907
"gene_219",71.5049975502805,2.76556778562639e-17,5.53113557125277e-16,0.111382345619173
"gene_220",0.00241396621714784,0.96081399812891,0.980437937618853,0.814922893997008
"gene_221",0.966571301928525,0.325536777451715,0.505278788545453,0.21192697566521
"gene_222",2.18508494680157,0.139353375364579,0.293450326966531,0.0601433879920739
"gene_223",0.845562259434473,0.357810792041885,0.538269015213533,0.0867608689225392
"gene_224",0.966256167563415,0.325615658052721,0.505278788545453,0.0836114484695983
"gene_225",4.57325000920912,0.0324748997136002,0.102985939895138,0.0780827880929004
"gene_226",0.116927408095478,0.732391155479042,0.852940010262859,0.205980793145987
"gene_227",1.77643413915212,0.182587803940937,0.349369209698102,0.061851689100963
"gene_228",5.10434568913513,0.0238659790975524,0.0813039112653367,0.077632877580823
"gene_229",0.856083174867081,0.354837113598998,0.535468481286213,0.0614361948407698
"gene_230",0.0371947073140291,0.847069165096633,0.922733295312236,0.0702935967845936
"gene_231",9.50838515352211,0.002045350808128,0.0109182427480142,0.0529227036609026
"gene_232",54.5463233352306,1.51826435348519e-13,2.6792900355621e-12,0.0460117014741406
"gene_233",18.4745272682379,1.7219039439695e-05,0.00017219039439695,0.336076122540608
"gene_234",239.334748630818,5.49238330657496e-54,2.94234819995087e-52,0.090965346155399
"gene_235",29.0608946262221,7.01385534684324e-08,1.00197933526332e-06,0.0578198455786599
"gene_236",14.0403682629188,0.000178927900192181,0.00139787422025141,0.0766571105722987
"gene_237",0.581447771548142,0.445745399604154,0.626412915979472,0.131782752588366
"gene_238",13.6980454590102,0.000214677794820628,0.00165136765246637,0.141091057325873
"gene_239",14.7445237279032,0.000123104562473151,0.000987469752458429,0.0678565704104076
"gene_240",0.0472913069709193,0.827845477279166,0.915083431038135,0.070658120658998
"gene_241",6.5551318376086,0.0104582090195783,0.0435758709149094,0.175873605316445
"gene_242",2.21730269008697,0.136471303899617,0.290776925922478,0.173081488638918
"gene_243",6.95432172763481,0.00836169940788279,0.0356322417949551,0.0824644763110908
"gene_244",0.183820411795068,0.668110389936088,0.809503703476682,0.0836301210244312
"gene_245",1.50498634477327,0.219905722508243,0.393625994943155,0.197832381875941
"gene_246",0.728060494932492,0.393512580846693,0.576434444599648,0.0623028283019341
"gene_247",3.51070908583091,0.0609733538396546,0.165090308230112,1.19696884618005
"gene_248",13.9188923750468,0.000190870296530914,0.00147580126183696,0.0737096918872807
"gene_249",0.744928466556132,0.388086673956609,0.570715696995014,0.719559746161852
"gene_250",0.0151771441171036,0.901952247457518,0.948865569889894,1.0143556626245
"gene_251",0.00686796169065929,0.933952390826896,0.967492117569298,0.0549713672841292
"gene_252",3.82264513622056,0.0505643538292062,0.143069138513708,0.078673679849135
"gene_253",482.450229760308,6.26010973852288e-107,1.34145208682633e-104,0.0492281924070065
"gene_254",0.00233220525382194,0.961482804158222,0.980437937618853,1.2815276205195
"gene_255",5.1016315341455,0.023903349912009,0.0813039112653367,0.711592099939962
"gene_256",0.00181832361965917,0.96598706940588,0.983693553366476,0.208723934033377
"gene_257",1.17457556046315,0.278463076751882,0.46052328018503,0.0444153301957319
"gene_258",0.720531272317999,0.395969697490725,0.579467849986427,0.10852555459108
"gene_259",0.670941097482,0.412723689954633,0.59470272327757,0.0794971145079809
"gene_260",10.8032728267452,0.00101320810181013,0.006321361816461,0.0780582718784118
"gene_261",0.0773004333410086,0.780989671377304,0.880815418846583,0.202315928303596
"gene_262",1.8726627070954,0.171170427695201,0.339949332231878,0.0526657254126293
"gene_263",0.340804123189514,0.559365434150541,0.718674726365858,0.0645036944571261
"gene_264",1.47127337933193,0.225144890565217,0.400173455840585,0.0686193015847574
"gene_265",0.197739689977709,0.656551522404444,0.803883237192034,0.136274623981112
"gene_266",2.37277941698864,0.123467051993423,0.271157508038264,0.373868487534039
"gene_267",0.101514050430637,0.750020224366179,0.861560127737737,0.143758022066736
"gene_268",2.300417242241,0.129339250759881,0.279551694725967,0.0435505046381245
"gene_269",0.112362744695304,0.7374700537581,0.855605525071439,0.161579339014765
"gene_270",11.9197717529822,0.000555412854052411,0.0038570337086973,0.205903864184149
"gene_271",0.510514301367152,0.474916303683211,0.652955504605698,0.353926532065347
"gene_272",0.262124252904243,0.60866450633557,0.761465187242164,1.09666113361984
"gene_273",5.89846385188355,0.0151540960208623,0.0572810309967106,0.0749899292246505
"gene_274",1.99483058158052,0.157836714737937,0.32042553437519,0.114103327252671
"gene_275",42.448069736433,7.25840110719994e-11,1.19643974294505e-09,0.0474253862468815
"gene_276",11.5644384827602,0.000672251885705335,0.00452187367066369,0.04621378497843
"gene_277",6.84652400783006,0.00888139031316929,0.0374215883981852,0.705095704343007
"gene_278",7.90702453431686,0.00492431989321904,0.0228683586372401,0.0544932884969519
"gene_279",1.55453348703975,0.212467421349794,0.383054245221984,0.535344311208764
"gene_280",2.59948473107966,0.106898464766914,0.245179965061729,0.055819491978966
"gene_281",1.25018611380915,0.263516933533875,0.443133856839476,0.0762016664965099
"gene_282",5.4686789732566,0.0193602541431841,0.0699768222042799,0.0873987973206756
"gene_283",0.0561788210841314,0.812640716990602,0.902934129989558,0.17658515884858
"gene_284",2.88039239534845,0.0896641695171806,0.216603350495324,0.909259545715956
"gene_285",0.0448025964872159,0.832367429114676,0.917377769046299,0.0559623982391028
"gene_286",3.42278505169713,0.0643024467138031,0.171931675705356,0.052399464163706
"gene_287",2.15468250355127,0.142135821443536,0.296941131149448,0.153218619655605
"gene_288",29.457166689783,5.71662543031352e-08,8.32518266550513e-07,0.050450328400341
"gene_289",1.1006149744228,0.294131182743313,0.479041014239924,0.643113657603914
"gene_290",0.0303690385569553,0.861655516972372,0.928508100185746,0.122094274043477
"gene_291",3.90844364001157,0.0480440704947102,0.138057673835374,0.0718947957312841
"gene_292",0.346362679940057,0.556179385960854,0.716726012836152,0.727100973026247
"gene_293",0.366736091840153,0.544788775283742,0.708745154315363,0.0743754637944996
"gene_294",0.0752435429723164,0.783849808250556,0.882051547168668,0.0660852621539002
"gene_295",6.16002943924104,0.0130669033550471,0.0513098299281954,0.190742487936871
"gene_296",0.14359030214905,0.704737535996586,0.835657157308204,0.0724616885682716
"gene_297",5.30211704664805,0.0212995214200517,0.0749783049037619,0.139100379208302
"gene_298",247.272472494816,1.02112305820751e-55,5.89109456658179e-54,0.101590801891772
"gene_299",2.45130674791528,0.117427074968796,0.263067668576432,0.176313930373222
"gene_300",0.748163423724577,0.387058325342721,0.569762009827361,0.0591319411917353
"gene_301",2.47627993135279,0.115575324707214,0.259914523329568,0.104481170984594
"gene_302",0.63805945786271,0.424414370328928,0.603432754022172,0.208379624820158
"gene_303",2.9473438901058,0.0860188270896808,0.211869032240593,0.0761541501111524
"gene_304",0.0229739675520477,0.879524788614589,0.938994436243334,0.156003314170077
"gene_305",5.69514954825297,0.0170118628619454,0.063319588816174,0.180924645768888
"gene_306",1.46552409876472,0.226053220012204,0.400173455840585,0.136213891203861
"gene_307",2.14525589778827,0.143011189002961,0.297797281622543,0.070060609345578
"gene_308",1.30702655732597,0.252933719809336,0.431137022402277,0.397592762797493
"gene_309",0.144691555077884,0.703660811600405,0.835657157308204,0.0551072113682992
"gene_310",10.228764785386,0.00138267228159835,0.00791606268090658,0.0438257200373387
"gene_311",0.0344264482524181,0.852802642188574,0.924652921777472,0.241927876197013
"gene_312",0.0327209509785007,0.85645444136471,0.924896804929492,0.0666765074080892
"gene_313",8.9849809355876,0.00272207629704443,0.0137017263274049,0.0827451767848447
"gene_314",6.02619247532834,0.0140951055855005,0.0544913875728111,0.112423614397719
"gene_315",11.0586739942094,0.000882732517566653,0.00565854177927342,0.0348003767463345
"gene_316",4.37666941489397,0.0364341241684548,0.112220094974707,0.0532143971261561
"gene_317",0.120539340765447,0.728450265635944,0.850928408231172,0.254754396204681
"gene_318",0.013194576947285,0.908550027126383,0.951661079644549,0.0551283674531558
"gene_319",0.928961326232525,0.335132969320349,0.51348258833557,0.143487064155916
"gene_320",0.123069205416868,0.725729237778518,0.849800044237141,0.0554715584122212
"gene_321",0.0149620483900321,0.902646027036247,0.948865569889894,0.285317684892536
"gene_322",0.359478622051085,0.54879593811389,0.711853225559431,0.265538862248847
"gene_323",0.104735479187752,0.746219222737889,0.860044703017092,0.0858708066748016
"gene_324",2.18274032216596,0.139565765929256,0.293450326966531,0.0919437463285604
"gene_325",0.0981452821381481,0.754066823614524,0.862776686057808,1.28659713697134
"gene_326",0.521823389603242,0.47006491066034,0.648282311419397,0.123955025585421
"gene_327",1.95481904958694,0.162068497321077,0.326751002663461,0.0685206982288468
"gene_328",27.1186552306608,1.91342543422248e-07,2.63315426727865e-06,0.0781602433067198
"gene_329",0.214141096107596,0.643540837313579,0.793583688624343,0.0587119445772794
"gene_330",7.92423033108275,0.00487770901707649,0.0227222469739588,0.0622424813342761
"gene_331",364.328920114956,3.21358260474951e-81,2.67798550395793e-79,0.0668339342593829
"gene_332",4.85672088290312,0.0275386290004008,0.0909866596929541,0.0567497420019232
"gene_333",0.495733976279837,0.481380597485823,0.660028241525351,0.453769337138869
"gene_334",0.141571051144297,0.706724143340006,0.837350880734604,0.139947000086136
"gene_335",11.678792934238,0.000632165329258444,0.00431021815403484,0.0508465921292074
"gene_336",1.6592709589446,0.197701786263783,0.366566970822837,0.0529490653396622
"gene_337",0.943020714567581,0.331502200050426,0.510070506895093,0.567803135471697
"gene_338",0.499741442958396,0.479613751934802,0.658207344832756,1.29449834271014
"gene_339",2.35843275327738,0.124607320561345,0.272464986650172,0.038923432339139
"gene_340",9.58135262808969,0.00196563538073795,0.0105301895396676,0.0496817039127308
"gene_341",1.35060273470867,0.245172773559002,0.421666203007371,0.256730219834111
"gene_342",0.00736271063942695,0.931620446824148,0.965743379568916,0.154409342303853
"gene_343",0.0365416412500963,0.848401274546869,0.923513724107622,0.3453876112692
"gene_344",17.462410094874,2.93044981630923e-05,0.000279594498581899,0.0655292916522524
"gene_345",0.107717085165405,0.742758322571201,0.858349371230202,0.0793986129415675
"gene_346",3.03207281391792,0.0816336662413089,0.204248791452462,0.122905990606886
"gene_347",0.272172451496886,0.601878182535544,0.754758527521221,0.0577896483900903
"gene_348",11.1871502855278,0.000823657477106697,0.00537167919852193,0.0457476215700106
"gene_349",0.666951693232136,0.414116408500171,0.595757300259809,0.0750589748410828
"gene_350",8.16696320928384,0.00426602728157046,0.0201227701960871,0.0699192870038842
"gene_351",0.163303026397557,0.686133529152205,0.824019450543081,0.0710069239952938
"gene_352",10.4120194791524,0.00125197756663198,0.00733580605448424,0.0522419560865097
"gene_353",0.423053994070301,0.51541708101169,0.687791420261555,0.949177998766522
"gene_354",0.69221435971599,0.405412214634217,0.588139375225456,0.125906347397316
"gene_355",11.8472213988093,0.000577474469518795,0.00399175900589029,0.0469802115814622
"gene_356",5.61317352084893,0.0178259506834762,0.0658017524401403,0.104704125154861
"gene_357",0.0928742851900779,0.760554412475333,0.866235093935458,0.124960756002886
"gene_358",0.196548586747781,0.657521270186446,0.803883237192034,0.151839693171805
"gene_359",2.8761826102774,0.0898989115593595,0.216603350495324,0.0410040943264347
"gene_360",109.118957656742,1.52832834951073e-25,4.09373665047517e-24,0.0506481331900293
"gene_361",0.382712278456097,0.536155233454709,0.702322256958501,0.0959280622656007
"gene_362",0.357731901759962,0.549768585383158,0.711853225559431,0.950732837885115
"gene_363",0.134444737279182,0.713867375577592,0.842244917650904,0.0670722987857611
"gene_364",1.71517431312247,0.190315403762209,0.35991694401084,0.074746968339833
"gene_365",0.760380472514839,0.383209480979901,0.566319430019558,0.0970681155738905
"gene_366",3.13810844454042,0.0764824606746015,0.195108318047453,0.152521310896106
"gene_367",89.4509146126478,3.14341699644018e-21,6.93400808038275e-20,0.0886025497673095
"gene_368",99.2115061442825,2.26924785215887e-23,5.58011766924313e-22,0.0794170184622035
"gene_369",122.575802756635,1.72689827706393e-28,5.39655711582477e-27,0.0563675643998368
"gene_370",0.476724364848678,0.489909803110106,0.666846374469291,0.15699049278783
"gene_371",2.96771596746311,0.0849417044968195,0.210251743804009,1.30650952707014
"gene_372",6.36903385809001,0.0116128804147272,0.0473351103861163,0.0713326669650384
"gene_373",1.37961960416936,0.24016595319882,0.41625233363424,0.749863535566024
"gene_374",0.240961290097516,0.623512680948986,0.774870771684738,0.271604793025581
"gene_375",1.07499454838745,0.299820014511741,0.483580668567325,1.24495427714417
"gene_376",9.79950700733343,0.00174558660003502,0.00963611758823872,0.0637873652418596
"gene_377",0.957685715737341,0.327770649603685,0.506339829459863,0.32766295504446
"gene_378",11.6498703976084,0.000642070080972814,0.00435794172605982,0.0725048251751649
"gene_379",2.11169596981824,0.146177235539772,0.301603649669407,0.330478540307838
"gene_380",0.025068537424545,0.874196400128786,0.935970449816687,0.0564548497290611
"gene_381",0.0263361199953351,0.871082157188989,0.933969432296986,0.0569958892748931
"gene_382",0.196480894408921,0.657576488023084,0.803883237192034,0.252220744425693
"gene_383",24.4310155024309,7.70187208359213e-07,9.70824212217496e-06,0.0577300240983621
"gene_384",0.425066931475214,0.514419511205891,0.687791420261555,1.10672099383428
"gene_385",4.34638817524092,0.0370875211208956,0.11399852803554,0.0574457859376658
"gene_386",0.936257897359098,0.333242076440125,0.511107479202646,0.446647374891529
"gene_387",1.82897597533645,0.176248546062497,0.345455193193803,0.0860009358510896
"gene_388",0.346750676279839,0.555958281882414,0.716726012836152,0.0513366807516803
"gene_389",5.9937810986678,0.0143563971953987,0.0552169122899949,0.0807391784344953
"gene_390",0.352461820360929,0.552722850669629,0.714236619390978,0.324513840472713
"gene_391",0.00389933392114017,0.950208741259239,0.975764888035965,0.0647093966752431
"gene_392",0.193000737345301,0.660430776990867,0.804749118997807,0.33748822042782
"gene_393",309.580051633122,2.69592504528993e-69,1.83813071269768e-67,0.0769807751073893
"gene_394",0.521544908686451,0.470183410951415,0.648282311419397,0.661571467038225
"gene_395",1.10882975666175,0.292336474974637,0.477673978716727,0.116840184436259
"gene_396",712.288481560977,6.36100850700452e-157,9.54151276050679e-154,0.0402789184804879
"gene_397",0.000743836086883221,0.978241705755034,0.990791734390649,0.317140371943937
"gene_398",1.79473721977627,0.180350043733814,0.348928660467633,0.0697769974236761
"gene_399",0.362878741215923,0.5469117869618,0.710890537645321,1.16807970867646
"gene_400",0.480513634441195,0.488189753412885,0.665713300108479,0.145129838801313
"gene_401",0.0939225618649289,0.7592484315722,0.865959770800555,0.269551730014507
"gene_402",0.123805603669894,0.72494310508493,0.849542701271402,0.149204211494109
"gene_403",1.3666632489988,0.242386011999322,0.417906917240211,0.64960741665555
"gene_404",21.8218229743534,2.99177896314191e-06,3.39974882175217e-05,0.108240040644459
"gene_405",19.7211690105623,8.96032880755085e-06,9.26930566298364e-05,0.0587676843330308
"gene_406",3.07386002118994,0.0795603536634103,0.200572320159858,0.114488121962225
"gene_407",1.40291087480546,0.236236802753887,0.412040935035849,0.0736823546555133
"gene_408",2.50038658267169,0.113818356129262,0.257119780412489,0.0549543247314617
"gene_409",16.9816215572682,3.77434032404882e-05,0.000347331931660934,0.0713806992751201
"gene_410",73.9264048592538,8.1084395879282e-18,1.64360261917464e-16,0.08433844777315
"gene_411",0.0152901481893082,0.901589758285491,0.948865569889894,1.38785555309818
"gene_412",0.00525098769338683,0.942232893381719,0.973381088204255,0.826120292810476
"gene_413",0.3852030137881,0.534831741246416,0.702322256958501,0.0635100905709171
"gene_414",0.942850551078777,0.33154582948181,0.510070506895093,0.0854690516494972
"gene_415",4.78044664154049,0.0287846539260658,0.0936593945533593,0.0470461778696957
"gene_416",0.875271591339128,0.349500031378907,0.529545502089252,0.0411180147102282
"gene_417",0.884109813036503,0.347078500151203,0.52694104273968,0.0746111160446296
"gene_418",0.35727191981357,0.55002525894892,0.711853225559431,0.0742377477484664
"gene_419",1.05521436251513,0.304309221332916,0.486520049379189,0.053571431508168
"gene_420",6.25649493208414,0.012373878263658,0.049495513054632,0.0871347854260336
"gene_421",0.00394924415979858,0.949891514896889,0.975764888035965,0.105133969567236
"gene_422",5.61156575488576,0.0178423131660782,0.0658017524401403,0.133475853987401
"gene_423",1.60086704730884,0.205780380767048,0.37605818307397,0.0636942539782451
"gene_424",2.56781395448638,0.109058345431897,0.248613249464811,0.0735522789976344
"gene_425",0.312581782207644,0.576100205075968,0.732330769164367,1.23649236950015
"gene_426",1.61684736771241,0.203531938064101,0.373224825300919,0.82216083094992
"gene_427",12.1017785172988,0.000503737517610453,0.00353087045054056,0.104422365336567
"gene_428",5.23982319169511,0.0220755174316048,0.0768289469777428,0.0600134548888168
"gene_429",2.76317941046716,0.0964563679642681,0.228492493932787,0.162479647774942
"gene_430",15.142226261687,9.97080004121776e-05,0.00082630939568103,0.0513903425219582
"gene_431",13.5984274404813,0.000226375077941805,0.00171215537004112,0.0684363233863308
"gene_432",105.943830885604,7.58551149610377e-25,1.9617702145096e-23,0.0565919187121562
"gene_433",0.151608971682776,0.697002484965385,0.829584805660983,0.0830607615577229
"gene_434",0.291781080587157,0.589081426265552,0.743164120604144,0.0726369849346647
"gene_435",2.60736733334477,0.106368214495391,0.244337399300285,0.0406983886614693
"gene_436",0.321453055246991,0.570735717767431,0.726743273897408,0.746220855369982
"gene_437",0.0388237471296975,0.843798250355283,0.922669206626665,1.24155276665008
"gene_438",0.252368829478883,0.615412028809295,0.766073064907836,0.410174526631961
"gene_439",1.57114325910538,0.210041062438063,0.380635381058024,0.0527154054567424
"gene_440",0.0331611730014743,0.85550260465546,0.924896804929492,1.18443436461993
"gene_441",3.39358561153767,0.065450473614082,0.173762319329421,0.810822001485228
"gene_442",5.89773371452031,0.0151603795371294,0.0572810309967106,0.130851946244105
"gene_443",23.1774089917869,1.47722557769744e-06,1.81626095618538e-05,0.0479770724666151
"gene_444",2.17534470003841,0.140238091283202,0.293450326966531,0.112082618186759
"gene_445",9.25577290900037e-06,0.997572575467114,0.998455270195639,0.389603257435963
"gene_446",3.44253674959452,0.0635380664810147,0.170191249502718,0.116349694944715
"gene_447",23.9619801048078,9.82569722750857e-07,1.22821215343857e-05,0.0683956647383308
"gene_448",0.382194087405878,0.536431330788604,0.702322256958501,0.21164560856632
"gene_449",6.86514690211169,0.00878930223190079,0.0371378967545104,0.379283320598185
"gene_450",78.5194489605149,7.92144912940265e-19,1.67354559071887e-17,0.0929210262163074
"gene_451",0.767698499593735,0.380929982897137,0.564062166185297,0.0838618138606606
"gene_452",2.4420497587339,0.118121783860741,0.263067668576432,0.0547967224357441
"gene_453",0.00309226633964954,0.955653971840749,0.977151300450664,0.977526770910356
"gene_454",1.78261218378645,0.181828892202094,0.348928660467633,0.0452874349749665
"gene_455",13.1226421078915,0.000291748304002032,0.00210395411539927,0.0647562414605153
"gene_456",0.399521482015302,0.527336486965138,0.697535035668172,0.977153998528139
"gene_457",9.63290712828336,0.00191121858228825,0.0103495591098642,0.0760139611295239
"gene_458",0.143964192236353,0.704371445712052,0.835657157308204,0.132794385151191
"gene_459",1.58778425779144,0.207642987403646,0.378450159301906,0.0776275668912013
"gene_460",10.179196940667,0.00142034028547058,0.00810080010724668,0.111142094390992
"gene_461",4.73622659104456,0.0295337815081544,0.0954755867720507,0.1321401702957
"gene_462",0.455732710714983,0.499625078697087,0.674561312372304,1.11487022780184
"gene_463",0.782793463710391,0.37628815858728,0.560508677140933,0.730310653942801
"gene_464",0.000374052736788144,0.984569521078134,0.995184825887602,0.0780977598994025
"gene_465",14.8656658845778,0.000115445236621691,0.000936042459094791,0.289217280940804
"gene_466",0.0456833154420337,0.830752502314626,0.916271142258778,0.049874857795291
"gene_467",7.20946760468701,0.0072520002918624,0.0315304360515756,0.0454720351762585
"gene_468",3.0577289332989,0.080353906253191,0.201894236817063,0.478024463306616
"gene_469",45.6564507866192,1.40921221165356e-11,2.4296762269889e-10,0.044251421507082
"gene_470",9.83973091654138,0.00170782478185358,0.00948791545474209,1.0123872752957
"gene_471",0.604697673060627,0.436791243602344,0.61635641148026,0.064390994938506
"gene_472",4.9203608288235,0.0265419731927036,0.0884732439756786,0.0566558614516274
"gene_473",0.237241215597578,0.626205793299671,0.77693026463979,0.0897839061949981
"gene_474",2.20458363173032,0.137601042252295,0.291527631890456,0.110887458680909
"gene_475",3.4992984379121,0.0613948322169811,0.165931978964814,0.580743064697722
"gene_476",7.19860930699997,0.00729600989339391,0.0316301006939042,0.177904794546301
"gene_477",1.06978503479019,0.300994006393426,0.484009486209915,0.165453454858766
"gene_478",17.1833480717511,3.39398403314113e-05,0.000316209692528677,0.110585490839715
"gene_479",6.91899152496239,0.00852850587155488,0.0362401099357856,0.165718428268206
"gene_480",1.72542800951481,0.188995837696618,0.358852856385984,0.139601979769274
"gene_481",26.6158550515102,2.48198555328817e-07,3.26577046485286e-06,0.0621345702386958
"gene_482",13.9423449375093,0.000188503708611716,0.00146505473014287,0.0626451008011617
"gene_483",2.35126450979186,0.125181427755277,0.272924624466446,0.358833196699554
"gene_484",0.0670220297783999,0.795723097921193,0.888745083307364,0.0490201192661623
"gene_485",6.73719927447848,0.00944227497883618,0.0394524024185356,0.065516943551753
"gene_486",8.57135236966064,0.00341493409899777,0.0165238746725698,0.0569260426460062
"gene_487",0.253437927955588,0.614664662564991,0.765856201738986,0.134061786104035
"gene_488",1.60115446068789,0.205739683536615,0.37605818307397,0.143489038727448
"gene_489",20.2553671906071,6.77630911509092e-06,7.20883948413928e-05,0.06555492472289
"gene_490",10.594224297596,0.00113441484328829,0.00683382435715838,0.0691241931000848
"gene_491",1.26620761580455,0.260479336047885,0.44049493130984,0.0985597277124581
"gene_492",3.57562888347388,0.0586332436584859,0.160785860123819,0.112185359248309
"gene_493",0.011193594990857,0.915741205560695,0.95701608212324,0.137511252880918
"gene_494",3.51660191320457,0.0607568957192895,0.16480170629102,0.114487337160568
"gene_495",2.88013438673386,0.0896785372063013,0.216603350495324,0.0868422587872076
"gene_496",2.03494057364753,0.153720192320921,0.314142082399702,0.0402370161894143
"gene_497",1.0248319130892,0.311375601264835,0.492682913393726,0.211885924047653
"gene_498",2.20720302527468,0.137367527139248,0.291444541313822,0.137115503965096
"gene_499",0.492385988993078,0.482864895627545,0.660252819910043,0.0418645438711524
"gene_500",10.3175716591473,0.00131769553676485,0.00766102056258633,0.045434318026111
"gene_501",1.04597154924375,0.306436702938006,0.487882542799977,0.762950664752442
"gene_502",78.5676405283319,7.73054179412293e-19,1.6565446701692e-17,0.079647554106095
"gene_503",0.844445938651688,0.35812831812207,0.538269015213533,0.0480317768684175
"gene_504",0.0802881682667476,0.77690727337322,0.877530805767944,0.0526980368775735
"gene_505",0.196558875433766,0.657512878519636,0.803883237192034,0.0642064866147183
"gene_506",0.0987517914282989,0.753332706053755,0.862762123203913,0.0588577054232014
"gene_507",1.37873730533192,0.240316347284834,0.41625233363424,0.056131136830815
"gene_508",4.84677818197548,0.0276978212498391,0.0913114986258432,0.187732146140503
"gene_509",2.68631419166769,0.101213692252932,0.23648058937601,0.978261580225101
"gene_510",161.90185406347,4.34641300940866e-37,1.62990487852825e-35,0.0453926919076397
"gene_511",13.4145640533515,0.000249678181978125,0.00182691352666921,0.0864691167144339
"gene_512",0.156348546128925,0.692540817214327,0.82773802854302,0.0830046547587912
"gene_513",5.49792220897643,0.0190390829872813,0.0693170497109755,0.100157764067548
"gene_514",13.549159569968,0.000232395462135661,0.001725708877245,0.0607187157796891
"gene_515",0.0168167756542061,0.896819993273507,0.947345063317085,0.0511566179772224
"gene_516",1.38846405779304,0.238664654800762,0.414828484589969,0.0912886784545944
"gene_517",1.13884582945821,0.285896341698108,0.470480338373208,0.0856142046172226
"gene_518",3.03076443033729,0.0816995165809848,0.204248791452462,0.0591004865434999
"gene_519",1.06951996092823,0.301053900422567,0.484009486209915,0.105307521749583
"gene_520",2.18077216820279,0.139744333963011,0.293450326966531,0.0771124422250924
"gene_521",7.08165218802731,0.00778771736609867,0.0335677472676667,0.108616480110166
"gene_522",0.116992110514389,0.732319966155613,0.852940010262859,0.0848417529580191
"gene_523",0.642741785595263,0.422719697337723,0.602164811022397,0.117223864145834
"gene_524",0.368537000940137,0.543802809876292,0.708691759178486,0.0535261844388114
"gene_525",453.766944839042,1.09227415110541e-100,1.48946475150738e-98,0.0567301256161591
"gene_526",4.14645432520751,0.0417218012594407,0.125165403778322,0.307452007994816
"gene_527",0.442463753405718,0.505935697398969,0.681241962386403,0.085296115916151
"gene_528",3.39941555055873,0.0652195237102951,0.173598868965234,0.0785517052162076
"gene_529",2.73283173234881,0.0983048437100897,0.231487073100682,0.0706574927246836
"gene_530",3.57903809291338,0.0585130238501034,0.160750065522262,0.0889782495082021
"gene_531",23.0979201582645,1.53957143761731e-06,1.87752614343574e-05,0.529888699341318
"gene_532",12.2101281866225,0.000475307682840187,0.00334723720309991,0.0584013860425524
"gene_533",0.0309263878338015,0.860404716646578,0.92782679724649,0.988252094818207
"gene_534",6.54693564245326,0.0105064958783814,0.0436558000486762,0.704770871506758
"gene_535",7.46266471011825,0.00629916932667832,0.0279548934615902,0.0568190532177716
"gene_536",2.1980523284675,0.138185238666322,0.292201403322087,0.0791702537674309
"gene_537",6.46738000799576,0.0109872393901813,0.045401815661906,0.160289436769782
"gene_538",1.89443511611876,0.168702531520449,0.336955788656023,0.0620464684657105
"gene_539",6.43799885171882,0.0111704414103066,0.0459059236039999,0.292797994915504
"gene_540",3.48433167557505,0.0619523723690453,0.166837627564754,0.0920577241231806
"gene_541",12.4170393152638,0.000425434177973547,0.00302441358748967,0.0645826385233153
"gene_542",173.010812532216,1.62782571740119e-39,6.42562783184679e-38,0.113413824557627
"gene_543",30.7582076457286,2.92265020029401e-08,4.38397530044102e-07,0.141223734462509
"gene_544",0.708882643603602,0.399814996858507,0.583955691614177,0.0510580735943121
"gene_545",1.5659740693086,0.21079264102368,0.380883039273394,0.0557647856535859
"gene_546",191.195046788118,1.74374244039706e-43,7.92610200180483e-42,0.139329570895914
"gene_547",26.650555869937,2.43780645373108e-07,3.2360262660147e-06,0.0551669693645859
"gene_548",1.30759985165378,0.252829675474573,0.431137022402277,0.0575607950008076
"gene_549",4.26361765765517,0.0389369171231761,0.118469321875789,1.12240756057568
"gene_550",0.610361207854794,0.434651841417212,0.615160962064148,0.0661570519593773
"gene_551",1.44104794311966,0.229969835743446,0.404876471379307,0.873323934050344
"gene_552",0.208166275791314,0.648208470291229,0.796977627407249,0.113092941018375
"gene_553",0.653101950776545,0.419005829584251,0.59857975654893,0.0731602060300357
"gene_554",0.00145295805225487,0.969593849475362,0.985359603125368,0.0549888280969548
"gene_555",7.59774469029583,0.00584413587872912,0.0264839994504341,0.0486381796782308
"gene_556",0.423692587709525,0.515100242017891,0.687791420261555,0.0526892290588152
"gene_557",9.27028004727208,0.0023290208956557,0.0122151445576348,0.0528437542493217
"gene_558",0.550430492620876,0.458141848431524,0.638080568846133,0.0565834017934253
"gene_559",0.36688580024861,0.544706686629907,0.708745154315363,0.106084994299274
"gene_560",217.72537443347,2.83497286797077e-49,1.41748643398538e-47,0.108888201974532
"gene_561",1.71387904675271,0.190482856525178,0.35991694401084,0.0655768616233461
"gene_562",1.88498068166155,0.169769138933331,0.338635250531909,0.0606394375439618
"gene_563",1.85351383341595,0.173375267191256,0.342638867966909,0.0524235101793262
"gene_564",3.56877930171555,0.0588755764058576,0.160862230617097,0.16981822950353
"gene_565",42.9048351800317,5.74684445892177e-11,9.57807409820295e-10,0.0541560511436358
"gene_566",2.98962673972699,0.0837994824075087,0.208111297369641,0.158800666713122
"gene_567",1.00786252161117,0.315415457767361,0.49570924806481,0.0413468033155501
"gene_568",2.89138190747917,0.0890545098068185,0.216151722832084,0.047722208765804
"gene_569",0.059142694488969,0.807856113484666,0.899617052878247,0.109949777134198
"gene_570",0.0237056598140271,0.877636209386042,0.937645522848336,0.0641339047494353
"gene_571",23.6613385728961,1.14867116208683e-06,1.42397251498367e-05,0.0531089310607859
"gene_572",16.384115507433,5.17168260793977e-05,0.00045902508354495,0.0612133555665639
"gene_573",6.81364303315991,0.0090464019556013,0.0380100922504256,0.0689707473282022
"gene_574",19.89194425275,8.19448956189329e-06,8.53592662697218e-05,0.045072620803529
"gene_575",1.64166689388384,0.200096917010358,0.368728962549799,0.191221388344502
"gene_576",3.94805941366337,0.0469254528188703,0.135102071455481,0.0735158955106024
"gene_577",2.35247489895903,0.12508428141071,0.272924624466446,0.463896614936755
"gene_578",2.51062428512796,0.11308112717819,0.256226118983815,0.163022562859455
"gene_579",4.41431730730284,0.0356385365979819,0.110450010117712,0.139214002059884
"gene_580",0.112494541368562,0.737321814756947,0.855605525071439,0.751929729424682
"gene_581",8.04647942097154,0.0045592170151534,0.0213713297585315,0.05334427239265
"gene_582",1.6982426257581,0.192517963783312,0.362785107631868,0.0623729147625626
"gene_583",1.04365119199764,0.306973819082974,0.487882542799977,0.198843593572196
"gene_584",4.64720136142137,0.0311042191023455,0.0992687843691876,0.0641010411560322
"gene_585",0.357825967699796,0.549716123439808,0.711853225559431,0.0710541157162784
"gene_586",8.40724721800564,0.00373728130709869,0.0177347148709608,0.0669261985946456
"gene_587",1.1228470359041,0.289306238406008,0.474272521977063,0.0559131619019514
"gene_588",14.8212723796039,0.000118194736241969,0.000953183356790071,0.0625076976778958
"gene_589",6.29714744082378,0.0120932421454487,0.048632341067488,0.0556061427857363
"gene_590",11.202844100692,0.000816720580976037,0.005349698128664,0.121841381227182
"gene_591",2.14386109409236,0.143141226699902,0.297797281622543,0.101646196593517
"gene_592",5.48434409884317,0.0191875176096816,0.0696883206162771,0.10691364192822
"gene_593",3.08568318075754,0.0789840893854545,0.199791119862027,0.0671828425611604
"gene_594",0.959107986187746,0.327411722387934,0.506306787197836,0.894346163399492
"gene_595",4.43760331128431,0.035155566611262,0.109414538251866,0.0569732249239441
"gene_596",0.000258395670812206,0.987174805057648,0.995805116063532,0.0589453830623715
"gene_597",9.34385010253482,0.00223734991742874,0.0118169890005039,0.0657814533496837
"gene_598",1.78196564529418,0.181908141657126,0.348928660467633,0.749722084030228
"gene_599",2.77123121561294,0.0959723157043421,0.228143381230607,0.0591109849932051
"gene_600",0.707193426483286,0.4003771036945,0.584207836130107,0.0416065107353495
"gene_601",0.419048198052224,0.517412357372442,0.689270458311423,0.252721330642124
"gene_602",1.20048458036968,0.273224847803644,0.45386187342798,0.174722874070182
"gene_603",3.74538046789974,0.0529536704911869,0.147915280701639,0.143863496682279
"gene_604",1.96365774574303,0.161122668798369,0.32528129636279,0.113927562231653
"gene_605",8.40207167319954,0.00374793640939638,0.0177347148709608,0.0496432611205142
"gene_606",8.10437441156751,0.00441585593984587,0.0207642128832878,0.105533400868204
"gene_607",0.0150681153980941,0.902303285505442,0.948865569889894,0.114848769754451
"gene_608",14.4386883093052,0.00014479689794762,0.00114918172974301,0.181468278402063
"gene_609",10.6496028711194,0.00110094543186955,0.0066859034324062,0.117008879023785
"gene_610",9.19764417594183,0.0024232679214329,0.0125714105113485,0.0692679535811961
"gene_611",0.342857906140011,0.558184211307607,0.718075743534657,0.0684198453454451
"gene_612",20.4415626985916,6.14799937117731e-06,6.58714218340426e-05,0.046928060005069
"gene_613",3.87052252714227,0.0491412200128337,0.140671431334448,0.103968854524365
"gene_614",1.05145619423325,0.305171950502733,0.48697651675968,1.15293620672624
"gene_615",4.14848957425761,0.0416716797850305,0.125165403778322,0.0517809440340357
"gene_616",9.79090277290663,0.00175377340105945,0.00963611758823872,0.149538454902817
"gene_617",1.8227604483651,0.176985044086989,0.345455193193803,0.121818560250087
"gene_618",0.0702514780141428,0.790970979903915,0.885353604295944,0.164929166430493
"gene_619",19.0344840983398,1.28377356054678e-05,0.00013099730209661,0.0582077550485525
"gene_620",9.18512974697705,0.00243989236609573,0.0125767647736893,0.0637599135113468
"gene_621",13.5620575757069,0.000230803946181155,0.001725708877245,0.089930647729521
"gene_622",0.666570324849431,0.414249909447321,0.595757300259809,0.0787868048158518
"gene_623",0.130533358078026,0.717879674777003,0.843444530424048,0.230681149793001
"gene_624",2.81255422950437,0.0935293513954432,0.223398132313957,0.0429587933743965
"gene_625",1.37430797789625,0.241073090328056,0.416600962548485,0.112133546187124
"gene_626",90.9924126785731,1.44224080260897e-21,3.27782000592947e-20,0.0637869850799034
"gene_627",0.911516798124921,0.339712287625463,0.519967787181831,0.075864634529007
"gene_628",1.27859334966342,0.258160742016184,0.437560579688448,0.0564303576814534
"gene_629",26.4109375751701,2.75973334217719e-07,3.59965218544851e-06,0.1100776865364
"gene_630",0.000594328163458613,0.980550421247536,0.992443986265916,0.656970266592451
"gene_631",0.674939553652848,0.411334736283096,0.594414358790602,0.0717905624939801
"gene_632",8.58336524102742,0.00339247816433038,0.0164683406035456,0.0618659691488688
"gene_633",21.6648404780442,3.24688233413537e-06,3.60764703792819e-05,0.0593933700356705
"gene_634",0.687871391047224,0.406889344529115,0.589694702216108,0.104478044251311
"gene_635",7.21220674938468,0.00724094121584139,0.0315304360515756,0.224551442365312
"gene_636",59.7423962015997,1.08122102638149e-14,1.95401390309907e-13,0.0943031160362533
"gene_637",1.78412139372392,0.181644056339556,0.348928660467633,0.0576742848330199
"gene_638",4.70586960925095,0.0300597907446749,0.0963454831560092,0.0912739203894065
"gene_639",1.97829113852163,0.15957054757664,0.322581969494556,0.0452456625768131
"gene_640",6.20875274646551,0.0127120164745656,0.0505894958797562,0.0472406440478298
"gene_641",344.435572046621,6.90080957234717e-77,5.44800755711618e-75,0.0633832780439244
"gene_642",1.50888245085696,0.219309693674596,0.393398195305563,0.0467123128184269
"gene_643",4.48833307868676,0.0341269384168916,0.106869326984003,0.104267264219375
"gene_644",4.53209626210526,0.0332648466900303,0.104600201426887,0.057000963683183
"gene_645",1.05411375485977,0.304561550911373,0.486520049379189,1.06786980284584
"gene_646",10.7988491678872,0.00101563213184473,0.006321361816461,0.0663658351566484
"gene_647",0.0201579017879112,0.887096967769695,0.943051347735324,0.374971861048261
"gene_648",0.395835261704292,0.529247977461073,0.698830956154586,0.0687657696380805
"gene_649",3.01945905632294,0.0822709041281068,0.205335035261498,0.059791402355932
"gene_650",0.352290935172391,0.552819143408617,0.714236619390978,0.0435271398591424
"gene_651",2.09579086737983,0.147705262723248,0.303920293669235,0.0858667829663812
"gene_652",3.55835290257949,0.0592464998976446,0.161581363357213,0.0520986914535135
"gene_653",2.3610361358073,0.124399539129264,0.272407749918096,0.246048245944695
"gene_654",4.06626810812315,0.0437478255036575,0.129059660648695,0.0386805453496862
"gene_655",1.36809789737606,0.2421389602385,0.417906917240211,0.0672900203645205
"gene_656",22.2947999688878,2.33838976356693e-06,2.74030050417999e-05,0.0730644198884279
"gene_657",0.00871339455864018,0.925629034215546,0.962784431810321,0.159500370268576
"gene_658",1.79732961457256,0.180035667004242,0.348928660467633,0.424005765673391
"gene_659",11.713907898695,0.000620347069107244,0.00424895252813181,0.0597934601252069
"gene_660",0.0830067118288298,0.773263415243032,0.876715890298222,0.198374693020527
"gene_661",1.38860898930761,0.238640148522077,0.414828484589969,0.072936396206432
"gene_662",0.00375815230438548,0.951117287852984,0.975764888035965,0.0984472166617152
"gene_663",4.43745901326122,0.0351585382915996,0.109414538251866,0.047639827423041
"gene_664",16.4881665365911,4.89546629572731e-05,0.000439712541532393,0.0417673015880617
"gene_665",1.56891613324842,0.210364487264734,0.380635381058024,0.410213211528969
"gene_666",0.109568636973336,0.740635771822417,0.858349371230202,0.1847349473194
"gene_667",5.38894255492914,0.0202647476320187,0.0723740986857812,0.0485465963556075
"gene_668",3.74822343474079e-06,0.998455270195639,0.998455270195639,0.0909558424533218
"gene_669",9.21471166254003,0.00240078019909536,0.012504063536955,0.0677398450232436
"gene_670",8.40512913072007,0.00374163816927987,0.0177347148709608,0.0739339906417538
"gene_671",0.0178211509293078,0.893801219572185,0.946518856716932,0.354534054616567
"gene_672",3.95719994485466,0.0466712757017699,0.134628679908952,0.166105983276353
"gene_673",2.93280283633123,0.0867966844810394,0.212098751366662,0.0732128608280896
"gene_674",0.392365975922417,0.531058358965935,0.699368431068355,0.202311526586545
"gene_675",0.119697000334781,0.729363349677556,0.850928408231172,1.13746104572346
"gene_676",2.97290934736577,0.0846694568571579,0.209924273199565,0.0773631078911208
"gene_677",0.10083627756228,0.750828367023978,0.861700497732186,0.229053081222498
"gene_678",0.152135905226828,0.696502510379679,0.829584805660983,0.303395623268275
"gene_679",5.1868162787473,0.0227588724545142,0.0784788705328074,0.0553526187467756
"gene_680",3.53246509060693,0.0601782553102118,0.163527867690793,0.0393791907243182
"gene_681",13.617855199669,0.000224044492570962,0.00170592253226621,0.0590154090513029
"gene_682",3.09310746264669,0.0786245267164985,0.199217550801939,0.0492057270420111
"gene_683",3.29327165991538,0.0695642818669611,0.181392572114686,0.042467792751803
"gene_684",1.09686803642035,0.29495446822781,0.479860848526806,0.053289287448057
"gene_685",2.30270970753202,0.129148518894678,0.279551694725967,0.06049875904885
"gene_686",1.09338975684273,0.295721366936608,0.480587270211173,0.0683158707811185
"gene_687",0.52088384653689,0.470464901573661,0.648282311419397,0.0808315501796811
"gene_688",2.12685084794111,0.144737849257559,0.299457619153571,0.0634192173177388
"gene_689",1.69166493743728,0.193381639124954,0.363955406132284,0.0431436821821878
"gene_690",1.94335772050226,0.16330442138926,0.327920524878032,0.0558548326416519
"gene_691",6.18091469042406,0.0129135503264011,0.051176632806214,0.0442432968241446
"gene_692",5.58972231496296,0.0180661599447678,0.0660957071150042,0.148453470310268
"gene_693",135.378571487315,2.72854427106867e-31,9.74480096810239e-30,0.0449078354377476
"gene_694",0.765409244106024,0.381640996872737,0.564557687681563,0.22161808974917
"gene_695",0.0180312307542749,0.893180836886625,0.946518856716932,0.63834767697925
"gene_696",11.5517171977667,0.00067686712689611,0.00453259236760788,0.209030889392377
"gene_697",1.6212960145881,0.202911171507125,0.372541930551638,0.103729321439807
"gene_698",6.77480278079599,0.00924537064150907,0.0387375864867699,0.0739416843697484
"gene_699",0.0147545783187297,0.903320022535179,0.948865569889894,0.175157372621746
"gene_700",3.38566375128448,0.0657656940129051,0.174263256008261,0.330043914866066
"gene_701",288.358713504357,1.1328730054441e-64,7.38830220941805e-63,0.0776565441575544
"gene_702",2.50810531923662,0.113262031471386,0.256248939980511,0.0751920898946018
"gene_703",8.54604904771338,0.00346272983285485,0.0166477395810329,0.0957814045503838
"gene_704",10.7257423214306,0.00105655274434302,0.00649520129719069,0.166587688127016
"gene_705",422.860330692633,5.81924220399513e-94,6.23490236142335e-92,0.0631821596899525
"gene_706",1.28869497338439,0.256288589777664,0.434878828808254,0.0506876203489009
"gene_707",0.130366401368747,0.718052443567673,0.843444530424048,0.0479783900409579
"gene_708",0.126893546179758,0.721674913608441,0.847036283577983,0.147290197522837
"gene_709",1.68082866968314,0.194814378196219,0.364587297726444,0.0597494366378563
"gene_710",8.55563821636133,0.00344453722458905,0.0166135235912655,0.0436728114130988
"gene_711",3.96039659756298,0.0465827270827805,0.134628679908952,0.0700406792811957
"gene_712",0.288836232250105,0.590967266895327,0.743666862703851,1.18549938165733
"gene_713",2.31541780178497,0.128096877961422,0.278471473829179,0.127256479035407
"gene_714",0.00223319735613359,0.962308623886672,0.980613407493212,0.262300529804779
"gene_715",0.0106259640538156,0.917897639335811,0.95813949826285,0.0747860041888588
"gene_716",1.37702457806523,0.240608620784386,0.416277890630426,0.461604997801674
"gene_717",0.0696583460742204,0.791834878515951,0.885353604295944,0.113992999404326
"gene_718",131.115788948937,2.33576611223123e-30,7.96283901897012e-29,0.0614277321610537
"gene_719",3.98600891645799,0.0458796165379689,0.133370978308049,0.0638115084581516
"gene_720",0.0377401956984045,0.845965758712727,0.922669206626665,1.09268515492048
"gene_721",18.5323950007062,1.67040937463039e-05,0.00016816201758024,0.0599974500533244
"gene_722",4.57825261007679,0.0323802186516584,0.10290323724044,0.0724332426565711
"gene_723",111.445332123175,4.72660796084314e-26,1.31294665578976e-24,0.0553565673549152
"gene_724",1.03446309763194,0.309112714659574,0.490655102634245,0.231315074219193
"gene_725",0.982169544939723,0.321663766806954,0.502822038187092,0.720693147605145
"gene_726",0.303866912577064,0.581468308157281,0.735415229541249,0.950350860980556
"gene_727",0.756938150203155,0.384288422483511,0.567354954454003,0.891993247129274
"gene_728",13.4998373103858,0.000238584138014486,0.00175429513245946,0.234277067506113
"gene_729",146.098803573441,1.23521128099695e-33,4.51906566218397e-32,0.0533895345121775
"gene_730",1.93351296835129,0.164374620404159,0.329188158352787,0.352680855637419
"gene_731",0.0149071986662648,0.902823750407762,0.948865569889894,0.122339773852451
"gene_732",5.88401126318672,0.0152789745593761,0.0575840749725229,0.0557876053803476
"gene_733",78.1381554860801,9.60800222411324e-19,2.00166713002359e-17,0.104422193523887
"gene_734",10.7301120790104,0.00105406061939162,0.00649520129719069,0.0711276507581658
"gene_735",3.84251524492549,0.0499685084818763,0.14195599000533,0.0681968448726045
"gene_736",21.0433257671783,4.49014184328447e-06,4.84547680929979e-05,0.13714690887639
"gene_737",12.9819154759351,0.000314514043040983,0.00224652887886416,0.080829264877016
"gene_738",5.30336465942162,0.021284271620283,0.0749783049037619,0.0425522865002555
"gene_739",30.1589859707801,3.98038624165296e-08,5.91146471532617e-07,0.0732576409909433
"gene_740",2.93238610679612,0.0868190888927537,0.212098751366662,0.103313803874811
"gene_741",2.94133961691807,0.0863391006170943,0.212098751366662,0.0549016230899257
"gene_742",0.184040632507333,0.667923536390306,0.809503703476682,0.456209980244882
"gene_743",2.4158797079678,0.120110479223127,0.265620711820068,0.199098840339381
"gene_744",0.968149790037614,0.325142049762391,0.505278788545453,0.0726202239020974
"gene_745",2.7597670439722,0.0966623119604772,0.228492493932787,0.377975576322124
"gene_746",2.83528884369673,0.0922142190926529,0.220960588880159,0.111228324130775
"gene_747",0.00324941863277672,0.954542269987709,0.97668035810475,0.0658484240299596
"gene_748",0.311151674723988,0.576974330148356,0.732820910433983,0.0638894910088703
"gene_749",2.12937913204212,0.144499274675994,0.299376950295567,0.529026066810908
"gene_750",0.448141653874131,0.503218776909576,0.678192421711019,0.219537651616758
"gene_751",0.0706330075079222,0.79041734218118,0.885353604295944,0.0586536345474394
"gene_752",1.75883779115884,0.184769545231997,0.352613635938925,0.0734495276522891
"gene_753",5.11267212722265,0.0237517112351536,0.0811561887305932,0.181040518690838
"gene_754",2.58884287423973,0.107618932282067,0.24607987564497,0.0690159714967584
"gene_755",3.211055226707,0.0731422976855319,0.189161114703962,0.090781507586414
"gene_756",1.58264337029789,0.208380347868701,0.379333157527975,0.103836531874571
"gene_757",1.78747420298322,0.181234209243512,0.348928660467633,0.465939630649738
"gene_758",3.17006892552308,0.0749992811847133,0.192635140029229,0.140600899388727
"gene_759",2.68138148035962,0.101527617977309,0.236845143026382,0.0657144230893737
"gene_760",1.2181258707127,0.269728764436618,0.451554851177373,1.04579246976928
"gene_761",3.05954909693014,0.0802639396356494,0.201894236817063,0.0490344048133156
"gene_762",2.59243131805772,0.107375396175598,0.245897853837247,0.046764133650944
"gene_763",0.0380555267492468,0.845331683171409,0.922669206626665,0.268491380484596
"gene_764",10.8466815366071,0.000989729629293546,0.00621169223405992,0.189150049091751
"gene_765",2.4941184474344,0.114272345940453,0.257757171294256,0.110310691968013
"gene_766",0.00162102132674136,0.967884321251579,0.984289140255843,0.144081427534129
"gene_767",3.86675359081391,0.0492517005675291,0.140719144478655,0.0586414214434664
"gene_768",0.0719991568431624,0.788447943522405,0.883910250585656,0.108625808576594
"gene_769",0.108984913744507,0.741302769578947,0.858349371230202,0.426953493714086
"gene_770",0.492664470901559,0.482741146449635,0.660252819910043,0.073263247206661
"gene_771",0.0958775440791442,0.756833979961734,0.865282751480641,0.0962699123943173
"gene_772",0.0334588245285659,0.854862724257284,0.924896804929492,0.327707278187104
"gene_773",1.83784935884671,0.175203224847027,0.344436221848676,0.0727169996280706
"gene_774",9.59464556283956,0.00195145589797589,0.0104916983762145,1.00400283975521
"gene_775",10.632818191918,0.00111098279494018,0.00671965400165432,0.0758947084719388
"gene_776",0.0657612554634852,0.797611433029339,0.890191331505959,0.0556849998963529
"gene_777",460.935193318291,3.00869035699412e-102,4.51303553549118e-100,0.0520320717024441
"gene_778",6.1314893310124,0.0132794960746462,0.0517382963947254,0.0812425432794844
"gene_779",9.62365894379366,0.00192086658706535,0.0103643880597052,0.564874229438005
"gene_780",5.95657536165572,0.0146624948228308,0.0561064852914444,0.0514769966199755
"gene_781",2.24572131490743,0.133984417394825,0.287109465846053,0.162257266027579
"gene_782",131.601221128025,1.82906192384209e-30,6.38044857154216e-29,0.0531879107043386
"gene_783",6.16728885025964,0.0130133889252506,0.0512338146663409,0.0821564844467651
"gene_784",0.824191889816575,0.363957399615899,0.546482582005855,0.155911589273199
"gene_785",22.5875634408563,2.00780111745273e-06,2.37256713971327e-05,0.0432969423860445
"gene_786",4.69513278542865,0.0302481616205207,0.0967425211743733,0.0645599230577174
"gene_787",0.520442563401616,0.470652958090482,0.648282311419397,0.261406606535445
"gene_788",11.1727201254419,0.000830088360292804,0.00539018415774548,0.0526097793130511
"gene_789",0.0810154326596262,0.775926015382116,0.877276910025376,0.189176711173175
"gene_790",0.161468860254843,0.687807757906787,0.82437306127428,0.3090725322171
"gene_791",0.814590174379532,0.366766634742468,0.548654757021752,0.236035486697822
"gene_792",8.75611427025513,0.00308565785241212,0.0152252854559809,0.120243092494479
"gene_793",0.889930300340041,0.345496196547069,0.525070207518341,0.283312362467001
"gene_794",9.37098779572011,0.00220446691931863,0.0116844536359644,0.0713207243346011
"gene_795",2.06476854089351,0.150737813794164,0.309735233823625,0.0644251263365021
"gene_796",6.30091731315304,0.0120675510645694,0.048632341067488,0.0520868470654882
"gene_797",0.0221655524459266,0.881647533159635,0.939922743240549,0.076223556336409
"gene_798",2.17528709085241,0.140243342703678,0.293450326966531,0.0426977847092878
"gene_799",1.3148171583623,0.251524331268883,0.430498475079561,0.114752962390384
"gene_800",2.63263258124471,0.104688004438897,0.241587702551301,0.0609152955193925
"gene_801",5.374828848471,0.0204293452740794,0.0727886411190478,0.06094942334537
"gene_802",21.7270968548645,3.14320020387119e-06,3.54496263594496e-05,0.0778910478568657
"gene_803",0.176303354159074,0.674569517524499,0.814042056546057,0.983967996077867
"gene_804",6.32165914373672,0.0119271979594207,0.0482231723426713,0.500171835553867
"gene_805",2.71128212451288,0.099640879765183,0.233707512386951,0.0910537178919784
"gene_806",1.86368842417835,0.172199706137098,0.341214741354885,0.0690502068143403
"gene_807",4.02495324172287,0.0448318625743586,0.131087317468885,0.156781232665643
"gene_808",1.39486731071167,0.237584844071525,0.413910878173389,0.104939537131953
"gene_809",3.82308657604506,0.0505510351157587,0.143069138513708,0.0527179547513879
"gene_810",1.02518522934088,0.31129220777437,0.492682913393726,0.546605064042107
"gene_811",0.61197281985892,0.434045974107847,0.615160962064148,0.0426004954882641
"gene_812",0.0270484605471211,0.869365757219149,0.932833736915303,0.0552945710331259
"gene_813",0.0601029959458401,0.80633322524233,0.898588289645984,0.257607558761652
"gene_814",2.22384615344276,0.135894146921351,0.290372108806305,0.165049967025416
"gene_815",0.0383732956206586,0.844695458303734,0.922669206626665,0.140743705099479
"gene_816",5.70423615166897,0.016924018503448,0.0631493227740597,0.0684639682291365
"gene_817",18.1707228843638,2.01959756375915e-05,0.000199302391160442,0.0529156448771335
"gene_818",2.65865331358737,0.102987896129097,0.239506735183947,0.0512875452241277
"gene_819",2.00846568617578,0.156423446452748,0.318365223445212,0.119107863999804
"gene_820",5.13788215439536,0.0234091886305999,0.0802592786365795,0.0408501480270584
"gene_821",0.937740760042459,0.33285953841779,0.511107479202646,0.332662588713771
"gene_822",2.64754128314502,0.103710192377427,0.239893079462539,0.606972321619132
"gene_823",2.58422595069942,0.107933160382994,0.246422740600443,0.0997576050236001
"gene_824",0.506537536117207,0.476641583958379,0.654727450492279,0.0673412236153541
"gene_825",3.65906143789414,0.055765038374572,0.154616557415634,0.116282530727831
"gene_826",0.10395147575025,0.747138270969039,0.860097779319692,0.0515723806761903
"gene_827",1.71656424292678,0.190135903708653,0.35991694401084,0.062822155843975
"gene_828",2.8163323306303,0.0933093938140967,0.22322821486626,0.124271375290681
"gene_829",0.145146658829958,0.703217214171008,0.835657157308204,0.0475059726621597
"gene_830",691.036510339019,2.66006186488086e-152,1.99504639866065e-149,0.0411678185940531
"gene_831",1.64642435503151,0.199446294998103,0.368435274011274,0.172065802653125
"gene_832",11.7977036030693,0.000593038264136755,0.00408053851470245,0.0503897948148997
"gene_833",125.381405526254,4.19952260155843e-29,1.36940954398645e-27,0.057899847468529
"gene_834",4.7886103432844,0.0286485311089165,0.0936593945533593,0.173734145879356
"gene_835",5.30917162407644,0.0212134406172572,0.0749783049037619,0.214110143997759
"gene_836",0.694411479467931,0.404667914013562,0.588139375225456,0.0849398760019245
"gene_837",0.195602806253078,0.658293793510106,0.8040210955563,0.092729457442537
"gene_838",6.89773433680705,0.0086305056255858,0.0365699390914652,0.0465848822221141
"gene_839",1.53002396784245,0.216108847630748,0.388219486761822,0.0639323464336033
"gene_840",6.08983288088371,0.013596194624418,0.0528349532036967,0.147684069626977
"gene_841",31.1776280321658,2.35464141243874e-08,3.60404297822257e-07,0.0506351555460223
"gene_842",0.151186260397481,0.697404293292333,0.829584805660983,0.0387109520391844
"gene_843",0.17114083580077,0.679099894768815,0.818192644299778,0.0508301241976633
"gene_844",0.329524724590897,0.565939081552287,0.722915166693624,0.0918854129645488
"gene_845",1.20796657708104,0.271735210323825,0.452892017206374,0.0970175854798428
"gene_846",4.05573571419666,0.0440215325906832,0.12947509585495,0.115909090443577
"gene_847",0.377449908329481,0.538971171844456,0.704844601365897,0.0687030251770534
"gene_848",2.26236660962883,0.132551358489708,0.284444975299803,0.23769982074929
"gene_849",0.00495265753636431,0.943895093382204,0.973603168901298,1.1318975833249
"gene_850",0.0421888586317891,0.837260193396798,0.918813523630852,0.0621799603724923
"gene_851",9.0877538926552,0.00257326707773008,0.0131444877035966,0.0796232239222271
"gene_852",1.42471584963721,0.232628754262695,0.408120621513501,0.0469292378451887
"gene_853",242.023237940289,1.42415381903393e-54,7.91196566129961e-53,0.0818538238546771
"gene_854",0.333461898419728,0.563627672445065,0.721366474972353,0.150857113975515
"gene_855",16.2669548400721,5.5015076839912e-05,0.000485427148587458,0.0511729395233327
"gene_856",0.524793916576073,0.468803866754733,0.648282311419397,0.0741721826296455
"gene_857",2.26613427488655,0.132229366870648,0.284160530524316,0.059057430072022
"gene_858",10.2355065350588,0.00137762776253187,0.00791606268090658,0.0424799444232188
"gene_859",0.851050030208285,0.356255458964035,0.536529305668728,0.070997739383956
"gene_860",535.167470490175,2.12201177181243e-118,5.30502942953107e-116,0.0469866716110407
"gene_861",0.0935309552288572,0.75973537224902,0.865959770800555,0.0859708732048599
"gene_862",12.3123134960615,0.000449979893761844,0.00318382000303191,0.255548285003433
"gene_863",21.1751596619409,4.19162172206201e-06,4.5561105674587e-05,0.0502483825628233
"gene_864",1.78373281620861,0.18169162537374,0.348928660467633,0.159540177474071
"gene_865",17.0494133652305,3.64196242591548e-05,0.000337218743140322,0.0933799852388991
"gene_866",0.694071041076313,0.404783110919974,0.588139375225456,0.100803539571076
"gene_867",6.05388710970124,0.0138757176558727,0.0537818513793516,0.0814420725289851
"gene_868",0.0223186413561507,0.881242550175953,0.939922743240549,0.0588952184791088
"gene_869",1.47986898333045,0.223795022199584,0.399633968213543,0.0519450830038303
"gene_870",0.132152239431321,0.716210877888598,0.843131105633173,0.146199682658686
"gene_871",0.12626314262036,0.722338447706498,0.847152206067042,0.0658624835784032
"gene_872",180.066943628867,4.68601659143906e-41,1.95250691309961e-39,0.128661316681606
"gene_873",16.7645548009218,4.23164136879015e-05,0.000387040369096661,0.0722154957441857
"gene_874",0.00858005718959021,0.926198623401528,0.962784431810321,0.548169726774835
"gene_875",0.00486463672120863,0.94439507383426,0.973603168901298,1.30362220702625
"gene_876",4.55049472511917,0.0329092363578092,0.104041898669368,0.099832794960266
"gene_877",0.0354603059491296,0.850634375496172,0.924652921777472,0.0849554445652877
"gene_878",0.239484232087989,0.624578877899343,0.775553242424681,0.161891843325794
"gene_879",9.19220995210878,0.00243047269886072,0.0125714105113485,0.0596457077714338
"gene_880",0.0218410163165572,0.882510818579068,0.940174877747587,0.0652367618749408
"gene_881",7.93174899955261,0.00485748214565025,0.0226985146993002,0.113008633938862
"gene_882",2.21099601867172,0.137030173958335,0.291444541313822,0.0382672283088046
"gene_883",0.432176872250466,0.510922718912612,0.685495597825507,0.0763381124090654
"gene_884",1.82296047425893,0.176961287149561,0.345455193193803,0.0898840534833775
"gene_885",1.31385368429301,0.25169810842985,0.430498475079561,0.0667220629135923
"gene_886",0.0237915528467738,0.877416477959684,0.937645522848336,0.0469549807192119
"gene_887",0.0820415814861803,0.774549553290974,0.876848550895442,1.11595188421963
"gene_888",17.5533584322002,2.79356940754244e-05,0.000268612443032927,0.0622817078076041
"gene_889",21.6194647944175,3.32460711759875e-06,3.66684608558686e-05,0.186360954609381
"gene_890",11.5183257646262,0.000689134282228365,0.0045942285481891,0.0410907089532309
"gene_891",205.459997294761,1.34405252258414e-46,6.50347994798777e-45,0.152690324443468
"gene_892",1.14391697231122,0.284826170444772,0.469493687546327,1.01707580634806
"gene_893",4.88161722797679,0.0271441754054217,0.0900802281153376,0.273561052341804
"gene_894",4.52861429426503,0.0333325975213681,0.104600201426887,0.0925599247595919
"gene_895",0.010056886378834,0.920118836951682,0.959790163718722,0.055204713450766
"gene_896",101.938959773747,5.72592316252641e-24,1.4314807906316e-22,0.0654928495517783
"gene_897",0.000148686483726124,0.990271070758134,0.99691718532698,0.140712871760826
"gene_898",1.65353564452482,0.198478393330433,0.367552580241543,0.0523223244863234
"gene_899",1.02214339682348,0.312011128401809,0.493168274607707,0.0498112171221266
"gene_900",0.406621740362823,0.523689175984533,0.695148406762581,0.330065519719668
"gene_901",0.0823460915692635,0.774142881405273,0.876848550895442,0.626731628272138
"gene_902",7.54655708329005,0.00601248435668462,0.0270021752545717,0.052369169073667
"gene_903",2.65472776835691,0.103242430653694,0.239727006161828,0.0551630150706669
"gene_904",0.000111938915893006,0.991558443969999,0.997383077128568,0.958228808318526
"gene_905",0.324219146281962,0.569083056818699,0.725254532904034,0.0671825448049877
"gene_906",2.17500284882817,0.140269256290002,0.293450326966531,0.076595008269654
"gene_907",0.000314901765079867,0.985841905195917,0.9957999042383,0.527037181432254
"gene_908",0.00124632285144344,0.971837893528027,0.986303680847119,0.0541324099820611
"gene_909",1.08437901987907,0.297720000715271,0.481228449432011,0.0458451649365176
"gene_910",1.00954218652953,0.315012541925991,0.49570924806481,0.787615146210756
"gene_911",7.0628865222892,0.00786970965436663,0.0337273270901427,0.0627586993189326
"gene_912",7.57060648743845,0.00593278175569686,0.026804736848028,0.0591560929507514
"gene_913",15.4523232973463,8.46128655263597e-05,0.000717058182426777,0.0827094686019054
"gene_914",0.872467119396447,0.350273210019021,0.530181448061081,0.451458614052165
"gene_915",2.64706824277516,0.103741063425769,0.239893079462539,1.02289910950458
"gene_916",4.41016282445082,0.0357254310078961,0.110491023735761,0.077002383436944
"gene_917",2.12311416158883,0.145091264363776,0.299775339594578,0.913168850507395
"gene_918",0.965774019917149,0.325736392348969,0.505278788545453,0.117714427428147
"gene_919",1.84748849892259,0.174075779561503,0.343570617555598,0.331859665749032
"gene_920",2.3358829253084e-05,0.996143761317659,0.99814004140046,0.0646899749531638
"gene_921",0.337446528505154,0.56130685538631,0.719624173572193,0.183091640912676
"gene_922",0.340383306635658,0.559608053596881,0.718674726365858,0.158574731791086
"gene_923",10.9885208257583,0.000916779511582759,0.00582698842107686,0.122523690164572
"gene_924",69.6191972651368,7.19333671584867e-17,1.41973750970697e-15,0.0585070614994784
"gene_925",0.299430253253092,0.584239821418954,0.738298005162958,1.19902722109613
"gene_926",0.01368275303372,0.906881211309354,0.950609236173327,0.165007859068132
"gene_927",3.85868147167548,0.0494892058130197,0.140861117114857,0.121596953433708
"gene_928",2.87504265029588,0.0899625915723912,0.216603350495324,0.106374997930078
"gene_929",0.578783203425417,0.44678966194262,0.626412915979472,0.888139632060504
"gene_930",2.61276542260441,0.106006758086576,0.243880578420037,0.0476942036231991
"gene_931",0.164891771456553,0.684692138983768,0.822947282432413,0.864206828519068
"gene_932",20.1144094955079,7.29450303927318e-06,7.70546095697871e-05,0.0456222771127
"gene_933",7.85066698841706,0.00508019613680232,0.02351942655927,0.0748405794921478
"gene_934",6.5046284678881,0.0107594043555664,0.044583167219198,0.0647823673340839
"gene_935",0.0246615421280012,0.875213372605609,0.936390912202862,0.116043403555492
"gene_936",2.79389490555718,0.0946239826511631,0.225653376751581,0.05209840762276
"gene_937",3.07801471682956,0.0793573380795453,0.20039731838269,0.0676688817315141
"gene_938",4.30153960410712,0.038077886812942,0.116327556455016,0.0591715727694478
"gene_939",18.026824004556,2.17814129309875e-05,0.00021354326402929,0.0652506230263843
"gene_940",0.51196206077509,0.47429072633322,0.652693660091587,0.864113874192097
"gene_941",0.654547050836868,0.418491666007848,0.598415156350593,0.0605520152366384
"gene_942",2.85894609391869,0.0908670156601827,0.218430326106208,0.0652104478092798
"gene_943",3.59009848756443,0.05812479827927,0.160270583490634,0.0561193204432476
"gene_944",1.74160787444652,0.186935227322723,0.356293317641785,0.715046723856057
"gene_945",11.3253673224525,0.00076455401945263,0.00505211907127288,0.058196051548513
"gene_946",0.00788234967194512,0.929254688013843,0.964624243612986,0.0554045400625129
"gene_947",22.5866332146271,2.0087735116239e-06,2.37256713971327e-05,0.0869174493563611
"gene_948",3.37597238109663,0.0661535315328741,0.174394195605116,0.963180713940032
"gene_949",0.33629370062215,0.561976420905321,0.719867319690847,0.0726123168701624
"gene_950",5.92093279281028,0.0149620352887922,0.0569620632822037,0.0483473596661717
"gene_951",0.460108806882886,0.497573126531429,0.673002425425738,0.0601329166576785
"gene_952",3.28828951687694,0.0697756760734491,0.181392572114686,0.0772835647125649
"gene_953",2.41422265831949,0.120237642217217,0.265620711820068,0.13630741433473
"gene_954",9.93367909242806,0.00162281847525043,0.00911695772612603,0.791038389600579
"gene_955",0.655067281481195,0.418306798865125,0.598415156350593,0.644861233314965
"gene_956",51.0163664471912,9.1599029402985e-13,1.59765748958695e-11,0.276512313905223
"gene_957",10.5730420788285,0.00114748737929848,0.0068574942985965,0.063913902928412
"gene_958",0.695624813017048,0.404257737306282,0.588139375225456,0.219222417327505
"gene_959",0.091521609873439,0.762251583402965,0.867509389305347,0.26014989120663
"gene_960",9.27501049695059,0.00232301356607756,0.0122151445576348,0.0417494148200288
"gene_961",0.139671994085347,0.708607312483393,0.838919470185549,0.0698082081535609
"gene_962",2.75219577658834,0.0971209681919037,0.229058887245056,0.136107987355061
"gene_963",0.610196732430268,0.434713746525331,0.615160962064148,0.0847586149309652
"gene_964",0.405599510249544,0.524211513083021,0.695148406762581,0.504867165087256
"gene_965",3.46729946776304,0.0625934214514055,0.167960880459943,0.0511730514014515
"gene_966",0.000819586772422554,0.977160940741489,0.990576567544467,0.0777077705154137
"gene_967",0.343558852520573,0.557782152813892,0.718075743534657,0.124517892699498
"gene_968",0.16057650424591,0.688626297184448,0.82437306127428,0.0819988037340619
"gene_969",6.42261174503869,0.0112676332185279,0.0461016326079611,0.0566955802439614
"gene_970",0.213728124776651,0.64386089937055,0.793583688624343,0.374492541345823
"gene_971",4.21026799199376,0.0401799886738108,0.12175754143579,0.0993529790337857
"gene_972",62.1467883460128,3.1878650922322e-15,5.90345387450408e-14,0.0639761996542828
"gene_973",11.9809300256372,0.000537477525700425,0.0037498432025611,0.0676849754077645
"gene_974",67.6965339793068,1.9069847301087e-16,3.66727832713211e-15,0.109082865145019
"gene_975",1.81672862659235,0.17770317123203,0.345726014070098,0.400478680068352
"gene_976",68.0284422331245,1.611541236123e-16,3.13936604439545e-15,0.320996547551143
"gene_977",1.67064556034529,0.196172089292544,0.365918862357308,0.397603603086528
"gene_978",5.15163135796229,0.0232245439781601,0.0799009540533031,0.0564043606834626
"gene_979",8.66615947446996,0.00324173671424249,0.0158908662462867,0.0589761239004932
"gene_980",2.42843044254425,0.119152148056809,0.264390861072802,0.0873116158380724
"gene_981",1.46786464495938,0.225682907038869,0.400173455840585,0.0672141771195327
"gene_982",1.56448865170614,0.21100920375746,0.380883039273394,0.175396716739579
"gene_983",1.8261447148202,0.176583592077757,0.345455193193803,0.187616623078182
"gene_984",1.85471633354103,0.173235851743759,0.342638867966909,0.354556200293449
"gene_985",1.68109012765717,0.194779663157739,0.364587297726444,0.0520342269582623
"gene_986",1.50753118159162,0.219516192980504,0.393398195305563,0.109697384559812
"gene_987",2.76843454730954,0.0961401430591196,0.228180719285885,0.724898374948626
"gene_988",0.558800882400135,0.454743789096271,0.635117023877473,0.98434975803046
"gene_989",13.6438793130884,0.000220960434045448,0.00169102372993966,0.0585909089360853
"gene_990",0.108230473622029,0.74216778010214,0.858349371230202,0.0573765980699949
"gene_991",0.39473849372132,0.529819105278767,0.698969795882279,0.314009220299437
"gene_992",5.19162430330266,0.0226959941276961,0.0784423760173829,0.0986982991196258
"gene_993",0.451610161980625,0.501571304301175,0.676579996809139,0.0852836907425092
"gene_994",1.10736468856794,0.292655524967631,0.477674959141944,0.0445032568720595
"gene_995",0.298497355108907,0.584825981159933,0.738416642878703,0.0845006290073619
"gene_996",0.230143679220248,0.631417312984161,0.781222243007051,0.71184947803176
"gene_997",1.99457849224132,0.15786297993551,0.32042553437519,0.118228961450865
"gene_998",1.13687619450633,0.286313372285219,0.470480338373208,0.463244926192199
"gene_999",478.35605666405,4.86926412629244e-106,9.12987023679833e-104,0.0545155252915938
"gene_1000",8.78896549470915,0.00303058059508306,0.0151025611050651,0.0651948710584862
"gene_1001",16.6317818141054,4.53841240531209e-05,0.000412582945937463,0.0838079448875219
"gene_1002",0.373875780928302,0.540899178004756,0.706749797044542,0.17168047892696
"gene_1003",0.307701055996176,0.579094347381426,0.734182956841768,0.062451508515319
"gene_1004",94.1926525567521,2.86261295173667e-22,6.70924910563282e-21,0.063538102509239
"gene_1005",0.195031793480894,0.658761284292462,0.8040210955563,0.0588818010901096
"gene_1006",1.79059713197898,0.180853425278311,0.348928660467633,0.0878960339957223
"gene_1007",3.72756747722974,0.0535212849161103,0.14922291333488,0.0628443469803131
"gene_1008",5.87618862630381,0.0153470082136401,0.0576955196001507,0.0603826246368328
"gene_1009",0.403964573459632,0.52504885610156,0.695148406762581,0.296385393965761
"gene_1010",1.11973071171576,0.289976446057806,0.474852258828286,0.0602297365565503
"gene_1011",15.115495620572,0.000101129771293733,0.000833487126047252,0.0454736917422176
"gene_1012",0.121464829246634,0.727451162666598,0.850928408231172,0.112285552082755
"gene_1013",0.289684735662604,0.590422629908424,0.743605327340584,0.0471473283708456
"gene_1014",184.947776244298,4.0290151300873e-42,1.77750667503851e-40,0.119449392202179
"gene_1015",94.3784386802541,2.60615616922124e-22,6.20513373624105e-21,0.0739791320890242
"gene_1016",0.520799274962087,0.470500933075153,0.648282311419397,0.358288685327563
"gene_1017",0.461737961026643,0.496812853010648,0.673002425425738,0.0731429237340712
"gene_1018",8.58561694873106,0.00338828572993609,0.0164683406035456,0.110772890587237
"gene_1019",4.70801768215176,0.0300222511318301,0.0963454831560092,0.575466205103874
"gene_1020",3.39805925867552,0.0652731747309282,0.173598868965234,0.0958572860278595
"gene_1021",4.00736688821121,0.0453018482664815,0.131947130873247,0.0477082620436789
"gene_1022",3.8199259963223,0.0506464750338525,0.143069138513708,0.985737013338928
"gene_1023",0.0391668311705189,0.843118518115901,0.922669206626665,0.0636598665952447
"gene_1024",0.181522747120994,0.670067868541706,0.810723321119322,0.15103183899987
"gene_1025",1.76850491192886,0.183567216233462,0.350765381337825,0.147462112012372
"gene_1026",28.7723147171174,8.14065230272539e-08,1.15197909944227e-06,0.0584260463879658
"gene_1027",7.61582661180216,0.00578582313393779,0.0262991960633536,0.0645661544667345
"gene_1028",6.28196016448533,0.0121973113516736,0.0489196979345199,0.200503941805192
"gene_1029",0.370323436952276,0.542828020069292,0.708036547916468,0.0547347056099427
"gene_1030",0.731247289211524,0.392479192061164,0.576045780911689,0.0760063323715421
"gene_1031",3.96902482013763,0.0463446046927321,0.134462102590132,0.0535930650444796
"gene_1032",0.422521302057248,0.515681637223517,0.687791420261555,0.0580271561410995
"gene_1033",2.67709946482552,0.101800995598305,0.237114120182387,0.190875537000626
"gene_1034",0.0008047267957636,0.977368879977207,0.990576567544467,1.07955382234307
"gene_1035",5.97819928060585,0.0144837828425669,0.0555643843065226,0.0418471930462436
"gene_1036",1.71176924891188,0.190755980325745,0.35991694401084,0.0499099578076756
"gene_1037",1.66911991445141,0.196376456131755,0.365918862357308,0.636903835792767
"gene_1038",5.83507997770073,0.0157096955443499,0.0587644471733788,0.060732736793681
"gene_1039",0.770260934144972,0.380136342366381,0.564062166185297,0.0729211127384066
"gene_1040",3.89399742381437,0.0484589540916336,0.138983615941588,0.299761104182425
"gene_1041",1.67811033861767,0.19517573338289,0.364587297726444,0.195109442861459
"gene_1042",1.41673651635449,0.233941304182199,0.408988294024824,0.0782727474462905
"gene_1043",8.30548985959467e-05,0.992728622768635,0.997383077128568,0.182739829570362
"gene_1044",1.57685751421661,0.2092139244885,0.380388953615455,0.0499264568702453
"gene_1045",15.5486482240156,8.04091211790034e-05,0.000685305010048325,0.0741697102928529
"gene_1046",0.716994776447677,0.39713144966062,0.58060153459155,0.0845888892004092
"gene_1047",0.290236149105226,0.590069240126289,0.743605327340584,0.0568734751840495
"gene_1048",0.0459170898418506,0.830326582059709,0.916271142258778,1.04087482946464
"gene_1049",18.7547346458541,1.48653832093072e-05,0.000150662667661897,0.0590144327128652
"gene_1050",0.308849069177427,0.578387302639906,0.733994038883129,0.431921664326953
"gene_1051",7.53489769767299,0.00605151734257772,0.0270963463100495,0.276424438441284
"gene_1052",1.266830759149,0.260362070347846,0.44049493130984,0.0436527728022295
"gene_1053",0.0569841061875422,0.81132779479768,0.902143582058206,0.0631743049059855
"gene_1054",0.638171577715468,0.424373671875302,0.603432754022172,1.10417684839091
"gene_1055",0.337475239679407,0.561290199390573,0.719624173572193,0.082787716593846
"gene_1056",2.02628265841741,0.154598343263825,0.315078145238773,0.380014104645983
"gene_1057",7.29348431476558,0.00692051283788711,0.0304421385830811,0.198124732973822
"gene_1058",0.794981506749309,0.372598064954355,0.556670415768458,0.0926960409214022
"gene_1059",15.0736344184716,0.00010339742845077,0.000847519905334178,0.0554068131028646
"gene_1060",10.3004865169424,0.0013299514075037,0.00770242127897898,0.0652476291490152
"gene_1061",5.60499005327824,0.0179093966502906,0.0658433700378331,0.0512070742088837
"gene_1062",14.8971442602304,0.000113534725794155,0.000925554829843652,0.0588989778190674
"gene_1063",1.78933916060873,0.181006700357558,0.348928660467633,0.0661099243807561
"gene_1064",5.27348248538044,0.0216526537491895,0.0757085795426205,0.221643771610377
"gene_1065",474.522889321821,3.32326399822984e-105,5.53877333038306e-103,0.0585744245043158
"gene_1066",121.410386929585,3.10724390421925e-28,9.51197113536505e-27,0.0512573447555892
"gene_1067",5.29849780321592,0.0213438241292709,0.0749783049037619,0.0691186093985591
"gene_1068",7.73204810598622,0.00542491787251239,0.0248090756364896,0.063918393684876
"gene_1069",5.85528476904074e-05,0.993894660284524,0.997863944343141,0.0710959732267275
"gene_1070",3.4752446119067,0.0622935114860713,0.167455676037826,0.551754498821005
"gene_1071",1.18844870312955,0.275642694703589,0.456866344812579,0.0608512519149899
"gene_1072",1.45506660005333,0.227716710403823,0.401853018359688,0.0676404328549913
"gene_1073",4.0986467665474,0.0429175511286073,0.127984744916324,0.0491594678380855
"gene_1074",1.26009747736487,0.261632640261256,0.441503481493351,0.370914840398715
"gene_1075",3.79270270110891,0.0514764664140308,0.14459681576975,0.0803797440265529
"gene_1076",0.599636538173627,0.438716736840962,0.617910896959102,0.0558072424377433
"gene_1077",1.06073255284628,0.303048166108757,0.485982004321694,0.0900001065456934
"gene_1078",0.135127393499715,0.713173915315785,0.842244917650904,0.0539150112934751
"gene_1079",26.7665975177008,2.29571414369434e-07,3.0746171567335e-06,0.0983241128148019
"gene_1080",1.82176470693867,0.177103362377356,0.345455193193803,0.0489388170922454
"gene_1081",2.13622022896789,0.143855950666944,0.298869703601683,0.112476041706003
"gene_1082",2.13039194481979,0.144403827661387,0.299376950295567,1.05773545917176
"gene_1083",0.0744107021962463,0.785019834993881,0.882705961387422,0.0856475107333231
"gene_1084",0.283142227979454,0.594649046564936,0.747046540910724,1.26709204005958
"gene_1085",18.1898131283629,1.99945437547526e-05,0.000198621295577013,0.0660063550118773
"gene_1086",22.1328755795261,2.54415261018697e-06,2.93556070406188e-05,0.0858585089323554
"gene_1087",1.81751924107255,0.177608852247675,0.345726014070098,0.0553836566536736
"gene_1088",4.59018280025703e-05,0.99459430261812,0.997863944343141,0.121848330659726
"gene_1089",0.093538932631418,0.759725441688235,0.865959770800555,0.214526243614029
"gene_1090",3.03691348722765,0.0813905347836583,0.20415685982523,0.902513025362888
"gene_1091",0.0436598110084105,0.834487815704756,0.917691879440714,0.0418969299788669
"gene_1092",38.590294561854,5.22782395894438e-10,8.52362602001801e-09,0.252196081452033
"gene_1093",7.28394362542952,0.00695736311736319,0.0305147505147509,0.0387457189448593
"gene_1094",1.71292630991735,0.190606136532211,0.35991694401084,1.03022391091527
"gene_1095",1.4649087051032,0.226150706518419,0.400173455840585,0.30968589474747
"gene_1096",125.744515980284,3.49730215732319e-29,1.1657673857744e-27,0.0452937584182265
"gene_1097",11.0129641848869,0.000904768424030661,0.00577511760019571,0.0878793002218041
"gene_1098",0.112307728065844,0.73753196261158,0.855605525071439,0.0470429237385279
"gene_1099",2.54295373504453,0.110787360063489,0.252171532769702,0.0531484897122117
"gene_1100",0.603427013647206,0.437273444442564,0.616456923556246,0.562042473080872
"gene_1101",4.54825115789833,0.0329523872356979,0.104041898669368,0.0478515916340752
"gene_1102",3.79339235935549,0.0514552632801881,0.14459681576975,0.150244551352012
"gene_1103",0.259290494863762,0.610608013765551,0.761990033817243,0.057081728918945
"gene_1104",7.06854631138083,0.00784488795098616,0.0337172834569606,0.292854816871734
"gene_1105",26.380916203615,2.80296220830466e-07,3.62452009694568e-06,0.0500506073816354
"gene_1106",3.14728282091312,0.0760535088588106,0.194344571189465,0.0486251666892831
"gene_1107",0.392389018173844,0.531046298079175,0.699368431068355,0.142263045163266
"gene_1108",4.18848752497985,0.0406993923521029,0.122835188185421,1.09071683074977
"gene_1109",612.694838997263,2.90147050026921e-135,1.4507352501346e-132,0.0446768944175558
"gene_1110",3.21691327243877,0.0728809411069332,0.188810728256304,0.0591542293338847
"gene_1111",0.0501800836852908,0.82275021056883,0.911466259862072,0.758284236933864
"gene_1112",4.71947845489717,0.0298227872245885,0.0962025394341564,0.0804894970708384
"gene_1113",0.226251502497121,0.634317321208422,0.783752868049945,0.114583841489558
"gene_1114",5.91350734973423,0.0150252278445927,0.0570578272579468,0.0894390214757438
"gene_1115",2.2834178869042,0.130763423407325,0.282223215987031,0.0491291407666317
"gene_1116",2.93476776963178,0.0866911291029299,0.212098751366662,0.299351687618629
"gene_1117",0.0504436179611503,0.822293135710922,0.911466259862072,0.0506027859166385
"gene_1118",11.1355017938752,0.000846910165793748,0.00547571227883889,0.0426666986198797
"gene_1119",13.5350092440074,0.000234154230076129,0.00173020367051327,0.046293976482864
"gene_1120",0.0694793508220073,0.792096357976771,0.885353604295944,0.0529887650831445
"gene_1121",1.20804121789263,0.271720400921293,0.452892017206374,0.0547637396662233
"gene_1122",4.0885036200242,0.04317585064686,0.128499555496607,0.145311659123072
"gene_1123",4.42662032195199,0.0353825036042801,0.109883551566087,0.197928479747369
"gene_1124",4.11109713308076,0.0426027168979765,0.127509212532809,0.0547536631247791
"gene_1125",0.0198348174970988,0.887999394341777,0.943342132799338,0.0638351110155618
"gene_1126",0.0210424839964389,0.88466328076123,0.941576801806198,0.391453626075084
"gene_1127",384.94577648761,1.0428120477208e-85,9.77636294738248e-84,0.0648818516239728
"gene_1128",6.34789557994696,0.0117520624804104,0.0476434965422042,0.210845915060949
"gene_1129",13.1727416085399,0.000284050852315885,0.0020583395095354,0.438110556276043
"gene_1130",1.46439959978079,0.226231393701877,0.400173455840585,0.0975554757544475
"gene_1131",10.9463887581001,0.000937862251880662,0.00593583703721938,0.0586299132909314
"gene_1132",0.0375273947983032,0.846395218878861,0.922669206626665,0.165465269823499
"gene_1133",1.91926501778426,0.165937706971287,0.331875413942575,0.0991934060619099
"gene_1134",0.000155026919344436,0.990065811444611,0.99691718532698,0.385195443833778
"gene_1135",0.15309537578014,0.695594684154559,0.829584805660983,0.0867904925750383
"gene_1136",0.67262915148666,0.412136464244717,0.59442759266065,1.09900583000143
"gene_1137",3.36609876273496,0.0665511755755203,0.175134672567159,0.0439140121900487
"gene_1138",0.474702644753847,0.490831650052638,0.667495444314557,0.1515686470134
"gene_1139",7.46281983332256,0.00629862654682763,0.0279548934615902,0.0440082699404513
"gene_1140",5.30434908892653,0.0212722467359,0.0749783049037619,0.0602040024409996
"gene_1141",0.767901624282047,0.380866985436637,0.564062166185297,0.985228384952207
"gene_1142",8.96648308738213,0.00274977394220229,0.0137948525528543,0.0582878025622284
"gene_1143",1.25329458267993,0.262924161512476,0.442633268539523,0.33112696427824
"gene_1144",22.7669047178032,1.82888245499471e-06,2.19465894599365e-05,0.0755469113519157
"gene_1145",1.79276393385743,0.180589767515824,0.348928660467633,0.257553368455586
"gene_1146",0.982948645274348,0.321471915776159,0.502822038187092,0.254632751166947
"gene_1147",0.0793690716918718,0.778154252651803,0.878277937530252,0.0728359744570752
"gene_1148",105.839324199381,7.99629205739564e-25,2.03295560781245e-23,0.229316338572354
"gene_1149",0.134094736661041,0.714223690167967,0.842244917650904,0.0597653090406299
"gene_1150",3.20152563578313,0.0735696111334113,0.189938755077654,0.164874940463304
"gene_1151",5.42181403496431,0.0198866878379563,0.0713637123371637,0.0590611442503337
"gene_1152",0.856547159252386,0.35470675186029,0.535468481286213,0.0351392910118726
"gene_1153",2.62282539558811,0.105336730032566,0.242711359522041,1.50995157298663
"gene_1154",3.27119378219498,0.0705062996198093,0.182974826002965,0.265493299793726
"gene_1155",26.2632852659149,2.97898439969717e-07,3.81921076884253e-06,0.0622815186929472
"gene_1156",15.3390049092037,8.98422627199263e-05,0.000757097719549941,0.0431811324719334
"gene_1157",15.24502521482,9.44251433955948e-05,0.000791272151359733,0.0523843648680356
"gene_1158",4.0434390230331,0.0443433706256106,0.129942375195711,0.239664921958961
"gene_1159",0.0110759816512882,0.916183395952648,0.95701608212324,0.06377022963005
"gene_1160",0.000555504376166027,0.981196287754903,0.992443986265916,0.0967102387342339
"gene_1161",4.92785543504078,0.0264270946314175,0.0882865076773414,0.0570505190680447
"gene_1162",13.007535895698,0.000310239916278474,0.0022266022699412,0.124375737178819
"gene_1163",4.99236012461097,0.0254594613716235,0.0856259911601686,0.219475667061288
"gene_1164",0.0278029376368067,0.867572955267762,0.932833736915303,0.0753866027906568
"gene_1165",83.6897068082943,5.78858415577028e-20,1.25838785995006e-18,0.0766185377642728
"gene_1166",1.6631178968878,0.197182876972305,0.366566970822837,0.0505287422631139
"gene_1167",21.6923205567698,3.20070036745591e-06,3.5828735456596e-05,0.0546326613469926
"gene_1168",0.04374213804806,0.834334100259422,0.917691879440714,0.0824060853002169
"gene_1169",10.7288904581904,0.00105475672500314,0.00649520129719069,0.0623488513822236
"gene_1170",0.655123106706981,0.418286968247817,0.598415156350593,0.305266277905052
"gene_1171",7.26977228931361,0.00701246932156463,0.0306667754587375,0.191435309923222
"gene_1172",2.44792575105453,0.117680283606128,0.263067668576432,0.21902206144621
"gene_1173",8.76063745299177,0.00307801447378204,0.0152252854559809,0.0532013750406463
"gene_1174",0.107770732730046,0.742696539794233,0.858349371230202,1.05578371275669
"gene_1175",2.91280334401063,0.0878790010686756,0.214087619568823,0.0787476844847274
"gene_1176",1.34924740165866,0.24540973015029,0.421666203007371,0.0709400126474872
"gene_1177",0.606248371249762,0.436203871539223,0.616107163190993,0.0774642062539826
"gene_1178",1.15311500368102,0.282898018426398,0.466828413244882,0.108346857881624
"gene_1179",4.01877321079087,0.0449964326442937,0.131312546627316,0.0721156589477015
"gene_1180",0.00276671487569047,0.958050958743812,0.978934903348582,0.178682578085151
"gene_1181",2.44091070769912,0.118207579647209,0.263067668576432,0.054779339885639
"gene_1182",1.43376225320446,0.231151416829578,0.406003659536729,1.0707807651865
"gene_1183",1.64294810084459,0.199921456414264,0.368728962549799,0.0560868596719525
"gene_1184",1.31439974760963,0.251599599531741,0.430498475079561,0.0482167992391769
"gene_1185",16.3948709838407,5.14241923991657e-05,0.00045902508354495,0.0572239600264849
"gene_1186",3.01674793303681,0.0824085678440975,0.205336963066688,0.389088793528679
"gene_1187",5.02611837365953,0.0249677962064041,0.0843506628594735,0.0613488564543895
"gene_1188",0.0300716395511245,0.862327779632948,0.928565448276685,0.119807060316713
"gene_1189",3.39870942157148,0.065247450273681,0.173598868965234,0.181266342308056
"gene_1190",2.99143073041012,0.083706181615176,0.208111297369641,0.0597157430569933
"gene_1191",1.08482910392138,0.29761975881446,0.481228449432011,0.0743496246805394
"gene_1192",0.0481908423601567,0.826241787515828,0.913984278225473,0.56630427107057
"gene_1193",4.97115043863357,0.0257734990752965,0.0862951977967516,0.562940058119178
"gene_1194",0.073583335764738,0.78618915770576,0.883358604163776,0.0582675033787539
"gene_1195",1.68492394163775,0.194271459228148,0.364587297726444,0.899568802548042
"gene_1196",585.299169092469,2.63883688958131e-129,9.89563833592992e-127,0.0485991850663871
"gene_1197",0.00133898651040454,0.97081019108818,0.985927749920291,0.0856365131768389
"gene_1198",64.3123537833881,1.06177895934354e-15,2.01603599875356e-14,0.111491450416473
"gene_1199",27.0703478042569,1.96184250531031e-07,2.67523977996861e-06,0.0656045739163453
"gene_1200",0.0350518561135686,0.851487039399534,0.924652921777472,0.0587627711805984
"gene_1201",5.08928621959774,0.0240740983653429,0.0816994288416615,0.0544442984819461
"gene_1202",114.726776256378,9.03230133585156e-27,2.65655921642693e-25,0.0756710129965661
"gene_1203",6.17857612432658,0.0129306292223701,0.051176632806214,0.0660521023513427
"gene_1204",1.98400135829502,0.158969505898217,0.321800619227159,0.0863495811492163
"gene_1205",1.18975969184112,0.275378034645451,0.456866344812579,0.0802097969679767
"gene_1206",0.134426462542137,0.713885966962325,0.842244917650904,1.00842711458586
"gene_1207",30.9815968338388,2.60486654647312e-08,3.94676749465624e-07,0.0456969266793127
"gene_1208",0.229697272599765,0.631748387178369,0.781222243007051,0.193795374842053
"gene_1209",1.47408380427464,0.22470246510543,0.400173455840585,0.0894428910837408
"gene_1210",4.78633517712217,0.0286864000850387,0.0936593945533593,0.0616597371035085
"gene_1211",14.7174140270971,0.000124887490074195,0.000996442739953682,0.0709039493944583
"gene_1212",0.00172429647307126,0.966877642751966,0.983932472271335,0.166915282441571
"gene_1213",0.0808879766692598,0.776097639735783,0.877276910025376,0.0715014215067185
"gene_1214",0.00891037863254951,0.924795544823899,0.962784431810321,0.288280524817297
"gene_1215",5.27572445258863,0.0216247874781227,0.0757085795426205,0.283955766339554
"gene_1216",3.29740132242068,0.0693895783447746,0.181331650726763,0.0667923349470664
"gene_1217",1.4350946672696,0.230934782302153,0.406003659536729,0.0791259142487832
"gene_1218",0.879333338755032,0.348384337552976,0.528388782941824,0.169561280233521
"gene_1219",415.192403998581,2.71575499119834e-92,2.71575499119834e-90,0.0564280765309102
"gene_1220",1.48365102983507,0.223204157370764,0.399053916634263,0.111241067685213
"gene_1221",0.032881090978492,0.856107429848037,0.924896804929492,0.632129917176506
"gene_1222",0.0996343615439628,0.752268856416721,0.862693642679726,0.0557737058527071
"gene_1223",440.188524797498,9.84954063137661e-98,1.13648545746653e-95,0.0500646894928525
"gene_1224",3.10654614604005,0.0779781572471588,0.198586138999556,0.108511610887999
"gene_1225",4.31655508095923,0.037743258658293,0.115776867049978,0.0420111977278823
"gene_1226",0.853693120635512,0.355509666984225,0.535944221584259,0.119671100560573
"gene_1227",4.06447699296837,0.0437942448467904,0.129059660648695,0.0457226617246284
"gene_1228",10.9060057752911,0.000958529814590883,0.00604115429364002,0.052020472311692
"gene_1229",10.6992106339108,0.0010718125551873,0.00653544240967865,0.0882179147122299
"gene_1230",1.94832076951604,0.162767918775974,0.327317941369445,0.0792128561451397
"gene_1231",107.027872301126,4.38952325162548e-25,1.15513769779618e-23,0.0585366979036828
"gene_1232",7.44312494245207,0.00636792265078941,0.0281094568129143,0.119782563828844
"gene_1233",4.86496639955192,0.027407332303379,0.0907527559714535,0.156943878296919
"gene_1234",14.402164109091,0.000147632549913936,0.0011655201308995,0.0671205808859039
"gene_1235",0.900108261374498,0.342752683956488,0.523552979566936,0.305365635424959
"gene_1236",0.977249861708174,0.322878715442571,0.503449140502969,0.0506741684580905
"gene_1237",1.47112433716984,0.225168382389609,0.400173455840585,0.354371654071242
"gene_1238",19.058436503506,1.26776071028736e-05,0.000130249388043222,0.0485770753018662
"gene_1239",1.17167780509089,0.279056764781051,0.460996858118477,0.0528639255903295
"gene_1240",0.728286943402679,0.393439020961163,0.576434444599648,0.214770145995718
"gene_1241",2.64626144435249,0.103793739047459,0.239893079462539,0.03760768686339
"gene_1242",0.735161273897063,0.391215317274846,0.574753159561477,0.212261103100194
"gene_1243",0.438236467373258,0.507974867867105,0.683374261704625,1.23971895453181
"gene_1244",2.37676553989661,0.123152295551795,0.270862820128582,0.0594348267729231
"gene_1245",2.93477930057611,0.0866905100758211,0.212098751366662,0.0904475379477334
"gene_1246",1.87122833171645,0.171334463444867,0.339949332231878,0.043067819253371
"gene_1247",11.0835042642617,0.000870990486157305,0.00560723488942471,0.0740264831127828
"gene_1248",4.17961509367615,0.0409129915413766,0.123231902233062,0.065917900708738
"gene_1249",1.20190218744352,0.272941823529195,0.45386187342798,0.760247128586182
"gene_1250",15.6143890098483,7.76613624855834e-05,0.000665668821305001,0.0691793091317615
"gene_1251",0.0346315948976326,0.852369744808417,0.924652921777472,0.59532640376375
"gene_1252",0.772200839452921,0.379537064996646,0.564062166185297,0.101687513260009
"gene_1253",3.38301353673916,0.0658715107711227,0.174263256008261,1.10788975524338
"gene_1254",2.41445504779642,0.120219799524655,0.265620711820068,0.0946671952506841
"gene_1255",17.4529545408167,2.94506205172934e-05,0.000279594498581899,0.0582936629991658
"gene_1256",0.179344279608131,0.671937362857176,0.81215942153032,0.153470386798201
"gene_1257",1.59646008288871,0.20640559087392,0.376652538091094,0.0723935708726765
"gene_1258",77.4081190306853,1.39042472888976e-18,2.85703711415705e-17,0.100130556080711
"gene_1259",0.789480975863341,0.374257113138584,0.55803744503765,0.253307156425717
"gene_1260",28.3495046259708,1.0127271614161e-07,1.4197109739478e-06,0.0535468596226048
"gene_1261",0.209455657486387,0.647194388963721,0.796383579528779,0.471206359199561
"gene_1262",0.0444116075206011,0.833089678745597,0.917499646195591,0.0722062674680026
"gene_1263",94.5120985243055,2.43598970708185e-22,5.89352348487544e-21,0.0753428716839639
"gene_1264",0.272243040983881,0.601831074966681,0.754758527521221,0.0747767190665697
"gene_1265",3.29072986283808,0.0696720454817629,0.181392572114686,0.135454146085139
"gene_1266",0.00796839745987654,0.928870609033189,0.964624243612986,0.13448564937639
"gene_1267",8.45226780981727,0.00364588537419266,0.0174722941255239,0.0690662834919938
"gene_1268",2.46588810373783,0.116341927312984,0.261246842768677,0.0443254058905967
"gene_1269",180.838836719206,3.17885363415095e-41,1.36236584320755e-39,0.134982698854029
"gene_1270",1.46229979655072,0.226564553300166,0.400290730212307,0.159723644894648
"gene_1271",0.00529376258350567,0.941998496499118,0.973381088204255,0.0824804027328723
"gene_1272",0.53637612803243,0.463938468999528,0.644358984721566,0.103482675775669
"gene_1273",0.530920856543958,0.466219969407979,0.646330826351172,0.061510814657895
"gene_1274",8.94551627708233,0.00278151469942021,0.0139075734971011,0.0549023364675927
"gene_1275",3.58421079096024,0.0583311176415626,0.160544360481365,0.0847395461814351
"gene_1276",0.235484996794071,0.627486277219862,0.777875550272557,0.0976049513383173
"gene_1277",0.102282688326,0.749107326654408,0.861560127737737,0.107018391377265
"gene_1278",4.74481039571049,0.0293867917834901,0.0954116616347082,0.0530831547173831
"gene_1279",315.673786205091,1.26842281719658e-70,9.06016297997558e-69,0.060631371955052
"gene_1280",0.963674018921893,0.326262944009995,0.505572743817141,0.147839167098463
"gene_1281",2.83636326775303,0.0921525660943243,0.220960588880159,0.433476945532038
"gene_1282",9.1342280995832e-05,0.992374481549051,0.997383077128568,0.158823387375907
"gene_1283",0.890810189238323,0.345257848736139,0.525070207518341,0.109284723956502
"gene_1284",1.66165297999748,0.197380289545662,0.366566970822837,0.882431670340724
"gene_1285",17.770383035675,2.49232887080851e-05,0.000242759305598231,0.070729638013668
"gene_1286",3.17860789937345,0.074608268411316,0.192289351575557,0.06247177595163
"gene_1287",37.320041030944,1.0024910180988e-09,1.59971970973213e-08,0.835693212677791
"gene_1288",0.058253431589776,0.809278067239037,0.900531973930679,0.33146136475041
"gene_1289",2.9120757849289,0.0879186491029302,0.214087619568823,0.896795939818382
"gene_1290",173.638298533301,1.18733626816686e-39,4.81352541148728e-38,0.132111333390655
"gene_1291",33.3331453696276,7.7647869923978e-09,1.21324796756216e-07,0.0576533736880495
"gene_1292",0.287250640121329,0.591987795587951,0.744326649942939,0.0759338468053159
"gene_1293",0.95970016461456,0.327262432658694,0.506306787197836,0.13074257099748
"gene_1294",0.112955546207388,0.736804055757751,0.855605525071439,0.388984676843646
"gene_1295",4.73929168346911,0.0294812069183671,0.0954755867720507,0.0858213518099363
"gene_1296",0.193724040469647,0.659835037331306,0.804676874794275,0.159774214625018
"gene_1297",0.18712294538102,0.665322030675594,0.808083438067522,0.0550976663072572
"gene_1298",1.82399423616044,0.176838566586552,0.345455193193803,0.128414785209789
"gene_1299",1.18548327393194,0.276242530375889,0.457355182741538,0.20626653088573
"gene_1300",27.6421990807087,1.45959509126093e-07,2.02721540452907e-06,0.0376789517937584
"gene_1301",2.78181275025077,0.0953402020872636,0.227000481160151,0.0904607896766176
"gene_1302",1.04336243062932,0.307040746935452,0.487882542799977,0.609588306728681
"gene_1303",0.00652501521392423,0.93561884927269,0.967881568213128,1.02756391175387
"gene_1304",6.25765989070715e-06,0.998004068712221,0.998455270195639,0.334396701738317
"gene_1305",0.175440669452826,0.675321095500225,0.814293925442393,0.416905472808152
"gene_1306",9.91837126351368,0.00163637125262055,0.00915879432436877,0.0682566445136394
"gene_1307",0.411161976270705,0.521380320570655,0.692710789066415,0.0661123642654679
"gene_1308",0.0381202621214811,0.845201849424101,0.922669206626665,0.305686141575961
"gene_1309",5.21319067409354,0.0224161606535701,0.0776541362132914,0.153010274424374
"gene_1310",4.54495123765867,0.0330159625110794,0.104041898669368,0.0714940422828072
"gene_1311",2.94946851622115,0.0859058056871851,0.211869032240593,0.0767959898971878
"gene_1312",3.30469115825645,0.0690823301222736,0.180843796131606,0.067560798775755
"gene_1313",19.8929792214079,8.19005449860329e-06,8.53592662697218e-05,0.0589507913426008
"gene_1314",1.09047735816114,0.296365465945644,0.481112769392279,0.0439958029175455
"gene_1315",1.77630553798053,0.182603640268875,0.349369209698102,0.0536481578267333
"gene_1316",4.88552467146388,0.0270828020074486,0.0900758381622459,0.164429537120483
"gene_1317",22.006331134295,2.71752576902857e-06,3.11167072789531e-05,0.165150011457298
"gene_1318",5.65440189045785,0.0174116118131623,0.0646470735637216,0.494919372216814
"gene_1319",4.10830606991226,0.0426730831276468,0.127509212532809,0.0642625560053629
"gene_1320",2.48614970711589,0.114852393076722,0.258676560983608,0.88253715840833
"gene_1321",0.0947523796778569,0.75822025737065,0.865959770800555,0.0449035516440683
"gene_1322",5.30259412591664,0.0212936886574384,0.0749783049037619,0.24807174507263
"gene_1323",0.197987838461927,0.656349930534657,0.803883237192034,0.144229369757749
"gene_1324",0.64713340528931,0.421139430194272,0.601055323778695,0.100890038139582
"gene_1325",201.882694247425,8.10952192705645e-46,3.80133840330771e-44,0.106526453687208
"gene_1326",111.73769468704,4.07853988135072e-26,1.15430374000492e-24,0.0555256669038266
"gene_1327",60.5535963927657,7.1602155930338e-15,1.30979553531106e-13,0.333803943632031
"gene_1328",0.0272752567219072,0.868824169397852,0.932833736915303,0.149768957661157
"gene_1329",0.397027634500887,0.528628316348962,0.69862773085766,0.185314425503312
"gene_1330",4.81237256444808,0.0282561168986817,0.0927443661882332,1.11456376028703
"gene_1331",15.232044308152,9.50763796664417e-05,0.000792303163887014,0.0956493544759278
"gene_1332",1.44979041002819,0.228561585965956,0.402870010515786,0.0561050488986582
"gene_1333",1.05824070895562,0.303616781634787,0.486046075189094,0.0411675822023592
"gene_1334",0.162194109819666,0.687144434875277,0.82437306127428,0.0583987290010958
"gene_1335",15.9729461521536,6.42541754100331e-05,0.000563633117631869,0.128356822529442
"gene_1336",1.08041925846271,0.298603783959125,0.482137433733786,0.0839788750456551
"gene_1337",0.207489460956936,0.648742295355385,0.796980706824797,0.159780597956282
"gene_1338",1.60052251212142,0.205829178869153,0.37605818307397,0.0708173073790253
"gene_1339",15.7976898526039,7.04885207665634e-05,0.000614725471801425,0.315019884773032
"gene_1340",0.250966442577806,0.616395396184534,0.766660940528027,0.216658329261646
"gene_1341",0.461168404714044,0.497078423403219,0.673002425425738,0.255052308698254
"gene_1342",0.425360438436996,0.514274336522943,0.687791420261555,0.0647585031246395
"gene_1343",8.78140176799656,0.00304317252836079,0.0151150953395404,0.204622289355503
"gene_1344",10.5637424305319,0.00115327467115237,0.00686473018543075,0.233559632691133
"gene_1345",0.533060135510027,0.465323148758065,0.645684295223957,0.108563056601174
"gene_1346",6.13330888491373,0.0132658368433339,0.0517382963947254,0.149690716871676
"gene_1347",0.791693352701998,0.373588583520825,0.55759490077735,0.266903719460858
"gene_1348",0.325149426977134,0.568529338002887,0.725164971942457,0.182596770984534
"gene_1349",1.24023309286952,0.265426135874574,0.445844573137583,0.0516086878874738
"gene_1350",0.0832153547582948,0.772986442421216,0.876715890298222,0.0881044302403198
"gene_1351",3.17273607324034,0.0748769125224174,0.192635140029229,0.0576562246868458
"gene_1352",10.577738822983,0.00114457571013588,0.0068574942985965,0.0531577200433337
"gene_1353",10.7105509706179,0.00106526302011464,0.00652201849049779,0.107487614383021
"gene_1354",4.98783902817638,0.0255260673199362,0.0856579440266317,0.058205124362133
"gene_1355",0.0208888384823922,0.885082193697826,0.941576801806198,0.250647758594652
"gene_1356",2.24052777865955,0.134435087277527,0.287664238111683,0.0775414784390577
"gene_1357",1.01466926442868,0.313786820501156,0.494931893534946,0.0543167287663725
"gene_1358",3.77454930857806,0.0520379181216073,0.145900705013852,0.339870080810794
"gene_1359",0.815885155809951,0.366386003056021,0.548654757021752,0.0447336112082117
"gene_1360",0.0161849298719972,0.898766271707564,0.948065687455237,0.0458062396819202
"gene_1361",0.113221069840392,0.736506377125907,0.855605525071439,0.430119136918669
"gene_1362",0.0421440709840226,0.837345391202249,0.918813523630852,0.43780810064906
"gene_1363",0.0177053390829656,0.894144813311929,0.946518856716932,0.559007923853849
"gene_1364",3.57132075552772,0.0587855378180453,0.160862230617097,0.233591736464419
"gene_1365",1.20203515051912,0.272915296393149,0.45386187342798,0.0638982830579007
"gene_1366",2.68646655012935,0.101204012821965,0.23648058937601,0.11542952694624
"gene_1367",0.169406547778522,0.680639766808593,0.819389767426075,0.166755738625612
"gene_1368",1.88125941843975,0.170191075642901,0.339026047097413,0.0665938110588089
"gene_1369",2.4386183908058,0.118380450859394,0.263067668576432,0.136282916764126
"gene_1370",17.7008405282768,2.58512347274467e-05,0.000250173239297871,0.0592762922457915
"gene_1371",1.56982315151515,0.210232698253158,0.380635381058024,0.06989955450325
"gene_1372",3.61467525635817e-05,0.995202973824892,0.997863944343141,0.0540959861301515
"gene_1373",0.037638547660606,0.84617074064126,0.922669206626665,0.214311664413053
"gene_1374",6.20836146720114,0.0127148266311121,0.0505894958797562,0.0683962103307651
"gene_1375",9.07955086890001,0.00258483523308349,0.0131444877035966,0.179083220598454
"gene_1376",0.0137756982826431,0.906566919109106,0.950609236173327,0.0729858461901064
"gene_1377",2.03243055339681,0.153974193806358,0.314233048584405,0.0570616700477762
"gene_1378",0.40392576060492,0.525068763241336,0.695148406762581,0.486802730540775
"gene_1379",0.893131498131993,0.344630110135272,0.525070207518341,0.0474964546839653
"gene_1380",10.1443090197533,0.00144747410707794,0.00822428469930649,0.0716505390496068
"gene_1381",0.381926126869644,0.536574204316295,0.702322256958501,0.0708466343483121
"gene_1382",0.184360354589444,0.667652493062392,0.809503703476682,0.041108121400207
"gene_1383",0.423366108309608,0.515262182667077,0.687791420261555,0.291104973848804
"gene_1384",0.52616067774369,0.468225477913725,0.648282311419397,0.663707665504418
"gene_1385",0.0339736558855748,0.853762864441199,0.924652921777472,0.297703411187163
"gene_1386",0.0289761690220303,0.864834072949389,0.930596204751853,0.105357540512004
"gene_1387",3.79321292458371,0.0514607790066861,0.14459681576975,0.118032339095153
"gene_1388",0.178728767862367,0.672468001027105,0.81215942153032,0.0394177747521795
"gene_1389",4.7815629146578,0.028766001344186,0.0936593945533593,0.0460643346788139
"gene_1390",0.577589225508291,0.447258822009343,0.626412915979472,0.0661444989206748
"gene_1391",0.372189639916996,0.541813139363944,0.707327858177472,0.143374632015015
"gene_1392",7.48322928803668,0.00622762806082665,0.0278019109858332,0.0500603469828335
"gene_1393",1.33456588681076,0.247994563274573,0.425619959853386,0.377202540184544
"gene_1394",2.10442151641314,0.146873879002699,0.302624750692374,0.210918950744173
"gene_1395",1.46797731463039,0.22566509921864,0.400173455840585,0.281376563818641
"gene_1396",0.0136865204045762,0.906868451028799,0.950609236173327,0.0545190085298023
"gene_1397",0.210748617707566,0.646181276896975,0.795789749873122,0.930136670350336
"gene_1398",0.488381036293163,0.484650377206759,0.661967658809691,0.0709458837552872
"gene_1399",5.94897442499393,0.0147258510309437,0.0562055382860448,0.0568932624155719
"gene_1400",94.1579300644017,2.91327157333073e-22,6.72293439999399e-21,0.0556695318721287
"gene_1401",0.433315778313954,0.510366415488581,0.685362241032114,0.0589393577613116
"gene_1402",5.59949361237136,0.0179656695823444,0.0658887637494293,0.114716430692858
"gene_1403",1.65172353852938,0.198724510546345,0.367554581774991,0.408678941697019
"gene_1404",0.416564062584371,0.518656508479524,0.69031478502155,0.229543398198791
"gene_1405",22.818258614871,1.78065953152497e-06,2.15402362684472e-05,0.0841842478244422
"gene_1406",1.67948537467919,0.194992848143123,0.364587297726444,0.0690005201853676
"gene_1407",1.21441856890124,0.270458797868766,0.452272237238739,0.0512787737011962
"gene_1408",0.131976437449339,0.716391538581799,0.843131105633173,0.139962663264211
"gene_1409",2.44405987472692,0.117970545483641,0.263067668576432,0.0565923530273095
"gene_1410",0.628911329656376,0.427754926694637,0.607031589443666,0.0646261871521615
"gene_1411",0.00654580484496137,0.935516590301477,0.967881568213128,0.152767668486524
"gene_1412",3.95901434353959,0.0466209943442244,0.134628679908952,0.096893845303122
"gene_1413",0.672739991607898,0.412097949260314,0.59442759266065,0.332355608879746
"gene_1414",5.43396746464566,0.0197487628828013,0.0711237038019088,0.0546237622908916
"gene_1415",0.703674470645524,0.40155176651044,0.585352429315511,0.208301289659097
"gene_1416",9.84631560317212,0.00170172245001898,0.00948791545474209,0.0505018698788467
"gene_1417",1.9354173896802,0.164166971848589,0.329188158352787,0.0913585003050019
"gene_1418",0.955525906501521,0.328316702574531,0.506661578047116,0.0575049588218325
"gene_1419",0.0130202410056768,0.909153551420426,0.951661079644549,0.847596035655147
"gene_1420",0.0344229375753002,0.852810061962794,0.924652921777472,0.0722388755034196
"gene_1421",16.5898775780466,4.63980015379745e-05,0.000419259050041938,0.0608554418360405
"gene_1422",1.84001727144727,0.174948922942559,0.344387643587714,0.219504755696153
"gene_1423",1.87612594492327,0.170775113414043,0.339738289285231,0.113290044814845
"gene_1424",4.44384481434986,0.0350272799021811,0.109414538251866,0.087955790516283
"gene_1425",0.154975293062364,0.6938254206242,0.828613161573488,1.12407318501541
"gene_1426",0.161025510875675,0.688214103759869,0.82437306127428,0.495956149878943
"gene_1427",15.7308929769169,7.30217797472149e-05,0.000629498101269094,0.04193352681489
"gene_1428",0.981591912303372,0.321806104439739,0.502822038187092,0.988645442276909
"gene_1429",2.71540497974206,0.0993837449652284,0.233660842394738,0.0986423069343206
"gene_1430",0.606584480402603,0.436076719514685,0.616107163190993,0.0683103505735573
"gene_1431",8.4383394236595,0.0036739158179971,0.0175505532706868,0.0519782738637163
"gene_1432",0.692179393576907,0.405424075988748,0.588139375225456,0.0529018070227558
"gene_1433",2.27510584845152,0.131466149109988,0.283332217909457,0.053206363739067
"gene_1434",0.984485911721436,0.321093810587705,0.502822038187092,0.128186219036364
"gene_1435",3.15689812925359,0.0756067151964567,0.193532547431203,0.23943194252553
"gene_1436",0.968086886362244,0.325157767775185,0.505278788545453,0.0775256014891126
"gene_1437",111.849951578151,3.85402146828355e-26,1.11173696200487e-24,0.0568160181104851
"gene_1438",0.891065856268028,0.345188634359259,0.525070207518341,0.0826605803895384
"gene_1439",0.436243235022289,0.508941281569796,0.684060862324995,0.116987532267634
"gene_1440",37.9048354213883,7.42809064803819e-10,1.19807913678035e-08,0.0603447761796972
"gene_1441",7.01542975004952,0.00808102344155214,0.0345342882117613,0.0605693029478629
"gene_1442",0.189905413537019,0.662995352656413,0.805910072110712,0.380504511447887
"gene_1443",0.190670639750465,0.662359035103665,0.805789580418084,0.541798062361897
"gene_1444",1.65961252586965,0.197655647954442,0.366566970822837,0.0804688960366749
"gene_1445",0.777305941699581,0.377966347005861,0.562449921139674,0.252032849096501
"gene_1446",2.221599983754,0.136091958552966,0.290381134892531,0.0581183982961561
"gene_1447",1.31176259395158,0.2520757759622,0.430653375789636,0.0503471876140955
"gene_1448",1.57092705551861,0.21007243384955,0.380635381058024,0.154865698324289
"gene_1449",10.3450805270437,0.00129820202993303,0.00757705464941455,0.0536754673632015
"gene_1450",0.0170828858268806,0.896011434425035,0.947157964508494,0.155666700341534
"gene_1451",2.19667639412489,0.138308664239121,0.292201403322087,0.0399308517737666
"gene_1452",10.4648702557824,0.00121666092155984,0.007156828950352,0.0620358857219359
"gene_1453",117.604453596893,2.11654793573744e-27,6.34964380721233e-26,0.0525164436855496
"gene_1454",1.41847915134394,0.233653889554693,0.408962467131901,0.123013751606468
"gene_1455",0.232531158873712,0.629653330721226,0.77991742038137,0.0673022604965034
"gene_1456",1.68501582062243,0.194259298946851,0.364587297726444,0.0810028851253924
"gene_1457",0.00363100189349552,0.951950315308928,0.975764888035965,0.125208660318251
"gene_1458",2.30201370631539,0.129206392668261,0.279551694725967,0.121036681903953
"gene_1459",4.24691027967083,0.0393218086461651,0.11939820439119,0.0924242529488161
"gene_1460",0.0323983552790423,0.857156154938286,0.924988656408222,0.0614575551284686
"gene_1461",277.345208215085,2.84531887358485e-62,1.70719132415091e-60,0.092057590112418
"gene_1462",5.61039785070409,0.0178542088287581,0.0658017524401403,0.0698270967951596
"gene_1463",2.04746917334626,0.15245944163965,0.312416888605839,0.0440436679302654
"gene_1464",0.104479562503457,0.746518802218836,0.860044703017092,0.0565627961514685
"gene_1465",6.35900006988356,0.0116787342750843,0.0474745295735135,0.0488145891104121
"gene_1466",4.71116722394243,0.0299672982034428,0.0963454831560092,0.0565477291972228
"gene_1467",0.381983372591321,0.536543675727908,0.702322256958501,0.0408747654618512
"gene_1468",2.27043791526705,0.131862637862692,0.283778991096182,0.54599698130327
"gene_1469",1.1366293113058,0.286365699289826,0.470480338373208,0.257237141084614
"gene_1470",2.34773460815143,0.125465218203613,0.273146338614543,0.101229429260051
"gene_1471",7.82460820348047,0.00515396180227498,0.0237145481699769,0.196796533378014
"gene_1472",11.6347601102843,0.000647306901718089,0.00437369528187898,0.0692506329069435
"gene_1473",3.63472817112222,0.0565858442795923,0.156602890072672,0.091422202943714
"gene_1474",9.3879411964474,0.00218417352676616,0.0116179442913094,0.172762122362507
"gene_1475",0.750891495539008,0.386194124722369,0.569521504428738,1.08969797001125
"gene_1476",1.04567655193398,0.306504921255488,0.487882542799977,0.519881355465037
"gene_1477",0.0540223085578759,0.816206383043659,0.906224703601398,0.164652256647866
"gene_1478",0.265193984029224,0.6065740631859,0.759483384623414,0.0455336983907703
"gene_1479",21.1798478671689,4.18138070962375e-06,4.5561105674587e-05,0.0533078296986752
"gene_1480",4.19446638515876,0.0405561150049305,0.122649541345556,0.188927609332684
"gene_1481",0.0407578887077307,0.840005979327562,0.921059187859169,0.0583313412757544
"gene_1482",0.422195490617923,0.515843565196167,0.687791420261555,0.451767327780733
"gene_1483",5.4711427431173,0.0193329804425786,0.0699768222042799,0.0877786961871154
"gene_1484",0.106596002757669,0.74405332655298,0.85917080171071,0.0560012116193578
"gene_1485",2.03735157466519,0.153476658342893,0.314072288559809,0.218543663141118
"gene_1486",6.17112332456145,0.0129852131891665,0.0512338146663409,0.0490798706439993
"gene_1487",0.0270337180431852,0.869401042805062,0.932833736915303,0.501603009142795
"gene_1488",45.6221141683088,1.43413286871233e-11,2.44454466257784e-10,0.212603058641181
"gene_1489",5.22037966208404,0.0223236767417348,0.077512766464357,0.094339047341609
"gene_1490",0.0180978911334932,0.89298475311225,0.946518856716932,0.054850285544254
"gene_1491",3.85977971076807,0.0494568214518437,0.140861117114857,0.0608099488979823
"gene_1492",0.0640696923837822,0.800175548382429,0.892389087415348,0.0564310642211621
"gene_1493",2.40240322113141,0.121149009380433,0.266848038282891,0.0643193525816125
"gene_1494",0.46394967878291,0.49578384748952,0.673002425425738,0.085230610453394
"gene_1495",63.736539111607,1.42222045872441e-15,2.66666336010826e-14,0.274951793706149
"gene_1496",1.30410227552341,0.253465253247004,0.431166270006989,0.153891133172863
"gene_1497",10.2736975809873,0.00134940095630168,0.00778500551712505,0.0730367828467486
"gene_1498",0.680345289688603,0.409467850227441,0.592287150762934,0.850872697484713
"gene_1499",13.5920458174843,0.000227145945758789,0.00171215537004112,0.0478438153977651
