"gene","baseMean","log2FoldChange","lfcSE","stat","pvalue","padj","dispersion","log2FoldChange_apeglm","lfcSE_apeglm"
"gene_0",76.2545858248427,0.0958512749184685,0.128588529111121,0.745410773270747,0.45602343308644,0.635720399284071,0.105691307650041,0.0825932353470986,0.120222181657273
"gene_1",5251.51047639347,0.104451077651382,0.0768917523124786,1.35841718402913,0.174331344628249,0.343171938244585,0.042416560839676,0.0919579227377726,0.075012700861923
"gene_2",412.921437835598,0.0661032070264573,0.0823769154826788,0.802448193636926,0.422293744691275,0.600987302691567,0.0463996759471485,0.0619533742358154,0.0798503319679878
"gene_3",5.00820440484389,0.134310033641963,0.413439038614865,0.324860550401673,0.745286615071868,0.859214019557658,1.01798210286032,0.0478161972330157,0.256864501386517
"gene_4",20.5696844392345,0.445264471280028,0.241370698658327,1.84473290981489,0.0650764010783414,0.17173495995386,0.366357225947176,0.318704743929305,0.229379359267879
"gene_5",58.3363342484964,0.166511143603998,0.14793795594379,1.12554714266341,0.260357252123004,0.439792655613183,0.140006363747016,0.138708384456666,0.137431379475065
"gene_6",34.0027974233281,0.219311784071076,0.184363228771479,1.18956358885923,0.234217964058285,0.408995280660567,0.215287787355061,0.169084579575469,0.166767611574463
"gene_7",1166.95035450138,0.126717787640672,0.0948576710671497,1.33587285261272,0.181590835563655,0.348036317739125,0.0639873844006727,0.116694465727516,0.0915389174664056
"gene_8",43.3262688033616,0.0831454537677249,0.165163780618283,0.503412149179886,0.61467453161755,0.764520561713371,0.172899111792734,0.0657482181036983,0.147368405491344
"gene_9",265.777923425788,-0.120200769555711,0.102962962844119,-1.16741754739215,0.243041788172501,0.41807647048022,0.0726167004963689,-0.108379049658593,0.0989600452191789
"gene_10",4832.85342057321,-0.140043529097896,0.095382977309978,-1.46822350326494,0.142043522001442,0.295104270086099,0.0653523271580587,-0.129029381927976,0.0922569670397636
"gene_11",15.7461990687255,0.0136003612921681,0.221258086685307,0.0614683128463988,0.950986249355583,0.975140190383153,0.289557938277351,0.00924318013498369,0.18151441646456
"gene_12",1240.54951057514,0.049733247059122,0.0973331077700727,0.510959201843277,0.609379625009122,0.761090289353608,0.0674523842298716,0.0456219342094629,0.0932853240657046
"gene_13",20.7186630917207,0.350936866303385,0.190725147235296,1.84001360801383,0.0657662395014978,0.173069051319731,0.207419849212578,0.277921043301417,0.180676829756119
"gene_14",5453.85814531748,0.0436698815442869,0.0928535529662905,0.470309214340358,0.638134115234373,0.787819895351078,0.0619507488694066,0.0408697264042088,0.0893147209409925
"gene_15",750.711814451358,0.279062786488617,0.0995526600107807,2.80316755432147,0.00506033721535951,0.023283760193372,0.0700820213653296,0.261746064099813,0.0978502868094815
"gene_16",1946.33338639306,0.122311756850683,0.0851904015312141,1.43574574896055,0.151074702107449,0.310002808702015,0.0517810489211303,0.115304493182829,0.0828301037023347
"gene_17",107.001316562495,-0.114379124500101,0.117980379610988,-0.969475813497454,0.332307842095568,0.509674604441055,0.0908755487388987,-0.100953878967108,0.111673042015668
"gene_18",3.55615802817489,-0.472622653303746,0.471467194276567,-1.00245077290892,0.316125930614475,0.495495189050901,1.30770252970664,-0.155198690184912,0.296469163682305
"gene_19",275.91695756335,0.0696695356769395,0.111325415683138,0.625818778662706,0.531433813235144,0.699255017414663,0.0855083959908162,0.0632493451344566,0.105340475515028
"gene_20",71.4728783577986,0.244244359802943,0.126042839516627,1.93778845938109,0.0526490363276235,0.146790993478504,0.100056172334519,0.216408228212215,0.121316661480596
"gene_21",1893.52703779569,0.246023393981068,0.0834411469596202,2.94846610989332,0.00319355152861214,0.015705991124322,0.0496264824464653,0.233563405139156,0.082221566883795
"gene_22",258.738040566802,0.22740366949859,0.0927963858651848,2.45056601481186,0.0142631805623209,0.0548583867781573,0.0581786611901475,0.212629352276549,0.0908564862581614
"gene_23",215.80664641363,0.00676532273253848,0.0944707781072117,0.071612861332218,0.942910004493642,0.972994183744387,0.059661984602718,0.00614213935704263,0.0905186761665898
"gene_24",1947.26411723318,-0.0829014878271774,0.0875428644385648,-0.946981668452892,0.343648120148975,0.523853841690511,0.0547111638066282,-0.0773222084543242,0.084761636547302
"gene_25",36.8602310358262,0.322805152702883,0.155795695441185,2.07197735334572,0.0382675532309872,0.11619702398073,0.147554504988285,0.274303869637264,0.150273924622416
"gene_26",4604.53862242223,0.291761009261631,0.0775452595677998,3.7624609278216,0.000168249599852089,0.00132133193601117,0.0431068909646478,0.280483366477231,0.0768185518360685
"gene_27",36.0065854032325,0.245897677291258,0.222596053432365,1.10468120840234,0.269297748772964,0.450266663083671,0.328560687120787,0.171504745076987,0.194142534234926
"gene_28",1031.61903691329,0.149364567435454,0.0938635554970921,1.59129458333891,0.111543295267252,0.253123968079998,0.0624919128371325,0.138193205738437,0.0910184351674293
"gene_29",171.065368442421,0.185546264642231,0.118384065641882,1.5673246533323,0.117038825683637,0.261505581146867,0.094833789189153,0.164916005931227,0.113428233055024
"gene_30",5170.16877777592,0.399312499962946,0.0844863186497668,4.72635695748886,2.28583680769619e-06,2.65794977639092e-05,0.0512443723048257,0.38369678352551,0.0842312809494283
"gene_31",70.2924123340033,-0.259368160826536,0.137622042349434,-1.88464112578695,0.0594783059398823,0.161042344602569,0.122104483281605,-0.225069322532918,0.132079126408527
"gene_32",61.1074121706707,0.143343734524918,0.162648813636397,0.881308208280972,0.378151024548984,0.561054932565258,0.173987339471514,0.114809500957083,0.147921282657541
"gene_33",39.4198549829022,-0.116731944133464,0.170158773571626,-0.686017780237037,0.492701896320565,0.668826103602577,0.182912409772597,-0.0911451843567501,0.151816163090401
"gene_34",74.1060908388537,-0.0571273488077039,0.142956242964069,-0.399614228964191,0.689440674602676,0.82403267880798,0.133764869733561,-0.0465227930554106,0.130908352766592
"gene_35",452.746494368756,-0.199961668329679,0.0881247313046963,-2.26907549525797,0.0232637352617838,0.0795913404369452,0.0537327710738489,-0.186942472507999,0.0862135310609616
"gene_36",45.7324940763464,-0.0361575856440539,0.168221484927313,-0.214940354733387,0.829813821584009,0.915909295346588,0.181964935241768,-0.0277308502183357,0.149067624219494
"gene_37",538.285379358834,-0.290336518604075,0.104845600840995,-2.76918169456044,0.00561972860242719,0.0256218629289993,0.0773329515816335,-0.268998477036896,0.102929832676923
"gene_38",1118.91802507469,0.176064785073045,0.0916064600744591,1.92196909399115,0.0546096467322386,0.151413068573675,0.059518286458245,0.162685040012617,0.0892404155281804
"gene_39",24.6458995946778,0.17749806214464,0.169449675542076,1.04749720869525,0.294870318891276,0.477136438335398,0.165918239484069,0.14038785018418,0.154329012857114
"gene_40",94.0342210850443,-0.112799207305162,0.110923658934922,-1.01690846108259,0.309196977896382,0.489752340912959,0.0776089294876312,-0.100753696578251,0.105827738412487
"gene_41",793.540841021874,0.0506267813940096,0.0843171196588206,0.60043300339083,0.548217698226153,0.710325399690141,0.0499670285793992,0.0474588029687454,0.0816145437761314
"gene_42",4929.8164629547,-0.0325736521075634,0.093949125929477,-0.346715861220623,0.728804793020168,0.850744894576071,0.0633941394114947,-0.030007941118772,0.0901300540234005
"gene_43",276.090747175223,-0.0604834325405976,0.102295270449828,-0.591263235090254,0.554344059104301,0.714975140719219,0.071642229521678,-0.0544602388577316,0.0978197311875135
"gene_44",374.188703262032,0.105526458806554,0.0940539481005126,1.121977981124,0.261871802091612,0.440367380198898,0.0610458846796805,0.0973976618290886,0.0906384404689576
"gene_45",51.581999959295,-0.270042968292542,0.153443772630443,-1.75988222697652,0.0784277773814092,0.198383922549939,0.149779003655749,-0.227147021410653,0.145595479958649
"gene_46",181.227552736612,0.240598043826047,0.107372628019246,2.24077633438311,0.0250405666335082,0.0844064043826117,0.0775369521634299,0.220322388398917,0.104572391289944
"gene_47",68.9773239623704,0.240947477744901,0.157381949431321,1.53097276158754,0.125776124683787,0.272636108418613,0.163819677402405,0.199326639432357,0.148389329340608
"gene_48",4.75785240369459,-0.0271726272313256,0.4179374252552,-0.0650160181628469,0.948161246588679,0.975140190383153,1.04311115977133,-0.00959846338282734,0.253106179484516
"gene_49",361.033252424095,0.225358180706447,0.0966854751923558,2.33083801117072,0.0197619029561979,0.0709159196992748,0.0645429348865496,0.209650053748876,0.0944984389372384
"gene_50",8.46919453227056,-0.244918861136974,0.351273295107281,-0.697231655660515,0.485657831256061,0.662260678985538,0.765604263919192,-0.112432140913711,0.247735479549596
"gene_51",28.2983092866579,-0.288362002847349,0.193621250589199,-1.48930968047076,0.13640583974893,0.289601334451552,0.234183798402876,-0.221372953039375,0.178327905938089
"gene_52",6.75867816702975,-0.0849903938276969,0.373798646957074,-0.227369452831264,0.820136471384657,0.909242207743522,0.850343991772412,-0.034304751618781,0.245543947081561
"gene_53",4228.60522354514,0.0227032328698975,0.0823890416808607,0.27556131746064,0.782885023851395,0.881627279111932,0.0486823307423311,0.0142189525828757,0.0798379944482155
"gene_54",405.126097976057,0.0567411921553879,0.0745040665022786,0.761585170034343,0.446307628635903,0.625664899956873,0.0375354168725786,0.054760542933237,0.0726295177877571
"gene_55",111.021157868782,0.129301152247358,0.116969101171632,1.10542998922109,0.268973315130651,0.450266663083671,0.0893086872472423,0.113850050839204,0.110960183684511
"gene_56",96.1774721581734,0.166030209887243,0.10688527186361,1.55334974587616,0.12033960180867,0.265455003989714,0.0718278385641414,0.150630863331381,0.102784893980271
"gene_57",336.81838740865,0.429092167622003,0.102920295746208,4.16916959391666,3.05711450117935e-05,0.000288407028413147,0.0732202783108083,0.405972901912549,0.102784852813862
"gene_58",466.189210150844,0.964509265745257,0.101073908022341,9.54261376271376,1.39276947221161e-21,3.11814060942898e-20,0.0712474282219644,0.947089726115887,0.101715668421523
"gene_59",29.3565178954074,-0.65293432520481,0.178835658994836,-3.6510298274667,0.00026119090085373,0.00189268768734587,0.194064461535214,-0.583249165115183,0.18219982781523
"gene_60",2050.11755264914,1.98937490351291,0.0911209461643497,21.8322459023284,1.14647004769306e-105,1.43308755961633e-103,0.0590763086373799,1.98140605888831,0.0914737620511089
"gene_61",440.170661750458,0.617848028549735,0.103784727887135,5.95316903679353,2.62999407664475e-09,4.15262222628118e-08,0.0751985621677504,0.594614304096523,0.104573352415432
"gene_62",1260.00626079522,0.0789241297251974,0.0830509316174468,0.950309986752967,0.341954765925595,0.522334163837467,0.0489019372325794,0.074051376372572,0.080549531114235
"gene_63",2678.21859451656,0.404922995845902,0.0742028675377807,5.45697234193455,4.8432175953609e-08,7.05322950780714e-07,0.0392991190057236,0.39347584825924,0.0741064508372725
"gene_64",19.4115385483636,-0.189487290272562,0.232659148672528,-0.814441604182384,0.415392012850021,0.596256477775149,0.33437469328059,-0.125347259097279,0.195408768415404
"gene_65",1359.51205945266,0.0403102838284426,0.072692558577908,0.554531091174074,0.579215433725915,0.732565894257059,0.0373435448017768,0.0383897803957754,0.0709315677041661
"gene_66",1127.35110551757,0.0142216926455618,0.0896710496526855,0.158598485248532,0.873985222287193,0.93576583540351,0.0569678888522713,0.0143218499035047,0.0863710935577514
"gene_67",77.8969441219627,0.0861422008679678,0.127033607428307,0.678105602224855,0.497704738916821,0.671364306092834,0.103348821730675,0.0745005084987412,0.118880429973411
"gene_68",3741.24531264236,0.0654847882442373,0.0870954143905898,0.751874122219144,0.452126761608466,0.631461957553724,0.0543972415895936,0.062815212642657,0.0842535237057974
"gene_69",983.967985728828,0.3763943369176,0.111097200528658,3.38797319038212,0.000704111463514927,0.00466083471757942,0.0879165323925133,0.349727928165657,0.110231144813798
"gene_70",183.887679640864,0.246345773426697,0.101410822614887,2.42918622563794,0.0151327572773327,0.0569509777497417,0.0684726440392633,0.227912759308414,0.0993542635136209
"gene_71",953.444013856952,-0.12132408771393,0.0867436300856713,-1.39865126227834,0.161917586062329,0.326008562541602,0.0531637163294446,-0.11320006739763,0.0843088241101249
"gene_72",11.8229008739868,0.466269586583863,0.264030912078651,1.76596589737556,0.0774015703910561,0.197117751420347,0.414392310511123,0.318092881139816,0.246751912953828
"gene_73",4349.22590885512,-0.197708230376092,0.0846337868065741,-2.33604376970563,0.0194889604496635,0.070272693929075,0.0513837583111998,-0.184475708689279,0.0829946384943711
"gene_74",153.231074628204,-0.330156328706727,0.112224917566075,-2.94191642878543,0.0032618794302733,0.0158857764461362,0.0839662342944669,-0.303751655696487,0.110562192093464
"gene_75",1922.27682759346,-0.200670949025392,0.0665412324889845,-3.01573838534795,0.00256354338473165,0.0130349663630423,0.0313261472489507,-0.193234293025023,0.0657502644259637
"gene_76",31.1366423159207,0.0618181825689798,0.206434896000916,0.299456069523757,0.76459208636693,0.869513365845637,0.275062090131665,0.0433583394201966,0.174233159994769
"gene_77",153.058805298784,-0.259185245038548,0.1149082306422,-2.25558468344706,0.0240966533350497,0.0815913769809809,0.0884352799036177,-0.233673694767733,0.111703809337808
"gene_78",5391.34330548595,0.0923173714659359,0.0917390414744423,1.00630407711045,0.314269319840121,0.494134150692014,0.060450877173178,0.0835836884360477,0.0885831751124963
"gene_79",135.135337253021,0.378015427628912,0.125726598534626,3.00664642195664,0.00264146806682501,0.0133407478122475,0.106362858567235,0.344761217658833,0.124174148886085
"gene_80",48.4816318174518,0.247692706223628,0.160523780707944,1.54302811166825,0.122823955320533,0.269745143456515,0.164362988647582,0.204398497162456,0.150644012178261
"gene_81",82.5175849719059,-0.0729406478476005,0.126576446950227,-0.576257665664153,0.564441032933718,0.721176788245806,0.103317901390987,-0.0633071590696824,0.117943944496423
"gene_82",233.065095170262,-0.252725672753904,0.102009217370925,-2.4774787932638,0.0132314271548007,0.051551014888834,0.0706242073425668,-0.233449885277188,0.099692151093911
"gene_83",127.84923047194,0.385740775830005,0.118652131046246,3.25102273704346,0.00114990661033483,0.00681762812451478,0.0935278849136657,0.354938884816191,0.117588860490658
"gene_84",1024.89021251018,0.18285530341993,0.0905600633721055,2.01916050642091,0.0434705396787059,0.128179585274262,0.0580685202382267,0.172671094703299,0.0883349605170202
"gene_85",53.5239528365354,-0.0132182714592839,0.152110269982147,-0.0868992702520038,0.930751579581882,0.965509937325604,0.147467000252245,-0.010649400650656,0.137806501159292
"gene_86",23.689554535318,-0.0670378974355031,0.208570822700319,-0.3214155104131,0.74789553058622,0.859650035156574,0.269817933041778,-0.0464825430672086,0.176086408711748
"gene_87",141.612619930242,-0.108784945253735,0.108856402349088,-0.999343565524761,0.317628287980743,0.496811712170088,0.0781210397491882,-0.0975803272043667,0.103621623502497
"gene_88",14.5772572401535,0.0316204436267386,0.284428932475527,0.111171684791453,0.911480204686106,0.953431176449901,0.513834875741337,0.0174846756234104,0.212868515171593
"gene_89",28.059422513323,0.181098451658755,0.173375028101233,1.04454749707675,0.296232156144079,0.478308110028114,0.180921721710698,0.142235824313697,0.157050226441455
"gene_90",42.8496739961934,-0.172862242480516,0.17735310690326,-0.974678400050845,0.329719810589355,0.507782049162252,0.201888862856978,-0.133449953614616,0.159304527558628
"gene_91",2393.38922463838,-0.00542797599767093,0.0837054435472793,-0.0648461529817359,0.948296493988607,0.975140190383153,0.0500762735903483,-0.0114905260310756,0.0809282771179187
"gene_92",15.9161470917458,-0.424684563209042,0.249521935890007,-1.70199289971945,0.0887566992891669,0.214584694114455,0.384301010276969,-0.29557141167633,0.23133700330391
"gene_93",884.184867046911,0.296542976531729,0.0973626850138039,3.04575594325163,0.00232096145868442,0.0121304605854586,0.0670825189031268,0.277315951149599,0.0960206295593057
"gene_94",400.028961578144,0.121693349056248,0.0862889242613124,1.410300917505,0.158450847734991,0.321184150814172,0.0511565747656779,0.113765136265943,0.0837595357225249
"gene_95",1470.1273011137,-0.280715776835551,0.0760580449245862,-3.69080979025807,0.000223541255868162,0.00165178267882878,0.0409929766898428,-0.271487144082296,0.0755049220915291
"gene_96",1146.08679565305,-0.0243511750944345,0.0903047214397835,-0.269655613861477,0.787425210894038,0.883423946403184,0.0578807243609857,-0.022498917310409,0.0868856228131473
"gene_97",9.24089849000588,0.362732383540192,0.316113019252091,1.1474768878498,0.251184579893409,0.428642627804452,0.604147492005948,0.196702899880398,0.253369958159954
"gene_98",51.3356295403841,-0.0571099656907052,0.157188141547357,-0.363322354526976,0.716364096159976,0.842781289599972,0.158271091744686,-0.045571512584772,0.141274606052376
"gene_99",29.8452238542865,-0.638292934812312,0.196740537496869,-3.24433867536054,0.00117723681677331,0.00695218592582661,0.243442194633813,-0.553571584934393,0.199985580493087
"gene_100",6.40885181567185,0.232866916502593,0.398403455109351,0.584500243449641,0.558883801516771,0.717744608112291,0.985311091343092,0.0906310111384461,0.258822971615556
"gene_101",19.9789742142284,0.1087561322236,0.238852665779563,0.455327269924509,0.648873810405078,0.796489947305743,0.361040889770075,0.0698598487447534,0.193376012683544
"gene_102",719.803507139243,-0.403615178451603,0.0809344743637792,-4.98693766314536,6.13438470506487e-07,7.79794665898077e-06,0.0456798050244386,-0.389591110257059,0.0808522628149489
"gene_103",4695.77714478792,-0.0599358371664501,0.0734685466975554,-0.815802678296948,0.414613001180402,0.595708335029313,0.0386717229942376,-0.0568245096305224,0.0716576876325813
"gene_104",203.356954331138,0.196125402561644,0.107165824634268,1.83011144859823,0.0672332753483372,0.176311036752633,0.0777959667438542,0.178835112016915,0.103549582107752
"gene_105",22.5425737608599,-0.240111543666661,0.199359191629255,-1.20441671991323,0.228428552827724,0.401371104611553,0.241646729233241,-0.17764518029726,0.179768670748272
"gene_106",321.164680623252,-0.0344125075157688,0.118854090690743,-0.289535743496704,0.772171431253661,0.876051863413282,0.0985454106996744,-0.0300347014534294,0.111345223554298
"gene_107",1226.67576254338,0.0893751645958552,0.0988909917780385,0.903774580362773,0.366114943207062,0.548328344717098,0.0696497720888821,0.0820987968266955,0.0948994880738734
"gene_108",380.193302108172,0.13870524262736,0.0938764922727661,1.47752903063676,0.139533882338581,0.290921458414411,0.0608613228175085,0.128336354414328,0.0909048177989336
"gene_109",76.6580899141702,0.504080018777191,0.148806122848573,3.38749514554687,0.000705339653927019,0.00466083471757942,0.145887415879202,0.453932081038627,0.150052121940079
"gene_110",95.2926200940685,-0.0508466773166417,0.0994334401228617,-0.511363956168213,0.609096228831289,0.761090289353608,0.0606160788464746,-0.0461815510586208,0.0951103506356555
"gene_111",98.7776981477395,-0.0941083339417732,0.118101169838376,-0.796845061488915,0.425541020930546,0.604461677458162,0.0899494463372555,-0.0824689514005413,0.111588428630313
"gene_112",329.260276155618,-0.926773640013451,0.0874787545470635,-10.5942710868711,3.16799341051839e-26,8.48569663531712e-25,0.0517102953957455,-0.91318555711609,0.0879492436847051
"gene_113",379.010228848845,2.01819431321577,0.126664935470611,15.9333307652774,3.72002418178027e-57,2.06668010098904e-55,0.111506576725576,2.00282817314869,0.127705143921913
"gene_114",1642.97459190792,-0.34886524166228,0.0876866489868605,-3.97854457540686,6.93384129379372e-05,0.000601200112178646,0.0547896976968186,-0.331108340084133,0.0872377064622176
"gene_115",496.860436972595,-0.0896976047936732,0.0871251776462025,-1.02952564593804,0.30323273482956,0.483087333193917,0.0526797189448989,-0.0835113433669629,0.0842809171012901
"gene_116",826.328254476613,-0.0620878993398331,0.0816002992966518,-0.760878328572267,0.446729743788782,0.625671910068321,0.0467621355985521,-0.0581917691917415,0.0791948730316267
"gene_117",53.0013601162772,-0.450755519258887,0.163192576354703,-2.76210799123092,0.0057429479698034,0.0259481765031474,0.172298939624603,-0.390874118337407,0.162209958224441
"gene_118",495.393221729951,-0.882859654746176,0.0787196745248554,-11.2152350740147,3.43273111291761e-29,1.09555248284605e-27,0.0424015668816178,-0.870973854723659,0.0790499703749827
"gene_119",58.399047571922,0.0879235448616113,0.119430356462045,0.736190927216677,0.46161451291401,0.641131267936124,0.0856535406496901,0.0776296136200283,0.11234187898999
"gene_120",38.3519774263339,-0.10309493146003,0.159353578697195,-0.646957114505294,0.517659699465679,0.688377259927765,0.15664428714309,-0.0829436565127069,0.144105875994444
"gene_121",31.730259886544,0.240893136322526,0.18225627952694,1.32172749793742,0.186258908583061,0.353656155537458,0.206166931859531,0.18731411141833,0.167198892468
"gene_122",108.586677382855,-0.0780525462181845,0.124975211803661,-0.624544220343527,0.532270238884709,0.699741768910661,0.103029136452495,-0.0677052562914208,0.117109438307754
"gene_123",1686.5203605072,0.172633129563735,0.0969596622062948,1.78046339720568,0.0750001544428428,0.191326924599089,0.0671159702972353,0.158186646969817,0.0940331178698831
"gene_124",62.8811931938667,-0.0312195893896466,0.151116908525239,-0.206592297938867,0.836328275861101,0.918567770464558,0.148106767938365,-0.0253568247030833,0.136741973770172
"gene_125",1478.28328534902,-0.270079034304452,0.0899057851537336,-3.00402286507628,0.00266435300688957,0.013411172853471,0.0575569757697284,-0.254299707527605,0.0885389951310008
"gene_126",754.737391446145,-0.0224482828319668,0.0973610691360823,-0.230567341044609,0.817650942074812,0.907157110290102,0.0669603204846494,-0.0205133649490018,0.0931266424360453
"gene_127",5290.34711685492,-0.0708529502186702,0.0872939349915666,-0.81165948385206,0.416987048824023,0.59680893202204,0.0547240177792954,-0.0649793863297032,0.0844680748996589
"gene_128",3776.88746168575,0.0206831552176014,0.0766173422513098,0.269953963552524,0.787195670828829,0.883423946403184,0.0420377962618851,0.0179815311010012,0.0744639375557706
"gene_129",65.0950143397912,0.224426321331017,0.130078200296792,1.72531846857473,0.0844700954159894,0.208396616980237,0.106504867389426,0.196756746164059,0.124615446188028
"gene_130",35.1434770154403,0.0242631653990389,0.18230130527884,0.13309375575741,0.894119233397736,0.945824294849509,0.210766223224995,0.0183066304662533,0.158919344206655
"gene_131",286.766066955255,-1.94115952396621,0.0966998763402758,-20.0740641811732,1.24403549944753e-89,1.09767838186547e-87,0.061779451720825,-1.93287637082043,0.0970347996035429
"gene_132",4607.99391099815,0.239215750315919,0.0768467104401475,3.11289512518865,0.00185261837826136,0.00999614232874835,0.0423362674722291,0.22576949937195,0.0757947938557088
"gene_133",264.996932690394,-0.0939202887672295,0.0882724493377506,-1.06398190456763,0.287336897048574,0.470529853245481,0.0523520938505709,-0.0878637264785618,0.0854091170572138
"gene_134",4280.48754556373,-0.341636808178874,0.0821507125325914,-4.1586590991933,3.20121229994363e-05,0.00029824959316245,0.0483967981615355,-0.330084527648937,0.0816806624688377
"gene_135",13.3240723604224,-0.167325024415558,0.239611993479358,-0.698316565819033,0.484979241520237,0.661937090336994,0.337901737137379,-0.108281038180949,0.19673807004033
"gene_136",196.254256127324,-0.0124684512201171,0.0974152303143228,-0.127992832125798,0.898154645520354,0.948054616400952,0.0631825915076912,-0.0112517001993813,0.0931884373648098
"gene_137",410.600569777403,0.244643436365944,0.103724867394471,2.35858037239568,0.0183449867796604,0.0669525064951108,0.0750633398923646,0.226291702582311,0.101414120750007
"gene_138",336.943330652027,1.86654723367525,0.107561581749946,17.3532891884625,1.86267077322189e-67,1.16416923326368e-65,0.0789392464103861,1.8558322607652,0.107951827045317
"gene_139",638.348992165961,0.184607049141363,0.0884326682678623,2.08754358267455,0.0368390257225439,0.113003146388172,0.0547873718838952,0.172858649416485,0.0867877918410883
"gene_140",1421.34250613824,-0.170675323071884,0.0845723674215644,-2.01809797071337,0.0435810589932491,0.128179585274262,0.0507829239918765,-0.158935799180404,0.0826464011216171
"gene_141",49.4221669485175,-0.0242409639582252,0.173028912841485,-0.140097764935001,0.888582746501404,0.943293786094909,0.195033815699049,-0.0183860619012482,0.152600087412597
"gene_142",91.3900801024197,0.803009737739126,0.141140352346714,5.68944121498661,1.27455756409712e-08,1.97096530530483e-07,0.131464782857873,0.764374486885446,0.143077421192462
"gene_143",143.897544889513,0.038846954622378,0.112365806265093,0.345718647990923,0.729554168402214,0.850957428151883,0.0840186265916066,0.0340952668558411,0.105956320726888
"gene_144",4702.63171953186,0.0464508544444273,0.0890956862729087,0.521359185697766,0.602116578004417,0.754532052637114,0.0569946917661167,0.040949904932222,0.085867389136461
"gene_145",887.736361810498,1.90164226438625,0.10259689716476,18.5350855331659,1.07618512576194e-76,8.07138844321458e-75,0.0741713926996924,1.89088808072262,0.103040572738535
"gene_146",10.6525739380295,1.50946757316708,0.466009126434236,3.23913736350418,0.00119891817504572,0.00702491118190854,1.44313653461175,1.17297698891423,0.53869049514247
"gene_147",108.305352165977,0.0515069417654207,0.12564179265949,0.409950707285856,0.681842107237303,0.818865621181709,0.104100441543766,0.045200157610776,0.117093649841926
"gene_148",5.62959898260817,0.00625650745563298,0.360848315924836,0.0173383307598315,0.986166706668945,0.995457644686014,0.758091901467146,0.0027063537991062,0.242322097187316
"gene_149",88.3783812344334,-0.0349989972241981,0.119168860091924,-0.29369247299337,0.768992906481693,0.873855575547379,0.0909975645861538,-0.0308002934428753,0.111718100084136
"gene_150",6.24212857508386,-0.874913939768984,0.401044249314649,-2.18158954096497,0.0291398394829658,0.0941134670550512,0.975652972073113,-0.508324455952988,0.427568025482396
"gene_151",3739.10437039885,0.00823585170685225,0.0841112725207946,0.0979161467901478,0.921998878315253,0.961082916937373,0.050699920286564,0.00711045373656754,0.081340671841858
"gene_152",66.205186208066,-0.149270067405406,0.134673411903938,-1.10838557733935,0.267695330966392,0.448651392681104,0.115492228656403,-0.127637685410679,0.126396500461964
"gene_153",101.81036118599,-0.174385581361033,0.105846126380482,-1.64753862351254,0.0994473841770158,0.232353701348168,0.0706861625745964,-0.15841516390093,0.1020269102389
"gene_154",18.5557199203886,2.02325562383281,0.361072015386627,5.60346838750813,2.10104450627129e-08,3.21588444837443e-07,0.846901281052266,1.89042163701703,0.376515717268184
"gene_155",169.451706957864,0.00679997482502696,0.114849253182255,0.0592078279711237,0.952786574763441,0.975549393955741,0.0889913807461497,0.00645186742786137,0.108097192846937
"gene_156",122.479198510366,-0.0542724644998137,0.127298194469786,-0.426341196164374,0.669859243436789,0.810318001619172,0.108297515464057,-0.0465584541571434,0.118461819456019
"gene_157",582.422025491892,-0.235893577210413,0.116983789584271,-2.01646380279452,0.0437514996081778,0.128429059515199,0.0966926362273843,-0.212050720123212,0.113271538590399
"gene_158",21.393215519088,0.12588114911045,0.185590428651548,0.678273928375886,0.49759802608195,0.671364306092834,0.200880544208258,0.0950283842786097,0.162531745622431
"gene_159",877.935764458676,-0.165043926209489,0.0857280374896291,-1.92520359782475,0.0542038921782218,0.150566367161727,0.0518144689878771,-0.154680234777757,0.0836105862744796
"gene_160",1496.28093994955,0.12168102267793,0.0950899307983082,1.27964151047731,0.200671243760019,0.369333577472427,0.0644821415546415,0.113521751907216,0.0919228454406329
"gene_161",535.327344447777,-0.152268766207755,0.0892808895878536,-1.70550234110202,0.0881007760292273,0.213836835022396,0.0555533947825524,-0.141949744616396,0.0868663181879307
"gene_162",57.4359916875598,0.0707245163407504,0.127800803811112,0.5533964907238,0.579991941388841,0.732930001755064,0.100245617258427,0.0609649869734464,0.118965522986814
"gene_163",1759.87394054876,-0.210436060492521,0.0829150354648945,-2.53797226658147,0.011149681965409,0.0456083626325718,0.048965868864872,-0.199231569901369,0.0814712841849552
"gene_164",567.574429010092,-0.30053220770822,0.0946034575055268,-3.17675712529495,0.00148931702936929,0.00830474179945698,0.0626311275635755,-0.281505511811073,0.0933874753951296
"gene_165",185.224616347995,-0.0861880565599284,0.0994942757607366,-0.866261459776771,0.386346796207108,0.56871461659535,0.0658921496179503,-0.0786003826722049,0.0953029456981153
"gene_166",284.585598573847,-0.227992665886923,0.0897023937746711,-2.54165642958907,0.0110328564018643,0.045340505761086,0.0544112059246511,-0.216654469614941,0.0879645675450928
"gene_167",23.1339021576055,0.0126698556492331,0.204663986439078,0.0619056428523366,0.950637973773044,0.975140190383153,0.25786077682013,0.00907377949305845,0.172035869128945
"gene_168",5.48334603709095,-0.704694234861221,0.436796146424981,-1.61332521046463,0.106673872178382,0.244291310332171,1.14270444553823,-0.298799117841852,0.359588458382146
"gene_169",760.158043209996,0.015649139810786,0.0848039528071465,0.184533141354553,0.853595230515685,0.923957214785195,0.0504625143457249,0.0148659233131148,0.0819308115523786
"gene_170",2964.34259898406,0.107297906008126,0.0863819533248737,1.2421333609416,0.214187361581068,0.385229067591848,0.0534366549292784,0.100953355175777,0.0839299822204402
"gene_171",56.7220318267722,-0.040379801671967,0.145807379954172,-0.276939354404822,0.781826673490638,0.881096927299742,0.135434999624034,-0.0332453919951255,0.132703451928323
"gene_172",11.6570342614982,2.30345864581519,0.333989032436931,6.89680924253155,5.31835192159262e-12,9.16957227860796e-11,0.655039492248664,2.20618746392653,0.341474130739496
"gene_173",18.3483048796366,0.218424221252857,0.239918532727389,0.910409957787815,0.362606348180116,0.54445397624642,0.360328195659069,0.142584356324602,0.202003681696766
"gene_174",233.891270996331,-0.100606489580213,0.0972759698894623,-1.03423784614571,0.301024985325516,0.482817449415962,0.0638796805022448,-0.0919682382761298,0.0934261505683227
"gene_175",352.609228305585,0.332127893408643,0.10951788712329,3.03263605729309,0.00242427783831178,0.0124534820461222,0.0833638544166146,0.308089932071437,0.108053837960568
"gene_176",201.530796653959,0.132784517964719,0.116836204276571,1.13650147047224,0.255746750494479,0.434450878529693,0.0930292530949196,0.118198022761674,0.110875080641929
"gene_177",137.815412252615,-0.53194220236155,0.102377876380584,-5.19587064283385,2.03763916940113e-07,2.72898103044795e-06,0.0679852097515229,-0.508393414961703,0.102792816733992
"gene_178",106.07646109818,0.0521319635406611,0.133554808932105,0.39034134343424,0.696284155498124,0.828960518352286,0.119013429911625,0.0444270711199629,0.123650655280787
"gene_179",965.842088192987,-0.144229423694143,0.0686414201345261,-2.10120104466773,0.0356233217502736,0.109948523920598,0.0329073718081665,-0.135850279412829,0.0675719441074268
"gene_180",643.137040685039,-0.00806263594338021,0.0865006033730085,-0.0932090139141857,0.925737513498838,0.962555841617234,0.0523437847113377,-0.0071450612830031,0.0835132397439532
"gene_181",293.579372427862,0.00150044213495085,0.114812036603197,0.0130686832090309,0.989572996243833,0.996918644294347,0.0913119323495457,-0.000735046880099978,0.107980425164646
"gene_182",50.3020810806795,1.86984315963411,0.235261463586203,7.94793644114594,1.89643901977957e-15,3.46909576788946e-14,0.369914530614795,1.81387069850997,0.240792471868833
"gene_183",25.9767318863922,-0.206518738073648,0.196475942885984,-1.05111463032139,0.293205945418183,0.475983677626921,0.239430592518251,-0.152990579917396,0.174277923340049
"gene_184",83.3650795119074,-0.23382822810201,0.123224759742073,-1.89757503760969,0.0577520853273934,0.158389781866262,0.0965781155956723,-0.207830583338312,0.118573702470512
"gene_185",30.3439379554011,0.150642134045274,0.198850625329963,0.757564296291781,0.448711861080237,0.627276599832577,0.251951596180613,0.109732453435483,0.172420569967155
"gene_186",303.558235814505,0.127834806221277,0.102881230183433,1.242547411159,0.214034659155236,0.385229067591848,0.0729184102910429,0.114962403859344,0.0987640373396521
"gene_187",306.232716041202,-0.297299697047157,0.106473084593543,-2.79225212815133,0.00523425534598143,0.024010345623768,0.0783684781038034,-0.273679237869132,0.104733773819377
"gene_188",102.637429116941,0.214784990373692,0.114788506459687,1.87113672786677,0.0613261319869967,0.164855193513432,0.0847537165862628,0.193298699021633,0.110850448469922
"gene_189",213.554607061736,0.332064164674334,0.106656482669005,3.11339879550363,0.00184945927358254,0.00999614232874835,0.0769573767776244,0.30824788804188,0.105363937255503
"gene_190",408.429123644725,-0.0983526513813606,0.0976163101655432,-1.00754321910517,0.313673799519974,0.493787138207527,0.0661952610012242,-0.0894579969028107,0.0938873521501131
"gene_191",3866.97655485086,1.12285290390014,0.0858098331656958,13.0853640250291,3.99242887628836e-39,1.53554956780321e-37,0.05276468218027,1.11253739236391,0.0863027349492455
"gene_192",1589.32741288511,-0.0342407766188951,0.0918725369860847,-0.37269871652811,0.709372691809386,0.839163278954321,0.0601984780649355,-0.0285302878248413,0.0884197475173937
"gene_193",14.3083199979013,0.191207693754686,0.256438180187275,0.745628804630608,0.455891677620519,0.635720399284071,0.396173778082434,0.118729094071754,0.207270277847188
"gene_194",554.983411057949,2.06399900005713,0.0853043018612006,24.1957199698496,2.46792212818474e-129,7.40376638455423e-127,0.0495444999595352,2.05739332846116,0.085463561251043
"gene_195",269.219593064706,0.079392015764699,0.107555030944155,0.738152507305038,0.460421779308996,0.640661102934596,0.0792579674462496,0.0712071640671715,0.102202357725015
"gene_196",661.786986411492,0.206403455092245,0.0937761892073939,2.20102199542111,0.027734466750719,0.0908334063888177,0.0617952296036731,0.191748132220598,0.0914439974522314
"gene_197",5.35961623803213,0.289586524303981,0.401839973710963,0.72065136185848,0.471124044475024,0.647741582687934,0.971211559803096,0.111383937288094,0.26521809058785
"gene_198",11.2074958252443,-0.321270551035986,0.271808687976238,-1.18197307609267,0.237216384109307,0.41183400018977,0.441566837659993,-0.197654362312187,0.229111212966164
"gene_199",45.1845817643847,-0.0659052426793007,0.150101691413545,-0.439070619782194,0.660610366863781,0.803662246792921,0.139645187472644,-0.0539938346441481,0.13639425058118
"gene_200",7.09589346579869,0.396401447552239,0.375507900525106,1.05564076547502,0.291132368984739,0.474672340735987,0.872899912832632,0.168748041323952,0.276819766878696
"gene_201",42.5317149469781,-0.56415101237832,0.176346578128134,-3.19910382365575,0.00137855513517769,0.00783269963169141,0.199467320057624,-0.493945606397386,0.17909263758652
"gene_202",87.0760754524182,-0.16962705321244,0.128598687280621,-1.31904187203941,0.187155114407618,0.354908560823549,0.10755253907425,-0.147286255501653,0.121645807667241
"gene_203",176.723829006016,0.119598249440717,0.11300847718274,1.05831219411373,0.289913135411376,0.47319880643859,0.0863265640487919,0.106885069658503,0.107527298097677
"gene_204",5.91025419844494,-0.0160383399808421,0.32892897475712,-0.0487592800016623,0.961111133403027,0.980058939568008,0.599341324272412,-0.00689391665562908,0.228226953368521
"gene_205",1331.1776969734,0.0943068303233502,0.0913541869534537,1.03232083244746,0.301921845034782,0.482817449415962,0.0593838862993313,0.0876461441746902,0.0881921611803333
"gene_206",994.343330020914,0.159841713726496,0.0791988573223439,2.01823257469399,0.0435670450874754,0.128179585274262,0.0441378640252413,0.150797369804803,0.0775432550013715
"gene_207",9.45680494853451,-0.0195282893024062,0.319016988207154,-0.0612139479221886,0.951188821729136,0.975140190383153,0.627108304247112,-0.00917994692656178,0.229023373044926
"gene_208",20.4344753055962,-0.562671142810124,0.209651320367295,-2.6838425907567,0.00727813644650731,0.0313712777866695,0.262574649752987,-0.46341839991388,0.210886987570914
"gene_209",102.022522669813,-0.0951732969409231,0.122978172848711,-0.773903976098312,0.438987578115891,0.617133427529369,0.0991502356568417,-0.0828721958085706,0.115578167661148
"gene_210",3243.57669274281,0.143807724558426,0.086502259651248,1.66247361789411,0.096417848834944,0.227043600082286,0.053604826442817,0.134582195793049,0.0841820570010258
"gene_211",7.82309966491313,-0.254545852813262,0.303954634668291,-0.837446854827697,0.402341438001173,0.585365816684538,0.535277293089361,-0.13591608623598,0.23469583464918
"gene_212",11.4329810243024,0.0956067083608706,0.287589455808871,0.332441633132788,0.739555805706675,0.857101427694025,0.506905872507144,0.0516362964020685,0.217005845459693
"gene_213",648.7132940637,0.101172457412268,0.0791727126771473,1.27787029130645,0.201295164779432,0.370027876432779,0.0435733585441449,0.0958915356000129,0.0771112028379517
"gene_214",132.31523474113,-0.349692638321347,0.111963095111197,-3.12328484644022,0.00178844569961391,0.00971981358485819,0.0826054207959602,-0.32265127990351,0.110673180497181
"gene_215",263.094325707861,0.0895098793348983,0.0961666254034994,0.930779040642525,0.351967873678709,0.532209486409338,0.0626574356480089,0.0820194526432902,0.0927090904866212
"gene_216",135.322716281486,-0.317122776809367,0.115939392488955,-2.73524614888401,0.00623336443305517,0.0276059502430479,0.0892537395160204,-0.289125485485535,0.113959675143494
"gene_217",5.56667878593225,-0.247157452043072,0.440176515185874,-0.56149622598267,0.57445930237682,0.730049924144305,1.21355950040191,-0.0857650796641513,0.266079301923834
"gene_218",14.3336029823332,-0.507912485329613,0.220372226791386,-2.30479354283798,0.0211781389207712,0.0739966117967549,0.277554832080909,-0.398518825177765,0.218151330651343
"gene_219",117.008255444748,-1.11293248922706,0.129919689675747,-8.56631117273074,1.0685289108878e-17,2.13705782177559e-16,0.111382345619173,-1.08571633302697,0.131618460832495
"gene_220",5.32355314125422,0.0188189971930242,0.373551619640808,0.0503785720729032,0.959820711708639,0.980012181843147,0.814922893997009,0.00768753171190545,0.243181278964511
"gene_221",27.3305982263592,-0.183323531958732,0.186184087534004,-0.984635875099962,0.324802961198337,0.504144076074861,0.211926975665209,-0.139000806925739,0.165986363989687
"gene_222",588.687788515704,0.137103592381247,0.092741221721189,1.4783457650949,0.139315253995274,0.290921458414411,0.0601433879920744,0.127483179722384,0.0897389295011457
"gene_223",182.033139094141,-0.104146482348085,0.113152963357943,-0.920404373490711,0.357361484029197,0.537655191618652,0.0867608689225389,-0.092734662718385,0.107329329359116
"gene_224",183.770066906393,-0.109316311550739,0.111190895770862,-0.983140847934287,0.325538122657262,0.504144076074861,0.0836114484696001,-0.0971820292785404,0.105658419999901
"gene_225",113.108951894675,0.235290723827431,0.109905052241521,2.14085448328953,0.0322857746919953,0.102170173075935,0.0780827880929004,0.214223348229944,0.106738794936019
"gene_226",36.2756036466236,-0.0616635476956991,0.180015553944292,-0.342545665330573,0.731940284200179,0.852051180330243,0.205980793145987,-0.0464309158953025,0.157213283192888
"gene_227",5288.90043351167,-0.12376030555912,0.0927905368259133,-1.33375999097095,0.182282526954231,0.348706729124622,0.0618516891009626,-0.114181441768608,0.0896986623594356
"gene_228",267.885053047253,-0.24066847599277,0.106368266154899,-2.26259658724056,0.0236605687050017,0.0804781248469446,0.0776328775808233,-0.220741653703095,0.103621232411847
"gene_229",522.31727329887,-0.0868183979961999,0.0937951537134291,-0.92561709810141,0.35464500451016,0.534596594613059,0.0614361948407694,-0.07959796156657,0.0902722119821933
"gene_230",771.562882229338,-0.0192425908800264,0.0996978867939085,-0.193009014522082,0.84695190826501,0.921936039475701,0.0702935967845938,-0.0160575990461439,0.0951784664661016
"gene_231",799.905826974539,0.268005154404191,0.0868009791132264,3.08758215796847,0.00201791983221326,0.0107718140509605,0.0529227036609019,0.253986157596863,0.0856099323587283
"gene_232",5663.4363040799,0.5937903383321,0.0800670230814671,7.41616605038415,1.20559333239082e-13,2.12751764539556e-12,0.0460117014741408,0.576420372474421,0.0804138343104627
"gene_233",25.9419744416794,0.996871761643376,0.229334502596744,4.34680237973721,1.38136571976436e-05,0.00014000328240855,0.336076122540608,0.902469656560837,0.23826849533574
"gene_234",107.46705385116,-1.91201979528301,0.120923225792281,-15.8118490699829,2.57788220224885e-56,1.33338734599078e-54,0.0909653461553992,-1.8973301757232,0.121448271647075
"gene_235",271.760839674787,0.500482403720744,0.0925608752063245,5.40706213727057,6.40669216205531e-08,9.15241737436473e-07,0.0578198455786593,0.481075874175491,0.0927769023921656
"gene_236",131.906969051323,-0.406629370519792,0.108247494246468,-3.75647836793284,0.000172321159154371,0.00134625905589352,0.0766571105722995,-0.381094468017471,0.107817263935915
"gene_237",101.082100670087,0.107258780151583,0.140227758781236,0.764889784189684,0.444337177627316,0.624069069701286,0.131782752588365,0.0902488289305388,0.129718121467633
"gene_238",63.3093087656873,-0.548786293948723,0.147938648649705,-3.70955324357572,0.000207625292347331,0.00159711763344101,0.141091057325872,-0.499528122798382,0.148785554624269
"gene_239",531.169361843487,-0.378678478672049,0.0984364269942951,-3.84693441477711,0.000119604969428996,0.000949245789119019,0.0678565704104072,-0.356805232200558,0.0978481795237459
"gene_240",562.215300684172,-0.021800738360367,0.100256957748851,-0.217448632492709,0.827858734505468,0.915098085304496,0.0706581206589982,-0.0197992588372919,0.0955755071277028
"gene_241",38.2469121082514,-0.431255257824821,0.167814846286085,-2.56982780349261,0.010174907703137,0.0422780098468298,0.175873605316445,-0.367258171473264,0.165573841077206
"gene_242",61.9508134006282,0.24170314378541,0.162063315032144,1.49141182097547,0.135853406460543,0.289153954463197,0.173081488638917,0.198337754697984,0.151457389965772
"gene_243",137.945171209275,0.295285001812127,0.111748562270472,2.64240537696969,0.00823194635195496,0.0350793168407171,0.0824644763110906,0.270643146016298,0.109593024729081
"gene_244",187.854034068162,0.0477571865671976,0.111321271982341,0.429003241849172,0.667920865468957,0.809274069631208,0.0836301210244313,0.0429946718939363,0.105206705341689
"gene_245",23.65529384057,-0.225236389282763,0.183206013109227,-1.22941592069075,0.218915904091565,0.391829636295334,0.197832381875941,-0.173909480329949,0.166454516693793
"gene_246",1524.9917175621,0.0798586484869571,0.093504285799269,0.85406404427701,0.393069504814336,0.575785407442875,0.0623028283019344,0.073951591849373,0.0900125764396603
"gene_247",4.58049896812259,0.867235142455789,0.445727328101531,1.94566293736031,0.0516952414512309,0.144400115785561,1.19696884618005,0.393738879866789,0.432467091494906
"gene_248",71.7574305702789,-0.414345156304982,0.110721660413202,-3.7422231093599,0.000182399461845926,0.00141761239776627,0.0737096918872808,-0.387018391605391,0.110409073210328
"gene_249",6.41965983510972,0.306015608691738,0.348718374730628,0.877543688164193,0.380191400148763,0.561859212042506,0.719559746161853,0.142639736278858,0.255133112021174
"gene_250",6.04470010855311,0.05007175295733,0.405295948468295,0.123543679986347,0.901676587569797,0.948827712788011,1.0143556626245,0.0191545762412408,0.249839899131471
"gene_251",283.49291868023,0.00747287902348813,0.0900991928095652,0.0829405768293941,0.933898789529483,0.967436591363415,0.0549713672841296,0.00711340946583276,0.0867509391408449
"gene_252",178.151473100107,0.211945830640526,0.108192989175892,1.95896085555009,0.050117371211776,0.141841616637102,0.0786736798491337,0.193110385919282,0.104865128542227
"gene_253",11999.5802879391,1.87972323001213,0.0827568361793877,22.7138121367708,3.27191735897785e-114,7.01125148352396e-112,0.0492281924070064,1.87655027282676,0.0829286498366189
"gene_254",3.83049474209058,-0.0230609807516934,0.464595810245953,-0.049636652425869,0.960411938206284,0.980012181843147,1.2815276205195,-0.00696957890286804,0.263627079462329
"gene_255",9.65886724934918,0.783199232376486,0.339043355875377,2.31002678213334,0.0208866714269228,0.0738915262744911,0.711592099939963,0.518369359507784,0.360270981925463
"gene_256",36.1151141571376,-0.00772916176003974,0.181334404517329,-0.0426238020336681,0.966001421450612,0.983708168483311,0.208723934033376,-0.00574138497280938,0.157287340736092
"gene_257",334.662927060251,-0.0879993781059232,0.0811406039718375,-1.08452949322963,0.278130097454337,0.459104564207222,0.0444153301957323,-0.0827115324739135,0.0788661798729122
"gene_258",133.590784145043,-0.107866802225213,0.126893553461471,-0.850057384971607,0.395293182713896,0.578477828361799,0.108525554591081,-0.0930298765098109,0.118880758298669
"gene_259",145.369635269789,0.0897958690559494,0.109497811920975,0.820069985697571,0.412176211379681,0.593913849250261,0.0794971145079808,0.0804202663464247,0.104074920413621
"gene_260",212.472796889617,0.353212889036047,0.107284117057004,3.29231296043917,0.000993669687540611,0.00615976678938281,0.0780582718784119,0.328650894540017,0.106178462090932
"gene_261",32.5854536418181,0.0501068730639357,0.179907048950536,0.27851534087312,0.780616790422146,0.880394876415954,0.202315928303596,0.038008229854659,0.156938559782205
"gene_262",483.136254229047,-0.119436501358689,0.0871584537230085,-1.3703375433697,0.170581558672157,0.338903758951305,0.052665725412629,-0.111353825200669,0.0846233381932834
"gene_263",199.134595971431,-0.0574685356367804,0.0982546805681987,-0.58489361834413,0.558619249873797,0.717744608112291,0.0645036944571262,-0.0521134497667372,0.0941375960061866
"gene_264",461.855746966038,0.120390980927666,0.0991120674626774,1.21469548572379,0.224482254930505,0.398489209935808,0.068619301584758,0.109299308674972,0.0953770505140569
"gene_265",36.5301924513859,-0.0670328848077576,0.150736608336148,-0.444702090273067,0.656535058544183,0.803235139641348,0.136274623981112,-0.0551559736046856,0.136612267002187
"gene_266",16.579688697847,0.378742099791965,0.24583272692062,1.54064963008063,0.123402081989313,0.270141201471777,0.37386848753404,0.26116872838102,0.222387698023863
"gene_267",24.9892393948109,0.0509639813370602,0.159684614821906,0.31915398608626,0.749609747494273,0.860301929029388,0.143758022066736,0.0407411958934787,0.143056091884841
"gene_268",2424.76235957896,-0.118519614101959,0.0781104646208568,-1.51733336470658,0.129182538452491,0.278811234070125,0.0435505046381246,-0.111687034198246,0.0762495983054365
"gene_269",33.481969145266,0.0549675187688696,0.162991408788997,0.337241816469165,0.735934616735983,0.855075077539872,0.161579339014765,0.043271239204599,0.145988819419172
"gene_270",29.8876209148437,-0.633943924165831,0.182955129100325,-3.46502405963269,0.000530184045068073,0.00368183364630606,0.205903864184148,-0.560472063085924,0.185962032548426
"gene_271",11.4812460284392,-0.179411977300804,0.24801420154514,-0.723393967696441,0.469437876241381,0.647056341211246,0.353926532065348,-0.112354610405496,0.203412333304608
"gene_272",5.4322488777084,0.218865741925056,0.422748903706315,0.517720424597724,0.604653345691756,0.757078479580663,1.09666113361984,0.0790435206747536,0.261697332007545
"gene_273",116.178686514338,0.262647925176811,0.107782746828104,2.43682716303093,0.0148167594311952,0.0561240887545273,0.0749899292246502,0.241452406713735,0.105503322547491
"gene_274",41.7094687835062,-0.195729545133983,0.1385275861814,-1.41292828763852,0.15767681070452,0.32004765366276,0.114103327252671,-0.167356612621104,0.130505098809363
"gene_275",499.167299245533,-0.542148836102876,0.0829952632642805,-6.53228647972982,6.47731045733837e-11,1.06768853692391e-09,0.0474253862468812,-0.526767324265968,0.0831959451920942
"gene_276",1372.56229024017,0.274729564031363,0.0807263541455011,3.40322026108339,0.000665965697885321,0.00445959172691063,0.0462137849784303,0.258436529446209,0.0797743421089947
"gene_277",4.63218050894144,-0.954561996752019,0.362660545722231,-2.63210875296906,0.00848566954818135,0.0359562268990735,0.705095704343007,-0.681906496276978,0.39726059036086
"gene_278",1176.16491726075,-0.246734704064002,0.0876513762993098,-2.81495527487735,0.00487840227290683,0.022655118914428,0.054493288496952,-0.232711534565116,0.0862064398607782
"gene_279",9.27458351753967,0.382057131696631,0.299633764456548,1.27508037149811,0.202280796077394,0.370930555154145,0.535344311208764,0.217055131234707,0.252669798559284
"gene_280",333.841673476681,-0.145978399333474,0.0903809924365066,-1.61514490379186,0.106279318687208,0.243759905245889,0.0558194919789659,-0.136821346311749,0.087835092002169
"gene_281",345.965720462498,-0.117639883649057,0.104840720087876,-1.12208198828139,0.261827581404136,0.440367380198898,0.0762016664965101,-0.106322769648039,0.10058509750675
"gene_282",99.3047466103731,0.272481172469885,0.116471246900305,2.33947158394483,0.0193110405504509,0.0697989417486176,0.0873987973206765,0.247450016648721,0.113384923963304
"gene_283",46.2904714089061,-0.039463946702591,0.166080842931312,-0.237618896954374,0.812176692601777,0.902418547335308,0.176585158848581,-0.0306225000381026,0.147512999001773
"gene_284",7.13512076850377,-0.6695898668163,0.383528645867489,-1.74586663611991,0.0808341285614117,0.202085321403529,0.909259545715957,-0.335377614251249,0.349142661227054
"gene_285",363.026649209068,-0.0191261981063075,0.0903192613772782,-0.211762118230953,0.83229262352356,0.916950363270912,0.0559623982391022,-0.0176526393449663,0.0868879647596848
"gene_286",4923.13330308379,-0.158171543573853,0.0854357465974332,-1.85135086744364,0.0641190925507314,0.170227679338225,0.0523994641637057,-0.145044270371353,0.0832039716906964
"gene_287",65.243377774641,0.225603293039662,0.152946364788761,1.47504841550991,0.14019952740571,0.29167724148206,0.153218619655605,0.18824041220412,0.143876035283193
"gene_288",1312.96524683805,-0.458579212616118,0.0843232358003555,-5.43834932641644,5.37764594993021e-08,7.75622012009164e-07,0.0504503284003412,-0.442346177848306,0.084318356293053
"gene_289",8.55010287976307,-0.344243369374924,0.327144760787376,-1.05226618499527,0.29267744135409,0.475640478906972,0.643113657603911,-0.178235472540783,0.253523043416539
"gene_290",56.6721005254104,-0.0243159866793119,0.139310089038581,-0.174545769420748,0.861436563986988,0.928272159468738,0.122094274043477,-0.0200813023907788,0.127710921735542
"gene_291",256.106292875965,0.203695969326253,0.102568295775629,1.98595450753949,0.047038375498954,0.135167745686649,0.0718947957312839,0.187180880955775,0.0998689696904454
"gene_292",6.2402732713252,-0.210312345460118,0.351545093244891,-0.598251403593369,0.549672197124508,0.71078301352307,0.727100973026247,-0.0943349392937324,0.245389987426922
"gene_293",333.616067637446,0.0627856261883196,0.103620691283585,0.605917847203802,0.544569307508499,0.707232866894155,0.0743754637944998,0.0574746898472199,0.0987308253877547
"gene_294",620.285453533517,0.0265992965030328,0.0969294827064004,0.274419049399057,0.783762605404658,0.881823210328578,0.0660852621539012,0.0242945636528603,0.0927802213737953
"gene_295",48.866194484337,0.426401334053865,0.171404079861787,2.48769652623027,0.0128573394108408,0.0505509247797323,0.190742487936871,0.362078134622378,0.168526232688904
"gene_296",290.156585822123,0.0389960567658113,0.10274503113914,0.37954202099566,0.704285406091839,0.835121034891509,0.0724616885682714,0.0349685639970723,0.0979452643554212
"gene_297",33.6657692071966,-0.354608134092596,0.153863962718791,-2.30468608650549,0.0211841606857273,0.0739966117967549,0.139100379208302,-0.305042810121442,0.14958805586056
"gene_298",114.111088338765,-2.05620931499396,0.127519223080401,-16.1247007731338,1.71085707043065e-58,9.87032925248452e-57,0.101590801891772,-2.04120224401682,0.12811574719721
"gene_299",42.2836595606643,0.261704469515182,0.166634386308475,1.57053100091065,0.11629162802581,0.260743560595986,0.176313930373221,0.213526020328964,0.156291572738052
"gene_300",2960.45260055875,-0.0786038477762228,0.0908516219999672,-0.865189261852156,0.386934918196266,0.569021938523921,0.0591319411917353,-0.0726437612060293,0.0875805291498425
"gene_301",70.3818996692678,-0.202985736650566,0.128921543114765,-1.57449043617071,0.11537411083859,0.259462018377638,0.104481170984595,-0.177460247707124,0.122697613995561
"gene_302",20.9377868012077,-0.150746967983303,0.188608618513521,-0.799258110108562,0.424140763178968,0.603043739117016,0.20837962482016,-0.112306560035304,0.165775800480513
"gene_303",138.076723592987,0.185363035000701,0.107735689362011,1.72053509935643,0.0853352192065258,0.209907251510256,0.0761541501111519,0.168085564230641,0.104018251143593
"gene_304",51.086663924702,-0.0237451320754803,0.156194665414735,-0.152022682800537,0.87916904529412,0.938614639104043,0.156003314170078,-0.0189463402887977,0.140430581649347
"gene_305",48.3227611326412,0.400460381211441,0.167415107409134,2.39202057334517,0.0167559031065185,0.0625220265168601,0.180924645768889,0.340139747139044,0.163806061758313
"gene_306",92.8242746763273,0.172943446189093,0.142830253295445,1.21083203452253,0.225959785040086,0.398752561835446,0.136213891203862,0.146002510002839,0.133236252104452
"gene_307",253.578903151991,-0.148647528266205,0.101396080653244,-1.46600861994412,0.142645938532479,0.295833553620083,0.0700606093455778,-0.13564996547112,0.0977047069199723
"gene_308",21.8662461964065,0.28839951449823,0.248329635679215,1.16135761931683,0.245496496387645,0.421286607816494,0.397592762797493,0.187184275477704,0.214660024325357
"gene_309",741.347942335525,-0.0336801442348882,0.0885138401999209,-0.380507095374202,0.703569030602234,0.835121034891509,0.0551072113682993,-0.0310319569308724,0.0852993092578015
"gene_310",2578.96563022849,0.250702977657116,0.0783340564199314,3.20043400169594,0.00137220791558082,0.0078262808873431,0.0438257200373385,0.24105775864952,0.0772911896340136
"gene_311",24.5453324107878,-0.0368086238779589,0.198041644637462,-0.185863048882175,0.852552159959913,0.923957214785195,0.241927876197013,-0.0262587408649112,0.168227153178714
"gene_312",445.888482469372,0.0177108823461159,0.0978331587118206,0.181031488498552,0.856342860092213,0.924776306795046,0.066676507408089,0.0157528980558776,0.0935342390053854
"gene_313",173.497044090913,0.333649161968281,0.110969946979833,3.00666235362729,0.00264132964750686,0.0133407478122475,0.0827451767848453,0.307844711271298,0.109578051743823
"gene_314",114.79276630476,-0.319020674396355,0.129803539693829,-2.45771937459363,0.0139822384622964,0.0540550456016613,0.112423614397719,-0.283605559089353,0.126667493158919
"gene_315",6297.23135070678,0.232124269408077,0.0696556248167386,3.33245549112203,0.000860832386757531,0.00551815632536879,0.0348003767463351,0.221539402340444,0.0689790286100706
"gene_316",242.12307510619,0.186933237626589,0.0892469759251551,2.09456102785327,0.0362100326824162,0.111529874791836,0.0532143971261555,0.175063648272782,0.087144970285993
"gene_317",19.8943470073583,-0.071543514724626,0.205952293443412,-0.347379063026961,0.72830656044409,0.850744894576071,0.254754396204681,-0.0502099515966235,0.173537665832711
"gene_318",702.797255319924,0.0101807424929832,0.0885956176756242,0.114912483936373,0.908514489896834,0.951335788776157,0.0551283674531557,0.00954614413815546,0.0853437364598542
"gene_319",45.0807290717877,0.146385289546815,0.15165164204136,0.965273356597694,0.334407913059729,0.512371674759543,0.143487064155917,0.120600452624901,0.139431383601208
"gene_320",404.315289877018,-0.0314783651020297,0.089712169043324,-0.350881774877476,0.725677044817956,0.849738928358263,0.0554715584122204,-0.0291735048292751,0.086351829255933
"gene_321",16.6504197521673,-0.0268624655480293,0.219129134403245,-0.122587375800959,0.902433851689488,0.948827712788011,0.285317684892536,-0.0179709329771292,0.18045691391427
"gene_322",29.7553566860973,0.123130305557026,0.204427140286313,0.602318779123821,0.54696196287626,0.709725730375769,0.265538862248846,0.0876062119880749,0.174992492038497
"gene_323",172.13026757147,0.0365725360834467,0.112915969772575,0.323891617431156,0.746020090520924,0.859214019557658,0.0858708066748014,0.0333110630444983,0.106513369164953
"gene_324",235.290922904931,-0.171643008616007,0.115774615387382,-1.48256168281527,0.138190903860737,0.290921458414411,0.0919437463285603,-0.152904507422611,0.110956960963177
"gene_325",7.10258245380226,0.141881742592177,0.446540916069674,0.317735144723085,0.750685849973895,0.860324432081133,1.28659713697134,0.0470642980971147,0.26192373262381
"gene_326",64.5847343668836,-0.100840029639405,0.139519775271168,-0.72276513808465,0.469824188866824,0.647056341211246,0.123955025585421,-0.0851597226691548,0.128772526455823
"gene_327",418.981038875274,-0.139309082706276,0.0992146091058107,-1.40411864706038,0.160283521753433,0.323152261599663,0.0685206982288466,-0.127059962812833,0.0959457379393457
"gene_328",159.82640359451,0.566607105939094,0.108369740509623,5.22846232974768,1.70925650318249e-07,2.35218784841627e-06,0.0781602433067211,0.54084349418358,0.109036292397311
"gene_329",440.866597445974,-0.0425859119426125,0.0919983302515567,-0.462898748555188,0.643436944575037,0.793061147791746,0.0587119445772802,-0.0406099755866521,0.0884333867295452
"gene_330",441.574917917057,-0.267234809662001,0.094642739637242,-2.8236165889353,0.00474851518583256,0.022189323298283,0.062242481334276,-0.250626090646302,0.0932037709061986
"gene_331",919.975533876505,1.92216296019639,0.0974646522232535,19.721641809109,1.4058997229643e-86,1.17158310247025e-84,0.0668339342593819,1.91290867087999,0.0977482040061142
"gene_332",862.082098586684,-0.197756762588193,0.0896481764178104,-2.20592063877057,0.0273895568733877,0.0902952424397397,0.0567497420019234,-0.185048762166569,0.0875974492792971
"gene_333",11.1021957909448,-0.193669784193773,0.274752580009581,-0.704887954781058,0.48087996668824,0.658739680394849,0.453769337138869,-0.11292484341513,0.215630134288634
"gene_334",58.1460974866668,-0.0557177980061961,0.147745068504548,-0.377121203233129,0.706083534651998,0.83659186570142,0.139947000086136,-0.0457092645511694,0.134445147266077
"gene_335",4608.23546846489,0.288085285611591,0.0841815299838729,3.42219113464416,0.000621186293418426,0.00421619656166352,0.0508465921292077,0.274047964194651,0.0832631643604178
"gene_336",681.796318347002,0.112126488503,0.0869063545701862,1.29019896252173,0.196981586282684,0.365370941736563,0.0529490653396618,0.104444230950717,0.0843609387029819
"gene_337",11.0781738618315,-0.298840758579542,0.303900573041496,-0.983350428032056,0.325434999017999,0.504144076074861,0.567803135471698,-0.162207203565272,0.240046968038715
"gene_338",4.51584904030488,0.327668751211466,0.460730355763221,0.711194187907735,0.476963909723826,0.653972453917495,1.29449834271014,0.108304270517517,0.276690490986513
"gene_339",1666.8688497127,0.113846632502622,0.0740689407323507,1.53703605555814,0.124284480233474,0.27057579150974,0.038923432339139,0.104581591495383,0.0724468418746908
"gene_340",3864.09783780454,-0.258050352526578,0.0832517128447824,-3.09964016004928,0.0019375588022005,0.0103797792975027,0.0496817039127308,-0.249588605496982,0.0822433504192152
"gene_341",17.5562089044805,0.242350041222464,0.208790525896125,1.16073294122088,0.245750521226288,0.421286607816494,0.256730219834111,0.176118012630391,0.18459426395418
"gene_342",56.9948631312826,-0.0132815454240394,0.154757993647869,-0.0858213854481714,0.93160840606753,0.965730897789423,0.154409342303852,-0.0105248125512758,0.139011813876088
"gene_343",18.0172114344597,0.0456310570508348,0.236201215168384,0.193187223945081,0.846812344080889,0.921936039475701,0.3453876112692,0.0293257121979376,0.190846062776039
"gene_344",195.540379476272,0.414961120925248,0.0991342240048596,4.18585130504382,2.84099293458791e-05,0.000271432445979737,0.0655292916522533,0.393264133521555,0.0988179338210967
"gene_345",325.629634965302,-0.0352033540625412,0.107023886538377,-0.328929879124863,0.742208689534097,0.857208613264601,0.0793986129415676,-0.030988846173094,0.10163929053027
"gene_346",29.2701565614214,-0.257745931806312,0.148027215795589,-1.74120637492928,0.0816474102218108,0.203103010502017,0.122905990606885,-0.219043788605443,0.140568126710661
"gene_347",4247.91544799801,0.0468749324471172,0.0897319877136155,0.522388210063072,0.601400063169924,0.754264293273316,0.0577896483900899,0.0434850288946072,0.0865058308847395
"gene_348",1294.05981583012,0.269047957036042,0.080361030469878,3.34799038119466,0.000813998365301822,0.00530868499109884,0.0457476215700099,0.256720950838383,0.0794186296847772
"gene_349",130.229120308952,-0.0876154201064808,0.107251956892858,-0.816912088550575,0.413978668980645,0.595367213299106,0.0750589748410826,-0.0790701892872113,0.102051470653462
"gene_350",907.446787339973,0.285748707726746,0.0992826773316301,2.87813257465117,0.00400036983194702,0.018869669018618,0.0699192870038839,0.267580075315222,0.0982001665832615
"gene_351",287.216123604962,0.0411156624352053,0.101700423454326,0.404282116422756,0.686005274749827,0.823206329699792,0.0710069239952934,0.0376416724024005,0.0969378057479198
"gene_352",838.041258107486,0.278182540602006,0.0861313220078229,3.22974887784423,0.00123898992248617,0.00723145869155351,0.0522419560865098,0.261906564259249,0.0850014246398098
"gene_353",5.14431582501759,0.264564602812316,0.398605297975729,0.663725756170017,0.506865851498416,0.680661394133952,0.949177998766523,0.102945719544387,0.261673918738095
"gene_354",71.2256431174948,-0.116225916580838,0.139543486933722,-0.832901048517162,0.404900538272206,0.586812374307546,0.125906347397316,-0.0977832268716474,0.129164230008128
"gene_355",1831.45010621972,-0.280556871903321,0.0812146334754976,-3.45451133493036,0.000551291041741717,0.0038107675696432,0.0469802115814632,-0.267212975178036,0.0805508606117997
"gene_356",322.948303226288,0.29057162153871,0.122345125087966,2.37501593406186,0.0175481926399343,0.064833224039166,0.104704125154861,0.261618842084225,0.119330458293487
"gene_357",56.6502376746242,0.0428560538515161,0.140648377688559,0.304703506402421,0.760591978812414,0.866277880196372,0.124960756002886,0.0356369995765503,0.128687762593722
"gene_358",57.8199008555865,-0.0679536529971016,0.153227257806607,-0.443482797837889,0.657416559024308,0.803235139641348,0.151839693171805,-0.0550216432849597,0.138483523089004
"gene_359",709.344233964895,0.130183126455225,0.0767443416704347,1.6963221472962,0.0898248884508239,0.215925212622173,0.0410040943264345,0.123322770195899,0.0749990401600755
"gene_360",2798.70652379692,0.886755402418415,0.0841614554030931,10.5363601208092,5.87280983411419e-26,1.54547627213531e-24,0.0506481331900288,0.873957757301803,0.0846182349866435
"gene_361",83.6533156294774,0.0760540454556871,0.122693131002317,0.619872072987124,0.535342013319466,0.701421444596711,0.0959280622656003,0.0662537385914117,0.115046692164341
"gene_362",4.50789918086069,-0.249800158606127,0.40506234981684,-0.616695574691355,0.53743554066698,0.702836365301195,0.950732837885114,-0.0932727267525371,0.26230685444246
"gene_363",533.799249954137,-0.0359208611163618,0.0978213073492892,-0.367208965916798,0.713463151958734,0.842010014113376,0.067072298785761,-0.0335048770733923,0.0936446896301909
"gene_364",167.847481618725,-0.139672782020427,0.10659556623064,-1.31030573746583,0.19009242729775,0.357442047811647,0.0747469683398332,-0.125654708687578,0.102132600448361
"gene_365",140.947915473997,0.105649003429703,0.121120437267357,0.872264052320891,0.383064343637797,0.564718143379262,0.0970681155738912,0.0935522585785663,0.114013312819033
"gene_366",55.2311649847407,0.2743942719343,0.154049324365132,1.78121048609031,0.0748780712454284,0.191326924599089,0.152521310896106,0.230785654464288,0.14696056294336
"gene_367",131.924453295108,-1.10942881782963,0.116298093029515,-9.53952716617693,1.43485010369041e-21,3.1651105228465e-20,0.0886025497673096,-1.08810320555038,0.117092040524304
"gene_368",600.012882542834,1.06962491106486,0.106281831347766,10.0640429083775,7.96583321394306e-24,1.95881144605157e-22,0.0794170184622033,1.05140433788911,0.106919100644754
"gene_369",129.139920583861,-1.06308123036836,0.0952420000025825,-11.1618952808585,6.26416942623045e-29,1.95755294569702e-27,0.0563675643998367,-1.04834076628924,0.0958629366165892
"gene_370",52.2047524236237,-0.108369808589998,0.15663657048659,-0.69185509011943,0.489028336208154,0.665043068279448,0.15699049278783,-0.087448221582953,0.142066918408545
"gene_371",4.23581058521761,-0.804759953929161,0.465832873676539,-1.72757226766259,0.0840649383469081,0.208081530561654,1.30650952707014,-0.336006695315952,0.397538365052914
"gene_372",144.818215678444,-0.263534803067755,0.104278832172605,-2.52721283483062,0.0114971804378108,0.0467365058447594,0.0713326669650386,-0.243072523024516,0.10206414555603
"gene_373",6.51700131489714,0.418512662844258,0.354670019266794,1.1800057521339,0.237997927143585,0.412236594359558,0.749863535566024,0.204143301523989,0.274235309003361
"gene_374",23.9806278135309,0.102562810430052,0.208839480318455,0.491108339637967,0.62334982337572,0.774481226637414,0.271604793025579,0.0720329040967665,0.176265707996808
"gene_375",4.21467321893592,-0.489125170404405,0.455810667409202,-1.073088467158,0.28323142498758,0.465841159519046,1.24495427714417,-0.165093963762097,0.299224661213678
"gene_376",843.694580034992,0.297508750518974,0.0949593188170537,3.13301268611822,0.00173021963741333,0.00947200531430657,0.0637873652418599,0.281568369217006,0.0936846871436018
"gene_377",17.986385614522,-0.225794733821827,0.230683271073132,-0.978808444892584,0.327674636280455,0.505151032292582,0.32766295504446,-0.152676459419502,0.196533767138634
"gene_378",381.151301142878,-0.349969466015592,0.102231539968007,-3.42330230108158,0.000618652348769339,0.00421619656166352,0.0725048251751645,-0.327730753145905,0.101390818693232
"gene_379",41.1246529120875,0.324484278128319,0.221975642401506,1.46180127971607,0.143795673338788,0.297098498633859,0.330478540307838,0.233385854186167,0.20172674908082
"gene_380",1019.94030634137,-0.0141560205688289,0.0892913844550781,-0.158537362313502,0.87403338205205,0.93576583540351,0.0564548497290611,-0.0123354912046971,0.0860207778602201
"gene_381",4686.38517109288,-0.0144689571168216,0.0890980516012169,-0.162393642249119,0.87099587713787,0.933876923307222,0.0569958892748928,-0.0128886485548462,0.0858189076697189
"gene_382",26.2480640326775,0.0889324623637172,0.200698933232808,0.443113777094953,0.657683440543973,0.803235139641348,0.252220744425693,0.0637882071529732,0.17080118756452
"gene_383",5536.95550736042,0.444408912972909,0.0896489502186281,4.9572126822358,7.15116818014467e-07,9.01407753799748e-06,0.0577300240983615,0.425708585027101,0.0896268927403965
"gene_384",4.89701434425546,0.28972014017154,0.427216225281338,0.67815809191411,0.497671461000566,0.671364306092834,1.10672099383428,0.100685707266429,0.270351899950981
"gene_385",2031.59201211238,-0.187023177009048,0.0896717668461965,-2.08564170849702,0.0370110902914046,0.113299255994096,0.057445785937666,-0.175001475288566,0.0874629625052898
"gene_386",9.22314360140266,0.269676925524598,0.277735883724676,0.970983374233101,0.331556557807494,0.509564381876272,0.446647374891529,0.15958470885846,0.225010482537531
"gene_387",63.3245318097578,0.160790574850649,0.118897979670468,1.35234068145051,0.176266356005504,0.344837826544397,0.086000935851089,0.142993942169435,0.113108137791461
"gene_388",738.205736768963,0.0504498722383009,0.0855221466232712,0.58990418540983,0.55525488795319,0.715534649424214,0.0513366807516803,0.04712753386404,0.0827866101350552
"gene_389",181.743823536834,-0.268554297441785,0.109490711276073,-2.45275872548353,0.0141765390316462,0.0546653176027487,0.0807391784344943,-0.245450586872495,0.107012584068822
"gene_390",17.3506568310026,-0.136980567747326,0.230440706725256,-0.594428691414498,0.552225423217421,0.712900022476703,0.324513840472713,-0.0904572323018478,0.190144412637681
"gene_391",193.90986579384,0.00616911966209242,0.0985248580871704,0.0626148545845583,0.95007320038129,0.975140190383153,0.0647093966752431,0.00604237666851306,0.0942987553859828
"gene_392",27.137444923266,-0.100311401953451,0.228054757028257,-0.439856652238224,0.660040933044808,0.803621265882477,0.33748822042782,-0.0660724851534173,0.187067516530191
"gene_393",642.682391542724,1.90939931660613,0.104902740407123,18.2016152218315,5.01082649417403e-74,3.57916178155288e-72,0.0769807751073896,1.89809426277014,0.105510151178531
"gene_394",10.7265512076159,0.235255727354991,0.324008764557091,0.726078282717376,0.467790781684066,0.646715366383501,0.661571467038225,0.118172426808534,0.238602783729531
"gene_395",90.4032260353639,0.140537600850186,0.133414710168054,1.05338909534908,0.292162699893042,0.475640478906972,0.116840184436259,0.120658195577939,0.124778923768544
"gene_396",2283.09514736747,-2.09227785260237,0.0754328157621649,-27.7369713892054,2.50236576630546e-169,3.75354864945819e-166,0.0402789184804888,-2.08719763696591,0.0755450567811773
"gene_397",21.553436421027,-0.00617635290089992,0.224634433971686,-0.0274951297167486,0.97806482430346,0.990612583696955,0.317140371943937,-0.00383334498054366,0.183482842644219
"gene_398",472.812560344298,-0.133936597230193,0.099906323944348,-1.34062181393844,0.180043271142453,0.347573882514388,0.0697769974236763,-0.124280355754892,0.0962250455971188
"gene_399",5.16779370814694,0.263660188501854,0.434731429997584,0.606489824081317,0.544189537563992,0.707232866894155,1.16807970867646,0.0930725608444797,0.267038189993793
"gene_400",48.9167436407253,-0.105646878051502,0.151792315046733,-0.695996223649236,0.48643119470572,0.662712799326594,0.145129838801313,-0.0861856475568084,0.138634298517146
"gene_401",28.2766046578917,-0.0632536402632512,0.206289900915792,-0.306624997066974,0.759128824690337,0.865766735310911,0.269551730014507,-0.0442466627701171,0.173527235677658
"gene_402",33.2700340701531,-0.055706981349967,0.158214522002186,-0.352097776139648,0.724764936126038,0.8493339095227,0.14920421149411,-0.0461509559246503,0.141954193624793
"gene_403",8.5498038003259,-0.390113548922037,0.328197873679746,-1.18865349293124,0.234576048600498,0.409144270814822,0.649607416655551,-0.20246601620685,0.262926725281802
"gene_404",58.5078106353537,0.621760764536886,0.132312597621037,4.69918039337191,2.61207654550519e-06,2.96826880171044e-05,0.108240040644459,0.583768258676672,0.133943073704317
"gene_405",332.274790210158,0.411963623512729,0.0926282628337467,4.44749378763736,8.6877970820525e-06,8.98737629177844e-05,0.0587676843330319,0.392733954044038,0.0923419893496528
"gene_406",81.2948400876023,-0.23295917178489,0.132742725190061,-1.75496752421905,0.0792648628738508,0.199492104548282,0.114488121962225,-0.202741141616331,0.126864081130209
"gene_407",400.797449030194,0.121968501848878,0.102873271512503,1.18561896647813,0.235772808683006,0.410754022095829,0.0736823546555141,0.110649767016261,0.0986862421432059
"gene_408",651.777589355443,-0.140424113918616,0.0885530697877036,-1.58576223563189,0.112793255331086,0.25442087668666,0.0549543247314621,-0.132041502952602,0.0861917343795107
"gene_409",305.861838303004,-0.420673275620987,0.101851612701484,-4.13025640402901,3.62358866902441e-05,0.000333459079971572,0.0713806992751201,-0.397307270985183,0.101583351202007
"gene_410",657.368378504967,0.948183570554512,0.1092684728771,8.67755854537281,4.0435508012849e-18,8.19638675936129e-17,0.0843384477731497,0.927202103767792,0.110142412217949
"gene_411",7.65723101738954,-0.0573175587825339,0.459371523231796,-0.124773861425476,0.900702581209135,0.948827712788011,1.38785555309818,-0.0177530003619508,0.261396351108941
"gene_412",10.8588789898438,-0.026084569847094,0.357068608351971,-0.073051982831775,0.941764751658283,0.972994183744387,0.826120292810475,-0.0113226340321398,0.237598813214132
"gene_413",2166.74799869239,-0.0584963046500569,0.0942191764258348,-0.62085349149812,0.534696024228122,0.701421444596711,0.0635100905709181,-0.0524710973890324,0.0904629130585526
"gene_414",294.063718711018,0.107872185735821,0.111055809927691,0.971333114458915,0.331382423802538,0.509564381876272,0.0854690516494973,0.0986203370741337,0.105559599983455
"gene_415",789.410238597657,-0.17915368677272,0.0818872590417538,-2.18780905441432,0.0286835140714227,0.0931731982883334,0.0470461778696955,-0.169194174849251,0.0801686272331298
"gene_416",2321.59547125867,0.0710940594659339,0.0759363131192496,0.93623270008235,0.349153390291806,0.529020288320919,0.041118014710228,0.0639057816070048,0.0739811142737947
"gene_417",147.370228443427,0.100061646558566,0.106298423647698,0.941327661548372,0.346536971502127,0.525990007370558,0.0746111160446297,0.0903134634515903,0.10143713356525
"gene_418",404.213939975461,0.061934852580945,0.103189907273737,0.600202618814721,0.548371208560789,0.710325399690141,0.0742377477484668,0.0567623327118187,0.0986865694255375
"gene_419",5281.35716686631,-0.0887818548695691,0.0863712558829269,-1.02790973642794,0.303992289157682,0.483550831109781,0.053571431508168,-0.0826988744857249,0.0836397235757697
"gene_420",117.311307816907,0.289424132276243,0.115326902495325,2.50959772623716,0.0120868765811015,0.0483475063244062,0.0871347854260339,0.263950878988537,0.11296597672395
"gene_421",125.278942554529,0.00790872768028307,0.125559836375688,0.0629877189121154,0.949776283790234,0.975140190383153,0.105133969567237,0.00708614260932582,0.116902416473893
"gene_422",83.3441383800433,0.337164391811615,0.142140076350415,2.3720572020829,0.0176893518619694,0.0650343818454758,0.133475853987402,0.295641581144856,0.138453472550209
"gene_423",143.232825222205,0.125438179202472,0.0990370237646987,1.2665786433617,0.205305992837542,0.37459541951591,0.0636942539782447,0.115114816142963,0.0953562756039899
"gene_424",123.159744021804,-0.170956785417603,0.10657239163215,-1.60413764577682,0.108683715428565,0.247383267288084,0.0735522789976343,-0.156282669834401,0.102666748033445
"gene_425",5.00481395336252,0.249895467832709,0.446733821094879,0.559383364394153,0.575900112253019,0.730837705904846,1.23649236950015,0.0854097593621025,0.267362974660374
"gene_426",8.69563553596504,0.459603433639624,0.361183275478057,1.27249367521599,0.203197769880851,0.372157087693866,0.82216083094992,0.225179897822155,0.284008534729147
"gene_427",115.022312089611,0.437330414329248,0.125393890445754,3.48765328816749,0.000487279511150679,0.00341551059217766,0.104422365336568,0.403114472959168,0.12500441121105
"gene_428",923.101449041515,0.210949913863764,0.0920781612645769,2.29098747158538,0.0219641382739581,0.0760882388243353,0.0600134548888171,0.197245749433533,0.089969936930552
"gene_429",53.1486469529948,-0.265083120993227,0.158716808565198,-1.67016413314748,0.0948868941584648,0.224495806368607,0.162479647774942,-0.219854866275139,0.150275742719702
"gene_430",3239.12175458108,0.329960957917406,0.0847025820692588,3.89552419603462,9.7986579170482e-05,0.000812043473788525,0.0513903425219581,0.307525722327868,0.0840684062924749
"gene_431",3676.65740582321,0.361704290640943,0.0976486662164746,3.70413959202567,0.000212109438640303,0.0016164230098121,0.0684363233863301,0.333318510557906,0.0971585461516067
"gene_432",441.951170854342,0.93939819679932,0.0905445472284102,10.3749836467741,3.22267555290752e-25,8.19324293112081e-24,0.0565919187121561,0.925093689245548,0.0910166133983985
"gene_433",114.68083099175,-0.0441493880337342,0.113121294252857,-0.3902836183526,0.696326835415921,0.828960518352286,0.0830607615577239,-0.0393339470091153,0.10683485289462
"gene_434",382.260100731375,0.0552460713026538,0.102207970544991,0.540526056902135,0.588834296192665,0.742202271192805,0.072636984934664,0.0504298452221948,0.0974830375763096
"gene_435",5331.4763450197,-0.121668163052182,0.0753223441107798,-1.6152997425736,0.10624579938259,0.243759905245889,0.0406983886614691,-0.118687068768888,0.0736472171392154
"gene_436",8.56422372276362,0.196817799019227,0.346394305996207,0.568190052816234,0.569905925066948,0.725686661800019,0.746220855369982,0.0912367122958987,0.241478545787215
"gene_437",4.61905451103844,-0.0912813820336164,0.449778913730766,-0.202947224173912,0.839176282691881,0.920149432776186,1.24155276665008,-0.0287443398497229,0.262084900688058
"gene_438",11.9404011083743,0.132431794200432,0.263010073978061,0.503523656707837,0.614596152245103,0.764520561713371,0.410174526631962,0.0792202381334001,0.206188159601657
"gene_439",139.977015338448,-0.114508368369573,0.0913332454185558,-1.25374246633645,0.209935627167589,0.378620066553663,0.0527154054567427,-0.106219827938167,0.0882838220460181
"gene_440",8.29310548742601,-0.0785224272941971,0.426381500042656,-0.184160024030924,0.853887919255008,0.923957214785195,1.18443436461993,-0.0275160586866446,0.255734209119564
"gene_441",7.23727101855378,0.702641221182678,0.366264371508621,1.9183990468102,0.0550604318338643,0.152381268912909,0.810822001485229,0.381588621967106,0.358612585868234
"gene_442",71.5925471320023,-0.345389778407125,0.141943983682482,-2.43328226703666,0.0149626314415213,0.0565338719452945,0.130851946244104,-0.303095042231397,0.138603016781724
"gene_443",2618.51614615059,0.395360589076991,0.0819239601856416,4.82594576948056,1.39340423628193e-06,1.69927345888041e-05,0.0479770724666147,0.380289953003716,0.0817361324788052
"gene_444",74.1072335531048,-0.195535373386628,0.132067984004728,-1.480566049828,0.138722247871761,0.290921458414411,0.11208261818676,-0.169422599772417,0.125508564913107
"gene_445",11.8639028803114,-0.000797936618213113,0.25831194817328,-0.00308904262406725,0.997535304502358,0.998449375431754,0.389603257435963,-0.000401194446603439,0.200667957228803
"gene_446",75.8292648458767,0.250261706639692,0.134214261299464,1.8646431773841,0.0622314364520985,0.166397728796291,0.116349694944716,0.218559039354172,0.129116105875537
"gene_447",466.617933304693,-0.488715524221439,0.0989909591861497,-4.936971297575,7.9345143167991e-07,9.91814289599888e-06,0.0683956647383295,-0.465720032510857,0.0997146450419036
"gene_448",33.9782144886456,-0.114353028908985,0.183322502865692,-0.623780644063994,0.532771652975896,0.699787635257306,0.21164560856632,-0.0857978563371421,0.161777056895549
"gene_449",16.6878372783427,-0.653562783189513,0.248575304175961,-2.62923457081187,0.00855773086899824,0.0361378983587492,0.379283320598185,-0.515954133474876,0.253875252418933
"gene_450",226.587147530894,1.04539297978667,0.116560766409798,8.96865224883073,3.00164622300937e-19,6.43209904930579e-18,0.0929210262163083,1.02321802667626,0.117792606216689
"gene_451",90.5044489062795,-0.100559146250021,0.114777408691616,-0.876123162182588,0.38096308225965,0.562445495462081,0.0838618138606605,-0.0891767325377743,0.108574538855689
"gene_452",978.512103417519,0.137578595656329,0.088020759018591,1.56302441822015,0.118046851518488,0.262071466542187,0.0547967224357444,0.12883928037735,0.0854609487516689
"gene_453",5.20708504571675,-0.0225215146198215,0.403147932974937,-0.0558641450884523,0.955450034278005,0.976942775335383,0.977526770910354,-0.00837720165833057,0.249078471013739
"gene_454",2488.71130590791,0.106393916683012,0.0796590867559629,1.3356155715035,0.181674957859823,0.348036317739125,0.0452874349749667,0.0993483591499547,0.0775657500200941
"gene_455",4391.65574967771,0.344487690654664,0.0949662164825267,3.62747620589948,0.000286205140876313,0.00206397938131956,0.0647562414605153,0.325672818206631,0.0941384883176728
"gene_456",5.80741862666199,-0.258224023571679,0.403251026834188,-0.640355526429589,0.521941489232347,0.6928426848217,0.97715399852814,-0.0993687323644804,0.261403016393907
"gene_457",570.884358844466,-0.323060762773954,0.103979579711916,-3.10696353715817,0.00189019711542924,0.0101623500829529,0.0760139611295244,-0.300619880674051,0.102550798607041
"gene_458",93.4633061303019,-0.0537091416909673,0.141282338846497,-0.380154675591278,0.703830601634856,0.835121034891509,0.13279438515119,-0.0446725096706105,0.129489271935672
"gene_459",432.522214142271,-0.133283342311396,0.105359808095386,-1.2650302304151,0.205860491309592,0.374746040005326,0.0776275668912019,-0.119608846741323,0.101289094185628
"gene_460",55.2083215014201,-0.429209282842345,0.134280994037383,-3.19635169458797,0.00139177354109074,0.00786710002409071,0.111142094390992,-0.389304487389339,0.133465944809927
"gene_461",66.5202464162314,-0.313906387434389,0.143159580011004,-2.1927026288444,0.0283288112227242,0.092577814453347,0.1321401702957,-0.272913269034529,0.139403659313515
"gene_462",9.32608162195988,0.285547140599303,0.412319378571418,0.692538734387531,0.488599069655428,0.665043068279448,1.11487022780184,0.106075404996351,0.26669483770949
"gene_463",7.74413153226824,0.30768794776895,0.348037337917351,0.884065915485245,0.376660631369256,0.55995138459255,0.730310653942802,0.147152628585336,0.253700918097105
"gene_464",270.411058722665,0.00205288269694327,0.106568584027118,0.019263488538244,0.984630910446068,0.995246877135514,0.0780977598994018,0.00140895564864242,0.101427951837616
"gene_465",16.4137486592577,-0.86726325713402,0.223097481191887,-3.88737359337591,0.000101334728302568,0.000826098328553547,0.289217280940804,-0.769785613921643,0.231627183511387
"gene_466",1566.08844681178,-0.0179077081690815,0.0837510255676769,-0.213820762763206,0.83068683303372,0.916198712904838,0.0498748577952921,-0.0163220845551354,0.0809810016165684
"gene_467",1442.87984372501,-0.215126867057858,0.0800439542584077,-2.68760918986284,0.00719655692074916,0.0311090356804719,0.0454720351762579,-0.204100221898517,0.0787272869418291
"gene_468",14.2225801098469,0.486558929265464,0.276208968713657,1.76156093529995,0.0781435090638193,0.197998756073867,0.478024463306615,0.32286535124335,0.25823760776504
"gene_469",4307.1546182733,0.532497971176214,0.0785711661002415,6.77726954563524,1.2246827711556e-11,2.06407208621731e-10,0.0442514215070819,0.515628769759109,0.0787802260695988
"gene_470",5.33874160933825,1.32495485110885,0.415793744582509,3.18656754309572,0.00143971866939383,0.00808830713142599,1.0123872752957,1.03895368076518,0.466638336815603
"gene_471",247.281813042678,-0.0759991404411115,0.0975081318820106,-0.779413357370788,0.435736257918897,0.614075413133099,0.0643909949385066,-0.0692948493830381,0.0936353356231505
"gene_472",817.305546683257,-0.198987098241525,0.0896472666945693,-2.21966720881161,0.0264413663348231,0.0879424600936466,0.0566558614516273,-0.186213804779585,0.0875790352537219
"gene_473",152.339794317182,-0.0564560508754946,0.115753498714109,-0.487726518011617,0.6257435659748,0.776356781606452,0.0897839061949978,-0.0493169925621173,0.109030994927364
"gene_474",122.384175158089,-0.192294881781639,0.128576588781829,-1.49556683377196,0.134766571403579,0.287553139552445,0.11088745868091,-0.167236094792618,0.122823012518081
"gene_475",10.968374460943,0.579771814118196,0.308087190316144,1.8818432974226,0.0598572951272314,0.161776473316842,0.580743064697723,0.369488060318184,0.294413721814188
"gene_476",32.8481392573511,-0.460798792415228,0.170796147834449,-2.69794605005889,0.00697687465232647,0.0303342376188107,0.177904794546301,-0.39538078989443,0.169872205316878
"gene_477",36.1358373223468,-0.169968790242576,0.163746394513897,-1.03800019992594,0.299269962008809,0.481141418020593,0.165453454858766,-0.136182380237128,0.149655088579371
"gene_478",137.863804171601,0.532380260704109,0.128006411734088,4.15901245486077,3.19626473010554e-05,0.00029824959316245,0.110585490839715,0.496264643976831,0.128636709977347
"gene_479",54.4216645035475,-0.422179660587591,0.160105586235232,-2.63688276289943,0.00836717437508283,0.0355545653332131,0.165718428268205,-0.365823367535832,0.157927726219266
"gene_480",45.7619368416913,-0.196657418775415,0.149726549338405,-1.31344387247541,0.189033422212314,0.357442047811647,0.139601979769275,-0.164054744154198,0.1395271442604
"gene_481",2178.9027196781,0.48213414215172,0.0932123458491017,5.17242794138269,2.31071621718461e-07,3.0404160752429e-06,0.062134570238696,0.464102996830839,0.0933364968469683
"gene_482",303.267735352412,-0.358394478817481,0.0958646631936473,-3.73854626801872,0.000185087432449821,0.00143108839523057,0.0626451008011615,-0.337844020341689,0.0951487201040153
"gene_483",18.599629074092,-0.368453090344311,0.23968783766559,-1.53722063636109,0.124239288499326,0.27057579150974,0.358833196699552,-0.25666690330331,0.217548726981779
"gene_484",1100.95870723541,0.0215563054232615,0.0832368574384027,0.258975483777888,0.795654156459026,0.888668082418867,0.0490201192661619,0.0201474228102588,0.0805331318622163
"gene_485",254.810818109571,0.255311333769482,0.0982311265813597,2.59908791291344,0.00934718314815191,0.0390550827917211,0.0655169435517534,0.236877692086042,0.096276199720408
"gene_486",737.164202709902,0.263824410341777,0.0899481600644318,2.93307178437884,0.00335626282017833,0.0162402040205644,0.0569260426460053,0.248713976253964,0.0886238870143135
"gene_487",39.7108671823338,-0.0749344226748703,0.148779606316964,-0.503660579093267,0.614499914622194,0.764520561713371,0.134061786104036,-0.0613855965474724,0.135323024784203
"gene_488",78.8415374513929,0.187133247421681,0.147718638320364,1.26682217998677,0.205218879410851,0.37459541951591,0.143489038727449,0.156731535023918,0.137735902864313
"gene_489",325.682177827704,-0.440506563379858,0.097723233432735,-4.50769533411998,6.55355879066369e-06,6.97187105389754e-05,0.0655549247228904,-0.418779916627749,0.0975473328976978
"gene_490",171.010829600391,-0.332532611502595,0.10206772673742,-3.25796039680662,0.00112216065737733,0.00672831382432469,0.0691241931000849,-0.310540502933175,0.10085907526309
"gene_491",141.902438058142,-0.136619703336536,0.121338515783004,-1.12593847431644,0.260191562610306,0.439792655613183,0.0985597277124579,-0.119832509211224,0.11473954511493
"gene_492",43.1213097771333,0.260352859717538,0.137331262797245,1.8958018328421,0.0579862534357131,0.158389781866262,0.11218535924831,0.226105645220614,0.131880348175672
"gene_493",44.4154722717857,0.0158148681224296,0.149114299709599,0.106058695599477,0.915535782385742,0.957001361706468,0.137511252880919,0.0131881118873946,0.135198272741271
"gene_494",107.243257135697,0.247266121043969,0.131542911322618,1.8797373310184,0.0601438851646057,0.161967374770033,0.114487337160569,0.216819775095385,0.126391851161126
"gene_495",79.7804866752644,0.200250563841268,0.117524272957468,1.70390812724908,0.088398252428906,0.214212243365685,0.0868422587872077,0.179377038800994,0.113169670098955
"gene_496",5684.09418166786,0.106931766350446,0.0748844061367621,1.42795772667483,0.153304026442805,0.312865360087358,0.0402370161894136,0.101004425716009,0.0732031941228534
"gene_497",26.5325966318384,-0.189529466264584,0.1867154791205,-1.01507099013611,0.310071988942262,0.490620235668136,0.211885924047652,-0.143586405176717,0.166848382980891
"gene_498",73.1149009436705,-0.215543125216765,0.144761174254177,-1.48895673392582,0.136498762304831,0.289601334451552,0.137115503965096,-0.182283372717263,0.13650284342277
"gene_499",898.758573897717,0.0542355811676561,0.0772728077762103,0.701871495658961,0.482759306599668,0.660108441111671,0.041864543871152,0.0501891350378116,0.0751472166072925
"gene_500",5530.39895501571,0.25586836789923,0.0795590480937262,3.21608131356472,0.0012995400506603,0.00752629372969284,0.0454343180261116,0.244444668363212,0.078535632854519
"gene_501",5.10478821705686,-0.37807316255188,0.366526484986045,-1.03150298283704,0.302305010157452,0.48291535168922,0.762950664752442,-0.172273082886932,0.269374469342449
"gene_502",219.451548779629,0.972666737817575,0.108575238242502,8.95845824114268,3.29249623102601e-19,6.95597795287185e-18,0.079647554106095,0.952233871928437,0.109652018233386
"gene_503",326.422364778717,0.0774359260180032,0.084218574871168,0.919463742249968,0.357853061962346,0.53785530355062,0.0480317768684173,0.0724535441297063,0.0816196037881633
"gene_504",190.18555197009,0.0255477886773209,0.0897878343379199,0.284535080567494,0.77600035407853,0.876506424034484,0.0526980368775734,0.0237020002324833,0.0867178970041378
"gene_505",267.993632770792,-0.0430916033859419,0.0972075062503678,-0.443295019573438,0.657552357719439,0.803235139641348,0.0642064866147177,-0.0390153693868785,0.092993371255124
"gene_506",1976.77062987011,-0.0285292855645544,0.0907643520049679,-0.314322582978314,0.75327604803238,0.861871908503867,0.0588577054232016,-0.0260499193579091,0.087277885553004
"gene_507",2197.28553941571,-0.104220711518578,0.0886366672699135,-1.17581938410668,0.239667058691517,0.414171184374742,0.0561311368308154,-0.0972658152628499,0.0858488916729701
"gene_508",35.323345247223,0.382903835539516,0.173648343819242,2.20505319611973,0.0274503618658271,0.0902972429796944,0.187732146140503,0.319136552420919,0.168412766610458
"gene_509",5.44572898041984,0.664586068004952,0.404299983355114,1.64379444809726,0.100218668564175,0.233791606292787,0.978261580225103,0.318067567758946,0.348354661467642
"gene_510",3633.95242886521,-1.0251105033273,0.079642465343661,-12.8714059629358,6.52043237562012e-38,2.44516214085755e-36,0.0453926919076386,-1.01918542220039,0.0799929508983441
"gene_511",463.824695669897,-0.407972383135695,0.110938120278172,-3.67747697646872,0.000235552329338412,0.00171518686411465,0.0864691167144339,-0.380804569060822,0.110613735777679
"gene_512",454.918961020684,0.0430861612165317,0.108752596449259,0.396185126822554,0.691968462619765,0.826395456950356,0.0830046547587913,0.0390298712967009,0.103138479771024
"gene_513",66.2002061572808,-0.29734333775184,0.126694811112596,-2.34692593280387,0.0189290172073727,0.068916324784124,0.100157764067547,-0.265676700966434,0.123304782301095
"gene_514",5442.66317418399,0.339068374070883,0.0919327038528292,3.68822366645151,0.000225825101611437,0.00166047868831939,0.0607187157796889,0.320450363170769,0.0911869567957174
"gene_515",4739.63495153014,0.0109656295922631,0.0844261168382607,0.129884329671001,0.89665794237029,0.947173882785518,0.0511566179772224,0.00772482338337668,0.0817532774427796
"gene_516",1672.65540075235,-0.133160732592105,0.112919645571337,-1.17925213029455,0.238297793572935,0.412279919676358,0.0912886784545944,-0.119446202065957,0.107576565960407
"gene_517",237.772750153892,-0.119256773357672,0.111666444380796,-1.06797323062416,0.285532587185746,0.468086208501223,0.0856142046172221,-0.106175399141996,0.106244595241215
"gene_518",787.449682131024,0.159561513727377,0.0915722917071075,1.74246500500099,0.08142710980188,0.202891469606013,0.0591004865435006,0.149527688993738,0.0890014222705278
"gene_519",62.4570462298703,-0.134269932603452,0.129897947190215,-1.03365707855903,0.301296505277536,0.482817449415962,0.105307521749583,-0.116119547169224,0.12169263024375
"gene_520",670.225216482708,-0.154541378133703,0.104458906388494,-1.47944664056645,0.139020982515045,0.290921458414411,0.0771124422250928,-0.140424170249638,0.100586206967401
"gene_521",138.847025654992,0.339188397995054,0.126830089149756,2.67435275232326,0.00748736485679153,0.032180651246955,0.108616480110166,0.306122944650313,0.124838429127944
"gene_522",118.009568470662,-0.0390554347001685,0.113876100312364,-0.342964279537487,0.73162533293791,0.852051180330243,0.0848417529580187,-0.0347198793765289,0.107474848907073
"gene_523",71.0189566037391,-0.108359113583463,0.135021179928568,-0.80253419234515,0.422244017849398,0.600987302691567,0.117223864145832,-0.0919909749547524,0.125412509117236
"gene_524",671.272126193312,-0.0530807771450524,0.0873824379663441,-0.607453607159563,0.54354992185721,0.707232866894155,0.0535261844388112,-0.0491261931758499,0.084388515647038
"gene_525",741.831037507746,1.9896862914929,0.0903332618046947,22.0260649481994,1.62055358611383e-107,2.20984579924614e-105,0.0567301256161597,1.98150316961931,0.090493261722737
"gene_526",17.3621105832828,0.459973360952889,0.225756114472736,2.0374790823592,0.0416020560336185,0.124806168100855,0.307452007994817,0.349524326048718,0.217563891702017
"gene_527",121.881052371207,-0.076111866494595,0.114084335442086,-0.667154401168707,0.504673514134152,0.678932978655809,0.0852961159161504,-0.0672426141434384,0.107985299811331
"gene_528",222.533252316801,-0.19822509029943,0.107481997426985,-1.84426317936721,0.0651447948091641,0.17173495995386,0.0785517052162079,-0.181817390521968,0.103801170945868
"gene_529",340.465636404268,-0.167214419339249,0.101084382537722,-1.65420626946848,0.0980856094523853,0.230247909512642,0.0706574927246848,-0.152953805538484,0.0976441826649443
"gene_530",76.2682505284737,0.22606337142278,0.119459045494843,1.89239224611533,0.0584387383715924,0.159089124423573,0.0889782495082024,0.202119517149776,0.115036727619827
"gene_531",17.9195564734233,1.40814597254314,0.28886627538688,4.87473302536685,1.08955704267724e-06,1.3396193147671e-05,0.529888699341318,1.29287890163961,0.300085830084188
"gene_532",266.368564046614,0.325388191859529,0.0929239721883347,3.50166038102681,0.000462368592070195,0.00325611684556475,0.0584013860425527,0.306195436973938,0.0920625191881114
"gene_533",4.49451994023891,0.0734860430706408,0.409872503011373,0.17929000489355,0.857709994634198,0.924920914415023,0.988252094818207,0.0270138167970215,0.252786242849164
"gene_534",10.4002694464595,0.870512254724232,0.335352603410853,2.59581182871491,0.00943677303537999,0.0393198876474166,0.704770871506758,0.627846722004132,0.363240544903903
"gene_535",312.204431974433,-0.249728944771903,0.091310187763305,-2.73495160714435,0.00623894475492882,0.0276059502430479,0.0568190532177716,-0.23429391595557,0.089707620446979
"gene_536",294.988521512517,-0.158768843906284,0.107066248572268,-1.4829028384152,0.138100227213368,0.290921458414411,0.0791702537674305,-0.1429810345025,0.102773592022504
"gene_537",36.0587026605158,-0.412768440803623,0.162039777235237,-2.54732787125718,0.0108551390354267,0.0448559464273829,0.160289436769784,-0.355163491786921,0.159301824228004
"gene_538",3128.52490146941,0.128120205233508,0.0930264335277237,1.37724515898297,0.168436464213313,0.335976989787194,0.0620464684657108,0.118471069534522,0.0899354685202309
"gene_539",18.2660606208188,-0.562020100660131,0.220865567457924,-2.54462525385356,0.0109395070181802,0.0450803860639292,0.292797994915503,-0.452597130562875,0.221553516905132
"gene_540",102.923913908678,0.22222509983837,0.118924326982578,1.8686260875029,0.0616748536888667,0.165496029576565,0.0920577241231814,0.197876529854486,0.114535540143571
"gene_541",1343.95555307295,0.336446664193433,0.0952189675256416,3.53339962547726,0.000410251837754469,0.00291648225891802,0.0645826385233149,0.317363319909175,0.094437991518386
"gene_542",41.681634287843,-1.91510389446539,0.144314157516709,-13.2703812808086,3.43826871942368e-40,1.35721133661461e-38,0.113413824557627,-1.89423797943602,0.144870236389147
"gene_543",47.6745258851449,0.842758819461339,0.151132666541271,5.57628498688071,2.45709276425727e-08,3.64914766968902e-07,0.14122373446251,0.79936485713127,0.153520098087245
"gene_544",3055.55719822826,0.0712081413432795,0.0844543918389434,0.843154983332012,0.399141771316192,0.582972402117126,0.051058073594312,0.0613553628011261,0.0819226147156898
"gene_545",1518.89659693892,0.111019993158537,0.0885039283022098,1.25440751939782,0.209693920845762,0.378620066553663,0.0557647856535852,0.104834708728331,0.0858765698055233
"gene_546",52.7888740090393,-2.18622421070987,0.154803296096928,-14.122594711039,2.75651904627043e-45,1.2529632028502e-43,0.139329570895913,-2.16486781782682,0.155753754650613
"gene_547",3806.85115643547,-0.455276410231916,0.0877201244990052,-5.19010218957315,2.10178700300958e-07,2.78998274735785e-06,0.0551669693645857,-0.438137556482271,0.0879880629756413
"gene_548",1095.31889318754,0.103070738838891,0.0901006376043445,1.14395127026183,0.252643846604674,0.430154108861533,0.0575607950008077,0.0955037136922197,0.0870810307046707
"gene_549",3.93193157908384,-0.921696325373918,0.442196552578279,-2.08435891234307,0.0371275322802631,0.113424233035427,1.12240756057568,-0.477900475019047,0.461544782258197
"gene_550",262.048569902306,-0.0771170026501366,0.0986122064219009,-0.78202288994732,0.434201121486542,0.613448286018438,0.066157051959378,-0.0703765822687197,0.0945060292434426
"gene_551",8.26856113997033,-0.461165493069008,0.372971536227496,-1.23646296908759,0.216286522326377,0.388111016356424,0.873323934050344,-0.208448642085055,0.288126332319614
"gene_552",77.15350267855,-0.0606059296270674,0.132308230404276,-0.458066209803291,0.646904874230763,0.795374845365692,0.113092941018376,-0.0515691191301918,0.122779113230933
"gene_553",185.424818905838,-0.0846027443512958,0.104504686501954,-0.809559333491839,0.418193488637837,0.597419269482624,0.0731602060300354,-0.0760569554523489,0.0997735745397374
"gene_554",772.824140959063,-0.00337132765435033,0.088375807446675,-0.0381476305762134,0.969569975217893,0.985335340668591,0.0549888280969554,-0.00304698661477562,0.0851873609538483
"gene_555",500.997577674687,0.231825878325146,0.083873106212475,2.76400730572519,0.00570962609215414,0.0259481765031474,0.0486381796782304,0.219327703197524,0.0826356279132093
"gene_556",2064.73281313424,0.0559561466414909,0.0859064318697376,0.651361550277618,0.51481312473259,0.686822324096854,0.0526892290588163,0.0529485910612301,0.0830512347797115
"gene_557",3835.76496554175,-0.261939000301652,0.0858474922829931,-3.05121318440124,0.00227918685750671,0.0119957203026669,0.0528437542493222,-0.247832277424718,0.0847201785541528
"gene_558",1288.65003169786,0.0662245869687515,0.0892287030339326,0.742189281217806,0.457972661943836,0.637844933069409,0.0565834017934253,0.0618575118209847,0.0860656357041753
"gene_559",105.767901848871,0.0767324597836472,0.126629919812413,0.605958369849063,0.544542397746733,0.707232866894155,0.106084994299273,0.0663322721786567,0.11808566999881
"gene_560",99.6729467642306,-1.98954822585022,0.131610474323633,-15.1169444231154,1.25219587000889e-51,6.26097935004447e-50,0.108888201974532,-1.97306170656455,0.132181595366345
"gene_561",542.182204222631,-0.126724358756245,0.0967281481458873,-1.31010839332019,0.190159169435796,0.357442047811647,0.0655768616233459,-0.116442549722445,0.0932643532573373
"gene_562",1551.19806331017,-0.127196231434318,0.0922195663052427,-1.37927596637468,0.167809683690811,0.335172470753951,0.0606394375439619,-0.117601327058154,0.0895536128818353
"gene_563",293.146671411832,0.119909921068032,0.0880492230496337,1.36185098419821,0.173244917693201,0.341969880012878,0.0524235101793267,0.112129864088962,0.0853534579958794
"gene_564",38.1787951892966,-0.313474465796655,0.165411240883585,-1.8951219041835,0.0580762533509627,0.158389781866262,0.16981822950353,-0.259770834558876,0.15800515564091
"gene_565",4231.85782654894,-0.571280429195642,0.0868904402875365,-6.57472130772004,4.87443800284758e-11,8.1240633380793e-10,0.0541560511436361,-0.554424551116006,0.0872139063242961
"gene_566",73.9218084519178,0.269534156866065,0.15467083848214,1.74263073447545,0.0813981378293676,0.202891469606013,0.158800666713124,0.225999897916002,0.147583432055515
"gene_567",1208.3502323148,0.0768650599451254,0.0765039677246159,1.00471991494362,0.315031735892071,0.494814244856656,0.0413468033155491,0.0732274287421932,0.0745636120122322
"gene_568",3088.10103014458,0.138882303515127,0.0816571916354473,1.7007969626871,0.0889811198261272,0.214584694114455,0.047722208765804,0.132662599753269,0.0797008136290709
"gene_569",85.8555778215143,0.0316313826376528,0.130008199348025,0.24330298239865,0.807770694181764,0.898854630024218,0.109949777134199,0.0268854586688843,0.120349390876842
"gene_570",279.682327018088,0.0149592957774746,0.0970575852504498,0.154128044076857,0.877508776499615,0.937509376602153,0.064133904749435,0.0139926766307985,0.0928674077118631
"gene_571",1793.837102248,-0.421032004697095,0.0863238533367222,-4.87735415441641,1.0751829086999e-06,1.33287137442136e-05,0.0531089310607836,-0.408277129927629,0.0862654347492006
"gene_572",177.947352918559,0.390586179472284,0.0963940863224749,4.05197242251589,5.07876525798946e-05,0.000450777981478354,0.0612133555665623,0.368980543471341,0.0958872356048561
"gene_573",337.769278385405,-0.261374212346274,0.0999487934369553,-2.61508121667463,0.00892062407583741,0.0374816137640227,0.0689707473282032,-0.242352921567887,0.0980167359891411
"gene_574",5483.71527224893,-0.354195031919225,0.0792734009201468,-4.46801862677761,7.89474329748901e-06,8.22369093488438e-05,0.0450726208035287,-0.346580813358056,0.0789980527087811
"gene_575",25.0009038457989,-0.230260247904927,0.179319765659828,-1.28407622582852,0.199115285614235,0.367371375672021,0.191221388344501,-0.180373812875619,0.164002509463326
"gene_576",169.340129530789,0.209936257285277,0.105034043450932,1.99874488677903,0.0456359636598306,0.132406084119431,0.0735158955106027,0.191986048921894,0.102343799857734
"gene_577",10.6126379654228,-0.430913650965342,0.280318826704182,-1.53722693559959,0.124237746455158,0.27057579150974,0.463896614936755,-0.273479292502456,0.250066076203306
"gene_578",46.2356539010298,-0.254465868962986,0.160447073334165,-1.58598012213664,0.112743818819151,0.25442087668666,0.163022562859456,-0.209914349114524,0.150684132682081
"gene_579",45.6655409446351,-0.315059726467214,0.149746466020613,-2.10395433588293,0.0353824305123699,0.109430197460938,0.139214002059883,-0.270393633696575,0.144459523539292
"gene_580",7.59081278901628,-0.117922704074777,0.351200820950035,-0.335770012597874,0.73704430510123,0.855560609380905,0.751929729424682,-0.0529711480866235,0.237681859443648
"gene_581",865.400308738474,-0.247095191009526,0.0869930511720133,-2.84040147667587,0.00450567885151585,0.0211203696164805,0.05334427239265,-0.233374908506267,0.0856229453457256
"gene_582",783.581526263191,-0.122689847168348,0.0940054576563566,-1.30513536370249,0.191846758845155,0.360162876430204,0.0623729147625635,-0.113490734754862,0.0908659085477278
"gene_583",26.4838597264238,-0.185323402164154,0.181258186457101,-1.02242776332761,0.306578485801818,0.486852187794575,0.198843593572197,-0.143096862938175,0.16263447528166
"gene_584",5206.09213434746,0.203883644878518,0.0944541255094688,2.15854674191102,0.0308853483908103,0.0983609821363386,0.0641010411560322,0.189753181791417,0.0921394680661594
"gene_585",600.809027950872,0.0601725126803175,0.100484592766547,0.598823272540043,0.549290741312513,0.71078301352307,0.0710541157162784,0.0545650124506836,0.0960365281000568
"gene_586",194.302866046609,-0.290968889264795,0.100083340354325,-2.90726596688997,0.00364603052840205,0.0173620501352478,0.0669261985946449,-0.271030747652385,0.0986366407429708
"gene_587",591.265703077515,0.0948207381129448,0.0894213278371652,1.06038168305454,0.28897099184555,0.47268973584332,0.0559131619019515,0.0863368903290085,0.0864085947113099
"gene_588",1908.42757857372,0.360769422402173,0.0935274992104431,3.85736201061484,0.000114617346465706,0.000919390479671441,0.0625076976778967,0.338564143545293,0.0928663673670543
"gene_589",4836.826775217,0.221098736520483,0.088005161275576,2.51233829147978,0.0119934057325207,0.0481508540270067,0.0556061427857364,0.20777888004228,0.0863178162182563
"gene_590",101.07791065771,-0.453963659700197,0.135414793799158,-3.35239339044076,0.000801160903809633,0.00524777884591463,0.121841381227183,-0.41265705642311,0.134900091713474
"gene_591",111.368698849983,-0.181687945897678,0.123978141417441,-1.46548370398556,0.14278899521396,0.295833553620083,0.101646196593517,-0.15942949698923,0.117962560533265
"gene_592",114.07555623895,0.297124103286186,0.126758438208792,2.34401833506952,0.0190772335477583,0.0692877731758777,0.106913641928221,0.265815317511106,0.123355234776452
"gene_593",206.637615555238,-0.175820105577024,0.100065473436938,-1.75705065431813,0.0789091755788031,0.198930694736478,0.0671828425611601,-0.160591336826811,0.0967861713727279
"gene_594",5.60153789611362,-0.384887743495714,0.387258916049046,-0.993877035608311,0.320282735716419,0.499921023490768,0.894346163399494,-0.16247161301234,0.274644832994005
"gene_595",510.703158015997,0.190761340348056,0.0905174312157472,2.10745419733995,0.0350782279406743,0.108938596089051,0.0569732249239449,0.179724634939455,0.0882740614828948
"gene_596",879.069866094051,0.00146943443491099,0.0913247534930371,0.016090209704459,0.987162424029502,0.99579262679506,0.0589453830623714,0.00305503393970503,0.0877661678001258
"gene_597",336.642196834449,0.299140888263371,0.0977003807392201,3.06181906354932,0.00219996390185791,0.011619527650658,0.0657814533496831,0.279914805317472,0.0963477356620093
"gene_598",8.57607096390898,-0.465302972815401,0.347500724944303,-1.33899856724034,0.18057113933568,0.347697957642515,0.74972208403023,-0.238947159472012,0.282287067923764
"gene_599",209.188571142083,-0.157367525934534,0.094277547960068,-1.66919409063532,0.0950789208626412,0.224587793611519,0.0591109849932046,-0.145273170318232,0.0915633540015462
"gene_600",5073.52250996132,0.0641030067922582,0.0761657531117182,0.841625063409185,0.399997855586822,0.583087253042014,0.0416065107353489,0.0610962288552561,0.0742356339856178
"gene_601",23.7163225011768,0.131841434596785,0.202555267401,0.650891168067118,0.51511674307264,0.686822324096854,0.252721330642124,0.0944749619811837,0.174390599351138
"gene_602",59.9611856957408,-0.180052003222962,0.164036183131634,-1.09763589828517,0.272363510831612,0.452580381584958,0.174722874070183,-0.144551611574957,0.150076945012674
"gene_603",48.8524249470671,0.294471274353505,0.151240063862666,1.94704542455695,0.0515292890441575,0.144205099937008,0.143863496682279,0.25020667984438,0.145532916952547
"gene_604",66.6614657729959,-0.188362067379361,0.133816004196218,-1.40761987709005,0.159243658415287,0.3215260421302,0.113927562231653,-0.162593127572893,0.126856093355825
"gene_605",859.676322588799,-0.243843473704253,0.0839776991178794,-2.90366938205785,0.00368817407094993,0.0175071554000788,0.049643261120514,-0.230826945308054,0.0827487475775188
"gene_606",50.9423866641401,-0.377382476681653,0.132305819835444,-2.85234978439366,0.0043397318100427,0.0204062624296679,0.105533400868204,-0.339454408448123,0.130552635851867
"gene_607",52.7345716806637,-0.0167925598087799,0.136483858254952,-0.123036965861643,0.902077825812732,0.948827712788011,0.11484876975445,-0.014073171222643,0.125551860381028
"gene_608",34.7819644907099,-0.66367525758424,0.172148832719373,-3.85524111375257,0.000115615622657511,0.000922465074395034,0.181468278402063,-0.598381323791427,0.17721173849137
"gene_609",67.1601610583319,-0.442907394438442,0.135530459329703,-3.26795464745669,0.00108327722830431,0.00652576643556816,0.117008879023786,-0.40293218415201,0.134824379774652
"gene_610",66.8206603980433,0.329058095456518,0.108257385284289,3.03959027453318,0.00236900192882647,0.0123102230818392,0.0692679535811959,0.304826089098175,0.106889827309681
"gene_611",149.869767262871,0.0599816980643919,0.102102734930374,0.587464166413315,0.556892009884948,0.716413391790242,0.0684198453454449,0.0546259474927346,0.0976377528566779
"gene_612",319.990050082313,-0.378564625232502,0.0835183270919035,-4.53271321893134,5.82308487657231e-06,6.23901951061319e-05,0.0469280600050692,-0.362940584034823,0.0832770562886154
"gene_613",56.7475157256029,-0.256285116680145,0.130010355321362,-1.97126695059523,0.0486933495140734,0.139123855754495,0.103968854524365,-0.225882450353711,0.125298540334934
"gene_614",4.16465556467226,-0.476211419568545,0.444839419154575,-1.07052432644929,0.284383365161011,0.466712306062929,1.15293620672624,-0.163940697571439,0.29673333012947
"gene_615",430.172145101516,0.176700183585239,0.0866729965160633,2.0386993722144,0.0414800404599528,0.12468950038062,0.0517809440340359,0.166069563057305,0.0846341343732483
"gene_616",51.0454467372524,0.481292905284337,0.153395978039729,3.13758490564651,0.00170345929291968,0.00935966644461361,0.149538454902817,0.428778211447529,0.153219224792028
"gene_617",100.575117070652,-0.183214856218714,0.135498832383207,-1.35215081190191,0.176327075306368,0.344837826544397,0.121818560250087,-0.157354354862744,0.127747343286714
"gene_618",31.2312121377567,-0.04405225594343,0.166112704915082,-0.265194982924093,0.790859259629085,0.88511592969804,0.164929166430494,-0.0343052712150945,0.147359228258421
"gene_619",4994.60765548549,-0.393973403949298,0.0900309016237243,-4.37597976743444,1.20888228000517e-05,0.000123355334694405,0.0582077550485524,-0.374431111579918,0.0897995001409771
"gene_620",1888.75003965556,0.286604629307546,0.0944773068874893,3.03358170072371,0.00241669263215716,0.0124534820461222,0.0637599135113466,0.267622514471965,0.0930571957755885
"gene_621",73.4422676299292,0.444745487568862,0.120247415102741,3.69858667804932,0.000216803314005789,0.00163387497520423,0.089930647729521,0.41242371299726,0.1202857027732
"gene_622",264.004148476553,0.0876340368356318,0.107069224668239,0.818480166520037,0.413083062554438,0.594649322295257,0.0787868048158529,0.0790689772700911,0.102087633697631
"gene_623",31.7753442996953,0.068932752277715,0.190761559457827,0.361355571183377,0.717833656302255,0.84340570542051,0.230681149793003,0.050781685002006,0.164139776699525
"gene_624",3560.16838672649,-0.129992255774805,0.0774682936276393,-1.67800592587761,0.0933459421762844,0.222230415861626,0.0429587933743967,-0.122934679779088,0.0756917393242971
"gene_625",46.1940500494954,-0.160033811926593,0.136399426953713,-1.17327334506252,0.240686207731025,0.415453753275648,0.112133546187124,-0.136800442340233,0.127754839821768
"gene_626",424.061497333176,0.923137018169338,0.0959800567787545,9.6180086692101,6.71178967191961e-22,1.52540674361809e-20,0.0637869850799026,0.906899314668257,0.0966104603299985
"gene_627",140.121607249348,0.102604702454273,0.107393333623513,0.955410349900977,0.339370222054848,0.51944421743089,0.0758646345290088,0.0918747095166497,0.102366448436835
"gene_628",1222.93801374524,0.100808947480388,0.0891383561368063,1.13092670595888,0.258085941806751,0.43743379967246,0.0564303576814534,0.0930909744938002,0.0861687551364162
"gene_629",67.4145428813196,-0.682022528853843,0.132222447880677,-5.15814477636453,2.49408742662869e-07,3.25315751299394e-06,0.110077686536399,-0.645489468109395,0.133646228203549
"gene_630",9.00630616793366,0.00801676422464262,0.327011728957356,0.0245152192253264,0.980441644177218,0.992349842284634,0.656970266592451,0.00395657948090554,0.227759197826233
"gene_631",324.008423566962,-0.0840324551306872,0.102082726310225,-0.823179965583171,0.410405660066205,0.591931240480103,0.07179056249398,-0.075251308471451,0.0976802907594084
"gene_632",508.28939930158,-0.276357187787579,0.0942212155450548,-2.93306752825143,0.00335630883091665,0.0162402040205644,0.0618659691488694,-0.259040242271909,0.0927358244745947
"gene_633",1312.46831737408,0.42720783578586,0.0914004601457262,4.67402281240962,2.95356503166501e-06,3.28173892407223e-05,0.0593933700356709,0.408531438966547,0.0914381266339973
"gene_634",140.93036132224,0.103551368894585,0.124432821077893,0.83218694230008,0.405303433119627,0.586829295057375,0.104478044251312,0.0913662243627459,0.117052016462077
"gene_635",24.463911453441,0.517890976028867,0.192249040168421,2.69385467711654,0.00706309528517833,0.030620355282565,0.224551442365312,0.435039189605464,0.192102624058362
"gene_636",101.104940626676,-0.942419997984692,0.120999042237546,-7.78865667493904,6.77253556464058e-15,1.20938135082868e-13,0.0943031160362528,-0.918227306016816,0.122309733260242
"gene_637",837.683654878113,-0.120795815605274,0.090384741033645,-1.33646248497088,0.181398154585161,0.348036317739125,0.0576742848330203,-0.112317218463094,0.0875080384945265
"gene_638",111.496376794906,-0.258192974507484,0.118468793595839,-2.17941760585762,0.0293006594098059,0.0941134670550512,0.0912739203894063,-0.232856321186691,0.115334312848738
"gene_639",3022.76978127597,0.111961198894677,0.0795429766931381,1.40755606024907,0.159262566201826,0.3215260421302,0.0452456625768126,0.1034651635617,0.0775192966738858
"gene_640",3084.11200166044,-0.202719952958905,0.081252075719793,-2.49495106633347,0.0125974501270345,0.0501224806115432,0.0472406440478314,-0.191954401807841,0.0798029069863679
"gene_641",1379.72827290169,1.81162807203018,0.0945494330473595,19.1606444760249,7.88903618644125e-82,6.22818646297993e-80,0.0633832780439242,1.80265612127481,0.0950469163469374
"gene_642",4266.60120977525,0.0991768681946466,0.0807132449572468,1.22875580392264,0.219163376567857,0.391829636295334,0.0467123128184272,0.0932819754631049,0.0785176872298022
"gene_643",107.357515531126,0.268082476997606,0.125619446827287,2.13408420247377,0.0328358887922932,0.103262495021865,0.104267264219376,0.238715074148138,0.122312880219387
"gene_644",3680.32976433465,0.189855362532298,0.0891476284404431,2.12967373169253,0.0331985591336985,0.103962084969828,0.057000963683183,0.176698857551772,0.0869842602078376
"gene_645",5.50867688051112,-0.432684589552777,0.417495412130205,-1.03638166308241,0.300024121580027,0.481837454357644,1.06786980284584,-0.169108240193897,0.28643906087935
"gene_646",262.664017361093,0.32513065892248,0.0987553813255209,3.29228295773345,0.000993775708687093,0.00615976678938281,0.0663658351566488,0.304948735991745,0.0976799238285009
"gene_647",23.0052725788136,0.0344101486738556,0.241053194975633,0.142749191427784,0.886488265366209,0.942404250920845,0.374971861048261,0.0216660694016807,0.192487473631674
"gene_648",314.10798978856,0.0630139523480885,0.0999686622541841,0.630337056905562,0.528474082789761,0.697809088190706,0.06876576963808,0.057601284924163,0.0956659322525395
"gene_649",414.197377464864,0.161682061627027,0.0929120304963463,1.74016282674379,0.0818304309109622,0.203221268818615,0.0597914023559321,0.150566727527622,0.0902822550809785
"gene_650",3264.13379325801,-0.0463552888673877,0.0779896878851521,-0.594377155806171,0.552259884078619,0.712900022476703,0.0435271398591423,-0.0424161387148484,0.0759113939546122
"gene_651",88.1349484528464,0.168184299662758,0.116147544242399,1.44802286401991,0.147610656307284,0.303725630261901,0.0858667829663816,0.150222828032545,0.110911265129573
"gene_652",4535.70172288503,-0.160838009278408,0.085220108556752,-1.88732462328769,0.0591166765244101,0.160352648800389,0.0520986914535142,-0.151618174337801,0.0831205930206246
"gene_653",33.8364602136629,0.302896576610393,0.195631920259437,1.54829833602158,0.121550484900848,0.267339776174886,0.246048245944697,0.23225721004881,0.181710289833559
"gene_654",5818.90110432506,0.148214176041416,0.0734256769964464,2.01856056497224,0.0435329132611261,0.128179585274262,0.0386805453496861,0.135325408194456,0.0720198948281588
"gene_655",368.249642342796,-0.115354336110084,0.098591022838399,-1.17002879967237,0.241989379269082,0.417223067705314,0.0672900203645202,-0.105756745808439,0.0947738354131045
"gene_656",432.575655828615,0.485931007946797,0.102430688131354,4.7439982764116,2.09540631596027e-06,2.45555427651594e-05,0.0730644198884277,0.463762345091759,0.102808671817311
"gene_657",67.8815434955415,0.0146060031343241,0.155546061723315,0.0939014654083961,0.925187429755493,0.962555841617234,0.159500370268576,0.0118388847335782,0.140190807429803
"gene_658",14.8946516392565,0.350768472175981,0.261338526863328,1.34219962278819,0.179531278767547,0.347573882514388,0.424005765673392,0.227174960663312,0.227588680723099
"gene_659",174.245452494685,-0.327886493453488,0.09562883973584,-3.42874068491497,0.000606388602520078,0.00415334659260327,0.0597934601252067,-0.308969125797236,0.0947065606339387
"gene_660",44.3593224010201,-0.0505319718335875,0.175139994715793,-0.288523314823595,0.772946186310757,0.876051863413282,0.198374693020526,-0.0386454594236128,0.153767668856141
"gene_661",178.380418060056,-0.123785567533698,0.104599424633874,-1.1834249372497,0.236640779040487,0.411310739931321,0.0729363962064318,-0.112433037045029,0.10053027402188
"gene_662",147.103261883468,-0.00747809243225165,0.121060934318053,-0.0617713094184873,0.950744951608697,0.975140190383153,0.0984472166617147,-0.00641087482874632,0.113688164083021
"gene_663",4893.19527156137,0.171738870570592,0.0814820603188564,2.10768934779683,0.0350578693123493,0.108938596089051,0.047639827423041,0.153729303662065,0.0797501450250852
"gene_664",680.999970608012,-0.314991527827472,0.0774778832508334,-4.06556703166105,4.79158194220689e-05,0.000430381611575469,0.0417673015880624,-0.302645959348001,0.0769172899419352
"gene_665",29.5540471649037,0.311571650745446,0.248306166740815,1.2547882110019,0.209555653325891,0.378620066553663,0.410213211528969,0.206454524433777,0.215546545202346
"gene_666",38.9642560826609,0.0566303971696779,0.171014356763608,0.331144111181015,0.740535633527637,0.857101427694025,0.184734947319401,0.0440720013335088,0.150917584574396
"gene_667",815.939335968398,0.193483801066335,0.0831089441384323,2.32807434954359,0.0199081560681019,0.0711005573860782,0.0485465963556074,0.182880122759646,0.0816021171030142
"gene_668",142.466064661541,-0.000226612670507281,0.116605038360618,-0.00194342091639684,0.998449375431754,0.998449375431754,0.0909558424533216,7.63611805376741e-05,0.109579526120574
"gene_669",547.508654403671,0.298759269070985,0.0983343694177105,3.03819784313558,0.00237997646248891,0.0123102230818392,0.0677398450232425,0.279030932622585,0.0968612447888204
"gene_670",124.892853175113,0.309322030973367,0.106675333654081,2.89965843440822,0.00373569497581798,0.0176767901063942,0.0739339906417538,0.286075568707935,0.104864758008217
"gene_671",17.2202540284181,0.0319661615396181,0.239333171412549,0.133563439413572,0.893747796208321,0.945824294849509,0.354534054616569,0.0204029013190836,0.191025058992239
"gene_672",52.3787015320326,-0.320005180384021,0.160456701294686,-1.99433976768796,0.0461149360729168,0.133537459670609,0.166105983276353,-0.268592467603703,0.15404242891638
"gene_673",110.815597724835,-0.183188931103232,0.106932065249954,-1.71313376090724,0.0866879342520786,0.211184809247113,0.0732128608280896,-0.166052232837902,0.103090161000464
"gene_674",52.1889007987323,-0.109876750339401,0.175328659607622,-0.626690186221126,0.530862338041119,0.699255017414663,0.202311526586546,-0.0844576950676319,0.155205254205787
"gene_675",3.24250765235576,0.157432516635088,0.451029171371285,0.34905173906255,0.727050467176907,0.850254154704114,1.13746104572346,0.0517347927414123,0.262991768036214
"gene_676",284.909112532334,0.182986271028018,0.106047640345297,1.72551006728867,0.0844355910935012,0.208396616980237,0.0773631078911215,0.168041723748563,0.102372446863599
"gene_677",35.9949814510454,0.059978853407587,0.188840951946753,0.317615712001383,0.750776454396135,0.860324432081133,0.229053081222497,0.0444736455200691,0.162727369124027
"gene_678",21.9321963719554,0.086226966657321,0.220481414833211,0.391084966152587,0.69573443275353,0.828960518352286,0.303395623268275,0.0583902656055463,0.182614262388915
"gene_679",2279.81829761045,0.200479305962517,0.0879873251542131,2.2785021093793,0.0226966789661098,0.078084904699919,0.0553526187467753,0.188490921411286,0.0860257002174621
"gene_680",5130.21872103421,0.139353416637853,0.0741049857250473,1.88048638393775,0.0600418203506254,0.161967374770033,0.0393791907243194,0.128104984729273,0.0725676407025549
"gene_681",2052.05977367644,0.336228232940053,0.0908764335062507,3.69983966103738,0.00021573572502387,0.00163387497520423,0.0590154090513035,0.320011787808245,0.0902061063075163
"gene_682",1970.43372112082,-0.146367100850572,0.0830589752056847,-1.76220691969908,0.0780343434032193,0.197998756073867,0.0492057270420111,-0.137633084484245,0.0810953516890404
"gene_683",4556.28625521851,-0.139745471348204,0.0769648308084965,-1.81570556162098,0.0694155504692031,0.180476912755057,0.0424677927518029,-0.132431562950871,0.0752856028745336
"gene_684",263.182947714614,0.0933122060248107,0.0890425196061581,1.04795109614528,0.294661138926215,0.477136438335398,0.0532892874480568,0.0865686160314739,0.0860744740743479
"gene_685",914.36779601953,0.140635801734271,0.0924599685848337,1.52104531168249,0.128248466861753,0.277594084116349,0.0604987590488501,0.130522177765015,0.0896954147355623
"gene_686",358.915105007403,0.104341346478655,0.099337727958027,1.05036977011133,0.293548138665246,0.476024008646345,0.068315870781118,0.0960548491873828,0.0957124950093898
"gene_687",232.602856866718,-0.0785527092709535,0.108774210737159,-0.722162990093005,0.470194274613505,0.647056341211246,0.0808315501796816,-0.0691493495802868,0.103289771697564
"gene_688",1065.38677265587,-0.137876273641032,0.0945072847945767,-1.45889572365477,0.144593810320338,0.298336610014452,0.0634192173177388,-0.126506380350316,0.0913498030570044
"gene_689",2675.24768127835,0.10109820139177,0.0777161591496707,1.30086461423124,0.193304800239087,0.362159562058762,0.0431436821821877,0.0969492834521869,0.0757560775042464
"gene_690",449.564664490139,-0.125259261039136,0.0897858120697223,-1.39508969347927,0.162988793764747,0.327286734467363,0.0558548326416504,-0.116395051140718,0.0870058852023464
"gene_691",968.81613891752,0.197706795291452,0.0792817285364433,2.49372458120124,0.0126410588032627,0.0501629317589788,0.0442432968241453,0.187925160630641,0.0780398212585384
"gene_692",93.8781412905756,-0.353270853624059,0.148727031091305,-2.37529688471481,0.0175348401387792,0.064833224039166,0.148453470310269,-0.306275757588648,0.145348901177538
"gene_693",1056.68276562645,-0.93806154765545,0.0798725704938203,-11.744476756611,7.53876544336919e-32,2.69241622977471e-30,0.0449078354377481,-0.925763410550872,0.0802820294057618
"gene_694",29.2619249861894,-0.16640705140706,0.188715526744046,-0.88178781194171,0.377891563846875,0.561054932565258,0.22161808974917,-0.124265826900053,0.167559173824234
"gene_695",9.06272492108478,-0.0437236446802666,0.322310041539736,-0.135657097344502,0.892092365456143,0.945824294849509,0.63834767697925,-0.0211356493125556,0.227173096109815
"gene_696",23.5902219962766,-0.642515660745404,0.187946739652409,-3.41860498316533,0.000629430311322738,0.00425290750893742,0.209030889392377,-0.564745035425695,0.191805902841346
"gene_697",63.7426724535682,-0.165514855825022,0.129759489686079,-1.27555106933176,0.202114260343266,0.370930555154145,0.103729321439807,-0.143483412219051,0.122558479219333
"gene_698",348.048576009024,-0.269288193849227,0.103281963867847,-2.60731093566145,0.00912564507721406,0.0382359430609528,0.0739416843697498,-0.248611941653203,0.101229944924798
"gene_699",24.5181964569303,0.0210280325210489,0.173050387429346,0.121513929170683,0.903283982574186,0.948827712788011,0.175157372621746,0.0162734942375592,0.151864336881502
"gene_700",14.5117739251813,0.439522323046722,0.235715088424236,1.86463380848865,0.0622327505698127,0.166397728796291,0.330043914866066,0.319501311668639,0.22536426687197
"gene_701",183.742698218997,-1.90412916079317,0.109304467103145,-17.42041483992,5.77568632670091e-68,3.76675195219625e-66,0.077656544157553,-1.89174100976189,0.109781547169241
"gene_702",124.460584220089,-0.170573622085863,0.107494928442811,-1.58680622943631,0.112556537530468,0.25442087668666,0.0751920898946013,-0.154396828604322,0.103546921719844
"gene_703",83.8332270708395,-0.358312736037482,0.12237709426828,-2.92793956401656,0.00341216363102385,0.0164573808570282,0.095781404550384,-0.326705949811483,0.120679277855881
"gene_704",31.6032858941347,0.547715629880985,0.166359354123381,3.29236448871261,0.000993487625512173,0.00615976678938281,0.166587688127016,0.48567687204223,0.16788957291184
"gene_705",823.677992196498,2.02433036375484,0.095026533111403,21.3027908887473,1.06955050220143e-100,1.14594696664438e-98,0.0631821596899526,2.01732896967349,0.0952700349034766
"gene_706",1322.94627203289,0.0959326910759065,0.0844988875250176,1.13531306607444,0.256244169553324,0.434803455124419,0.0506876203489009,0.0898296489353691,0.0819559261491503
"gene_707",1508.32831772951,0.0296692677089405,0.0821619631048876,0.36110709369328,0.718019390547994,0.84340570542051,0.0479783900409576,0.0278358981540308,0.0795483462057184
"gene_708",57.1177481392552,-0.0542981809304901,0.151452515957821,-0.358516202831599,0.719957044564287,0.845020005357144,0.147290197522838,-0.0439973371478809,0.137705044899704
"gene_709",1034.04577148245,0.119145486107835,0.0918046185353732,1.29781581807812,0.194350632744418,0.362594464075408,0.0597494366378561,0.109953160709435,0.0887961334108439
"gene_710",3285.39796831927,0.228667681074211,0.0781256827884332,2.92692073736431,0.00342336115000659,0.0164584670673394,0.0436728114131002,0.217966691062818,0.076974498105338
"gene_711",184.839658313428,0.203796966404872,0.102358041557874,1.99102057154585,0.0464786256845595,0.133943147130328,0.0700406792811956,0.187235357130796,0.0993105875947551
"gene_712",4.16689807625053,0.239901155257221,0.444653143694745,0.539524253137662,0.589525166731132,0.742202271192805,1.18549938165733,0.0819654519151391,0.266483984613827
"gene_713",74.1993325661457,-0.214098421270554,0.139844118927934,-1.53097908522621,0.125774561757655,0.272636108418613,0.127256479035407,-0.18224787833367,0.132833806034106
"gene_714",27.332036652658,0.0096339504968591,0.203664557623049,0.047303029104799,0.962271713910592,0.980575795425196,0.262300529804779,0.00693407810969322,0.171290771023254
"gene_715",186.779737787021,-0.0108867746992669,0.105466249396204,-0.103225200114671,0.917784239942911,0.958021127289051,0.0747860041888598,-0.0105880957807488,0.100193833072184
"gene_716",11.7750813740519,0.326477057606403,0.276530605638728,1.18061817010203,0.237754442105696,0.412236594359558,0.461604997801675,0.198507344407555,0.232289482199696
"gene_717",81.5620627354275,0.0349976194412251,0.132518700405852,0.264095703731182,0.791706174333562,0.88511592969804,0.113992999404327,0.0299107789981952,0.122390878273576
"gene_718",421.212217175377,-1.09574387037171,0.0944661538630313,-11.5993276487202,4.15328358383903e-31,1.44881985482757e-29,0.0614277321610539,-1.08084492340445,0.0952005418873296
"gene_719",569.516668339409,0.190804057126762,0.0954180336514346,1.99966452697795,0.0455365010763153,0.132373549640452,0.0638115084581525,0.176719265819755,0.0928922964872029
"gene_720",4.6441980182257,-0.0827935923504863,0.426187243333544,-0.19426576849859,0.845967787782625,0.921936039475701,1.09268515492048,-0.0290634462562262,0.254778052560365
"gene_721",144.108779315983,0.417405142747566,0.0968269689006533,4.31083558110585,1.6263880520084e-05,0.00016263880520084,0.0599974500533244,0.396920201903612,0.0965559124354792
"gene_722",572.488307586187,0.218049775884843,0.101466527366382,2.14898234466521,0.0316357995158062,0.100537498461249,0.0724332426565709,0.200094121546074,0.0990259826323784
"gene_723",959.064521865199,-0.9437869777891,0.0885948097544158,-10.6528472763277,1.69111928545427e-26,4.78618665694606e-25,0.0553565673549145,-0.929472923269513,0.089088865151283
"gene_724",37.4149507785206,0.193496975294517,0.189382515819384,1.02172565644369,0.306910764442661,0.486852187794575,0.231315074219193,0.145873124253343,0.169143120142828
"gene_725",10.0217134200018,0.341620475256682,0.342604950551649,0.99712650008886,0.318703111523665,0.497973611755726,0.720693147605145,0.167212457964513,0.257798897389798
"gene_726",4.04604377165307,-0.22926410522598,0.408447180486947,-0.561306617302763,0.574588531275081,0.730049924144305,0.950350860980555,-0.0857187294229784,0.260295246516261
"gene_727",4.56710455376492,0.348412817787992,0.393059973749817,0.886411339379362,0.375395911014053,0.559179609256285,0.891993247129274,0.141846825091057,0.270492228343394
"gene_728",26.7632071821004,-0.721389258262137,0.195109080093026,-3.69736384343663,0.000217849996693898,0.00163387497520423,0.234277067506113,-0.640609229324034,0.200236752853267
"gene_729",377.072028089551,-1.08095403441898,0.0885674377166488,-12.2048696709195,2.92776925049661e-34,1.0711350916451e-32,0.0533895345121772,-1.06834143245056,0.0889443826174997
"gene_730",14.4994768544257,-0.339158107400171,0.243743101082169,-1.39145725927987,0.164086811699205,0.328611772428315,0.352680855637419,-0.230663863469315,0.216177707238855
"gene_731",59.4399358151333,0.0169581947260425,0.138944329030679,0.122050283335408,0.902859195563153,0.948827712788011,0.122339773852451,0.0141412883833825,0.127176234277593
"gene_732",444.584160602602,0.217920135180359,0.089756986340146,2.42789050820537,0.0151869273999311,0.0569509777497417,0.0557876053803481,0.204363828037642,0.0878961400630675
"gene_733",73.3699817883424,-1.15355563027765,0.12945217294931,-8.91105652378156,5.05485364741374e-19,1.05309450987786e-17,0.104422193523887,-1.12781368673191,0.130574642046081
"gene_734",922.202156012774,-0.328659955877308,0.100136089866935,-3.28213290846533,0.00103025032517854,0.00635956990850952,0.0711276507581657,-0.307266806229529,0.0990076734628877
"gene_735",1762.03256961882,-0.191616923037152,0.0976915013797399,-1.96144925946333,0.0498266385280949,0.141285364446394,0.0681968448726043,-0.175862264383835,0.0948999721523213
"gene_736",60.083169344622,0.675488417918963,0.14651035091982,4.61051668826209,4.01669393095957e-06,4.3428677804826e-05,0.137146908876389,0.630157561190532,0.148608095085881
"gene_737",154.763640834854,-0.397847311925073,0.110165045847686,-3.61137517679734,0.000304577671482005,0.00217555479630004,0.080829264877015,-0.370816771248564,0.10956942415016
"gene_738",1616.73496120081,0.178347742382015,0.077401719897582,2.30418319667838,0.0212123620484031,0.0739966117967549,0.0425522865002554,0.16960082446768,0.0759434704987454
"gene_739",871.373654868687,0.559874550601832,0.101640157731319,5.50839907275466,3.62111755021451e-08,5.32517286796251e-07,0.0732576409909432,0.536032571210391,0.102047720327984
"gene_740",97.454500271733,0.215078011884476,0.125561927286852,1.71292378614992,0.0867265616641478,0.211184809247113,0.103313803874811,0.190071844970944,0.120107881889046
"gene_741",188.129304859366,-0.157525780814359,0.091779738730772,-1.71634592768288,0.0860987469630243,0.210390958202729,0.0549016230899253,-0.146341242073446,0.0891345947781669
"gene_742",11.2693604025051,0.118808060664759,0.275683374077197,0.430958381376638,0.666498632245518,0.808857563404755,0.456209980244883,0.0679269067430658,0.211326301256717
"gene_743",23.3935785065999,0.288090469365696,0.183868398135183,1.56682971237878,0.117154500353796,0.261505581146867,0.199098840339382,0.225629787365285,0.171821094543581
"gene_744",442.181827739111,-0.100320062783368,0.101952718980629,-0.983986143640064,0.325122325896479,0.504144076074861,0.0726202239020965,-0.089180161544567,0.0975555714737382
"gene_745",21.0210863711388,0.411441889492399,0.243629447665619,1.68880196312353,0.0912573875127813,0.218319108882252,0.377975576322124,0.28689521262577,0.227792314514011
"gene_746",104.477557084264,-0.21827046122027,0.129588285300051,-1.684337906894,0.092116383461991,0.22002320890603,0.111228324130774,-0.190688607187206,0.123675206066942
"gene_747",1198.09888050183,-0.00548842262640842,0.0962091579475712,-0.0570467795737212,0.954507931077582,0.976645222794251,0.0658484240299607,-0.00543545877777415,0.0920885837846704
"gene_748",792.049094032482,-0.0533608025462259,0.0951160771828803,-0.561007183292775,0.574792640276283,0.730049924144305,0.0638894910088695,-0.049088526221825,0.0916896561966144
"gene_749",10.6790623332982,-0.438004217146692,0.295927551878509,-1.48010624345824,0.138844895639452,0.290921458414411,0.529026066810908,-0.261896951037472,0.260339670458211
"gene_750",34.4741429083326,0.124738247244095,0.185746117224218,0.67155238078824,0.501868702229404,0.675765757041388,0.219537651616758,0.0937588816186808,0.163080287089382
"gene_751",3350.02009255703,0.0240431989817832,0.0904480930385156,0.265823171877652,0.790375396488349,0.88511592969804,0.0586536345474387,0.0222853387750313,0.0869867012269546
"gene_752",1369.25793610727,-0.134946143379908,0.101523789265922,-1.32920711840693,0.183779647239607,0.350278870215261,0.0734495276522892,-0.122492549863197,0.0977358166651849
"gene_753",30.6033963045323,-0.391207079286303,0.172676007983112,-2.26555549815909,0.0234786124073137,0.0800407241158423,0.181040518690838,-0.327268727497311,0.168013848130214
"gene_754",550.733607623888,-0.159634959706309,0.0991497722657217,-1.61003859170233,0.107389431621501,0.244871033726051,0.0690159714967589,-0.146610023074842,0.0958084780336919
"gene_755",167.534570815947,-0.208018427330261,0.115923981636292,-1.79443825508782,0.0727432455511356,0.187805281113087,0.0907815075864138,-0.186134483935599,0.111623097294976
"gene_756",145.016125490877,0.156205198552787,0.124015219844911,1.25956474332853,0.207826420805273,0.377866219645952,0.103836531874571,0.137322414241523,0.117461277650708
"gene_757",13.2588339593255,0.369869586022411,0.274410116528778,1.34787153877988,0.17769970358298,0.345713764377452,0.465939630649739,0.230632791436311,0.237998109061454
"gene_758",45.8498141801247,0.267532622262222,0.150155312091045,1.78170601183931,0.0747971860150269,0.191326924599089,0.140600899388727,0.226897548093772,0.142827541085741
"gene_759",149.949957974815,0.164130904911752,0.100259677810134,1.63705797282307,0.101618356908366,0.235591244764372,0.0657144230893736,0.150875993464906,0.0967943274931364
"gene_760",7.60190447380333,-0.456256969867014,0.406301611120235,-1.12295141682811,0.261458128625292,0.440367380198898,1.04579246976928,-0.185178141583587,0.290076769768119
"gene_761",4586.08846572814,0.144944470156156,0.0826712177924239,1.75326400199029,0.0795567015378999,0.199891209894221,0.049034404813316,0.134823306179881,0.0807712952162745
"gene_762",165.607965208065,-0.137840485214958,0.0856198128436677,-1.6099134141608,0.107416760127827,0.244871033726051,0.0467641336509436,-0.128896687804467,0.0832405412234126
"gene_763",21.4760952527994,-0.0408976049061447,0.209390016783261,-0.195317835751824,0.845144135050005,0.921936039475701,0.268491380484596,-0.0282570718732276,0.17498183379281
"gene_764",57.9163007876347,0.560349056330313,0.16968105176674,3.30236670798471,0.000958726414780916,0.00601711138983838,0.18915004909175,0.496356812322555,0.17091766499567
"gene_765",137.41114223922,0.202192567641364,0.127749732012912,1.58272400619148,0.113484384197343,0.255595459903925,0.110310691968015,0.177243154024616,0.121852198559797
"gene_766",50.654545682064,0.00610493948138357,0.15075461480984,0.0404958713143492,0.967697798557201,0.984099456159865,0.144081427534129,0.00505153105895981,0.136512406139779
"gene_767",419.485507210873,0.181408337933643,0.0920785806723627,1.9701469832505,0.0488215276047983,0.139157656616884,0.0586414214434662,0.16910354954059,0.089762041888458
"gene_768",68.9133715316967,-0.0351483462298215,0.130881553537754,-0.268550802460354,0.788275375728455,0.883716788933245,0.108625808576594,-0.0297516194169928,0.121113618294393
"gene_769",13.4966203534833,-0.0874757387426898,0.264085262672945,-0.331240516253358,0.740462818432057,0.857101427694025,0.426953493714086,-0.0514258358603537,0.204639254214991
"gene_770",368.108698768301,-0.0722545613699851,0.102736304853579,-0.703301150191871,0.481868094057574,0.65949100464084,0.0732632472066598,-0.0650932895742209,0.0981474765761952
"gene_771",185.572625026712,0.0369586266675832,0.118819054848384,0.311049660466861,0.755762869210168,0.864058158395772,0.0962699123943168,0.0317064096635363,0.111743758302928
"gene_772",19.599432402452,-0.0421197507748233,0.229650909497546,-0.183407724650328,0.854478115278872,0.923957214785195,0.327707278187105,-0.0273667466019847,0.186370296674259
"gene_773",152.140050784629,0.142458377365049,0.10505280679805,1.35606445660139,0.175078660583406,0.343826171383614,0.0727169996280698,0.129312751322301,0.100815095547728
"gene_774",3.94752104686893,-1.37873116482627,0.43774545327468,-3.14961847007724,0.0016348380937645,0.00904891933817986,1.00400283975521,-1.06617020095805,0.496901147505051
"gene_775",322.208777418348,-0.342930152976709,0.10473989209219,-3.27411214702099,0.00105994535714192,0.00641095982142291,0.0758947084719388,-0.319767848402796,0.103841950722576
"gene_776",834.399752084499,-0.0228036998511928,0.0888567102085769,-0.256634527630662,0.797460918254193,0.89002334626584,0.0556849998963535,-0.0224823873343809,0.0856161295141049
"gene_777",13894.2638999456,1.89021905431337,0.0850582206567307,22.2226498475876,2.07461139174485e-109,3.11191708761728e-107,0.052032071702444,1.8819287991493,0.0853636143241357
"gene_778",129.22755476212,-0.276158939054077,0.111248383453762,-2.48236361267089,0.013051401966503,0.0509820389316523,0.0812425432794853,-0.252081647864676,0.108830725365089
"gene_779",10.6702418664837,-0.954364417086283,0.305549732651498,-3.12343397850329,0.0017875396363173,0.00971981358485819,0.564874229438005,-0.771964783613941,0.326306718977398
"gene_780",412.830668128781,0.211483527575029,0.0865190521663345,2.4443578874217,0.0145110237507897,0.0555268765974097,0.0514769966199753,0.199090941748807,0.084857622202292
"gene_781",52.3156751262564,-0.239098278716393,0.158754269332861,-1.50609038560768,0.132043972383383,0.282651769685457,0.16225726602758,-0.196748783368726,0.149104962273691
"gene_782",602.110097132005,1.01231265815079,0.0873940408387918,11.583314473559,5.00718931489045e-31,1.70699635734902e-29,0.0531879107043385,0.999579611249535,0.0878208033183335
"gene_783",157.66611555736,0.275970808543657,0.110908456313588,2.48827562583112,0.0128364206616439,0.0505509247797323,0.0821564844467658,0.252518808350743,0.108469851001644
"gene_784",41.7243202116513,-0.144293272628841,0.158845704430324,-0.908386368686057,0.363674125082736,0.545511187624104,0.1559115892732,-0.116543508595825,0.144668592154245
"gene_785",1629.01683962095,-0.371605320536482,0.078079270835268,-4.75933389952497,1.94232890168696e-06,2.29408925396098e-05,0.0432969423860443,-0.359707283726106,0.0777664506908463
"gene_786",183.532636547468,0.213854517705524,0.098569128836417,2.16958920333395,0.0300379800178075,0.0958658936738537,0.0645599230577164,0.198030511321179,0.0960603340025995
"gene_787",27.8218866046226,0.147119302762855,0.203130063635865,0.724261589493635,0.468905153444445,0.647056341211246,0.261406606535445,0.105725157050876,0.175326059502666
"gene_788",6057.07292611357,-0.286356233827515,0.0855918699670347,-3.34560086066356,0.000821044918719294,0.00533146051116425,0.0526097793130503,-0.277554708390825,0.0846046546219008
"gene_789",22.2750693839059,-0.0513768094182843,0.180260973478788,-0.285013491421814,0.775633805766447,0.876506424034484,0.189176711173176,-0.0386473825599308,0.157142931034981
"gene_790",27.3908740656442,-0.0879925368961132,0.219035752496696,-0.401726822644812,0.687885082134956,0.823453078757918,0.309072532217099,-0.0595773198039973,0.181481231804503
"gene_791",19.6847328804384,-0.180094639267382,0.199556521983816,-0.902474333973346,0.366804949555111,0.54856173911532,0.236035486697821,-0.131445417961769,0.174401744710576
"gene_792",83.508546321227,0.402456091002097,0.13585712680024,2.96234802311,0.00305302485065888,0.0150642673552248,0.120243092494479,0.36223730806656,0.134315723133573
"gene_793",21.2282392192837,-0.20416737901869,0.21466600583356,-0.951093202791456,0.341557064931069,0.522258509068912,0.283312362467003,-0.142868348654903,0.186445877197135
"gene_794",491.436061337212,0.309303681059833,0.100913489424087,3.0650380125098,0.00217642333366378,0.0115358127225996,0.0713207243346011,0.291033189980156,0.0995591692235501
"gene_795",593.560330608398,0.137704942043736,0.0958193056444379,1.43713149576272,0.150680633409184,0.309617739881886,0.0644251263365014,0.128199029969477,0.0925758106556229
"gene_796",838.124980649168,0.216019358004709,0.085995675877425,2.51197930361771,0.0120056129374003,0.0481508540270067,0.0520868470654883,0.198417195899747,0.0842995549041268
"gene_797",819.793461761826,-0.0154606265945893,0.103688762763121,-0.149106095806249,0.881469915906365,0.939733385827681,0.0762235563364089,-0.0140641072190302,0.0986668746888708
"gene_798",1019.46622553714,0.115142673985028,0.0779033410578404,1.47801971547715,0.139402501251841,0.290921458414411,0.0426977847092878,0.109164931073219,0.0761331500292348
"gene_799",118.507000887706,-0.150577588025565,0.130773772639965,-1.15143568152708,0.249553041557955,0.427316851982799,0.114752962390383,-0.12960023801706,0.123275077114024
"gene_800",5979.80700755174,0.149421914415455,0.0920708119109327,1.62290210452367,0.104610333620209,0.241037635069606,0.0609152955193919,0.139067948234584,0.0892629501230571
"gene_801",222.72086334825,-0.221467898470405,0.0953354079010657,-2.32303929197254,0.0201770417405635,0.0718896974129341,0.0609494233453701,-0.205657669357824,0.0932492249429443
"gene_802",223.34070542717,-0.50204741619644,0.107062969910147,-4.68927227236258,2.74178373765033e-06,3.09223729810187e-05,0.0778910478568662,-0.476231542475302,0.107677330879802
"gene_803",5.52764908301565,-0.171168966867577,0.404140021398979,-0.423538768259216,0.671902219369532,0.811040766435923,0.983967996077866,-0.0649567693426972,0.25457885472405
"gene_804",10.5253658255033,0.731811111705257,0.289723082173785,2.52589854496403,0.0115402802647205,0.04678491999211,0.500171835553866,0.547547089110223,0.300882784329003
"gene_805",74.1290774270869,-0.198586063081719,0.120484809230667,-1.64822490361857,0.0993065282759012,0.232353701348168,0.0910537178919781,-0.175836322318335,0.115375232445414
"gene_806",146.297069341403,-0.140161261605419,0.10263985531125,-1.36556370992912,0.172075943528246,0.340969505009735,0.0690502068143403,-0.127416071419415,0.0986416356377626
"gene_807",35.2666870035727,-0.323164530329567,0.160576462518851,-2.01252739822705,0.0441643715179124,0.129135589233662,0.156781232665643,-0.271476791643916,0.154404523999837
"gene_808",126.601642296118,-0.148236993385799,0.12520691089799,-1.18393619268007,0.236438321914455,0.411310739931321,0.104939537131953,-0.129367573903589,0.118414420119578
"gene_809",4090.56528817796,0.167857783502037,0.0857291289334391,1.95800173861982,0.0502298086831765,0.141892114924227,0.0527179547513888,0.157793382077877,0.0836950493319911
"gene_810",8.7496598872067,-0.308251949287305,0.304018799160426,-1.01392397489422,0.31061903034136,0.49096790886411,0.546605064042107,-0.169968795719402,0.240204930846566
"gene_811",1693.11779393886,0.0605847128288765,0.0774202764169739,0.782543225531467,0.433895392449649,0.613448286018438,0.0426004954882641,0.0576180944212362,0.0753035133106601
"gene_812",5427.83018186089,0.0144512041939442,0.0877420525080155,0.164701004602371,0.869179326222477,0.932595843586349,0.0552945710331259,0.0133751579378112,0.0846630458103414
"gene_813",23.9447913129319,-0.0501021663032859,0.204263956192961,-0.245281484002768,0.806238487550538,0.898482712723483,0.257607558761653,-0.0351681059361867,0.172044659999231
"gene_814",64.3925943652466,-0.239201427849101,0.158464776995327,-1.50949272377517,0.131172913354506,0.28229464853911,0.165049967025417,-0.196544067773947,0.149800728540294
"gene_815",75.2027158092212,0.0286989941833351,0.146478443610215,0.195926400335767,0.844667773240698,0.921936039475701,0.140743705099479,0.0234946934044407,0.132990102491636
"gene_816",301.249095324598,0.2389016498711,0.0999205418231939,2.39091627719381,0.0168063848480216,0.0625547823127354,0.0684639682291367,0.22219615668268,0.0976607025475066
"gene_817",278.974595955602,-0.378336349621711,0.0886284926580626,-4.26878917010775,1.9653692022339e-05,0.000192683255120971,0.0529156448771326,-0.361448945044679,0.0882166101986385
"gene_818",4307.93967312533,0.137949156974783,0.0845512913497168,1.6315440577271,0.102775571350656,0.237906415163555,0.0512875452241277,0.129740373496676,0.0823155597783545
"gene_819",80.4013690399461,-0.191994601023547,0.135314962444127,-1.41887192336785,0.155936359149874,0.316943819410314,0.119107863999805,-0.164856111174961,0.127808193200664
"gene_820",3527.40256649513,-0.171408307122727,0.0755574522568956,-2.2685824098454,0.0232937323012126,0.0795913404369452,0.0408501480270579,-0.16406121293614,0.074159115054028
"gene_821",22.9996901796754,-0.223142831087857,0.230000709468728,-0.970183229448675,0.331955168552679,0.509654813540449,0.332662588713771,-0.150857498280477,0.196137482232275
"gene_822",10.2284270594485,-0.524238503388275,0.313580287122826,-1.67178398935178,0.094566925084226,0.224092239536081,0.606972321619133,-0.307398579301545,0.287895949895538
"gene_823",110.982737322324,0.198064913114241,0.122866012624829,1.61203988705186,0.106953260292382,0.244557759814898,0.0997576050236005,0.174425012084145,0.117604331995533
"gene_824",194.55927453561,0.0714595255195606,0.100338817372212,0.712182257983746,0.476351922022578,0.653730908539677,0.0673412236153538,0.0652967692597918,0.095953837168699
"gene_825",47.8072379319069,0.264594014796525,0.138281873715525,1.91343961205538,0.0556917973744777,0.153844744128391,0.116282530727832,0.229834180636486,0.132571967406268
"gene_826",309.759695734958,0.0281220510380764,0.0872175500732724,0.322435691147604,0.747122649159228,0.859420225259848,0.0515723806761907,0.0260684002623215,0.0841035963176524
"gene_827",131.598506865173,-0.129660797748814,0.0989474073630211,-1.31040116365162,0.19006016018308,0.357442047811647,0.0628221558439749,-0.118967364524991,0.0952415392326417
"gene_828",62.573471524834,0.234585051542462,0.139527125125312,1.68128635440439,0.0927073070862402,0.221082608313768,0.124271375290682,0.201880088272101,0.132789931531212
"gene_829",3608.11753271003,-0.0310368156758057,0.0814346761997515,-0.381125303423266,0.703110272438575,0.835121034891509,0.0475059726621599,-0.0280099574720005,0.0789020156853515
"gene_830",1022.2614549114,-2.10120047664888,0.0770740276916944,-27.2621081261503,1.19419260322337e-163,8.9564445241753e-161,0.0411678185940526,-2.09428648048749,0.0772071205530981
"gene_831",45.2115267282561,0.211142715397744,0.164263098013436,1.28539348125818,0.198654818010292,0.366973185979603,0.172065802653125,0.1709814032263,0.151690888808005
"gene_832",848.061638079732,0.291395793419649,0.0847417737153757,3.43863221931567,0.000584660947599797,0.00402289642843897,0.0503897948148987,0.27149970204287,0.0837898595199256
"gene_833",175.083272137194,-1.07162004341472,0.0949427944598877,-11.2870076082232,1.52128071079582e-29,4.96069796998637e-28,0.0578998474685291,-1.05770712760538,0.0954211281357109
"gene_834",61.6184897995339,0.358548494365195,0.162682579855696,2.20397595540492,0.0275260351161521,0.090348036486276,0.173734145879358,0.302997856494458,0.158429308607739
"gene_835",23.224663100496,-0.437805092453054,0.18948463787959,-2.3105044153039,0.0208602443762428,0.0738915262744911,0.214110143997758,-0.358948674254697,0.185512563159413
"gene_836",111.459232180838,-0.0953147516961985,0.114235408857524,-0.834371344659665,0.40407175964568,0.586469761862801,0.0849398760019251,-0.0844631982123201,0.108181669815874
"gene_837",110.930447696924,-0.0527658485833398,0.118816720552607,-0.444094470356782,0.656974284184477,0.803235139641348,0.0927294574425366,-0.0462546389787366,0.111828868956811
"gene_838",591.608673317367,-0.215400807150365,0.0819487948078435,-2.62848047558777,0.00857672787714315,0.0361378983587492,0.0465848822221136,-0.204129672716199,0.0805300293466903
"gene_839",203.693406411232,0.120885057787447,0.0977712267092779,1.23640729339418,0.216307206449314,0.388111016356424,0.0639323464336033,0.111062852480294,0.0940406743818569
"gene_840",45.5330996063963,-0.37997705736356,0.153671718903515,-2.47265443553823,0.0134113753736619,0.0521167436800334,0.147684069626978,-0.329511203629833,0.150483735231829
"gene_841",5915.36345951527,0.470342349614841,0.0839665288584875,5.60154571123846,2.12448745037998e-08,3.21892037936361e-07,0.0506351555460223,0.450726337787129,0.0840545034824324
"gene_842",1699.91965348658,-0.0287195633347569,0.0738578635971304,-0.388849093867815,0.697387781483366,0.829565164333901,0.0387109520391843,-0.0272346293918375,0.0719432054823359
"gene_843",4465.10225974344,0.0348286116553953,0.0841692277797518,0.413792695669401,0.679025933794759,0.816791419961618,0.0508301241976633,0.0336448602673017,0.081385896368401
"gene_844",69.772335608228,0.0697563182077038,0.121550937852045,0.573885479128209,0.566045299930705,0.722611021188134,0.0918854129645482,0.0612043065783841,0.113812732973907
"gene_845",86.3842200966997,-0.135200606092746,0.122876090742836,-1.10030035359526,0.271201278141373,0.452220154977052,0.0970175854798431,-0.118313870446052,0.116064948996357
"gene_846",106.882163311751,0.266776566669253,0.132089343349268,2.0196675969828,0.0434178783316004,0.128179585274262,0.115909090443577,0.234978811499179,0.127538686430619
"gene_847",371.541899690103,0.0613095823130965,0.0996355273046474,0.615338564181381,0.538331154642849,0.703394365822538,0.0687030251770539,0.0559441909037984,0.0953671594781224
"gene_848",17.5397093988477,-0.305700492676469,0.20275274998219,-1.50775016715345,0.131618480570227,0.282443091352419,0.237699820749291,-0.230232248773072,0.186281012861147
"gene_849",3.22489369817779,-0.0319547147791567,0.448146657428165,-0.0713041461974506,0.943155695442893,0.972994183744387,1.1318975833249,-0.0103034745001751,0.259349710200767
"gene_850",517.492485311159,0.01941151656649,0.0944246029615835,0.205576893708386,0.837121428150034,0.918567770464558,0.0621799603724923,0.0177152722841339,0.0905651436960507
"gene_851",89.670660250117,-0.339204666630278,0.112382234169799,-3.01831218373692,0.00254186906452595,0.0129687197169691,0.079623223922227,-0.312617312678582,0.110836187344468
"gene_852",4392.51931367589,-0.096603019703632,0.0808953203336999,-1.19417315247825,0.232410242750687,0.406785722434107,0.0469292378451884,-0.088084805931708,0.0786125900012082
"gene_853",125.196063189971,-1.81218514058933,0.113990503540374,-15.897685195745,6.57496889174339e-57,3.52230476343396e-55,0.0818538238546765,-1.79852581009859,0.114608419744451
"gene_854",46.8287785936833,-0.0897848293127509,0.155058040181935,-0.579040140114007,0.562562088915521,0.719388860505781,0.150857113975513,-0.072745445957053,0.140547255174474
"gene_855",797.363819311751,-0.344757639473283,0.0853412748562195,-4.0397526291249,5.35076061326469e-05,0.000472125936464532,0.0511729395233327,-0.32898748769647,0.0847925801023086
"gene_856",200.469226982864,0.0761583413581409,0.104845758824745,0.726384569216991,0.467603048158404,0.646715366383501,0.0741721826296446,0.068212478425953,0.10007025865181
"gene_857",4259.80334796725,-0.136601019940671,0.0907104924626554,-1.50590098490434,0.13209259369967,0.282651769685457,0.0590574300720217,-0.130141579906197,0.0879298649084589
"gene_858",5271.43154565381,0.246404254062547,0.076948010289661,3.20221735604325,0.0013637405607904,0.00780767496635728,0.0424799444232192,0.236705285010097,0.0760206399683193
"gene_859",318.314127155425,0.0938668711192802,0.101479012741155,0.924988020515225,0.354972138823071,0.534596594613059,0.0709977393839562,0.0855040897359585,0.0973181515710868
"gene_860",861.544707864247,1.96692571386404,0.0822511834093252,23.9136463736404,2.20890861949681e-126,5.52227154874203e-124,0.0469866716110409,1.96130994778138,0.0824451155969018
"gene_861",160.06823626239,-0.0346351034333632,0.113149847507719,-0.306099426523755,0.759528944551854,0.865766735310911,0.0859708732048607,-0.0303999982745062,0.106686795870091
"gene_862",19.0304805552455,-0.735789383459851,0.208485632877823,-3.52920905533591,0.000416803730281537,0.00294908299727503,0.255548285003435,-0.643993351213941,0.214663146625029
"gene_863",853.763575392195,-0.389986239929918,0.0845006624482011,-4.61518559300028,3.92744188774323e-06,4.30011885519332e-05,0.0502483825628237,-0.373246801136338,0.084355371337642
"gene_864",45.5721192528748,0.212376250044322,0.158700171220163,1.33822319416212,0.180823690390858,0.347737866136265,0.159540177474071,0.174201147396467,0.147484238284528
"gene_865",313.636173077812,-0.479590641488084,0.115870241679876,-4.13903202871611,3.48774261123116e-05,0.000322939130669551,0.0933799852388994,-0.448814797710511,0.115939142876302
"gene_866",154.767382606248,-0.101820373407409,0.122084745153433,-0.834013891575429,0.404273155844091,0.586469761862801,0.100803539571076,-0.0889234119525513,0.114806325441257
"gene_867",192.358873173721,0.270496160166764,0.109710344167838,2.46554836937666,0.0136803703192222,0.0530246911597761,0.081442072528986,0.247432730169416,0.107256896820585
"gene_868",240.524812764336,0.0140255753790738,0.0936665235930508,0.149739467645988,0.88097016853104,0.939733385827681,0.0588952184791088,0.012987773538109,0.0900016482676718
"gene_869",3961.31631452138,0.103621748932758,0.0851096633884394,1.21750862131636,0.223410758254813,0.397528039599312,0.0519450830038304,0.0978562923789441,0.0825702410471135
"gene_870",51.5201521052858,0.0553988658586833,0.152042636074857,0.364364018467873,0.715586200553934,0.842781289599972,0.146199682658686,0.0450698414609594,0.137669552745254
"gene_871",197.739502430056,0.0352998543969602,0.0993357372644894,0.355359061794362,0.722320613957783,0.847131290802716,0.0658624835784022,0.0324000853489739,0.0948230789525371
"gene_872",209.812816368553,1.89460655038757,0.137228537446937,13.8062139671215,2.33800414099122e-43,1.00200177471052e-41,0.128661316681605,1.87590892312216,0.137821223621649
"gene_873",1244.94823805666,-0.413211633784473,0.100673556186054,-4.10447042340313,4.05242110151471e-05,0.000370648271480004,0.0722154957441856,-0.39095866347002,0.100373938427061
"gene_874",8.90221328550948,-0.0282547705891074,0.304124109965325,-0.0929053950781109,0.925978719635779,0.962555841617234,0.548169726774835,-0.0147814644906319,0.219527046160714
"gene_875",5.73312774702178,0.0316770251347827,0.452781405994849,0.0699609672910089,0.944224727068846,0.973427553679223,1.30362220702625,0.0105314589445552,0.25946375695926
"gene_876",168.027864534102,0.259988800460785,0.121170650289013,2.14564170317371,0.0319015755542098,0.101167787169798,0.0998327949602657,0.234352822153996,0.117986418058395
"gene_877",54.262049718745,0.0225863060427377,0.119933426470012,0.188323695132525,0.850622911635539,0.923957214785195,0.0849554445652888,0.0197721255557889,0.112182460148817
"gene_878",43.7411423205364,-0.078548586300268,0.160110030202774,-0.490591290257011,0.623715547851997,0.774481226637414,0.161891843325795,-0.0629407752642484,0.143924943715666
"gene_879",861.603457864587,0.279179077877063,0.09187114688712,3.03881128446218,0.00237513586381155,0.0123102230818392,0.0596457077714334,0.262657504779142,0.0906267295268024
"gene_880",264.854213181849,0.0144816175405105,0.0979654091635404,0.147823784580283,0.882481838172827,0.940144003735256,0.0652367618749399,0.0138438770347351,0.0936153394790835
"gene_881",68.3984152127811,-0.376213101761905,0.133323331486008,-2.82180993805564,0.00477534690070248,0.022245404816937,0.113008633938863,-0.337771300161894,0.131465815937587
"gene_882",5578.9469463252,0.108700230369195,0.0730429105990782,1.48816948116751,0.136706203516005,0.289631787110181,0.0382672283088059,0.099908882247632,0.0714486769866704
"gene_883",184.55252529075,-0.0701143615611224,0.106590964523226,-0.65778897746858,0.510673738152155,0.683327927946684,0.0763381124090654,-0.0623349350632477,0.101340811179286
"gene_884",137.563148611224,-0.15699850323276,0.11622905049045,-1.35076818205324,0.176769703435224,0.344921431372817,0.0898840534833765,-0.139716791785049,0.110773301546419
"gene_885",1077.25304565948,-0.111195117975372,0.0968928407030264,-1.14760922652873,0.251129919165375,0.428642627804452,0.0667220629135921,-0.102933941263178,0.0932870399991448
"gene_886",3952.14303648151,0.0124900134208474,0.0809459526147244,0.154300653922695,0.877372681735956,0.937509376602153,0.0469549807192117,0.0123781382360893,0.0784521836072953
"gene_887",5.04791282779176,0.123321967414277,0.428774743598338,0.28761481233559,0.773641605177192,0.876051863413282,1.11595188421963,0.043531032092708,0.257021247589181
"gene_888",1317.75096772816,-0.39266950377645,0.093546094174841,-4.1976044776657,2.69753220415193e-05,0.00025937809655307,0.0622817078076042,-0.372564658445425,0.0931499220434042
"gene_889",35.5580752516,0.811304347040077,0.173282973192127,4.68196229609095,2.84141751344291e-06,3.18069124639132e-05,0.186360954609382,0.752064427105881,0.177219031320186
"gene_890",658.819017473061,0.261498445991592,0.0769072079343388,3.4001812445831,0.000673412002853852,0.00448941335235902,0.041090708953231,0.251321004186389,0.0761363343024723
"gene_891",134.874163197919,2.27370484156398,0.15163030993173,14.9950550294839,7.90971111234257e-51,3.82727957048834e-49,0.152690324443468,2.25313864809718,0.153843070402509
"gene_892",5.94209267923152,0.445636988079927,0.409286877604099,1.08881328101359,0.276236233716014,0.45684051882472,1.01707580634806,0.178578681815244,0.288526478728298
"gene_893",15.9955731427563,0.480507201006466,0.216980422024251,2.21451869492982,0.0267931181226483,0.0887189341809545,0.273561052341804,0.376863549426983,0.212411688216958
"gene_894",96.559678999065,-0.255116397944213,0.119591029386397,-2.13324025433326,0.0329050225086964,0.103262495021865,0.0925599247595924,-0.229029905083536,0.116043916100083
"gene_895",813.745232462812,0.00888161248100266,0.088495503677223,0.10036230217297,0.92005669712165,0.959725344702695,0.0552047134507664,0.00847160308649733,0.0852778527702627
"gene_896",1488.96289513175,0.979940103834687,0.0958847125440473,10.2199827045894,1.61369668784543e-24,4.03424171961358e-23,0.0654928495517777,0.962051848094814,0.0967018441897856
"gene_897",48.5879399916807,0.00183090104419489,0.150173681733226,0.0121918902371147,0.990272519999051,0.996918644294347,0.140712871760826,0.00164677953825345,0.135600933846369
"gene_898",936.624617288109,0.110730594891115,0.0860730568900787,1.28647220038352,0.198278314765802,0.366729312143899,0.0523223244863233,0.103843924091413,0.0835134365269948
"gene_899",4873.15853028309,0.0843111528566318,0.0833144186119107,1.01196352637788,0.311555493040915,0.491497733773811,0.0498112171221266,0.081270841262189,0.080858668278079
"gene_900",17.6413128970002,0.148699978548391,0.232891461905626,0.638494762030596,0.523151662656443,0.693222167830976,0.330065519719669,0.0979084728756232,0.192165027788451
"gene_901",10.8823948971358,-0.0909999732849028,0.316688991687919,-0.287348078630338,0.773845812681733,0.876051863413282,0.626731628272138,-0.0454871696927042,0.225511964016303
"gene_902",5989.39017760926,0.234806798891553,0.0853868803149209,2.74991659170059,0.00596104360126278,0.0266912400056542,0.0523691690736678,0.223470709964137,0.0839861492033692
"gene_903",2254.13159368485,0.14316809495837,0.087846333851565,1.62975606017074,0.103153063831433,0.238125941689326,0.0551630150706662,0.134281009582137,0.085354178469326
"gene_904",6.60529832235813,0.00413432233247857,0.393359061156921,0.0105103015049888,0.99161414709262,0.997391416425042,0.958228808318526,0.00246988902216836,0.246414643617896
"gene_905",227.527528026806,0.0568856580028448,0.099672562492498,0.570725348885521,0.568185832938064,0.724111087006878,0.067182544804987,0.0518634270126878,0.0954239323484849
"gene_906",122.675342661049,0.160816718096561,0.108614455907379,1.48061983787589,0.138707906016563,0.290921458414411,0.0765950082696545,0.145386746731455,0.104557114611249
"gene_907",15.1798532096693,-0.0051185305955227,0.286964998044441,-0.0178367767163367,0.985769065844263,0.995457644686014,0.527037181432255,-0.002573303686198,0.212907017383537
"gene_908",2243.89894288698,0.00307364133673139,0.0870304039929267,0.0353168685391969,0.971827072572182,0.986292698821565,0.0541324099820617,0.00415311852888773,0.0838995804514288
"gene_909",2244.56735294867,-0.0834819889717213,0.0801471525085272,-1.04160892007784,0.297593031388221,0.479473197725383,0.045845164936517,-0.0777684360122259,0.0779476978171964
"gene_910",6.52119865933619,0.366085991891825,0.361798516191365,1.01185045131084,0.311609563212596,0.491497733773811,0.787615146210759,0.169518210069327,0.266486389018102
"gene_911",186.596521949256,-0.259411372984255,0.0973282329426093,-2.66532500530673,0.00769139500190016,0.032963121436715,0.0627586993189331,-0.24141853843473,0.0956377413340675
"gene_912",490.69234112707,-0.253952500126408,0.0921875665237778,-2.75473699656565,0.00587393315393893,0.026379939314097,0.0591560929507507,-0.238064925791671,0.0905813521648481
"gene_913",154.815320937077,0.438844996374911,0.111320997833651,3.94215830719273,8.07516461624184e-05,0.000684335984427275,0.082709468601905,0.411275186713439,0.111168740011529
"gene_914",9.40443751099342,0.260255495070036,0.278775155840605,0.933567750272706,0.35052690731273,0.530565450019269,0.451458614052165,0.153588800352479,0.223879268373828
"gene_915",4.70232791592269,0.686207406489908,0.418003704728702,1.64162996338819,0.100666714107255,0.234108637458732,1.02289910950458,0.312715424714456,0.355469566562873
"gene_916",123.084082066395,0.22882075772118,0.108730241210321,2.10448128482088,0.0353364854658152,0.109430197460938,0.0770023834369452,0.208903091179532,0.105662851068491
"gene_917",5.78647969708005,-0.579156953476191,0.391966093826108,-1.47756901068369,0.139523174097967,0.290921458414411,0.913168850507393,-0.267459080541525,0.319319151211007
"gene_918",88.3136208452294,0.131634661373711,0.133930426492937,0.982858524538886,0.32567707314436,0.504144076074861,0.117714427428146,0.112051712353603,0.124924942475914
"gene_919",16.7305052259746,-0.318001952483591,0.233676102605591,-1.36086638273118,0.173555918935469,0.342094452566627,0.331859665749031,-0.220511506941167,0.207696118721594
"gene_920",332.7845750617,0.000468762408044183,0.0969372215740673,0.0048357318317197,0.996141659268728,0.998137935139006,0.0646899749531649,0.000280874732407123,0.0926846542809957
"gene_921",28.6207485596887,-0.10122152831788,0.17407333685656,-0.581487838090266,0.560911712628623,0.718503474759125,0.183091640912676,-0.0779504201118945,0.154134055353199
"gene_922",48.671009897137,-0.0920703652944209,0.157736418644602,-0.583697576536628,0.559423798031867,0.717823521854406,0.158574731791086,-0.0739771174922564,0.142290096666044
"gene_923",65.8092353411773,-0.461015703197699,0.138497873043127,-3.32868435498748,0.000872572344544065,0.00556961070985573,0.122523690164572,-0.416786426032545,0.13841896323738
"gene_924",390.506946524262,-0.777272509731254,0.0925113899743589,-8.40191148297186,4.39268910138491e-17,8.66978112115442e-16,0.0585070614994782,-0.760767075997,0.0931681185940705
"gene_925",5.35485491583888,0.245139108238392,0.439549214584629,0.557705713272737,0.577045355707982,0.731660060881202,1.19902722109613,0.0835265609088504,0.267165137484819
"gene_926",35.5545073227923,-0.019223270498336,0.164179597442957,-0.117086841469538,0.906791236996239,0.950514923476142,0.165007859068131,-0.0150179419479855,0.145813460605711
"gene_927",120.63876014926,0.265246891896331,0.134674306357145,1.96954340490842,0.0488907233580653,0.139157656616884,0.121596953433709,0.232226679892759,0.12970213902445
"gene_928",75.1447423521882,-0.218969328339975,0.128956191363056,-1.69801330223457,0.0895052512201964,0.215502210000473,0.106374997930079,-0.191879216933978,0.123251776875713
"gene_929",6.49278582107329,-0.300979102385778,0.382272851581716,-0.787341034395792,0.431082254600636,0.611175219188048,0.888139632060504,-0.121962300212064,0.263290156434323
"gene_930",385.154733337534,0.135223589762406,0.0835824338419685,1.61784699902466,0.105695574809641,0.243164665973099,0.0476942036231996,0.127478011517045,0.0814323221257871
"gene_931",6.45587290265866,0.157542630448248,0.378654821334349,0.416058694018686,0.677367054520695,0.815449905121222,0.864206828519068,0.063714425323759,0.249396507664967
"gene_932",1108.98409769247,0.360877721270722,0.0803619829193426,4.49065227313923,7.10053907666401e-06,7.50056944718029e-05,0.0456222771126999,0.346021736453102,0.0799531103295772
"gene_933",193.614560319408,0.295843286196655,0.105472646310423,2.8049290175762,0.00503276616624826,0.0232281515365304,0.074840579492148,0.273790691751875,0.103628651392801
"gene_934",251.23494477473,-0.250133919107677,0.0977107168828418,-2.55994354649547,0.0104689167862208,0.0433794894456662,0.0647823673340825,-0.231619307878641,0.09597399814821
"gene_935",127.971771851006,0.0206903964112477,0.131133387500198,0.157781300442777,0.874629134157147,0.93576583540351,0.116043403555494,0.0182979524754016,0.121622566652022
"gene_936",2183.63370695066,0.142847161580977,0.0854032354784836,1.67262002171997,0.0944021228365375,0.22405567128925,0.0520984076227593,0.133818358279529,0.083134809633176
"gene_937",1364.27852046789,0.171301513885545,0.097426951008416,1.75825592520849,0.078703973374337,0.198747407510952,0.067668881731514,0.158544512201041,0.0945303828430654
"gene_938",361.356382335565,-0.192455586575136,0.0927351666485634,-2.07532475036661,0.0379564470848875,0.115486147317102,0.0591715727694475,-0.179163945291735,0.0903654834011745
"gene_939",413.76407385735,0.414899976371103,0.0969398269881472,4.27997438474728,1.8691482499307e-05,0.000185676978469938,0.0652506230263843,0.393170800454195,0.0972580160241388
"gene_940",7.91624047130981,-0.267839434791571,0.372104424228712,-0.719796426357309,0.471650345548877,0.64787135377593,0.864113874192097,-0.115094777541422,0.255113803901748
"gene_941",186.375477995382,-0.0775673062754054,0.0956445838022022,-0.810995282658331,0.41736837979408,0.59680893202204,0.060552015236639,-0.0707670231850518,0.092017699510754
"gene_942",383.854472015756,-0.164148168379712,0.0970463655775142,-1.69144065728666,0.0907526726695423,0.217806414406902,0.0652104478092798,-0.150766995680665,0.0939311273140371
"gene_943",267.200853526403,-0.173521398233499,0.0913537108262125,-1.89944553608335,0.0575059211723849,0.158273177538674,0.0561193204432475,-0.161590857860892,0.0890433766633673
"gene_944",6.75602736715901,-0.459861074871309,0.347135167164311,-1.32473203054544,0.185260045493175,0.352652370862642,0.715046723856057,-0.23545983155837,0.281006885708516
"gene_945",2275.91825494034,0.304110977178987,0.0902039194792502,3.37137209707326,0.000747947602465577,0.00492070791095774,0.058196051548513,0.289144366621116,0.0892258079572364
"gene_946",4875.54240322318,-0.00780690360109906,0.0878443625799535,-0.0888719932823627,0.929183641579958,0.964550492989576,0.0554045400625129,-0.0057374038791096,0.0846870935098698
"gene_947",183.831253050588,-0.541395119340871,0.113488478841028,-4.77048529392348,1.83782603778045e-06,2.18788814021483e-05,0.0869174493563609,-0.511545485090853,0.114082645865138
"gene_948",6.49239031272349,-0.735752711578188,0.397012151742614,-1.85322466415381,0.0638501639291386,0.170106829770721,0.963180713940031,-0.382280238755541,0.374881091244196
"gene_949",558.285745652656,-0.0589623458307873,0.101612654001819,-0.580265779001616,0.56173540091523,0.718944625744748,0.0726123168701638,-0.0511834972577997,0.0969800907491956
"gene_950",1656.41604610199,-0.200969235255674,0.0824474321264674,-2.43754390006233,0.0147874185705298,0.0561240887545273,0.0483473596661722,-0.190066400930257,0.0809801663027411
"gene_951",1193.70759130737,0.062402967292166,0.0919824459461738,0.678422569113708,0.497503803232772,0.671364306092834,0.0601329166576784,0.0573161298171284,0.0885098563673669
"gene_952",112.33726180786,-0.198713285728286,0.109394209861199,-1.81648814850819,0.0692955243034767,0.180476912755057,0.0772835647125648,-0.179631426799538,0.105677768636836
"gene_953",46.5813279111557,0.230910335938953,0.148209102790714,1.55800373655201,0.11923236236624,0.263788412314689,0.136307414334729,0.194115502948302,0.139960084217552
"gene_954",3.61744853727383,-1.27749279896354,0.4012173240584,-3.18404197017571,0.00145233953060812,0.00812876602952305,0.791038389600578,-1.0030508124771,0.447760118075541
"gene_955",6.04919451343141,0.274536148916872,0.338154419129642,0.811866216693209,0.416868401370397,0.59680893202204,0.644861233314965,0.133529961669276,0.247042771782842
"gene_956",43.0577346465083,1.50596376673827,0.206696331225148,7.2858756505836,3.19587652902823e-13,5.57420324830506e-12,0.276512313905223,1.45020782013343,0.211285583797184
"gene_957",128.829386272231,0.325047778236235,0.099814063877403,3.25653285328084,0.0011278187797852,0.00672831382432469,0.0639139029284122,0.304636018372111,0.0986740615326223
"gene_958",26.0065794654159,-0.159204610683369,0.189897659550251,-0.838370578449598,0.401822608121575,0.585178555516857,0.219222417327506,-0.118635086419543,0.167651394167035
"gene_959",21.7406629397002,-0.0626506861079191,0.206908016979513,-0.302794870022472,0.762046193141523,0.867275637110989,0.26014989120663,-0.0437444571472158,0.17391252493918
"gene_960",4949.38290249922,-0.232563878671102,0.0763006603151823,-3.04799300176995,0.00230375292389534,0.0120826202302203,0.0417494148200292,-0.222086682012982,0.0752660729617669
"gene_961",168.680081436005,-0.0383199937861692,0.102518712664351,-0.373785358694759,0.708564013308392,0.838868208336691,0.069808208153562,-0.0345398785811539,0.0976075991783359
"gene_962",34.2164889985082,0.25202095940742,0.151887972084873,1.6592555417528,0.0970643098004557,0.228207624922702,0.136107987355063,0.211336454250344,0.14351866312884
"gene_963",80.1081363124466,0.0910230025697835,0.116424758653498,0.781818262906473,0.434321386501054,0.613448286018438,0.0847586149309654,0.0807423387748159,0.109933969411345
"gene_964",14.153690722128,-0.181108290307793,0.283263214960419,-0.639363958123188,0.522586189956681,0.693085132568543,0.504867165087257,-0.102117585914718,0.218483742495544
"gene_965",2434.78684085792,-0.157627991814069,0.0846056085803554,-1.86309151909662,0.0624493912409151,0.166679869860094,0.0511730514014509,-0.146567652967126,0.0824851567431634
"gene_966",85.0407750891977,0.0032046259203981,0.111880323659765,0.0286433379487135,0.977149047565896,0.990460139874746,0.0777077705154137,0.00379290951643815,0.105518565180138
"gene_967",78.4436292673783,-0.081199579389179,0.138212822745749,-0.587496715399198,0.556870155791971,0.716413391790242,0.124517892699499,-0.0671606408092035,0.127545207983008
"gene_968",130.957842763256,0.0447728741604416,0.111648004190968,0.401018132700876,0.68840677384162,0.823453078757918,0.0819988037340623,0.0399877127005154,0.1054717979345
"gene_969",601.776363284826,0.228304315386144,0.0899993766337941,2.53673218554735,0.0111892516325243,0.0456083626325718,0.0566955802439614,0.214160244203711,0.0882312388485829
"gene_970",10.5664512028281,0.11859276002246,0.255825275588432,0.463569362916471,0.642956308690413,0.793061147791746,0.374492541345825,0.0723189783370915,0.202145673572152
"gene_971",98.6840097662023,-0.254556020092836,0.12383862572466,-2.05554622883825,0.0398262753263518,0.120442364898241,0.099352979033786,-0.226519364536261,0.119718086928929
"gene_972",332.382777481174,-0.765715822048352,0.096600380893329,-7.92663356983959,2.25166435530859e-15,4.06927293128058e-14,0.0639761996542833,-0.746081814412072,0.0972402958421448
"gene_973",4994.40082625463,-0.336795456615865,0.0970577916153223,-3.4700506884673,0.000520360153248705,0.00363041967382818,0.0676849754077648,-0.319391568276924,0.0962061309328862
"gene_974",110.578861508873,1.06867259524021,0.128686512000604,8.30446469195774,1.00270479521712e-16,1.92827845234061e-15,0.109082865145019,1.04174990265167,0.129969339186807
"gene_975",10.5213328280283,-0.355335532860288,0.263905717540724,-1.34644878546618,0.178157826575847,0.345713764377452,0.400478680068352,-0.229149812202638,0.229269874831283
"gene_976",18.1531373540377,-1.9959515853526,0.238281716225333,-8.37643616543838,5.45544621438445e-17,1.06274926254243e-15,0.320996547551143,-1.94001231517246,0.241643877415644
"gene_977",10.9099638618476,0.338614640947723,0.261326060244974,1.29575535111308,0.195059785006713,0.363014488225894,0.397603603086528,0.217877786913693,0.226106824452228
"gene_978",800.36475528167,-0.203285078872128,0.0894566776363766,-2.2724416359217,0.0230598493581415,0.0791528010004855,0.0564043606834625,-0.190165503417038,0.0874870401255109
"gene_979",341.822199381092,0.273251969732345,0.0927289481022273,2.9467817259299,0.00321099771973601,0.0157401849006667,0.0589761239004927,0.256861986195397,0.0912923799133757
"gene_980",126.126411017687,-0.179567262031819,0.115029072986944,-1.56105980313517,0.118509641209946,0.262576753050101,0.087311615838072,-0.160984093321632,0.110314124355965
"gene_981",301.455527300705,-0.120000887331391,0.0990211798076228,-1.21187091049135,0.225561798939377,0.398752561835446,0.0672141771195342,-0.109524017993512,0.0952032011242286
"gene_982",93.8260798944923,0.20186885525143,0.160759640637374,1.25571850279752,0.209218048361092,0.378620066553663,0.175396716739579,0.164415209907051,0.148834999890022
"gene_983",33.2205589643856,-0.235718631550794,0.174166662806728,-1.35340844081264,0.175925182358815,0.344837826544397,0.187616623078182,-0.187057592817343,0.160405936080945
"gene_984",18.1302429041803,-0.326108960865136,0.239008268982462,-1.36442543286678,0.172433707922563,0.341227654200323,0.354556200293449,-0.223253606192761,0.211921698669433
"gene_985",3257.24716588059,-0.110758705928576,0.0852301091977858,-1.29952556638815,0.193763625360347,0.362400795561746,0.0520342269582625,-0.111156999148111,0.083036982006331
"gene_986",71.0753774150997,0.161893286823989,0.131466335292281,1.23144291246927,0.218157255598821,0.390962823653801,0.109697384559812,0.139541176718138,0.123989157797139
"gene_987",9.89884558034795,0.566724646217532,0.339670102471634,1.66845607574444,0.0952252244912841,0.224587793611519,0.724898374948627,0.321555776632357,0.305521654031491
"gene_988",4.37638724711582,-0.313688771389193,0.411792349283126,-0.761764447385391,0.446200602994657,0.625664899956873,0.984349758030461,-0.118564598497659,0.269175325486503
"gene_989",362.349766808773,-0.342292047943757,0.0924133662794521,-3.70392359595135,0.000212290221955322,0.0016164230098121,0.0585909089360851,-0.323766425018325,0.0917740770095226
"gene_990",253.069324005055,0.0303814884040125,0.0922932808426432,0.329184184662498,0.742016476208124,0.857208613264601,0.0573765980699945,0.0279619104777822,0.0886763626239159
"gene_991",11.7416623571747,0.147949557435243,0.235334152204046,0.628678651396776,0.529559457315924,0.698627252395679,0.314009220299438,0.0967628179574973,0.193333711106207
"gene_992",119.852934755064,0.278347393768663,0.121952255124437,2.28242924646735,0.0224640102888468,0.0774621044442994,0.0986982991196263,0.250283623855478,0.11861996401799
"gene_993",686.933100352516,0.0738382576168723,0.10976364165324,0.672702331161159,0.501136684237864,0.675386366897391,0.0852836907425092,0.0644960616463193,0.10409796840619
"gene_994",1728.92891210464,0.0832834182450404,0.0790985755965853,1.05290667520738,0.292383766448461,0.475640478906972,0.0445032568720593,0.0785595264833903,0.0769645961418888
"gene_995",201.835062095952,0.0610126925811591,0.11142794320688,0.547552892256852,0.583998943047628,0.737372402837914,0.0845006290073622,0.0544730789066594,0.105531191712995
"gene_996",6.06424991185374,0.169236266188205,0.35126482717909,0.481791096328357,0.629954355010917,0.779646478973907,0.711849478031759,0.0768806308889521,0.241068733615528
"gene_997",68.7495714074086,-0.192763085741036,0.135827920275483,-1.41917129666771,0.155849081992192,0.316943819410314,0.118228961450866,-0.165828970294419,0.128705382799605
"gene_998",11.5784419061373,0.296658773308748,0.276296348745425,1.07369776928209,0.282958161496103,0.465841159519046,0.4632449261922,0.177851803645655,0.228184921272863
"gene_999",439.70505851638,-2.03223490075695,0.0899387607633154,-22.5957627557824,4.77009106396942e-113,7.95015177328236e-111,0.0545155252915927,-2.02417234507108,0.090183926582158
"gene_1000",1032.09574541417,-0.285352970290769,0.0958418304307466,-2.97733222548331,0.00290768738740559,0.0144901364820877,0.0651948710584858,-0.265150679084897,0.0946580227340777
"gene_1001",1789.79729872356,0.44271652214464,0.108222534887554,4.09079793413298,4.29891565595924e-05,0.000388456233972221,0.0838079448875219,0.417039116059873,0.108091576965472
"gene_1002",61.53890508906,0.0991539452330164,0.161496375441323,0.613970096617075,0.539235087832517,0.703962255656027,0.171680478926961,0.0792685231999747,0.145618010446876
"gene_1003",570.725678035795,-0.0523652971272466,0.0943977053611157,-0.554730614763618,0.579078932522974,0.732565894257059,0.0624515085153189,-0.0469083591558447,0.0905954084770671
"gene_1004",159.937448984608,-0.967789791656626,0.0990739963231702,-9.7683532266104,1.5393370848286e-22,3.55231634960447e-21,0.0635381025092389,-0.950374494473427,0.0996570738044314
"gene_1005",473.373015161674,0.0406506664271206,0.092002405592408,0.441843516649038,0.658602446084101,0.803235139641348,0.058881801090109,0.0379552667462634,0.0884339494468962
"gene_1006",309.161295151149,0.150693809744537,0.112469752582477,1.33986077398036,0.180290612937915,0.347604009520403,0.0878960339957231,0.135516045443324,0.107508046422806
"gene_1007",1869.27637581369,0.181341598249442,0.0937916100027559,1.93345223782931,0.0531805114392058,0.147997712725062,0.0628443469803131,0.168856785660241,0.0912740974444021
"gene_1008",167.075695565848,-0.233273804257517,0.0960586232357681,-2.42845250535151,0.0151634110234389,0.0569509777497417,0.0603826246368327,-0.215918032592354,0.0940099209473749
"gene_1009",21.9985064495909,0.138452394431969,0.217787917697433,0.635721191036488,0.524958161854228,0.69377730641528,0.296385393965761,0.0953579150448396,0.183092746979939
"gene_1010",542.669698955377,-0.0982487431205235,0.0928222734691144,-1.05846085695385,0.289845387166558,0.47319880643859,0.0602297365565499,-0.0888186340713396,0.0895045533926541
"gene_1011",779.812875087041,-0.313883261122142,0.0806052404176453,-3.89408008084583,9.85720845645157e-05,0.000812407290366888,0.0454736917422174,-0.299345833234773,0.0799873721860645
"gene_1012",54.7876936096954,-0.0470128708876114,0.134790400908855,-0.34878500672612,0.727250720323585,0.850254154704114,0.112285552082756,-0.0398961562779896,0.124272823478399
"gene_1013",5184.465682873,0.0436369424322944,0.0810487054975942,0.538403940746342,0.590298206355344,0.742202271192805,0.0471473283708454,0.0408621280225976,0.0785722560916325
"gene_1014",157.543486542601,1.86490621445766,0.133613484053179,13.9574701436228,2.8331312763757e-44,1.24991085722458e-42,0.11944939220218,1.84681918969166,0.134173035836262
"gene_1015",126.746684966597,-1.05252448620663,0.107571648852467,-9.78440413840035,1.31366763497722e-22,3.1277800832791e-21,0.0739791320890241,-1.03346853986131,0.108239416442539
"gene_1016",15.1624783589791,0.175832729570686,0.243201246076856,0.722992716555078,0.469684358953607,0.647056341211246,0.358288685327563,0.112917045895189,0.199445558467706
"gene_1017",186.925044274849,0.0712600539759458,0.104725577711806,0.680445556214033,0.496222383775548,0.671364306092834,0.0731429237340714,0.064552296350367,0.0998255871135633
"gene_1018",70.7678275672964,0.387871620837731,0.131833572853588,2.94213084301746,0.00325962168435874,0.0158857764461362,0.110772890587237,0.349603377493371,0.130558152766936
"gene_1019",9.61873522177788,-0.674541240753025,0.309202218636747,-2.18155368912627,0.0291424879371576,0.0941134670550512,0.575466205103873,-0.457612742916538,0.31241315088453
"gene_1020",73.0195013048139,0.227657658438544,0.123348319795275,1.84564863807139,0.0649432394164935,0.17173495995386,0.0958572860278594,0.202306397986736,0.118604238696175
"gene_1021",1320.98998855682,-0.164794994641481,0.0820236326783298,-2.00911602254626,0.0445248308216542,0.129882226060396,0.0477082620436783,-0.156324582958582,0.0804040711029702
"gene_1022",6.19317451726976,0.793726892495467,0.402536748579812,1.97181225141757,0.0486310432421326,0.139123855754495,0.985737013338928,0.425719801911062,0.398235342065948
"gene_1023",400.099402505025,0.019003872761629,0.095835128310328,0.198297566838871,0.842812255273629,0.921936039475701,0.0636598665952449,0.0175066356805992,0.091900013806008
"gene_1024",46.3786005964775,-0.0660151486905345,0.15484293436598,-0.426336202945521,0.669862881338515,0.810318001619172,0.15103183899987,-0.0531267485250821,0.139657371346177
"gene_1025",53.3391760747818,-0.202897997728451,0.152484340900951,-1.33061530469051,0.183315624004234,0.349838977107317,0.147462112012372,-0.168481648988605,0.142035769566696
"gene_1026",682.603293747882,0.490836785757132,0.0912418967594246,5.3795109833294,7.46884382916671e-08,1.05691186261793e-06,0.0584260463879646,0.474434261741808,0.0914732850422031
"gene_1027",418.158885016383,-0.266332621400756,0.0964241745917877,-2.76209386835072,0.0057431963993633,0.0259481765031474,0.0645661544667336,-0.247220922529486,0.0947045429331436
"gene_1028",68.1242183235641,0.435237646374323,0.173008209614435,2.51570516419013,0.0118794513574458,0.0479010135380879,0.200503941805192,0.369325150846508,0.170594149684007
"gene_1029",571.359666540042,-0.0539319471772156,0.0885911326621028,-0.608773649874402,0.542674481623749,0.707221305330689,0.0547347056099427,-0.0500436113980234,0.0854519436236094
"gene_1030",119.445397434293,0.092574754917418,0.10820639954243,0.855538630884,0.392253027667667,0.575533259109856,0.076006332371542,0.0828034728260784,0.102932469980765
"gene_1031",411.238015772563,-0.175750451505338,0.0881830831698159,-1.99301776698929,0.0462595016028659,0.133697981511173,0.0535930650444796,-0.165044676693535,0.0859864972367974
"gene_1032",590.367327953855,-0.0592222279262291,0.0910951534800244,-0.650113926634039,0.515618634028938,0.68688095119308,0.0580271561411001,-0.0545238620685106,0.0876839505297015
"gene_1033",32.9185644348828,-0.289021812803957,0.175974931454903,-1.64240332651031,0.100506446004727,0.234098864917842,0.190875537000626,-0.231860098402944,0.16526961104734
"gene_1034",4.86811973557099,-0.0121288262883606,0.425397618365338,-0.0285117399927336,0.977254004676416,0.990460139874746,1.07955382234307,-0.00402871271172323,0.254154597364542
"gene_1035",2486.27397772947,-0.187367977691736,0.0765703267312117,-2.44700506959389,0.0144048812883916,0.0552616929222186,0.0418471930462437,-0.186717001177869,0.0754129535574395
"gene_1036",2272.89251542522,-0.109521467581486,0.0835917798920677,-1.31019422870166,0.190130137637807,0.357442047811647,0.0499099578076753,-0.100411078325556,0.0812688457923433
"gene_1037",7.68631322018346,-0.435628867170201,0.331950368220311,-1.31233132683582,0.189408366630778,0.357442047811647,0.636903835792768,-0.228930669014062,0.272917429114824
"gene_1038",186.179225006569,0.23167730428245,0.095796173935703,2.41844005625891,0.0155872135346588,0.0583062850423647,0.0607327367936808,0.215841507928577,0.0937253159780033
"gene_1039",161.443758760008,0.0922891860836786,0.104973937651309,0.879162848880022,0.379312984744296,0.561502228302686,0.0729211127384059,0.0833108752553623,0.100256271199353
"gene_1040",15.3681204765914,-0.447582190810873,0.225772171419648,-1.98245066252626,0.0474288241324331,0.136029132310994,0.299761104182425,-0.336559469796962,0.217057165553056
"gene_1041",36.2943811735551,-0.229628378886573,0.176554854864121,-1.30060642661624,0.193393206139379,0.362159562058762,0.195109442861459,-0.180303472938434,0.162106814863258
"gene_1042",251.676568261895,-0.127431706340795,0.10685307927981,-1.19258805829167,0.233030744960112,0.407396407272923,0.0782727474462904,-0.114566484273711,0.102329752253395
"gene_1043",19.7731311444854,0.00165605545328996,0.181923289031648,0.00910304261815465,0.992736923148392,0.997391416425042,0.182739829570361,0.00163535359815294,0.157620667450484
"gene_1044",1240.42802252817,-0.105466841010906,0.0839531660202469,-1.25625805446659,0.209022424462987,0.378620066553663,0.0499264568702455,-0.0984034519478812,0.081516706294123
"gene_1045",198.02829757962,0.414795221908719,0.104975315923052,3.95135959593368,7.77084577313727e-05,0.000662287992028745,0.0741697102928536,0.390506434472818,0.104616963860801
"gene_1046",212.332580352046,-0.0946614161632683,0.111752013500011,-0.847066761470554,0.396957910538596,0.580347822424848,0.0845888892004096,-0.0844548285777213,0.105976790875902
"gene_1047",796.717811974191,0.048412104420319,0.0898230381808491,0.538972020995843,0.58990616044133,0.742202271192805,0.0568734751840489,0.0472652456660692,0.0865845352888597
"gene_1048",4.11328730708763,-0.0919562500428481,0.424899470101206,-0.216418839074912,0.828661282755823,0.915310695238391,1.04087482946463,-0.0323014542890027,0.255695731759823
"gene_1049",321.065294505633,0.403100451793703,0.0929304715994277,4.33765636670012,1.44010075662013e-05,0.000144976586236925,0.0590144327128646,0.384190031850737,0.0926247340661251
"gene_1050",16.2547338476324,0.145922905638325,0.261977497370543,0.557005495139646,0.577523674722229,0.731660060881202,0.431921664326954,0.0878043660024676,0.206550101488829
"gene_1051",21.0868635583041,0.586332594392885,0.212546365416473,2.75861030718639,0.00580477106678517,0.0261476174179512,0.276424438441282,0.485095085991457,0.215083997372387
"gene_1052",798.567343807822,0.0888797292724345,0.0789488529498722,1.12578873475043,0.26025495360286,0.439792655613183,0.0436527728022287,0.0843519692257638,0.0768209630853179
"gene_1053",373.775332851962,-0.0228277839830999,0.0956200870920677,-0.238734189408551,0.81131170384764,0.90212568997143,0.0631743049059859,-0.0199988786638986,0.0915654645063656
"gene_1054",4.6850936286415,-0.346057120863037,0.428125785064519,-0.808307121260836,0.418913804052837,0.597878883044011,1.10417684839091,-0.125907442328588,0.274822577846399
"gene_1055",238.640344003721,-0.0639412689915321,0.109863830870438,-0.582004727897553,0.560563496277865,0.718503474759125,0.0827877165938464,-0.0562606047227337,0.104222438399707
"gene_1056",16.0830560748684,0.355007505122215,0.249089716123014,1.42521943758968,0.154093779303776,0.31404982195063,0.380014104645984,0.239554183670747,0.22142380575009
"gene_1057",30.3124775727118,-0.489926706896654,0.179912680963988,-2.72313604728463,0.00646654223293495,0.0284452004381303,0.198124732973823,-0.416667638188925,0.180137645108772
"gene_1058",70.4669754367454,-0.108760357614132,0.121867389687674,-0.892448405540377,0.372152635630249,0.555285060672811,0.092696040921402,-0.0949662814925064,0.114725709181498
"gene_1059",6923.55349330278,0.341436945769778,0.0877993378372239,3.88883281104906,0.000100727473999447,0.000825635032782356,0.0554068131028647,0.324783660001958,0.0873000332615107
"gene_1060",145.987431106394,-0.321858422177094,0.10019440301236,-3.21233933733195,0.00131658764737543,0.00759569796562749,0.0652476291490153,-0.300921838532175,0.098952149486603
"gene_1061",4446.938537808,0.200141255345289,0.0844797956805978,2.36910202886837,0.017831333681403,0.0652365866392792,0.0512070742088837,0.188711792248601,0.0827622884031436
"gene_1062",778.010383405505,0.353728113454938,0.0914442444574721,3.8682381330128,0.000109624580177733,0.000888847947387027,0.0588989778190684,0.335662715686279,0.0908315885644025
"gene_1063",353.177329253502,0.131165140547503,0.0978370972613674,1.34064832480772,0.180034659524097,0.347573882514388,0.0661099243807553,0.120452085027752,0.0944453922160962
"gene_1064",30.0561715452434,0.433186674880808,0.188278390653793,2.30077744650661,0.0214042138907364,0.0744926237496626,0.221643771610377,0.355852449444193,0.184026277692076
"gene_1065",3485.12970943149,2.05070834604076,0.0905030621965362,22.6589940303616,1.13748964651531e-113,2.13279308721621e-111,0.0585744245043164,2.03877087584354,0.0908028858659368
"gene_1066",2580.73310002361,-0.941592327296754,0.0847080204882931,-11.1157399484608,1.05175073692201e-28,3.21964511302656e-27,0.0512573447555894,-0.927609568567439,0.0851644195615066
"gene_1067",574.674690846783,0.22857289972299,0.0991806202203638,2.30461252626911,0.0211882838011523,0.0739966117967549,0.0691186093985589,0.211923223380818,0.09681221615357
"gene_1068",450.809977972064,0.267155673266687,0.0958074080020351,2.78846572345441,0.00529583511877121,0.0242187581651122,0.0639183936848764,0.249431784979656,0.0942865021598287
"gene_1069",120.625401702109,0.000808023093369487,0.105357936323493,0.00766931397449277,0.993880832774442,0.997852533934722,0.0710959732267277,0.000336811850031687,0.100094234106882
"gene_1070",10.8930474114618,-0.567824351140375,0.30044164645472,-1.88996551523676,0.0587625722985769,0.159680902985263,0.551754498821006,-0.36459999075792,0.2888362628298
"gene_1071",582.912726912149,0.10165883028082,0.0931779136980926,1.09101852838439,0.275264729786436,0.455736307593437,0.0608512519149899,0.0945464684947902,0.0898800963802793
"gene_1072",447.471443237624,-0.118877248406713,0.0984790308486918,-1.20713259850579,0.227381082516059,0.400789217125839,0.0676404328549919,-0.108303808270349,0.0947381766860423
"gene_1073",323.131575495906,-0.1726647845091,0.0851731455857302,-2.02722094295914,0.0426398222809749,0.126904232979092,0.049159467838085,-0.1623834704612,0.0832392512365314
"gene_1074",10.3549337444605,-0.287264423166238,0.255480933030805,-1.12440650563774,0.260840613426358,0.440113520966859,0.370914840398714,-0.183866526931,0.216358205105655
"gene_1075",37.1533089669375,0.240201116952602,0.123226042711783,1.94927234265256,0.0512629096475137,0.14372778405845,0.0803797440265531,0.214032728562268,0.118785053578803
"gene_1076",731.196531983643,-0.0690536545470744,0.089098946876852,-0.775022118303113,0.438326589932978,0.616782256003253,0.0558072424377435,-0.0638804773517023,0.0860044662807847
"gene_1077",172.38154413303,-0.118907872471341,0.115361480680835,-1.03074155922389,0.302662030205158,0.482971324795465,0.0900001065456928,-0.105087467231895,0.109412069723842
"gene_1078",498.166167768179,-0.0324064094454913,0.0880958244683851,-0.367854091167748,0.712982033552998,0.842010014113376,0.0539150112934764,-0.0291018427787144,0.0849677075359784
"gene_1079",137.811242228482,0.629988646054992,0.121219542598646,5.19708813075516,2.0243440560479e-07,2.72898103044795e-06,0.0983241128148024,0.598495927714162,0.122319454323372
"gene_1080",1630.11792755091,-0.11200342758796,0.0829609055821384,-1.35007479489321,0.176991992378363,0.344921431372817,0.0489388170922458,-0.104938062322397,0.0806524829469391
"gene_1081",146.196507471674,0.188318968886865,0.128777638012551,1.46235768719808,0.143643218050549,0.297098498633859,0.112476041706004,0.164361928367149,0.122176147897743
"gene_1082",4.38629250063029,0.626479671652563,0.424121137745034,1.47712437767999,0.139642300038917,0.290921458414411,1.05773545917177,0.265171450917743,0.334051035917106
"gene_1083",117.821384097476,0.0312842068338903,0.114522009818395,0.273172003211433,0.784720999988687,0.881823210328578,0.0856475107333231,0.0279014304438671,0.107867167846244
"gene_1084",5.44873422460473,0.243248657614851,0.449093169905342,0.541644081708306,0.588063718159328,0.741880216349025,1.26709204005958,0.0805018916137577,0.268420208235789
"gene_1085",186.97011810813,-0.426003679331968,0.0996904426787987,-4.27326499797525,1.92631292309794e-05,0.00019009667004256,0.0660063550118771,-0.404219458410538,0.0994644642268109
"gene_1086",193.401903099328,0.530757070567642,0.112548510702069,4.71580714179884,2.40754404388079e-06,2.75672982123755e-05,0.0858585089323562,0.503255966022408,0.112927400979851
"gene_1087",865.549678499436,0.119570932664544,0.0885799964968499,1.34986382245788,0.177059668104713,0.344921431372817,0.0553836566536724,0.111874708514159,0.0859255767903922
"gene_1088",52.2465791672504,-0.000947789993293441,0.139888084165794,-0.00677534472607497,0.994594098408898,0.997852533934722,0.121848330659726,0.000538670496722415,0.127973016751925
"gene_1089",27.5683888239333,-0.0571264231519498,0.186656708619381,-0.306050736533871,0.75956601577944,0.865766735310911,0.214526243614029,-0.0422974658040683,0.161326977243851
"gene_1090",5.56064084824502,0.683148145542262,0.390059392807662,1.7513951929857,0.0798778604489261,0.200362526209681,0.902513025362889,0.349417049092971,0.353749737783652
"gene_1091",4764.96688008344,0.0159746414710772,0.0764424888746789,0.208975946574245,0.83446701590536,0.917669005761026,0.0418969299788672,0.0132767350952291,0.0742926487582819
"gene_1092",17.9734744560299,-1.32646587803459,0.211980012550069,-6.25750447920784,3.91186423860817e-10,6.30945844936802e-09,0.252196081452033,-1.2624096051304,0.216562591043077
"gene_1093",1256.56881732846,0.20014221206933,0.0740882573499374,2.70140261396632,0.00690476980211731,0.0301957863066355,0.0387457189448592,0.1911423813573,0.072960030185289
"gene_1094",3.15202972343992,-0.569892283523448,0.434886604680976,-1.31043880724151,0.190047432606004,0.357442047811647,1.03022391091527,-0.227037752439678,0.316860974470618
"gene_1095",24.8692239369083,-0.268145987554577,0.220500256292173,-1.21608016273356,0.223954386488752,0.398023198735933,0.30968589474747,-0.188850741693082,0.194942470828957
"gene_1096",908.025689444034,-0.908103250403243,0.0803509201348359,-11.3017156353576,1.28679186028166e-29,4.28930620093885e-28,0.0452937584182263,-0.896860742296251,0.0806926623414626
"gene_1097",174.772124707245,-0.379176714306814,0.114104601724538,-3.32306242321577,0.000890349880097677,0.0056590034751971,0.0878793002218043,-0.350010830594439,0.113021213486106
"gene_1098",352.396798781954,-0.0279114822201294,0.0832744104503791,-0.335174780213678,0.73749324528634,0.855560609380905,0.0470429237385279,-0.0260212465978757,0.0805580281458962
"gene_1099",551.539983309954,0.139366547944491,0.0873473648310658,1.59554381765303,0.110590679618892,0.251342453679299,0.0531484897122128,0.12913015252668,0.0848803124895282
"gene_1100",9.64803853969376,-0.238391412655813,0.304230169410962,-0.783588994863254,0.433281315368584,0.613448286018438,0.562042473080872,-0.127087280835838,0.232469931791069
"gene_1101",923.306445114129,0.175925340656478,0.0824384855625614,2.13401955962632,0.0328411797400851,0.103262495021865,0.0478515916340742,0.16581250708413,0.0806479467945296
"gene_1102",74.6466607103617,0.294325646722131,0.150810026323908,1.95163182380184,0.0509819321305827,0.143476356840289,0.150244551352013,0.250811785173589,0.144628918871485
"gene_1103",2513.82992335973,0.0455375947424956,0.0893111064585017,0.509876056273635,0.610138297500782,0.761403865433588,0.0570817289189448,0.0426126573276889,0.0861177010164472
"gene_1104",15.9833006084013,0.606340582784039,0.224327348452305,2.70292760542727,0.00687317144252506,0.0301454887830047,0.292854816871734,0.491199946713222,0.230172909552876
"gene_1105",726.967495944394,0.435812760848644,0.084545613663323,5.15476488921275,2.53949348674422e-07,3.28382778458305e-06,0.0500506073816349,0.419311973531276,0.0846040945703451
"gene_1106",1353.36250314676,-0.147381440725251,0.0827700535295626,-1.7806130894021,0.074975679946902,0.191326924599089,0.0486251666892831,-0.13768869494958,0.0809376234667512
"gene_1107",39.2491222418593,0.0956274600096795,0.15267799836143,0.626334252714681,0.531095724055622,0.699255017414663,0.142263045163266,0.0774120904317656,0.138555330200664
"gene_1108",4.69592617917628,-0.898895896232022,0.429609527406784,-2.09235559010516,0.036406718334691,0.111905896520567,1.09071683074976,-0.468812361532303,0.449378932750467
"gene_1109",2806.99494908156,-2.03529602897955,0.0792427502483528,-25.6843184089495,1.74988533636017e-145,8.74942668180084e-143,0.0446768944175554,-2.03024847838636,0.0793688319902994
"gene_1110",285.845199737838,0.167326677903607,0.0932450038823109,1.7944841110715,0.0727359324393326,0.187805281113087,0.0591542293338847,0.155196180288104,0.0905441495969409
"gene_1111",5.5636166956381,0.0826882569150302,0.369101979122309,0.224025504039982,0.822737458182829,0.910779474003132,0.758284236933865,0.0353525224161787,0.241280038014747
"gene_1112",125.730557822173,-0.241244827329793,0.110894737756334,-2.17543981085807,0.0295971739178998,0.0948627369163455,0.0804894970708386,-0.219336684135736,0.107769525192592
"gene_1113",115.214084754377,0.0624210048746568,0.131027551537142,0.476396026197303,0.63379226517602,0.783104116774324,0.114583841489557,0.0535641482792507,0.121558139498918
"gene_1114",196.046076217227,-0.279385991559241,0.114588181426632,-2.43817458380842,0.0147616428127404,0.0561240887545273,0.0894390214757439,-0.254077553905615,0.112003787966575
"gene_1115",3307.15961658312,-0.125293416896892,0.0828209135573229,-1.51282341035966,0.130324520642741,0.280871811730045,0.0491291407666324,-0.117248057506748,0.080663914546001
"gene_1116",23.0665116064837,0.375517485833269,0.218803761080015,1.71622957475555,0.086120032224317,0.210390958202729,0.299351687618629,0.278906182421915,0.204113069149569
"gene_1117",5121.3605505469,0.018880317060065,0.0839572819504041,0.224880041629005,0.822072596125915,0.910715579164603,0.0506027859166377,0.0163295074131908,0.0812633483791707
"gene_1118",728.888026094374,0.261228215518477,0.078213000304703,3.33995901577463,0.000837907544526343,0.00541750567581687,0.04266669861988,0.249060620563408,0.0772983710187119
"gene_1119",996.753888616152,-0.298486140339195,0.0810499853580111,-3.68274144678414,0.000230739153894269,0.00168833527239709,0.0462939764828646,-0.285016464930599,0.0802785795240844
"gene_1120",321.685339335472,0.0232888749292855,0.0882604697875233,0.263865295362134,0.791883718436513,0.88511592969804,0.0529887650831442,0.0224951427267673,0.0851319421770029
"gene_1121",872.525378231729,0.0968547521493967,0.0881051694359434,1.09930839211216,0.271633573089549,0.452220154977052,0.0547637396662231,0.0915421467968812,0.0852697674791727
"gene_1122",67.0873755885235,-0.302819326604889,0.149302785444297,-2.02822288749508,0.0425375049960769,0.126851406548937,0.145311659123073,-0.259095589741968,0.143792701679731
"gene_1123",35.0690810011887,0.375358201859901,0.177552267581569,2.11407157437433,0.0345091545977842,0.107841108118076,0.197928479747368,0.308958376065189,0.171850717494492
"gene_1124",584.485439863283,-0.179689772020007,0.0885341554707149,-2.02960960168016,0.0423962381446033,0.126681986487858,0.0547536631247798,-0.16806624379381,0.0863982419163591
"gene_1125",1066.57594046465,-0.013354803706669,0.0948080847623133,-0.140861443833086,0.887979401741629,0.943293786094909,0.0638351110155622,-0.0120277502712332,0.090824630457269
"gene_1126",15.8438721501091,-0.0366971676334632,0.252798875288282,-0.14516349248633,0.884581789343206,0.941606515048008,0.391453626075084,-0.0222363956973679,0.19772531716573
"gene_1127",462.906626160101,-1.97577130742269,0.0974609018617107,-20.2724504871313,2.25161167678913e-91,2.11088594698981e-89,0.0648818516239729,-1.9657984624935,0.0978285317805037
"gene_1128",32.6046935144603,-0.466925083703887,0.184015239472987,-2.53742616666502,0.0111670920918117,0.0456083626325718,0.210845915060949,-0.391312288330335,0.182820540437688
"gene_1129",12.1257639303126,1.00193265172045,0.271464306587035,3.69084490081652,0.000223510398900669,0.00165178267882878,0.438110556276043,0.86501070311967,0.288649753954023
"gene_1130",215.414390828795,0.14436938520008,0.119103412109576,1.21213475452121,0.225460801885356,0.398752561835446,0.0975554757544479,0.128519251422303,0.113132281888451
"gene_1131",459.905575719082,0.304728687028005,0.0918903074097274,3.31622230481021,0.00091243216700377,0.00577488713293526,0.0586299132909317,0.287849186381572,0.0909055724851712
"gene_1132",52.537837220497,0.0310724638931154,0.160104037462274,0.194076704033382,0.846115822297336,0.921936039475701,0.165465269823499,0.0249681561499264,0.143134404457015
"gene_1133",116.913580983355,-0.170707709961197,0.122792630797671,-1.39021135757305,0.164464705603703,0.328929411207407,0.0991934060619109,-0.150041661192881,0.116983819596625
"gene_1134",15.03718745586,0.00316067207801613,0.252951707946267,0.012495160059119,0.99003056412446,0.996918644294347,0.385195443833778,0.00198499708881967,0.197548765240653
"gene_1135",132.400103017739,-0.0448704346236335,0.114582353265482,-0.391599869830486,0.695353884097177,0.828960518352286,0.0867904925750383,-0.0392808880506693,0.107939671513193
"gene_1136",6.0611361383764,-0.349225231468745,0.421369217388429,-0.828786767180528,0.407225077420007,0.588793456366356,1.09900583000143,-0.130242534636026,0.274172732435435
"gene_1137",778.152174874968,0.145524161800002,0.079212191041976,1.83714349881934,0.0661887140778693,0.173875781290375,0.0439140121900491,0.137666552039735,0.0774792161399774
"gene_1138",39.6383982148172,-0.107986538874012,0.156661151312246,-0.689300046434491,0.490634468743908,0.666622919489005,0.151568647013399,-0.0874654109657078,0.141907547528826
"gene_1139",627.840048247399,0.217532572597963,0.0795735023745172,2.73373128122642,0.00626211272513991,0.027626967905029,0.0440082699404519,0.20737053091823,0.0782851675081951
"gene_1140",724.496248756914,0.213186779230022,0.0924780531961775,2.30526889204491,0.0211515186246297,0.0739966117967549,0.0602040024409996,0.199214282301242,0.0903771289163491
"gene_1141",6.69954988216808,-0.351296004417069,0.399800292350212,-0.878678708192002,0.379575506332616,0.561502228302686,0.985228384952206,-0.142492045617573,0.270825049406018
"gene_1142",440.527203261791,0.274869193557772,0.0916830554278783,2.9980370121281,0.00271724671412679,0.0135862335706339,0.0582878025622287,0.255026035838912,0.0902702316562458
"gene_1143",15.8831412677374,0.263868170593357,0.23532938880767,1.12127164367478,0.262172251877915,0.440378922527292,0.331126964278239,0.178846626679541,0.203024329066279
"gene_1144",281.988456214172,0.502800100157927,0.104834313044231,4.79614055319642,1.61751805358388e-06,1.95667506481921e-05,0.0755469113519157,0.47790748697132,0.105340062098467
"gene_1145",29.863469443012,-0.270457079035887,0.201546275571546,-1.34191057745386,0.179624991704385,0.347573882514388,0.257553368455586,-0.201800874754517,0.182505028285235
"gene_1146",29.7045836375765,-0.20083304510472,0.200147610447947,-1.00342464571643,0.315656017727556,0.495276178442819,0.254632751166947,-0.14634891163114,0.177681564003583
"gene_1147",229.937239986381,-0.0291768849923625,0.103517242435861,-0.28185531517071,0.778054454219142,0.878165298215736,0.0728359744570752,-0.02570432444355,0.098456216091843
"gene_1148",88.3811717106163,1.96408241809005,0.184903983821349,10.6221746957476,2.35021100069118e-26,6.4096663655214e-25,0.229316338572354,1.92818005983334,0.187076091043317
"gene_1149",4314.63053488586,-0.0334267410941131,0.0912433158795642,-0.366347285517708,0.714105949596551,0.842106072637443,0.0597653090406299,-0.0293544853332068,0.0877074410760005
"gene_1150",47.5343973741316,0.28956961176889,0.160936726073255,1.79927614307926,0.0719750099465307,0.186463756338163,0.164874940463304,0.240975711492986,0.153446875648284
"gene_1151",493.715003887572,-0.214567734782026,0.0920950630540964,-2.32985056599602,0.0198140505245097,0.0709333550996767,0.0590611442503341,-0.200349358232261,0.0900135786719837
"gene_1152",788.125366752567,-0.0659278289068645,0.0711048463484314,-0.927191777952823,0.353826970998991,0.534481829303612,0.035139291011873,-0.0624389903491437,0.0695744904870265
"gene_1153",4.63702392951107,-0.835682803292884,0.494369650719728,-1.6904006993072,0.0909513213715056,0.217934476129806,1.50995157298663,-0.290943739792533,0.390406481537468
"gene_1154",15.6572576648329,-0.390643805380293,0.21515321115575,-1.81565407869978,0.0694234524397785,0.180476912755057,0.265493299793726,-0.294471215987111,0.203253797895052
"gene_1155",885.245920443249,-0.48262058889895,0.0938364898346517,-5.14320803931787,2.7008625064062e-07,3.4626442389823e-06,0.0622815186929476,-0.462560705835337,0.0940265417635414
"gene_1156",3514.6962211299,-0.304565075712444,0.0776666390579573,-3.92144013706024,8.80213172395453e-05,0.000741752673366955,0.0431811324719335,-0.292487919465943,0.0770373800682261
"gene_1157",1740.83215087007,0.335705341717957,0.0857309463367796,3.9158011903799,9.01044778865782e-05,0.000755065457150097,0.0523843648680353,0.321229253363432,0.0852186135968358
"gene_1158",18.7320379919934,-0.407560350252623,0.202334352776091,-2.01429141745219,0.04397894652366,0.128844569893535,0.239664921958961,-0.320349505843965,0.194292329533696
"gene_1159",605.602076261688,0.0100292079040545,0.0952801072027009,0.105260249998651,0.916169303606992,0.957001361706468,0.0637702296300508,0.00887984306580992,0.0912257372615944
"gene_1160",99.6695843853995,0.00287196510865977,0.121878011165874,0.0235642597149956,0.981200180845605,0.992447923984091,0.0967102387342343,0.00255510785938599,0.113755939190999
"gene_1161",4765.45579160311,0.197971904351924,0.0891402820131141,2.22090282733006,0.0263575437009516,0.087858479003172,0.0570505190680446,0.175800363060781,0.0869713482486733
"gene_1162",57.5986893510544,-0.509353413976319,0.140591982783858,-3.6229193435545,0.000291296675501621,0.00209064599642311,0.124375737178819,-0.465253388479609,0.141303901993767
"gene_1163",44.5459551253827,0.409870833935126,0.183334570260771,2.23564401057659,0.0253750992821843,0.0849612699180277,0.219475667061289,0.337604818607575,0.178098950954051
"gene_1164",171.965807819707,-0.0177495536851116,0.106218167348463,-0.167104687721469,0.867287677611063,0.932345534549652,0.0753866027906564,-0.0158186903892448,0.10089754540282
"gene_1165",273.461380119592,0.978657685038174,0.105828050632943,9.24762082628335,2.29545012187167e-20,4.99010896059058e-19,0.0766185377642733,0.959631677870441,0.106831352437499
"gene_1166",359.446725958345,0.110997487383642,0.0860457299329743,1.28998251825052,0.197056727909919,0.365370941736563,0.0505287422631143,0.104052302827489,0.0834737481890595
"gene_1167",5946.59763952237,0.406837012500252,0.0872062540327677,4.66522747723327,3.08275814090264e-06,3.40010089070144e-05,0.054632661346993,0.387638291772566,0.0869407463248959
"gene_1168",163.490517748794,0.0232895329856863,0.110981998216417,0.209849645527839,0.833785024110345,0.917591735998179,0.0824060853002168,0.0210929755105779,0.105045888339466
"gene_1169",561.803204764822,-0.30944461596862,0.0943687300466158,-3.27910120032094,0.00104138283611899,0.00637581328236118,0.0623488513822236,-0.291269822856553,0.0932169564959848
"gene_1170",22.9249410801125,0.178909416270431,0.220112213344042,0.812810036991408,0.416326980024015,0.59680893202204,0.305266277905053,0.123202084835612,0.187422883341962
"gene_1171",37.063830811853,0.470624277784317,0.174296338223985,2.70013864077585,0.00693105861386728,0.0302226393046538,0.191435309923222,0.403039029608768,0.172845531043609
"gene_1172",34.1310579003416,-0.291811026109543,0.186008559895463,-1.56880428660671,0.116693549289772,0.261254214827847,0.219022061446209,-0.228447152212005,0.172986598510012
"gene_1173",2026.31902693107,0.255906356473474,0.086328002904581,2.96434931729312,0.00303323752494705,0.015016027351223,0.0532013750406466,0.242271387479946,0.0850799545341527
"gene_1174",4.93510507202401,-0.137703369649415,0.418866195568078,-0.328752644893337,0.742342659087144,0.857208613264601,1.05578371275669,-0.0500498651898731,0.25533861568109
"gene_1175",70.4444837256947,0.193915767480793,0.113588805949091,1.70717321887954,0.0877898612220899,0.21342753943782,0.0787476844847283,0.17445658318494,0.109180647958866
"gene_1176",206.640606833243,0.119170691712505,0.102551082947329,1.16206175778477,0.245210379913961,0.421286607816494,0.0709400126474881,0.108909924691708,0.0983369090814079
"gene_1177",170.233504811268,-0.0837785580889896,0.107549528656681,-0.77897652491279,0.435993543324501,0.614075413133099,0.0774642062539835,-0.0745843455403695,0.10227756257365
"gene_1178",96.3956571934444,0.137962313333148,0.128412332690371,1.07436965315321,0.282657038152994,0.465841159519046,0.108346857881623,0.120347313685964,0.120699286747872
"gene_1179",692.325272927436,-0.202991119014937,0.101067314157086,-2.00847445791854,0.0445928976140692,0.129882226060396,0.0721156589477018,-0.184741316419375,0.0982452553825011
"gene_1180",37.4176424178234,-0.0089452001299292,0.169377086018398,-0.0528123392615077,0.957881429913251,0.978761679066673,0.178682578085151,-0.00670897749619655,0.149690029912693
"gene_1181",5424.46290295237,0.136524020691708,0.0873395659152173,1.56314059110662,0.11801952999843,0.262071466542187,0.054779339885639,0.125627974091043,0.0848233633773303
"gene_1182",5.59736255101284,-0.503597188670652,0.41820211622051,-1.20419569662128,0.228513948892177,0.401371104611553,1.0707807651865,-0.203991490331835,0.300571864605585
"gene_1183",175.435720660448,-0.119048216300136,0.0927791368989528,-1.28313563026345,0.199444562777116,0.367526835584366,0.056086859671953,-0.110423197313509,0.0896858404778192
"gene_1184",1180.40409910629,-0.0947241127573421,0.0825361557786617,-1.14766809604466,0.251105606563801,0.428642627804452,0.0482167992391774,-0.0880609407876231,0.0802005726033646
"gene_1185",519.239147212237,-0.36761210273262,0.0906429733292346,-4.05560507594311,5.00046864545979e-05,0.000446470414773196,0.0572239600264851,-0.349694709851841,0.0901309498547106
"gene_1186",18.331715320597,-0.435251686958981,0.248762641554297,-1.74966660684851,0.0801758590464498,0.200774271401794,0.38908879352868,-0.304048658803682,0.232795160808018
"gene_1187",5350.42408900538,0.208010545227923,0.0924066704928119,2.25103387145741,0.0243833921563593,0.0823763248525652,0.0613488564543895,0.193882327698547,0.0905166852062216
"gene_1188",50.0277894083306,-0.024161743312857,0.13927031517917,-0.173488106792701,0.862267775540317,0.928500835111612,0.119807060316714,-0.0200309930044325,0.127530430564702
"gene_1189",31.7981005980058,-0.319190161158118,0.172306342642671,-1.85245740965006,0.063960167993791,0.170106829770721,0.181266342308056,-0.260699245762754,0.164244084508971
"gene_1190",805.262535151491,-0.159271007889782,0.0919901106679132,-1.73139271964521,0.0833817442343421,0.206731597275228,0.0597157430569934,-0.147976330839811,0.0893414152297398
"gene_1191",2528.37705854746,0.106175850436313,0.10184630731747,1.04251055568806,0.297175034135424,0.479314571186167,0.0743496246805388,0.0964686217792314,0.0976023339034228
"gene_1192",9.21171227267823,-0.0673874590366863,0.306452205257777,-0.219895493915609,0.82595254576323,0.913664320534546,0.56630427107057,-0.0346147231217004,0.221081507719149
"gene_1193",7.9707038253417,0.707451671789547,0.315976001428444,2.23894114930041,0.0251597455944949,0.0844286764915935,0.562940058119178,0.482571870793626,0.322838851515461
"gene_1194",1294.64607264436,-0.0247157556353,0.0905207220189233,-0.273039753595129,0.784822657192435,0.881823210328578,0.0582675033787537,-0.021786236048263,0.08748918307058
"gene_1195",7.39414184870334,0.504964235215988,0.381650731875774,1.32310563832576,0.185800249937641,0.353232414330117,0.899568802548042,0.229820939558983,0.298585665542874
"gene_1196",516.878550823825,-2.12459184462134,0.0848498331576423,-25.0394345581572,2.27565828362029e-138,8.53371856357609e-136,0.0485991850663873,-2.11745413812099,0.084969904392253
"gene_1197",81.2697872389393,-0.00427386580408144,0.116731664905663,-0.0366127374910259,0.970793787291321,0.985911090681775,0.0856365131768386,-0.00370001009706487,0.109571472315582
"gene_1198",135.530315986771,1.04366030513675,0.128927846409443,8.09491769390407,5.73030842307002e-16,1.07443282932563e-14,0.111491450416473,1.0151204994145,0.130208024046922
"gene_1199",956.653599877566,-0.502366222746587,0.0962719903574181,-5.21819711924007,1.8067312703551e-07,2.46372445957513e-06,0.0656045739163453,-0.481310835022931,0.0964781046634964
"gene_1200",4806.60686247689,-0.0169692804573597,0.0904614048957201,-0.187585860256329,0.851201311352109,0.923957214785195,0.0587627711805984,-0.0185421750902535,0.0870920910331295
"gene_1201",4993.93861279166,0.196591245477959,0.0870777509560318,2.25765184929068,0.0239673733904336,0.0813372400127838,0.0544442984819461,0.184648584293938,0.085183070100157
"gene_1202",423.037181161228,1.13445932441247,0.104327126681379,10.8740589384501,1.53228789802063e-27,4.50672911182539e-26,0.0756710129965666,1.11877513890878,0.105322038529912
"gene_1203",308.579290450873,0.24409797036144,0.0981345413752769,2.48738076257965,0.0128687584082506,0.0505509247797323,0.0660521023513433,0.227235009194779,0.0959955645008213
"gene_1204",303.428988991571,0.157307504028595,0.111652082613522,1.40890792492521,0.158862395900536,0.3215260421302,0.086349581149216,0.14195737388884,0.106814293089065
"gene_1205",753.741380712391,-0.116065752248504,0.106376274728429,-1.09108682875774,0.275234677885844,0.455736307593437,0.0802097969679764,-0.10511019116515,0.101606697601411
"gene_1206",5.54208913076061,0.150450143615001,0.408809299248542,0.368020355436027,0.712858056282508,0.842010014113376,1.00842711458585,0.0566196023589369,0.254060265151366
"gene_1207",4385.9878703553,-0.445379918022914,0.0798340689514492,-5.5788202188939,2.42155357207793e-08,3.63233035811689e-07,0.0456969266793129,-0.430533414499793,0.0798029827259571
"gene_1208",31.8138537786084,0.0847163324781957,0.176723482188077,0.479372245438424,0.631673834594239,0.781130051023379,0.193795374842053,0.0649906601031279,0.155389098532142
"gene_1209",69.6087371217767,-0.146846392272223,0.120283106123894,-1.22083970895272,0.2221467157556,0.396690563849285,0.0894428910837404,-0.12924366543224,0.11456541149238
"gene_1210",376.309730346929,-0.207163377745382,0.0945468041796896,-2.19111983258218,0.0284431218988462,0.0927493105397158,0.0616597371035084,-0.193986229831254,0.0923103781180456
"gene_1211",275.482144455477,0.392967427402829,0.101733383608065,3.86271854396155,0.000112132173962608,0.000904291725504902,0.0709039493944582,0.370558717190289,0.101705776718703
"gene_1212",52.0921503537439,0.00670061462478069,0.160782016250061,0.0416751498772061,0.966757664270744,0.983810377480405,0.166915282441571,0.00563271900129385,0.143568949382031
"gene_1213",303.031435425033,0.0290241500912384,0.101939278224816,0.284719988179913,0.775858675843297,0.876506424034484,0.071501421506718,0.0265524135757484,0.0971737521706981
"gene_1214",22.4664445834397,-0.0206393077305918,0.215213703275105,-0.0959014570935982,0.923598837322846,0.962082122211298,0.288280524817297,-0.0138364066655834,0.179743360790709
"gene_1215",22.0193236926303,-0.498040239728126,0.214849220509382,-2.31809190904826,0.0204443265467951,0.0726694071568547,0.283955766339555,-0.393601446348152,0.21309217376915
"gene_1216",364.908076888362,-0.178525422060951,0.0982748148814041,-1.81659382697786,0.0692793293569996,0.180476912755057,0.0667923349470659,-0.164371832723001,0.0952425878694357
"gene_1217",484.851528818097,0.12723772628697,0.106175294815026,1.19837412750902,0.23077140008347,0.404862105409596,0.0791259142487832,0.117516623251948,0.101619581733246
"gene_1218",38.0197076619994,0.155201743678689,0.164966260629059,0.940809005955913,0.346802744859655,0.525990007370558,0.16956128023352,0.123848878987574,0.149925317126015
"gene_1219",434.504895433903,-1.91236500946523,0.0912193866252129,-20.9644581071613,1.38488873664885e-97,1.38488873664885e-95,0.05642807653091,-1.90319780508944,0.0914184667155514
"gene_1220",58.7953260868764,0.162841341834042,0.133563604935885,1.2192044525319,0.222766602422725,0.397324498970377,0.111241067685213,0.139964219670233,0.125536649136076
"gene_1221",7.42285121025451,-0.0596307987993058,0.326238486678018,-0.18278284517105,0.854968409414567,0.923957214785195,0.632129917176506,-0.0288637042773207,0.228547725423722
"gene_1222",316.885106585044,0.0285553927013089,0.0904517380703321,0.315697556625227,0.752232081460773,0.861334444420732,0.0557737058527079,0.0264473274545352,0.0869990977933502
"gene_1223",964.719589908038,-1.83008492447612,0.0846943386931956,-21.6081139862911,1.50678602532324e-103,1.73859925998835e-101,0.0500646894928514,-1.82174112995902,0.0849531628910329
"gene_1224",150.507371412781,-0.224276036255276,0.127140579632096,-1.76400042302984,0.0777319079714272,0.197623494842611,0.108511610887999,-0.197216790312566,0.12175475842365
"gene_1225",1045.30459830873,0.160749149957174,0.0772493109808485,2.08091370545721,0.0374418054377077,0.11415184584667,0.0420111977278827,0.152263314269854,0.0757553902937838
"gene_1226",78.6330144076059,0.12545792166446,0.13552996151407,0.925684035197156,0.354610206943163,0.534596594613059,0.119671100560574,0.106594474310329,0.126277491841971
"gene_1227",299.408918198476,-0.166606111750492,0.0825354463316264,-2.01860072436116,0.0435287356858652,0.128179585274262,0.0457226617246277,-0.156648830408105,0.0807379084635469
"gene_1228",619.362910282777,-0.285618707405032,0.0863147581143397,-3.30903675854224,0.000936175451230488,0.00590026544893165,0.052020472311691,-0.270158311116963,0.0853712901312542
"gene_1229",144.906018973757,0.377005761877591,0.115066357406593,3.27642040970692,0.00105131939381888,0.00639890303587023,0.0882179147122299,0.349039822930086,0.114011902267097
"gene_1230",169.776547824281,-0.151929530737322,0.108742543080585,-1.39714895783459,0.1623687820837,0.326478784350604,0.0792128561451396,-0.136683620567673,0.10423544421073
"gene_1231",592.50678076209,0.955698331423021,0.0915502679737038,10.4390555328306,1.64438541813941e-25,4.25272090898122e-24,0.0585366979036822,0.941564188787976,0.0920825489985171
"gene_1232",112.144715963764,-0.367969465008366,0.133863718383152,-2.74883642448318,0.00598072245241807,0.0266996538054378,0.119782563828844,-0.329031832563862,0.132447803447596
"gene_1233",61.9071864663244,-0.34241939844236,0.155201340885905,-2.20629149521387,0.0273635964883798,0.0902952424397397,0.156943878296919,-0.292802642361244,0.150157328486592
"gene_1234",969.644663547847,0.369671513798738,0.0972570883123529,3.80097245571956,0.000144129324857654,0.00113786309098148,0.0671205808859035,0.349073704520468,0.0965882279519805
"gene_1235",25.3574383291941,0.207758113263735,0.218802034966116,0.949525507365181,0.342353405257987,0.522411096527955,0.305365635424959,0.14499354691032,0.188305976943674
"gene_1236",2939.20434528713,0.0831887308140573,0.0841381179710763,0.988716325252897,0.322801953146314,0.502806780601736,0.0506741684580904,0.0788926352739497,0.0815487428898822
"gene_1237",13.892554873183,-0.296138469662446,0.244462523403813,-1.21138596435607,0.225747516075057,0.398752561835446,0.354371654071243,-0.197259124328931,0.211135297331847
"gene_1238",191.817065952304,0.379748102435502,0.0864698764231635,4.39168087366175,1.12477709095932e-05,0.000115559290167053,0.0485770753018661,0.364318568001823,0.0865018355471729
"gene_1239",439.6226564072,0.0948947428581049,0.0875144257629913,1.08433257752386,0.278217365909576,0.459104564207222,0.0528639255903299,0.0881067333814991,0.0847962380603502
"gene_1240",36.4280941137523,0.15680412865443,0.18338212628094,0.855067676629546,0.392513682712922,0.575533259109856,0.214770145995717,0.119417068365381,0.162792775048142
"gene_1241",5937.32374730052,0.117986948442167,0.0724027857228554,1.62959128249291,0.103187908065374,0.238125941689326,0.0376076868633902,0.108785422892656,0.0709510866856831
"gene_1242",22.3136055063189,0.163333660755841,0.189099556102256,0.863744284346799,0.387728380678653,0.569630334003898,0.212261103100194,0.122181678802089,0.167596146324082
"gene_1243",4.99944035695965,-0.299059182298958,0.448796964643086,-0.666357408492703,0.505182679273961,0.679008977518764,1.23971895453181,-0.101363297155745,0.272198139346839
"gene_1244",265.473734348121,-0.144483952301819,0.0936850751699589,-1.54223020091197,0.12301766355559,0.269775577972785,0.0594348267729231,-0.133826794334074,0.0906939448161368
"gene_1245",108.187483105286,0.201978347825009,0.11763874819847,1.71693724149672,0.0859906394335462,0.210390958202729,0.0904475379477332,0.180235375442661,0.113090446517989
"gene_1246",1455.6193907367,-0.106705782651366,0.0779261872597786,-1.36931866428479,0.1708996862638,0.339086679094841,0.0430678192533704,-0.10040681917275,0.0760371827620053
"gene_1247",158.989793515074,0.35256058862967,0.105755826384326,3.33372260123459,0.000856920725673615,0.00551665703223357,0.0740264831127827,0.328765000533759,0.104677155472909
"gene_1248",332.755545602072,-0.200080177859228,0.0978136437941913,-2.04552422441408,0.040803203466805,0.122901215261461,0.0659179007087373,-0.185003639813878,0.095117601512785
"gene_1249",3.90547629347509,-0.415308743246332,0.377624172538186,-1.0997938517941,0.271421951747681,0.452220154977052,0.760247128586182,-0.186295907848802,0.277623284492048
"gene_1250",599.100915017069,0.393277059207506,0.0991768146254264,3.96541329435559,7.32688829238745e-05,0.000628018996490353,0.0691793091317626,0.373720439427196,0.0989141033882614
"gene_1251",12.7755783257297,0.0570953448778472,0.305732261337549,0.186749493259431,0.851857048656343,0.923957214785195,0.59532640376375,0.0295866499104808,0.220742278353192
"gene_1252",73.6389222046993,0.111260893881089,0.126476271260831,0.879697770751294,0.379023057354688,0.561502228302686,0.101687513260009,0.0965481321341599,0.118583909931179
"gene_1253",5.19897112898425,0.791917130394135,0.428478107673718,1.84820908282477,0.064572101976436,0.171127478736138,1.10788975524338,0.383651810695665,0.400158985792536
"gene_1254",130.227770015508,-0.185673820180228,0.119265427562782,-1.55681175990827,0.119515184313461,0.26402470761442,0.0946671952506848,-0.165614845284768,0.114138658793198
"gene_1255",1031.47316679878,-0.379583591235196,0.0907150166162378,-4.18435233100372,2.85980273336705e-05,0.000271500259496872,0.0582936629991652,-0.363930223065818,0.0902997201575526
"gene_1256",53.6049116562449,-0.0656111241748222,0.154663317923413,-0.424219039496566,0.671406076679903,0.811040766435923,0.153470386798201,-0.0529087000031381,0.139648590436797
"gene_1257",617.07660969663,0.128356218192579,0.101390559623078,1.26595827727696,0.205528020174396,0.37459541951591,0.0723935708726759,0.118266702359525,0.0975589431058144
"gene_1258",113.971853655642,-1.09947335094922,0.123867039160479,-8.87623825031263,6.91596186447128e-19,1.42108805434341e-17,0.100130556080711,-1.07412372689817,0.124924502673342
"gene_1259",17.1174871644063,0.185604472479252,0.207961099250335,0.892496111764775,0.372127075923382,0.555285060672811,0.253307156425716,0.132591468305566,0.180665479261379
"gene_1260",5190.01161793558,-0.460793912396567,0.0863615609271516,-5.33563668198702,9.520987595775e-08,1.33471788725818e-06,0.0535468596226056,-0.441154730617317,0.0863075097450685
"gene_1261",14.4070187499374,0.125646015565058,0.273937152470625,0.458667305372286,0.646473095814318,0.795374845365692,0.471206359199562,0.0725725752666809,0.210657135348735
"gene_1262",270.579497843218,-0.0216935555357332,0.102628335856923,-0.211379784682242,0.832590929849988,0.916950363270912,0.0722062674680027,-0.0188111222311035,0.0978636931311634
"gene_1263",85.6429615205633,-1.08849964894769,0.111157773888931,-9.79238438181861,1.21398713357434e-22,2.93706564574438e-21,0.0753428716839638,-1.0689601411722,0.11198919502321
"gene_1264",756.655186991941,-0.0536993461001931,0.102793915149874,-0.522398101306867,0.601393177714733,0.754264293273316,0.0747767190665697,-0.0474530716965787,0.0979911567673545
"gene_1265",45.7278949522533,-0.268166627445942,0.147862970932669,-1.8136158482035,0.0697368887949345,0.180978085107961,0.135454146085138,-0.228378344192982,0.140791411166427
"gene_1266",62.7437095073777,-0.0129384612764591,0.144688522215003,-0.0894228586925019,0.928745857632679,0.964550492989576,0.134485649376389,-0.0106651826230308,0.131719919532904
"gene_1267",2612.06741100347,-0.285667290472017,0.0981741431776409,-2.90980171790364,0.0036165811966258,0.0173318587697722,0.0690662834919938,-0.266674128911704,0.0965775101698692
"gene_1268",807.366240622732,-0.124982628475289,0.0795491146526136,-1.57113789413095,0.116150622215014,0.260743560595986,0.0443254058905974,-0.117052742140758,0.0775798602983557
"gene_1269",40.3876998194818,-2.14680405283325,0.157119228868799,-13.6635348091347,1.67644203689747e-42,6.98517515373946e-41,0.134982698854029,-2.12399452684815,0.158638241970377
"gene_1270",67.7872847921919,0.189087162536942,0.156033038181138,1.21184054826537,0.225573423390813,0.398752561835446,0.159723644894648,0.155299081201331,0.144440850734169
"gene_1271",123.556530873951,0.00821337981312151,0.112753960942808,0.0728433816820639,0.941930749040339,0.972994183744387,0.0824804027328724,0.00761062812149242,0.106319604424579
"gene_1272",103.23746068005,-0.0924452821035626,0.12550913001458,-0.736562209401209,0.461388623446402,0.641131267936124,0.103482675775669,-0.0797566582927167,0.117957061208902
"gene_1273",4501.17658842862,-0.0674459430328354,0.0925561819849079,-0.72870273585651,0.466183518925565,0.645737766559115,0.061510814657895,-0.0624440662138833,0.0890255009160224
"gene_1274",549.612457766044,-0.266210281556836,0.088755910609073,-2.99935271611785,0.00270553896507676,0.0135729379518901,0.0549023364675936,-0.251751208542616,0.0875916905549907
"gene_1275",344.028822911832,-0.209242080634319,0.110325644212429,-1.89658607595737,0.0578825897336337,0.158389781866262,0.0847395461814349,-0.189550825892957,0.106704360978567
"gene_1276",74.9076406695935,0.060298024738018,0.124150694998046,0.485684149725999,0.627191123299942,0.777509656983399,0.0976049513383182,0.052302131942176,0.115950051283163
"gene_1277",76.2325129684903,-0.0413076769569298,0.129151922569484,-0.319837878795078,0.749091231511975,0.860301929029388,0.107018391377265,-0.0350079312869353,0.119689566717879
"gene_1278",1160.35730274593,-0.188632006796375,0.0865336224401457,-2.17986952905906,0.0292671341930122,0.0941134670550512,0.0530831547173832,-0.178302336491151,0.084602205034075
"gene_1279",100.873185875379,-1.84412392691667,0.102321509074306,-18.0228374620381,1.28956543467525e-72,8.7924916000585e-71,0.0606313719550525,-1.83312034524935,0.102609607394243
"gene_1280",33.918531070112,-0.155372365966852,0.158305784841671,-0.981469919891096,0.326361060913599,0.504161013033195,0.147839167098463,-0.125988688524235,0.144582184577925
"gene_1281",17.8469566868299,-0.445312622781191,0.261766490378323,-1.70118269201529,0.0889086868719592,0.214584694114455,0.433476945532038,-0.300269958358299,0.24306600827087
"gene_1282",42.5515244699218,0.00153112082763498,0.159077878881935,0.00962497638512862,0.992320498516118,0.997391416425042,0.158823387375907,0.00153475835522088,0.14248019300265
"gene_1283",84.5419738089617,-0.122593434494019,0.129721634809658,-0.945050027113065,0.344633336235723,0.523882722695576,0.109284723956502,-0.105751272826087,0.121468704180797
"gene_1284",5.84333713349202,0.518445452802274,0.384901710923812,1.3469554384623,0.177994584910821,0.345713764377452,0.882431670340724,0.226782386166925,0.303288892628697
"gene_1285",96.3114948504118,-0.448954447025917,0.106398636544222,-4.21955075372908,2.44789612813511e-05,0.000236893173690494,0.0707296380136681,-0.423703350746385,0.10620336686446
"gene_1286",587.737962222148,-0.168387910032066,0.0944202128997724,-1.78338837480499,0.0745231043067585,0.191326924599089,0.0624717759516308,-0.154427279878216,0.0915759110043634
"gene_1287",18.564980404041,2.27954274791735,0.358984984771642,6.34996683598735,2.15361350706492e-10,3.51132637021454e-09,0.835693212677791,2.16461091500253,0.37021330465168
"gene_1288",19.848734789285,-0.0560514648372277,0.230266812822452,-0.243419640677644,0.807680330245585,0.898854630024218,0.331461364750409,-0.0363225448120647,0.187793201684046
"gene_1289",4.45655331098143,-0.684197653579621,0.39791796862988,-1.7194439746852,0.0855335608453674,0.209984191928071,0.896795939818382,-0.338060543991546,0.354789108256212
"gene_1290",41.0237106762734,-2.06275149996936,0.15443406435954,-13.3568426663113,1.08050852702526e-40,4.38043997442672e-39,0.132111333390653,-2.04059087246155,0.155231702517391
"gene_1291",477.162191848406,0.527325250376437,0.0911058954190831,5.78804750176444,7.12092763792245e-09,1.11264494342538e-07,0.0576533736880497,0.507854647434118,0.0913415774089974
"gene_1292",236.854702655116,0.0565416077730645,0.105492548602583,0.535977265902171,0.591974262572632,0.743686259513357,0.0759338468053153,0.0510492696409168,0.100247130713698
"gene_1293",60.2076718821173,-0.140675035420183,0.143430339758297,-0.980789947630625,0.326696336445511,0.504161013033195,0.13074257099748,-0.11778451238333,0.132839399747689
"gene_1294",16.1792448732965,-0.0856611310079879,0.250320473228842,-0.342205852773684,0.732195980963789,0.852051180330243,0.388984676843646,-0.0520479362236788,0.199884291868983
"gene_1295",80.7188430380155,0.254568141425898,0.11674897029504,2.18047440403605,0.029222314142751,0.0941134670550512,0.0858213518099355,0.230226579127699,0.113391685264237
"gene_1296",52.5951477970894,-0.0693871891518337,0.157518120037827,-0.440502903000435,0.659572910194452,0.803621265882477,0.159774214625019,-0.0557643511186291,0.1417055436317
"gene_1297",672.260974704689,0.0384061079470971,0.08863656751465,0.433298682744559,0.664797794980868,0.807446714551662,0.0550976663072562,0.0357413630580196,0.0855217882771571
"gene_1298",44.3889291366752,-0.196443028688505,0.144877200344279,-1.3559278355855,0.175122129958054,0.343826171383614,0.128414785209789,-0.165601373914001,0.13611157467252
"gene_1299",41.128736540487,-0.195443926411973,0.179095608984987,-1.09128262563018,0.275148540429492,0.455736307593437,0.206266530885731,-0.1509980995603,0.161800160137128
"gene_1300",5905.69870471357,0.381691941235916,0.0724721532529677,5.2667393488862,1.38868155778389e-07,1.92872438581095e-06,0.0376789517937581,0.368442540524903,0.0722859233386639
"gene_1301",179.14895808875,0.193652682334693,0.115455392344627,1.67729439398249,0.0934849282724574,0.222230415861626,0.0904607896766171,0.173190412283244,0.111347613578287
"gene_1302",5.54747936231937,-0.340339384189109,0.333192517143494,-1.02144966251609,0.307041446435779,0.486852187794575,0.60958830672868,-0.173538385316526,0.254555098496114
"gene_1303",4.84822177263676,-0.0336683957389465,0.413897173690177,-0.0813448312264847,0.935167721932892,0.967720211710673,1.02756391175387,-0.0123417410136876,0.251949329491333
"gene_1304",16.7364853994569,-0.000579049834511773,0.233972734670949,-0.0024748603093695,0.998025349184778,0.998449375431754,0.334396701738317,-0.000289018776842053,0.188361850346479
"gene_1305",13.0009031667388,0.111370063675838,0.264087685484638,0.421716232135012,0.673232154992998,0.811775106502812,0.416905472808153,0.0657922668626885,0.206100159095664
"gene_1306",150.8967651206,0.321920818145208,0.102047002020292,3.15463278461816,0.00160700231962674,0.00892779066459302,0.0682566445136396,0.30031677668058,0.100779842767129
"gene_1307",524.963509132087,0.062362558200224,0.0972095493082278,0.641527078810822,0.521180293364553,0.692445031042364,0.0661123642654677,0.057349527107369,0.0931521587058029
"gene_1308",22.0513899099726,0.0437302509198641,0.221960274958659,0.197018367038917,0.843813164658913,0.921936039475701,0.305686141575961,0.0293056270603262,0.183127762883159
"gene_1309",61.8411755440278,0.352239954507398,0.153384902784043,2.29644474856389,0.0216504648603258,0.0751752252094646,0.153010274424374,0.30323574221528,0.149704139010366
"gene_1310",109.040641126437,-0.225839117735567,0.105867487842795,-2.1332244897595,0.032906315080301,0.103262495021865,0.0714940422828077,-0.206937150276149,0.102862954045069
"gene_1311",201.554553989472,-0.183362900137809,0.106582412126688,-1.72038609822282,0.0853622822808375,0.209907251510256,0.0767959898971865,-0.167536535139764,0.10293302817933
"gene_1312",387.236934060518,0.17972519913599,0.0987438325684648,1.82011569189779,0.0687413884268643,0.179951278604357,0.0675607987757548,0.1658239089326,0.0957587070357816
"gene_1313",810.954854814542,0.408544855495807,0.0914137590660665,4.46918341035011,7.85187819465556e-06,8.22369093488438e-05,0.0589507913426008,0.390217344468137,0.0911646008849846
"gene_1314",1541.42584813556,0.0823989002541751,0.0787337280551444,1.04655148802891,0.295306486199693,0.477327294503813,0.0439958029175457,0.0771126553296224,0.076741482349264
"gene_1315",1095.90005893183,-0.116041256169974,0.0870443574572231,-1.33312783918247,0.182489854908552,0.348706729124622,0.0536481578267341,-0.106624643940498,0.084365072986806
"gene_1316",36.8197977444847,-0.362438169635819,0.163643185263165,-2.21480759527479,0.0267732736792306,0.0887189341809545,0.164429537120483,-0.306807482564332,0.158734858066456
"gene_1317",42.4944880916838,-0.768764049448649,0.162714505278711,-4.72461903830791,2.3054713819572e-06,2.66015928687369e-05,0.165150011457297,-0.714961145351752,0.166146057654029
"gene_1318",11.3984266712493,-0.682680278815981,0.286333399567882,-2.38421462479139,0.0171156170490407,0.0635480831028738,0.494919372216816,-0.499792600305944,0.292715791776471
"gene_1319",207.192676206405,-0.199599606957251,0.0982679826398726,-2.03117639739012,0.0422371037707069,0.126458394523075,0.0642625560053629,-0.184192163649275,0.0956645499250584
"gene_1320",10.6269446219092,0.587255315671143,0.369269598110621,1.59031590652427,0.111763614932369,0.253240819333163,0.88253715840833,0.300717902610884,0.31957237756463
"gene_1321",603.408914705392,0.0247509900432094,0.0803818983562904,0.307917460887791,0.758145139030526,0.865766735310911,0.0449035516440676,0.0221105366772143,0.0779452382938528
"gene_1322",19.2199588763759,-0.471444355376916,0.204533271852602,-2.3049763547354,0.0211678977178955,0.0739966117967549,0.248071745072629,-0.37885461018109,0.200599572255308
"gene_1323",48.4239241644551,0.0675402117451835,0.151537958115804,0.445698309420071,0.655815185934239,0.803235139641348,0.144229369757749,0.0551731623091959,0.137382832483798
"gene_1324",98.9166968877292,-0.10026410301732,0.124388553954734,-0.806055700702227,0.420210732887988,0.599159790239527,0.100890038139581,-0.0850864926680594,0.116736745149269
"gene_1325",208.212786032723,1.83023422413772,0.12544998570403,14.5893537880167,3.28292517989643e-48,1.53887117807645e-46,0.106526453687207,1.81398334934905,0.125999589938613
"gene_1326",179.716911554466,-0.985595072494481,0.0926493785142079,-10.6379026853735,1.98548157648334e-26,5.5152266013426e-25,0.0555256669038264,-0.971118300323724,0.0930846007101415
"gene_1327",40.4256158664126,1.80405218302651,0.226227373310092,7.97450881663942,1.52988024682851e-15,2.83311156820094e-14,0.333803943632031,1.74913017404472,0.229946321704813
"gene_1328",36.4531952189781,-0.0261140848861032,0.156768873275507,-0.166576976286677,0.867702910820876,0.932345534549652,0.149768957661158,-0.0212818766814378,0.141386411855323
"gene_1329",46.3938781440795,-0.10796444189724,0.169600867574926,-0.636579537834874,0.524398757145754,0.69377730641528,0.185314425503313,-0.0837919125123785,0.152306190139451
"gene_1330",6.36202551595828,-0.942870445061781,0.423334002348302,-2.22724949999652,0.0259306035485589,0.0866278514985263,1.11456376028703,-0.540138275173834,0.464065827051234
"gene_1331",88.76450153545,-0.477715990786313,0.122101717124249,-3.91244285533016,9.13671628552781e-05,0.000761393023793984,0.0956493544759284,-0.4448366461994,0.122199129268234
"gene_1332",471.57050754282,0.108265827997052,0.0899021462045129,1.20426299668936,0.228487943972566,0.401371104611553,0.0561050488986583,0.10070133744487,0.086928430721073
"gene_1333",499.396872605477,0.0796623582077443,0.0774011159222239,1.02921459540445,0.30337884524578,0.483087333193917,0.0411675822023591,0.0755216389393362,0.0753773965327566
"gene_1334",896.064714214797,0.0366448098331607,0.0909467275873074,0.402926095367008,0.687002593514084,0.823385730464677,0.0583987290010959,0.033484853886521,0.0874810444724445
"gene_1335",80.4858936976036,0.562544803766393,0.140050166870715,4.01673783284884,5.90093078890851e-05,0.000517625507798992,0.128356822529443,0.519080062075608,0.141336215462579
"gene_1336",227.569110586624,0.115195242504814,0.110778619328356,1.03986891336285,0.298400806879714,0.480258809355762,0.0839788750456552,0.104248969202197,0.105440537916687
"gene_1337",60.9339511656491,-0.0713024177227562,0.156389191989648,-0.455929318488171,0.648440805880752,0.796489947305743,0.159780597956281,-0.0572865329400842,0.140926485779706
"gene_1338",448.276567990306,0.127571008704997,0.100711719921729,1.26669476803834,0.205264451509501,0.37459541951591,0.0708173073790252,0.116607957168641,0.0968675434694434
"gene_1339",29.3837574878895,0.886172878183129,0.221036350810001,4.00917258602802,6.09318727527066e-05,0.000531382611215464,0.315019884773032,0.792491744049996,0.229047321720279
"gene_1340",26.8370127231188,-0.0949515897411912,0.18773186939416,-0.505783008754,0.613008987789889,0.76435035884026,0.216658329261648,-0.0700520041843604,0.164036113943056
"gene_1341",36.0856458007789,0.135083651303332,0.198250715534699,0.681377875176891,0.495632418761684,0.671364306092834,0.255052308698254,0.0980975771936109,0.171589961946866
"gene_1342",1122.70801400925,-0.0622660532486527,0.09546190011684,-0.652260778095162,0.514232957644109,0.686822324096854,0.0647585031246396,-0.0544577493199234,0.0915793363922232
"gene_1343",27.5411749396363,-0.546374225766703,0.184047622801172,-2.96865679355693,0.0029910446255292,0.0148561819148801,0.204622289355502,-0.470493989064698,0.184878662777117
"gene_1344",23.1909152587995,0.644453982994444,0.196732664130294,3.27578537017944,0.00105368603323996,0.00639890303587023,0.233559632691133,0.559330102292014,0.201371011371521
"gene_1345",64.3088736478731,0.0957928657361301,0.131259993478067,0.729794838456521,0.465515599974623,0.645737766559115,0.108563056601174,0.0824070201968865,0.122031247974415
"gene_1346",25.6457152052857,-0.4043873596652,0.162889533886326,-2.48258651134336,0.013043239187085,0.0509820389316523,0.149690716871676,-0.346397594431358,0.15992083446779
"gene_1347",27.0419430103127,0.183231033512772,0.205423797245501,0.891965955111781,0.372411180691232,0.555285060672811,0.266903719460857,0.1319262318562,0.178667912356004
"gene_1348",32.5341028718828,0.0982926268430594,0.172010933796622,0.571432435564103,0.567706547491547,0.724111087006878,0.182596770984534,0.0770234856507574,0.152807721332943
"gene_1349",502.182437035456,-0.0960783164229307,0.0862477290439727,-1.11398082579016,0.265287412550408,0.445113108306055,0.0516086878874744,-0.0896982785812214,0.0835377361183693
"gene_1350",216.855942211626,0.0327437138108397,0.113431409320715,0.28866531771866,0.772837505770887,0.876051863413282,0.0881044302403198,0.0293864448291496,0.106894416034247
"gene_1351",1356.34805838023,0.16057189499805,0.0900163168862678,1.7838087643702,0.0744547449429094,0.191326924599089,0.0576562246868455,0.151251019023675,0.0876650044672988
"gene_1352",2046.7551517027,0.280930618295711,0.086283693381251,3.2558946805209,0.00113035672248655,0.00672831382432469,0.053157720043333,0.266210054532898,0.0852005309666326
"gene_1353",74.8306721671336,-0.425401116379228,0.129721187265973,-3.27934954455057,0.00104046674096769,0.00637581328236118,0.107487614383021,-0.388682825298797,0.128997292278059
"gene_1354",2355.39722090276,-0.202028237767859,0.0901990776328073,-2.2398038103039,0.0251036624102002,0.0844286764915935,0.058205124362133,-0.188680111466337,0.0883019207490478
"gene_1355",21.1433036422591,0.0294726718743507,0.203971114055137,0.144494341813438,0.885110124145127,0.941606515048008,0.250647758594652,0.0210853939519932,0.171474403705483
"gene_1356",46.0320668710976,-0.176591577125057,0.117727572689031,-1.50000185251004,0.133613922673091,0.285499834771563,0.0775414784390575,-0.156965530748644,0.112649028907677
"gene_1357",323.903171241402,-0.0899345583645619,0.0892696582274488,-1.00744822093324,0.313719428474515,0.493787138207527,0.0543167287663726,-0.0834237237784763,0.0862238564080515
"gene_1358",17.1249497655034,0.460001325872446,0.235831113751265,1.95055401535193,0.0511101219382856,0.143567758253611,0.339870080810794,0.339342062527451,0.226068416212702
"gene_1359",788.381903042455,0.0722071213467176,0.0799231302177892,0.903457123738202,0.366283334271021,0.548328344717098,0.0447336112082113,0.0680192453131014,0.07764865600173
"gene_1360",526.073423824434,-0.0103593562989018,0.0814201864884858,-0.127233266658838,0.898755776348103,0.948054616400952,0.0458062396819197,-0.00970114846145925,0.0788533977003238
"gene_1361",16.1676364891301,0.0883990724378434,0.261466725416786,0.338089186289125,0.735295979333461,0.85499532480635,0.430119136918668,0.0527510640960511,0.203698731201958
"gene_1362",17.7495767718484,0.0540231106643465,0.261979770443532,0.206211000845162,0.836626095083412,0.918567770464558,0.437808100649061,0.0321668719292865,0.202791575839235
"gene_1363",8.15617434734399,0.0415427925035226,0.311152898807125,0.133512471401636,0.893788101818654,0.945824294849509,0.559007923853849,0.0211353181807714,0.222414031246801
"gene_1364",25.1169876577598,-0.370433588408478,0.195463681175953,-1.89515303395427,0.0580721302717948,0.158389781866262,0.23359173646442,-0.291596238828544,0.186072624089223
"gene_1365",366.686088400485,0.105536455436187,0.0961668979703595,1.09743017258095,0.272453389714145,0.452580381584958,0.0638982830579007,0.0970060813339423,0.0925860199781852
"gene_1366",68.7986921005616,0.220332970530565,0.134346474043842,1.64003537940759,0.100997810997685,0.234515041016296,0.11542952694624,0.19129020021851,0.127806044403835
"gene_1367",57.8197749999783,0.065844034308604,0.15990742789866,0.41176345072808,0.680512812969695,0.817924054050115,0.166755738625611,0.052824443785472,0.143303891886592
"gene_1368",1543.32482476009,0.132934244554158,0.0965975312490999,1.37616606589412,0.168770225408884,0.336195668145187,0.0665938110588089,0.12222245007048,0.0934558081524989
"gene_1369",55.5977460677489,0.228952644141173,0.146504444571872,1.56276927167799,0.118106874255012,0.262071466542187,0.136282916764126,0.194112444960004,0.138269886017183
"gene_1370",404.159469753201,-0.391565526129745,0.0927163545691227,-4.22326274527782,2.40790831104549e-05,0.000234536523803132,0.0592762922457911,-0.372313406284105,0.0925243931555005
"gene_1371",163.308642598432,-0.128929898630085,0.102852342166709,-1.25354363268761,0.210007930248432,0.378620066553663,0.0698995545032502,-0.117721379042401,0.0987183041196784
"gene_1372",3665.18531237374,-0.000523445287097894,0.0868575514262926,-0.00602647989152779,0.99519159384423,0.997852533934722,0.0540959861301511,0.00145832201097797,0.0838261300922987
"gene_1373",23.5416085655396,0.0366929848832003,0.188704220961245,0.194447080708047,0.845825828269859,0.921936039475701,0.214311664413052,0.0272424136510211,0.16249835646277
"gene_1374",274.222127994209,-0.249856036687837,0.100034680877753,-2.49769414462543,0.0125003994733392,0.0498686149202363,0.0683962103307649,-0.230312986467795,0.0979641105741539
"gene_1375",47.0707009318599,0.506192028010437,0.167327011828684,3.02516624469872,0.0024849649744569,0.0127216636917589,0.179083220598453,0.443314720619574,0.167644280795149
"gene_1376",345.774769456771,0.0120546491040391,0.102640095196694,0.117445809855672,0.906506784214589,0.950514923476142,0.0729858461901072,0.0105414059621207,0.0976649684602574
"gene_1377",1406.22607548094,0.127902340091095,0.0895359854278327,1.42850206517452,0.153147400624502,0.312865360087358,0.0570616700477759,0.11997741283173,0.0869163925083468
"gene_1378",13.8818767839381,-0.177702006641529,0.279390203749809,-0.636035209024934,0.524753473545966,0.69377730641528,0.486802730540775,-0.101682432450127,0.216251668521475
"gene_1379",856.630379398763,0.0777894484778959,0.0822910870162206,0.945296159018566,0.344507698814088,0.523882722695576,0.0474964546839647,0.0729563766452958,0.0798465330311348
"gene_1380",326.838465793015,0.325559304260625,0.10187535231734,3.19566310059486,0.00139509907093875,0.00786710002409071,0.0716505390496072,0.303820515939537,0.100802219293439
"gene_1381",164.247162362409,-0.0640442778874566,0.10342460432689,-0.619236382911698,0.535760646912653,0.701421444596711,0.0708466343483123,-0.0580320597111193,0.0987070218349926
"gene_1382",4731.72385640874,0.032519984987068,0.075722930033858,0.429460204095739,0.667588348969835,0.809274069631208,0.0411081214002076,0.030830904284379,0.0736771860018886
"gene_1383",21.6354886408404,0.140962116034384,0.216564089342993,0.650902540961577,0.515109401095769,0.686822324096854,0.291104973848803,0.097459931416322,0.182545731768833
"gene_1384",8.43573679591146,0.24011567953309,0.329540089594771,0.72863875174749,0.466222667455681,0.645737766559115,0.663707665504419,0.118680855598592,0.240747726975397
"gene_1385",22.9703957361849,-0.04023795052114,0.218185472835668,-0.184420850747686,0.853683313817728,0.923957214785195,0.297703411187162,-0.0271200698048503,0.179900124052709
"gene_1386",56.972998844374,0.0222844839705422,0.130798881089883,0.170372129981974,0.864717488743883,0.930470755463289,0.105357540512004,0.0193894215896949,0.120973690743774
"gene_1387",92.1346096443063,0.261935387125702,0.13407046409115,1.95371433149975,0.0507350104627439,0.143049841530293,0.118032339095153,0.229266364286616,0.1291228449475
"gene_1388",846.591935702567,-0.0317748046275463,0.0750659758911013,-0.423291701071631,0.672082448453235,0.811040766435923,0.0394177747521786,-0.029403611075558,0.0731302548917955
"gene_1389",5617.49771018316,0.175335298710817,0.080148908456359,2.18761929622892,0.0286973450728067,0.0931731982883334,0.0460643346788146,0.166021693081434,0.078494050088066
"gene_1390",381.094620412635,-0.0742583619691435,0.0976900297511571,-0.760142689671603,0.447169297489168,0.625703308053873,0.066144498920675,-0.0676249891166673,0.0936167539185734
"gene_1391",59.5306290230789,0.091042412042597,0.149208946388913,0.610167246977906,0.541751023909134,0.706631770316262,0.143374632015015,0.0748146717118842,0.135924297507499
"gene_1392",3883.27841495495,-0.228724510034478,0.0835611506053394,-2.73721111279029,0.00619625150824096,0.0275797544877194,0.0500603469828335,-0.222439977798117,0.0822689875183711
"gene_1393",14.5839258398713,-0.29069801807803,0.249004936082762,-1.16743877712292,0.243033219035872,0.41807647048022,0.377202540184544,-0.188845034947868,0.214555549553054
"gene_1394",33.5569600459392,-0.266105112429418,0.183023206735103,-1.4539419190407,0.145962409598915,0.300746723074688,0.210918950744173,-0.208007138778503,0.168921462858081
"gene_1395",26.8918763638075,0.256520555752149,0.210521478303584,1.21850063860102,0.223033782241947,0.397328590692304,0.28137656381864,0.185599651714693,0.187820540164335
"gene_1396",1043.85468676508,-0.0102804614531533,0.0877501172527533,-0.117156099330804,0.906736354932546,0.950514923476142,0.0545190085298021,-0.0115337330295035,0.0846990916825566
"gene_1397",8.10774319263288,-0.17673920801971,0.382876662571738,-0.461608724941795,0.644361936619048,0.793549183028385,0.930136670350335,-0.0717807294485548,0.249785090217885
"gene_1398",294.302643341667,0.0712389946872628,0.101633125392863,0.700942674072931,0.483338791351978,0.660298895289588,0.070945883755287,0.0651443127464682,0.097261215049298
"gene_1399",3175.53575161257,-0.217677656174934,0.0891001743841525,-2.4430665560364,0.0145630512977857,0.0555841652587239,0.0568932624155719,-0.203830300516083,0.0873339575700677
"gene_1400",754.045047025044,-0.870894264253646,0.0890437916978973,-9.78051639139948,1.36512253649805e-22,3.1995059449173e-21,0.0556695318721285,-0.855707305036462,0.089608142139136
"gene_1401",624.278049351678,-0.0603692028862071,0.0916702006191117,-0.658547733925447,0.510186235030531,0.683285136201603,0.0589393577613119,-0.0566394296136762,0.0882153832336303
"gene_1402",111.189855437197,-0.310765742964591,0.13112296620152,-2.37003289329943,0.0177865027879459,0.0652316728164275,0.114716430692859,-0.27573301547322,0.127731116523286
"gene_1403",18.3332264828717,0.326711251762726,0.253880372149814,1.2868708557349,0.198139305011743,0.366729312143899,0.40867894169702,0.214221641030479,0.220401256714248
"gene_1404",32.8570902628445,0.123442457405705,0.190303674841349,0.648660397696554,0.516557907226288,0.68752161565167,0.229543398198792,0.091284546399686,0.16621692771638
"gene_1405",88.6176151536063,-0.553827829726138,0.115751775224037,-4.7846162933934,1.71314286267945e-06,2.05577143521534e-05,0.0841842478244422,-0.524201481036872,0.116238168949006
"gene_1406",625.054952993904,0.128327441832813,0.0990020996914575,1.29620929488111,0.194903388124403,0.363014488225894,0.0690005201853685,0.120719963000232,0.0953487993041457
"gene_1407",490.585998937574,-0.0950553992847517,0.0860948832387855,-1.10407721932922,0.269559642299424,0.450266663083671,0.0512787737011961,-0.0885164749971956,0.083530547431727
"gene_1408",55.244786056332,0.0538799851564075,0.148113436468892,0.363775133714649,0.716025932710313,0.842781289599972,0.139962663264211,0.0442177773819663,0.134591312550545
"gene_1409",126.057330579918,-0.148015642496648,0.0946891610818371,-1.56317408249844,0.118011654419769,0.262071466542187,0.0565923530273101,-0.136889924599476,0.0915995850290319
"gene_1410",322.37876092995,0.0769755182988874,0.0970478292776321,0.793170943356988,0.427678234089534,0.606922754147873,0.0646261871521621,0.0708781980834392,0.0930624997811623
"gene_1411",42.4617227484639,-0.0126845312430554,0.156650021727991,-0.0809736960335762,0.935462871320317,0.967720211710673,0.152767668486525,-0.0100372862377339,0.140497277880858
"gene_1412",129.204206617525,-0.240121516887726,0.12062662889319,-1.99061781872677,0.0465229197699339,0.133943147130328,0.0968938453031219,-0.214401436310379,0.116393022215735
"gene_1413",19.9785861081284,0.190095262839853,0.230731870394945,0.823879520910856,0.410008017745782,0.591926878362535,0.332355608879746,0.126968282869816,0.194234878393473
"gene_1414",3610.6551274113,0.203795918526547,0.0872830992548196,2.3348840756854,0.0195494774609315,0.0703218613702573,0.0546237622908916,0.191566283726039,0.0855035506874301
"gene_1415",42.3084926391718,0.151212812232946,0.179558426024615,0.842137100334222,0.399711216608743,0.583087253042014,0.208301289659097,0.116041331956065,0.160155644199907
"gene_1416",1849.67384624312,0.264491912622221,0.084165278807622,3.14252998824817,0.0016749455483176,0.00923683206792795,0.050501869878847,0.251278962065308,0.0830842762779782
"gene_1417",130.949367925322,-0.163130724850417,0.117226161134908,-1.39158975497525,0.164046663002877,0.328611772428315,0.0913585003050017,-0.144622976280972,0.111732115249215
"gene_1418",5025.72052354296,0.0877705583077916,0.0894892220168628,0.980794740748251,0.326693972308873,0.504161013033195,0.0575049588218325,0.0817175399957762,0.0866602095982711
"gene_1419",5.37914171591511,0.0433809389266799,0.378878438752132,0.114498304705749,0.908842790210822,0.951335788776157,0.847596035655147,0.0180505552024122,0.243293618551502
"gene_1420",449.460506386059,0.0188621036824302,0.101660568075265,0.185540018510082,0.85280549489401,0.923957214785195,0.0722388755034197,0.0170618223696479,0.0967937676144579
"gene_1421",1033.16967107403,0.379980817556173,0.0926592424268823,4.10084096959908,4.11651396923152e-05,0.000374228542657411,0.0608554418360405,0.360327535328067,0.0926542571304972
"gene_1422",26.7145510407623,-0.257918489980421,0.189396920572094,-1.36178819170529,0.173264739206525,0.341969880012878,0.219504755696153,-0.198335976745221,0.173322759358451
"gene_1423",108.885262128009,-0.178725917113273,0.130397571693561,-1.37062304759237,0.170492494481812,0.338903758951305,0.113290044814843,-0.15510018018096,0.123301719982405
"gene_1424",105.333994915845,-0.245527271747611,0.116434813035376,-2.10871014730804,0.0349696084174734,0.108938596089051,0.0879557905162841,-0.22159619937335,0.112749342072482
"gene_1425",5.92409193937497,-0.177987519151857,0.423928752640419,-0.419852435210565,0.674593256855491,0.812762960066857,1.12407318501541,-0.0590795767955747,0.263630662370427
"gene_1426",9.70294163931305,-0.116060158708146,0.288286441289904,-0.402586254798692,0.68725262302785,0.823385730464677,0.495956149878943,-0.0635477861127226,0.216217398695905
"gene_1427",423.571168982231,-0.31175173079828,0.0784866372303218,-3.97203577321619,7.12610150113888e-05,0.000614319094925766,0.0419335268148899,-0.300561260747928,0.0779154332506586
"gene_1428",7.62866807502527,0.395282116905942,0.39474103132783,1.00137073558401,0.316647606740671,0.495794791347607,0.988645442276908,0.164646683978224,0.277496964571487
"gene_1429",96.924111976347,0.202722067753009,0.123006323755561,1.64806216106303,0.099339916044924,0.232353701348168,0.0986423069343204,0.17940112518197,0.117567816877743
"gene_1430",318.029554196778,0.0776304171816305,0.0995963647763581,0.779450307809409,0.435714498881701,0.614075413133099,0.0683103505735573,0.071134294615104,0.095360488986979
"gene_1431",360.709446576538,-0.2536337681862,0.0872281833097003,-2.90770435153605,0.00364092374137868,0.0173620501352478,0.0519782738637162,-0.239437599658722,0.0858686148153999
"gene_1432",369.283542518863,0.0733458127668244,0.0878569455237037,0.834832264308981,0.403812156970456,0.586469761862801,0.0529018070227551,0.0683485603493735,0.085130930075064
"gene_1433",1202.55883688539,0.130641171006723,0.0865949796852958,1.50864601483251,0.131389268339383,0.282355161187786,0.0532063637390673,0.121871398600686,0.0840897707145657
"gene_1434",66.2425864067322,-0.140205823532704,0.141200355061173,-0.992956593288754,0.320731108279084,0.500100480684643,0.128186219036364,-0.117985625857134,0.13102410485074
"gene_1435",24.0712816813992,-0.353300063783415,0.197841432590602,-1.78577388546568,0.0741358766601338,0.191071847062201,0.239431942525529,-0.274471242908517,0.186972301045887
"gene_1436",157.071734070351,-0.106390672450004,0.107980837080432,-0.985273640458599,0.324489676878384,0.504144076074861,0.0775256014891113,-0.0953666846267459,0.102988146698865
"gene_1437",337.472513242724,0.974456282117258,0.0913544169499855,10.6667670228879,1.45604668278388e-26,4.20013466187658e-25,0.056816018110485,0.959572972984052,0.0918663418090681
"gene_1438",300.153373077671,0.103228113956138,0.109248769609386,0.944890403115978,0.344714831533689,0.523882722695576,0.082660580389538,0.093211351280353,0.103994358342762
"gene_1439",78.0456526252131,-0.0887176764937623,0.134323684432992,-0.660476794306661,0.508947905421804,0.682846026952331,0.116987532267635,-0.0749043169446191,0.124365623112203
"gene_1440",238.823985867701,-0.585711887502459,0.0948822174476199,-6.17304172750604,6.69885227641674e-10,1.06896578878991e-08,0.0603447761796966,-0.564532133225624,0.0952596229791359
"gene_1441",193.544976868732,-0.253453401875373,0.0956120432071782,-2.65085227104889,0.00802889507952713,0.0343115174338766,0.0605693029478625,-0.236840636548109,0.0937818021178793
"gene_1442",12.2605563919425,0.11183209121669,0.253143263562478,0.441773917436634,0.658652814505905,0.803235139641348,0.380504511447887,0.0681056240253213,0.201867995774139
"gene_1443",9.1874091385707,-0.13168954336552,0.300775876127971,-0.437832797832131,0.661507493713503,0.804101491548019,0.541798062361898,-0.0694449642639727,0.221818194992784
"gene_1444",403.60678630682,-0.138765437949985,0.107306247246271,-1.29317203341865,0.19595156592028,0.36422224148751,0.0804688960366752,-0.124966256473766,0.10305414673726
"gene_1445",15.003330444027,0.18649237038856,0.210724044024333,0.885007552185288,0.376152558157915,0.559750830592135,0.2520328490965,0.132079656346864,0.182294211395758
"gene_1446",1319.36699105174,0.134791316763831,0.0903896403542708,1.49122528019287,0.135902358597702,0.289153954463197,0.0581183982961562,0.124345375610636,0.0876123648974351
"gene_1447",319.778790674007,0.0987360778648308,0.0861464337089391,1.14614237193414,0.251736247885772,0.42909587707802,0.0503471876140957,0.0921540965444218,0.0835026986952153
"gene_1448",47.010759957129,0.196709278530877,0.156751478051999,1.25491179397762,0.209510782080193,0.378620066553663,0.154865698324289,0.16156585304571,0.145197812899932
"gene_1449",3040.31382312745,-0.278858056313209,0.0865696933043025,-3.22119723045559,0.00127656264454729,0.00742187584039121,0.0536754673632018,-0.270780727901626,0.0856213053799625
"gene_1450",79.5747965732415,0.0199756047678287,0.152864751353522,0.130675022141842,0.896032392327193,0.947173882785518,0.155666700341535,0.0166550497579612,0.137621624572777
"gene_1451",853.319859738319,-0.112010798671973,0.0755387701590857,-1.48282528873685,0.138120835318969,0.290921458414411,0.0399308517737662,-0.105532696314065,0.0737841572848893
"gene_1452",460.964014036271,0.305950331866505,0.0944098104582815,3.24066249451587,0.0011925228364061,0.00701484021415355,0.0620358857219364,0.284788574096802,0.0932588235709569
"gene_1453",1459.13589445872,-0.941812844015818,0.0860409531208087,-10.9460996171606,6.93708015062846e-28,2.08112404518854e-26,0.0525164436855501,-0.934101040589489,0.0865274261376591
"gene_1454",103.092512067845,0.162111218046392,0.135719839400723,1.1944548325595,0.232300098854759,0.406785722434107,0.123013751606468,0.138884133367906,0.127481916174368
"gene_1455",191.956295250098,0.0484488690992788,0.100329133422989,0.482899307970875,0.629167233193705,0.779315317746125,0.0673022604965024,0.0440970563318802,0.0958695412322261
"gene_1456",193.029900053011,0.141973698675057,0.109361194162639,1.29820911121286,0.194215488093061,0.362594464075408,0.0810028851253926,0.12763683324265,0.104546586829626
"gene_1457",132.94769420555,-0.00821476064992347,0.135723170056813,-0.0605258530764115,0.951736825813957,0.975140190383153,0.125208660318251,-0.00681149241606281,0.125127295231964
"gene_1458",88.1834545485846,-0.205886933384107,0.135597713599384,-1.51836581841187,0.128922203651099,0.278650296075863,0.121036681903953,-0.177138267586564,0.128421449039257
"gene_1459",99.6876983566542,0.246364371162607,0.119269668039998,2.06560792204089,0.0388655158071221,0.117774290324612,0.0924242529488152,0.22100793240606,0.115541866631381
"gene_1460",240.616011149456,0.0172149195863593,0.0955150272489859,0.180232577869489,0.856969983749627,0.924787752247799,0.0614575551284679,0.0158221161955575,0.0915499652725828
"gene_1461",215.911625070413,2.01530527850221,0.117409883892415,17.1646986751887,4.88009073859754e-66,2.92805444315852e-64,0.0920575901124179,2.00216016771929,0.117778300968513
"gene_1462",229.641927591762,-0.240868885776343,0.101492794920062,-2.37326093902584,0.0176318027036196,0.0649820738462638,0.0698270967951599,-0.222508590245909,0.0991889143382787
"gene_1463",4508.34995082324,0.112240497072645,0.0783725370173323,1.43214066233205,0.152103569379636,0.311687642171384,0.0440436679302656,0.10683243419993,0.0764305281657125
"gene_1464",3833.68520325297,0.0287193381976269,0.0887964982670669,0.323428724759503,0.746370578322419,0.859214019557658,0.0565627961514683,0.0195900765407058,0.0855573731352466
"gene_1465",2696.91048843473,0.208499644707146,0.082616955352993,2.52369073413927,0.011613004339311,0.0469528477330632,0.0488145891104124,0.19683583501775,0.0810733994377386
"gene_1466",1610.77358502139,0.193727391074851,0.0891072221901037,2.17409303436199,0.0296981489892656,0.0949834189422141,0.0565477291972227,0.179500259439564,0.0870435352148793
"gene_1467",472.18074542113,-0.0478623236154994,0.0773162497948575,-0.619046109226612,0.535885983671887,0.701421444596711,0.0408747654618509,-0.0449611979551993,0.0752679126891162
"gene_1468",7.82843397613876,0.471806560235831,0.306355019559328,1.54006472919718,0.123544576139759,0.270141201471777,0.54599698130327,0.276065877583413,0.272753897477371
"gene_1469",54.476766330384,0.209777219600729,0.195772941088281,1.0715332692792,0.283929719836462,0.4664781815495,0.257237141084614,0.156229392059399,0.174543960406109
"gene_1470",112.127478562416,-0.189836411570196,0.123665186115884,-1.53508370085906,0.124763269401187,0.271224498698232,0.101229429260052,-0.167114660029362,0.118003349203012
"gene_1471",18.3290405695537,-0.527701415935854,0.187798223197365,-2.80993827817674,0.00495510016500442,0.0229402785416871,0.196796533378013,-0.447865185317529,0.188565014122458
"gene_1472",335.840957140762,0.342187541743001,0.100159480435333,3.41642688496104,0.000634486993490999,0.00426784973200223,0.0692506329069438,0.320690312982208,0.099173637614451
"gene_1473",110.763816488469,-0.225669611346907,0.118140205316592,-1.91018468896476,0.0561094378250423,0.154713523414639,0.0914222029437142,-0.201957619791096,0.114022228015702
"gene_1474",42.8989460700862,0.50714209762824,0.165221295206719,3.06947174693021,0.00214437687196459,0.0114062599572585,0.172762122362507,0.446176530618836,0.165250869284789
"gene_1475",4.28801147525879,-0.377167279545535,0.432574022759334,-0.871913845264293,0.383255379973392,0.564718143379262,1.08969797001125,-0.137851848319191,0.279247655576675
"gene_1476",11.4296463722356,-0.300609078046713,0.291083343584167,-1.03272511008446,0.301732559116525,0.482817449415962,0.519881355465037,-0.17139282925458,0.235277746827822
"gene_1477",37.7906580228896,0.0378952305331,0.162872663783212,0.23266783788555,0.816019345503264,0.906017037938488,0.164652256647867,0.0300818591919968,0.145118885754789
"gene_1478",5835.58582646992,-0.0410501681278676,0.0796628812393972,-0.515298561754333,0.606344403836133,0.758562640328773,0.0455336983907697,-0.0385389961926473,0.077319229716759
"gene_1479",1365.60005505153,0.399287609486059,0.0866111337918198,4.61011872267825,4.02439080991387e-06,4.3428677804826e-05,0.0533078296986741,0.384330869934598,0.0863761949304903
"gene_1480",46.1404573772959,0.351381651726513,0.1710499656303,2.05426321152249,0.0399502233141918,0.120574114630358,0.188927609332685,0.291363152131183,0.164721776511946
"gene_1481",1853.76300640524,-0.0182498242720974,0.0903885879579303,-0.201904075330743,0.839991716036916,0.920370762640887,0.0583313412757553,-0.0167139236887199,0.0869150784139357
"gene_1482",18.8824044471604,0.174828206500577,0.265093035267484,0.659497547056156,0.50957632072383,0.683078177913981,0.451767327780732,0.103825463203987,0.211480378335417
"gene_1483",188.341059318721,-0.266209698904392,0.113702669448282,-2.34127923465753,0.0192177877526658,0.0696296657705282,0.087778696187115,-0.241353111514478,0.110725494304026
"gene_1484",722.541026179942,-0.029149546193626,0.0892662069472,-0.326546261911494,0.744011093816475,0.85847433901901,0.0560012116193582,-0.0261915705307087,0.085953824291775
"gene_1485",27.7601671005691,-0.268872626482268,0.188143369513861,-1.42908372044681,0.152980171971875,0.312865360087358,0.218543663141117,-0.207945808467981,0.172759918724014
"gene_1486",875.876625833286,-0.207666719788448,0.0834926348050469,-2.48724597413107,0.0128736355105718,0.0505509247797323,0.0490798706439993,-0.197748624260015,0.0819523236042231
"gene_1487",12.1157148695294,0.047160347791394,0.286078360470274,0.164851153767341,0.869061139909665,0.932595843586349,0.501603009142795,0.0253386289401614,0.21282239555707
"gene_1488",33.7379754291323,1.27537545738079,0.186212819852473,6.8490206978832,7.435723936418e-12,1.26745294370761e-10,0.212603058641181,1.22520327618739,0.190075040146373
"gene_1489",200.881276674395,-0.26871480731819,0.117476993505285,-2.28738239973856,0.0221735126846705,0.0766365645783543,0.0943390473416104,-0.242671308206,0.114260306862928
"gene_1490",778.370368625576,0.0118772883303862,0.0882587664251452,0.134573468579573,0.892949119760713,0.945824294849509,0.0548502855442543,0.0126615904011633,0.0850695943588216
"gene_1491",474.504791306931,-0.183775786233101,0.0934526144666558,-1.9665130535077,0.0492393759740514,0.139884590835373,0.0608099488979832,-0.170782178028798,0.0909550462356849
"gene_1492",496.289517880454,0.0228530016213456,0.0902197804139908,0.253303671506184,0.800033559156259,0.892230735118504,0.0564310642211624,0.0193956251585401,0.0868186334364982
"gene_1493",2285.71852819329,-0.14698937490157,0.0947983223102468,-1.55054827257931,0.121009976622483,0.266541798727937,0.0643193525816121,-0.135906052395874,0.0917240677295116
"gene_1494",232.0238305786,-0.076062207461859,0.111577168387263,-0.681700464004084,0.495428374006761,0.671364306092834,0.0852306104533942,-0.0675561248315957,0.105665659373358
"gene_1495",67.2290186379929,1.6542179830042,0.202295682674491,8.17722830825788,2.90447369748115e-16,5.51482347623003e-15,0.27495179370615,1.6082551878341,0.205618748451476
"gene_1496",44.246983795577,-0.178875587725602,0.156629038142784,-1.14203336652389,0.253440150618449,0.431020664317091,0.153891133172863,-0.146464317291741,0.144242389379501
"gene_1497",228.819727857924,-0.333026661646427,0.103723334431564,-3.21072074544763,0.00132402532686567,0.00760934095899813,0.0730367828467481,-0.310143252114301,0.102506770758083
"gene_1498",5.56655967604278,-0.313917708575961,0.378945463068197,-0.828398118384298,0.407445071805518,0.588793456366356,0.850872697484713,-0.134451169142495,0.262013918056007
"gene_1499",1234.32168447503,0.303498551742694,0.0821823187024285,3.69299085903895,0.000221631992590185,0.00165178267882878,0.0478438153977661,0.289573716213371,0.0814536368999322
