"","sample_0","sample_1","sample_2","sample_3","sample_4","sample_5","sample_6","sample_7","sample_8","sample_9","sample_10","sample_11","sample_12","sample_13","sample_14","sample_15","sample_16","sample_17","sample_18","sample_19","sample_20","sample_21","sample_22","sample_23","sample_24","sample_25","sample_26","sample_27","sample_28","sample_29","sample_30","sample_31","sample_32","sample_33","sample_34","sample_35","sample_36","sample_37","sample_38","sample_39","sample_40","sample_41","sample_42","sample_43","sample_44","sample_45","sample_46","sample_47","sample_48","sample_49","sample_50","sample_51","sample_52","sample_53","sample_54","sample_55","sample_56","sample_57","sample_58","sample_59"
"gene_0",171,110,192,120,207,145,210,237,187,175,246,161,212,164,113,142,315,144,125,321,217,119,244,107,273,191,191,116,109,251,223,185,196,153,87,100,67,167,168,245,273,260,54,194,226,55,118,135,195,234,107,126,92,157,122,151,424,106,159,136
"gene_1",60,57,109,115,103,77,149,71,66,140,108,75,195,99,139,43,142,185,87,90,90,48,96,92,92,115,82,104,120,36,109,78,60,90,129,53,187,309,121,119,104,171,74,95,162,116,109,68,197,85,67,61,105,90,188,117,106,48,89,201
"gene_2",465,388,639,422,321,319,426,695,647,788,379,484,550,537,399,364,325,455,480,236,303,374,323,540,511,420,392,385,376,496,282,439,385,520,233,327,521,539,289,464,337,583,253,473,435,345,399,505,462,341,704,549,590,455,372,400,493,344,448,483
"gene_3",2405,2392,2908,2374,2243,1518,2749,2144,3135,2381,1876,1294,2736,2753,2549,1247,1619,1568,2020,1627,2064,2235,3275,2636,2069,2296,1728,2359,2221,3045,2411,1831,1246,2258,1258,781,1555,2707,2004,1733,2396,1605,1461,2093,2083,1251,1377,2215,1915,2136,1242,2147,2786,1476,2215,1350,3035,1713,1363,1927
"gene_4",51,75,85,120,148,66,106,74,140,136,81,85,118,83,65,42,76,60,50,74,73,79,72,59,128,102,63,101,79,77,68,57,59,81,54,43,74,87,64,28,55,64,67,56,136,53,117,65,137,53,54,66,39,94,79,154,119,77,111,159
"gene_5",180,168,182,181,81,187,215,125,167,235,253,108,311,175,138,106,102,220,127,102,119,175,208,177,251,193,135,143,247,156,218,137,255,184,133,117,212,269,188,135,252,268,103,186,155,163,219,162,155,141,195,208,183,100,374,102,507,220,309,233
"gene_6",597,362,859,630,650,832,1209,608,938,923,535,550,1017,725,802,421,445,754,400,618,662,877,1118,731,726,543,644,571,532,963,700,441,500,748,543,387,574,629,789,879,621,855,497,785,955,761,624,608,1024,435,863,987,656,935,465,599,1257,635,1202,702
"gene_7",128,64,113,183,168,132,150,120,144,158,152,57,123,70,107,42,87,102,60,52,62,74,218,144,101,87,80,90,114,131,178,139,148,191,53,53,118,157,132,97,100,118,54,94,168,70,86,124,121,136,74,143,129,133,99,162,276,87,170,172
"gene_8",1,5,3,0,17,9,0,2,20,3,1,0,0,10,3,2,0,28,3,14,5,8,3,7,5,2,3,5,1,9,8,2,1,5,4,3,17,1,1,8,9,8,10,13,4,8,1,3,0,4,1,5,16,12,21,6,12,24,0,3
"gene_9",220,107,197,162,219,221,234,148,114,195,193,150,104,115,115,46,140,234,139,161,139,116,106,82,240,104,70,180,93,194,118,109,157,89,148,65,91,125,139,91,129,170,56,140,126,86,84,77,64,93,126,153,96,111,133,141,216,104,171,71
"gene_10",1350,1154,1264,1434,1768,1476,834,1404,905,1206,2120,1033,1981,1248,1094,763,1063,1327,837,815,902,977,1378,1425,1232,1313,898,906,1019,1586,1645,2417,1431,1449,1342,882,1758,2063,1558,2211,2063,2246,1102,1752,1411,2120,1935,1495,2415,1126,1137,2320,1744,1700,2006,1468,2261,1623,1295,2731
"gene_11",158,132,217,173,223,194,225,224,241,292,171,183,167,169,148,88,213,182,167,108,211,180,285,229,247,141,104,121,114,198,353,128,182,223,163,123,194,239,169,196,296,196,172,209,226,99,212,298,239,263,193,303,193,205,190,391,377,292,235,290
"gene_12",453,356,520,598,542,355,286,293,464,379,297,476,560,383,505,205,306,385,403,377,425,307,536,452,439,379,286,610,254,468,626,415,401,367,291,337,352,485,448,615,456,408,321,190,565,206,342,561,637,105,328,308,462,515,659,398,969,324,434,465
"gene_13",386,433,456,463,494,440,627,566,645,676,595,557,642,507,676,442,464,517,520,627,488,394,554,868,566,450,575,364,296,368,640,585,449,720,515,396,534,634,472,468,655,650,358,656,661,442,443,357,466,309,455,651,554,399,550,465,749,502,712,536
"gene_14",12,13,5,27,9,1,35,43,10,13,14,5,23,28,14,11,20,24,12,7,26,4,28,64,11,32,53,18,46,14,10,17,20,13,13,2,60,25,8,20,3,37,14,30,14,8,13,11,51,3,28,5,14,6,21,24,14,16,28,18
"gene_15",937,628,1050,827,1205,1019,1139,1783,849,965,730,510,1877,659,1485,618,976,778,987,660,954,615,1115,1204,1808,904,864,1089,1106,905,794,833,1242,782,675,466,739,1464,1204,1037,905,951,411,977,979,781,772,979,1296,578,866,880,797,660,1200,1247,1145,612,1199,1233
"gene_16",23,13,8,20,16,68,15,29,21,28,28,8,14,18,19,17,15,12,29,45,22,1,17,16,26,31,44,8,15,17,30,16,5,3,21,2,18,8,23,24,44,15,13,14,17,10,21,15,19,12,8,14,24,11,36,14,31,42,18,35
"gene_17",5,3,8,14,6,17,7,9,2,42,0,14,6,17,8,5,3,8,14,19,41,8,19,14,4,16,14,0,5,12,13,22,2,11,4,4,5,8,16,29,10,6,5,14,26,2,18,11,0,7,17,41,4,9,10,12,32,20,16,9
"gene_18",1100,823,989,1297,1535,987,1422,1206,1191,953,1250,760,1065,630,1340,626,891,913,896,1154,872,897,1621,836,998,1449,977,798,1030,1307,1049,1474,1122,2269,1756,472,946,1532,1113,1481,1672,1358,959,1876,1505,1496,1657,1667,1165,702,1101,1257,1602,1306,1825,979,1764,1548,1350,1454
"gene_19",31,45,39,23,100,75,77,26,62,85,74,61,123,63,73,31,50,71,51,66,93,19,71,72,31,92,43,48,84,123,105,34,56,64,50,65,69,55,46,119,59,51,60,52,64,56,83,117,85,61,15,142,78,49,71,62,134,41,82,88
"gene_20",315,162,259,277,276,252,375,312,346,290,200,270,441,283,115,175,268,450,216,210,233,205,195,429,285,290,302,241,275,240,259,292,198,323,222,132,403,581,177,216,322,316,281,282,179,200,143,247,249,306,309,441,325,298,319,251,486,335,223,289
"gene_21",801,586,1347,1356,1146,1242,1177,1029,931,1362,1234,711,1273,1089,1119,819,1186,1213,715,966,902,698,1302,872,895,1039,1126,907,1025,935,1131,673,1042,1112,1206,464,541,1290,637,570,1032,1208,512,740,811,739,881,1120,1177,786,1266,1013,981,554,922,1530,1420,1457,1298,1275
"gene_22",200,88,240,132,168,132,170,289,158,176,195,90,129,112,145,141,94,228,126,148,204,101,261,189,214,220,242,101,83,196,144,141,143,185,180,100,127,125,114,158,195,213,98,157,72,104,113,95,168,93,169,141,114,72,141,98,256,174,93,88
"gene_23",2,3,11,5,7,5,9,14,12,0,14,5,0,0,2,8,5,12,2,16,4,4,16,16,1,0,5,6,1,2,5,1,15,2,1,5,5,10,3,1,1,2,2,1,0,7,1,2,18,3,1,24,14,6,7,0,0,1,6,2
"gene_24",77,94,57,62,58,43,28,93,51,63,71,46,58,69,31,26,73,40,26,49,30,30,53,88,57,62,86,58,36,55,82,89,50,84,45,53,19,85,55,48,27,42,32,60,68,57,44,48,71,26,45,65,94,38,75,61,66,60,34,82
"gene_25",936,742,483,1013,693,531,632,602,922,990,1053,812,952,679,638,575,312,520,628,475,543,592,587,754,750,974,507,464,620,773,766,505,811,613,905,447,626,902,837,745,890,837,431,723,906,595,746,732,686,747,693,936,623,691,704,506,804,859,755,978
"gene_26",363,477,433,634,647,433,411,931,602,552,414,584,658,669,569,377,186,609,353,555,469,305,478,846,485,637,292,446,280,525,434,430,524,430,492,332,404,726,289,309,604,575,485,465,572,551,447,447,419,263,228,310,562,416,408,374,749,524,414,715
"gene_27",92,49,73,37,77,112,117,118,146,106,102,48,114,47,127,85,73,109,71,66,105,88,87,81,81,125,52,61,68,78,101,100,95,43,51,20,21,75,54,81,57,119,55,88,97,84,88,53,68,28,50,83,74,100,74,41,120,80,103,101
"gene_28",105,107,185,205,202,148,186,137,149,193,133,128,140,96,109,113,136,182,65,124,125,112,201,253,190,94,184,138,111,143,141,240,173,160,176,67,266,181,77,108,212,101,123,183,187,133,162,60,186,183,133,191,261,133,211,192,126,71,172,229
"gene_29",109,148,135,143,182,119,144,173,138,172,265,130,88,126,84,109,85,219,60,74,82,108,115,113,180,147,134,89,123,178,111,159,161,148,138,124,99,173,125,141,164,152,63,177,131,142,222,232,144,105,59,103,182,130,233,189,265,152,267,125
"gene_30",1036,682,852,966,831,644,1056,1156,1253,1302,838,672,944,941,1194,698,1035,1017,727,804,988,801,883,808,619,691,642,777,917,741,1093,562,924,806,533,524,766,789,546,633,720,915,456,877,744,702,493,617,1001,492,736,646,673,777,829,691,1000,754,761,822
"gene_31",140,86,113,116,169,119,141,126,241,121,85,98,126,119,180,59,59,133,89,159,90,43,189,153,175,181,54,128,81,68,56,126,77,69,72,92,60,94,92,86,156,193,71,147,143,123,115,134,116,62,48,121,123,148,102,101,122,125,119,122
"gene_32",131,198,247,195,211,107,206,173,165,254,231,134,232,249,258,94,239,123,115,177,248,144,147,115,184,160,162,215,61,121,178,256,235,215,181,116,120,268,195,225,167,188,71,199,165,82,153,141,199,117,91,150,160,107,192,172,222,186,287,279
"gene_33",353,383,645,320,536,468,516,684,458,513,439,394,387,295,403,225,280,667,302,359,356,310,349,526,453,423,398,407,236,730,568,547,337,378,393,255,740,602,480,444,817,680,554,956,593,559,638,524,851,349,565,573,678,488,612,664,607,346,977,335
"gene_34",25,13,21,44,30,12,31,23,17,16,39,23,9,12,7,14,19,27,6,20,21,30,28,15,56,33,26,29,36,20,26,20,28,14,10,2,19,22,19,8,31,43,16,48,37,27,20,22,10,6,15,21,11,26,44,40,29,15,6,22
"gene_35",56,46,108,95,38,23,79,45,122,142,47,46,159,40,113,66,67,37,73,71,82,111,46,32,95,82,55,46,37,77,45,68,56,71,38,41,80,58,65,45,95,55,16,76,123,33,48,78,45,70,88,37,96,41,118,62,179,41,46,65
"gene_36",0,4,36,5,11,19,12,19,9,9,6,22,23,11,9,23,10,13,7,16,24,10,18,14,14,32,11,12,9,23,7,39,10,26,14,7,14,20,9,19,32,31,4,24,9,23,6,7,8,12,6,10,5,27,27,14,19,16,22,24
"gene_37",61,48,179,99,97,86,67,87,46,97,126,70,117,126,71,87,84,108,82,40,42,85,66,177,77,32,47,145,42,115,125,109,112,123,98,28,103,68,98,95,114,178,41,174,34,70,147,115,111,48,62,99,88,102,70,79,234,56,93,146
"gene_38",7,38,22,28,20,22,17,36,49,24,33,19,20,7,2,10,22,13,12,19,13,15,5,42,18,44,5,28,22,6,25,27,33,35,14,18,9,13,13,42,57,32,27,25,13,9,20,39,18,17,26,19,42,32,65,34,10,29,11,48
"gene_39",0,0,9,19,7,5,7,6,1,24,12,0,2,3,12,2,4,4,3,4,1,0,1,4,1,0,0,0,1,1,4,0,0,3,1,1,0,1,2,1,0,1,1,0,0,0,1,0,1,0,0,5,1,1,2,3,1,0,0,1
"gene_40",1960,1410,863,1442,1254,1584,1483,1803,890,1153,1060,1433,1734,1499,948,944,1287,2233,942,1256,1951,1080,1888,2222,1335,1860,892,1383,1242,2205,1366,1422,1071,1402,1045,696,1367,2082,1769,1556,1794,1484,1280,1266,1470,1310,1543,1056,1686,775,1280,2237,1957,1758,1418,1067,2008,1233,1423,2137
"gene_41",1942,954,2013,1636,1226,1745,1232,1890,1558,1877,2017,1077,2013,2029,2429,985,909,2346,1645,1729,1228,1538,1263,2631,2040,1942,1224,1430,1399,1067,1345,1436,1087,1079,591,837,1006,1253,984,1251,1224,1302,1288,2001,1096,1176,1241,684,1580,1202,1557,1161,1518,1092,1980,1659,1974,1177,1514,1014
"gene_42",33,72,49,75,24,38,83,77,159,61,72,68,67,84,33,25,54,46,33,59,34,24,46,42,38,77,81,70,49,90,53,38,59,91,68,31,49,84,78,55,32,47,39,61,24,72,32,53,94,26,22,78,90,28,35,79,79,33,27,60
"gene_43",1152,1453,1876,2456,2714,3002,2721,3653,1869,2773,2133,1696,1761,1944,1550,1533,948,2318,1282,1853,1292,1694,1512,3361,3070,1609,1243,1589,1743,1527,1901,1612,2671,1266,1496,1127,1238,2364,1577,1775,2125,3191,1010,1478,1853,698,1417,2176,1980,1243,1033,2261,1998,2010,1809,2426,2552,1319,1456,1908
"gene_44",34,67,93,56,71,46,86,76,76,95,38,31,40,46,38,49,44,28,31,69,88,29,66,122,70,38,54,61,65,76,65,51,24,103,41,73,49,34,79,73,63,74,40,125,94,42,78,53,101,34,75,132,40,64,85,40,142,60,83,45
"gene_45",4069,3742,5198,5165,4569,3939,5085,5220,5041,7152,4003,3110,6249,5573,5315,3196,5066,4624,5062,4334,3552,4175,6789,5381,5626,3528,4047,3551,3288,5143,3557,3517,3105,4647,4779,3362,4001,4770,4205,3999,3984,3240,3022,3153,3981,4124,3410,3208,4767,3660,2792,6484,3874,2848,6011,3699,6746,5443,4267,6744
"gene_46",26,43,34,96,93,65,26,49,105,151,33,35,67,54,16,27,36,71,25,22,38,16,93,94,100,56,36,58,33,14,27,12,23,27,12,16,18,17,17,28,20,57,23,30,9,37,26,18,31,10,14,25,23,16,12,20,41,28,23,39
"gene_47",837,993,1098,1328,1363,683,1414,835,1899,2007,655,767,1659,1291,932,560,1187,1167,882,833,1046,716,1256,1449,1032,796,1040,839,704,1014,774,781,698,1039,663,684,956,1257,881,916,613,1094,474,1059,809,834,815,644,846,524,549,1044,1106,428,544,852,1585,856,934,960
"gene_48",206,75,82,276,149,88,144,187,231,87,57,83,111,125,160,83,75,190,66,63,115,126,124,76,160,101,87,109,177,83,116,86,117,190,105,103,131,109,95,182,174,102,48,119,94,82,42,55,144,82,115,99,142,165,115,138,251,168,69,49
"gene_49",221,161,242,152,117,138,178,289,217,159,242,133,225,127,151,272,136,203,181,164,129,89,139,237,170,113,134,165,141,126,175,185,183,224,162,133,170,203,230,284,132,271,115,120,204,183,154,116,222,132,180,248,189,187,240,122,223,88,245,150
"gene_50",58,50,98,66,85,64,74,141,141,129,46,94,154,104,45,79,102,101,69,66,69,82,95,116,94,64,113,58,47,69,86,167,71,83,89,72,57,132,57,60,83,62,69,125,91,83,102,100,140,87,80,160,70,95,87,90,200,51,118,82
"gene_51",26,9,10,8,4,1,7,13,30,14,14,8,7,6,10,2,2,22,34,10,10,5,9,6,22,3,16,4,13,8,3,9,17,4,15,8,18,12,8,5,3,14,3,6,8,13,4,15,5,15,11,3,4,6,3,23,8,13,5,15
"gene_52",104,107,159,200,89,141,172,123,140,212,147,70,198,86,87,39,136,124,67,161,132,98,84,79,106,140,69,93,98,129,70,100,153,207,116,119,154,159,130,50,160,154,55,117,177,112,130,172,191,74,142,136,143,159,90,262,147,126,99,182
"gene_53",1,3,3,4,2,7,7,0,10,0,3,5,2,2,1,11,1,0,4,5,7,3,23,4,6,19,0,1,3,2,0,0,2,1,3,4,5,5,2,5,6,3,1,3,6,0,7,2,4,6,9,7,1,0,13,0,9,13,7,15
"gene_54",179,82,137,178,265,155,163,205,83,158,223,143,192,130,127,142,85,206,119,187,101,135,227,189,134,144,106,237,88,130,144,225,107,150,110,142,207,158,152,117,219,277,192,205,214,247,149,121,354,179,146,243,263,133,239,84,353,215,197,348
"gene_55",428,171,296,346,503,417,281,570,397,367,377,200,179,429,278,154,223,382,144,165,193,229,450,357,212,284,267,469,322,355,209,248,261,269,351,194,401,314,347,460,354,376,409,390,510,323,592,227,188,205,285,472,309,325,385,345,582,301,372,365
"gene_56",4,3,27,8,1,6,2,18,1,0,7,5,3,18,7,4,3,3,11,3,2,1,6,3,33,1,11,15,0,17,5,1,1,1,1,4,5,3,4,9,0,1,1,3,3,2,6,3,0,9,1,11,0,2,5,4,2,0,2,7
"gene_57",45,41,47,60,41,54,74,67,112,44,53,18,67,63,33,32,28,15,18,30,37,43,45,88,38,20,21,46,42,47,34,54,41,33,39,25,39,65,23,17,12,77,14,33,47,14,23,21,82,22,96,41,18,24,38,73,120,36,22,80
"gene_58",171,144,163,155,126,93,268,172,56,183,116,149,214,90,264,144,145,162,161,71,113,90,157,253,121,122,132,140,187,178,149,330,100,158,176,99,189,217,128,256,244,197,160,136,158,311,124,367,182,155,144,138,256,158,220,160,524,145,332,251
"gene_59",1428,968,2209,1567,1541,813,2010,1106,1412,1864,1127,834,1578,1974,980,708,931,1350,986,1320,2065,1176,1190,1650,2019,1210,1051,1044,620,1426,1004,1895,1098,1646,1685,1249,1776,1720,808,1994,1648,2190,1262,1126,1960,1324,1085,1611,1490,1330,1916,2080,1404,1355,2324,1037,1708,1931,1834,1882
"gene_60",91,83,87,90,122,95,103,239,82,98,47,92,159,114,72,49,96,168,87,94,105,41,89,106,62,69,120,88,50,67,112,191,92,160,130,98,186,143,81,186,93,334,90,141,113,140,111,101,176,50,106,71,233,113,207,133,286,150,143,97
"gene_61",116,63,123,46,108,93,55,83,58,54,24,54,112,64,71,31,58,81,24,101,62,95,103,122,51,61,62,69,39,99,119,141,142,161,144,116,134,267,56,238,78,169,199,165,172,85,153,124,164,90,119,201,189,105,111,98,215,90,147,186
"gene_62",90,84,114,144,73,60,51,54,127,155,66,95,101,83,53,50,89,165,41,94,117,57,94,110,115,108,84,71,50,80,78,93,75,120,95,38,58,105,88,60,95,107,66,105,101,96,81,71,98,36,113,54,76,77,112,89,111,68,104,188
"gene_63",141,140,103,154,62,116,80,144,157,142,100,70,129,116,79,47,67,118,57,95,35,54,149,98,62,70,74,102,68,144,67,89,59,87,55,56,68,102,55,135,96,160,87,137,184,126,145,58,156,119,104,108,55,112,146,35,64,96,183,83
"gene_64",543,405,532,670,524,642,538,819,552,817,389,733,680,759,461,365,700,646,366,567,508,467,521,558,753,706,444,374,305,568,555,636,847,720,670,358,593,780,603,583,888,628,359,629,864,478,726,524,845,612,887,859,652,579,866,654,486,440,510,700
"gene_65",481,342,341,505,374,195,449,728,337,588,396,407,425,440,561,355,345,279,430,474,392,294,387,629,524,405,347,632,396,313,324,256,214,298,271,273,291,412,365,345,458,456,238,344,368,190,224,376,292,206,598,372,554,345,493,388,521,236,393,406
"gene_66",69,50,107,106,78,72,76,188,76,102,110,68,70,51,54,51,26,76,86,45,75,37,83,97,62,45,63,66,54,34,81,72,53,60,42,90,97,92,65,46,67,59,59,127,67,60,18,85,101,63,106,79,183,63,106,97,111,82,73,37
"gene_67",26,12,30,34,21,9,15,27,23,25,42,31,12,41,28,4,9,18,10,12,18,19,31,39,42,35,10,19,20,15,9,42,31,16,40,20,32,54,41,41,66,33,20,26,23,34,34,29,27,10,36,66,28,26,14,61,53,19,59,33
"gene_68",27,40,35,147,79,89,103,37,48,45,84,20,68,50,95,53,58,39,23,45,20,30,17,55,45,56,66,51,76,85,80,89,130,66,62,37,78,161,62,45,53,72,84,89,82,97,59,70,176,70,70,46,127,33,54,64,110,80,116,73
"gene_69",8,1,13,10,2,1,3,11,10,1,3,13,1,1,7,0,4,2,1,1,1,9,5,1,6,0,2,4,7,10,4,2,7,0,9,2,0,0,12,9,26,0,1,0,1,7,0,0,10,4,3,9,5,3,1,6,9,6,1,5
"gene_70",128,82,232,233,117,117,169,138,56,97,141,42,172,92,115,72,92,129,84,122,98,60,229,104,78,55,117,163,108,166,207,118,135,271,83,67,94,76,100,66,147,183,102,188,195,103,116,285,172,51,106,173,150,103,206,162,161,148,149,209
"gene_71",645,387,783,608,663,623,731,723,806,711,494,513,1099,950,426,271,353,772,668,348,702,571,712,706,487,903,641,606,489,499,606,641,514,851,605,260,561,799,784,664,675,764,333,563,823,485,695,506,1189,313,544,807,680,418,749,767,757,540,651,842
"gene_72",247,162,373,262,320,306,354,456,308,506,359,170,570,398,257,183,294,362,201,188,251,265,414,470,421,489,225,339,243,235,357,425,194,299,277,160,278,307,256,239,341,311,125,217,448,148,161,227,297,155,181,268,290,308,248,313,360,288,321,396
"gene_73",30,27,8,63,49,73,22,20,53,62,21,11,36,50,25,18,19,28,44,30,27,27,60,49,46,36,32,28,27,14,31,30,12,31,39,36,27,46,13,19,14,69,10,51,27,27,17,35,22,26,9,30,48,6,30,29,54,25,68,28
"gene_74",358,198,447,428,262,382,290,456,358,385,207,160,622,278,287,271,255,223,235,251,337,343,292,439,441,225,165,314,336,324,257,301,544,593,324,244,247,312,301,364,395,499,335,433,394,245,422,376,299,247,338,563,539,397,390,494,487,283,471,381
"gene_75",8,25,10,25,12,29,14,5,9,30,6,3,10,24,12,18,11,41,25,29,13,17,19,29,11,16,21,26,14,4,3,3,16,20,7,8,4,10,3,3,4,15,8,28,7,23,5,4,7,10,21,34,17,18,9,13,56,11,23,15
"gene_76",68,71,75,169,56,89,120,137,83,62,109,140,140,139,80,62,101,136,115,114,107,96,168,216,108,102,62,76,38,134,196,98,95,131,122,150,115,163,163,190,171,118,138,155,112,114,112,150,130,38,127,166,161,113,183,104,177,118,274,109
"gene_77",31,55,65,21,59,25,77,58,105,43,69,25,71,49,75,31,39,47,39,35,61,41,26,32,55,56,42,31,37,82,38,41,70,24,32,21,31,113,48,47,53,65,29,95,31,43,49,35,73,45,28,30,48,51,36,16,162,51,61,52
"gene_78",852,338,396,614,347,573,643,814,496,877,727,255,700,426,480,362,539,567,770,416,440,439,541,942,634,451,375,755,505,305,617,518,612,586,385,297,689,684,760,637,560,365,458,1126,744,431,622,488,653,392,513,737,700,305,687,514,933,142,799,558
"gene_79",337,204,464,97,123,191,260,280,194,314,233,268,356,333,250,190,242,235,274,179,110,153,200,382,145,183,173,279,158,289,103,97,117,145,117,69,102,141,102,145,98,251,69,89,195,74,86,100,99,131,73,82,121,133,153,117,173,122,184,184
"gene_80",86,45,49,43,40,80,27,85,68,43,81,29,117,121,93,25,65,100,26,59,36,32,90,78,64,48,39,64,47,49,61,63,64,90,94,34,49,34,38,26,51,121,43,39,52,33,39,92,91,47,113,54,77,74,167,69,46,41,64,65
"gene_81",271,349,311,446,339,359,674,730,499,423,358,308,505,382,271,213,440,357,378,365,375,257,504,396,311,347,304,439,223,294,545,363,424,423,187,237,328,368,409,393,606,516,349,331,495,418,429,312,533,533,568,709,495,338,404,465,603,441,306,466
"gene_82",197,147,299,230,178,133,240,118,201,207,130,142,196,200,194,110,229,180,114,243,220,139,183,292,198,208,174,198,210,215,126,259,177,139,212,138,149,230,187,284,198,167,160,163,253,135,85,206,148,129,175,309,157,152,131,198,189,161,186,230
"gene_83",471,597,604,991,996,747,654,622,668,940,736,517,675,808,1054,326,548,821,502,617,567,431,755,756,457,606,401,503,522,593,636,674,316,651,446,494,660,487,277,655,675,618,444,790,693,668,298,301,760,507,597,737,966,338,588,637,941,556,799,565
"gene_84",1306,1617,1119,1987,2143,1538,2850,1928,1432,2813,2052,1030,2104,2234,2313,893,1623,1710,1169,1998,2571,1401,1537,1675,2016,2224,1713,2090,1086,2279,1595,2691,1018,1295,1180,894,1790,1914,1841,988,1420,2178,859,2016,1762,1493,1611,1542,1881,680,1105,2504,1342,1302,2019,2085,2566,1840,2202,1941
"gene_85",296,220,232,193,311,236,226,222,346,377,352,212,332,202,266,113,230,242,118,287,164,242,218,320,368,338,283,284,322,321,228,260,230,206,138,141,240,157,332,208,301,192,173,262,157,257,202,126,428,174,171,205,258,265,147,258,347,376,236,234
"gene_86",101,55,65,139,148,113,36,110,95,193,117,80,135,162,92,83,75,194,73,84,122,84,135,217,98,48,70,118,57,121,107,120,94,160,58,106,112,101,60,268,107,97,95,85,126,57,84,40,108,64,77,84,117,77,103,119,150,88,231,105
"gene_87",1203,926,1306,1045,984,1206,1123,1626,1022,1276,913,740,1369,816,1331,349,1418,1129,784,858,934,724,893,1070,1251,866,555,1009,941,1254,1590,1401,819,1231,959,801,1539,1722,894,1693,2398,1631,972,1237,1548,1113,1188,1660,1816,688,937,1168,1329,729,1562,1181,2369,856,1716,1623
"gene_88",876,885,944,1169,1265,787,1021,1021,1307,1474,1463,526,1518,755,1122,627,944,853,656,568,1360,606,1355,959,1229,1265,870,1180,697,1072,1001,1057,1091,1008,854,531,778,1354,1060,1327,2102,1388,730,935,1322,1090,935,756,1501,971,1111,1429,1190,1253,893,1120,1514,979,1243,1577
"gene_89",53,21,5,16,32,25,31,55,24,30,19,28,14,40,37,19,28,46,34,40,43,15,24,20,50,15,26,39,26,43,21,28,32,42,32,14,13,41,16,23,22,52,26,32,21,27,33,17,54,14,31,65,25,37,34,33,71,27,31,63
"gene_90",89,33,46,42,136,48,29,40,69,37,19,66,78,42,30,17,28,40,40,34,64,25,68,76,44,39,32,19,29,42,24,73,63,96,16,11,68,50,59,13,42,59,37,61,43,53,81,48,22,6,25,78,66,11,49,47,113,43,27,48
"gene_91",812,774,989,785,664,927,992,1040,974,1038,734,475,1298,979,886,722,624,1409,620,951,1136,567,747,1475,1146,1090,844,711,616,866,959,1349,1354,1697,1175,845,1415,1650,1160,1385,1703,1535,1156,1370,736,1043,555,1604,1663,651,982,957,1320,1680,1725,1007,1839,1299,1632,1355
"gene_92",320,370,372,500,646,543,288,431,508,394,410,225,283,418,452,201,274,351,182,365,248,238,535,575,398,323,259,310,344,316,235,158,186,174,172,81,129,254,217,142,204,168,165,213,229,219,125,161,267,177,193,190,221,150,222,123,266,163,198,262
"gene_93",41,34,42,53,43,24,109,43,28,32,32,26,24,32,44,48,46,22,15,23,37,28,74,27,28,20,29,63,29,34,31,29,29,36,62,33,46,34,24,55,55,62,18,42,66,47,38,15,54,50,32,89,67,36,57,67,32,39,61,76
"gene_94",782,834,726,879,735,927,1059,785,1164,969,927,1075,762,851,1362,474,636,1167,785,553,892,1219,1305,1286,1530,788,856,861,719,1359,874,852,705,590,991,632,813,1205,562,1189,1378,711,1029,704,975,816,675,839,828,695,879,1063,1154,761,1206,948,1514,828,828,1193
"gene_95",342,400,396,391,684,489,597,646,563,650,312,422,559,522,446,468,431,604,349,467,394,392,779,548,519,610,549,442,304,397,706,867,765,673,503,250,801,547,188,477,416,914,361,395,450,497,458,597,811,638,498,359,306,572,458,732,556,818,664,750
"gene_96",2373,1754,3307,2785,2727,1765,3338,2731,4635,2850,3472,1993,3161,2495,1549,792,1914,3101,1406,2292,2145,1702,2294,3745,1780,2470,2165,2531,2926,3538,3831,2494,4988,4555,2134,2605,2593,4610,2794,4321,2893,4174,3061,3932,2642,2667,2189,2283,5150,2874,2615,4082,3930,3842,2514,4256,5963,2808,4535,3732
"gene_97",159,177,184,101,125,108,128,162,120,255,105,119,167,131,137,93,83,151,77,148,109,126,132,202,104,106,107,136,127,82,84,123,110,78,115,80,62,153,46,142,142,66,113,70,164,100,131,88,186,92,92,188,86,60,146,154,188,109,107,140
"gene_98",5,4,3,1,32,13,20,7,6,4,7,3,10,8,1,4,0,1,6,8,11,0,0,13,0,9,7,2,9,3,0,8,4,4,0,2,3,1,3,25,4,4,1,7,1,6,1,0,0,28,4,6,4,2,8,0,7,1,8,16
"gene_99",196,255,484,503,364,278,326,338,350,229,501,309,325,343,317,171,243,361,310,207,352,249,255,436,382,299,305,281,238,350,253,433,265,361,325,140,251,165,293,294,392,322,234,328,351,425,358,258,386,200,288,200,355,208,372,442,425,224,536,622
"gene_100",1013,1141,1843,1991,2145,1438,1637,1704,2222,1856,1832,1152,2860,794,1823,943,1214,1639,1235,1446,979,901,1727,2310,2501,1419,1417,1270,656,1514,1618,1889,2335,1720,1510,503,1544,1733,1154,1293,1695,2474,1407,2082,1977,1389,1667,1482,1906,1689,1705,1841,2170,1793,2047,1637,3056,1741,2457,3321
"gene_101",67,25,31,29,43,18,16,51,24,29,22,18,20,55,55,52,49,15,15,17,46,36,40,33,51,26,27,30,15,11,42,42,20,14,29,29,10,49,41,41,8,16,30,29,37,15,36,62,54,10,44,98,38,15,37,18,66,44,55,36
"gene_102",39,14,50,8,12,25,12,27,2,19,33,4,15,35,11,10,16,16,27,37,24,4,6,18,35,21,10,19,22,18,10,13,18,38,36,33,6,13,27,39,31,33,10,19,5,23,8,34,10,8,9,28,37,19,20,30,36,18,41,16
"gene_103",373,291,322,407,437,281,285,270,220,320,246,301,327,417,255,151,190,393,316,184,299,143,485,435,263,365,224,449,189,204,141,301,168,179,252,130,260,194,242,243,285,195,141,272,345,167,214,119,453,107,165,329,359,273,193,257,456,220,243,345
"gene_104",47,36,94,56,73,64,80,47,38,56,68,37,84,60,50,24,44,105,46,58,32,59,79,61,91,49,73,37,86,70,54,52,78,88,33,32,68,38,40,96,66,98,57,161,27,55,41,93,86,43,33,79,94,53,74,60,88,70,93,21
"gene_105",179,157,110,139,274,142,276,135,113,158,153,153,257,236,157,105,184,243,121,153,180,245,247,373,224,141,91,166,126,155,205,226,193,185,248,106,66,151,212,238,248,181,150,221,280,177,175,215,293,150,227,270,147,166,189,154,230,150,193,362
"gene_106",40,31,57,59,56,104,41,118,52,89,33,45,52,46,38,30,77,88,79,25,34,89,49,23,76,50,36,51,58,86,102,71,72,134,102,28,87,81,159,167,94,139,54,59,108,118,111,128,109,94,154,138,93,139,157,70,141,97,170,135
"gene_107",13,5,10,2,16,2,10,4,19,1,13,0,7,15,8,9,11,18,15,5,14,9,40,21,7,8,3,6,17,3,10,8,3,17,0,25,11,22,0,7,16,7,11,0,17,2,2,6,3,8,8,28,0,16,24,10,12,8,7,2
"gene_108",2660,2446,3109,3518,6102,3963,2646,3776,4638,5365,5026,2410,4745,2735,4059,2145,2591,3371,3433,2444,2276,2715,3583,4793,3116,5519,3970,3603,2940,3988,2885,2287,2932,3457,3086,1240,3080,3852,1639,2684,3871,2664,2257,3330,3825,4196,2630,3399,3751,3001,2546,3343,3417,4032,2142,2594,4177,2963,2426,3987
"gene_109",189,126,232,157,276,126,272,326,135,255,272,172,470,317,125,133,191,150,176,270,190,159,108,198,379,172,128,237,127,215,192,271,219,300,196,173,199,153,213,229,301,213,214,187,196,233,173,348,231,181,188,310,183,187,227,317,488,208,129,152
"gene_110",578,483,414,331,379,581,615,397,567,564,597,337,641,408,436,358,365,423,338,362,347,259,761,412,583,395,596,436,408,609,772,319,467,551,623,405,642,515,546,463,494,614,419,670,756,583,611,510,726,397,471,942,262,567,444,525,853,678,579,499
"gene_111",1375,1014,1312,1861,1413,1224,1488,2789,1496,1858,1627,1061,2024,1586,2353,1146,1331,1876,1328,1338,1672,997,1801,1814,1327,1796,1889,1428,1067,1820,1068,1786,1732,1950,1427,1238,1621,1159,1589,2504,1698,2723,1232,1841,2308,1286,1472,1021,1543,1094,1742,2602,1891,1232,1944,1835,2892,1505,2712,1472
"gene_112",455,172,392,517,399,452,449,655,425,401,541,284,383,581,322,193,392,417,331,304,314,448,412,733,728,441,357,379,443,487,536,735,535,743,497,302,687,381,616,590,736,1009,494,909,816,553,658,638,585,503,580,901,763,569,612,730,858,572,768,623
"gene_113",661,320,679,533,408,404,481,520,612,531,519,526,790,483,441,183,348,444,377,382,414,444,391,727,452,543,407,500,346,514,436,349,782,718,557,282,387,371,393,458,624,304,306,573,409,358,317,363,399,235,380,542,484,402,603,485,819,484,702,330
"gene_114",1,4,14,8,3,0,5,4,13,39,3,1,18,3,6,6,19,10,6,9,2,0,10,21,6,0,1,4,4,3,12,6,5,22,4,6,14,6,10,4,5,19,4,1,4,8,11,7,6,18,1,22,8,6,13,11,2,20,10,5
"gene_115",475,283,522,663,455,439,879,631,425,505,659,493,514,478,650,167,573,616,197,361,386,406,575,703,775,417,466,451,426,554,724,567,486,544,686,329,483,750,331,425,479,1226,401,862,545,337,384,620,796,296,455,596,720,749,984,553,1067,432,833,529
"gene_116",4731,2853,5084,5943,4467,6222,4524,5844,3558,5095,6584,3820,6800,4915,6630,3337,3084,4734,3631,4018,4783,4249,5536,7451,5327,6843,4016,4964,2867,5051,2847,7464,5981,4595,4565,1594,3834,4146,3726,5298,5949,4514,4204,4572,4124,5114,2983,2651,5014,4487,4393,5561,4102,2569,6346,6876,6797,3797,4148,5093
"gene_117",220,228,161,173,129,230,207,213,326,129,150,259,407,160,197,215,167,184,230,286,186,146,155,319,424,306,149,143,192,326,188,109,275,164,107,60,201,216,223,266,330,211,142,150,168,126,209,123,191,313,125,189,242,162,189,241,369,264,364,371
"gene_118",16,25,33,28,5,28,17,19,27,14,59,8,55,16,41,36,28,27,30,19,15,13,59,33,36,7,7,41,15,5,53,16,24,13,17,31,27,12,36,21,30,32,15,26,23,20,63,24,60,32,27,26,32,18,18,51,28,25,7,43
"gene_119",443,866,680,647,1217,372,973,827,619,862,611,513,881,467,530,408,671,383,581,727,586,603,763,925,1391,649,616,703,619,518,500,843,734,526,704,654,719,738,384,722,1034,1140,355,1078,795,550,625,449,865,447,732,804,755,648,804,944,776,855,1142,852
"gene_120",2159,1242,2269,1948,2196,1997,1594,2405,1505,1948,2624,1088,2179,2012,1291,1718,1746,1925,1710,1175,1851,1631,1752,2597,2422,1453,1376,1585,1290,1516,1631,2128,1841,2101,1902,857,1437,2303,2586,2279,1343,1757,1173,1355,2193,1676,1167,1688,2871,534,2135,2075,1466,2105,1761,1417,2728,2531,1582,2784
"gene_121",1742,1611,1938,2379,2143,1730,2203,2832,2417,2118,1567,1194,2441,2179,1530,1044,1751,1587,1443,1398,1837,944,2548,1681,2261,1377,2007,2204,1381,1851,2445,2560,1893,3471,1718,1793,1997,2976,2361,2356,2823,2590,1448,2371,2469,1260,2084,2229,2206,1909,2160,1648,1767,1996,1968,1909,2096,3274,2665,2872
"gene_122",220,261,401,411,265,209,438,453,242,283,454,168,466,323,324,283,213,452,203,401,381,273,599,403,321,428,253,352,302,486,292,573,328,284,306,343,347,554,267,361,334,380,296,401,426,385,435,331,341,173,275,369,347,419,415,371,557,203,470,279
"gene_123",53,59,45,104,76,117,91,41,106,85,59,74,218,109,53,91,89,51,96,83,134,83,60,70,99,83,66,134,86,69,54,73,94,125,75,33,52,83,52,77,124,63,30,76,53,76,98,34,98,42,56,94,81,87,125,67,73,87,61,113
"gene_124",222,178,275,299,321,156,422,382,277,271,414,175,348,339,328,176,189,224,191,313,250,192,359,198,368,395,201,291,143,261,232,225,398,296,130,141,291,400,210,238,229,675,148,278,335,261,295,253,258,236,275,290,368,306,138,201,280,306,206,298
"gene_125",25,47,33,33,59,35,39,61,38,29,52,9,62,24,33,26,15,22,26,28,45,21,45,46,59,33,6,18,44,32,45,28,17,43,28,27,50,65,29,64,55,86,20,62,51,48,56,30,42,75,40,46,30,26,44,32,106,28,39,62
"gene_126",2912,1816,3781,4699,3943,2857,3611,3407,2554,3064,3164,2221,4458,3388,2474,2384,2251,3835,3687,3606,2987,1642,4185,4239,3127,2530,3899,3819,1835,2577,2513,3246,4330,4142,3610,2105,4451,2618,3528,3807,3883,4866,2740,3029,2762,2616,1499,2977,2531,1908,2598,3231,3982,3466,3147,4542,4898,3314,4008,3804
"gene_127",434,224,500,465,537,337,381,651,304,523,397,486,498,715,442,219,321,451,266,310,285,127,542,480,575,405,377,442,339,491,314,279,397,528,272,268,430,583,329,509,469,305,257,328,401,357,285,285,667,187,534,479,369,313,770,306,680,300,462,445
"gene_128",1302,1094,1899,1295,1557,1149,1707,1108,1226,1246,1698,1245,1487,1357,879,1020,1000,1368,1499,1512,998,1326,1515,2043,1576,1417,1091,1765,1208,1367,893,821,789,1024,937,549,1349,920,1536,870,1318,1141,506,1293,1244,1292,871,995,1253,917,693,1197,1543,750,1166,989,2395,1402,1317,1215
"gene_129",2549,1368,2785,1738,2058,1441,1820,1566,2766,1791,1853,1190,2731,1094,2048,1087,955,1350,1795,1204,1633,1432,1950,2046,1692,2730,1069,1818,1178,2650,1613,1874,1950,1398,1592,1378,1576,1554,1209,1456,2454,2317,892,1724,2286,1502,1286,1911,2731,1183,1287,1586,2118,1705,1766,2530,2630,1581,1269,2406
"gene_130",142,100,129,192,124,93,141,105,105,160,156,46,96,133,112,110,91,179,119,102,92,108,76,116,158,123,107,85,80,171,156,155,111,168,102,39,77,181,146,155,147,189,71,179,84,136,88,130,123,62,65,101,81,78,103,161,230,128,189,171
"gene_131",669,340,660,553,772,231,616,608,674,488,328,370,654,543,688,332,427,611,516,360,376,405,681,506,555,639,486,597,399,609,481,627,546,646,491,355,475,658,449,588,351,530,411,821,693,633,477,476,421,490,493,674,721,439,617,616,977,288,571,570
"gene_132",184,197,122,121,230,173,284,176,143,140,128,104,179,144,213,116,161,168,142,137,172,154,272,243,130,195,107,80,145,225,124,197,118,272,144,103,216,216,93,118,226,94,113,130,235,131,221,179,164,66,148,156,189,158,121,218,191,85,198,178
"gene_133",56,43,86,88,127,110,139,56,152,103,107,76,90,153,41,80,51,78,66,89,111,128,92,122,131,119,29,80,77,58,41,106,61,78,54,33,65,68,124,45,74,70,70,119,86,88,67,73,41,59,101,124,82,62,70,34,104,71,144,55
"gene_134",7,0,0,15,1,2,7,6,8,15,0,28,6,18,5,0,16,1,11,24,6,23,1,4,3,0,5,7,1,10,5,4,9,4,1,3,15,2,1,2,2,12,1,16,3,12,1,2,24,2,6,60,3,4,1,0,0,16,15,2
"gene_135",53,31,40,64,49,82,41,42,25,55,36,18,63,22,7,29,69,14,20,59,48,35,53,100,36,42,32,68,25,77,18,55,31,73,30,20,32,16,47,28,12,47,17,83,29,14,27,21,49,30,45,61,46,42,41,18,36,41,42,76
"gene_136",201,119,149,106,94,145,177,124,89,156,102,89,339,140,108,146,124,254,105,91,151,111,173,82,126,215,138,160,86,198,162,121,130,195,123,80,127,240,86,123,93,113,111,137,92,116,114,89,108,131,98,151,109,78,100,153,189,85,241,232
"gene_137",935,706,1523,1298,1778,1796,1391,1840,1635,1629,1707,877,1798,1417,1165,1035,905,1955,1167,873,1385,1248,1062,1120,1577,745,861,1435,1029,1096,1738,1484,1451,2006,859,662,863,1197,681,1476,1732,2159,821,1537,1131,1382,1161,1579,1380,1354,758,2483,1547,1428,1308,1489,2038,1529,1752,1907
"gene_138",7,13,3,5,2,8,1,18,10,8,8,15,31,11,12,7,10,6,1,1,0,0,15,5,3,0,0,1,4,14,3,2,7,2,0,4,7,18,12,1,0,14,0,2,10,2,6,0,2,13,2,10,4,1,7,3,13,11,23,1
"gene_139",36,23,6,7,37,21,20,43,17,41,26,9,30,28,14,5,10,35,29,19,14,11,27,5,4,17,7,21,17,27,40,11,18,25,41,1,12,19,11,10,14,31,5,36,17,14,22,34,17,11,30,8,2,18,38,29,17,27,56,22
"gene_140",978,783,1046,1352,1069,1292,1196,1117,1165,1382,464,584,1731,652,940,617,911,1138,934,803,516,812,466,931,873,1132,666,982,602,1363,1554,1012,1293,1323,869,709,1389,740,1355,849,1045,1483,754,1352,685,1090,1066,769,1277,604,1043,1582,998,1208,1295,926,1994,1218,1112,1548
"gene_141",703,455,947,1011,748,1000,990,672,614,968,661,804,1454,644,649,440,445,753,658,517,687,538,702,943,741,832,298,642,566,1036,1119,997,1359,809,803,345,942,1299,989,850,841,1365,882,933,935,663,859,1264,1254,629,912,844,1061,745,996,671,1084,868,1319,2361
"gene_142",287,249,305,302,249,169,467,382,259,248,190,199,426,246,235,195,208,183,233,181,240,217,439,293,349,284,242,318,161,377,188,241,179,260,189,172,161,275,119,135,197,183,175,282,156,173,182,125,295,156,266,344,254,95,199,201,309,152,216,217
"gene_143",35,48,50,18,40,64,23,30,30,62,70,57,69,32,35,15,12,59,35,16,55,30,46,46,22,24,24,31,32,4,37,35,18,17,16,14,32,41,23,33,40,34,5,34,32,19,29,24,48,16,15,12,15,21,24,41,19,40,6,26
"gene_144",1722,863,1674,1410,1263,1652,1674,1496,1427,2137,1576,1321,1986,2067,1241,634,1283,2380,1266,1591,2108,1078,1449,2383,1930,1501,1063,2122,1197,1479,1286,1892,1699,1247,1257,978,1103,813,1514,1560,2003,1375,1134,1050,1328,1171,991,1298,2112,744,1176,1650,2106,1111,1905,1403,2129,1253,1393,1474
"gene_145",4,10,30,23,10,1,12,18,21,8,11,6,5,9,0,3,1,0,4,25,10,6,4,5,7,0,15,8,17,8,17,29,39,11,2,5,32,8,1,18,8,24,20,4,14,10,27,30,12,4,23,2,36,30,12,32,28,17,30,7
"gene_146",141,133,60,237,175,203,130,171,103,157,92,56,170,146,229,104,121,127,87,122,115,126,199,185,182,104,174,149,112,165,76,90,85,75,58,84,89,167,113,64,106,196,59,137,108,50,94,93,176,64,97,153,128,149,122,79,170,60,103,172
"gene_147",507,406,844,656,973,424,1016,1059,676,583,477,521,787,518,375,265,525,665,365,282,523,671,822,551,982,921,431,614,658,744,575,680,573,652,333,268,661,809,435,345,650,918,426,908,702,377,627,688,653,561,591,982,1104,877,488,620,1644,456,689,863
"gene_148",7,44,37,33,18,7,23,11,29,28,21,17,30,30,29,4,9,28,17,19,13,5,55,21,58,17,10,10,54,30,7,11,27,17,38,11,32,23,21,24,6,38,20,54,44,22,13,23,27,25,34,25,6,49,33,9,19,40,21,28
"gene_149",335,329,338,257,353,389,358,223,291,575,375,154,456,347,291,290,255,384,254,199,329,258,369,419,319,342,267,367,221,373,414,320,237,301,228,185,320,407,376,227,541,423,424,482,384,349,235,315,376,234,346,304,392,398,404,357,558,295,382,493
"gene_150",30,10,17,34,38,9,17,45,14,57,13,7,17,10,41,6,39,20,23,22,43,20,12,23,14,24,6,7,19,32,27,25,1,55,16,8,27,24,16,39,27,19,14,10,47,5,22,12,14,10,18,17,21,58,28,22,24,53,29,10
"gene_151",165,108,195,184,169,194,175,169,161,357,215,192,284,208,263,114,259,193,106,169,149,223,244,190,182,188,119,203,135,272,148,254,224,385,212,141,228,200,129,249,407,316,218,225,254,265,167,171,307,140,422,523,190,112,222,222,474,130,353,275
"gene_152",20,2,15,22,19,2,10,55,4,11,8,6,26,1,11,37,10,11,13,13,18,22,25,15,13,33,6,29,9,42,22,63,4,43,49,7,9,34,40,35,10,18,23,30,5,12,10,25,32,12,5,74,10,30,6,22,98,8,88,28
"gene_153",763,558,686,1079,676,884,644,1123,759,656,608,679,905,1183,1204,530,771,980,608,902,1306,598,741,971,839,1178,630,974,939,1182,501,821,785,699,623,466,812,880,631,765,946,657,550,942,587,736,641,494,858,373,572,820,1112,748,826,1046,565,549,1015,984
"gene_154",47,3,56,42,35,37,34,93,21,32,38,11,45,55,49,4,44,24,14,21,26,31,23,53,65,39,32,35,40,14,45,58,36,40,35,38,51,37,16,32,44,58,48,24,53,5,15,50,19,17,52,50,9,51,23,45,82,40,24,29
"gene_155",2013,1699,2226,2371,3063,2004,2430,1543,1966,2615,1871,1347,2648,2134,1620,1351,2500,3015,2045,1981,1920,1487,2329,2529,2558,2798,904,1920,1239,2637,2076,2324,2570,2068,1364,1084,1731,2884,1930,2393,2384,2332,1330,2492,1792,1481,1507,1717,3370,960,1855,2623,2131,1351,3393,2183,3611,2292,2462,2666
"gene_156",73,39,23,69,46,72,30,63,21,46,44,21,74,56,63,28,35,34,16,32,41,40,34,56,14,73,28,39,50,77,11,47,26,50,34,30,54,70,20,20,52,47,32,26,50,25,18,30,40,36,20,67,32,37,60,50,39,33,88,85
"gene_157",27,38,53,42,27,59,60,69,20,47,25,33,83,35,132,28,59,94,52,50,44,73,71,31,77,27,53,43,23,54,44,42,77,80,44,39,96,49,31,57,64,55,39,94,47,39,55,46,78,72,58,43,68,63,75,94,56,91,70,42
"gene_158",1385,1389,2566,2937,2559,2569,2979,3875,1906,2227,1565,2504,3100,2302,2484,1279,1919,2248,2598,2903,1385,1450,2115,3622,1988,1941,1744,3028,1927,2530,3002,3357,4154,5983,5117,2249,4975,4349,3129,5059,5007,4003,3740,4934,4565,3105,3951,2434,7526,2419,8653,5244,4899,2691,5545,5211,6751,4253,4373,6508
"gene_159",4166,4015,5024,3544,2715,5463,8104,7398,4976,5865,3870,3541,4868,4778,3755,4567,4635,6179,2879,1934,4057,3182,5620,6432,6434,3558,3611,3128,4141,2737,2901,6375,6124,8600,5877,2661,4341,4954,5066,6098,6513,5711,5277,4997,3669,5370,3176,4168,7644,2431,3578,3839,4575,7556,5455,7938,6804,5246,5886,4715
"gene_160",136,86,81,75,34,50,60,21,86,40,49,51,88,68,75,67,24,61,73,89,29,48,100,110,67,61,85,142,63,73,108,131,70,70,74,24,72,105,41,89,96,68,67,53,68,49,54,87,150,45,108,53,70,82,89,62,173,43,142,123
"gene_161",992,670,1028,968,979,1183,962,1266,1054,941,903,769,897,1101,1160,767,762,1162,728,449,578,786,889,1501,643,748,553,779,674,753,944,1391,1000,888,479,686,1167,1145,1265,761,1519,1229,585,1468,961,553,689,922,1047,589,818,1253,745,1041,1118,839,772,829,1031,1126
"gene_162",49,55,18,46,21,34,146,52,45,72,24,22,50,7,35,31,13,34,28,13,45,49,12,42,33,26,48,7,23,77,53,43,18,43,43,20,21,25,86,44,62,95,45,29,21,45,11,21,48,24,14,51,32,73,72,54,101,44,21,41
"gene_163",151,64,174,95,152,137,98,100,219,95,131,114,146,159,92,58,123,182,135,117,129,171,202,93,144,110,77,120,113,124,187,128,120,82,130,74,112,132,63,82,128,217,70,96,123,146,61,97,138,60,91,100,81,95,81,77,156,66,67,105
"gene_164",146,143,183,106,126,138,164,250,108,176,81,116,314,107,175,134,59,214,97,130,145,57,151,257,251,159,129,99,93,105,147,276,327,108,123,103,106,257,157,164,200,289,105,132,277,78,106,162,319,113,150,236,221,211,177,172,273,192,304,343
"gene_165",4100,3326,4523,6092,3064,3805,3747,2517,5938,3341,4686,3536,4256,3924,4585,2932,3046,3933,3579,4135,3303,2374,4842,5462,3771,4336,4517,2158,2423,4929,4770,5084,3746,4266,2646,2241,3076,4099,5345,4663,4290,5261,2523,5540,4277,1848,4068,3146,3558,2330,3390,4876,2643,4355,6222,5137,6763,4204,6092,4363
"gene_166",2527,1893,2463,3491,2521,2739,2792,3020,2224,3036,3195,1609,2211,3239,2112,1333,2375,2775,2052,2658,2783,2693,2015,3558,3006,3232,2148,2865,2476,1853,2684,3295,1296,3788,1557,1417,3083,3252,2406,1486,2463,2272,911,3553,1963,2340,2413,2136,2872,1885,2720,1950,3179,2681,3448,2433,3614,1524,3506,2319
"gene_167",4313,4688,6483,6560,4726,4860,3776,6148,5374,6476,5110,3872,4548,4359,6206,3362,4813,3364,4900,4789,5736,3119,3690,9239,3377,4588,4672,4065,2813,4064,5268,5870,3179,8587,3679,3088,5164,5580,3867,3213,5670,4815,2341,5914,4438,2845,3329,3739,6130,2734,6295,5239,3999,3483,2912,5771,4601,4366,8573,5115
"gene_168",1278,1549,1417,1986,1479,1590,2220,1627,2312,1270,1088,742,1949,2118,1557,1406,854,1465,1508,1723,2178,1287,1448,1622,2407,1621,1504,1785,1376,1408,1221,1445,920,2585,1737,944,1017,1750,1858,1476,1243,1427,1245,1079,1475,1449,1344,1334,1970,987,1655,1812,1465,1446,1341,1893,1778,1751,2210,1531
"gene_169",23,12,13,54,22,19,53,28,59,21,6,7,48,19,26,7,4,26,6,11,16,4,26,56,17,9,20,27,6,28,18,34,20,42,22,8,19,16,13,12,38,21,13,27,42,41,23,18,55,11,20,44,7,22,29,14,47,32,31,23
"gene_170",25,7,13,37,37,6,21,31,0,17,39,7,15,19,23,13,13,24,10,12,14,19,11,35,20,11,8,17,16,10,32,25,16,4,5,5,32,6,21,12,29,16,13,19,40,10,19,24,30,5,25,19,32,20,27,6,40,15,27,8
"gene_171",48,79,55,65,83,110,87,86,168,106,94,51,91,92,91,46,52,144,91,55,72,55,77,143,105,71,122,93,90,45,62,119,50,67,40,47,76,62,117,55,90,114,37,76,38,66,36,99,160,52,58,116,77,79,80,67,93,70,125,79
"gene_172",2114,1333,2065,2397,1849,1819,2404,1832,2438,2734,2315,1869,1139,1920,2285,848,1297,1988,1899,1792,1575,1518,1632,1721,1561,2886,2219,1900,1517,3012,1494,1913,2125,2917,2340,1037,2658,1746,2189,2799,2464,1674,1744,2791,2546,2309,1753,2014,2717,2307,2320,2280,2380,1852,2050,2529,3858,1888,2321,2455
"gene_173",19,25,23,54,49,33,32,30,24,49,41,27,26,12,30,15,75,18,11,53,38,20,13,21,43,45,10,24,17,8,30,21,39,17,13,23,25,29,54,27,46,16,47,38,24,74,29,29,48,22,22,13,38,66,44,51,22,34,28,29
"gene_174",3812,4140,6746,4251,6193,5179,6440,4356,5939,5639,6350,4126,6503,6712,5941,3266,3882,3564,3504,3971,4566,5551,2855,6190,7216,5494,5300,3403,3757,6347,6335,4833,8092,8235,4765,3409,6276,3524,4145,7367,4714,6538,3982,6715,6661,5652,4083,4156,5614,4479,8806,4573,4901,3085,5270,6924,11327,4515,8713,6731
"gene_175",74,72,150,178,144,76,131,147,104,137,66,95,227,97,94,67,134,155,129,107,95,102,170,162,203,129,74,151,37,177,141,266,117,81,146,101,81,111,162,227,184,152,116,134,176,131,108,148,117,137,182,123,115,216,150,183,195,165,158,187
"gene_176",77,51,88,55,50,29,85,116,130,66,130,59,106,42,82,31,53,55,36,79,53,53,89,57,78,58,77,68,55,66,11,34,13,18,9,5,25,28,8,7,8,18,15,18,15,6,13,33,16,13,13,13,10,7,16,30,42,17,26,17
"gene_177",133,126,153,173,117,73,148,132,152,85,148,73,189,58,108,130,75,152,115,187,96,59,117,114,101,184,79,101,146,157,106,120,154,141,82,66,178,186,110,172,195,65,89,111,131,139,137,110,159,96,133,76,215,42,106,89,113,104,184,150
"gene_178",198,232,256,305,205,178,313,175,187,318,306,207,422,255,210,171,184,426,296,326,272,228,390,290,317,323,328,180,107,390,212,209,186,290,167,99,133,321,239,209,237,200,118,219,358,277,106,226,359,197,165,269,173,149,181,344,309,184,172,194
"gene_179",2301,1988,4008,2104,2705,2594,2461,4117,3339,3348,2875,1151,2229,3318,2792,1018,3607,3353,1975,3074,2127,3949,3515,4934,2015,3269,3091,3303,2965,2505,5913,4734,5314,6034,6076,3176,4964,6477,7280,7041,5286,5982,3996,3754,5923,4168,4217,4554,8709,4487,4547,6549,8601,4936,5260,4876,8230,4443,4172,4436
"gene_180",922,895,1077,866,1691,996,1133,1407,1178,1230,650,815,1287,1201,912,646,916,1040,535,571,887,889,817,1877,1281,1172,882,1131,1406,1394,783,1320,787,1214,755,593,1023,692,923,946,1047,1329,871,1254,1432,910,723,1139,1092,812,845,1490,1328,1239,821,1287,2463,837,722,835
"gene_181",318,268,658,278,556,340,521,505,502,588,607,461,499,344,399,162,547,473,323,333,501,296,403,599,690,347,293,464,328,612,314,557,447,724,550,345,507,560,445,582,394,427,371,607,934,413,438,676,729,389,458,518,511,493,742,679,1098,466,451,650
"gene_182",1266,586,896,1147,1029,927,1008,1597,1084,1456,864,1041,926,1206,507,696,705,1324,783,1175,1145,667,897,1136,1210,715,555,1019,643,779,1085,1646,836,1078,1107,521,886,942,924,1540,1164,1536,788,1768,1142,1375,1276,1077,1486,1055,944,1316,981,1692,828,1250,1510,1371,2238,1492
"gene_183",247,141,273,371,409,183,212,231,211,259,259,287,229,264,97,198,266,268,195,218,131,228,251,370,296,200,140,251,266,329,116,382,203,277,119,92,294,250,287,286,301,200,209,266,242,150,245,305,276,241,150,334,284,251,217,183,521,210,130,250
"gene_184",34,4,27,10,0,12,5,11,1,28,12,16,12,7,27,4,3,6,7,12,1,4,8,28,18,24,26,14,1,23,8,6,15,17,20,6,6,10,28,11,9,15,4,9,8,16,8,18,8,3,12,0,16,13,7,12,39,31,10,12
"gene_185",430,260,882,650,590,483,485,747,785,688,606,530,1172,584,566,335,337,463,536,967,406,555,696,611,737,622,403,519,425,441,408,471,641,469,473,187,470,659,523,431,435,372,441,386,659,499,531,463,514,321,320,425,414,341,494,637,750,574,625,459
"gene_186",821,838,692,818,1021,516,840,717,784,788,811,827,1346,734,644,410,729,809,784,554,955,699,833,666,1228,768,690,1031,537,689,741,396,501,517,422,266,468,456,340,835,543,561,228,583,699,577,650,461,403,488,576,780,745,510,459,417,691,504,436,754
"gene_187",314,344,473,344,498,298,370,518,443,469,475,570,428,487,421,209,224,340,219,244,297,351,623,426,716,224,402,392,265,531,383,257,158,257,334,171,231,476,485,265,280,319,117,450,155,310,315,247,371,232,315,334,266,296,458,379,727,220,543,505
"gene_188",75,44,74,57,34,43,53,40,32,68,61,53,62,82,50,29,63,38,51,42,100,23,45,82,94,33,35,65,61,86,52,83,88,87,121,82,85,113,140,69,120,28,36,63,94,72,133,69,52,59,59,123,119,156,120,114,128,116,141,58
"gene_189",945,524,439,545,602,730,745,933,761,680,621,567,1167,1021,513,684,683,1186,711,549,476,647,886,1311,643,886,926,1050,873,749,728,1390,934,973,785,415,589,1558,931,704,726,1006,497,1288,900,768,564,919,1385,731,733,953,930,688,963,997,1376,581,759,1189
"gene_190",9,2,42,15,41,1,3,28,9,15,6,17,7,21,8,8,18,20,15,5,27,0,9,26,22,13,8,7,16,11,8,19,9,0,4,10,17,8,9,3,19,15,9,6,25,12,3,3,9,10,0,33,15,4,13,12,8,5,9,8
"gene_191",5069,4717,6387,4982,7901,4218,5827,6100,6295,6864,4488,4046,6056,6744,3681,2576,3777,6813,3322,4737,4742,2508,4511,4950,4047,4837,4028,3916,3011,5666,5855,3308,4030,4951,5329,2579,3764,3494,3795,5150,5379,7682,2878,6560,5912,5689,3405,3470,5290,2814,5944,5680,6167,5486,6470,5462,8822,4859,6509,2867
"gene_192",41,56,36,44,25,32,44,83,47,41,44,28,34,52,33,34,29,74,29,16,36,22,34,57,37,46,63,33,26,59,37,12,71,34,35,22,28,22,29,20,62,31,26,36,16,47,20,25,53,78,46,48,46,29,28,61,31,20,15,32
"gene_193",21,16,17,15,23,11,46,37,24,29,30,8,33,27,29,18,22,40,3,23,34,7,14,30,37,26,4,12,14,13,12,11,21,35,21,26,13,15,35,21,19,9,25,53,59,6,44,15,18,25,4,19,49,52,11,6,39,4,35,8
"gene_194",5069,2019,4382,2944,5063,4897,5123,3851,5591,3216,3401,2630,5394,3714,3743,2496,2088,4859,2694,2954,4612,2460,4566,3642,6235,2584,2798,3305,3743,3376,5138,3673,3406,3016,2903,1770,3643,3083,4911,3337,3751,4939,2608,3868,4892,3305,3446,3013,6103,3059,4290,2458,3477,2670,2720,3311,5269,3212,4413,4287
"gene_195",34,79,60,33,74,66,76,55,57,73,43,41,81,98,57,34,68,125,82,42,65,46,59,49,42,62,24,115,36,86,43,68,64,59,57,33,83,53,68,46,80,79,35,37,73,44,96,35,58,48,19,124,53,51,69,44,136,114,67,130
"gene_196",17,23,33,38,25,42,18,31,14,11,36,16,77,25,16,13,35,26,10,25,8,27,30,57,44,44,6,16,26,23,23,13,11,42,56,10,24,24,8,38,7,27,9,29,10,2,13,9,40,13,29,28,25,38,21,18,44,25,29,34
"gene_197",22,18,24,18,28,13,13,40,23,15,48,26,39,19,28,11,27,23,16,45,20,16,28,2,25,19,34,14,7,19,17,8,21,30,13,8,25,13,17,19,18,34,23,40,14,14,8,13,60,22,20,27,7,14,17,5,24,7,21,23
"gene_198",1521,1515,1847,1763,1715,737,1914,1226,1622,1287,1289,1163,1699,1247,1307,1158,898,1332,980,910,1291,1278,1421,1243,1808,1123,1204,1270,1127,1714,1697,1307,1392,1133,1438,459,1680,1579,2598,1971,1184,1443,980,1882,1509,1843,1855,1489,1804,1337,1699,1882,1458,1547,1954,2222,2955,1117,1622,1686
"gene_199",284,300,317,350,342,151,320,462,298,389,449,392,313,197,345,214,316,246,235,240,408,218,454,366,560,340,194,303,298,388,482,568,471,429,518,231,478,351,359,549,398,350,280,486,482,241,335,292,313,320,405,413,442,326,632,562,625,457,671,418
"gene_200",16,3,32,38,34,30,42,19,3,27,1,31,6,15,14,13,5,36,8,19,19,8,12,6,25,19,10,27,13,19,37,39,6,10,11,2,7,16,22,12,17,24,12,24,15,18,17,4,21,7,46,33,26,20,41,23,9,27,18,29
"gene_201",9,4,13,11,6,10,28,26,37,3,7,21,32,9,26,10,4,33,23,8,13,11,18,15,21,7,19,5,19,39,27,7,5,8,25,8,31,20,29,31,13,7,10,13,19,1,13,14,13,9,11,22,5,6,11,11,30,4,11,17
"gene_202",898,739,770,956,759,768,866,1052,752,910,1023,410,1332,926,818,628,592,663,467,675,565,632,1096,1247,1164,890,811,540,538,1034,558,748,498,483,742,522,816,941,579,868,931,792,737,1076,418,756,545,493,1618,897,522,832,665,771,1098,1010,995,786,680,765
"gene_203",39,13,49,58,57,45,83,38,144,92,59,32,37,36,16,29,46,25,31,37,36,44,73,70,87,86,42,88,10,56,46,59,23,48,54,54,25,49,25,48,25,71,21,18,75,59,48,36,62,26,59,84,67,35,55,31,36,54,108,57
"gene_204",14,26,29,20,48,20,39,39,20,54,33,21,49,16,21,22,19,31,30,77,31,10,22,19,68,45,50,33,18,28,34,25,109,41,38,24,81,60,71,33,58,53,35,37,58,50,42,30,37,15,68,70,27,47,42,30,145,45,51,17
"gene_205",235,86,75,112,90,138,103,131,91,60,153,82,156,89,66,55,98,88,79,100,106,88,127,184,93,166,99,159,102,138,159,133,150,151,204,126,108,205,137,272,160,205,102,248,140,83,126,170,225,131,257,263,165,188,280,218,148,150,119,249
"gene_206",15,2,6,1,32,2,6,12,3,2,12,2,9,4,3,10,0,0,1,24,1,3,3,1,3,6,1,4,5,2,10,3,0,0,1,6,11,12,1,1,0,12,0,25,3,0,1,0,5,13,5,5,3,4,2,8,0,4,1,0
"gene_207",9,4,9,19,2,3,17,9,7,12,6,16,3,17,21,1,4,13,1,1,5,2,6,13,12,4,0,25,8,13,3,8,1,6,13,3,9,13,13,1,2,13,0,6,8,12,11,6,13,0,20,10,3,4,1,4,22,2,14,4
"gene_208",317,117,443,415,299,218,234,340,270,289,274,250,368,285,235,160,298,258,228,249,373,259,260,759,361,297,299,354,240,292,297,315,291,169,221,96,284,282,134,200,453,255,168,286,389,291,217,162,240,249,124,424,388,258,264,302,595,236,302,280
"gene_209",0,4,1,5,5,0,16,3,5,2,8,0,13,3,11,3,16,7,4,1,1,0,3,1,3,2,0,17,9,9,2,3,0,7,19,1,3,2,8,2,8,0,2,26,5,4,3,0,2,1,15,1,8,5,1,8,10,2,12,12
"gene_210",246,96,178,266,136,154,134,193,75,174,186,77,154,174,123,73,143,171,118,86,89,63,261,215,229,163,166,117,149,282,209,180,286,177,240,92,138,256,74,128,224,238,85,216,248,93,111,173,254,221,108,152,152,163,192,223,198,227,208,145
"gene_211",48,67,73,55,65,62,55,89,85,66,52,48,131,91,54,25,46,108,23,116,51,57,90,115,126,96,54,53,66,89,75,92,17,95,44,95,110,84,52,83,80,94,61,101,68,83,81,48,176,31,60,86,148,32,83,160,138,41,49,90
"gene_212",872,1757,3035,3757,1776,2251,2992,2469,2651,3376,1576,2215,2246,2206,1835,1827,1513,2400,1342,2554,1791,1527,2784,3069,2825,2048,1690,1740,1879,2071,2465,4077,2469,2369,3115,1358,2132,4744,2313,3025,3801,3217,2265,2007,2553,2636,2903,2796,2819,2833,2554,5902,4129,3041,3971,2968,5779,2729,3363,2790
"gene_213",36,10,28,25,32,9,45,41,44,11,14,20,26,40,96,32,58,24,10,18,18,15,32,53,40,61,25,33,15,46,88,36,24,54,37,26,29,50,46,44,93,52,32,44,35,49,39,43,46,32,41,56,40,71,33,36,67,34,83,39
"gene_214",22,25,79,68,11,35,37,49,31,49,6,17,94,9,52,21,48,31,17,69,20,43,41,18,57,51,60,13,17,56,73,67,84,55,89,30,16,29,42,50,15,134,60,54,81,66,46,16,120,67,33,158,94,89,34,46,104,70,110,174
"gene_215",90,65,123,57,66,110,70,40,61,151,100,85,174,133,105,99,75,124,88,101,78,137,202,74,118,82,102,74,83,57,166,63,35,92,122,43,95,192,101,54,52,71,97,95,87,107,109,66,148,73,88,162,116,121,221,94,331,133,121,118
"gene_216",302,95,306,245,253,234,290,145,243,220,230,208,386,309,190,185,288,185,359,212,242,246,106,276,341,267,147,179,104,261,209,296,221,446,169,219,166,385,219,283,143,395,203,282,354,172,207,234,241,205,343,396,401,300,248,325,301,192,342,337
"gene_217",45,11,34,61,39,13,37,28,8,28,15,25,28,16,21,19,19,39,22,18,47,20,31,49,22,46,22,24,17,26,30,38,13,20,16,18,27,27,20,21,30,40,26,30,28,21,15,33,36,17,24,31,26,67,41,7,24,25,12,42
"gene_218",673,1074,774,1302,728,756,781,1735,766,1152,545,729,930,1500,501,627,776,731,580,627,884,523,737,987,702,431,552,746,651,983,742,628,646,449,775,416,1014,1131,472,925,825,876,470,931,891,488,1112,420,615,464,756,628,657,618,662,1009,1226,505,817,1077
"gene_219",185,154,113,336,235,251,170,469,221,305,365,299,310,169,260,230,195,313,212,200,230,99,487,269,391,220,235,206,235,240,192,224,215,247,128,151,228,235,102,201,282,144,182,247,237,174,182,160,328,141,192,276,220,244,246,244,345,219,303,316
"gene_220",120,140,120,152,187,161,295,171,117,185,170,127,122,180,187,81,150,122,87,93,89,142,166,142,124,137,66,226,93,183,120,184,148,126,133,60,129,170,87,165,149,312,142,331,300,156,166,187,200,126,216,201,266,194,212,211,327,198,211,146
"gene_221",862,506,720,1176,775,933,1305,685,1115,1040,901,631,1280,1443,831,499,917,583,1056,994,695,644,1308,1079,1402,862,777,789,770,926,646,887,525,722,621,487,1007,1073,289,649,963,823,488,1287,668,766,617,618,1029,519,514,702,730,430,838,803,1316,612,606,1042
"gene_222",1339,613,1644,1749,1804,813,1694,1996,1273,1679,1854,1002,2033,1288,1284,1016,1057,999,1428,696,1420,1196,1782,1697,1103,1414,1224,1176,768,1248,1301,1331,1519,1659,1085,508,1457,1241,886,1105,1639,1809,842,1291,1435,1374,1005,830,1426,935,1435,1328,1038,981,1603,1357,2026,1318,1284,1463
"gene_223",14,12,16,3,57,26,34,2,13,15,21,6,29,18,22,30,16,32,51,8,16,7,56,29,34,15,4,10,11,5,5,5,19,21,19,8,15,57,48,14,7,23,7,9,5,9,29,11,15,37,16,15,14,18,27,33,29,38,23,25
"gene_224",52,26,37,60,36,67,48,35,31,92,28,7,79,31,37,7,33,37,31,39,34,20,31,75,65,70,32,25,22,21,37,45,61,25,49,46,49,43,42,17,21,33,26,18,45,26,52,44,111,17,71,23,23,44,16,31,6,47,73,55
"gene_225",26,9,13,9,16,4,23,22,13,23,17,30,20,16,14,19,5,4,13,10,21,18,13,39,37,6,19,5,23,23,33,45,21,10,3,17,49,28,14,40,6,19,26,17,43,11,21,29,25,5,11,1,24,13,8,4,8,25,50,39
"gene_226",534,380,408,639,334,483,446,459,343,591,326,189,477,560,556,271,351,458,322,555,335,391,482,444,546,460,431,615,296,551,378,530,542,402,441,258,424,707,381,534,419,326,289,486,607,365,354,472,341,308,313,434,372,329,604,464,516,389,332,244
"gene_227",193,180,168,226,103,174,171,444,262,343,307,203,358,129,105,89,129,235,213,191,140,149,134,212,136,228,134,193,185,270,302,226,249,425,236,246,179,192,204,307,274,167,183,192,254,172,126,253,248,217,184,265,284,266,177,275,349,174,257,217
"gene_228",15,5,17,12,19,14,19,6,13,11,4,8,20,55,6,1,3,8,3,22,39,9,8,10,26,43,27,15,12,9,7,5,2,8,11,12,9,18,15,6,29,15,13,24,12,40,15,11,15,13,4,17,40,9,14,29,32,11,8,40
"gene_229",168,54,96,149,90,100,200,110,116,32,37,36,87,100,161,64,125,131,56,117,96,76,127,139,142,142,53,71,122,96,97,75,72,96,104,36,129,107,43,65,55,59,41,76,65,120,97,56,70,51,92,164,81,58,87,81,114,84,99,134
"gene_230",224,370,400,514,313,344,349,359,495,432,375,189,624,296,407,176,332,433,338,381,235,181,339,407,422,380,356,512,291,312,335,371,718,350,244,296,314,291,228,289,338,433,269,509,346,282,370,396,455,178,307,505,356,263,318,652,591,413,517,256
"gene_231",32,63,31,35,53,18,61,48,10,46,66,31,56,72,24,43,10,10,28,54,47,42,25,86,19,41,27,56,55,62,48,40,47,59,44,27,71,37,56,43,48,35,25,44,73,28,84,60,55,31,29,71,65,76,55,22,32,47,23,48
"gene_232",13,57,46,58,82,54,64,48,75,48,32,41,44,31,57,29,69,43,30,64,40,48,53,61,30,37,12,32,24,22,50,47,19,71,70,32,44,71,17,35,76,35,10,46,30,42,46,27,73,53,19,89,70,68,27,54,90,25,70,57
"gene_233",10,5,7,8,16,14,33,13,8,14,7,5,9,18,11,6,15,19,21,14,22,21,4,29,6,2,16,6,6,12,19,9,7,13,5,4,11,21,27,14,3,16,6,11,21,20,2,20,12,6,0,20,10,11,11,16,6,12,4,8
"gene_234",35,37,48,25,56,29,49,25,46,41,58,29,71,26,32,25,9,42,20,25,17,33,22,36,172,37,33,45,29,29,21,19,44,61,34,12,65,60,37,46,15,30,30,66,26,39,29,94,41,55,39,49,72,46,34,48,69,26,63,74
"gene_235",685,520,841,587,809,855,639,982,603,660,852,441,746,1071,730,416,550,871,865,661,911,446,712,839,1411,513,686,990,481,825,881,1078,809,1055,786,236,804,1188,836,771,689,826,558,1022,896,530,775,526,710,545,796,968,680,686,727,782,873,846,992,1096
"gene_236",0,11,1,26,5,4,15,0,9,2,5,2,6,5,0,2,7,5,2,5,1,3,7,10,1,14,1,20,1,1,15,15,23,4,0,1,4,0,8,22,4,1,7,7,10,0,9,2,17,20,4,7,7,11,2,13,3,4,6,12
"gene_237",393,212,553,509,300,216,639,457,283,277,325,280,496,395,294,185,239,425,263,294,472,143,656,775,286,360,314,281,219,622,247,404,301,176,311,196,328,244,303,548,485,363,293,380,299,218,285,223,441,230,273,338,416,188,365,256,385,354,289,238
"gene_238",31,25,65,36,52,29,24,29,46,35,26,39,103,22,51,28,42,16,13,14,33,53,68,36,30,61,45,48,41,32,50,21,20,37,20,12,30,45,27,25,35,51,25,22,23,33,32,42,38,12,31,39,45,28,45,27,22,12,52,70
"gene_239",1428,863,987,1158,959,1067,1099,1359,2242,935,786,637,2033,1027,1147,716,1013,1372,1091,1665,1155,663,1020,1528,1306,897,1082,1209,1082,1633,1022,789,1211,1374,953,703,1788,1296,1672,1439,1164,2029,904,1537,1516,702,1050,1199,1542,1388,1335,1276,1409,1391,1547,1210,1547,1380,2049,2846
"gene_240",251,166,271,279,164,212,221,445,176,406,223,174,285,272,279,150,280,291,109,162,217,216,195,292,219,179,166,94,168,232,150,303,225,305,213,84,143,341,118,229,332,179,153,256,298,305,273,148,183,196,269,227,247,241,221,217,391,278,232,325
"gene_241",198,179,287,262,214,197,181,129,260,259,182,216,289,132,241,125,223,236,152,166,190,252,212,419,266,244,179,214,161,221,1017,1037,922,1141,654,593,1193,1149,736,888,1175,1843,702,1099,1522,1040,891,730,605,656,781,1279,1106,1098,1173,1396,1641,739,1540,1141
"gene_242",336,130,339,275,439,287,404,389,453,256,395,219,378,315,290,140,316,236,192,232,288,160,366,215,325,303,200,210,231,448,235,320,175,488,374,189,280,321,270,411,395,404,195,376,260,197,221,282,344,130,315,403,232,222,247,251,327,184,316,400
"gene_243",12,10,12,21,6,13,17,37,54,48,2,19,20,40,25,7,8,28,26,16,29,5,20,21,20,8,13,6,3,17,20,13,11,27,8,11,14,10,11,19,31,23,16,16,27,9,22,3,11,17,25,9,23,37,37,31,22,2,19,18
"gene_244",462,491,807,647,775,771,606,762,551,590,821,317,1395,548,427,392,360,563,451,702,464,324,458,720,884,518,511,572,523,968,834,974,748,689,619,593,625,1104,790,625,997,885,354,520,795,669,870,540,784,546,479,940,845,571,476,862,1262,948,609,1183
"gene_245",513,385,589,575,480,495,598,765,649,739,761,637,816,448,673,455,444,663,382,658,668,679,446,590,468,488,487,567,404,578,698,1321,901,496,491,263,593,591,843,902,904,824,420,1074,759,807,615,719,865,574,555,387,900,701,1050,1190,1377,798,587,1313
"gene_246",5,2,16,15,11,8,5,5,1,3,3,0,3,3,4,0,0,4,6,4,3,0,14,3,12,16,2,4,4,26,5,5,11,7,3,0,2,0,8,1,1,2,7,3,0,0,1,7,3,0,6,1,5,6,4,2,35,0,7,5
"gene_247",4865,2972,5155,3927,3521,5708,5600,4742,4201,3988,4208,2669,7150,4495,5663,3550,3381,5078,3186,2901,4662,4652,4004,4213,5174,4409,5658,5119,5487,4766,2695,5140,4929,4543,3258,2513,3086,5102,2468,7424,4869,4993,4487,5208,6896,4324,4475,2312,4757,3437,3613,6223,6876,3569,4354,5307,4283,3637,5941,5504
"gene_248",1956,1369,1108,1878,1102,889,1855,1869,1610,1417,1123,1231,1388,933,1548,564,741,1776,875,1434,1471,620,1176,1815,1394,1009,806,1178,1128,1656,1803,1768,1491,1432,909,973,1613,1847,1460,2157,1471,1540,1362,1790,1573,1291,1487,1129,1381,816,1609,1046,2364,1061,1694,1631,1714,1919,1781,1671
"gene_249",607,506,1091,801,929,878,1250,997,979,1202,1257,974,1162,786,979,582,632,851,1258,960,852,645,905,1193,877,763,1329,802,665,740,1378,939,1052,969,790,473,465,893,715,1551,1029,1309,600,754,1116,951,805,904,1027,669,968,857,884,1038,1353,716,1120,828,2156,1362
"gene_250",498,357,500,686,327,208,230,682,509,384,447,292,629,292,368,458,312,452,400,538,217,343,433,575,464,434,319,288,402,355,545,482,554,249,244,326,408,432,305,337,393,539,313,511,391,209,325,295,469,217,368,390,520,522,369,470,636,291,349,406
"gene_251",32,7,12,16,12,10,15,22,11,6,8,15,13,17,7,12,4,4,3,13,7,4,4,13,2,13,6,7,8,21,13,7,29,25,17,5,8,14,15,9,13,12,6,9,27,15,14,5,11,20,4,11,48,31,25,14,19,30,3,7
"gene_252",378,268,399,484,373,333,265,356,387,249,480,224,352,311,224,216,264,295,392,328,355,181,297,279,425,341,264,413,143,351,458,410,598,221,384,332,332,453,207,462,514,714,370,387,869,443,228,238,438,322,514,580,537,488,457,219,711,474,419,548
"gene_253",113,48,44,76,72,55,84,107,71,85,93,44,66,144,124,81,45,101,56,47,126,41,82,49,46,91,37,114,71,52,437,200,237,339,430,159,541,432,292,381,458,526,172,329,126,206,236,561,262,226,175,492,431,387,411,258,703,201,270,487
"gene_254",31,9,14,5,15,16,5,17,7,1,21,5,17,7,2,19,7,21,6,8,10,12,9,15,13,26,4,2,8,5,10,7,21,7,16,7,2,8,9,5,6,11,3,22,14,30,0,3,5,4,1,3,0,15,6,19,41,22,7,5
"gene_255",22,8,11,21,20,22,10,10,74,10,12,9,14,21,23,4,25,3,9,16,3,24,19,15,35,9,7,7,21,10,18,27,50,3,15,12,31,12,14,27,25,11,7,11,34,21,4,21,27,22,12,19,21,13,9,4,10,14,14,28
"gene_256",11,10,54,3,15,9,5,29,15,45,18,8,33,22,28,6,17,2,3,12,4,5,18,6,13,6,12,11,12,9,16,4,16,9,7,0,8,12,14,29,22,6,1,18,23,24,7,16,21,10,4,13,13,19,15,2,17,9,22,10
"gene_257",2,4,7,6,0,4,0,3,2,6,7,6,5,12,1,3,4,4,18,7,8,3,0,2,3,3,0,0,8,4,0,3,0,8,4,3,0,4,1,3,11,3,3,1,12,6,0,0,2,4,4,1,1,1,0,4,25,4,4,2
"gene_258",4464,4264,5254,4915,3429,4200,6297,5012,7555,6894,4363,2990,7445,4018,6246,3559,3639,6375,3967,5016,2583,3500,6449,5195,8086,5054,4135,3914,5027,3674,6176,4898,4093,4541,4625,2307,3907,5804,4328,2619,4771,3881,3857,5860,5611,3263,4352,3409,4798,6695,6069,4450,6628,4121,3982,6976,6527,4135,7727,6531
"gene_259",584,243,564,769,792,473,810,552,757,870,679,421,543,730,645,357,790,707,366,349,786,382,531,652,625,487,464,509,369,560,403,375,340,655,455,251,588,519,594,317,610,639,354,510,500,273,304,532,499,467,571,863,691,442,419,590,656,188,559,976
"gene_260",17,0,18,1,4,4,1,6,11,6,10,1,20,8,8,0,3,3,1,19,14,13,6,10,3,10,0,7,4,2,4,1,5,5,14,2,4,30,34,36,6,8,5,15,19,6,5,9,3,0,2,1,2,12,24,4,8,6,8,11
"gene_261",1368,1108,871,1336,1451,932,1290,1116,2005,1379,608,918,1008,1129,1464,541,1069,937,857,1298,1271,1206,801,1790,933,1636,917,841,656,940,1233,768,973,1055,1356,524,1206,777,880,1104,1616,1353,638,1288,1092,838,1038,1418,1274,979,1028,1219,880,760,1439,982,2343,1087,1119,1308
"gene_262",531,401,662,740,465,472,709,672,694,773,847,480,640,643,689,387,660,274,681,456,693,538,429,563,606,550,487,784,480,601,800,810,729,709,703,322,748,913,566,630,596,934,593,1026,682,355,717,501,818,597,544,556,570,556,590,572,1129,621,961,1162
"gene_263",8,14,51,28,22,36,35,47,37,20,28,38,24,42,26,10,9,21,27,9,4,32,31,92,16,42,17,46,53,18,11,11,8,10,2,10,3,3,10,19,13,14,9,31,10,3,9,16,14,6,19,10,13,10,10,23,25,3,19,11
"gene_264",23,17,27,38,26,51,77,33,39,12,46,51,62,24,65,29,39,89,37,14,62,28,22,42,23,36,22,40,27,63,43,89,32,50,43,14,36,25,29,115,39,101,58,103,68,30,60,70,35,21,45,84,82,31,61,114,129,51,104,67
"gene_265",98,20,67,90,26,87,87,32,47,42,84,62,128,102,70,51,66,58,57,34,20,23,141,79,86,51,26,36,24,52,86,34,61,35,41,27,74,40,43,71,39,61,28,49,70,42,41,51,45,16,46,62,41,43,36,68,57,45,40,90
"gene_266",2388,1835,2811,3299,3220,2922,2424,2295,2823,2545,2849,1514,3417,3671,3156,1450,2541,4660,2242,2411,1733,2157,3193,3795,2708,2648,3638,2531,2449,2414,3555,2227,2800,2546,2228,1970,2194,2458,852,3362,3668,2887,2139,2976,2589,2104,2447,3727,3649,1311,1767,3422,3357,2301,2879,3370,4165,2771,4020,2772
"gene_267",230,240,353,204,332,177,491,349,260,412,198,204,402,296,165,100,221,297,153,279,305,211,243,231,176,262,248,279,137,114,191,481,200,358,244,256,238,455,186,451,418,304,257,314,568,249,269,213,393,231,319,361,442,269,319,366,415,365,258,589
"gene_268",74,36,29,29,50,53,43,40,56,58,25,32,45,32,54,41,19,27,40,25,65,32,42,39,74,26,74,29,58,15,28,49,53,76,36,35,31,32,40,70,29,79,47,48,9,19,16,59,22,30,36,72,36,19,27,54,70,35,58,38
"gene_269",2637,1840,4566,4022,2599,3486,3221,3507,3441,4629,3363,3326,2919,2961,2991,2540,2279,3492,1926,3087,3587,2287,2765,4017,3176,2017,3291,3617,3341,3137,2139,3742,2909,2547,2798,1582,2107,4274,3107,3698,2015,4054,2762,3393,2795,4202,1999,3264,5161,2186,3263,3401,3497,2722,2718,1973,5136,2820,3191,4644
"gene_270",4297,4021,3216,3108,5585,4433,5082,5493,4406,6607,3610,4591,9580,3874,2627,2532,3724,3318,3848,3616,3422,3991,3964,7117,6695,5619,5049,5835,4953,8084,4125,4268,3142,2308,1919,2302,3380,4097,3249,3968,3244,3408,2141,3220,4689,2667,3632,3487,4253,2430,3534,3302,3683,2962,2890,4483,8028,2869,3233,2173
"gene_271",56,22,81,30,36,41,114,64,34,58,65,39,102,44,38,33,39,35,61,56,59,68,32,42,76,22,16,87,51,64,36,98,29,30,52,19,68,110,38,47,113,51,33,64,28,67,51,52,35,36,41,142,46,52,101,63,185,138,65,47
"gene_272",40,17,27,62,46,38,65,33,76,50,59,31,26,31,36,22,13,29,36,30,23,33,39,30,83,54,25,28,5,42,42,24,56,71,56,46,47,14,54,52,52,55,49,38,41,46,53,38,73,19,66,43,42,48,49,41,52,56,31,69
"gene_273",2,24,8,4,7,17,10,1,15,10,9,3,0,1,4,8,6,12,4,17,3,9,8,1,3,12,4,3,6,5,6,3,3,7,3,0,6,8,4,12,12,1,8,13,12,7,3,7,5,8,22,13,28,2,10,9,16,3,14,3
"gene_274",85,53,141,153,143,91,113,215,132,155,98,149,159,173,165,74,127,159,110,136,87,124,194,126,171,75,148,57,123,120,107,93,144,198,85,60,78,110,206,164,112,160,92,110,188,116,97,132,71,59,87,153,135,175,156,122,148,155,83,215
"gene_275",19,37,77,72,85,45,43,45,39,71,31,42,45,36,33,50,46,57,23,19,28,29,56,14,44,39,44,75,31,53,25,78,59,56,53,24,24,67,38,102,78,78,21,57,62,26,77,85,36,31,50,32,64,89,20,63,72,51,64,60
"gene_276",73,50,120,101,141,51,83,154,95,81,45,45,150,137,133,13,60,86,69,68,78,92,101,121,106,92,90,62,65,93,53,92,92,95,114,92,111,66,71,136,151,92,92,86,88,29,111,113,196,151,118,150,180,51,107,97,192,121,91,86
"gene_277",42,35,38,87,18,24,52,88,91,49,67,79,66,71,50,55,60,30,23,49,43,20,76,33,69,37,42,56,16,64,129,84,54,49,63,24,46,92,58,59,92,151,41,79,69,90,35,8,90,54,49,55,98,22,64,66,137,55,88,77
"gene_278",1282,1077,1267,1451,1126,924,1408,1044,1128,1682,1307,701,1592,1133,1330,638,901,1354,939,1335,1124,909,1037,1254,457,809,864,1051,988,1158,889,1218,985,1031,1326,489,1246,1269,1211,1532,2044,1340,1044,1340,1414,900,812,1246,2229,845,1613,1384,1599,946,1662,1085,2284,1724,1906,1493
"gene_279",4309,3247,6880,3533,5277,5881,3449,6768,4999,7207,2842,4789,4505,4039,6823,2773,3148,6247,4176,4405,5830,4778,5604,8194,6292,5156,4183,4156,3158,4395,1669,3803,4714,4916,3356,2245,4450,3219,4984,4768,6005,4710,2280,5559,3601,3851,4140,4806,3950,3524,4119,4249,7416,4330,3673,4359,4838,4217,5284,5443
"gene_280",5486,3608,6117,5721,5796,4827,5680,5366,5468,7738,6044,3561,8392,4926,5017,3013,3121,4417,4374,3587,4222,3596,8881,3389,5646,6685,2929,4278,3189,6225,5417,5326,5178,3869,3113,3444,5275,6140,4770,7430,6514,7738,3574,4544,4175,3007,4836,4582,5683,4452,3989,4629,5342,3444,6858,5869,11144,4558,6866,5615
"gene_281",661,508,1251,714,639,499,477,799,683,1076,749,346,607,642,754,593,518,774,688,656,511,290,616,918,858,741,484,653,671,977,441,430,490,523,243,425,434,500,441,664,511,758,412,588,527,417,453,417,606,376,439,349,481,457,354,642,1107,712,649,455
"gene_282",4,30,48,43,24,31,3,53,48,11,29,27,38,27,34,7,20,19,16,22,18,38,36,38,4,56,14,17,21,34,12,21,14,20,31,3,18,15,14,31,8,23,18,24,14,30,17,9,21,10,18,21,40,5,15,33,19,28,17,35
"gene_283",131,109,177,142,211,122,161,200,200,224,95,73,284,105,138,52,59,148,118,105,96,59,132,123,162,156,95,162,77,125,88,63,92,143,92,32,99,130,142,91,115,140,64,118,127,133,74,85,140,89,133,94,123,66,152,100,137,44,136,103
"gene_284",30,55,29,42,20,38,71,117,33,171,55,19,52,107,24,19,17,104,24,39,27,25,57,38,62,52,19,36,56,45,28,57,53,19,55,17,31,39,71,78,76,42,49,35,63,72,42,41,29,25,50,43,51,63,55,35,65,42,79,88
"gene_285",46,33,18,12,26,11,26,44,27,46,60,38,30,25,45,12,17,38,29,25,43,35,14,100,30,41,43,63,32,54,52,47,43,52,42,28,69,75,74,64,103,59,32,38,35,17,30,14,85,84,93,33,70,60,38,57,53,96,67,85
"gene_286",90,79,111,27,54,127,36,123,35,53,80,77,48,85,54,34,50,81,72,102,76,44,41,17,84,61,56,58,45,89,118,77,77,115,43,22,28,70,47,49,32,62,51,48,75,57,28,40,93,36,54,139,70,62,78,68,93,67,44,91
"gene_287",4328,3970,4308,4095,6032,4778,7220,4943,6542,5291,8545,5151,8253,6168,3184,3453,4964,5158,4182,3674,5083,5290,5325,6245,5102,5785,3798,5513,4242,5234,6831,6633,9584,8209,3629,4024,4772,6283,6658,7358,3689,9410,5394,8837,7885,4720,4962,3478,10246,5981,4373,7973,5265,7477,10037,5900,14863,7044,7062,9543
"gene_288",158,168,183,309,157,209,207,151,194,223,161,182,162,168,213,180,196,372,184,268,160,101,206,282,212,224,181,217,124,271,276,125,313,195,183,168,142,371,166,169,347,198,134,482,285,137,313,198,166,168,219,189,133,209,232,207,248,188,198,263
"gene_289",5106,3885,5198,5128,5470,5138,5936,6854,7009,5671,3745,3487,5707,7823,5992,4612,5327,6488,5420,4205,4723,4442,4264,4316,5960,4044,2715,5916,2838,5166,2655,4626,4870,5116,4448,1956,5464,5504,4058,5131,6169,5708,2147,3565,3298,3470,4792,3044,5774,4217,3570,3992,3123,5122,5307,3928,8681,4518,5828,7369
"gene_290",239,117,95,123,196,110,147,192,94,234,210,206,207,172,98,88,150,229,86,107,161,127,172,243,174,141,162,163,111,174,176,150,243,197,220,148,167,272,200,173,167,170,255,142,287,205,178,116,134,134,242,171,246,165,192,191,483,274,284,109
"gene_291",89,74,150,130,90,72,165,135,204,87,107,67,278,149,115,40,87,115,97,150,53,90,126,138,165,69,110,182,118,102,133,154,82,124,144,75,88,115,94,124,103,185,95,123,116,115,85,125,122,57,126,154,100,149,101,234,159,123,160,98
"gene_292",0,1,3,3,7,3,6,4,0,11,0,0,5,1,6,0,7,0,9,1,6,6,2,2,0,4,9,4,11,1,2,2,0,0,0,3,9,5,4,4,7,2,0,1,3,3,2,3,13,2,1,0,1,2,2,4,7,1,4,1
"gene_293",241,198,199,159,182,233,154,251,294,223,214,145,342,153,219,131,111,137,182,141,53,132,212,294,213,237,303,161,113,158,133,212,131,223,150,79,333,166,102,148,152,194,114,151,87,128,173,143,211,149,275,211,155,198,157,316,186,162,169,178
"gene_294",75,37,100,116,129,61,100,165,85,153,114,109,96,90,125,58,96,59,44,106,90,170,75,121,50,61,129,141,112,81,79,116,148,87,157,44,136,201,170,101,134,161,93,123,104,133,94,128,160,64,51,130,201,97,148,132,149,113,153,127
"gene_295",35,23,10,3,44,16,8,23,21,27,18,9,25,16,6,9,1,13,12,25,2,6,35,14,18,20,5,4,1,9,34,4,65,12,20,14,21,24,11,26,31,10,4,18,23,11,11,14,11,24,0,24,22,17,12,23,39,52,23,19
"gene_296",445,287,236,513,409,447,503,340,289,473,397,229,583,508,482,177,324,414,301,538,347,330,322,432,366,640,285,436,355,273,132,121,165,64,61,80,101,83,107,55,91,130,94,99,121,85,121,120,98,104,83,111,157,85,102,138,179,92,187,112
"gene_297",3974,4488,5357,4302,2783,6201,5826,4972,4518,8940,5802,3597,7338,6535,6588,3281,4241,4867,4356,4320,4889,3660,4338,8109,4848,5872,3235,4763,4203,6773,7338,5976,6863,4336,3847,3390,4845,3476,4930,5326,6512,6504,3101,6353,4576,5346,5204,7616,6021,4286,5288,4368,4438,3488,6599,6273,6484,3503,6306,4490
"gene_298",29,1,8,1,16,10,13,18,14,13,33,3,15,4,9,5,0,16,7,5,0,4,23,24,1,33,20,5,10,14,2,4,23,12,7,9,14,8,23,10,1,30,3,0,15,12,7,2,55,4,4,5,22,51,16,9,45,14,22,35
"gene_299",81,59,69,61,82,42,76,58,73,39,83,40,93,46,50,36,69,74,59,46,30,44,81,84,48,62,32,62,45,75,118,79,79,126,140,58,25,109,87,160,82,101,33,108,141,102,109,88,155,93,107,79,157,86,70,66,118,139,100,91
"gene_300",43,32,53,59,21,39,16,41,77,65,14,26,89,30,39,28,55,29,29,16,33,22,40,65,60,21,47,49,28,50,39,34,35,34,29,18,43,32,39,35,26,72,18,9,23,45,28,7,18,46,29,16,49,52,25,42,116,34,74,42
"gene_301",59,61,36,134,15,76,86,45,28,85,89,47,144,120,55,86,32,58,35,56,36,53,53,120,110,52,53,106,42,56,38,34,30,29,68,41,65,59,26,85,86,36,37,81,53,49,110,33,94,53,49,100,84,77,39,65,61,57,79,80
"gene_302",54,43,72,80,57,18,26,44,63,28,51,23,50,35,63,33,17,61,76,68,33,51,23,45,41,48,33,16,41,20,29,50,68,26,29,20,66,45,92,57,50,32,29,37,31,56,34,30,57,40,18,40,34,47,73,72,121,28,53,86
"gene_303",10,8,11,5,2,4,11,14,5,12,7,15,16,9,5,6,25,21,17,17,13,4,12,29,18,27,6,8,9,17,12,2,36,9,4,10,13,34,19,13,4,16,34,5,22,2,6,28,11,15,5,22,19,21,54,9,7,9,16,8
"gene_304",588,540,722,550,649,535,425,715,435,452,401,251,625,631,650,183,368,344,371,461,465,418,532,695,478,452,393,336,619,484,711,619,729,729,493,404,863,919,628,690,964,762,479,938,574,566,508,495,431,505,591,1050,720,379,1045,607,1023,351,756,633
"gene_305",34,58,74,61,48,67,70,148,32,50,53,59,61,71,59,32,30,69,40,26,41,56,86,76,64,24,21,58,54,80,63,103,55,33,42,38,65,29,53,110,52,66,28,58,40,52,60,26,64,23,22,81,46,55,69,43,83,70,82,62
"gene_306",309,394,586,409,657,574,672,322,606,439,422,291,543,539,427,242,332,333,280,400,313,383,509,587,561,400,384,428,267,623,402,328,416,214,271,202,371,339,318,347,338,538,218,317,574,399,318,438,475,177,428,415,620,370,337,336,467,235,599,497
"gene_307",198,122,203,171,276,154,136,191,111,89,152,81,141,93,109,70,145,193,93,95,114,132,164,149,212,51,124,112,196,137,154,160,146,83,110,65,63,140,115,145,73,179,76,123,136,74,136,160,132,97,73,164,106,95,106,65,176,80,103,105
"gene_308",32,34,24,61,31,38,31,50,23,49,34,13,46,47,31,42,37,44,23,9,27,34,34,49,46,13,14,57,29,14,33,43,21,22,24,20,39,32,24,24,46,36,12,37,53,44,29,23,37,21,7,53,65,46,27,22,46,42,73,15
"gene_309",134,109,202,225,188,159,174,199,121,189,152,88,243,152,163,125,142,223,211,135,97,240,143,202,149,234,188,220,189,245,112,297,193,184,239,116,256,238,157,330,128,182,133,271,239,177,141,190,256,161,146,169,178,272,219,268,319,130,220,225
"gene_310",1332,884,1239,1787,1426,910,1268,1771,1624,1094,992,818,1510,1184,1015,645,1054,1462,1209,1320,1084,896,1231,1291,1497,1474,704,1175,957,1336,1270,1200,1039,1212,1096,798,1131,1122,962,1061,1671,1406,761,1371,1354,1024,1210,1611,2008,725,1503,1279,1341,1294,1441,1485,2249,776,1736,1247
"gene_311",3,3,0,3,1,6,0,9,7,7,12,5,1,3,5,0,9,1,1,14,10,0,1,7,1,3,0,2,3,6,1,4,2,2,1,7,3,0,0,6,12,14,8,3,1,0,1,0,20,2,8,4,19,2,13,10,9,8,6,11
"gene_312",5462,3567,6552,5343,4800,7202,4331,4532,4579,7893,6085,3905,6242,5856,7138,2899,3832,4412,4195,6959,3527,3373,5173,5911,3458,4138,2731,4203,2709,4426,6503,3679,3506,5991,3492,2685,5569,6713,5370,5008,5113,6874,4798,5387,3637,5205,3636,5755,4745,3650,5235,7140,4229,3823,5376,3720,8969,4661,6706,7056
"gene_313",3,1,9,1,10,0,8,18,0,5,0,6,11,0,2,4,1,8,4,2,6,1,0,0,5,1,0,1,0,3,5,1,8,4,17,0,6,6,17,3,1,12,8,2,7,0,6,0,26,3,0,4,12,6,22,19,0,17,5,15
"gene_314",62,33,27,58,57,68,37,173,40,54,92,47,59,53,58,45,39,92,92,33,46,56,77,63,81,31,37,28,64,24,37,49,32,75,88,29,24,57,126,68,93,59,18,38,33,65,51,73,52,63,98,69,106,59,62,95,64,60,53,72
"gene_315",366,101,155,153,106,163,218,188,150,173,207,153,281,235,188,110,201,234,131,144,260,132,200,131,215,199,146,125,178,135,267,281,158,234,224,145,90,251,154,185,158,185,101,229,242,232,134,208,213,110,220,250,229,259,187,243,182,188,139,274
"gene_316",163,55,194,178,167,117,167,251,99,90,184,165,152,126,113,96,117,204,137,155,96,165,226,196,120,151,129,106,86,185,78,208,97,198,165,129,276,155,124,168,234,203,138,228,85,171,158,139,279,52,139,103,283,98,140,112,309,134,233,147
"gene_317",1,1,10,4,0,3,11,6,6,5,0,4,9,2,0,0,0,2,3,1,0,6,1,12,2,15,7,2,8,25,5,6,5,2,1,6,3,1,0,1,0,4,0,13,15,1,1,16,2,5,0,2,17,3,4,10,5,1,7,12
"gene_318",8,5,1,12,26,22,5,17,24,1,4,0,14,14,5,4,13,10,9,6,10,6,4,15,7,3,1,2,5,13,7,38,13,11,4,8,13,18,3,12,29,49,7,16,6,7,18,3,14,15,23,10,1,15,14,13,31,9,30,12
"gene_319",63,62,63,103,99,98,60,145,66,131,54,60,195,46,77,31,90,96,93,51,80,81,59,141,105,66,70,79,93,142,118,88,135,97,56,42,76,92,172,63,84,64,45,99,47,76,73,70,130,55,109,113,64,52,76,26,174,97,67,154
"gene_320",397,306,341,278,212,309,404,249,175,358,196,196,442,286,420,307,366,235,272,181,187,248,261,241,282,303,233,257,291,491,231,305,215,287,193,250,182,395,159,296,202,464,186,356,320,211,157,257,263,241,187,181,331,318,234,300,318,227,362,313
"gene_321",58,22,32,70,61,45,41,131,50,42,42,71,81,69,88,55,54,81,30,17,33,57,66,67,93,46,29,58,29,48,36,50,46,51,45,36,44,59,70,59,52,34,16,99,62,32,31,32,48,14,22,52,32,40,20,42,119,17,26,36
"gene_322",1435,875,1932,1956,1067,1314,999,1830,1587,1350,1610,1423,1657,1181,901,543,997,1373,989,1616,896,1026,1965,1729,738,1130,811,712,920,921,1254,912,1363,1587,1037,474,1286,902,931,936,1779,1130,775,1279,1417,940,1052,896,1655,1148,1130,1443,1631,802,1232,1210,2217,1192,1437,720
"gene_323",676,508,469,557,651,504,674,700,789,312,1045,451,1042,1078,671,446,467,601,392,672,389,381,807,1078,688,695,525,731,310,623,463,467,494,428,314,381,334,753,635,269,698,483,354,564,340,421,411,670,581,407,525,616,414,455,585,507,813,339,491,478
"gene_324",1,10,0,6,3,1,0,7,1,15,1,0,1,6,10,9,3,11,5,3,0,18,2,16,2,6,1,0,1,11,3,3,4,0,0,0,0,3,3,2,3,6,4,6,18,15,5,1,9,11,0,17,5,4,6,0,4,7,1,2
"gene_325",35,17,23,9,18,18,14,21,19,18,15,5,14,21,36,32,27,24,24,9,34,37,25,44,6,12,18,44,28,24,13,39,15,18,12,10,21,18,26,60,42,19,23,37,38,44,26,16,33,12,18,25,35,16,14,16,82,28,27,46
"gene_326",433,250,990,571,445,289,382,352,543,405,344,276,506,254,439,207,199,596,305,293,293,387,470,440,780,421,207,240,212,527,401,333,409,526,279,362,357,505,497,302,472,615,332,467,404,351,259,543,417,289,413,697,539,355,500,447,625,443,678,334
"gene_327",166,135,202,242,132,105,255,331,187,262,247,123,209,233,213,194,75,191,113,95,172,151,204,217,194,146,182,221,173,349,237,197,124,189,154,89,106,305,181,171,276,232,147,212,181,146,139,149,302,188,131,205,195,237,219,251,332,139,282,261
"gene_328",131,185,218,209,210,228,120,227,183,260,172,160,316,134,164,140,141,126,162,200,208,102,189,307,313,169,133,262,217,234,215,317,194,235,172,150,95,196,158,155,288,191,97,111,148,130,104,232,167,108,216,186,136,125,257,158,353,161,226,247
"gene_329",86,77,127,150,79,70,120,107,111,106,155,91,148,146,141,86,83,146,73,62,72,87,143,97,224,170,78,101,121,71,123,148,141,146,121,73,124,247,144,129,199,132,81,202,170,150,99,115,175,139,124,250,152,116,156,144,293,172,105,243
"gene_330",3502,1913,1802,2657,2183,2663,2488,3011,2945,3548,2390,1536,2685,4133,3828,2439,2001,3379,1655,1928,2475,2046,2635,4098,3731,1979,2798,2238,1693,3325,3229,3448,3646,3817,3139,1629,3006,2988,3759,3326,3550,5132,2878,3184,3175,2462,2127,3361,4498,2493,2889,3400,3428,3420,3441,4355,5383,1981,3503,4113
"gene_331",69,36,98,50,39,35,61,62,69,84,51,47,43,35,75,14,55,48,71,49,37,67,55,71,51,57,39,60,30,96,59,44,53,49,49,62,43,53,19,79,91,55,18,66,41,61,31,76,44,43,30,34,105,38,58,50,72,57,36,43
"gene_332",4211,3904,7257,6226,6231,4922,4315,6737,3549,6439,6234,3604,6958,5332,5210,4245,3950,4756,5246,2807,2490,2609,5397,6327,5866,4777,2667,5139,5334,3558,3416,5510,4900,6649,6430,3725,5621,5660,7292,5762,6141,6751,3009,5973,7597,4814,3580,4557,6025,3352,5459,5440,3787,3503,5763,7484,13701,4168,6690,5675
"gene_333",299,349,262,443,350,274,398,397,347,482,342,453,420,506,349,287,302,360,219,329,291,210,414,448,446,372,357,332,362,446,80,71,69,96,77,32,60,61,72,113,128,102,69,81,123,60,49,120,82,63,69,103,114,53,78,87,176,52,122,105
"gene_334",161,134,198,153,253,279,283,301,269,408,203,232,222,262,314,186,207,196,203,144,230,209,136,239,224,160,255,284,154,186,210,198,242,164,195,108,124,213,108,180,352,177,131,227,177,136,120,264,245,134,157,167,164,128,218,147,180,218,228,268
"gene_335",3,10,12,32,4,22,19,55,8,21,22,18,24,18,26,21,19,26,8,10,25,4,20,18,17,40,18,6,6,2,20,26,5,17,11,15,44,8,22,29,14,44,6,11,22,25,15,20,5,7,6,25,22,9,13,16,28,15,24,3
"gene_336",70,68,69,55,58,84,65,102,76,50,92,64,111,36,59,56,52,72,46,80,52,63,168,73,72,106,39,68,55,38,86,51,117,71,53,35,105,60,75,56,124,75,44,54,55,58,53,55,41,59,85,85,42,25,74,88,152,66,63,116
"gene_337",3283,2553,6638,4529,2978,4987,4018,4361,7064,6666,3409,3059,7533,3896,3997,3586,3110,2696,4203,3424,2980,3925,3655,3949,5066,5089,3084,6514,2847,2953,4927,5217,4744,6398,4402,3194,6637,6307,5192,7172,6041,6276,4042,5861,6554,4695,4624,5414,6356,2991,5575,8819,6423,5840,5333,6456,11408,7742,7005,6582
"gene_338",24,44,90,82,83,26,76,136,73,45,78,34,53,79,63,54,42,10,30,22,53,38,84,46,59,27,63,39,54,39,26,61,11,71,36,28,53,62,11,63,76,89,21,43,30,21,45,62,29,16,48,65,26,55,55,72,59,41,41,45
"gene_339",84,44,93,164,88,40,173,113,114,113,98,65,251,56,145,42,88,124,85,109,78,50,112,176,101,92,102,99,77,48,101,64,94,92,64,57,70,53,48,167,86,102,38,167,81,100,72,86,68,56,72,50,119,121,105,100,70,91,140,63
"gene_340",2,21,11,2,39,3,1,1,21,8,6,10,0,3,8,1,1,4,1,11,8,12,0,5,1,20,14,2,0,9,4,37,13,22,4,8,5,32,13,25,1,3,7,9,9,17,4,6,11,8,31,0,19,12,0,45,4,3,10,3
"gene_341",52,32,99,74,56,58,33,67,35,24,29,23,57,60,65,58,93,17,60,39,55,56,21,45,50,59,22,37,42,88,26,48,54,60,49,35,47,47,60,63,48,56,42,30,31,33,25,63,83,29,17,43,63,54,28,69,40,26,21,47
"gene_342",16,1,18,8,3,8,6,8,10,20,21,7,15,20,4,1,10,6,1,3,3,5,9,10,7,10,0,5,4,6,12,10,33,3,8,20,26,22,26,20,26,12,17,36,6,19,4,0,33,11,27,7,6,2,12,13,29,15,16,12
"gene_343",1001,950,1303,815,1381,1027,1015,1145,984,1287,1497,904,1319,1189,1148,684,1072,1578,814,1387,1215,859,1444,1929,1019,977,910,882,1025,1043,977,1761,1323,1746,854,817,1429,1662,1323,1611,1714,1168,974,1816,1539,1248,1328,905,2087,1224,1565,1755,1465,1030,1063,1542,2191,1091,1726,1054
"gene_344",1818,1409,1655,1928,2055,1761,2289,1649,2136,1970,2454,1590,2090,2556,2277,1334,1553,1760,1763,1610,1272,1250,1908,1805,2837,1918,1285,1722,1760,1490,2024,2026,1103,1977,1442,931,1884,2239,750,2423,2821,2020,1584,1736,2086,1513,1169,1665,2285,1077,1859,2269,1865,1993,1681,1925,3995,1061,2474,2130
"gene_345",386,128,253,228,249,224,267,316,257,241,193,160,264,99,272,150,260,267,234,223,164,226,230,263,357,212,222,357,142,319,219,162,315,338,400,165,298,234,389,226,339,378,161,341,349,250,336,337,226,238,140,463,397,226,338,310,422,291,242,260
"gene_346",172,70,152,262,223,99,130,114,85,170,186,135,235,110,101,95,82,221,196,139,167,123,217,161,260,139,148,161,103,126,249,143,139,106,159,112,165,105,93,190,229,148,175,136,189,95,71,108,181,97,137,192,140,130,236,170,178,148,206,279
"gene_347",15,9,9,16,18,4,4,5,16,42,11,38,18,20,6,8,7,11,4,5,4,22,10,22,16,4,5,12,11,7,8,39,16,9,23,8,1,3,30,14,4,7,3,19,18,8,12,24,20,6,8,15,39,19,26,3,2,11,26,19
"gene_348",4686,4854,4180,3806,4147,3774,4930,5033,4152,5990,3852,3920,7701,4351,4834,3786,4556,4943,3456,3811,4327,4862,5290,8697,7621,4268,3450,4364,5006,4025,22068,19923,20551,22834,13042,11406,19976,20678,15801,14751,10262,22562,17581,19921,24761,20276,17669,18701,19795,18523,17477,26443,20663,25680,29224,22707,27186,26804,22421,36458
"gene_349",102,53,103,123,90,115,186,49,65,166,91,104,66,105,76,83,137,140,78,98,52,84,157,111,77,191,57,157,62,92,140,153,128,121,92,86,118,79,65,93,127,152,97,120,114,61,113,116,150,27,205,153,100,91,87,159,307,54,148,136
"gene_350",49,27,44,20,21,21,50,47,57,45,56,23,63,59,15,33,21,52,24,42,23,28,29,55,13,20,26,30,42,42,30,34,32,35,16,29,29,23,41,38,39,48,15,18,20,20,26,10,48,47,60,10,37,25,53,21,64,54,42,39
"gene_351",399,227,496,641,568,272,421,242,383,548,700,136,574,395,808,131,275,487,278,291,299,240,674,376,493,540,242,343,288,483,510,452,339,582,471,327,524,621,405,531,728,716,257,705,577,396,479,546,743,353,437,643,334,508,387,403,607,496,666,779
"gene_352",6628,2993,8394,4626,7532,5862,6177,8661,4565,4791,6110,4577,5924,4839,5444,1931,3525,3463,5190,2933,3887,3541,4080,5636,5074,2934,5636,3215,3359,4833,4792,6398,4602,4336,3608,2291,3864,4471,3574,4002,7029,4491,2928,5208,4137,5120,5840,4129,6499,2801,5559,5805,3859,3503,7966,6508,7573,4301,6945,3683
"gene_353",144,153,192,218,207,227,294,239,361,332,218,162,372,322,247,158,249,181,266,180,191,138,241,359,321,190,176,227,154,343,342,298,152,391,238,87,213,251,228,157,195,178,151,279,264,256,162,177,265,153,215,271,256,182,282,368,378,165,229,274
"gene_354",12,16,40,10,32,5,29,6,20,25,32,16,15,41,29,23,5,30,20,6,5,14,40,15,30,18,9,15,11,19,5,10,13,7,25,9,8,33,12,2,26,22,4,39,17,9,8,61,14,8,19,20,31,6,22,18,34,6,20,31
"gene_355",98,81,50,105,46,53,123,68,125,76,57,94,94,62,97,70,105,91,66,96,86,114,60,50,140,61,94,82,57,45,83,115,67,79,75,48,66,102,89,120,199,157,43,96,111,45,67,58,59,60,136,102,101,49,117,72,111,90,79,145
"gene_356",4155,2813,6957,5664,3960,5073,7667,5006,4959,4688,5592,4008,6233,7083,4608,3547,4658,5086,4801,5287,4492,3877,4254,4642,6084,4449,2681,4288,3408,4343,2415,3256,2566,3564,2842,2144,4413,2966,3852,4247,4265,5230,3586,2753,5238,3159,4118,3577,4057,1762,4864,4570,2825,3641,5089,3336,5683,4368,3867,4325
"gene_357",6,11,13,1,16,0,1,3,19,0,4,2,11,6,3,10,3,2,12,7,1,4,1,23,4,2,15,1,0,2,1,2,23,3,3,3,3,5,13,0,2,20,4,0,3,5,3,5,1,4,5,3,4,4,1,5,2,0,1,6
"gene_358",134,164,268,259,199,138,399,277,209,256,267,209,116,295,365,213,182,243,138,226,355,236,271,133,265,214,226,239,175,216,367,335,262,297,345,243,298,260,328,325,340,394,196,317,371,226,239,210,320,149,289,318,360,346,234,307,522,187,447,237
"gene_359",1663,1850,2359,1971,2522,1597,1349,2832,1315,2411,1401,1264,1362,1203,1373,1241,1425,1597,1396,1386,1328,808,1073,2451,1643,1299,1193,1720,1858,1933,1082,1389,1598,1283,1565,1190,1419,1615,1780,2546,1390,1910,1290,1918,1484,1526,849,960,2239,1376,945,2100,1899,1525,1429,1456,2858,1075,1366,2077
"gene_360",297,468,466,415,281,199,411,427,303,370,359,196,278,427,362,218,283,389,224,496,370,217,483,456,401,441,302,326,310,387,324,676,328,398,529,356,546,1039,736,920,467,507,378,540,478,380,397,376,972,414,393,700,579,513,354,590,884,480,564,577
"gene_361",97,93,145,144,166,128,158,123,145,226,82,80,62,179,216,52,103,197,177,104,96,36,178,170,199,156,146,101,102,173,131,158,181,146,131,148,111,141,152,211,189,125,164,235,168,84,115,86,163,145,148,147,180,243,122,187,188,164,150,141
"gene_362",343,308,330,334,253,362,461,715,330,680,525,255,733,452,479,365,294,615,352,419,562,229,632,373,372,476,441,561,400,649,325,355,263,352,340,320,205,233,357,575,480,479,304,274,497,436,288,335,707,349,377,652,522,308,308,505,711,420,448,495
"gene_363",1053,843,1853,995,1849,988,1196,1607,1510,1698,1317,998,1679,1488,1107,1343,673,1112,1159,1108,1096,951,1065,1505,1266,1436,789,610,1482,1758,1371,1566,1306,1494,1466,885,1699,1433,1464,1549,1927,1321,990,1912,1652,1431,1487,1450,1848,877,1289,1516,1325,1337,2263,1519,1354,1634,2137,1318
"gene_364",96,79,136,188,175,121,113,103,130,212,109,106,154,84,119,55,66,57,77,49,112,101,100,84,186,70,88,107,98,122,195,159,56,150,220,61,171,186,141,176,216,196,84,105,135,114,104,196,243,49,114,207,238,143,224,152,242,140,177,154
"gene_365",209,98,234,183,197,132,209,270,189,303,138,133,132,172,170,96,181,101,176,180,186,164,218,304,315,211,145,146,138,218,128,166,141,187,159,118,108,185,107,116,94,183,75,120,199,147,164,167,166,95,147,227,126,116,249,170,228,77,239,163
"gene_366",3734,2731,5707,6410,5423,4814,3833,6769,5071,7078,6641,4095,5917,6708,5197,2828,2988,5975,4407,5794,2550,4604,7224,6577,5149,4064,5881,4078,5248,5237,2702,2790,2612,3093,2845,1642,2435,1736,2903,2017,3889,3588,1908,3539,2069,2320,1669,2288,2711,2297,1788,2803,2662,1648,2753,2705,5069,3029,1906,2935
"gene_367",3715,2877,5682,4571,6242,5789,4332,7515,3899,3228,3768,3726,4400,5602,3323,2670,2331,6412,4003,5681,4729,2675,3829,5945,6166,6586,3971,3634,3810,6957,4866,7197,4665,5467,3986,2223,4400,4851,3541,5776,4443,4835,3549,7348,3793,5228,4495,3361,8519,4168,5669,5232,7302,5405,5747,4768,6365,4246,7154,6038
"gene_368",79,53,82,165,80,84,64,88,94,118,67,58,138,68,117,36,112,123,60,70,53,69,73,145,118,78,81,162,60,64,284,233,140,130,92,85,238,78,265,285,273,238,114,164,130,92,229,111,240,166,176,152,166,198,137,157,272,166,129,139
"gene_369",1355,944,1190,1492,1204,1088,736,1660,1211,897,817,851,1740,1611,1460,545,940,913,1199,999,749,792,1072,1419,1869,1361,1131,1202,1386,1392,989,1392,1491,974,902,749,1533,1359,1141,1024,1289,1292,682,1046,1414,922,1027,1328,1785,1013,1572,1427,894,1521,1326,1099,2534,1013,1263,1075
"gene_370",23,15,15,21,13,20,21,12,24,29,11,12,31,42,19,10,10,4,20,8,28,16,36,23,26,9,19,12,7,23,13,37,15,24,10,7,7,28,14,38,7,15,11,8,16,22,21,49,28,15,13,20,26,11,10,16,16,32,25,33
"gene_371",152,146,253,130,202,315,163,308,277,266,175,148,401,203,161,122,162,176,211,224,153,250,335,203,102,295,251,224,267,265,255,255,213,226,100,141,228,164,302,292,294,292,190,303,243,183,183,213,232,209,185,133,299,109,303,250,464,294,304,419
"gene_372",311,150,254,245,227,361,277,370,268,301,317,220,332,250,251,283,171,312,240,236,178,311,200,594,329,300,230,360,348,283,409,440,295,332,214,168,313,305,242,359,571,213,224,363,515,251,229,227,493,297,254,356,275,313,277,428,656,343,470,389
"gene_373",1523,1102,1369,1402,1565,936,1967,2296,1610,1098,2092,985,1213,1523,607,868,2066,1369,1154,773,1060,823,2095,1557,1618,1766,1173,1185,1417,1041,1681,955,1207,1139,783,836,913,1445,1300,966,1130,1469,727,1271,1134,1085,1607,1373,2200,795,1251,2078,923,992,750,1384,2185,1312,1330,1259
"gene_374",2152,1597,2480,1716,2309,2804,2291,2585,2736,2202,2674,1546,4084,2459,2235,1031,2094,2504,2182,2429,2177,2250,4142,2867,2405,2200,1713,2193,1938,1926,656,1073,1188,1502,1199,628,1146,1097,1004,1433,1950,1084,765,1525,1450,888,1156,1000,1310,1089,1475,914,800,1425,1022,1863,1805,1453,1291,1260
"gene_375",317,195,288,359,330,171,214,259,411,280,516,233,310,277,340,168,280,305,321,405,318,238,332,214,251,443,229,403,214,366,332,207,335,275,140,178,334,226,236,357,316,342,177,277,279,143,209,139,282,277,375,465,277,224,182,204,306,249,316,270
"gene_376",4813,5065,5516,4411,4581,4955,4273,5370,3700,7018,5079,2705,7000,4441,4740,3898,3960,5080,3233,3548,4571,5205,7769,6635,6966,3323,2944,6766,2751,6246,6311,4853,5328,4293,4150,2729,4364,4818,5006,4504,7194,3583,3384,5490,5644,3964,6308,3473,6396,3183,5166,2178,5193,5045,4423,5759,6042,4708,4692,8282
"gene_377",312,180,338,433,392,258,523,376,263,225,308,203,294,243,244,159,267,327,243,161,261,90,443,327,422,308,301,471,101,248,381,228,294,242,295,157,390,394,252,271,492,335,160,256,276,325,273,320,462,389,347,473,406,370,429,398,412,217,389,441
"gene_378",476,621,835,1057,475,658,913,796,610,738,628,581,343,1080,814,357,483,564,512,598,568,639,876,588,943,612,762,659,476,630,639,1009,708,838,585,311,557,1006,834,706,632,627,456,1061,752,367,795,794,908,447,504,979,734,724,718,657,1086,1081,1095,665
"gene_379",197,290,352,279,465,291,369,255,480,461,297,330,364,360,369,229,352,249,336,399,157,199,342,284,363,189,259,212,263,381,179,308,321,247,271,225,388,224,230,472,162,498,234,341,271,308,270,243,395,271,367,387,369,273,396,205,307,268,459,376
"gene_380",1576,1003,2208,1769,2394,1234,1722,2270,2361,2244,1032,1012,2612,1312,1109,704,1247,1945,894,1338,1329,1314,1448,1467,1161,2274,1144,1539,1745,1291,1451,1788,2016,1238,1992,771,968,1807,1896,1484,2252,2518,757,1531,1919,1110,1686,1874,1459,1685,1623,1526,1308,1168,1831,2011,2567,1685,1628,1474
"gene_381",2822,4128,4171,6536,6191,4155,4315,7821,7204,3524,4937,5062,6242,6303,5356,3271,2742,4732,3485,4726,3849,3156,6787,5877,4838,4199,4714,4091,5076,4366,5152,6320,5022,5756,4820,2519,5005,6364,5324,6287,6798,6247,5779,8067,5944,5079,2600,4751,6558,3278,3482,8739,4353,7610,5461,4548,9175,6451,4621,6158
"gene_382",783,592,809,1033,767,1302,959,1047,1199,1390,971,559,1267,1121,1217,519,1056,888,1213,1005,849,682,913,1288,769,1237,713,975,980,1016,971,1356,1218,922,842,873,772,1803,610,924,1288,940,706,1747,1637,965,1575,1349,1533,960,1368,1194,1481,1594,1070,1143,1171,1169,1066,2074
"gene_383",16,18,24,40,38,53,38,41,64,21,29,11,27,56,30,13,13,41,38,47,51,17,18,39,35,29,39,83,26,36,56,19,50,22,41,23,19,11,76,43,52,48,26,57,49,25,38,60,38,19,18,57,50,39,28,44,108,42,38,37
"gene_384",17,16,37,26,34,36,23,14,21,7,17,14,14,14,27,10,15,21,13,26,15,11,29,11,22,9,30,20,27,32,40,11,14,24,8,17,7,8,18,20,18,31,12,8,24,9,6,13,27,11,12,12,5,10,40,22,32,13,9,27
"gene_385",299,261,364,380,331,451,358,426,298,545,431,343,431,255,424,309,261,449,220,259,230,271,465,462,396,268,294,356,201,249,311,435,333,490,228,240,372,304,309,258,353,473,239,393,529,388,417,383,405,281,336,381,321,480,341,293,571,507,324,240
"gene_386",85,30,19,63,91,65,54,100,61,43,51,31,96,152,46,24,70,43,44,80,51,35,83,107,67,90,74,63,79,67,80,48,64,82,45,70,73,102,64,66,55,122,55,103,16,57,39,55,70,41,35,105,111,54,42,70,129,33,91,64
"gene_387",0,4,4,6,0,10,9,10,20,13,4,4,10,7,0,6,8,2,0,6,12,7,1,3,7,6,13,1,0,7,4,5,4,6,4,2,13,16,4,5,4,10,6,3,10,15,9,12,2,2,8,33,4,19,0,16,25,10,5,10
"gene_388",78,47,53,83,50,71,65,65,133,81,59,40,114,88,78,67,104,77,102,82,61,36,48,64,35,107,51,64,38,37,83,68,46,39,52,49,47,29,91,37,86,67,32,85,27,86,42,70,64,43,28,66,71,40,146,45,119,40,39,58
"gene_389",572,618,503,542,651,572,700,829,924,513,554,460,710,712,628,344,479,570,655,362,699,638,1012,674,643,557,532,850,370,797,659,749,709,752,528,299,695,885,556,445,765,534,428,670,679,368,993,678,919,528,448,734,611,694,698,1115,1085,699,639,786
"gene_390",119,137,209,160,207,111,190,264,190,403,105,133,171,175,139,143,134,163,152,163,120,99,103,286,146,155,151,189,188,170,129,156,108,76,82,45,129,143,111,142,150,165,116,150,154,122,127,220,175,91,178,134,239,105,115,166,242,96,171,187
"gene_391",584,832,928,779,846,822,571,1075,905,814,919,577,1568,882,322,372,1047,964,527,443,715,689,829,964,833,837,696,887,799,479,650,664,764,600,508,403,1002,975,601,673,688,841,552,890,1453,960,682,463,937,456,772,791,1084,660,734,733,1449,836,1129,916
"gene_392",246,98,332,137,162,145,205,276,218,324,83,186,236,272,205,178,122,164,260,178,209,58,369,201,135,177,214,157,151,162,272,238,172,144,153,146,112,237,189,122,196,223,78,210,267,164,177,362,360,135,184,262,136,146,83,103,185,117,206,305
"gene_393",65,30,40,46,86,22,49,112,89,59,64,51,73,52,104,28,26,66,23,57,31,30,91,54,76,33,16,45,26,43,55,26,44,28,58,40,26,35,58,25,89,55,43,59,57,41,57,44,40,43,51,72,55,32,69,54,30,22,45,49
"gene_394",1612,910,1542,828,1660,1019,1381,2085,1304,1746,1506,1291,2072,1548,1628,679,1511,1498,1071,1230,1319,900,1449,1525,1559,1299,1441,1229,957,1533,1559,1536,761,1698,1535,856,1236,1785,1785,1441,1198,1580,997,1403,1039,1255,1426,1103,2032,1248,1251,1049,1441,968,1612,2031,2017,1314,1638,1671
"gene_395",1,0,2,4,1,1,6,1,0,1,15,0,7,7,2,0,4,0,4,3,11,8,9,3,21,0,12,11,14,3,16,2,2,2,1,3,3,0,1,6,9,0,3,5,1,5,0,1,1,0,2,4,10,8,2,8,1,7,0,8
"gene_396",5139,3373,4118,7863,4016,2557,5983,4129,7775,6569,5334,3884,4088,3852,3666,2361,2616,6105,5050,6181,5769,3686,4865,5196,5998,4657,3936,4772,3357,4837,4927,3996,5484,4900,4093,2820,4585,6309,3481,4940,6724,5040,2679,5527,5371,5420,4350,3846,4423,4068,4516,4984,3477,6933,4702,4139,10132,7923,4437,4842
"gene_397",16,33,44,41,20,30,35,21,43,57,46,28,38,54,3,33,48,26,36,22,41,18,26,128,15,47,41,53,11,26,79,28,34,73,44,6,46,28,69,25,41,14,13,27,52,24,110,46,78,21,16,16,29,27,45,45,75,35,48,49
"gene_398",52,78,128,85,134,91,81,99,65,47,52,89,101,49,114,47,115,77,76,101,159,102,124,73,91,116,76,120,72,45,107,149,146,196,82,117,136,328,124,142,85,183,140,131,192,60,252,136,159,92,160,171,233,221,160,152,445,104,146,200
"gene_399",398,291,500,424,441,392,770,546,386,796,481,385,496,383,580,301,384,722,467,378,485,327,445,593,611,225,316,395,516,378,466,494,603,248,545,246,394,503,514,706,568,738,188,409,546,504,539,445,518,455,394,442,567,478,795,340,1145,556,646,710
"gene_400",1,9,1,3,1,5,5,6,3,1,8,2,0,15,0,1,1,15,3,0,6,3,5,2,3,0,9,0,14,1,2,0,9,17,9,5,0,0,11,0,0,8,0,2,5,0,4,2,14,0,4,21,0,2,7,3,15,0,7,17
"gene_401",44,18,38,51,32,35,35,27,44,44,51,33,35,38,43,12,34,22,12,48,17,45,69,40,33,55,47,40,29,67,43,26,34,45,57,29,41,25,38,31,34,94,48,30,13,27,19,49,35,35,45,30,43,23,49,50,38,35,60,29
"gene_402",40,66,82,43,34,75,78,111,64,131,120,29,171,46,96,55,46,53,94,26,71,62,76,97,67,44,49,63,73,60,79,83,112,55,68,62,37,78,61,44,57,53,56,92,101,62,63,32,78,44,51,63,107,51,91,81,80,68,110,46
"gene_403",4,0,25,0,5,1,1,15,1,2,4,4,3,4,6,1,0,2,8,4,7,10,11,1,0,1,4,4,2,5,3,1,4,2,0,1,0,15,8,7,2,11,4,4,0,1,0,7,13,4,9,2,5,2,16,2,1,4,0,0
"gene_404",321,189,192,265,225,285,226,368,266,292,212,245,443,474,224,159,270,282,216,324,259,217,245,119,295,232,259,217,273,183,330,271,394,274,309,153,296,576,334,330,303,346,320,278,366,290,272,190,511,299,328,302,361,352,391,350,484,318,474,439
"gene_405",31,22,28,58,43,30,31,42,38,18,37,45,34,70,32,22,21,14,39,43,32,13,9,48,44,26,22,27,35,14,38,17,24,26,3,14,46,43,15,77,35,40,14,106,30,22,21,24,32,15,18,21,20,20,9,66,37,47,28,18
"gene_406",148,232,277,191,194,158,222,258,202,314,184,210,238,280,159,159,207,160,115,210,179,198,177,148,224,323,241,194,190,103,179,127,143,183,181,81,177,272,117,213,196,271,163,204,211,202,196,84,208,151,139,174,203,148,128,171,210,136,246,168
"gene_407",63,16,42,58,60,33,39,60,64,30,68,17,62,37,20,31,24,40,36,54,22,23,45,48,14,51,36,40,25,24,51,34,46,23,40,53,31,49,28,43,26,31,23,67,83,25,36,18,86,12,16,36,58,28,30,57,81,37,58,72
"gene_408",922,698,1351,1199,742,882,1132,1049,1389,1178,738,794,578,776,919,483,770,987,818,643,949,799,1069,1170,1000,1122,631,693,555,994,831,745,626,1219,861,459,1101,1689,1035,1009,1099,1117,429,1267,1009,1277,1071,836,1384,760,1020,1145,1032,850,950,735,1730,712,1225,1313
"gene_409",259,180,409,312,351,258,321,378,252,366,278,232,339,323,112,221,194,345,116,248,195,222,366,207,270,253,251,220,133,260,251,147,198,195,288,162,121,272,158,224,337,254,145,284,277,139,211,308,189,153,224,317,296,136,228,256,293,257,193,376
"gene_410",210,187,342,370,334,365,267,168,306,265,197,295,367,363,274,126,155,316,204,159,346,186,285,304,322,293,230,381,98,180,292,454,257,292,327,268,392,393,357,388,243,348,233,328,237,300,250,350,467,236,382,455,335,316,408,504,614,260,297,512
"gene_411",28,18,33,43,10,28,8,18,15,42,13,5,8,10,36,7,19,8,16,7,38,7,49,34,4,25,5,35,30,27,38,35,33,37,22,37,45,34,22,25,25,16,39,18,38,12,11,18,28,4,26,32,73,18,23,35,43,45,31,47
"gene_412",271,186,424,437,583,445,582,464,557,778,455,276,850,555,410,260,380,433,218,616,286,340,331,601,514,349,315,521,291,416,405,691,686,293,510,255,484,480,411,806,458,993,208,453,578,326,388,392,696,436,382,708,490,306,551,376,479,371,325,756
"gene_413",44,40,0,26,9,32,33,21,44,52,24,16,34,15,20,15,17,18,13,17,32,26,16,23,23,26,9,8,8,38,16,22,48,30,24,11,10,38,29,43,33,11,41,12,21,25,15,24,23,30,24,14,17,54,15,43,81,36,26,31
"gene_414",561,373,719,368,759,711,789,928,924,635,479,418,1102,647,626,413,629,631,465,507,340,518,320,661,708,464,704,680,587,686,736,596,467,831,722,400,751,450,814,477,742,602,468,551,481,726,443,649,829,491,548,675,513,663,740,547,998,645,398,616
"gene_415",7,23,27,103,20,35,36,8,33,45,43,9,6,22,66,5,55,20,66,15,25,11,42,37,31,35,14,28,19,14,19,33,33,32,21,15,45,64,30,40,52,43,32,26,49,25,25,37,32,29,24,40,45,28,24,48,90,32,57,34
"gene_416",98,21,57,31,43,69,64,41,55,114,40,69,121,102,82,40,69,63,61,39,46,77,79,72,63,66,35,61,59,41,44,49,50,54,45,28,35,29,39,56,48,49,45,23,60,64,49,49,126,32,49,77,50,47,49,77,72,54,50,89
"gene_417",286,184,354,315,251,250,142,361,230,213,269,247,322,430,415,162,139,263,290,309,161,189,240,372,271,300,293,474,235,361,395,375,239,413,217,184,490,231,406,353,238,288,284,410,309,371,286,361,329,161,351,242,289,323,349,273,338,240,336,498
"gene_418",25,46,100,22,30,60,61,71,45,53,62,23,21,41,34,30,14,24,16,36,31,16,112,66,46,68,50,58,25,58,31,51,20,38,31,21,37,39,32,31,35,47,17,65,41,30,29,20,34,35,40,60,24,72,94,69,54,73,96,48
"gene_419",1342,849,1090,910,1182,1172,784,1311,1017,922,805,1138,1591,929,1188,914,901,665,666,868,944,861,1029,1342,920,988,776,1250,759,1429,943,1085,993,1225,1190,494,1141,643,1387,1335,1651,1244,923,850,1210,824,610,1144,1385,866,761,1217,1208,949,1218,1283,2164,1063,1087,1710
"gene_420",4,3,14,6,30,2,4,5,5,18,8,8,1,28,17,6,9,11,11,2,15,2,19,8,13,7,7,8,2,11,6,3,13,9,8,1,3,5,3,26,5,12,23,9,2,10,3,3,17,6,3,6,7,13,3,4,15,20,22,9
"gene_421",30,63,35,17,57,9,25,30,25,17,14,22,32,28,18,4,40,19,11,12,28,18,27,38,14,58,12,38,42,16,41,59,37,36,80,52,13,47,36,61,34,109,37,17,100,42,35,45,40,27,34,26,47,19,40,73,68,28,18,43
"gene_422",242,226,355,174,390,338,284,320,290,223,368,227,469,212,248,86,274,198,148,267,257,129,325,376,238,340,297,268,145,298,285,289,171,184,182,124,277,268,181,182,382,358,218,335,329,191,239,264,410,210,346,237,320,205,263,291,518,212,248,235
"gene_423",209,288,189,404,353,378,175,216,320,314,341,150,256,286,154,162,248,100,141,264,187,120,324,318,294,226,138,331,272,382,160,154,219,165,151,151,206,181,214,235,139,294,208,221,224,166,105,146,277,125,201,182,207,213,217,321,263,138,182,205
"gene_424",456,418,385,322,858,321,597,501,418,491,395,363,770,259,527,298,271,413,313,333,340,270,513,558,495,515,297,422,383,358,393,393,457,538,516,270,405,483,401,422,807,482,456,393,523,328,665,257,502,187,329,564,480,546,421,324,809,561,746,604
"gene_425",114,56,169,138,126,100,90,155,98,187,55,109,122,214,110,65,167,96,124,178,77,114,123,74,143,192,79,130,58,95,164,174,175,110,147,111,112,163,110,124,102,157,125,125,149,123,106,185,167,130,125,179,164,105,164,154,149,129,140,111
"gene_426",72,19,38,65,63,50,58,43,53,71,51,29,124,53,54,62,54,53,42,85,75,43,101,39,84,95,28,30,34,90,29,23,22,35,25,10,23,48,45,17,23,17,15,31,16,15,29,12,50,19,12,21,41,16,14,40,31,26,46,31
"gene_427",264,226,447,422,322,261,430,374,289,427,286,244,330,308,391,175,415,448,167,311,387,352,294,644,281,426,308,328,276,351,390,249,273,541,291,291,376,411,340,437,382,528,367,297,457,243,382,553,436,261,556,522,388,391,462,553,1233,452,588,561
"gene_428",62,35,154,106,49,48,41,61,120,80,104,55,76,97,48,39,36,90,84,61,72,73,87,95,81,66,83,80,45,81,54,99,108,67,47,34,74,45,141,32,38,41,55,56,85,69,20,78,83,36,98,68,69,78,47,53,204,54,71,79
"gene_429",587,379,460,532,856,511,465,831,873,664,612,405,1375,440,454,397,365,659,518,444,414,550,546,532,674,730,437,544,408,539,511,438,683,679,489,397,965,308,461,502,533,1179,456,850,825,601,519,556,771,556,978,633,957,529,593,486,1029,471,936,723
"gene_430",4,4,13,18,10,13,2,10,0,1,8,1,17,0,0,0,5,10,0,5,4,17,16,6,7,5,11,4,3,13,6,0,9,1,0,5,19,7,7,2,5,0,0,3,1,9,5,1,1,0,2,9,4,1,5,2,0,1,0,0
"gene_431",31,55,111,28,27,57,39,77,32,35,56,42,74,38,41,38,43,35,21,61,48,38,115,64,69,44,19,71,65,35,83,41,50,26,29,31,21,61,37,36,49,54,77,61,67,67,38,44,87,64,32,76,44,44,68,20,82,18,102,58
"gene_432",13,0,3,8,10,15,16,0,0,10,1,2,4,7,26,1,0,11,0,11,1,3,7,0,0,2,12,12,2,2,1,8,2,0,4,1,6,2,8,1,0,1,14,2,6,1,0,3,5,2,4,0,1,2,0,0,7,0,3,0
"gene_433",35,12,46,18,59,40,14,52,37,63,29,37,50,59,17,29,40,28,23,41,35,34,41,31,79,17,10,37,16,73,31,43,15,32,13,22,57,37,41,49,45,41,40,25,31,23,8,21,22,44,30,32,19,58,60,118,20,48,14,48
"gene_434",141,114,75,107,115,119,82,146,129,89,98,104,69,155,86,59,146,156,108,119,124,62,149,85,130,106,68,141,110,107,147,76,124,156,110,83,112,110,135,165,163,227,72,207,118,117,57,99,203,44,109,131,103,124,108,73,189,102,125,152
"gene_435",92,83,68,111,148,42,53,91,97,144,28,83,77,86,42,81,49,51,72,57,70,116,82,60,102,48,56,41,92,88,64,43,81,62,66,22,65,64,62,57,63,39,31,85,43,44,40,106,77,74,35,23,108,59,75,66,137,34,58,31
"gene_436",94,46,75,71,89,52,185,119,52,88,74,91,133,64,52,41,74,84,100,60,60,33,92,62,129,91,37,41,64,87,98,59,90,59,97,105,98,66,81,86,45,29,57,96,112,95,39,80,120,21,75,145,70,76,90,36,151,69,41,85
"gene_437",19,43,33,42,77,44,64,130,108,58,32,37,81,93,46,33,62,20,40,42,33,37,49,104,44,88,32,60,71,53,89,58,29,55,29,42,49,39,18,56,59,67,28,43,39,32,31,66,73,74,79,72,62,19,62,41,90,50,73,78
"gene_438",35,14,58,46,58,39,64,68,53,51,27,69,86,67,78,27,63,74,27,52,63,42,41,40,64,39,36,50,39,36,33,124,51,29,55,25,53,74,92,86,84,65,70,76,94,27,52,40,72,15,61,47,29,65,69,70,143,70,46,22
"gene_439",526,369,849,429,641,547,586,804,503,536,720,322,842,732,645,466,430,504,533,670,562,503,573,627,744,750,720,746,580,631,405,597,435,420,523,272,368,581,491,648,575,526,390,339,591,518,847,382,478,591,365,603,537,498,591,309,524,401,585,371
"gene_440",339,335,508,620,578,455,622,704,592,470,576,444,602,414,340,382,393,578,391,468,335,319,463,484,575,485,396,997,267,493,497,495,368,423,323,337,465,535,575,510,706,737,360,845,507,513,291,412,626,262,500,793,411,523,518,555,695,616,568,681
"gene_441",64,20,55,56,65,80,35,46,24,25,35,36,13,55,28,12,18,49,41,23,11,20,60,32,32,43,38,53,10,63,41,41,25,38,18,19,24,30,35,41,44,17,24,40,41,48,24,13,54,29,23,49,50,32,25,17,65,21,13,20
"gene_442",3477,1928,2998,2815,2329,2565,2994,2631,3350,3855,2394,2981,3485,1511,2406,1011,2242,3153,3238,2547,3154,2162,3199,2190,2983,2824,1823,3094,2520,2781,2945,2690,3166,2263,1495,1343,1957,1920,2283,1886,4009,3593,2809,2438,3101,2647,2126,3323,4357,1796,2709,3221,2078,3290,3106,3158,4317,2806,2671,3471
"gene_443",801,689,871,743,907,1153,1560,1003,1028,990,960,836,766,1319,1212,682,449,1053,836,1156,767,591,1664,767,1171,832,728,596,846,1168,852,1020,1650,1231,1286,480,1323,1534,1395,1100,1178,1092,942,827,568,789,952,1105,911,927,1593,1107,1275,1297,979,901,1807,531,1021,1413
"gene_444",5720,2201,4328,4473,6233,3447,4788,5432,3049,3540,4936,3331,4262,5125,6014,3034,2209,6933,3269,4616,1483,2675,4275,3888,4063,5340,4211,2782,2983,4237,4679,4188,5319,2268,4522,2234,3312,2821,4991,3315,4784,3808,2623,4733,4328,4391,3546,3882,4689,4733,4814,4428,4168,2320,4457,3341,4854,3300,3844,3163
"gene_445",378,306,512,544,281,382,406,305,583,319,330,377,580,386,483,127,470,416,331,423,403,221,356,526,454,562,303,344,256,387,486,471,589,498,386,421,267,437,512,308,612,353,351,601,551,449,501,339,666,216,622,443,460,395,508,463,658,562,545,502
"gene_446",665,396,484,418,838,549,597,382,473,647,535,482,727,533,416,259,539,498,469,395,451,430,794,914,602,442,462,588,284,382,685,741,494,814,672,294,654,393,820,740,704,450,270,525,610,644,574,623,908,410,384,1089,594,697,373,626,1151,489,902,823
"gene_447",43,76,87,62,68,37,86,47,55,34,94,17,86,65,94,32,71,94,73,49,43,27,33,63,76,64,81,109,78,70,43,50,61,40,67,42,40,29,15,49,27,33,34,73,69,47,41,22,33,33,65,66,94,35,90,61,83,28,51,56
"gene_448",233,242,192,262,279,249,141,213,236,306,203,195,204,175,182,163,123,175,161,166,130,191,288,168,177,89,143,166,191,263,256,275,257,319,234,139,236,200,174,225,211,302,164,199,256,151,137,108,185,133,147,226,228,224,162,214,210,143,221,278
"gene_449",2442,1747,3231,3824,2435,2270,2010,3032,2640,3148,3234,1154,4481,3903,2287,2097,2124,1842,2384,2095,2302,2392,3763,3452,4088,3085,1767,2540,1213,3055,1543,3033,1456,3663,1852,1984,2411,2219,2193,3186,3718,3181,2007,2240,1695,3802,2915,2264,2919,1494,1943,2607,2921,1857,2714,2436,3321,2241,2991,3450
"gene_450",463,412,268,612,196,409,570,310,444,352,401,295,369,336,412,230,512,376,314,389,299,371,480,375,352,262,245,255,360,410,370,430,349,274,352,210,353,463,279,492,549,512,120,359,379,261,299,264,357,414,535,369,517,470,449,404,586,325,417,306
"gene_451",201,183,407,379,295,222,410,265,227,452,301,218,202,321,406,151,249,199,208,119,216,208,392,473,398,304,253,183,208,259,261,411,344,288,230,198,332,293,299,404,227,288,275,284,272,180,403,196,452,217,177,424,221,246,340,241,634,255,340,302
"gene_452",218,320,375,447,398,348,295,450,389,435,351,201,424,548,628,221,351,463,286,519,283,369,643,265,291,235,407,288,182,402,278,190,322,419,279,180,280,471,305,277,227,412,295,329,161,215,353,255,344,340,526,402,289,213,407,411,682,113,287,501
"gene_453",38,43,98,110,89,64,108,112,87,49,45,74,86,67,76,62,58,118,99,73,77,72,76,61,99,76,67,64,44,49,69,111,60,73,54,46,80,126,94,97,176,40,42,55,72,61,38,32,106,54,91,82,63,60,117,70,163,55,79,74
"gene_454",9,20,13,4,10,6,20,5,7,7,10,6,30,26,3,6,21,30,22,31,24,6,26,22,6,15,10,8,6,35,14,12,9,16,14,7,7,29,21,12,37,53,2,8,4,10,6,18,23,1,21,38,6,21,5,7,27,14,13,10
"gene_455",121,40,159,217,172,96,195,271,86,134,197,120,120,163,118,48,91,125,143,60,186,131,83,122,179,46,135,180,101,140,71,55,149,106,47,50,36,177,93,111,63,78,114,121,129,90,69,116,131,42,113,108,179,116,103,116,201,98,132,75
"gene_456",7,7,10,38,34,26,24,13,12,34,8,26,23,17,24,14,43,20,28,26,56,29,28,29,62,34,11,67,35,29,31,18,36,23,19,23,22,60,41,18,43,25,29,24,15,25,7,38,22,9,50,57,6,27,22,84,35,28,34,57
"gene_457",69,35,53,56,44,23,12,30,28,39,23,15,20,29,20,11,28,36,61,27,41,20,25,33,71,51,4,21,12,41,75,19,56,22,17,25,51,49,29,24,47,60,32,18,48,20,35,26,59,5,32,57,27,24,32,24,79,15,30,38
"gene_458",11,1,4,5,2,0,9,15,0,2,0,0,10,5,2,0,4,0,1,13,4,0,1,0,0,9,5,3,7,6,1,19,0,3,13,1,4,6,0,0,17,0,0,3,0,7,13,1,8,2,3,1,9,1,1,7,22,3,1,0
"gene_459",4982,3773,5648,6106,3673,4710,6831,5806,4864,5022,5006,5660,5368,7047,3637,2755,4630,5382,4019,3493,5168,4519,5089,4767,5647,3733,4383,4638,2797,6590,6339,6605,4763,4975,3148,3015,4652,4941,3679,4953,6668,5619,2310,2568,4835,6181,4401,3701,6901,4111,4320,5650,4815,5255,5075,4587,8420,3754,5951,6122
"gene_460",2527,1755,2941,1856,2719,3525,4715,3494,2681,3377,3283,2493,4207,2539,2511,1139,2767,3441,3871,2520,3884,2593,3534,2890,4188,2759,2285,3734,2122,3011,2015,3366,4370,3176,2709,2659,4185,4720,3424,3105,3471,3841,2554,4164,2542,4127,3378,4463,5257,2740,2680,4070,3709,2503,4078,3557,6035,2928,4873,4220
"gene_461",51,52,79,106,79,58,87,117,46,106,98,40,83,86,69,43,39,63,65,55,36,64,122,100,76,40,44,122,68,38,67,39,61,71,28,27,40,57,35,51,41,86,52,70,57,42,55,94,39,27,43,41,106,71,103,59,24,30,90,54
"gene_462",30,13,5,1,10,7,26,9,2,5,12,15,26,8,11,9,4,27,2,6,7,2,13,5,3,17,6,3,7,5,20,8,5,9,3,2,5,1,11,11,17,18,0,7,19,8,12,10,11,24,20,15,3,19,16,9,13,19,4,26
"gene_463",1674,1153,1299,1758,2092,1106,1869,1929,1981,990,1923,1435,2188,1550,1544,1233,1391,1573,1319,2267,1297,1385,1721,1818,2023,2061,1933,1724,1040,2106,685,1245,1074,1413,1349,804,1236,1621,1585,970,1288,1802,1014,1816,945,1366,1089,1006,1813,1334,1562,1473,1307,980,1291,1269,2558,1525,1333,3345
"gene_464",113,56,158,127,77,99,115,135,81,141,101,86,126,101,80,53,143,83,93,98,157,125,114,112,111,83,130,48,120,115,73,54,58,155,81,64,94,192,88,63,73,100,57,59,89,63,71,115,131,58,105,123,118,89,82,55,69,63,143,114
"gene_465",131,76,129,134,69,83,99,136,87,75,117,51,81,93,125,115,124,79,61,139,59,119,112,67,122,84,108,43,29,66,61,50,78,86,50,47,96,111,59,86,120,73,59,78,58,56,98,87,69,73,104,89,116,57,57,54,152,88,135,74
"gene_466",375,394,609,685,564,358,855,349,576,549,513,263,538,774,457,465,505,468,499,438,579,314,610,446,593,561,335,428,367,599,334,353,379,472,504,220,288,488,390,351,433,474,213,541,420,366,371,253,251,283,361,564,386,457,325,518,447,301,470,495
"gene_467",2654,1435,2843,2948,1751,1979,3713,2349,2623,4015,2832,1734,3037,2533,2851,1467,2519,2971,3193,2749,3165,2382,3482,2542,2727,3798,1689,2511,2542,2495,3093,3157,2022,2756,1665,2029,2607,2919,1468,1906,3055,2496,2236,2173,1623,1723,1260,2463,3987,1763,1811,3055,2311,1922,3414,3435,5518,2250,1984,3075
"gene_468",20,14,16,30,32,9,10,24,40,21,25,11,74,44,35,14,28,36,52,44,10,47,60,13,18,41,45,14,25,29,35,5,18,42,50,7,18,62,7,31,27,36,12,24,30,9,24,20,23,28,19,52,10,12,47,35,28,17,16,46
"gene_469",170,72,173,148,121,250,151,134,183,182,168,207,151,130,240,115,203,232,199,171,133,92,202,117,207,136,182,165,119,172,176,176,198,198,171,65,87,129,188,96,115,173,196,139,86,104,145,194,245,99,88,217,150,116,77,91,177,181,198,273
"gene_470",57,48,128,111,210,75,86,112,94,218,76,106,84,140,158,49,54,65,48,134,124,91,169,253,113,90,97,63,52,67,77,92,57,101,95,37,67,159,112,113,96,182,50,206,54,33,68,49,111,65,115,145,103,73,117,39,168,66,120,76
"gene_471",1,1,1,3,3,0,3,3,4,7,0,2,1,12,4,2,6,1,11,5,0,5,3,3,2,4,10,2,2,15,9,2,0,14,17,7,3,3,5,1,5,8,1,26,4,1,3,5,6,5,2,11,5,5,3,0,3,1,11,7
"gene_472",56,39,60,70,77,102,51,72,84,151,90,69,152,48,57,24,63,94,79,153,114,50,56,60,115,44,84,34,49,79,56,44,53,44,53,64,54,45,23,48,61,56,64,51,66,58,84,95,56,22,55,69,83,131,90,48,86,43,66,68
"gene_473",0,11,9,4,7,1,2,12,17,9,4,9,8,2,5,1,3,9,13,14,1,1,16,15,1,1,16,4,11,27,11,8,10,5,23,19,15,5,7,13,22,4,10,20,11,3,23,3,15,0,14,11,6,9,1,19,8,24,4,9
"gene_474",348,274,301,340,386,218,251,390,296,374,363,177,301,268,252,209,277,338,186,172,360,253,197,361,352,294,272,264,215,287,311,312,189,306,297,145,259,264,391,240,440,506,225,316,350,291,239,257,468,234,404,394,167,317,243,273,377,328,493,214
"gene_475",43,35,57,33,63,69,58,102,156,65,23,33,66,43,59,21,52,71,31,86,31,25,54,35,49,44,69,47,22,38,82,56,51,53,37,32,47,32,29,80,92,49,52,39,49,104,20,91,52,58,46,46,43,103,55,96,173,43,156,98
"gene_476",81,129,56,147,96,90,137,147,194,98,184,65,131,107,113,113,80,172,104,91,70,123,164,148,74,81,51,130,105,160,57,67,137,117,78,74,86,85,120,155,118,67,146,129,150,50,90,182,170,86,93,157,64,126,52,96,147,124,134,149
"gene_477",6102,3323,4076,5699,3414,5792,6910,8256,6369,4281,7249,4119,8352,3998,4922,4685,4775,3376,3600,4966,4498,4071,6872,3909,4361,6541,4789,4377,2860,6120,4063,4093,4454,4490,4391,2382,4356,4736,4944,4003,4821,3749,3019,3584,4124,3457,5577,4094,5904,2456,3708,3690,3430,5171,6107,2981,5394,3253,3183,6006
"gene_478",219,180,169,241,219,146,324,153,134,240,190,152,179,188,189,170,134,176,148,133,150,160,231,178,203,117,248,275,211,102,119,365,300,330,173,125,361,233,212,368,253,201,240,270,150,244,219,207,333,204,173,330,294,294,122,367,435,185,245,188
"gene_479",29,58,22,44,50,19,58,19,17,59,24,23,38,40,21,13,29,22,40,31,42,34,32,61,50,74,22,43,41,80,9,11,12,12,10,7,9,10,3,15,6,13,3,6,10,8,5,9,15,15,8,11,13,21,15,17,20,9,6,8
"gene_480",87,130,154,245,138,150,242,192,168,70,169,99,297,147,114,88,122,181,150,74,217,84,134,196,150,145,94,206,145,98,132,162,217,154,190,83,155,206,128,203,167,218,123,167,120,141,103,157,152,147,115,171,60,123,154,240,225,126,200,283
"gene_481",44,45,63,74,58,35,63,62,164,59,56,36,131,89,70,70,69,100,85,61,37,44,128,38,99,78,57,50,31,63,59,77,86,120,52,40,76,103,23,74,72,74,33,109,94,57,28,75,87,48,98,55,68,73,49,73,119,88,89,75
"gene_482",749,465,726,1595,734,777,596,759,452,1230,951,874,1000,835,808,441,499,691,578,807,780,274,718,817,527,575,615,651,470,803,825,519,1165,812,617,377,912,712,493,1365,978,756,507,587,1278,793,1067,465,595,374,834,841,1059,587,906,416,1560,569,774,1104
"gene_483",140,162,102,119,229,74,175,164,82,110,128,191,219,71,135,52,95,113,144,95,60,97,188,152,182,161,69,101,139,106,143,199,75,202,158,102,225,57,73,194,259,80,62,156,145,131,144,190,167,171,127,85,209,97,219,127,192,57,163,190
"gene_484",239,124,179,203,268,219,195,329,254,130,221,250,263,119,133,106,150,231,172,184,119,149,194,91,261,97,155,199,115,201,170,339,201,142,75,73,171,223,199,203,199,216,115,191,147,134,192,130,237,155,210,326,252,165,170,159,364,124,164,146
"gene_485",233,182,387,250,165,235,265,383,458,462,276,178,432,197,368,100,246,270,426,122,529,195,266,727,424,339,272,164,162,487,318,297,367,325,141,231,423,221,350,248,377,343,307,370,333,358,243,301,426,310,273,427,400,501,279,436,511,289,300,287
"gene_486",2144,1996,2574,2202,1293,1425,2953,2481,2638,2168,2319,1245,2132,2201,1676,1460,2447,1660,1774,1298,2699,1639,2029,3577,2461,1950,1655,1184,1880,1990,3380,2979,2732,3018,2343,1302,1943,1855,2520,2860,2492,2151,1316,2475,2443,2110,1992,1482,3138,2321,1158,3538,2551,2299,2592,1417,2717,2509,2744,2991
"gene_487",84,58,96,144,92,116,150,97,151,187,110,64,125,202,84,121,93,118,79,109,68,48,133,147,81,82,92,148,118,68,103,157,139,132,126,66,64,68,114,59,119,184,72,133,177,106,117,72,127,59,91,160,111,56,103,151,147,81,139,159
"gene_488",1043,1061,1424,1176,1018,976,2115,1249,1129,1457,1181,855,1726,1365,1303,649,831,1032,594,1415,832,677,1142,1288,1008,1039,1010,1115,863,911,977,1007,988,1128,689,362,867,1125,845,1029,1222,1029,742,1184,1402,728,778,607,1012,948,844,994,1117,576,1379,1629,1756,842,1080,1292
"gene_489",47,28,51,40,19,11,24,56,9,78,10,50,35,42,27,12,36,7,18,52,38,32,46,31,42,37,49,40,47,12,16,21,94,15,54,59,59,37,31,42,47,44,43,25,45,26,24,25,60,21,22,61,30,30,20,64,41,10,59,35
"gene_490",1834,2290,2239,2790,1403,2319,2609,2629,2716,2875,2050,1233,2329,1942,1849,1377,2397,2157,1486,2031,1510,1223,2862,2147,2407,2809,1309,2088,1958,854,1573,1608,1326,2071,1435,851,1675,1790,1906,2362,2566,2434,1213,1242,1510,1764,1125,1511,2495,1759,1522,1269,2366,1858,2463,2958,3803,1460,2013,2593
"gene_491",48,43,46,58,13,22,41,71,29,41,71,60,65,21,40,21,41,29,19,24,35,54,30,18,14,84,34,49,20,47,21,20,43,22,29,16,20,29,11,24,23,37,26,28,25,31,33,30,6,21,23,13,38,10,22,41,40,31,65,34
"gene_492",9,14,20,17,9,13,5,11,16,47,18,28,59,32,9,19,8,16,14,25,5,11,47,24,23,11,18,8,27,21,42,19,23,6,27,12,8,13,24,43,33,31,31,40,30,6,7,15,25,15,30,35,25,13,14,16,121,25,23,13
"gene_493",4811,3617,5466,4851,3325,3233,5686,4877,5556,5314,5245,3610,4919,7008,3909,2805,3325,5206,3694,2942,4267,3250,6520,7129,3867,4393,3124,4598,2950,4576,3466,3415,3113,3493,2929,1550,4636,5240,2882,3137,3153,3971,2083,3065,3334,2377,3134,2829,4382,1955,2814,2781,2203,4103,4318,2741,6150,3724,4045,2947
"gene_494",1415,935,1095,1421,1381,1139,1634,1329,1837,1461,1550,938,1697,1733,1030,948,1307,1935,888,856,966,878,1050,1830,1085,844,1193,639,1199,1097,1700,2196,1888,1200,1283,538,1546,1577,1462,1300,1334,1945,952,2489,2017,1065,1427,1836,1538,1315,1139,1380,1386,1051,1846,1604,1909,1513,1011,2088
"gene_495",16,20,47,3,10,13,50,13,6,8,34,19,22,7,40,6,8,14,11,18,10,19,15,29,11,32,28,11,8,21,10,5,74,19,26,28,9,19,14,11,46,12,16,40,29,23,13,28,25,10,36,36,23,31,6,20,30,16,42,18
"gene_496",225,205,222,405,254,165,204,314,246,301,311,173,278,203,173,149,187,343,102,129,202,198,323,276,412,248,217,262,139,276,322,148,224,457,496,137,323,533,294,355,386,258,127,362,308,396,246,222,437,157,333,359,352,326,429,357,814,519,452,394
"gene_497",53,82,44,102,86,49,40,79,38,37,68,22,59,79,68,22,30,29,53,19,55,58,67,43,77,129,68,81,46,49,55,80,51,76,62,26,58,92,45,55,36,88,57,54,79,44,67,40,31,35,26,60,50,25,27,56,42,36,111,79
"gene_498",20,14,28,32,38,32,27,17,35,31,23,34,23,34,26,4,28,24,20,25,9,20,35,53,35,10,43,40,15,26,58,31,35,22,29,23,30,27,13,46,89,63,10,39,19,27,24,9,30,18,54,55,33,46,56,29,66,45,27,52
"gene_499",1501,1106,1967,2095,1876,892,2299,1287,1469,1747,2194,1330,2622,1853,1245,1422,1411,2289,819,3047,1755,1009,2154,1887,1218,1952,1335,1378,1660,1771,1823,1521,1373,1506,1459,834,1228,1928,1168,1485,1590,2396,1301,2175,1989,1212,2111,1731,2076,1013,1274,1421,1306,1747,1503,1743,2012,1587,2011,2220
"gene_500",289,218,329,355,240,249,297,315,359,259,241,197,642,283,277,267,449,387,230,233,324,244,342,318,217,384,347,217,201,626,440,637,693,373,310,261,312,285,400,486,394,281,398,359,570,258,355,277,691,333,523,368,441,343,451,477,949,306,417,428
"gene_501",729,493,540,634,514,494,755,826,411,1115,442,634,585,603,528,331,468,595,346,728,476,514,947,774,486,765,514,702,645,824,585,583,411,613,520,418,462,692,429,567,751,572,301,582,1416,679,376,485,795,492,437,676,757,574,661,738,1199,656,428,798
"gene_502",47,6,18,30,37,17,18,33,21,20,79,16,31,43,0,17,12,44,19,9,13,34,30,45,21,16,13,57,6,11,6,22,10,12,15,3,8,9,5,14,14,13,11,36,27,20,14,22,10,6,20,9,27,15,17,15,25,31,6,18
"gene_503",1424,1684,1477,2166,2053,1578,1623,1482,2760,3406,1587,1665,2210,2360,2600,1454,1656,1265,1357,1641,2179,1439,2164,2213,2098,2022,1439,1281,2004,1263,2738,2062,2449,1557,1903,1372,2255,2073,2559,2643,1582,2590,1181,1844,2087,1944,1515,2485,2420,1035,1578,1669,1617,1520,2180,2132,3612,1871,3483,2707
"gene_504",1514,1649,1255,1809,1385,1447,1932,2670,1096,2247,1047,1087,1715,2478,1228,1284,1462,1790,1278,1295,1055,1171,2139,1880,1229,1539,1140,971,905,1735,1491,1440,1310,1641,1444,931,1243,1595,1272,1171,1389,988,1054,1727,1487,1182,1210,1386,1081,507,1250,1690,1771,1131,2140,1381,1455,1433,1213,1383
"gene_505",1472,826,1330,1266,1485,1175,1305,2040,1889,1714,1346,1623,1772,2223,1701,1028,1375,1610,1471,1493,1446,1678,2176,1321,1320,1405,1029,1352,1218,1553,2109,1550,1800,2142,1883,1322,2038,2022,2035,2137,3016,1392,733,1529,2877,2045,1905,2031,2648,2026,1527,1832,2167,2000,2138,2037,3871,1954,2814,2434
"gene_506",8,13,8,13,10,6,15,13,18,4,7,8,4,18,2,7,8,6,29,9,11,5,15,10,6,2,8,11,11,27,3,7,1,34,8,5,27,6,9,6,2,12,2,1,19,11,8,8,22,12,33,4,15,11,1,2,42,11,33,7
"gene_507",66,39,78,50,46,33,25,18,94,55,43,47,78,20,34,14,48,32,17,75,57,61,88,46,59,80,62,31,52,38,46,63,43,58,34,25,79,103,44,47,69,82,59,41,79,47,81,52,61,37,100,107,76,70,31,56,87,33,39,22
"gene_508",174,229,167,173,166,95,85,245,292,156,174,70,187,253,180,133,149,153,155,161,299,51,243,187,319,228,154,131,132,290,151,144,113,147,286,81,102,153,100,172,139,137,126,148,176,116,83,122,133,61,138,141,141,175,119,111,177,107,243,184
"gene_509",15,24,24,23,14,42,47,23,19,16,12,3,39,8,40,6,31,57,6,18,18,1,21,30,53,28,22,21,17,25,25,23,14,39,18,2,10,25,16,13,22,36,17,17,28,18,37,11,19,18,31,34,32,29,22,7,31,16,18,27
"gene_510",85,100,138,151,122,90,274,262,154,146,165,98,147,109,94,82,128,104,80,155,130,82,133,120,117,182,116,80,128,124,55,122,107,162,121,128,211,102,119,143,64,138,114,150,190,105,86,54,108,81,97,97,109,129,110,115,141,166,134,152
"gene_511",2881,1191,3524,2839,3330,2231,2894,1970,1847,2221,3421,2281,4151,2046,2486,1826,2001,3561,1622,2101,1867,2353,2240,2680,1634,2439,1633,1799,1848,2240,1470,2239,2021,2814,1395,827,1519,2776,1504,1688,2695,2379,1545,2162,3469,1527,2381,2471,2587,1562,1180,2315,2290,1871,1864,2179,2686,1753,1460,1649
"gene_512",67,45,70,70,63,64,58,67,45,70,98,39,75,76,72,45,39,77,51,101,51,41,38,102,121,32,102,52,45,92,51,104,95,58,66,27,94,36,50,52,68,114,30,50,60,123,52,62,64,59,55,51,66,94,113,81,130,104,86,118
"gene_513",33,21,11,24,14,28,18,15,4,21,5,10,22,2,51,7,2,44,12,7,7,13,30,32,32,37,10,32,2,3,6,9,11,24,32,7,13,16,23,18,7,42,8,38,24,14,4,8,10,12,13,16,23,5,29,15,29,18,34,56
"gene_514",234,262,491,327,289,267,300,298,308,421,432,344,302,192,334,129,224,166,182,287,393,181,322,186,309,326,273,312,150,264,267,215,215,272,173,99,172,300,246,245,323,204,85,177,225,165,239,225,291,183,163,211,127,149,268,236,347,258,248,228
"gene_515",211,118,85,108,99,69,106,112,115,109,180,117,133,149,86,24,62,99,88,83,55,69,104,105,113,103,109,118,52,59,45,126,61,83,75,74,106,78,80,106,86,130,89,104,60,66,101,125,117,52,114,95,94,45,172,54,125,37,130,133
"gene_516",223,97,124,83,156,94,284,160,169,153,167,98,180,132,116,70,107,147,136,151,132,219,112,145,178,75,105,208,84,220,188,245,116,210,147,68,157,118,255,134,146,216,78,165,135,87,139,173,221,105,141,188,177,113,206,135,151,106,334,153
"gene_517",1516,1086,1500,1097,1280,1419,2037,1751,2128,1378,1128,535,2376,1643,1653,1079,1498,2373,844,1310,1319,1290,1672,2083,1452,1830,1072,1007,1246,1497,1804,1513,1277,1386,1173,827,1243,1542,1461,1438,1409,1808,790,1681,1174,1080,1014,1446,1500,1357,1163,1409,1291,1692,1842,1476,2667,829,1123,1054
"gene_518",85,100,208,160,212,268,318,247,107,236,169,134,148,130,184,126,180,134,99,154,168,120,250,201,194,137,162,258,158,121,152,91,122,212,157,79,82,148,181,130,119,127,78,107,108,132,90,113,157,147,89,140,167,168,182,192,236,136,171,87
"gene_519",179,96,303,104,211,166,151,279,253,204,192,152,213,144,185,68,121,246,121,97,207,178,65,163,266,194,187,154,177,241,202,146,124,200,210,105,96,157,185,267,196,288,118,169,188,133,269,251,287,171,138,197,140,184,215,190,216,167,158,151
"gene_520",224,236,476,396,226,282,395,350,522,255,164,323,404,411,317,261,376,529,198,337,237,275,353,365,346,453,387,311,174,208,266,306,266,157,179,118,205,120,209,394,262,205,240,193,219,248,190,342,279,128,262,326,342,161,251,289,281,167,214,112
"gene_521",16,12,23,24,15,15,26,20,20,59,6,9,30,6,9,16,17,12,13,10,29,14,13,59,39,13,11,28,10,13,20,11,12,23,18,11,8,18,5,11,6,22,15,15,16,16,9,5,5,2,25,21,5,11,15,39,24,59,30,9
"gene_522",326,240,363,426,381,186,440,543,363,276,274,286,733,268,286,154,262,426,235,255,211,252,226,294,265,389,310,290,201,356,304,274,296,255,294,98,199,347,306,364,290,365,164,327,225,247,264,260,279,177,273,312,248,279,295,227,427,310,143,217
"gene_523",201,182,331,491,401,376,385,511,431,300,476,161,361,260,252,194,233,236,244,261,259,341,141,332,469,227,272,158,354,205,303,391,291,359,169,338,307,393,270,205,510,338,204,368,446,353,466,273,460,182,193,524,347,302,246,350,647,346,641,239
"gene_524",1087,659,758,720,915,760,702,684,763,1030,786,608,949,798,693,296,814,1135,574,631,676,437,665,790,1023,1175,609,758,767,853,618,814,809,684,711,607,859,1068,873,852,970,1212,610,905,679,616,616,928,767,763,707,850,1262,831,798,717,1850,450,800,805
"gene_525",8,13,14,35,3,10,3,2,4,5,7,3,14,13,22,1,5,10,0,0,9,9,1,13,0,6,7,3,7,6,10,4,2,28,5,1,17,2,7,12,6,6,0,38,14,8,9,4,6,4,6,10,3,13,11,3,16,3,10,13
"gene_526",5033,4436,4706,6596,4728,3336,5394,5957,3455,4221,5581,3217,4834,2416,5667,2461,3207,5247,3446,3288,3646,3315,5435,7397,5984,4521,4912,4207,3074,4457,5376,4826,2804,5577,4910,2084,4634,7203,3913,6063,6156,5126,4020,6119,6719,3318,5811,5651,6634,3832,8015,4516,8841,5267,4732,5874,9822,2821,7567,5847
"gene_527",4,0,4,7,9,5,1,0,2,2,2,2,8,2,10,1,0,2,5,1,1,0,12,7,0,5,10,3,5,8,4,3,0,0,0,0,5,3,7,4,3,8,9,7,3,0,1,5,6,4,4,6,1,1,16,3,15,0,2,4
"gene_528",96,173,143,159,108,281,203,365,171,173,147,93,163,210,99,73,133,218,161,140,147,126,253,262,159,106,177,161,184,390,94,116,110,220,174,114,213,226,189,156,154,144,137,147,254,116,185,117,246,198,156,218,268,163,155,142,191,156,253,204
"gene_529",38,35,27,35,2,13,13,35,77,30,30,14,20,71,39,11,51,17,34,45,30,15,65,17,8,12,9,18,22,13,13,33,32,26,15,5,28,12,24,14,25,51,23,16,25,23,29,8,46,8,5,24,54,34,32,19,38,15,42,21
"gene_530",243,174,296,252,270,238,227,322,576,304,207,279,429,282,434,231,194,319,181,355,328,213,266,518,231,307,177,374,150,267,232,210,208,305,359,208,229,214,386,470,361,443,244,325,409,323,229,312,479,249,271,382,306,264,316,451,717,234,338,577
"gene_531",986,624,1642,1240,911,872,1301,1034,1441,932,1140,859,1813,511,1719,690,881,647,1373,763,1153,899,1823,1057,1247,828,1182,1291,883,1322,858,898,908,863,1088,516,1089,928,1047,1197,1319,1158,832,879,981,645,904,716,1127,472,957,1205,1177,755,434,807,1262,975,915,1418
"gene_532",2,6,0,5,3,2,0,4,0,2,0,1,3,4,5,3,3,3,3,3,7,1,7,3,0,1,3,0,9,8,0,0,3,4,7,9,4,2,2,0,0,1,0,1,13,0,2,2,11,0,8,0,19,7,7,6,0,2,2,8
"gene_533",25,20,25,31,32,28,33,39,71,16,64,31,35,74,45,20,16,34,45,38,39,37,42,54,93,61,46,34,8,63,52,40,70,66,87,58,50,19,69,50,25,93,18,10,66,32,39,18,73,22,63,40,42,42,51,21,74,38,55,46
"gene_534",3,1,0,3,5,0,1,9,9,1,9,1,3,11,0,2,4,6,1,6,0,3,5,2,2,0,4,0,3,1,4,5,2,3,16,0,2,9,0,2,4,1,0,2,4,9,22,9,1,19,4,7,8,6,30,11,8,4,6,8
"gene_535",296,245,343,279,390,275,419,504,367,345,362,199,362,306,444,196,301,266,359,361,334,158,297,451,460,356,243,330,283,284,345,378,362,448,401,235,349,467,380,396,395,395,232,417,413,315,420,517,612,265,533,341,436,353,331,577,453,409,317,516
"gene_536",197,220,200,393,423,242,536,475,390,257,413,236,448,431,352,236,189,242,320,416,468,355,482,410,398,463,247,180,242,372,220,373,396,377,244,181,243,404,228,427,720,346,321,459,488,284,357,374,287,221,376,398,350,262,243,328,583,162,377,531
"gene_537",764,765,811,930,1081,606,518,1362,1140,1027,752,687,2006,730,1028,739,874,836,957,490,744,840,881,798,883,1003,937,993,549,766,989,710,1032,1066,883,575,643,850,1263,798,478,910,582,1265,967,669,708,732,1286,536,701,738,1479,681,1411,796,1132,776,626,730
"gene_538",45,62,40,53,95,89,57,22,50,131,50,41,88,50,62,30,68,52,33,93,72,77,66,59,73,98,70,46,31,57,57,41,50,69,40,37,38,38,83,60,54,98,33,75,39,51,98,78,132,56,41,122,103,37,64,77,85,43,58,72
"gene_539",4220,3374,3420,5274,6006,4650,4594,4407,5846,4245,6408,5138,5850,5706,5267,2977,4304,5423,4047,4861,3532,3279,3372,6810,5982,5710,4114,6948,4585,4683,4487,4853,4444,6656,4025,2804,4819,6408,4042,4650,5700,6006,2700,4148,5436,6266,3945,5238,7684,3481,3649,7461,5588,5571,3952,6410,7744,3941,5178,4979
"gene_540",1999,961,1625,1837,1977,935,2030,2315,895,2013,2673,833,2148,1169,1730,1125,1265,1465,1146,1695,1301,1308,1868,2417,1906,1507,1657,1431,1179,2224,1875,1728,1961,1713,1537,1107,1178,1066,1886,1850,2035,1929,901,1720,1649,1558,1859,1521,2287,1249,1467,2367,2790,1598,2056,2077,2302,2199,2843,1721
"gene_541",218,235,253,217,361,233,300,361,260,313,338,228,427,409,307,193,254,314,181,263,215,251,252,280,273,188,167,412,312,435,306,247,274,249,200,155,164,190,222,144,202,415,135,209,303,176,155,223,179,172,218,225,260,164,181,197,319,203,210,234
"gene_542",197,166,247,98,248,139,249,233,168,224,184,132,331,217,123,74,141,96,136,151,158,120,251,84,176,121,124,213,139,188,172,107,92,163,181,103,134,185,125,148,198,164,72,227,93,155,122,174,145,125,212,148,276,134,156,207,128,258,213,261
"gene_543",111,64,130,61,86,135,142,95,172,89,149,96,99,143,120,145,104,88,114,67,136,83,93,146,163,126,64,49,59,59,164,97,94,93,95,98,101,86,86,95,149,107,68,76,177,111,128,104,142,43,111,133,105,171,159,66,197,132,98,65
"gene_544",30,89,88,75,75,66,104,155,65,81,121,38,43,62,120,60,73,38,92,36,103,115,100,113,82,147,54,104,58,82,92,118,119,76,32,64,96,73,100,125,63,141,58,114,87,91,110,56,119,87,68,67,87,51,51,81,107,89,102,68
"gene_545",1422,1825,1497,2086,1639,1596,1420,2116,1201,2057,2201,1109,1997,1568,1390,1260,1135,2154,1044,1407,1468,1019,1499,2357,1254,2076,2048,1585,1496,2713,422,382,436,359,273,298,407,502,479,480,668,551,333,482,479,328,387,470,566,474,538,623,638,379,326,488,603,383,569,517
"gene_546",493,313,450,643,530,435,401,524,551,587,723,482,699,731,540,363,472,290,492,428,480,530,781,446,862,452,543,532,478,431,578,851,550,439,515,475,444,586,495,398,713,1113,389,911,481,601,645,548,501,403,518,578,667,448,744,725,1262,507,806,676
"gene_547",53,19,41,16,45,17,71,29,26,40,29,39,23,45,44,23,28,44,17,34,11,16,29,56,31,35,27,38,42,54,30,34,31,12,31,14,30,64,19,40,29,25,19,12,63,24,38,33,122,20,40,37,33,34,11,33,45,13,50,40
"gene_548",28,34,5,14,15,16,17,23,5,18,14,13,21,17,27,3,8,15,12,10,21,3,31,35,22,6,10,15,12,33,6,10,3,10,10,5,3,10,9,40,22,23,15,40,30,32,5,4,33,15,5,3,22,12,7,17,13,22,1,27
"gene_549",11,6,19,19,25,10,13,13,16,8,3,6,11,3,13,14,2,21,3,12,9,9,23,5,22,7,12,18,9,7,9,18,11,8,32,34,13,1,18,15,7,16,8,6,20,6,21,8,12,10,8,13,27,6,11,31,16,9,44,4
"gene_550",6,32,2,17,1,9,14,0,24,4,12,11,11,15,16,2,5,1,1,7,0,11,19,20,13,12,6,27,3,3,1,42,12,6,3,1,14,18,10,1,23,22,9,6,2,7,12,12,11,21,8,31,10,4,2,61,50,3,0,15
"gene_551",5,6,19,11,4,0,4,0,3,2,2,1,9,4,2,7,8,2,3,1,1,7,1,19,2,7,1,4,5,6,0,5,5,6,1,1,2,1,5,1,13,1,0,3,3,1,7,0,0,3,0,3,6,0,6,5,15,0,1,16
"gene_552",77,93,100,89,80,60,216,108,58,127,64,34,99,77,80,73,42,186,36,78,96,48,111,64,133,132,84,97,51,49,104,130,184,111,170,40,56,123,139,136,143,197,60,177,117,165,54,83,126,61,53,96,158,68,155,73,207,66,63,163
"gene_553",24,16,66,34,43,44,69,29,39,26,28,29,27,17,27,23,32,54,33,36,19,31,81,51,29,26,17,39,20,57,15,44,36,26,34,29,21,23,23,67,49,68,20,26,11,63,16,72,25,13,50,39,40,45,85,25,56,36,41,38
"gene_554",79,44,53,37,65,31,43,69,106,36,55,56,112,52,22,29,53,48,72,41,47,40,31,46,28,40,27,20,22,26,81,85,51,69,35,30,47,43,46,59,66,25,17,95,29,88,64,56,70,26,57,40,100,53,70,39,66,53,76,33
"gene_555",2087,2115,2724,4191,2797,2790,3170,4405,2905,4141,3812,2451,3160,3464,2767,2173,1567,3081,1621,3319,2904,2810,2190,4218,3724,2690,2524,2545,2219,2135,2788,3660,4533,3829,1960,1224,3130,3746,3084,2989,2984,4260,2318,2140,2972,3249,2989,4650,3200,2487,2352,3542,3669,2301,3146,3551,2691,2680,2976,3628
"gene_556",2201,1041,1814,2322,2580,2121,1987,1699,3380,2968,1277,1426,1618,2619,1461,983,1546,2830,2039,1775,1571,1400,1857,2150,1787,1907,1061,1113,1593,2321,1739,1675,1298,2116,1488,1228,1937,1759,1720,1552,1199,1229,1062,1227,1455,936,1155,1091,1413,748,1192,1354,1458,1319,1884,1332,2989,1352,1914,1470
"gene_557",51,34,60,128,69,50,60,44,42,60,59,39,87,22,30,57,27,61,69,22,76,54,101,59,62,23,36,121,27,30,49,58,41,52,50,44,39,38,41,36,56,64,37,82,45,34,54,70,134,19,48,78,70,63,69,77,111,106,57,92
"gene_558",35,47,29,30,61,54,20,58,43,63,52,51,78,27,95,35,19,24,68,30,56,35,33,23,18,48,44,26,29,53,8,20,32,21,11,7,12,13,7,7,4,10,10,15,11,14,3,12,24,5,7,18,13,16,10,18,10,6,6,28
"gene_559",41,29,51,79,34,39,78,120,44,128,86,35,108,19,51,38,42,53,83,38,27,56,96,93,86,42,35,30,57,62,35,42,39,55,33,52,63,89,56,61,101,85,18,108,94,64,74,28,45,41,57,53,119,63,47,36,67,103,104,79
"gene_560",0,11,10,0,1,0,1,3,0,2,2,1,17,19,3,11,2,10,7,14,1,11,0,7,7,5,2,9,2,0,1,5,5,6,4,1,2,3,0,1,2,8,4,4,2,2,2,0,12,5,2,2,24,0,3,5,23,8,11,0
"gene_561",183,95,116,92,157,96,90,116,64,140,175,60,120,134,98,70,165,148,101,67,84,59,149,89,124,142,100,183,171,184,156,132,166,138,45,81,107,187,93,181,196,153,92,45,192,187,173,108,207,79,99,184,395,156,141,235,276,156,199,163
"gene_562",114,65,112,60,46,114,221,137,116,174,136,108,171,100,153,90,134,148,76,122,95,173,149,151,71,134,134,89,170,90,163,156,70,71,99,45,160,97,150,180,145,128,94,232,166,98,117,157,138,94,140,146,162,160,188,88,152,125,218,137
"gene_563",251,77,212,86,183,144,93,130,148,148,104,56,126,121,111,73,144,122,68,110,113,115,92,185,86,184,211,78,98,209,172,113,86,138,150,120,109,187,117,171,210,200,140,180,136,73,107,138,143,87,132,154,136,74,202,126,266,146,179,131
"gene_564",197,114,34,73,94,79,150,131,81,91,62,111,140,54,78,60,108,100,39,101,99,68,121,141,148,124,153,64,77,102,73,106,234,61,62,70,107,126,124,74,137,217,55,119,85,83,121,134,173,86,69,72,89,59,116,95,243,43,123,137
"gene_565",42,46,103,81,119,93,103,116,80,101,101,66,99,107,95,70,107,99,64,90,110,84,40,47,153,59,69,150,75,134,118,60,69,90,55,90,43,179,92,89,147,99,90,71,108,120,89,88,61,57,43,54,104,72,94,47,211,111,106,105
"gene_566",222,184,231,293,282,280,358,161,273,388,450,285,248,319,373,135,171,275,338,262,284,213,284,297,492,323,193,332,203,218,166,363,227,290,277,217,234,442,190,521,371,437,253,209,420,353,221,155,333,260,435,198,319,466,211,556,363,454,450,320
"gene_567",242,444,800,640,574,717,1115,996,927,1030,828,482,898,1036,647,398,484,856,462,498,759,553,910,684,1303,577,577,434,566,611,595,423,602,974,689,498,483,642,546,571,805,726,679,691,710,628,496,567,918,476,759,663,680,612,616,764,1036,550,1000,1274
"gene_568",4011,3081,5994,5110,5179,1935,2839,6041,4612,8495,4304,3930,5735,5511,6721,3947,3390,4547,3606,6334,4627,4990,5893,5085,4641,4306,4306,3576,3297,4722,4638,4217,3356,5832,4404,2092,4038,5427,4387,5064,4533,4542,2955,3982,4499,5092,4505,4440,6311,2798,4563,5061,5266,6121,3643,3374,9080,4655,4179,5130
"gene_569",2609,1523,2372,2765,1512,2075,2650,2100,1623,2212,1747,1525,2583,1941,2703,856,1944,2108,880,1808,1926,1254,2668,2718,2186,2518,1056,2118,1361,2410,2892,2659,2842,1899,2312,1302,1961,2380,1784,3349,1916,2066,1698,3035,2674,1472,2873,2878,5575,1962,2366,2155,2987,2297,2898,3927,6115,1985,1345,4704
"gene_570",29,21,58,33,20,32,67,40,24,32,40,18,47,19,23,37,21,84,33,26,32,18,47,27,21,13,32,29,24,25,24,76,37,42,22,13,21,19,42,47,35,47,24,35,3,14,38,50,30,25,33,29,23,16,56,30,11,20,60,74
"gene_571",384,303,723,663,605,516,606,721,529,613,820,439,502,651,743,309,492,661,517,584,321,342,669,443,930,885,448,657,540,912,66,132,193,176,154,52,106,99,178,100,216,135,117,135,122,138,138,141,225,114,158,187,145,238,183,176,226,77,193,221
"gene_572",32,37,18,54,22,19,19,39,43,46,18,48,12,64,34,24,30,9,5,54,30,12,35,61,20,40,31,58,13,21,11,16,29,16,15,0,6,9,5,27,8,13,13,8,32,6,26,7,40,1,22,4,23,18,22,40,45,8,9,23
"gene_573",445,485,843,668,612,551,549,898,520,943,994,562,919,758,773,569,599,897,593,806,554,562,671,557,1198,644,635,609,354,598,803,588,835,789,466,265,196,587,558,748,778,759,350,604,736,701,424,716,1109,641,626,724,805,996,532,786,1227,523,813,1029
"gene_574",24,33,28,7,7,15,10,19,4,23,27,6,15,24,17,9,9,35,1,7,17,15,9,3,11,0,15,21,31,22,19,8,28,7,11,8,12,17,9,41,30,46,16,48,31,17,10,4,23,10,24,27,15,35,3,14,38,20,21,60
"gene_575",6,1,2,7,6,1,0,13,0,7,14,0,10,2,7,1,4,0,7,5,14,6,7,1,13,5,1,12,3,3,6,6,8,0,0,4,4,2,0,6,0,5,2,3,3,0,0,8,8,8,11,9,2,0,6,6,13,12,0,2
"gene_576",96,85,68,160,96,116,147,86,113,143,38,114,133,99,90,44,56,75,74,66,121,60,70,125,86,115,137,94,92,97,57,129,113,127,55,69,139,98,47,143,101,133,93,170,134,77,88,146,155,80,139,162,121,88,103,102,139,107,41,95
"gene_577",75,30,70,97,124,83,148,117,153,58,89,65,239,142,111,16,77,99,69,76,35,68,43,145,157,98,80,101,80,87,104,76,135,86,121,68,119,87,94,122,152,170,118,118,127,45,127,156,111,81,170,139,103,137,110,206,206,103,86,232
"gene_578",10,8,18,44,29,19,16,9,9,5,15,8,7,3,11,11,40,1,13,21,23,27,4,17,2,8,8,2,21,6,26,17,17,22,19,5,17,26,8,18,16,10,22,6,32,1,9,6,33,14,11,11,13,27,7,9,20,22,19,29
"gene_579",201,189,293,265,278,205,305,197,217,261,282,242,329,292,453,145,225,304,344,243,198,240,390,429,426,288,251,310,163,205,326,186,409,421,379,258,274,412,178,382,458,325,401,624,229,513,277,306,332,288,191,214,565,270,356,362,397,366,347,719
"gene_580",711,502,808,608,466,633,740,933,787,574,601,460,697,466,517,333,568,553,745,424,412,580,582,709,444,670,459,612,508,827,801,1012,478,543,397,532,472,595,681,639,434,597,498,989,697,466,608,451,726,646,332,1063,764,561,605,720,912,723,521,997
"gene_581",46,22,113,109,54,72,81,128,56,104,58,41,50,116,85,35,25,49,75,75,59,85,47,110,102,109,95,75,63,95,93,41,73,59,39,63,75,56,99,155,57,111,34,55,97,84,73,75,112,34,71,49,91,67,82,80,134,36,93,67
"gene_582",213,117,337,214,215,167,220,269,140,435,319,176,314,190,254,71,116,165,175,250,203,108,177,204,210,240,161,214,184,282,208,300,189,162,337,110,336,321,163,257,281,326,249,202,243,117,269,249,252,210,149,228,323,169,256,285,403,295,374,221
"gene_583",31,26,30,7,51,75,46,14,43,71,36,31,46,83,44,22,35,35,58,35,21,8,58,47,30,48,29,57,35,31,10,41,32,9,18,26,31,49,49,49,22,27,24,78,56,21,51,48,40,55,26,51,24,21,33,44,36,27,24,36
"gene_584",4956,2268,4207,5749,7389,4814,5076,5543,3420,6113,4988,2645,3476,5405,4233,3644,3304,5287,2645,4136,4756,5127,4976,4583,4953,6044,2268,3248,3379,4468,4292,5341,4431,3870,3219,2063,4537,5993,5180,4313,3682,5613,4377,3923,4176,4318,5311,3819,6564,3618,3816,4728,4081,4514,8560,4363,7626,4320,5263,5053
"gene_585",5,2,5,8,1,6,1,4,2,8,2,21,19,3,2,11,9,1,8,9,10,6,12,1,10,16,0,3,6,6,9,5,10,1,2,3,12,12,6,4,12,2,2,16,12,16,7,10,3,1,4,2,2,4,4,6,47,12,11,5
"gene_586",58,52,93,46,61,104,115,127,182,124,114,80,113,67,165,61,125,146,43,96,72,39,102,144,163,81,62,137,47,102,70,81,73,118,77,40,125,58,56,109,151,67,87,86,87,49,140,60,116,86,113,119,125,81,98,107,185,64,164,132
"gene_587",22,14,13,23,25,27,7,36,16,23,46,23,31,16,13,6,25,11,11,19,7,10,34,18,13,11,18,49,18,16,14,25,19,12,36,22,8,10,8,31,28,17,11,10,29,16,4,14,11,6,18,6,1,20,21,6,50,21,21,21
"gene_588",39,98,93,66,99,108,172,148,111,81,49,38,183,29,116,61,25,76,84,93,55,66,61,111,92,98,100,156,47,146,82,108,180,62,110,56,86,76,118,67,103,128,44,127,114,59,117,47,86,72,103,133,88,44,13,41,153,90,168,78
"gene_589",16,7,39,24,50,5,44,26,28,65,18,11,28,41,39,32,13,23,26,38,17,21,67,13,21,13,31,16,16,26,66,50,23,54,16,12,42,35,60,67,42,37,19,35,48,40,24,46,26,37,22,54,34,60,57,26,80,32,24,19
"gene_590",425,276,471,391,815,363,441,323,425,388,563,240,526,350,205,227,253,523,244,312,346,291,507,713,306,322,165,362,295,434,423,419,272,335,444,325,362,343,435,329,673,668,187,413,464,288,181,340,404,331,203,582,321,428,396,615,546,405,592,396
"gene_591",21,36,10,24,20,23,36,67,29,5,39,22,25,24,21,39,19,24,22,9,43,18,33,40,28,32,48,51,14,33,39,22,22,42,37,9,36,20,16,30,29,6,7,6,31,17,22,31,29,19,22,43,12,28,20,34,75,33,16,21
"gene_592",15,37,25,26,31,19,46,58,25,14,36,19,23,27,34,11,33,15,49,22,25,30,60,47,25,20,14,53,25,31,35,22,82,30,29,19,15,63,21,32,37,15,31,12,49,37,38,26,25,10,19,10,28,23,19,41,18,26,28,30
"gene_593",12,31,1,3,4,4,10,5,3,40,8,2,3,22,10,9,2,6,11,5,21,2,8,5,11,8,0,6,23,7,7,10,5,2,0,0,5,2,8,7,4,19,8,17,19,1,5,5,7,5,5,7,14,8,10,11,8,1,28,15
"gene_594",350,377,345,378,324,235,481,343,529,403,329,279,526,497,539,225,434,398,245,323,250,381,534,403,603,288,348,282,311,507,579,461,471,269,266,248,315,576,494,651,340,463,270,338,414,325,305,303,505,262,616,511,471,559,364,417,424,316,577,349
"gene_595",1,8,1,9,6,17,3,29,8,15,10,11,0,12,8,2,1,8,7,1,4,6,12,14,9,7,0,3,5,8,4,1,4,11,5,1,4,19,11,1,7,11,2,7,2,2,3,10,10,3,15,12,44,6,18,1,2,18,4,5
"gene_596",8455,4012,4272,7006,4986,4032,5149,7222,3351,7303,5979,3778,7397,6920,5801,3134,4123,3436,3864,3499,3798,2959,4889,8192,4418,5955,2883,3781,3242,5928,3222,5895,3395,5847,2627,2865,4046,5227,4911,5973,6493,4640,3331,4077,5546,3802,3826,4421,7673,3477,3524,3818,5164,5437,4545,4557,7815,5477,8356,5980
"gene_597",186,149,277,308,278,224,220,204,249,357,254,187,394,267,200,171,234,623,233,186,189,114,249,231,171,277,195,265,94,251,122,349,188,204,176,132,182,208,135,166,251,229,155,252,433,300,235,221,202,219,343,279,273,237,379,213,334,176,312,346
"gene_598",174,152,168,278,159,240,238,220,252,161,325,152,213,150,341,169,223,258,119,135,161,186,251,316,299,276,157,225,166,177,246,183,242,282,340,124,275,216,208,197,312,267,252,363,239,215,261,149,293,206,295,324,204,244,381,236,310,198,244,297
"gene_599",88,60,67,79,77,66,92,121,125,80,130,81,159,48,86,92,59,93,57,88,46,125,86,136,151,33,185,115,46,89,37,95,52,71,64,70,67,91,69,56,99,92,68,71,67,61,66,63,111,38,66,38,61,54,57,74,89,99,70,68
"gene_600",6113,4467,5467,5982,4885,4126,4184,5729,6668,3755,5307,3286,7923,7186,5512,4041,4876,5372,4503,4145,4571,2584,4055,5486,4629,5569,3052,3447,5408,4548,6995,7000,4287,3540,3821,2374,4179,7018,4338,4152,5179,7334,3218,5446,5495,3399,3311,4285,6359,3116,5262,4842,4584,3328,4004,6447,6925,2563,6822,4869
"gene_601",206,243,325,296,444,279,403,257,310,220,262,252,136,247,421,233,187,277,215,245,252,200,262,326,454,285,347,246,239,271,195,363,173,179,169,163,246,266,261,335,232,258,147,300,188,224,231,131,158,169,203,241,291,249,388,257,364,190,230,320
"gene_602",345,177,212,311,196,273,284,265,274,268,229,171,493,229,104,113,223,252,255,296,273,154,433,258,252,307,244,230,278,272,342,643,376,373,246,137,260,214,233,381,342,253,120,287,214,250,222,283,379,300,315,411,232,317,330,256,585,331,503,419
"gene_603",1,5,3,2,19,5,10,3,2,7,4,11,6,6,5,5,0,11,0,7,24,6,11,7,3,0,7,2,2,0,5,16,2,1,17,0,9,1,3,1,0,13,2,12,1,15,2,4,2,0,1,11,4,1,7,2,6,1,16,3
"gene_604",0,10,9,3,17,17,8,1,10,5,4,0,7,7,7,7,13,10,8,2,3,7,1,2,15,7,5,14,12,4,13,17,6,7,1,3,2,0,10,2,1,13,0,6,2,14,3,2,2,6,7,29,13,0,5,8,11,4,2,20
"gene_605",38,43,41,50,45,30,52,38,30,53,27,32,42,55,37,20,43,22,28,19,40,24,55,59,51,52,28,31,24,71,26,59,31,58,32,23,80,31,24,20,19,53,26,35,65,35,25,42,28,34,15,30,27,46,65,43,38,23,43,65
"gene_606",143,177,253,192,244,215,214,225,245,300,212,101,194,234,266,130,202,250,168,184,147,202,173,203,232,137,162,139,148,310,162,150,126,196,99,80,164,151,189,213,142,269,116,117,181,277,193,336,267,129,167,230,318,171,220,222,218,175,143,310
"gene_607",9,17,4,34,28,15,31,21,26,9,22,8,35,12,23,8,16,54,26,37,22,4,19,51,52,18,14,12,17,25,21,12,8,30,15,14,16,6,11,27,8,21,20,16,19,18,18,19,6,3,13,35,30,37,18,22,53,19,63,3
"gene_608",36,36,47,27,40,15,20,42,40,37,41,28,35,19,36,20,28,14,28,12,29,10,10,19,42,31,15,47,11,36,34,16,32,29,15,43,4,17,19,31,15,16,14,13,18,18,36,11,36,8,39,23,23,28,62,29,32,32,41,13
"gene_609",1,5,20,5,4,6,0,2,0,4,10,2,6,20,1,9,4,3,3,1,8,1,1,8,4,3,5,4,8,11,4,14,8,2,3,3,3,4,12,8,5,11,10,34,12,2,8,3,9,5,28,3,10,5,3,16,21,6,26,9
"gene_610",334,281,285,354,358,309,283,239,269,178,414,268,384,299,201,309,212,398,233,183,215,212,279,626,245,206,279,259,140,299,248,392,119,286,432,216,256,228,265,320,375,421,130,387,279,168,284,267,414,222,270,311,260,189,349,636,305,375,301,397
"gene_611",42,63,68,64,111,42,68,116,76,49,50,44,101,57,77,63,49,68,24,14,58,14,73,29,45,32,15,69,16,50,68,113,86,78,97,60,85,129,70,86,43,154,75,50,95,54,43,22,66,60,86,58,81,32,32,32,117,68,72,155
"gene_612",2,5,10,8,18,3,2,7,2,12,11,4,11,6,19,7,4,1,2,21,2,2,4,38,11,3,2,11,2,7,9,8,3,16,7,1,2,17,4,3,24,55,0,31,24,3,4,31,0,0,4,15,4,2,3,8,23,9,32,12
"gene_613",60,30,35,53,39,33,63,37,31,56,30,29,48,60,68,20,72,53,90,37,17,32,83,75,77,74,20,75,28,78,63,107,66,30,14,29,36,143,53,68,68,113,24,67,142,58,63,46,60,56,23,51,46,74,37,87,124,56,43,50
"gene_614",70,136,86,98,138,93,74,120,64,106,90,69,232,134,80,63,112,149,122,58,107,118,120,160,117,130,88,107,111,141,57,67,44,49,71,28,46,122,110,101,86,63,39,63,130,63,66,77,109,73,60,123,93,77,91,75,134,71,85,83
"gene_615",8,12,7,27,14,30,12,16,20,47,5,18,21,14,16,7,6,17,20,15,27,18,35,5,17,24,14,22,5,44,14,9,8,26,6,25,22,23,28,13,15,27,18,30,17,16,27,20,15,14,23,9,13,18,38,19,34,48,51,34
"gene_616",6,6,4,4,8,0,0,17,13,5,0,1,6,1,8,10,1,3,2,6,1,1,9,7,0,0,5,6,1,1,5,7,5,2,15,7,6,2,15,9,0,5,0,9,2,3,1,5,0,1,0,2,0,0,1,11,4,17,4,1
"gene_617",1254,2271,3216,2171,2301,2265,2802,2669,2627,3063,2409,1667,3155,3385,2244,1763,2164,2769,1607,1617,1893,2101,4173,1932,2582,1940,1746,2487,1550,1874,3315,2020,2321,2006,3076,1221,3024,3411,2285,1736,2506,2332,1691,2956,4608,1538,1307,2235,2653,1538,1920,1878,2549,1895,2898,2704,3976,2385,2388,1766
"gene_618",107,137,178,105,129,158,72,100,186,190,237,130,133,101,90,64,117,186,96,94,181,78,91,170,112,87,87,137,142,97,83,240,44,117,114,59,139,160,86,192,81,103,115,110,151,112,198,134,186,65,179,105,152,124,159,88,356,173,158,250
"gene_619",66,60,71,128,80,69,83,79,56,116,57,121,130,93,84,58,84,70,110,93,100,140,100,127,133,64,61,95,65,113,80,77,116,134,58,88,118,127,79,107,159,83,100,53,183,51,158,145,173,190,76,114,123,85,186,98,163,161,210,186
"gene_620",35,80,97,68,108,91,134,84,187,141,84,105,87,152,114,39,79,55,69,86,71,106,132,90,165,94,154,127,143,76,108,161,111,141,71,56,95,56,132,130,75,139,38,116,76,95,97,74,214,52,161,103,171,108,102,161,83,113,220,111
"gene_621",401,319,332,254,295,258,309,440,298,357,258,271,278,411,242,169,221,135,152,78,210,285,281,364,266,308,225,327,223,220,216,215,175,279,208,138,211,143,324,391,289,157,217,321,395,281,252,301,322,161,223,321,226,193,339,297,451,253,213,284
"gene_622",1525,1380,924,1006,910,1549,1964,1120,1574,1725,1156,1352,1670,1184,1091,979,804,1408,827,1007,1386,1018,1545,1461,1064,1073,813,1307,869,1562,1174,1313,1284,1270,965,847,1100,1027,1374,985,1598,1465,790,1503,1499,1440,1373,1345,1570,1135,1014,1435,1592,1271,1853,1857,2002,1758,2048,1957
"gene_623",1140,677,1717,562,1184,926,1187,1290,1212,1352,1357,885,1377,1107,1096,917,1090,889,1094,706,1197,629,927,1509,1266,1053,1214,835,514,801,557,974,1164,1090,966,578,949,1613,837,1299,1348,1378,576,1112,1026,1164,1040,955,1547,839,687,2060,1288,1315,598,1103,1629,1192,1104,1551
"gene_624",20,58,91,27,40,111,65,88,88,52,63,106,71,41,68,25,52,87,51,84,116,50,51,23,138,124,53,106,55,107,53,88,28,34,76,31,36,69,55,54,139,113,62,79,62,55,66,89,47,91,31,63,45,55,73,45,123,88,68,57
"gene_625",932,1148,1059,1788,1326,948,1610,1761,1189,2120,1129,684,1230,1251,1038,1026,1290,1567,1211,1434,836,1122,1738,1447,1128,1659,671,915,969,1153,1893,1818,1589,1527,1688,1038,1143,1890,1391,1858,1442,2529,1164,2483,1177,1169,1688,1795,3389,822,1373,2045,1457,2105,1585,1558,2855,1455,2967,3104
"gene_626",74,91,122,72,54,84,45,162,110,100,117,95,74,123,96,78,72,109,114,63,138,94,57,83,104,56,50,76,91,90,258,105,159,206,133,107,178,226,263,280,220,145,125,290,217,81,105,97,136,147,230,228,177,306,168,90,210,243,355,150
"gene_627",190,139,103,185,166,171,180,269,228,313,235,199,304,213,153,181,109,328,211,99,172,196,177,173,259,141,224,161,178,147,210,234,161,241,150,116,199,218,180,143,149,172,96,279,171,162,135,244,160,138,154,147,280,194,161,192,165,190,139,126
"gene_628",967,560,901,1218,1082,719,700,1723,756,745,1055,729,1197,1143,954,541,698,1074,718,559,1078,612,985,1002,918,652,942,805,720,830,753,1267,919,661,626,438,954,721,619,665,968,587,472,873,1184,576,548,670,654,771,660,1016,905,860,886,577,1908,827,912,914
"gene_629",666,869,1279,1256,1007,855,1200,1678,1046,1707,693,898,1584,1635,1027,823,738,1560,1053,2300,1025,923,1612,901,1152,892,1113,1270,1127,1335,773,1382,1384,1510,1026,999,1354,1467,830,1830,1481,1829,797,907,1212,946,1555,1311,1745,1078,1150,1501,1173,1969,2395,1329,1831,969,1759,1890
"gene_630",9,10,10,1,4,12,14,1,3,0,16,13,2,2,6,6,0,42,4,15,27,2,4,17,5,9,2,13,7,0,17,5,9,8,16,1,14,9,7,0,25,23,0,4,2,17,3,14,22,5,4,12,10,43,14,2,17,3,7,0
"gene_631",30,3,49,69,44,32,16,19,25,64,30,33,86,38,49,7,22,50,16,41,30,51,47,36,66,55,57,56,35,36,73,25,51,27,46,20,33,31,45,32,91,88,24,47,63,16,47,52,30,51,39,41,73,38,92,68,72,43,62,15
"gene_632",2113,2098,3027,2010,2394,2227,3682,2812,4154,2095,1809,2184,3957,2952,2758,1554,1896,1753,2272,1753,1915,2322,2737,2601,3321,2026,2460,2771,2974,2742,440,1035,791,694,501,303,409,969,705,379,815,710,526,613,741,421,422,625,952,547,644,866,688,617,777,832,770,411,724,491
"gene_633",36,38,90,118,58,51,42,33,51,86,38,23,89,67,90,61,135,86,49,51,42,74,39,66,57,54,44,68,30,107,95,102,36,35,29,39,96,88,48,103,96,86,20,61,48,76,33,62,35,65,26,66,64,62,87,160,100,64,44,46
"gene_634",48,87,118,78,114,102,89,162,101,134,91,79,71,127,120,32,121,90,59,86,104,86,128,207,149,76,59,63,54,130,81,116,112,155,117,69,116,119,48,115,96,144,135,141,119,69,31,71,164,29,83,141,147,39,161,70,222,122,111,86
"gene_635",130,47,79,200,163,125,161,106,89,139,118,95,136,110,165,116,127,149,122,84,96,109,137,254,98,132,81,138,90,154,104,250,190,139,165,59,131,218,123,235,83,121,98,149,130,141,97,105,167,111,108,145,178,65,150,211,192,143,198,98
"gene_636",115,91,76,100,149,96,75,168,102,146,115,51,184,141,132,100,144,127,107,112,103,82,122,126,146,109,80,120,100,139,166,223,212,200,104,99,119,182,163,188,208,171,48,218,120,106,109,112,212,138,117,186,120,126,196,223,260,128,199,193
"gene_637",272,192,281,486,402,339,245,301,333,446,337,159,286,554,452,209,183,250,256,234,232,225,340,168,201,338,252,333,227,268,195,149,167,174,229,240,149,227,302,193,348,228,144,362,199,266,252,177,203,209,311,270,262,243,336,271,335,276,377,189
"gene_638",4,3,22,12,10,1,1,17,8,15,28,5,6,6,3,3,11,12,2,3,21,7,16,12,32,22,13,4,8,5,10,34,1,14,2,4,1,23,6,4,23,8,4,6,9,9,6,3,10,4,8,15,0,23,4,15,45,22,44,15
"gene_639",697,667,838,854,511,682,763,840,1075,1277,766,883,892,607,707,474,766,702,601,587,462,637,565,657,1112,563,496,574,840,513,990,836,717,610,600,395,766,628,785,775,1072,597,402,821,675,660,487,525,953,623,851,656,906,820,770,569,832,901,817,598
"gene_640",53,33,17,78,53,18,10,47,57,35,33,12,33,50,18,29,28,54,25,34,19,32,12,20,55,74,18,54,24,22,132,88,113,289,76,24,68,115,123,49,229,129,132,35,121,113,167,178,136,65,135,195,128,70,228,98,154,55,49,354
"gene_641",28,36,36,70,75,32,27,53,65,62,36,83,48,34,36,36,21,38,35,46,54,25,49,72,66,133,34,31,32,43,366,204,149,139,70,140,107,101,158,115,215,208,159,79,128,146,73,116,109,214,206,183,337,122,98,110,363,136,193,219
"gene_642",85,26,14,30,27,44,43,33,50,59,67,33,54,41,75,45,6,31,55,48,35,45,63,107,37,80,21,48,55,52,47,69,13,72,54,40,79,53,37,108,98,31,63,38,45,43,86,73,56,46,49,48,53,102,63,72,95,50,55,97
"gene_643",618,520,525,1003,806,894,1147,693,871,901,450,481,917,666,610,390,588,1081,583,765,901,298,857,722,821,869,806,615,709,579,799,561,404,483,871,560,522,712,756,721,630,829,584,759,520,501,640,596,835,501,404,615,616,545,721,583,1362,775,692,751
"gene_644",183,38,255,164,118,117,173,66,165,290,166,123,238,203,168,112,125,227,80,108,131,115,125,210,228,128,117,119,177,225,155,170,162,275,139,110,207,152,163,208,412,159,135,177,221,145,123,170,321,114,180,168,233,201,240,197,427,155,269,208
"gene_645",183,151,349,222,118,180,185,242,224,306,195,102,182,218,121,172,154,169,210,153,236,155,293,156,254,248,161,193,189,188,219,394,192,346,329,133,311,292,171,271,178,329,183,214,369,191,141,155,318,186,219,328,187,177,187,108,311,167,214,297
"gene_646",453,436,436,730,418,320,733,630,539,650,599,414,710,654,345,305,509,733,325,473,445,372,561,713,576,565,413,714,423,579,513,608,521,651,543,224,639,685,503,409,472,638,318,458,573,440,503,517,537,452,464,623,648,398,643,395,647,299,482,638
"gene_647",326,232,340,428,394,257,375,231,310,414,392,181,508,261,368,148,320,382,294,286,318,192,500,124,451,300,315,288,225,177,462,409,239,334,335,188,257,443,207,554,422,300,179,322,193,272,284,176,377,357,225,339,185,303,195,352,467,349,398,563
"gene_648",56,25,53,69,30,47,42,43,55,61,30,49,46,49,60,30,22,56,28,33,26,34,47,22,40,45,24,47,27,48,72,144,26,41,66,34,55,103,57,60,93,58,54,58,55,25,58,67,58,85,55,67,93,66,73,169,57,27,83,92
"gene_649",175,158,219,186,211,216,389,333,208,299,144,262,371,277,112,122,231,236,191,260,237,163,422,352,257,221,185,178,223,212,276,299,258,210,329,163,498,329,346,326,248,369,111,236,258,181,261,239,204,165,462,234,365,152,256,412,459,249,265,372
"gene_650",180,112,180,215,210,116,123,154,102,117,91,85,254,99,202,142,84,167,64,111,158,85,182,129,127,223,102,141,145,142,174,125,105,224,103,73,200,114,134,200,129,158,85,263,71,119,106,227,129,110,170,140,80,130,119,107,197,138,164,151
"gene_651",221,237,277,316,104,187,216,200,174,366,215,196,188,173,270,196,166,329,89,167,289,170,194,165,264,269,157,126,132,221,171,295,218,240,188,89,207,141,140,210,212,170,132,237,269,200,234,161,320,157,273,359,189,280,151,358,322,280,257,312
"gene_652",5,2,2,11,6,32,5,11,2,7,10,14,25,2,2,8,5,9,21,0,5,12,33,7,27,1,21,3,5,2,13,6,9,10,0,3,20,9,0,9,41,18,3,5,5,14,38,1,0,14,27,11,11,2,21,17,17,30,9,5
"gene_653",242,83,193,159,214,138,130,222,159,245,77,88,181,114,173,98,110,122,86,98,200,88,106,115,197,151,127,183,121,191,148,206,93,130,128,65,94,182,144,113,147,179,112,224,94,137,113,98,160,88,78,170,206,119,173,102,186,98,222,231
"gene_654",191,131,226,302,306,152,263,230,371,167,182,92,265,189,172,130,115,286,139,149,208,105,304,160,151,138,70,184,125,159,173,154,242,249,129,84,142,213,152,233,256,239,153,237,245,102,158,190,184,180,221,134,228,252,191,224,261,97,163,212
"gene_655",392,227,230,200,192,269,205,244,317,217,120,173,404,322,312,171,181,236,245,128,191,140,482,259,176,251,197,147,145,278,236,346,272,329,253,98,179,327,281,260,467,224,103,331,209,401,261,351,299,166,263,309,216,284,220,358,441,368,405,351
"gene_656",66,117,70,44,96,73,89,82,79,53,47,99,120,75,62,66,64,83,75,70,83,64,93,102,153,92,45,77,66,50,121,114,70,65,64,77,70,90,109,80,161,187,40,113,120,102,52,66,130,100,41,143,147,52,107,105,201,61,164,71
"gene_657",747,754,594,797,1236,1012,445,839,510,551,1066,276,1149,823,1022,520,653,1139,468,689,676,882,824,1155,1423,759,586,867,680,958,953,1025,823,646,811,743,691,919,939,966,910,1246,753,1154,1384,742,872,860,1151,696,934,1074,1162,803,1209,1145,1303,699,889,1170
"gene_658",3496,2611,2682,3268,4194,3100,3264,3410,2880,3460,2379,3947,4310,3201,2365,1457,2016,3949,2548,3646,2989,3549,2328,2799,2610,4149,1854,2878,2312,3469,3494,3003,2603,3092,4134,1596,2237,3148,5749,3883,3636,5363,3487,2556,2830,3250,2555,3422,2683,1746,2375,3558,4992,3212,3232,3635,2901,2947,3084,4818
"gene_659",20,46,28,39,62,36,36,72,25,44,54,40,54,64,61,38,59,10,20,25,28,47,61,49,77,35,29,31,22,32,42,34,18,59,95,24,49,34,87,34,16,32,29,111,36,6,39,30,74,28,45,63,23,11,111,30,9,35,38,22
"gene_660",10,10,14,2,12,7,15,5,13,6,5,11,4,5,9,4,6,0,19,4,2,1,15,13,8,1,4,4,8,27,14,2,5,7,4,2,14,2,5,16,9,21,4,12,1,4,20,8,22,12,12,21,10,7,1,10,18,2,7,10
"gene_661",938,420,612,876,806,458,807,849,929,978,803,384,574,893,701,363,556,810,457,877,312,898,923,650,851,808,759,1207,623,903,964,733,561,786,566,716,569,710,675,1005,1345,1029,411,764,443,686,794,544,861,812,350,1024,823,765,1111,563,1017,737,1086,549
"gene_662",56,42,77,41,67,66,77,21,27,35,53,41,121,75,45,40,89,107,45,46,42,30,47,32,80,98,67,69,63,66,20,62,40,48,36,52,68,28,66,84,71,39,26,54,53,38,29,69,56,36,88,34,59,27,74,40,90,21,88,28
"gene_663",228,223,183,233,184,166,179,265,199,140,238,234,405,270,311,233,126,232,261,181,170,160,250,406,230,178,218,297,194,306,244,208,201,183,256,141,249,224,208,226,278,230,221,187,300,177,155,337,202,188,247,221,255,245,170,220,392,182,216,270
"gene_664",127,109,246,312,187,248,157,238,146,229,217,102,282,164,163,135,104,178,150,138,225,110,157,209,299,192,251,227,145,192,201,209,306,194,79,150,110,204,130,135,274,186,125,151,185,181,130,194,291,114,176,218,179,176,192,223,263,123,204,212
"gene_665",61,107,97,119,75,76,61,84,167,127,202,76,185,163,113,80,70,103,60,60,125,85,76,106,112,72,95,109,85,102,63,131,165,100,99,37,155,125,126,137,154,175,66,126,133,96,176,91,93,120,141,74,116,122,94,184,239,117,190,86
"gene_666",218,348,323,365,382,430,309,431,313,422,245,288,716,531,663,284,342,372,364,210,271,177,573,381,379,406,209,285,281,413,283,370,318,531,315,236,375,486,352,326,207,475,306,281,411,436,294,270,407,219,473,313,401,403,494,399,572,363,474,307
"gene_667",22,11,13,6,40,5,10,6,6,4,6,2,9,1,4,7,21,15,21,0,6,1,17,9,19,14,15,17,2,3,6,6,6,23,2,16,7,18,7,7,6,34,4,0,15,0,6,1,4,2,4,9,1,9,4,7,7,6,2,5
"gene_668",498,340,386,430,220,266,573,410,429,242,387,323,463,359,546,424,339,357,486,415,236,400,365,724,642,320,414,570,419,402,533,293,380,447,577,231,289,481,423,526,710,509,272,576,403,370,304,370,304,298,450,556,348,295,529,353,584,500,451,454
"gene_669",49,21,25,22,39,39,16,48,28,52,22,11,23,15,11,17,40,28,15,28,14,13,23,32,21,46,30,30,21,38,39,43,28,35,26,19,11,25,39,21,14,20,56,11,34,3,33,5,32,12,69,42,27,23,55,32,22,21,19,13
"gene_670",4,6,7,9,8,2,3,12,16,7,13,17,8,4,17,11,11,20,7,11,12,6,2,10,15,10,1,6,34,25,16,1,9,19,15,7,2,15,15,3,2,17,3,5,7,4,7,10,17,8,19,11,21,0,12,9,14,11,14,23
"gene_671",467,388,537,349,512,697,580,472,595,737,474,476,682,472,568,260,404,525,378,539,410,486,516,610,671,432,285,477,494,886,892,475,696,632,490,233,681,668,517,379,448,865,391,356,662,534,378,464,871,572,658,692,751,307,548,776,951,520,840,635
"gene_672",92,69,46,69,79,78,88,67,67,69,34,47,57,64,88,43,59,163,48,46,66,67,38,73,149,98,43,92,53,58,134,80,105,183,72,64,79,93,73,73,85,114,82,90,50,69,82,34,99,39,47,57,129,53,71,111,152,66,137,71
"gene_673",64,83,24,97,93,108,137,132,106,183,134,58,120,46,115,89,52,61,102,89,129,34,77,61,123,127,102,43,76,126,107,107,58,168,97,60,130,258,154,153,113,97,95,171,124,152,87,67,112,98,49,114,137,122,149,153,108,89,150,119
"gene_674",170,204,126,219,222,100,139,154,253,218,180,102,256,165,253,137,64,214,167,122,170,128,197,263,169,178,104,107,118,145,205,232,280,171,158,78,185,111,187,173,278,178,140,230,216,150,186,200,168,150,96,198,270,194,159,361,231,164,127,298
"gene_675",2880,2059,2755,3606,2540,3403,2549,4116,3853,4213,2800,1949,4809,3861,3638,1777,1956,3750,2723,3142,3324,1931,2841,4630,3539,2800,3043,2958,1672,3476,3312,3991,3332,3309,2576,2428,2873,3765,2713,3367,3328,4511,2152,4209,4339,3027,2340,3230,5278,2510,3289,2675,4122,2070,5320,4457,4989,3448,3708,4397
"gene_676",533,363,811,754,621,671,725,641,995,477,759,697,1219,699,598,491,591,558,478,627,600,539,822,1076,829,694,694,1093,573,775,774,623,928,742,1068,384,896,746,994,790,1109,860,556,1004,1152,915,733,1085,1220,437,437,756,746,779,761,901,1554,943,1237,1260
"gene_677",16,9,15,23,19,58,10,14,51,13,11,3,24,15,25,25,28,23,14,31,5,7,21,35,36,9,7,16,1,18,21,11,24,15,11,9,69,11,22,11,10,54,14,14,15,6,10,19,4,30,6,23,18,18,12,16,39,6,12,41
"gene_678",71,55,97,140,73,94,153,126,47,143,82,56,123,68,103,97,113,103,84,73,93,51,187,136,112,156,74,62,93,44,88,150,62,83,74,41,129,98,111,124,84,93,39,58,98,100,64,35,92,78,69,135,164,87,104,108,271,116,61,123
"gene_679",27,32,19,51,38,23,34,6,53,19,26,51,26,13,23,16,29,14,21,10,10,16,28,24,41,16,29,20,11,22,3,26,13,10,6,14,21,36,27,17,37,15,9,40,3,12,18,21,25,8,34,16,21,9,30,23,20,11,11,10
"gene_680",34,13,22,25,9,11,14,25,11,21,12,31,17,25,27,31,30,46,3,18,35,25,38,82,20,16,37,39,31,33,20,33,24,35,21,14,7,35,16,28,30,2,13,40,28,16,10,11,60,19,19,51,51,8,26,15,39,25,61,50
"gene_681",143,73,274,268,243,231,271,275,173,168,213,216,132,347,221,133,231,225,147,309,150,142,327,266,267,228,236,154,158,295,94,50,107,66,57,54,56,50,27,55,90,98,46,59,63,45,65,67,102,53,83,51,65,85,97,73,84,50,66,118
"gene_682",194,188,115,222,151,186,178,294,175,238,251,86,193,139,177,74,124,135,210,152,127,103,173,246,188,162,173,239,146,194,244,274,139,259,184,94,183,182,169,146,145,159,121,165,205,129,74,287,186,133,157,137,173,184,210,234,451,144,241,220
"gene_683",7,2,14,5,4,18,2,2,4,4,15,5,23,15,6,2,18,12,2,3,6,8,12,6,6,23,18,12,10,7,15,6,4,1,5,10,12,2,1,12,6,17,5,10,1,3,2,9,19,8,17,4,6,3,2,14,16,12,12,13
"gene_684",102,78,73,84,38,95,78,109,121,144,95,81,152,97,57,54,58,79,38,83,117,28,92,118,112,93,87,93,38,85,61,82,62,62,60,28,42,38,50,40,105,48,69,127,121,84,82,53,73,65,23,90,118,59,91,117,85,53,145,129
"gene_685",443,433,388,590,560,477,508,578,668,653,641,294,670,496,420,243,476,362,517,411,575,446,759,607,549,448,579,693,258,454,642,519,832,805,358,379,418,749,627,599,650,914,332,573,577,804,433,535,569,585,547,469,673,739,615,642,628,675,546,729
"gene_686",815,442,1347,1404,693,681,875,937,1250,1703,1158,865,749,1162,1061,840,684,1082,832,846,1031,577,1349,1032,764,609,1210,542,953,890,868,754,934,1224,953,534,898,1087,524,717,646,1561,652,721,561,965,881,862,818,462,762,683,857,904,1214,927,1441,847,923,978
"gene_687",3,16,19,18,9,19,15,12,3,7,11,0,3,18,13,13,8,14,15,7,5,10,10,26,27,15,20,10,8,20,4,3,4,4,9,6,10,14,16,5,2,0,8,6,5,7,5,1,13,2,4,2,7,15,1,2,7,12,8,13
"gene_688",76,97,116,90,56,97,116,79,115,178,56,149,76,71,82,79,98,142,89,94,89,51,131,108,79,107,135,137,88,82,155,135,71,95,145,52,81,141,35,65,136,101,86,135,99,86,71,105,93,75,76,79,53,71,85,106,102,115,162,139
"gene_689",206,200,232,433,250,196,185,229,162,247,188,226,455,328,145,132,142,274,198,183,129,134,303,235,260,244,232,193,131,259,245,278,179,385,242,241,422,357,175,234,390,485,138,320,339,360,241,274,217,166,316,360,555,203,209,342,402,228,388,255
"gene_690",260,95,295,285,256,198,160,278,348,417,190,187,289,190,343,196,269,503,410,241,168,251,185,365,321,306,222,207,201,387,78,77,92,76,54,31,70,117,49,55,82,96,45,117,117,52,93,61,66,50,62,107,82,49,86,69,89,62,79,61
"gene_691",900,1080,1341,1962,1864,1453,2340,1737,1436,1936,1385,950,2343,1402,1163,840,1036,2248,868,964,998,1370,2098,1899,1292,1626,1244,1667,1497,1555,2751,1757,1823,1864,1014,735,1681,1902,1501,1478,1408,1845,1424,1790,1345,1274,1574,1166,1761,1393,1691,1781,1577,1099,1870,1607,3262,1408,1600,1825
"gene_692",8,1,2,1,3,2,6,11,7,4,8,2,2,2,9,7,3,0,6,12,5,10,8,14,2,1,0,7,4,3,2,10,2,8,6,5,4,7,0,3,4,4,0,4,6,2,2,5,0,10,0,5,0,1,16,5,2,11,0,2
"gene_693",2058,1239,1840,1708,2090,1486,1711,1809,2023,1269,1412,1053,2664,1611,1423,884,1205,1382,1118,1902,1179,1544,1685,1689,2761,1229,1496,2119,1383,1378,995,1896,2080,2032,1122,995,1545,1141,1226,2116,1591,1639,1260,1463,1207,806,1462,1607,1909,1077,1806,2184,1562,1236,1723,1489,2017,1573,1992,1389
"gene_694",14,13,7,3,18,22,40,10,19,8,19,6,1,12,12,5,12,5,17,9,6,7,13,5,18,15,24,11,6,1,2,20,4,1,7,8,5,5,3,17,22,5,3,8,1,18,10,11,14,12,8,10,6,5,3,4,13,3,25,20
"gene_695",5358,3945,4724,5404,5127,3842,5800,4925,3494,5970,6930,2855,8481,6738,6909,3951,4027,6580,4246,3490,3345,2935,5530,4737,5209,6343,2613,4594,4215,7096,4248,5032,3312,3913,4413,2693,4111,4306,3944,5700,4976,5530,2009,6775,8799,3486,4444,4161,5338,2785,3769,4987,5848,5022,4667,6263,8941,5162,5627,3951
"gene_696",1,3,6,3,5,4,2,22,3,0,15,9,4,10,2,11,2,8,1,3,4,11,8,1,1,9,11,4,1,9,1,9,4,1,2,1,2,0,0,2,6,23,1,6,0,2,2,5,11,3,2,5,5,2,0,4,5,2,3,17
"gene_697",121,177,205,173,141,183,189,172,107,182,98,150,207,141,192,72,103,255,140,92,148,168,167,172,151,234,86,161,169,147,177,172,229,307,149,162,122,228,125,152,238,219,208,186,208,171,162,224,113,189,207,227,195,241,220,261,323,111,267,284
"gene_698",81,34,82,60,96,67,57,185,32,144,54,78,74,68,37,55,68,63,57,59,89,59,95,88,96,86,71,109,43,72,58,58,73,54,56,41,102,82,56,85,87,95,36,88,146,36,48,86,46,67,69,101,75,56,35,98,154,134,43,83
"gene_699",2801,1297,1792,2417,1867,1346,1053,2208,1872,1972,1138,1609,1381,1165,1757,1059,1105,1905,891,1814,1591,1067,2159,1969,1663,2122,1634,1247,1054,1164,1347,1913,1357,1439,1694,856,2074,2219,1670,2056,1249,3732,1259,2165,2485,1801,1333,1540,1941,1022,1358,2057,2417,1593,1576,1855,3427,1765,2316,1144
"gene_700",71,64,49,111,111,112,125,75,92,152,30,70,134,61,110,87,68,102,104,57,62,101,49,104,71,105,22,91,33,90,61,78,81,83,72,23,45,94,43,72,40,98,63,83,75,72,54,36,153,74,38,52,124,71,87,126,74,66,125,81
"gene_701",44,4,45,28,40,22,28,64,21,42,19,19,73,56,66,36,53,53,35,54,57,33,59,30,36,15,25,37,43,58,21,84,21,52,28,25,51,52,48,39,23,18,41,44,39,47,24,34,38,39,28,68,33,35,33,78,32,25,73,59
"gene_702",150,197,242,313,226,485,333,358,165,318,438,226,560,482,554,139,126,308,343,241,270,236,279,386,444,385,247,242,279,253,389,294,354,220,276,237,479,368,229,251,408,381,220,274,321,323,234,239,389,217,331,423,276,194,442,251,385,245,428,285
"gene_703",1256,1124,2103,1060,1674,1372,1552,1758,1359,1820,1426,891,2259,1580,1227,1240,1922,1799,1369,1390,1510,1455,1877,2890,1232,1199,1110,1317,1006,1889,4685,4470,2921,3308,2029,1166,2773,2957,2037,2430,3079,3620,2975,3342,4882,2605,4336,3165,3178,2082,4061,3191,3356,3580,2575,4061,2058,3970,4907,3681
"gene_704",68,73,72,87,42,67,77,134,90,79,85,85,48,146,55,48,129,85,59,67,14,96,78,92,77,55,51,54,67,44,123,107,130,115,94,32,90,106,46,82,79,106,69,89,88,102,131,116,128,66,108,48,52,88,53,93,218,56,160,141
"gene_705",20,21,21,11,62,28,10,39,23,33,45,11,21,25,31,30,12,25,14,8,14,8,26,15,23,11,13,4,3,2,41,46,53,26,14,24,24,22,41,21,16,16,10,13,11,20,21,70,35,28,34,47,32,37,19,59,44,46,46,22
"gene_706",40,37,40,53,29,24,26,91,29,32,25,42,26,50,44,35,12,66,57,43,50,3,92,32,32,50,45,65,42,27,107,90,31,33,34,24,39,62,71,16,90,28,13,91,71,38,46,61,72,45,59,58,55,62,89,41,69,40,68,25
"gene_707",274,266,389,309,327,278,326,453,236,258,313,339,310,264,336,161,302,439,325,329,233,162,256,758,360,431,154,357,197,510,175,219,237,464,307,114,415,400,273,282,320,295,237,376,325,262,246,321,420,230,376,533,298,196,242,452,527,256,533,212
"gene_708",261,236,390,438,303,237,238,431,286,419,319,311,351,309,237,134,190,443,383,212,278,263,235,287,551,396,282,280,235,157,417,386,272,360,426,145,391,335,351,501,413,419,378,530,544,243,400,299,602,319,281,607,341,501,411,430,391,307,355,369
"gene_709",25,43,60,74,46,33,47,108,93,63,54,67,69,44,79,63,42,104,41,68,35,43,82,91,60,95,94,63,35,77,63,48,45,62,46,15,33,67,119,75,18,38,24,50,59,53,43,33,53,27,48,67,54,50,18,44,64,59,78,55
"gene_710",226,184,241,228,287,335,211,294,209,229,215,81,192,266,319,210,149,249,85,185,262,228,225,201,308,266,183,139,236,181,144,206,130,175,155,97,138,172,115,157,207,160,82,334,141,86,80,81,131,107,224,219,139,98,169,165,323,163,169,263
"gene_711",107,140,217,111,156,139,147,179,218,183,186,76,111,128,200,103,100,212,103,168,60,99,128,178,162,84,93,214,111,138,195,185,113,242,188,65,89,155,139,185,152,167,85,201,211,152,135,194,249,72,87,222,111,119,206,140,251,144,171,102
"gene_712",1776,1150,2680,1903,1389,1274,2307,1576,1670,3410,3177,1503,3120,1983,2355,1565,2110,2147,1660,1575,977,1957,2054,2982,2052,1714,1238,1700,1930,2577,1767,2000,1399,1851,1242,1318,1666,1861,1295,1542,1618,2356,1481,1273,2634,1626,899,988,2081,1069,1994,1772,2364,1128,1159,1584,2591,2266,1478,2141
"gene_713",4590,4318,4172,3446,3969,5174,3743,5622,6033,2892,3665,4198,7037,4378,4987,2105,4523,5607,4196,3003,4900,2737,6231,5867,5628,5601,3909,3785,2620,3616,3357,3491,3856,3943,2622,1894,3583,4587,4171,4639,3450,6801,3076,3006,4624,3242,2275,3694,4822,2203,3845,6200,5888,6409,3559,4319,5819,3972,4418,7372
"gene_714",82,87,132,151,150,134,87,89,103,79,87,72,88,84,109,71,88,73,63,73,83,63,192,195,114,91,75,82,53,107,139,196,74,112,96,111,64,138,141,89,149,109,54,193,128,74,86,98,157,139,93,143,159,80,169,142,102,104,162,137
"gene_715",251,98,275,162,220,199,220,379,158,222,136,125,217,226,157,109,88,179,110,158,184,136,122,184,193,274,171,149,288,169,169,246,178,369,208,137,155,190,219,114,276,241,122,210,171,163,206,170,328,181,173,229,185,140,157,214,234,114,279,245
"gene_716",130,138,157,217,123,176,286,277,192,255,244,176,248,245,235,159,156,86,213,194,238,46,170,245,261,211,124,156,129,201,200,211,212,122,232,109,205,167,181,222,238,164,47,168,106,111,92,161,163,114,97,124,259,195,157,132,283,149,233,159
"gene_717",52,52,40,24,46,19,30,67,30,45,47,77,76,46,68,31,46,35,78,18,22,26,48,69,58,65,49,21,31,42,87,55,49,45,54,3,39,42,50,52,56,35,28,61,57,52,21,54,72,37,32,22,32,17,31,46,55,51,41,86
"gene_718",21,31,39,56,36,16,55,58,33,38,45,48,88,23,44,11,53,15,18,19,30,34,21,31,13,71,61,46,41,66,8,12,12,3,6,2,0,13,20,17,15,14,16,12,11,9,2,3,12,11,12,13,12,13,9,6,13,7,15,10
"gene_719",33,21,25,45,22,23,19,51,23,36,53,19,68,38,28,17,15,30,10,18,52,13,15,24,40,47,37,38,6,23,38,13,23,46,10,11,47,36,30,20,30,14,24,15,48,43,22,6,34,25,17,30,39,75,38,22,53,38,11,39
"gene_720",283,354,507,427,415,355,423,467,530,305,348,437,371,302,380,247,230,418,323,367,445,380,388,713,373,330,410,490,249,524,480,334,403,230,270,162,411,466,262,366,340,246,221,330,350,263,362,351,206,279,402,373,613,362,387,350,556,322,355,445
"gene_721",5,2,5,1,6,20,0,0,7,14,6,8,0,1,8,2,4,10,5,0,2,2,0,8,0,13,3,2,3,14,7,0,1,12,0,3,5,2,3,2,8,24,1,4,1,1,6,15,2,2,1,2,3,11,2,0,14,13,2,8
"gene_722",699,606,1572,946,1069,642,959,1813,1414,958,1804,778,1356,1360,867,653,1141,1012,1274,1376,986,507,916,1531,1154,1154,654,1078,975,1126,1324,1804,650,1208,861,739,1324,652,663,1216,1809,1493,857,1316,1490,650,788,983,1636,831,628,1506,1285,1195,1350,1118,3670,1138,1052,1435
"gene_723",149,170,99,161,111,119,173,173,188,160,145,103,108,131,121,136,141,168,86,90,123,104,102,141,152,151,186,83,206,152,98,129,110,149,71,73,114,66,84,122,113,186,185,97,76,78,143,79,104,91,69,181,110,63,79,96,134,103,64,213
"gene_724",500,341,382,487,376,317,379,528,376,516,368,280,476,356,434,292,221,359,312,240,255,416,458,627,399,350,286,315,418,415,522,545,439,473,335,247,408,334,428,266,610,638,160,372,740,308,315,397,558,329,292,574,480,311,297,459,638,394,495,371
"gene_725",112,51,89,78,55,91,145,87,70,149,100,50,113,94,74,45,103,63,103,63,61,58,46,130,157,66,80,124,46,72,118,77,103,92,88,49,155,130,72,109,96,129,78,111,162,58,154,67,88,123,137,131,129,121,125,155,139,73,214,74
"gene_726",3267,1899,4764,3191,2082,2929,2329,2516,3216,4483,2695,2735,3608,2492,2953,1571,2026,3527,2992,1969,2532,2091,2187,2711,1744,2390,1950,1929,1407,2666,2441,3063,3198,2718,2007,1522,1950,2367,2619,2551,3034,4179,1944,1636,2446,1615,2108,2788,3577,2080,2582,3069,3372,2097,2949,2623,4369,2500,3422,4635
"gene_727",21,1,3,12,2,11,8,2,2,5,0,0,9,4,14,2,2,1,2,6,10,2,0,2,4,0,2,3,2,2,3,3,2,1,11,15,4,0,1,2,5,8,0,9,2,5,9,0,1,2,0,4,0,1,0,2,4,6,4,5
"gene_728",960,462,581,764,908,731,1053,1106,575,926,1027,554,604,736,842,439,704,795,537,831,573,813,763,806,748,864,512,634,485,453,607,820,777,1225,911,425,954,664,776,923,751,907,450,698,935,822,637,771,984,607,706,871,1030,737,962,569,1158,817,1107,967
"gene_729",43,36,33,62,22,36,39,53,18,58,48,49,78,35,113,18,20,72,28,45,30,27,66,68,42,61,28,33,17,44,39,31,95,50,85,23,46,51,76,75,50,90,10,92,83,52,37,37,21,25,42,106,37,49,61,75,65,68,20,97
"gene_730",22,8,10,55,16,12,17,25,9,30,16,3,23,13,7,13,24,16,11,33,15,5,32,51,20,19,7,10,11,18,7,19,23,3,20,10,13,11,7,15,20,32,27,7,23,5,30,20,14,39,35,34,23,8,36,29,34,11,8,6
"gene_731",166,160,229,151,137,175,193,211,210,198,111,124,145,220,121,160,102,183,102,127,113,103,158,274,253,128,101,197,128,311,193,230,152,109,82,78,82,202,274,194,263,194,109,233,103,71,194,113,121,149,203,182,127,67,239,258,339,157,234,190
"gene_732",1268,860,2214,1776,2005,1237,1135,1731,1448,1917,1247,950,1555,1367,1462,932,765,1344,1352,1597,1432,866,1234,1593,1695,1248,988,1581,977,1329,1638,1405,1098,2112,782,513,1064,1475,1495,1255,1798,1366,799,1209,1534,1121,660,1998,1187,727,1118,1419,944,1644,1342,1365,2884,1040,984,1701
"gene_733",4,3,29,3,2,8,3,14,0,8,3,2,10,34,3,4,2,1,19,2,1,6,11,1,4,17,5,0,0,0,19,3,31,17,7,1,12,0,11,5,18,3,26,24,4,0,9,12,8,20,36,10,8,13,8,28,19,5,1,5
"gene_734",101,150,247,156,248,103,194,167,172,213,93,139,178,136,153,104,108,127,102,60,93,131,110,132,110,213,207,138,106,199,171,189,169,160,59,77,142,132,99,107,120,146,67,166,151,64,142,84,131,82,173,217,132,116,179,118,166,120,172,148
"gene_735",175,235,281,350,382,144,501,358,237,485,425,286,421,340,275,219,258,356,349,245,196,313,378,281,301,215,214,151,149,213,225,388,356,177,193,192,268,309,245,283,261,578,395,250,248,371,188,335,303,286,397,222,338,353,368,244,512,287,348,264
"gene_736",4107,3335,4621,3249,4101,3723,5154,5733,3921,5140,5159,4723,5647,4052,7443,3921,3703,4145,5920,4712,3630,2208,3920,5153,3134,6162,3841,3276,3146,5872,2087,3080,2094,2045,2045,1812,2304,1348,2168,2715,3424,3692,1595,3487,2761,1697,3216,1707,1524,1768,1963,2898,2100,1539,2121,3731,4108,1627,2569,3107
"gene_737",9,11,16,7,4,18,1,12,11,14,40,13,28,18,16,9,20,22,7,13,6,6,23,17,15,1,12,5,23,8,2,6,1,6,4,5,6,18,10,11,9,13,22,4,19,25,3,17,26,9,20,24,3,25,9,7,19,8,9,6
"gene_738",7,7,0,0,0,12,1,0,1,4,9,5,0,16,4,2,12,0,0,0,4,0,23,14,2,7,3,3,4,3,13,13,12,3,0,14,12,8,8,12,7,4,11,1,3,0,14,9,3,6,1,4,2,12,2,12,6,0,16,1
"gene_739",222,163,189,264,369,180,255,276,183,390,244,138,235,187,150,120,181,319,219,137,143,256,287,416,216,180,181,229,245,194,185,166,171,188,125,91,167,206,117,111,157,252,132,368,116,157,187,185,180,71,200,207,159,168,77,270,374,159,191,208
"gene_740",468,338,327,522,667,298,620,343,307,490,471,276,618,578,252,503,384,439,246,287,209,389,603,502,426,375,337,557,254,419,175,577,272,378,277,150,215,381,285,274,409,324,269,450,427,273,233,311,224,287,411,508,278,345,648,323,440,370,287,290
"gene_741",229,266,420,421,436,327,272,417,373,275,308,295,371,484,353,203,387,361,240,340,259,262,422,471,435,377,446,429,328,492,393,415,310,402,205,207,247,588,318,437,338,327,193,239,408,352,232,326,462,180,378,509,237,334,475,320,539,377,276,582
"gene_742",3,11,3,11,4,3,2,0,0,15,15,3,2,2,1,23,3,5,0,3,0,1,0,1,2,1,2,6,1,0,8,11,7,0,10,2,5,2,2,2,11,1,1,8,18,5,2,11,1,0,1,0,1,0,0,14,5,3,0,1
"gene_743",163,221,227,328,447,418,275,243,289,375,211,246,764,206,276,136,184,191,248,249,125,262,251,312,390,239,178,316,186,238,184,291,230,520,190,153,252,191,165,231,385,305,115,356,182,273,194,179,450,272,199,495,491,246,168,232,335,262,252,274
"gene_744",0,1,1,1,5,0,7,20,2,14,6,0,1,5,13,2,1,12,2,1,8,2,9,9,2,6,3,8,7,2,4,8,9,4,0,7,15,10,16,2,12,5,0,7,0,0,4,0,2,9,6,3,2,0,6,0,11,0,4,5
"gene_745",33,50,19,42,48,23,61,45,28,30,10,14,31,9,14,15,11,19,15,26,16,23,30,34,49,26,3,54,23,22,20,26,14,24,22,5,51,15,17,12,36,8,27,42,13,29,35,16,28,6,18,50,36,49,21,12,50,21,35,60
"gene_746",82,45,69,57,64,77,136,66,119,88,39,134,123,86,42,51,128,140,73,83,68,54,61,66,129,97,47,110,95,65,74,114,77,69,80,48,40,174,99,66,182,192,69,61,165,79,93,48,97,60,120,120,98,79,112,79,158,80,91,145
"gene_747",1267,916,1928,1483,1231,971,1829,1547,865,1322,989,948,1085,1658,850,660,912,1171,750,1343,846,886,1271,1287,1665,1169,1158,1313,1203,1107,880,1234,1097,792,661,781,1165,1144,877,847,888,985,810,970,1382,967,879,842,664,759,1353,975,1132,748,1462,1099,1439,1377,1525,801
"gene_748",8,12,2,2,6,2,2,6,6,12,6,3,29,4,4,7,0,1,3,2,2,12,13,17,4,25,3,11,3,27,5,4,0,8,1,6,11,10,0,11,1,2,4,2,6,0,0,3,9,2,3,0,0,1,16,3,0,2,7,0
"gene_749",151,189,192,231,179,129,218,172,241,296,190,105,162,240,181,182,199,203,117,191,82,121,287,143,202,211,130,210,163,186,151,246,355,195,170,103,201,232,193,174,285,203,173,168,217,159,201,154,193,190,189,213,147,129,338,300,299,198,314,199
"gene_750",0,7,0,9,23,1,11,9,4,19,21,13,17,1,7,0,5,24,12,7,12,10,6,16,14,7,7,1,2,17,7,28,4,2,9,2,19,29,5,3,8,1,13,7,9,4,1,3,3,9,13,1,9,7,12,15,11,21,6,23
"gene_751",100,94,232,175,164,106,127,120,150,126,131,96,199,151,134,47,104,207,110,136,128,144,157,193,127,224,36,84,121,160,187,127,172,149,121,78,105,159,127,203,127,149,136,153,129,96,144,124,141,98,125,143,156,185,104,73,258,116,242,299
"gene_752",969,776,1212,1194,1402,1046,1514,1044,1455,1720,1668,495,1820,1450,986,315,1295,935,696,729,886,596,990,1100,1543,1319,896,1361,1072,964,937,1116,1050,1510,943,677,883,1581,1016,1930,1185,2181,753,1241,925,1524,1402,1322,1766,670,773,1632,1841,1530,1254,1138,2105,738,1047,1338
"gene_753",959,1233,1328,1787,1280,937,1028,1599,1913,1321,644,1602,1517,1187,924,1173,1134,1342,1041,1354,1056,1316,1381,1265,2322,1042,1100,1520,523,1039,1745,1516,1139,1446,1526,796,801,1459,1559,1506,2541,1223,459,1488,2393,1256,1547,1058,1548,1012,1517,2010,1608,2080,1392,1565,2485,1463,1640,1705
"gene_754",265,281,254,283,357,181,327,262,419,289,545,121,409,245,209,161,206,217,370,199,199,244,248,406,191,202,275,190,180,331,223,276,183,152,242,200,276,185,191,270,271,334,183,267,330,203,178,156,341,208,135,318,253,253,391,281,438,225,235,354
"gene_755",8,3,1,1,18,0,5,4,25,0,9,0,3,13,3,6,0,1,18,4,0,5,9,1,8,4,1,2,0,1,7,1,1,1,1,8,8,1,3,4,2,4,0,13,2,14,8,12,10,12,1,2,1,2,2,0,0,13,26,3
"gene_756",749,917,537,1250,864,911,658,970,1197,961,969,410,1240,1006,2269,509,800,1228,701,815,766,944,1154,1160,1063,861,751,766,1399,1436,848,852,642,981,453,425,667,939,674,951,740,1116,889,969,966,838,802,853,1047,706,742,1028,892,975,791,1255,652,559,790,919
"gene_757",1025,1051,587,962,678,718,836,928,789,1053,683,873,1696,839,1037,855,854,928,701,962,838,1139,1011,1515,1154,1058,673,863,734,718,1043,890,1053,1219,790,713,1086,956,921,1203,1143,1033,773,1591,1076,672,614,1166,1181,748,919,1259,944,753,1199,1284,2075,981,1112,1288
"gene_758",289,173,149,131,128,129,198,256,234,150,240,104,126,147,160,111,177,165,138,124,186,146,286,195,208,151,170,206,192,245,179,133,176,96,169,92,269,132,205,156,127,283,240,334,224,92,190,199,202,171,238,263,141,245,259,250,187,88,158,230
"gene_759",3195,3208,3377,3406,3402,3070,5209,6596,5792,4926,3469,2849,5495,5284,5472,3587,3542,3380,4917,3735,3225,2676,4668,6027,5488,4154,2126,4148,3240,3512,4945,6118,4146,5835,5469,2740,5666,4370,5104,4438,6211,4982,4589,5741,6438,4671,5266,3589,6381,4030,5443,4608,5849,4194,5847,6688,5674,7428,6248,6284
"gene_760",13,8,9,8,17,1,4,2,9,0,2,3,19,14,18,2,0,1,5,3,5,3,4,1,0,2,7,0,3,3,9,0,1,6,2,5,7,10,5,0,0,17,0,2,4,0,3,4,2,0,0,6,0,0,12,7,12,0,4,12
"gene_761",3,2,10,5,20,5,14,35,6,11,10,7,13,9,21,6,5,19,26,1,3,8,13,27,3,15,3,28,15,11,10,11,19,8,5,5,6,8,14,9,12,11,3,21,18,0,15,8,14,5,19,9,25,2,20,0,12,16,48,6
"gene_762",416,303,580,644,316,446,522,570,567,414,527,363,632,369,460,251,273,358,198,338,431,465,370,606,686,365,253,373,288,376,532,518,650,615,379,269,341,424,458,498,496,777,430,449,487,420,333,470,638,234,507,488,615,605,455,558,798,389,558,595
"gene_763",2352,2526,1973,2446,2993,1824,3112,3003,3333,2468,2692,1736,3044,2488,1920,1912,1566,2364,4111,1390,2912,1944,2273,3417,2770,3774,1845,2938,2748,4143,2914,4204,1734,2610,2765,1674,1766,1936,2575,2644,4038,3469,1978,2683,2476,1928,2766,1936,3423,2185,3332,3499,3242,2961,1914,2452,2345,1554,2872,2049
"gene_764",38,54,63,38,51,36,47,53,39,61,70,48,54,61,73,30,49,50,38,32,16,41,66,58,92,53,52,43,52,60,40,33,39,41,49,19,47,83,55,41,81,50,46,71,65,53,46,50,47,44,30,51,41,46,95,85,35,28,73,107
"gene_765",110,122,168,285,232,186,245,199,162,85,148,190,224,166,274,137,220,138,119,209,163,111,171,246,168,148,138,124,130,374,171,284,129,262,279,104,280,170,196,183,288,161,170,268,271,157,144,181,327,67,223,203,161,123,232,203,406,208,167,234
"gene_766",3,1,11,3,18,11,16,3,16,42,17,10,22,30,27,7,31,18,15,36,2,3,35,21,22,12,13,16,9,8,14,15,24,26,14,3,6,33,24,6,18,13,16,12,18,3,14,11,12,3,9,7,15,3,3,20,1,5,10,6
"gene_767",1050,1365,960,1040,1506,1006,1458,1694,2244,1186,1073,1329,1320,1163,1116,668,1085,1898,784,1458,762,910,1339,1386,882,1808,845,903,772,1084,1035,1732,1070,733,884,898,1009,763,1097,1030,1149,824,846,1258,1336,982,867,972,869,737,713,1481,936,771,1018,988,2153,1239,1183,867
"gene_768",12,7,4,29,34,21,19,22,31,25,15,10,13,8,13,7,9,18,20,13,4,16,39,59,1,8,11,2,14,7,9,8,6,30,26,8,12,15,4,8,34,9,19,33,14,4,19,29,19,4,15,42,9,15,8,19,35,8,5,24
"gene_769",918,869,1570,1239,1360,855,1219,1319,1609,772,1555,805,1240,1136,1143,818,792,1301,702,1083,1005,645,1872,1228,1391,1095,1597,1380,940,1557,461,861,791,676,615,343,651,618,344,755,846,904,401,512,503,641,651,522,630,492,593,850,428,571,593,810,1163,662,610,798
"gene_770",88,50,67,30,32,38,52,98,55,43,101,48,91,15,36,19,41,70,37,52,36,55,67,51,91,41,38,67,27,115,47,87,37,56,47,34,35,49,56,37,69,93,22,52,40,35,32,41,16,38,43,57,77,38,78,47,68,46,107,81
"gene_771",17,23,20,17,20,13,15,5,15,17,22,13,24,29,29,10,8,32,14,51,21,14,24,21,29,17,4,36,9,26,12,43,17,21,12,18,13,24,20,10,5,31,13,7,97,33,6,5,35,32,44,41,34,17,23,15,33,23,57,41
"gene_772",318,202,380,518,338,337,334,374,542,335,386,212,377,212,333,273,419,474,255,207,284,259,284,235,296,270,180,231,370,379,218,395,284,265,275,328,203,512,207,271,458,276,168,306,352,202,338,220,380,364,237,435,497,372,226,281,492,344,391,307
"gene_773",39,31,33,19,52,16,60,30,22,68,27,40,50,36,10,31,37,56,24,36,44,22,34,71,76,40,26,29,28,42,35,42,29,43,53,30,38,29,38,72,48,31,45,62,32,12,36,25,41,30,39,36,36,38,68,31,68,37,8,94
"gene_774",37,46,36,72,51,112,70,66,89,32,53,36,92,72,95,56,57,46,76,29,44,66,58,136,46,32,26,88,70,54,77,79,114,43,91,30,57,70,119,92,66,126,51,56,92,68,78,72,70,90,66,98,142,129,48,98,55,64,209,89
"gene_775",7,0,1,0,10,11,0,6,7,4,2,17,6,3,22,1,1,2,0,2,1,0,2,2,1,8,7,9,0,4,20,3,1,1,2,0,9,21,2,13,2,12,1,0,7,6,0,20,1,0,6,2,4,3,2,0,3,3,15,7
"gene_776",40,39,119,78,46,58,78,59,43,115,17,55,28,87,79,37,61,35,58,38,24,27,47,101,34,28,57,71,77,73,67,59,52,59,40,24,47,72,77,105,95,88,39,71,79,87,30,82,58,65,47,47,107,83,60,154,130,111,72,56
"gene_777",0,8,5,21,4,5,0,14,16,4,1,9,0,23,1,7,3,2,2,2,6,11,11,16,3,2,2,0,6,8,1,0,0,1,1,6,4,12,4,0,14,4,1,3,0,1,0,1,6,4,1,4,0,2,1,18,2,6,13,2
"gene_778",2517,2534,2015,2324,2402,2767,4598,3350,2743,2768,3196,3161,3811,2218,3693,1665,2536,3088,3010,3935,3124,1980,3524,4175,4183,3472,3023,2498,1975,4632,3045,3430,2493,3736,2661,1358,2570,3084,2444,2711,4138,2923,1392,4424,3022,2655,2249,3232,2959,2540,1813,3375,3848,3068,3346,3597,5243,2593,4297,4071
"gene_779",1493,1430,1625,1295,1596,1767,1404,2301,1259,2052,2252,1129,1936,1999,2143,920,1477,2806,1304,1615,1624,1035,1569,2454,1592,1387,2209,1089,1571,2049,1716,1390,2284,1366,1434,818,1666,1794,771,1639,2639,1714,1104,1623,1506,1702,1799,1038,3770,1784,1552,1728,2155,1518,1716,1707,3166,1205,2506,2270
"gene_780",142,147,143,190,146,231,423,234,228,151,177,143,235,272,173,140,184,280,182,192,251,116,232,327,184,403,156,166,143,418,119,162,79,219,92,105,88,166,148,121,259,276,152,233,192,134,153,118,148,157,147,198,216,181,160,167,338,133,141,252
"gene_781",178,151,84,275,188,159,243,246,208,350,229,175,302,318,245,122,143,157,238,285,215,169,212,463,371,174,210,175,216,141,243,110,101,192,248,147,177,222,199,127,256,186,159,162,267,155,238,219,198,97,242,358,191,194,180,243,262,223,322,228
"gene_782",393,597,817,751,541,568,631,711,478,764,602,444,854,652,458,453,636,1117,701,458,528,447,438,739,1017,767,453,285,412,520,1598,1697,1273,802,1395,668,2131,1263,1798,1589,1318,1644,1092,1672,914,800,825,1638,1911,957,1176,1283,2209,1526,1338,1227,2831,1470,1398,1414
"gene_783",2778,3412,2098,3777,3701,3264,2928,4954,4628,4682,4069,4680,4636,4687,3160,2630,2455,5753,2548,4545,2211,3056,3834,4869,2428,4454,2366,4306,2080,3123,3917,4254,4368,5186,4442,2425,4263,6422,4028,4658,4586,3634,2476,4736,4277,4632,4694,4787,5267,4099,3429,5535,5512,6252,3622,3749,7277,4678,7944,5219
"gene_784",2010,1126,1741,2151,3032,1585,2048,3040,1295,1535,1745,1306,1672,1773,1450,1100,1536,2222,1153,1642,851,1996,2113,2619,2224,1243,1238,1559,1608,1601,855,2398,2015,1776,1956,804,2115,1955,1884,1373,1520,2769,1125,2295,1383,1679,1288,1127,2320,1069,1685,1570,2189,1549,1723,1618,2459,1919,2112,1785
"gene_785",3,1,4,0,8,3,17,5,10,4,4,0,8,0,8,0,0,0,1,9,12,5,23,6,3,1,0,18,0,6,1,12,7,0,3,0,1,9,6,6,4,4,7,2,4,4,1,0,10,13,3,12,9,8,19,9,15,1,2,16
"gene_786",6,1,7,17,3,5,11,12,6,21,21,23,30,13,34,2,5,19,30,16,2,6,29,26,23,25,2,36,9,13,3,13,26,18,16,5,16,18,17,31,8,7,6,14,17,5,19,8,15,9,21,13,17,9,20,25,10,8,28,24
"gene_787",119,160,120,176,160,114,188,125,126,75,257,148,201,151,121,109,156,237,82,90,84,105,153,89,225,128,169,165,132,110,152,118,217,118,95,107,135,146,95,204,324,225,115,198,134,192,161,94,255,108,212,155,155,129,229,217,168,176,174,185
"gene_788",15,9,41,7,7,14,11,13,14,8,4,22,6,3,3,12,3,19,5,17,10,6,6,7,20,3,15,11,3,4,16,2,9,3,7,4,8,5,4,25,34,3,3,21,10,4,3,7,10,19,4,6,2,6,30,7,9,0,7,15
"gene_789",2101,1788,2492,2681,1668,1889,3192,3293,2452,2265,2517,1546,3181,2595,2883,1098,1920,2821,1764,2545,4260,1726,4200,2556,1889,2739,2202,2680,1493,2479,3394,1667,2632,2070,2813,1939,2478,3141,2466,3006,4230,3028,1349,2572,2687,3009,1603,2438,2673,2634,2300,2490,2271,3857,3067,2458,5545,3400,2819,3861
"gene_790",779,615,770,993,871,844,893,654,1737,1125,737,796,943,1170,1095,477,1044,1241,896,1030,803,503,736,1352,1157,734,758,640,596,1039,465,1073,775,1027,680,628,769,1178,1087,747,1338,702,665,1063,905,1244,622,685,1227,530,813,838,1079,805,856,887,1643,655,1070,1190
"gene_791",57,31,68,68,40,69,70,179,49,81,72,41,43,123,25,38,55,91,65,80,82,34,98,44,38,137,51,93,103,38,49,37,23,35,69,66,23,45,54,52,77,63,53,64,64,34,43,37,41,19,48,67,42,57,25,64,68,66,103,64
"gene_792",178,137,193,180,251,118,189,127,250,211,126,213,112,141,161,76,145,131,167,120,136,91,139,302,248,140,133,175,112,145,153,231,207,337,136,131,179,187,125,134,174,262,140,220,132,171,189,157,235,118,202,214,158,175,146,138,467,163,161,239
"gene_793",825,459,814,888,881,876,689,1104,914,882,975,592,919,1168,665,461,827,740,862,754,705,745,651,892,1227,426,681,677,503,814,746,857,1300,1133,666,562,758,702,1138,962,962,864,710,1360,1151,1039,1170,842,1003,771,963,862,1305,729,1096,1276,1728,1077,1345,1313
"gene_794",899,1147,1653,1622,1960,1534,2135,950,1540,1114,1018,1240,2434,1143,1484,887,941,1290,981,1125,1547,683,1880,1805,818,1525,1006,1485,1072,1480,1188,1570,1303,1474,1089,613,1196,1563,1569,1043,1400,1992,642,1486,2155,672,1295,795,1838,1005,934,1290,1582,1106,1078,1187,1764,1138,1703,1278
"gene_795",308,113,137,234,139,162,199,234,69,306,112,95,346,185,103,82,77,282,151,268,119,119,58,154,166,111,120,151,159,134,165,160,137,216,96,76,76,113,168,120,201,166,124,160,162,125,181,124,248,128,109,98,162,144,141,96,182,168,162,173
"gene_796",106,174,130,224,120,73,227,234,127,168,76,100,199,119,82,81,154,226,88,114,189,75,169,202,104,186,118,100,58,139,140,199,93,152,187,79,95,283,128,185,138,197,64,167,161,113,123,182,156,61,97,145,100,116,200,103,180,163,143,186
"gene_797",59,85,90,106,40,71,82,92,87,77,84,58,73,50,97,80,47,120,75,46,74,35,58,99,100,41,46,51,52,142,120,183,88,108,68,76,55,94,87,92,107,80,98,133,109,108,73,67,109,66,75,181,97,155,79,70,143,68,111,105
"gene_798",9,12,28,9,4,3,12,20,12,24,37,1,37,7,38,12,12,13,28,20,16,7,15,11,10,41,30,19,18,31,19,19,6,40,2,16,19,7,10,30,25,36,8,11,17,20,17,24,8,2,7,19,13,10,19,7,5,16,5,20
"gene_799",78,49,128,158,148,74,137,181,100,57,89,78,127,170,155,61,77,141,140,120,93,70,112,81,155,166,84,78,82,73,117,88,242,140,70,122,215,136,252,88,283,190,111,219,129,83,128,141,149,177,135,79,149,183,174,89,308,136,175,209
"gene_800",73,38,14,68,27,17,28,37,46,47,54,40,35,40,29,30,22,27,20,61,68,40,53,43,40,34,76,17,20,44,24,42,62,49,56,10,20,26,77,50,77,28,25,54,50,38,27,13,34,41,66,72,49,26,64,26,33,27,40,49
"gene_801",287,223,257,476,389,448,504,331,435,539,329,197,543,530,448,189,251,409,333,310,327,243,552,444,252,342,240,227,320,290,126,169,148,126,88,132,94,192,158,255,225,105,118,179,172,118,218,130,145,117,141,190,194,171,214,281,287,176,350,219
"gene_802",430,145,209,244,355,162,286,329,249,306,233,156,362,289,272,125,161,246,152,208,303,126,303,206,287,314,152,165,233,226,320,415,214,434,271,150,221,388,386,369,570,276,232,387,362,331,281,290,361,227,435,206,417,336,308,337,341,274,535,289
"gene_803",2,7,11,26,18,24,22,23,24,24,43,4,36,10,1,18,22,21,32,19,2,15,5,16,21,8,3,7,23,23,30,17,17,18,23,7,18,37,3,16,49,11,10,15,10,16,27,16,17,7,20,4,24,10,49,5,47,5,13,9
"gene_804",284,319,330,226,272,135,289,220,234,388,244,178,459,265,244,115,206,248,178,187,235,120,259,182,281,219,133,156,141,196,273,236,262,272,121,76,118,210,231,242,290,216,187,241,225,213,132,253,174,190,309,331,278,151,201,277,355,375,306,249
"gene_805",337,188,281,374,303,179,288,392,200,268,350,200,256,229,393,104,107,216,189,151,218,156,240,175,307,271,237,269,228,161,172,192,205,269,199,63,310,323,346,201,190,328,160,183,251,217,122,202,297,159,172,306,164,159,188,262,198,305,368,295
"gene_806",118,53,121,101,89,49,59,164,75,72,101,42,81,37,44,43,62,67,63,46,93,49,93,62,11,97,73,21,30,88,23,18,30,35,33,27,40,24,22,49,34,19,20,35,34,19,33,36,14,20,27,50,49,17,25,49,35,43,36,35
"gene_807",75,88,84,100,77,50,91,145,96,157,95,75,71,102,57,64,135,44,69,93,98,93,137,123,89,126,132,75,59,104,66,200,119,92,78,43,95,61,76,138,101,84,41,78,136,55,97,81,113,69,79,130,129,71,93,112,236,53,127,69
"gene_808",535,435,635,417,324,486,330,717,392,260,441,350,306,456,424,368,345,466,290,377,354,201,544,714,611,330,335,335,352,259,317,492,310,452,400,254,417,438,428,428,357,667,265,410,452,263,252,361,293,371,461,377,464,304,392,522,737,297,614,558
"gene_809",1684,1018,1007,1600,1054,1234,1517,1402,1750,2376,1326,1119,1431,1019,1279,734,909,1852,1099,798,744,649,1519,975,1096,1176,1112,1181,1037,1452,615,1322,936,1051,1082,747,940,1232,726,717,1375,1103,809,974,992,762,783,1323,928,1054,1048,944,1142,1167,1214,1360,2149,962,930,1107
"gene_810",87,35,69,35,68,82,61,143,74,159,115,35,84,76,34,38,45,108,48,73,42,55,112,37,45,58,60,23,35,78,69,85,113,108,59,43,65,44,40,81,106,106,32,72,75,10,42,30,65,25,78,33,72,62,62,43,95,58,82,87
"gene_811",2510,2398,3246,3066,2427,2280,3953,5824,3758,3034,3051,1547,4084,1693,3213,1440,1837,2869,3056,2816,1944,2565,2508,3537,3160,3846,3129,3209,2159,4636,2409,3044,3263,2050,3559,1790,2768,3498,3686,3593,3660,4451,1934,2643,1904,1792,2888,2504,3842,1914,3444,3065,2518,2942,3394,3327,4986,1359,3411,2744
"gene_812",42,17,47,56,29,35,40,36,48,56,66,51,19,26,25,13,41,42,29,20,51,28,79,87,53,35,25,47,30,61,10,31,63,47,53,35,33,56,22,55,37,51,39,50,31,37,26,52,20,68,56,29,79,25,41,43,92,14,42,21
"gene_813",5,0,23,2,4,5,0,6,2,4,16,0,11,5,6,1,3,22,8,1,0,3,3,7,0,4,1,0,7,6,1,0,12,9,7,2,0,2,13,8,1,0,1,6,5,3,3,0,16,3,11,1,7,2,11,2,3,8,7,6
"gene_814",10,15,23,22,18,10,15,16,18,27,11,14,3,19,10,18,26,16,16,24,13,12,30,54,17,29,12,26,14,35,15,30,41,21,17,9,8,21,47,55,29,29,24,40,92,26,32,17,34,24,28,44,22,10,25,43,14,4,43,24
"gene_815",1,7,12,7,13,3,22,11,19,7,1,1,2,0,18,6,1,13,2,8,3,0,9,1,9,29,10,15,5,5,0,1,4,0,3,0,10,1,9,12,2,9,10,5,11,4,14,15,7,3,0,10,1,12,3,6,27,11,14,7
"gene_816",4467,1871,3425,2318,2685,2707,2514,4123,3111,1912,3201,1472,2616,2503,4167,1970,2550,2854,1967,2796,2423,1648,2375,3040,3602,2855,2850,1997,2783,3423,1241,1267,1584,1056,1210,771,1417,1954,1457,1230,1738,1714,876,1301,1122,1116,1319,1464,1241,1488,1924,1413,2047,1343,1388,1514,2976,1442,1659,1819
"gene_817",2456,1177,1990,2078,1887,1380,1703,1873,3984,3042,2204,1663,4148,2242,2138,1014,1155,1459,945,1633,1402,1575,1665,3166,2034,1913,1104,1174,1209,1754,2080,2116,1841,2023,1705,909,1881,2539,1906,2449,1989,2167,1462,1692,2688,1436,1717,1633,2044,1561,1825,1892,2281,1047,1177,2531,2370,2104,2934,1999
"gene_818",4181,2669,3703,2837,3997,1932,3007,4714,3180,4210,1511,1956,3720,3192,2653,1631,1995,2203,3299,1988,1983,2711,2421,4509,3905,2607,2162,2938,2614,2882,2881,3499,2864,1969,2636,1082,2026,2774,2048,2805,3224,3076,1518,3861,2535,1979,1512,2320,3394,2036,1447,4503,3280,2470,1928,2142,5106,2342,2499,3067
"gene_819",73,48,55,64,34,43,80,122,51,86,56,40,114,76,67,30,80,104,100,47,74,44,52,56,67,114,68,48,37,69,89,38,66,36,83,22,86,62,88,59,99,75,27,54,52,33,79,46,29,15,67,66,64,37,76,102,120,102,121,72
"gene_820",13,32,18,17,12,36,29,62,38,25,14,23,24,24,28,12,25,40,31,21,22,11,25,40,19,13,17,53,22,18,33,57,8,20,33,8,20,25,39,44,29,29,19,34,49,15,29,31,38,43,28,39,22,10,13,14,40,41,47,18
"gene_821",25,78,55,32,45,24,37,44,59,52,60,8,35,29,65,18,27,56,51,19,42,38,28,38,47,18,35,36,40,24,32,77,27,37,29,33,42,59,50,43,38,33,38,71,79,55,68,35,54,42,25,65,53,70,89,82,69,18,56,97
"gene_822",1920,1513,2035,1983,1993,1436,1555,1687,1728,1277,2275,1603,2493,1255,2099,979,1272,1388,1208,1369,1040,837,2033,1902,2393,1603,1061,1151,1679,1480,1460,2347,2159,1782,2112,986,2401,1820,1445,2018,1926,2006,1655,1953,2434,1817,1529,1801,2455,1098,3028,2850,2581,1653,1824,2861,4656,1791,1786,1372
"gene_823",400,365,509,657,422,324,482,521,664,570,547,455,610,629,449,145,465,460,429,601,588,359,573,701,694,391,460,369,400,581,465,434,749,348,398,354,717,587,543,561,536,615,335,420,699,347,495,431,645,379,378,703,704,444,572,352,802,601,862,710
"gene_824",1,4,20,24,25,23,4,10,1,19,19,12,2,3,13,11,19,19,6,7,14,4,4,12,0,2,12,4,1,15,7,16,10,21,0,3,2,11,12,0,9,6,1,22,7,5,0,9,6,8,1,15,12,8,7,5,4,6,21,5
"gene_825",216,83,64,233,149,116,144,207,144,177,214,99,157,164,106,129,162,158,83,111,184,103,221,162,108,115,196,119,203,177,206,310,229,163,93,72,84,142,106,232,158,211,150,161,188,168,152,150,203,180,218,91,194,263,189,231,214,158,216,122
"gene_826",4,10,1,11,19,8,5,2,2,2,14,2,7,5,8,1,24,30,11,18,3,19,11,2,7,1,22,3,1,12,16,15,1,17,6,13,1,1,7,19,5,4,1,5,1,10,0,5,10,7,7,0,15,2,4,7,3,8,5,10
"gene_827",409,358,537,758,451,403,514,519,564,515,392,461,598,445,368,413,336,463,364,376,602,166,490,459,686,478,364,444,500,587,498,434,279,378,422,208,495,535,375,449,583,366,333,687,447,503,342,346,386,322,449,356,654,430,553,875,617,472,713,325
"gene_828",76,97,54,92,53,64,32,55,50,121,42,44,109,91,68,37,61,190,62,97,60,83,111,132,85,156,81,40,41,84,71,78,86,59,71,51,54,81,64,62,148,62,47,139,81,51,57,94,72,49,96,79,66,61,66,75,134,91,86,70
"gene_829",622,362,324,812,430,357,529,715,813,354,650,381,409,342,605,293,407,581,556,335,304,292,259,337,534,491,389,222,266,465,575,443,374,551,613,299,585,438,616,620,374,878,267,542,526,489,531,357,775,511,547,606,344,427,680,463,925,589,491,671
"gene_830",214,143,284,188,326,225,333,307,250,328,208,141,442,214,170,109,216,260,191,339,199,103,443,176,297,231,126,226,165,300,208,346,332,272,219,194,174,352,231,300,316,313,241,284,281,203,157,256,234,205,286,368,320,240,264,259,437,253,241,197
"gene_831",85,69,118,58,152,110,42,129,53,135,102,46,122,79,75,99,115,79,61,56,75,122,87,103,117,49,59,92,87,111,53,110,76,141,50,36,63,66,130,81,122,51,37,78,70,66,78,115,66,58,90,95,101,78,151,90,135,73,97,80
"gene_832",58,67,43,37,64,40,152,27,43,76,37,37,84,57,71,45,44,57,56,36,38,34,70,71,68,56,61,81,49,53,78,75,60,53,42,36,91,52,83,44,25,59,77,99,91,61,50,89,69,41,45,74,70,120,88,98,38,68,89,78
"gene_833",121,68,62,119,115,99,101,151,54,174,97,80,131,76,166,61,80,63,63,116,139,61,85,50,120,61,116,78,59,133,135,116,122,99,135,75,146,52,72,106,154,142,88,265,163,65,126,133,141,86,128,81,202,132,147,81,157,173,149,113
"gene_834",13,1,0,1,3,8,9,17,19,6,8,3,4,3,4,4,15,10,4,3,1,0,7,3,4,6,1,19,3,0,10,10,1,0,0,1,5,12,0,6,0,19,10,2,11,11,1,2,0,1,10,1,0,1,14,4,0,1,40,2
"gene_835",5539,2960,4685,5501,4388,4777,4855,7489,6197,7239,4301,3410,9057,4890,5098,3433,3638,7051,3110,3749,4439,3879,4573,5563,6271,7508,5289,4052,5601,5069,2770,3264,2725,4185,2421,2446,4227,3775,3826,3161,3232,6286,2033,2447,2182,4820,1763,3998,4267,3453,3370,5072,3905,3073,2865,3656,5089,2753,4637,6493
"gene_836",1155,1290,1603,1960,2354,1045,1119,2458,2460,1723,2630,1349,1679,2550,2334,1205,1491,1592,1320,1673,1188,1286,2709,2141,2510,1383,1531,1785,1677,2419,2302,2464,1874,1025,2136,1161,1867,1742,1451,2655,1377,1753,1162,1917,2140,1741,1848,1567,2418,1329,1452,2594,1535,2388,2046,1248,3211,1293,1369,2578
"gene_837",16,4,8,6,5,7,21,22,10,58,3,18,19,2,0,8,9,8,7,4,14,19,0,36,13,3,1,20,10,3,14,7,25,6,6,7,9,4,1,15,19,11,2,39,12,4,7,25,22,0,6,4,2,9,10,12,6,1,6,11
"gene_838",459,282,305,499,293,255,432,386,330,285,513,267,383,421,606,309,297,425,282,350,245,152,272,574,559,425,433,604,391,349,466,531,409,340,260,235,330,303,375,412,199,421,337,425,407,311,258,335,219,275,307,454,304,283,389,255,386,373,517,353
"gene_839",254,100,134,274,101,137,177,135,153,220,146,157,295,149,142,87,149,228,89,140,87,70,258,121,217,151,168,116,100,152,113,180,172,132,152,105,135,216,176,214,189,308,152,171,217,110,76,139,176,184,137,145,164,188,247,124,263,103,138,267
"gene_840",4,0,10,8,3,4,0,0,24,1,20,3,2,0,6,3,11,21,5,13,1,1,4,4,12,0,1,14,5,6,12,1,11,16,3,0,5,27,11,11,9,11,5,0,8,7,4,8,0,7,2,6,3,1,31,18,0,0,25,6
"gene_841",42,39,55,71,83,75,67,75,71,107,90,65,109,58,140,35,99,53,77,149,66,68,106,102,78,101,50,37,74,103,78,75,92,64,72,38,79,182,34,44,66,135,42,41,106,32,54,74,127,49,88,88,193,84,121,74,121,110,132,159
"gene_842",72,23,47,23,47,23,23,40,47,22,47,33,47,32,38,23,17,45,8,41,29,52,108,15,36,57,20,51,29,13,45,53,45,39,18,8,60,14,7,27,38,43,22,80,21,38,36,38,21,25,17,43,43,31,69,35,46,18,37,30
"gene_843",213,476,481,963,575,598,646,687,787,472,444,433,778,501,604,243,474,570,466,402,395,481,955,525,646,972,565,373,534,657,492,457,530,703,356,254,599,575,738,488,862,421,383,661,793,603,591,229,1314,565,525,488,623,432,710,637,938,649,1284,519
"gene_844",17,8,12,21,20,6,13,19,20,3,3,7,1,0,15,1,8,2,0,17,8,0,1,15,9,20,1,3,2,30,6,13,33,13,27,10,4,18,7,13,8,6,16,18,3,11,2,8,2,5,15,22,8,28,7,24,9,0,46,7
"gene_845",801,464,530,896,665,315,476,723,1000,863,581,353,574,689,659,358,443,797,627,673,464,342,672,604,826,852,482,373,313,533,464,809,379,638,570,450,714,742,374,725,1013,781,627,484,553,594,595,657,1127,473,532,565,884,630,821,748,699,484,735,729
"gene_846",228,214,215,282,262,212,282,272,281,296,349,136,268,178,317,97,174,224,265,199,173,167,256,225,299,293,178,202,148,248,141,306,199,124,149,146,157,207,248,129,220,179,117,239,248,132,230,154,201,141,176,247,184,266,186,239,442,189,349,214
"gene_847",68,27,102,57,37,47,45,84,79,50,105,49,37,64,44,23,82,93,77,92,38,50,80,115,64,64,54,36,57,64,64,22,61,85,77,33,16,31,118,53,53,87,19,25,65,65,36,81,161,37,69,64,56,47,58,61,127,95,87,52
"gene_848",184,74,128,64,179,166,250,235,190,244,89,73,288,87,191,87,100,129,81,96,178,71,126,133,179,122,130,120,131,88,161,151,120,143,53,61,149,181,82,127,110,150,69,161,162,105,87,116,90,60,100,127,143,124,64,118,153,117,103,101
"gene_849",9,10,5,3,5,5,0,3,0,29,6,2,7,2,3,2,4,4,8,3,6,5,4,7,0,2,4,5,0,0,6,0,2,0,2,7,7,3,3,6,1,0,4,6,7,4,5,2,9,7,0,15,0,0,1,4,8,3,1,12
"gene_850",5,0,6,0,0,13,3,6,25,10,3,3,1,0,0,2,1,2,3,0,10,3,0,1,13,3,11,0,0,4,1,3,4,0,18,3,4,2,3,2,0,8,3,6,2,6,4,7,1,5,7,1,2,0,3,5,5,1,3,3
"gene_851",56,32,70,60,118,51,30,71,31,50,44,53,87,57,75,54,63,62,80,41,80,60,67,142,55,81,37,66,63,29,65,21,147,72,68,40,72,69,93,70,104,75,48,81,100,64,45,100,34,47,69,63,29,89,68,85,152,92,142,39
"gene_852",23,22,25,7,45,17,30,41,22,11,44,27,18,8,33,24,11,24,24,20,43,30,18,58,26,39,11,10,11,17,35,12,24,39,24,20,11,42,13,40,6,23,14,23,24,28,17,35,22,25,20,21,35,32,88,38,34,41,11,54
"gene_853",44,88,88,71,33,58,42,96,21,40,76,31,71,41,55,17,41,67,20,49,47,28,19,119,125,52,19,35,29,16,32,17,51,17,42,21,21,12,14,21,55,43,12,16,12,21,24,13,25,14,10,21,30,16,26,37,44,29,22,41
"gene_854",123,50,111,102,100,107,126,66,188,88,92,74,117,123,123,62,112,64,107,92,103,129,167,59,76,67,82,47,52,71,95,107,79,82,67,49,99,92,82,83,167,56,51,130,130,119,58,84,115,80,52,94,205,52,83,63,211,122,152,135
"gene_855",96,76,214,68,100,59,87,168,84,171,99,105,75,86,155,45,88,87,54,81,66,95,123,185,106,53,94,150,77,79,62,75,145,64,52,51,65,150,108,193,79,138,64,27,132,90,77,74,115,130,82,106,119,55,82,64,123,82,102,107
"gene_856",502,239,870,346,366,344,451,602,450,477,281,407,1013,548,360,271,412,389,413,473,603,363,460,524,703,488,459,408,432,649,309,887,455,696,321,308,439,501,345,559,516,600,382,867,765,572,462,600,521,369,450,541,768,666,447,591,1044,806,705,747
"gene_857",108,155,241,184,86,84,219,209,114,213,145,82,175,107,164,154,114,177,129,102,90,96,146,152,174,72,163,185,129,211,124,105,124,127,126,93,140,201,228,124,88,128,90,166,175,135,77,100,153,87,136,133,140,143,166,183,210,136,114,154
"gene_858",448,477,375,368,572,446,477,471,746,549,423,177,738,622,429,258,371,396,432,447,389,433,490,665,431,580,542,386,317,327,398,502,356,425,471,280,301,604,518,558,514,639,343,427,388,370,261,429,744,329,373,404,349,509,616,528,452,450,589,543
"gene_859",423,392,428,527,503,597,535,719,528,491,437,277,857,619,478,210,394,538,291,359,453,296,682,403,508,441,282,437,360,620,1158,1001,1304,1048,1134,665,511,1592,777,864,1204,1185,647,1375,807,666,1543,942,1504,856,673,1397,1001,934,951,765,1310,904,878,1476
"gene_860",612,396,721,602,808,691,579,781,897,990,783,600,1198,730,784,551,538,553,699,671,488,463,738,570,924,366,373,615,323,573,700,1172,757,1034,844,308,884,1077,684,563,1187,730,555,820,784,787,894,606,641,708,603,885,1030,576,882,741,1388,775,1049,770
"gene_861",1714,1355,1672,1513,2403,1270,1839,2174,1341,2175,1826,1334,2236,1570,1546,981,979,1405,1381,1670,1721,923,2136,2437,1982,1723,978,1487,1228,2362,958,1964,1393,1348,888,1110,1259,1776,1486,2239,1820,1857,1257,1908,925,1130,829,1559,1875,913,1405,1582,2372,1837,1826,1839,2546,1787,2091,1447
"gene_862",3,4,4,0,1,0,2,10,2,0,3,3,21,8,25,0,1,7,0,13,0,12,1,20,9,0,1,3,0,0,4,14,1,9,4,2,0,1,1,1,8,2,11,1,1,6,8,4,0,6,8,1,9,0,26,8,1,1,1,3
"gene_863",366,172,212,259,149,144,304,350,274,192,216,152,218,327,207,150,181,345,110,127,181,163,299,284,212,230,263,197,131,269,240,149,254,211,153,99,121,175,112,119,199,193,154,263,236,143,173,162,239,110,187,57,152,160,272,191,169,192,177,238
"gene_864",173,186,408,243,188,210,305,274,206,315,366,271,192,224,213,182,216,256,226,228,318,338,237,486,281,294,334,218,272,337,90,187,253,203,247,89,182,182,171,219,176,249,89,210,289,121,95,122,316,130,222,147,200,151,271,348,204,159,314,183
"gene_865",3,2,2,6,1,14,8,3,5,0,4,0,2,2,16,1,3,6,0,2,2,1,0,1,6,7,1,3,8,0,8,0,13,5,0,0,2,24,8,2,6,0,4,0,1,3,17,8,4,0,16,0,0,9,8,4,1,8,0,11
"gene_866",29,13,47,16,10,34,16,19,28,44,15,14,10,31,31,8,10,17,24,20,18,7,6,9,54,19,53,5,30,16,49,4,4,30,46,9,6,35,26,40,22,36,19,52,25,22,10,38,23,20,11,5,29,26,22,28,16,43,12,43
"gene_867",40,23,36,64,23,28,36,82,24,48,39,37,39,23,57,21,35,17,49,22,40,22,28,25,32,26,35,50,14,51,7,9,8,11,5,3,12,15,10,7,7,5,3,14,5,10,5,4,7,6,5,14,10,6,11,9,13,13,14,12
"gene_868",206,161,147,131,100,154,170,172,156,198,182,69,244,170,213,152,80,138,119,153,209,165,191,113,222,139,134,111,58,128,159,197,190,152,157,166,248,212,183,149,166,217,130,138,110,148,213,165,168,83,191,129,154,147,135,188,387,82,251,180
"gene_869",111,44,63,65,93,33,82,71,105,62,63,68,107,85,51,75,49,58,36,33,86,54,63,106,50,54,27,50,49,98,76,58,120,68,45,42,87,158,74,132,106,106,56,131,114,46,60,45,136,59,40,102,87,85,66,125,138,101,162,70
"gene_870",4446,4664,5501,4152,7037,5132,4375,4873,5448,3742,4149,3237,6352,4319,4712,3064,5242,5325,3410,3330,3274,4765,3733,4744,5304,5541,4658,6093,3627,6964,5286,5534,6009,3550,5738,1656,2585,5897,4153,2506,3781,6631,2638,6096,5981,4473,4861,3476,3880,4548,4824,4123,7390,5794,4326,5150,4002,3651,4655,7085
"gene_871",17,74,20,65,68,24,16,23,48,54,31,45,34,97,82,23,26,41,29,19,15,41,45,34,42,46,14,44,20,49,32,21,33,135,71,24,34,76,40,62,98,41,32,52,106,28,20,48,77,25,24,59,88,22,63,21,53,57,85,46
"gene_872",0,4,5,2,3,5,8,0,33,7,3,6,18,13,1,5,1,19,0,1,0,2,10,2,11,0,7,2,4,6,0,5,2,1,3,8,2,1,4,17,2,1,2,0,9,5,3,0,10,0,1,0,2,32,41,14,12,2,2,1
"gene_873",188,117,155,144,108,125,99,186,116,243,168,96,156,123,187,76,118,116,87,192,92,111,116,228,190,136,132,77,133,278,140,220,245,129,90,92,146,186,205,206,134,199,102,146,174,105,177,104,232,109,208,193,172,120,190,118,313,141,108,225
"gene_874",280,357,348,326,383,286,279,581,447,323,313,376,622,286,254,194,261,272,471,313,293,332,705,363,477,374,281,260,337,224,230,213,319,198,149,217,178,358,148,343,237,295,133,315,272,270,141,229,609,131,172,252,238,206,344,361,409,376,431,322
"gene_875",34,15,31,34,39,33,69,60,71,27,65,9,56,26,25,41,28,51,15,20,39,43,45,26,34,14,25,42,19,42,36,52,13,27,59,8,49,37,38,92,29,21,33,34,64,15,47,18,59,40,31,55,25,17,67,22,71,30,50,38
"gene_876",1222,828,722,908,1165,704,1084,1317,605,1289,1301,566,1070,827,993,574,858,861,584,758,987,989,1257,1041,1309,480,897,609,821,1265,569,1126,632,1158,787,399,1180,968,1170,1046,722,1081,413,1065,643,597,1010,834,1155,529,764,936,664,1081,1368,1084,1854,659,1379,666
"gene_877",65,72,101,72,101,85,86,123,75,184,87,176,98,82,113,64,62,112,50,93,47,52,200,133,63,106,91,147,53,115,81,104,109,113,80,29,117,147,61,82,141,161,86,99,155,81,87,48,133,73,97,158,76,68,133,83,145,94,82,108
"gene_878",1292,892,1306,1680,2083,1598,1680,2855,1275,1930,1278,1243,2882,1664,889,1093,1575,1141,1196,958,1143,995,2401,1732,1385,1379,1457,1167,1133,1258,1342,1148,1588,1492,1377,735,1625,2376,1267,1313,2095,2224,746,1314,986,1141,1757,1105,864,1152,1051,1703,1603,1886,1203,1642,1716,1321,1464,2090
"gene_879",1866,1325,2124,1883,1551,1546,1972,2480,3057,2005,1625,1107,2191,3336,1674,1096,1766,3028,1028,2755,1662,1048,2205,3291,2236,1595,1481,2292,1768,2171,1111,3009,2867,1469,1560,1318,1658,2822,2290,2629,2469,2375,1544,2445,1575,1847,1796,1894,2617,1241,1425,2275,3239,1708,1813,1785,3153,2358,2078,3410
"gene_880",772,703,1062,1349,1042,426,948,1096,894,1033,1164,674,877,1204,1288,731,1061,920,395,836,898,721,762,1103,673,1039,694,805,570,706,584,850,534,551,899,450,674,980,647,1149,1082,734,576,834,1113,673,836,662,882,662,762,1399,910,432,824,832,1694,719,1070,1279
"gene_881",139,101,146,142,124,148,147,126,91,217,122,172,235,174,117,78,123,159,93,115,162,58,196,254,125,135,80,137,86,114,105,64,145,134,70,49,85,67,44,58,52,75,85,53,162,52,55,111,149,70,82,161,128,110,58,62,81,87,151,58
"gene_882",0,4,2,1,0,10,14,3,11,0,2,1,0,7,8,12,15,0,7,7,6,1,1,15,3,4,3,10,5,9,8,5,2,0,3,1,2,0,1,1,4,5,0,1,1,2,1,0,5,3,12,11,2,1,1,1,7,1,1,18
"gene_883",2876,1939,2988,2193,3154,2669,2146,1778,3071,2790,2356,1915,4230,2047,2678,1855,1834,2179,2338,1925,2737,2186,2486,3037,1511,2416,1851,2231,2341,2281,1966,2341,2673,2101,2015,1158,1759,2338,1328,2423,2167,3007,2102,2031,2280,1818,2055,1199,3238,1486,1651,2024,1870,2369,1520,2149,3585,1798,2303,2073
"gene_884",11,5,16,31,16,17,28,30,20,52,7,10,53,12,9,14,27,18,25,22,19,17,24,36,29,15,24,19,21,30,24,24,33,11,11,5,15,21,17,24,45,20,16,23,36,25,13,13,38,9,19,22,11,16,34,10,22,22,11,10
"gene_885",233,214,274,270,221,173,213,359,242,447,188,297,191,251,152,112,174,288,354,238,196,203,220,309,241,205,181,149,257,356,151,196,204,189,186,100,127,278,226,188,159,194,138,146,184,140,129,69,290,140,251,249,268,157,109,146,266,230,257,183
"gene_886",43,40,62,37,30,90,77,61,55,41,54,44,55,60,35,20,77,48,62,33,40,34,46,53,69,36,54,39,41,39,40,42,89,40,43,36,55,64,54,40,56,74,52,58,23,63,64,62,20,31,80,97,48,102,65,43,72,30,76,53
"gene_887",4501,3531,3417,3813,5266,3974,4982,5654,3310,3800,5410,4117,4375,5369,3162,3831,3700,4569,3240,5002,3780,2699,4682,8042,4689,2696,2616,3537,4605,7004,5848,8278,4182,5916,5611,4387,5155,8429,5745,10913,9646,4999,4265,5791,6786,5722,6736,6821,7570,5404,3637,9734,10489,6239,7094,6265,12488,8610,7626,7644
"gene_888",3,0,3,8,6,1,4,10,16,5,2,2,4,7,1,19,15,15,3,3,6,10,0,18,5,31,17,8,8,2,7,0,30,2,9,1,1,3,8,7,2,3,1,11,6,4,27,17,7,5,4,9,5,1,6,6,7,1,4,1
"gene_889",1206,1144,1420,1183,1063,1404,2212,1017,1018,1899,1302,985,1752,1330,907,910,1063,1449,983,996,1775,1105,1373,961,896,897,894,1304,1116,1418,1313,1197,1144,1652,1374,673,1422,1464,1375,1197,1370,1383,910,1333,1404,1165,1013,1214,970,1446,1079,1796,1880,1231,2124,1436,2501,960,1562,1184
"gene_890",716,389,705,459,373,485,672,600,595,601,560,314,780,480,484,203,413,460,463,354,427,417,596,514,642,790,400,603,395,453,442,301,816,547,485,236,405,460,480,498,678,510,447,548,719,504,465,634,707,671,630,769,615,606,444,694,928,380,703,780
"gene_891",39,32,47,71,37,49,49,26,52,48,88,16,87,43,40,17,54,54,58,33,10,40,29,35,27,72,21,42,43,25,73,61,55,69,74,17,60,123,54,60,67,74,38,63,38,62,69,48,34,46,84,24,38,33,63,23,54,52,62,60
"gene_892",1362,1209,1479,1180,1186,1320,1015,1093,1402,1513,1454,675,1909,1271,1437,1160,812,1199,1040,820,861,649,1224,1380,1266,1100,1366,1440,1194,1251,680,1037,1664,1773,1101,756,1025,1176,1687,1313,2425,1656,1076,2198,773,1485,1251,1359,1266,1253,965,2211,2188,1850,1273,1473,2369,1369,1289,2062
"gene_893",48,44,54,39,102,37,57,74,39,34,38,53,114,48,31,70,18,63,49,21,17,33,64,103,34,73,30,71,25,95,26,119,49,48,64,35,43,41,72,63,97,51,14,31,50,80,45,67,95,48,54,59,96,57,50,41,60,77,53,36
"gene_894",1119,775,853,711,859,967,790,1321,1612,920,990,767,1038,1157,1030,738,401,1136,705,1031,1098,529,571,870,1280,900,819,392,869,870,1801,1860,1619,1846,1660,1061,1321,1913,887,1543,1847,2190,811,1319,1022,1383,1245,1513,1492,1173,1503,1219,1353,1267,1498,1639,1703,1036,1651,2405
"gene_895",241,241,282,361,307,363,397,329,507,416,358,222,323,325,307,123,223,309,302,209,238,286,476,390,492,380,249,287,200,367,247,311,241,405,263,171,364,447,286,303,336,329,124,324,330,520,307,329,314,308,363,269,228,295,333,371,434,478,333,342
"gene_896",25,8,13,21,14,23,11,7,8,12,29,15,9,20,8,7,10,15,1,12,14,9,12,7,10,4,10,27,16,32,5,13,15,21,6,6,2,32,17,6,0,18,11,8,13,34,25,2,24,22,25,11,15,8,14,11,30,16,8,10
"gene_897",641,530,922,685,551,529,699,905,694,1293,383,527,862,664,722,330,477,827,443,705,575,590,813,853,941,655,382,842,525,753,521,915,745,780,985,506,713,912,652,893,810,985,623,1545,651,865,764,1025,1020,607,623,901,818,575,1016,885,1652,496,1438,599
"gene_898",25,28,54,9,46,45,28,28,43,50,23,20,85,44,37,27,27,61,20,32,27,30,39,55,37,87,14,34,22,17,65,41,48,42,57,44,15,31,25,77,39,27,27,41,26,13,29,30,86,27,18,38,58,57,59,32,77,48,60,19
"gene_899",15,4,14,23,10,24,5,16,37,20,12,19,17,14,13,17,7,15,43,15,7,17,33,37,13,21,18,25,15,20,24,33,13,23,13,6,10,22,5,46,21,35,12,11,20,21,22,20,31,36,8,21,25,12,14,28,41,28,29,25
"gene_900",16,25,33,47,15,21,39,36,31,26,38,29,38,23,19,28,12,16,18,42,37,12,35,14,64,14,18,14,39,34,47,38,58,10,31,11,23,72,15,21,21,49,22,18,65,33,26,10,38,18,37,58,32,31,22,19,94,6,42,43
"gene_901",766,677,712,680,606,956,731,971,881,832,1015,498,1062,685,684,475,464,690,695,776,528,420,585,854,1148,454,621,588,806,616,619,775,868,894,419,289,452,673,901,1050,702,1048,479,732,687,570,794,677,658,422,556,950,754,765,580,798,1649,748,1060,811
"gene_902",4449,5242,4164,5140,4548,4478,5806,7053,4624,6611,5987,3546,6628,5446,4853,3445,3250,6168,3151,3676,4710,3534,7087,5697,5535,4775,3813,3563,2196,2586,4147,3874,4061,4161,2662,6331,4685,4533,3586,4898,4610,4176,4303,3453,5807,4796,4754,5426,6206,3875,5081,6793,5378,5027,5862,4448,6525,6429,7428,5661
"gene_903",5416,3762,3240,5186,4623,2369,5535,7497,7637,7185,8004,3212,3895,6609,4880,2469,5551,6056,3526,4239,5374,3286,7989,7193,4595,4810,2516,4330,3896,5277,6115,4324,5451,4351,4918,2567,5040,4447,4000,3482,4339,4785,3323,5768,6151,4632,4255,4473,7520,4077,4642,4068,3575,3034,4673,4187,7083,4204,7479,7929
"gene_904",130,55,145,117,138,133,162,163,28,115,104,95,190,135,150,170,123,128,134,72,121,87,170,192,73,102,160,201,92,200,81,206,155,158,115,50,156,139,129,117,238,222,103,109,131,100,104,136,170,110,128,103,203,171,139,172,176,242,171,196
"gene_905",4,11,3,18,3,6,21,3,17,7,15,6,11,9,1,0,3,8,5,2,0,4,7,8,0,9,1,1,2,0,0,0,0,3,15,3,8,5,0,0,5,8,3,22,4,4,3,6,2,3,7,5,5,2,0,1,4,2,0,9
"gene_906",482,292,800,355,329,472,882,496,654,505,391,151,397,754,467,172,324,407,373,396,519,351,675,443,371,351,452,323,733,531,391,548,435,625,346,218,479,600,446,383,478,537,374,402,500,425,261,486,603,289,396,425,359,349,815,880,722,339,482,482
"gene_907",4901,2385,5646,6024,6286,2636,4309,5245,4687,4579,5709,3136,9231,4446,6847,2476,7048,6617,2982,3449,4526,3262,4719,8936,4258,3159,5281,4082,5867,7683,3212,4873,4407,6250,5533,3221,5920,5038,4551,5977,6689,5552,2563,4761,6345,3926,4550,8251,5497,2474,3862,5778,6397,4240,4341,5319,4178,4974,4900,3963
"gene_908",2042,1895,3047,2676,2104,2533,2068,2445,2878,2150,1699,1736,3876,2200,2524,2161,1749,1890,2199,1754,1593,1132,3612,3009,2696,3096,1802,1360,2411,2324,2237,2867,3070,1949,1599,1248,1295,2288,2342,2523,3714,2843,2381,3854,2168,1844,2445,2017,3345,1913,2215,2973,4385,2433,2396,2263,4950,2351,3353,3894
"gene_909",327,141,344,270,380,259,291,268,284,313,376,257,394,332,147,169,353,320,158,339,198,137,322,262,197,191,315,144,310,316,504,401,258,249,200,219,203,271,211,137,408,242,170,295,259,171,302,276,224,189,144,252,272,243,343,392,575,231,299,233
"gene_910",318,226,226,188,285,179,287,254,238,230,105,258,405,241,242,71,226,336,187,178,195,246,197,251,409,177,155,150,118,270,189,160,240,263,150,84,183,187,131,153,267,286,105,264,263,131,158,171,206,149,235,329,190,171,245,120,241,93,352,165
"gene_911",304,166,432,286,459,198,431,390,321,289,205,223,427,146,333,232,114,195,315,166,283,189,262,445,250,238,391,243,256,313,259,321,368,278,159,243,327,345,267,255,430,374,192,343,378,232,155,322,283,160,236,482,419,366,221,156,681,232,389,396
"gene_912",279,229,264,97,171,148,237,172,167,174,126,145,221,147,138,172,136,196,131,214,137,103,159,164,187,104,142,151,116,171,95,87,184,118,149,160,194,243,153,108,132,110,136,217,120,158,84,134,105,92,120,166,176,148,136,125,211,135,150,183
"gene_913",361,435,449,428,301,480,469,408,323,236,280,333,399,381,370,266,363,368,353,387,406,351,477,491,267,470,332,365,176,528,1428,1834,1940,2312,1799,860,1082,1397,1774,1383,1764,2596,1399,1996,1493,1382,1257,1199,2151,1175,1311,1943,1113,1642,1804,1438,1490,1130,3019,1992
"gene_914",94,40,93,130,100,99,126,174,102,69,151,94,208,131,154,63,111,116,92,54,71,92,102,88,97,104,95,91,124,154,138,102,121,169,98,58,75,134,100,125,158,136,58,149,132,110,134,127,110,75,163,160,102,59,165,124,157,133,95,143
"gene_915",37,32,43,69,38,60,45,28,16,23,47,47,38,44,63,48,19,19,32,21,27,24,25,73,22,40,16,12,25,25,15,40,29,11,4,12,20,33,49,30,56,22,19,78,37,56,27,53,66,24,48,43,34,38,45,13,39,2,21,29
"gene_916",54,10,43,27,19,26,36,65,57,32,38,16,13,45,35,23,43,32,6,17,17,10,28,16,24,23,33,40,26,39,22,21,50,52,25,11,20,12,34,60,53,37,20,19,29,13,17,35,41,8,33,17,31,20,31,19,36,17,75,33
"gene_917",82,74,48,107,41,46,50,105,50,42,60,33,55,63,77,29,24,100,45,37,52,33,72,36,106,87,27,67,34,64,52,79,66,33,29,46,30,51,54,34,75,53,16,47,90,14,17,52,41,35,55,100,40,36,37,38,94,43,55,53
"gene_918",27,27,44,60,31,25,36,95,26,38,31,43,47,43,30,10,56,25,12,26,21,25,26,21,61,29,25,26,23,39,25,16,23,61,53,15,40,36,36,37,42,46,24,11,17,22,55,54,39,14,46,29,16,43,27,46,48,40,67,42
"gene_919",46,21,70,36,39,35,29,78,53,92,35,20,76,44,45,28,42,39,23,30,23,26,58,69,43,76,21,74,18,49,44,52,51,46,63,66,52,8,50,90,68,50,40,36,61,81,17,52,32,37,48,30,21,8,85,76,73,46,59,21
"gene_920",243,340,427,316,376,448,408,442,340,638,424,343,350,403,298,320,337,485,300,439,241,279,498,690,376,632,321,246,444,565,491,276,435,388,426,215,425,425,338,335,475,374,211,348,484,359,288,327,644,234,366,471,489,402,315,395,807,371,337,514
"gene_921",1599,1113,1895,1205,939,1873,2219,2064,2251,1267,1374,1417,1932,1414,1666,509,1255,1773,1007,851,949,756,2079,2042,1505,1366,1143,1239,1222,1442,1787,2110,2199,2277,1719,717,1137,1189,1256,1452,1690,2456,1052,1905,1457,1316,1070,1214,1636,1812,1982,1832,2000,1809,1936,1543,3013,1344,1332,1500
"gene_922",75,24,21,57,51,20,30,43,15,24,71,19,34,57,18,20,34,33,19,52,54,7,9,48,47,23,29,48,24,35,28,25,35,30,26,17,32,27,26,12,27,52,35,13,23,11,27,20,26,42,29,34,27,16,3,33,51,44,73,33
"gene_923",21,38,45,47,59,32,43,75,56,71,24,23,34,26,35,9,19,53,9,21,39,19,22,24,25,14,33,21,44,27,26,22,29,43,52,17,61,49,65,25,50,87,18,71,21,32,26,33,36,34,35,27,26,23,37,39,55,65,82,49
"gene_924",5,5,5,6,1,0,5,27,2,11,11,5,1,13,1,7,1,1,2,1,0,10,3,7,2,4,11,2,5,0,6,6,17,7,0,7,0,4,4,4,23,1,0,10,3,14,0,12,12,0,8,3,19,0,9,29,1,2,10,17
"gene_925",85,55,58,89,74,47,119,125,109,70,114,21,169,112,66,30,80,73,49,63,71,26,145,109,67,57,76,68,52,89,52,98,106,94,75,76,68,61,55,165,136,110,80,101,113,42,107,120,123,98,108,104,129,110,62,79,202,105,95,68
"gene_926",88,51,100,57,107,70,54,92,100,54,58,58,64,114,77,57,45,67,62,32,37,36,94,45,63,123,63,41,55,74,79,97,106,72,98,50,140,67,61,112,81,60,46,119,67,117,66,73,139,44,54,72,43,61,195,91,150,45,68,62
"gene_927",23,22,16,30,28,18,48,61,22,39,66,35,14,81,95,20,36,125,65,18,42,27,52,95,41,59,47,27,41,50,68,23,31,78,65,12,60,47,36,56,36,73,37,53,16,39,16,49,36,16,32,61,16,18,21,35,77,54,76,74
"gene_928",29,41,49,24,73,86,43,47,52,31,40,29,56,38,52,46,15,35,51,21,31,25,26,38,52,40,48,17,92,55,54,28,64,88,43,21,33,32,53,67,68,88,26,28,44,69,67,42,38,30,39,78,60,18,37,14,76,48,51,51
"gene_929",5738,4061,3275,5618,5881,5610,8312,4591,6368,4220,4659,3673,5129,4984,5491,3557,3978,2846,5247,7542,4362,5103,6110,4560,5749,4613,3560,4316,3612,4588,3734,4966,5781,4371,2824,2909,2798,6620,6130,3798,6239,3918,2316,7159,2902,5014,2828,3668,6606,2593,3690,6261,4816,3134,5249,4357,4833,4849,6603,5537
"gene_930",466,298,601,493,582,384,319,643,715,453,379,331,446,499,434,213,418,595,243,361,442,296,405,307,342,578,191,431,487,600,329,403,528,462,272,204,375,292,526,388,393,470,206,335,333,213,656,223,467,277,275,332,453,261,578,414,660,359,420,223
"gene_931",19,22,65,55,42,46,6,14,33,24,46,16,33,7,23,16,20,37,22,12,41,30,41,18,52,17,12,15,32,69,20,18,0,23,15,6,13,20,35,14,21,6,13,10,31,13,12,1,38,8,35,9,7,8,4,19,34,10,19,18
"gene_932",213,124,90,131,186,57,78,162,85,134,89,58,132,201,105,44,140,106,60,99,127,67,124,102,149,158,117,77,55,173,78,99,148,68,114,71,148,109,152,90,142,91,74,135,85,99,145,118,104,125,94,134,129,92,139,100,163,93,100,181
"gene_933",1483,828,1475,1213,921,1240,1177,1125,1519,1361,1484,473,1984,1383,1354,915,1186,1444,851,972,891,613,1380,1650,1401,811,681,1431,1085,1353,1053,1488,1085,1051,1573,850,842,1065,1110,1056,1765,1143,651,1125,1239,1091,1052,1198,1404,480,969,1140,1284,782,2586,1043,2125,1140,1311,1666
"gene_934",14,12,25,54,12,21,33,29,43,17,57,32,37,19,27,8,24,35,31,16,52,20,41,12,23,23,36,14,41,66,20,38,22,22,11,4,2,28,34,35,22,45,11,17,15,11,8,21,22,14,21,32,14,19,12,30,41,32,48,43
"gene_935",1,6,13,2,13,3,4,1,5,16,4,0,4,1,0,6,4,29,13,5,1,10,6,7,1,4,9,4,1,13,10,15,9,6,7,6,8,5,12,13,1,11,10,5,17,10,12,3,10,4,7,12,3,13,5,9,28,1,3,21
"gene_936",247,133,287,300,211,107,219,173,200,449,83,184,374,215,236,121,84,153,145,269,265,187,196,324,224,235,202,164,203,238,192,186,246,247,305,149,210,380,210,244,197,379,167,211,155,302,198,366,193,194,183,246,269,118,244,235,395,187,267,250
"gene_937",23,42,46,24,26,16,12,35,26,33,4,17,29,13,12,8,23,21,12,8,28,51,33,25,22,31,14,28,29,11,8,16,26,5,14,10,12,16,5,21,29,16,22,33,14,10,7,13,15,25,5,25,17,3,6,31,26,20,18,10
"gene_938",563,451,566,624,431,358,573,767,404,594,502,518,331,268,424,257,269,347,215,332,324,388,452,408,468,545,393,405,373,728,358,733,571,585,326,316,543,331,461,463,412,605,617,653,877,612,369,833,678,379,299,631,742,558,684,551,710,391,575,341
"gene_939",2000,1261,2051,2920,1774,2543,1465,2616,1629,2557,2735,1251,2045,2183,2169,1793,1924,2123,1782,2421,1513,1462,2799,2075,3357,2039,1976,1774,1242,2088,1729,3026,2408,2347,1812,895,1906,1581,1689,1380,2532,2703,1586,2817,2664,1585,1635,1578,2855,1752,1798,2960,2914,2411,2248,2249,3900,1761,2151,1470
"gene_940",226,196,424,405,464,271,443,406,389,417,200,348,245,350,225,173,170,323,193,271,247,291,364,398,441,439,308,259,289,246,297,311,384,401,357,118,337,273,407,312,499,379,375,423,573,369,367,235,474,203,160,316,323,298,593,389,540,270,292,336
"gene_941",42,20,30,25,23,55,46,18,16,24,21,22,15,46,45,27,49,65,28,32,55,12,75,47,50,50,25,37,37,31,43,13,56,17,57,16,29,30,38,26,14,71,20,37,36,27,39,69,19,27,39,20,38,25,56,30,94,23,36,47
"gene_942",159,70,54,105,101,82,174,63,186,132,77,122,111,67,106,75,78,99,64,74,80,43,124,174,57,80,51,40,53,108,25,23,18,35,18,8,15,28,21,27,31,41,17,17,17,21,37,12,28,17,30,25,14,12,34,34,24,27,25,26
"gene_943",1,13,25,18,13,18,36,47,17,65,47,20,36,25,19,13,58,23,18,18,12,34,18,15,40,37,17,26,34,6,3,29,18,19,21,11,12,28,9,18,34,62,30,18,36,15,12,48,23,12,13,37,22,63,25,35,17,33,18,80
"gene_944",158,163,241,278,204,155,277,221,148,170,228,176,334,178,233,97,153,219,159,218,141,121,296,214,229,156,136,293,156,178,209,241,245,284,260,152,159,187,176,244,251,331,98,189,501,255,318,211,237,127,351,180,189,182,237,306,336,180,345,235
"gene_945",35,56,51,21,51,53,47,32,84,29,12,55,68,53,60,16,39,70,42,69,15,34,53,36,58,42,34,49,18,53,36,39,71,14,20,23,31,17,27,71,44,31,31,38,54,38,40,14,54,21,51,54,29,17,29,42,26,52,22,40
"gene_946",4092,4361,7769,4391,5950,5212,6716,6563,5588,5381,3389,3676,6746,6892,7603,3055,4624,4547,3694,3686,2421,3752,5559,5158,4879,4741,4561,3357,3101,4347,5724,6164,4377,7419,4212,2885,3469,4600,4030,4634,4013,5167,5489,5340,4173,3230,4049,3955,5239,3248,5192,6672,4143,5853,3668,5107,7938,5363,4323,6161
"gene_947",84,69,34,99,67,42,31,60,53,52,45,47,41,54,21,34,33,58,33,54,89,61,73,92,45,72,50,39,18,65,74,60,91,21,47,58,42,39,82,86,30,66,25,82,70,43,57,51,120,25,67,119,32,109,37,90,43,47,63,115
"gene_948",34,6,22,59,10,9,17,27,20,7,4,43,15,41,9,8,32,31,4,20,23,3,6,20,22,28,12,8,5,8,5,21,4,12,5,9,7,16,9,7,5,7,3,6,5,21,8,19,7,13,7,6,6,10,2,18,5,4,9,17
"gene_949",3103,4161,5156,4009,4587,3384,5939,5122,3117,6101,5841,2882,5135,3832,4721,2009,4665,5595,3870,4821,2776,3139,4680,3757,5723,4077,2604,4354,3003,4006,3869,3927,4376,4433,4320,2425,2756,3409,2728,4665,3131,4461,3614,5088,4025,2848,5055,4762,4892,2007,3197,4436,3582,4293,3638,3954,4667,2334,5902,3713
"gene_950",80,59,56,57,87,25,152,81,106,114,90,32,81,63,92,65,56,70,62,73,96,38,72,56,64,82,125,57,122,210,107,84,94,80,122,51,103,55,78,71,97,100,67,94,40,86,22,103,139,65,73,93,90,49,111,72,128,77,63,77
"gene_951",0,2,14,4,1,1,6,5,6,1,8,0,10,1,1,3,16,7,0,11,2,3,15,0,4,5,7,9,20,11,1,0,2,7,2,4,9,5,0,7,9,7,4,15,1,3,3,0,0,0,6,2,1,19,1,1,9,1,3,2
"gene_952",36,10,9,14,9,25,14,9,18,20,27,10,7,21,30,8,7,26,20,29,13,11,22,24,22,46,3,22,8,11,10,8,12,10,22,0,9,10,12,5,12,37,2,14,5,12,6,9,25,8,6,24,2,13,12,6,2,2,21,13
"gene_953",128,58,126,128,32,103,97,93,121,123,94,66,114,80,205,103,84,89,89,49,123,48,111,147,63,62,119,90,96,68,135,128,85,78,163,71,68,140,43,142,115,55,75,71,74,206,123,84,158,64,111,103,93,109,39,108,110,138,113,81
"gene_954",751,869,1486,1610,966,1021,1865,1353,1111,1385,1133,688,1448,865,1334,632,1123,1081,818,941,1026,898,1553,1637,1310,1288,644,1256,823,1394,2360,1333,2278,1683,1423,1095,1114,1657,1551,2294,2021,2117,1119,1334,1353,1865,1207,1625,1924,1065,945,1560,1979,1531,1748,1102,2400,1424,1805,2981
"gene_955",75,34,101,76,92,91,85,124,102,168,81,46,134,62,90,90,67,147,110,40,98,69,92,73,87,132,78,77,87,80,74,143,55,89,73,36,94,47,84,119,57,128,59,35,71,81,24,110,164,51,64,77,143,60,102,71,141,57,74,88
"gene_956",205,156,406,572,448,495,283,528,516,507,750,344,566,356,499,332,542,399,390,372,347,442,408,344,583,617,322,348,450,337,396,762,289,382,370,305,404,452,357,305,682,298,376,460,751,349,479,537,362,352,294,539,291,500,551,519,663,430,466,516
"gene_957",103,73,147,135,80,57,127,71,123,90,91,40,116,98,102,72,109,61,27,54,69,67,120,74,112,160,43,36,72,64,81,90,57,96,99,51,109,84,67,68,81,81,69,63,107,60,65,71,44,33,65,153,80,66,65,65,124,72,102,75
"gene_958",3608,1900,3719,2027,2335,1984,3468,3173,4034,4987,3603,2615,4875,3992,2465,1943,3159,2062,2887,2805,3680,1820,3420,3785,3810,3211,2869,2790,3745,3327,4520,5450,4431,4771,3252,1947,3869,3362,3840,2492,4634,7270,2361,3818,4646,2888,3510,4465,6486,2706,3414,4195,4513,3273,4219,4186,9620,5158,5336,5235
"gene_959",9,3,1,2,0,0,2,3,0,5,2,3,2,3,2,7,4,0,1,0,9,2,3,2,6,2,1,2,5,2,19,8,3,1,6,3,2,2,1,0,5,2,4,4,2,1,1,0,2,4,10,1,1,4,2,0,9,0,2,8
"gene_960",22,19,14,37,13,31,7,5,28,17,29,24,52,11,20,23,40,8,33,8,27,17,9,4,36,18,9,11,28,35,51,34,32,19,4,11,98,21,17,37,38,58,7,37,7,15,9,17,74,10,31,37,21,59,32,22,87,12,45,80
"gene_961",100,54,114,111,120,28,152,89,136,142,61,53,71,83,122,71,77,148,65,70,90,124,114,150,68,96,88,65,142,78,144,61,111,132,79,104,36,107,117,86,90,89,85,92,116,91,93,68,94,29,81,70,86,59,89,108,65,131,126,164
"gene_962",378,695,953,686,539,1043,715,950,623,946,954,764,772,871,771,336,506,970,548,718,373,426,912,699,1158,498,404,771,548,662,748,779,584,610,437,245,607,789,664,649,647,673,445,644,899,662,545,690,733,429,640,751,702,394,718,463,1598,669,778,828
"gene_963",33,17,15,83,83,28,25,53,13,27,44,19,44,51,51,25,27,26,16,21,14,23,48,65,23,32,24,66,34,32,48,27,24,32,28,18,19,22,37,47,31,38,38,26,40,6,28,23,20,26,46,19,69,60,14,24,29,24,33,22
"gene_964",6,5,20,3,1,6,3,2,2,4,5,2,7,0,13,3,0,21,3,1,3,3,0,13,5,9,1,12,18,9,3,10,2,2,1,0,0,2,0,0,7,4,0,0,3,1,2,0,1,3,2,4,9,0,5,6,8,12,3,20
"gene_965",58,33,10,47,30,41,91,39,49,35,38,14,34,20,78,17,41,54,28,23,43,40,32,41,31,20,14,23,15,46,50,8,23,13,32,7,13,30,27,35,53,20,31,52,50,19,22,17,36,8,12,32,18,29,42,33,89,14,26,37
"gene_966",3552,2108,3142,2455,2697,3404,4410,2556,2002,3349,3178,1690,2576,3969,3637,1629,2164,2485,1428,2308,2707,2907,3073,3288,2110,3659,2880,2878,1719,3577,5293,3787,3162,3587,4287,2110,2155,2916,2981,3797,4562,4629,1984,5191,4911,2185,2960,3689,4263,2067,4298,5398,5323,2632,5190,3825,5577,2503,3352,4205
"gene_967",145,85,147,129,73,125,109,135,101,187,88,123,81,101,101,59,70,175,76,94,76,114,134,96,104,71,138,73,77,75,125,81,141,156,78,119,105,145,66,220,135,142,77,111,128,120,107,170,71,111,84,149,114,121,90,88,381,62,74,149
"gene_968",770,496,865,602,1147,418,864,744,792,775,452,420,613,381,562,348,512,393,688,363,573,283,824,691,595,708,330,453,515,408,582,800,454,901,428,421,523,556,429,658,626,499,601,741,420,499,404,556,781,306,644,509,736,410,379,549,408,441,546,322
"gene_969",4,4,18,11,7,29,16,8,16,25,20,10,5,34,14,18,7,15,7,5,1,6,26,31,5,24,16,32,9,3,9,19,2,2,18,3,20,15,20,14,37,9,11,22,15,9,5,11,13,1,12,17,3,15,0,12,15,16,11,33
"gene_970",620,491,597,780,603,729,661,1006,659,1025,841,464,1254,767,694,347,513,493,406,534,531,512,853,964,987,383,781,579,371,611,383,643,380,797,624,466,434,602,602,334,684,1089,454,576,340,552,640,546,993,474,560,539,732,541,1020,615,858,468,848,541
"gene_971",25,3,84,43,48,18,31,78,10,18,20,11,28,11,16,7,18,40,45,21,12,8,36,29,15,58,28,30,28,29,33,32,11,24,41,9,25,19,65,41,22,15,25,20,23,16,17,33,29,19,24,10,49,19,23,12,43,46,28,3
"gene_972",3830,2905,3541,3742,3818,2950,3774,3358,4956,5624,3036,3659,5142,5444,4029,3302,4798,5758,4299,3157,6333,2389,5519,6102,4567,5644,2734,2581,2641,5592,5540,6496,6636,3673,4038,3039,4019,7089,4223,7153,5126,9055,4070,6539,7133,2877,4371,2832,5975,3124,5433,5386,4444,5543,4615,3376,5621,3974,8623,6982
"gene_973",109,153,93,119,117,198,118,171,110,197,179,99,157,166,142,87,192,98,162,115,150,108,210,141,122,122,60,192,57,172,133,150,99,157,90,119,152,141,104,91,96,205,88,227,86,119,196,91,181,102,172,149,94,136,134,119,188,122,120,262
"gene_974",74,62,49,140,96,67,43,40,75,44,83,72,97,49,55,73,67,62,27,94,38,42,77,70,121,70,78,67,45,50,37,49,40,69,64,23,72,25,78,103,67,61,34,52,61,27,67,53,64,34,78,96,110,20,37,43,113,43,31,36
"gene_975",3073,4373,5293,5979,4359,4056,3354,6482,5832,6102,6608,3576,5859,6187,4711,3052,3582,5404,4302,4526,3667,3622,7111,5097,6232,4457,4703,5388,4682,3520,4591,6409,2828,4770,4333,2840,5830,5907,4305,6273,9260,5129,4252,6102,5026,3779,2791,4581,4654,3643,4025,5109,8280,5457,5486,4604,11134,5207,8029,7707
"gene_976",3229,4713,7146,5711,4113,4546,9047,9360,6997,5662,6814,4514,6655,6287,5812,3564,3876,4785,4030,4030,5521,3544,6938,6045,4966,3216,3210,3301,4507,4896,4817,4654,4546,4458,5372,3117,5279,6799,5128,7199,4790,6140,3774,6075,4851,4800,4074,4048,7191,3653,4244,7493,3893,7106,4292,4125,10780,3131,5612,5116
"gene_977",190,101,99,161,122,110,94,172,133,140,115,114,94,115,170,78,121,141,69,96,75,69,68,154,84,206,131,154,96,141,165,108,87,107,51,77,104,128,95,123,188,135,62,154,112,66,182,130,100,100,107,102,81,159,138,141,227,103,142,113
"gene_978",1059,774,1990,1761,1539,531,1856,1942,1290,1974,1420,825,1757,1021,1788,746,1081,2059,1009,599,1300,1061,1074,1491,1721,1051,1262,1656,1356,1474,1034,946,948,954,987,1282,1373,2305,1098,1482,1778,1917,794,1172,958,878,1244,1478,985,903,1120,934,1526,1153,1326,1530,2030,1401,2204,1638
"gene_979",55,25,55,40,48,68,31,64,51,30,30,51,46,34,52,23,20,45,38,41,14,19,68,35,58,64,59,54,23,55,34,28,31,39,18,38,39,60,25,32,74,29,19,32,36,55,31,49,42,14,14,20,86,43,35,60,106,67,46,58
"gene_980",132,50,39,90,77,59,66,113,112,82,104,100,165,64,59,32,87,96,58,101,66,103,104,112,160,107,65,71,83,99,108,269,181,132,109,57,156,139,136,157,115,94,107,136,172,106,109,87,188,112,102,124,162,110,240,137,108,133,73,135
"gene_981",7,11,0,7,3,7,13,9,27,10,6,1,15,18,8,9,8,17,2,4,9,19,11,17,28,3,20,5,13,2,12,1,1,13,0,6,4,6,10,11,8,2,5,5,28,9,4,11,1,5,3,12,42,14,8,2,10,3,7,38
"gene_982",510,318,408,479,313,414,279,640,510,522,243,218,593,328,738,253,333,311,323,393,331,436,579,415,444,280,394,406,344,388,572,268,535,461,446,223,318,593,414,449,192,396,290,500,476,361,450,432,489,293,484,663,439,277,261,429,735,461,475,421
"gene_983",281,282,423,177,269,331,314,464,274,513,229,127,395,158,242,138,305,281,359,233,253,257,230,373,296,322,292,253,247,359,286,300,345,272,207,156,259,380,299,387,295,322,206,358,357,199,234,291,312,193,216,426,324,431,126,272,803,239,438,388
"gene_984",77,42,63,64,62,83,157,133,50,66,156,83,82,47,85,64,92,169,88,59,75,77,89,110,118,83,29,57,121,80,50,93,35,91,34,18,71,44,62,96,106,115,84,69,77,69,47,51,138,86,87,61,102,41,46,61,121,111,87,97
"gene_985",0,2,19,4,11,3,4,11,4,0,2,9,8,15,12,1,25,12,5,0,0,1,1,7,11,0,2,3,1,0,2,0,6,9,1,2,4,7,1,13,22,17,4,4,14,11,10,0,6,29,4,5,0,9,11,9,1,10,11,7
"gene_986",93,28,96,102,58,56,61,96,56,118,92,50,97,39,76,58,73,73,71,113,54,50,102,181,76,50,88,37,40,52,101,67,76,26,36,34,72,38,84,65,96,76,25,69,83,97,43,46,67,52,36,74,67,48,70,46,63,48,64,56
"gene_987",472,265,791,641,905,701,729,886,630,960,639,372,718,724,845,358,543,858,589,692,596,454,524,1251,866,755,594,358,401,838,1139,438,1192,811,893,321,703,1266,782,966,934,1394,667,1073,663,852,505,909,1125,755,758,1192,778,917,623,797,1065,801,727,1229
"gene_988",47,43,33,26,16,21,20,19,42,59,23,15,30,9,13,15,15,2,21,40,18,25,39,15,24,30,16,18,8,27,8,9,25,5,7,13,35,37,25,41,12,66,15,19,49,56,14,8,18,16,16,36,30,20,9,47,59,20,46,33
"gene_989",3316,2760,4855,4217,4559,4058,6771,5081,3898,3892,3607,3163,6630,4896,4608,3338,3380,4251,4339,4273,4137,2751,4359,5872,4488,3752,2763,4378,2859,6185,4439,3179,3286,3029,3589,2128,5203,3897,3688,5689,2641,3833,1950,4868,4620,2854,4367,2952,4382,2393,3324,3942,4315,3555,2826,4705,6795,4347,4948,4038
"gene_990",8,4,30,70,13,17,39,54,30,25,17,13,21,24,20,28,17,24,9,20,18,8,11,27,41,9,22,15,22,66,44,24,7,25,39,25,15,24,26,1,43,14,27,16,27,14,37,20,44,13,7,29,8,15,21,24,48,19,50,58
"gene_991",4243,3817,5080,4049,7084,3644,4051,4626,5077,6580,3853,3935,6228,5132,5353,3145,4261,5165,3327,5021,5288,2232,6627,5385,7113,5062,4555,5869,3196,4266,3435,3231,4433,3318,1587,1022,4739,3780,1572,2374,5013,2331,1456,4147,2094,3695,3532,3307,3082,2453,3055,4506,2051,2130,2247,3031,4599,2330,3647,4523
"gene_992",50,79,55,190,140,86,106,138,49,189,87,93,126,115,131,83,74,100,59,60,87,73,99,149,88,49,96,110,82,61,77,115,105,192,56,87,62,38,42,74,125,99,71,69,133,70,84,52,105,43,51,73,69,115,114,66,137,71,156,153
"gene_993",896,759,883,600,1013,676,699,765,1264,784,998,807,1146,1001,805,775,810,701,350,671,747,476,699,1024,1359,771,401,1087,788,640,652,1081,704,768,513,702,893,1005,762,625,1188,1129,622,983,788,748,995,1083,886,788,915,1223,763,847,814,880,700,729,1023,965
"gene_994",1620,2245,2068,1955,1844,1442,2056,2067,1552,4172,2093,1636,2634,2398,2589,1024,916,2034,1121,1425,2030,1277,2621,1966,2625,2527,1362,1753,2869,1500,1530,1326,2106,1247,1546,1022,1692,2757,2746,2970,1774,1938,1212,2075,2493,2046,1660,1519,2001,1045,1468,1657,2977,1311,1749,2018,3705,1489,1690,2609
"gene_995",51,52,50,75,43,44,125,77,89,98,113,53,162,58,58,29,75,45,52,37,88,50,101,154,51,77,50,96,71,99,139,82,61,110,55,24,41,114,62,114,98,145,59,177,51,32,63,99,97,63,119,133,101,81,73,56,119,90,140,128
"gene_996",123,51,79,63,88,127,67,154,80,82,101,58,128,153,70,62,128,135,83,108,71,22,94,66,116,47,47,81,48,88,74,214,98,112,153,47,93,82,87,74,164,108,69,73,86,45,107,83,124,74,56,130,71,97,72,124,148,122,123,124
"gene_997",242,211,258,295,286,137,277,421,204,208,310,181,375,309,316,281,285,201,155,161,250,106,302,237,354,280,254,193,144,194,190,298,211,174,102,129,194,140,144,252,155,253,128,239,173,228,202,143,128,116,222,243,229,328,260,244,278,140,278,321
"gene_998",804,778,1134,976,654,654,638,597,637,591,762,522,1437,540,720,403,757,797,560,818,436,559,601,1110,723,995,574,690,757,594,410,740,677,665,725,382,907,1015,1254,405,921,835,499,775,1065,454,403,759,794,609,484,667,463,707,1031,944,786,1015,858,928
"gene_999",59,34,40,30,33,37,29,62,66,33,39,15,49,40,52,46,51,49,17,53,50,36,38,81,53,88,39,48,100,58,17,39,50,36,48,34,35,78,53,40,35,47,32,39,70,63,40,30,51,65,24,44,57,25,38,74,78,28,35,45
"gene_1000",64,14,27,53,37,4,44,59,33,77,56,18,56,27,12,16,10,40,18,23,36,24,27,64,46,32,13,27,25,16,59,46,67,54,56,56,21,57,23,38,58,96,28,64,43,19,59,33,72,36,35,47,25,65,32,50,78,29,44,55
"gene_1001",979,761,1311,1012,845,778,777,1280,664,1754,766,531,633,1151,961,651,638,1112,784,926,764,645,854,1090,1149,937,840,825,554,1019,768,1087,790,1217,1057,575,688,1121,1275,826,962,925,825,937,983,653,824,730,943,770,616,1354,1444,702,843,957,1126,1155,1080,1004
"gene_1002",575,364,1002,623,728,558,704,537,501,554,576,523,858,512,687,377,214,755,407,536,484,332,367,522,1244,526,387,821,459,683,462,650,582,969,593,451,664,536,582,846,562,290,271,272,1018,507,861,351,714,469,752,704,513,880,617,928,689,488,880,989
"gene_1003",4674,1811,7059,5529,4435,3606,3219,5282,5635,4204,6806,2509,6903,6003,5378,2494,3263,4130,3863,5051,3170,4893,4771,4989,8420,4832,3987,3287,3333,4224,3879,3986,5164,1987,3514,2900,4673,3469,4491,5459,3558,8673,3031,4940,6083,3389,3718,3751,3801,3867,3225,6031,6868,3468,5168,4445,5884,6382,4366,5217
"gene_1004",864,933,514,1048,873,561,1075,1145,614,1278,716,662,1051,643,462,525,526,717,977,725,851,706,824,519,1048,559,700,627,1100,828,561,535,694,684,612,541,826,704,774,546,891,970,461,662,1069,842,648,509,923,410,895,917,679,1192,883,781,1668,806,815,800
"gene_1005",163,286,476,318,370,265,546,252,205,440,224,292,612,264,408,179,287,283,338,375,480,216,493,253,407,333,247,277,289,401,265,333,350,365,377,172,289,395,300,348,455,364,207,334,376,194,218,376,481,180,425,317,229,410,446,261,444,351,437,729
"gene_1006",17,12,17,3,10,18,17,46,11,4,19,11,14,6,17,15,9,24,16,15,10,10,22,6,26,44,2,30,12,12,40,6,26,23,18,10,9,13,17,35,9,32,5,24,16,12,22,3,73,8,36,55,34,29,11,4,24,3,64,15
"gene_1007",89,163,155,260,152,123,238,112,177,188,125,116,169,201,221,151,136,228,181,169,108,183,113,184,220,167,131,110,167,237,182,116,86,97,126,134,89,95,119,89,153,151,74,114,171,124,109,152,119,72,140,132,120,201,119,95,142,140,157,147
"gene_1008",678,524,533,812,536,565,723,650,534,565,533,502,714,537,546,492,517,693,381,321,407,437,536,772,418,524,344,555,390,635,389,412,836,319,332,262,252,396,365,365,766,740,409,266,308,423,446,441,373,384,490,438,790,472,361,515,496,453,546,590
"gene_1009",6,4,5,4,12,11,23,11,21,32,19,10,19,2,3,10,4,5,2,24,17,3,13,1,9,8,8,15,0,8,2,10,0,2,6,4,0,24,2,7,8,6,4,1,46,1,7,9,20,6,7,38,13,22,14,12,19,22,24,10
"gene_1010",9,1,12,10,25,17,5,9,17,24,1,8,5,19,8,4,4,32,0,7,1,3,13,24,8,13,2,2,2,22,22,6,7,1,11,4,23,17,16,14,26,41,3,19,15,7,6,29,8,7,5,13,13,7,4,6,30,3,4,4
"gene_1011",89,159,247,126,272,67,169,112,132,215,120,110,195,131,137,91,252,185,80,185,203,110,162,253,106,289,186,110,206,76,128,246,124,183,129,46,85,289,214,236,276,104,144,169,256,121,244,125,143,154,108,265,142,94,139,171,343,69,157,259
"gene_1012",1020,936,1416,1037,1291,848,1091,1717,1036,1344,1408,1159,1611,702,1015,765,875,1460,988,864,782,1384,1214,1584,1142,1400,840,780,961,1250,1047,1783,2346,1241,1704,810,1816,2116,867,1937,1808,1676,1049,2233,1579,1302,1254,1480,1779,613,1595,1606,1664,986,1632,1776,1714,1402,2157,1616
"gene_1013",5979,2764,4398,5083,4637,4506,4578,4865,5898,7989,5756,2874,6645,3557,4349,3676,3429,3863,4042,3073,3041,2611,5714,8037,5006,5086,2975,4557,3296,6240,3542,4802,4698,3387,3479,1916,3478,6028,3574,3857,4178,4096,3034,4622,5012,3805,2592,2354,4648,3893,4309,5901,4635,1970,4175,4417,3809,2791,3800,4442
"gene_1014",1301,1134,2002,1607,1160,704,911,1344,1467,1918,1775,1323,1402,1378,2109,791,781,2350,1469,1046,1617,810,1079,2004,2154,1925,1201,1531,905,1874,1489,1393,1680,2057,1534,1077,1201,1641,1379,1913,1437,1845,1302,1537,2590,1052,1655,1396,1505,2220,1566,1733,2080,1563,2370,2037,2073,1027,1505,3027
"gene_1015",1175,1168,2144,1889,1391,1026,2277,1301,1500,1793,1124,824,1699,1666,1583,1264,1701,1947,1320,1461,1223,1533,1735,869,1772,2058,1223,2610,1041,1055,1003,1865,1443,1808,2249,1320,1656,1031,1120,1893,1888,1462,1046,2246,2307,1699,1254,1180,2049,1460,2055,1380,1599,1834,1789,1705,2656,1645,2145,1492
"gene_1016",433,305,691,532,363,445,591,754,660,551,607,369,777,632,606,273,450,758,347,303,496,344,612,533,898,504,331,419,401,371,469,492,469,370,476,301,393,596,375,511,787,448,183,322,487,570,333,480,678,560,529,787,569,401,447,696,711,450,828,559
"gene_1017",128,103,90,267,227,180,137,208,186,163,74,153,230,109,106,84,191,108,149,116,119,103,187,186,174,186,98,139,123,142,154,122,215,163,163,77,175,175,180,175,245,215,56,249,164,79,137,142,163,99,139,166,127,138,153,183,303,179,127,196
"gene_1018",191,124,334,228,232,168,447,432,294,157,248,194,267,320,257,190,169,283,150,239,265,217,183,359,342,239,174,250,197,161,191,199,150,219,177,143,201,209,156,261,172,280,228,212,147,188,85,153,283,205,151,384,243,244,213,88,263,252,334,203
"gene_1019",34,43,20,78,85,14,27,49,31,72,42,33,62,36,37,24,28,45,32,31,54,62,98,77,27,25,26,49,40,71,6,12,5,13,5,3,10,8,16,15,15,13,11,17,9,9,14,5,11,6,9,13,6,12,6,20,11,8,13,14
"gene_1020",130,95,99,123,124,118,202,282,98,107,199,100,212,187,160,153,154,157,95,108,76,70,78,155,128,113,192,191,86,182,183,137,121,225,136,86,86,240,159,158,221,234,101,271,156,143,181,114,114,79,203,173,193,162,194,274,264,164,135,137
"gene_1021",1203,904,1514,1491,1309,1359,2248,1344,1643,1496,1511,1023,1412,1216,1257,728,1030,2076,1027,1202,873,946,1431,1773,2259,1490,813,1368,1029,813,1632,1588,1551,1363,1346,1137,1040,1599,1498,1854,1556,1234,1098,1358,1897,1572,1196,2073,2049,878,1703,2110,1628,1227,906,1793,2540,1639,960,2359
"gene_1022",69,68,87,71,65,45,43,58,53,37,63,49,110,134,70,53,61,61,56,52,76,93,95,122,56,81,83,108,83,49,37,80,20,82,42,40,38,54,52,71,73,36,35,114,57,29,47,34,42,30,35,74,60,65,74,59,39,32,35,55
"gene_1023",64,17,34,58,64,34,22,30,54,94,41,26,32,27,42,11,28,36,30,21,29,19,19,45,38,50,15,28,27,32,33,3,22,30,20,27,30,23,21,30,17,30,30,22,19,34,16,13,48,22,12,30,7,35,25,19,47,51,18,51
"gene_1024",19,14,42,25,8,44,43,18,9,65,27,16,31,23,33,18,18,7,14,25,41,23,12,46,20,32,11,20,35,15,9,5,22,2,7,22,20,14,17,28,9,28,6,16,26,8,64,12,71,17,15,11,21,26,21,13,64,24,9,7
"gene_1025",943,765,896,1020,759,812,970,1555,1207,897,1758,715,1127,1018,910,431,538,697,641,1051,1096,673,1172,1363,878,748,927,714,1159,1029,557,862,967,1034,861,632,935,1309,999,884,1225,1432,782,1042,1028,923,270,832,926,528,713,721,1017,1015,1021,840,1157,981,1233,1058
"gene_1026",442,266,464,408,561,215,519,610,567,542,336,450,516,451,464,152,268,431,430,337,268,470,492,528,604,439,239,479,196,443,418,291,478,477,650,285,418,546,400,400,516,509,193,662,382,316,327,456,510,409,584,644,564,407,448,521,793,310,627,796
"gene_1027",453,592,430,315,512,410,339,472,343,582,501,390,362,351,400,213,507,683,300,354,471,324,349,663,561,462,463,688,357,607,369,491,289,257,199,196,430,545,273,529,634,394,321,655,447,281,265,396,594,434,408,317,400,403,417,229,706,277,459,404
"gene_1028",885,1456,1587,800,993,804,1245,1198,933,818,1614,1121,1391,1219,1397,1178,876,1614,713,900,818,881,1378,1043,837,1181,908,1374,543,867,1698,1399,1349,1415,1067,1087,1984,1568,1550,1349,2278,845,790,2252,1705,1134,1529,1665,1854,832,1767,2263,1577,1106,1840,1666,1901,1264,1605,1307
"gene_1029",87,87,116,128,135,116,86,73,142,95,96,49,69,81,71,52,67,77,74,74,48,62,129,75,75,79,70,75,51,47,34,90,122,52,42,69,49,75,69,142,99,104,72,84,93,54,81,62,47,42,40,36,81,127,61,61,63,70,109,86
"gene_1030",287,142,211,321,239,172,324,215,216,314,256,90,397,105,259,222,171,144,216,149,212,129,136,292,329,213,200,118,128,266,283,163,147,146,151,81,142,144,197,216,186,235,133,192,157,189,134,179,221,118,120,209,230,119,208,219,320,185,265,208
"gene_1031",100,72,91,30,52,71,106,168,52,122,138,86,179,78,67,104,51,103,82,119,75,39,58,125,77,68,48,94,103,75,78,190,93,93,61,50,64,70,75,82,147,206,59,103,65,87,91,40,123,69,100,87,88,161,117,33,195,79,95,134
"gene_1032",3855,2820,2861,3071,4545,1105,2697,4263,3217,4511,2826,4363,2551,4291,2964,2215,2808,2336,3012,2738,2542,3640,5845,5094,3744,3545,2329,4307,3075,4410,2007,1997,3185,3117,2617,1240,2999,3244,2768,3215,3007,3457,877,4058,3151,2214,2788,3056,2962,1792,2084,3224,1843,3101,3386,3711,3711,2787,2825,3495
"gene_1033",2768,3576,3125,5251,3935,3636,9180,8051,4758,7732,5293,2826,6676,4238,2984,2639,4946,4919,3903,4602,4452,2852,4761,7160,3838,6054,3009,4293,4234,5351,5610,4585,7573,5062,3906,4096,5916,2959,4016,7161,7696,2762,3860,5768,5321,6481,3215,4616,4353,3311,4188,6333,5060,4343,5374,5401,5649,5221,5187,4612
"gene_1034",3403,1783,2555,3263,4378,2831,5140,3167,3204,3793,2473,2670,2802,2922,2537,1823,2768,3947,2313,2926,2185,2989,3024,1661,5251,2463,2388,1827,1460,3591,2849,4035,2740,3479,2921,1322,2713,4015,3497,3373,3468,2885,1669,1765,3461,1443,2157,2417,4000,2384,2485,3937,3226,1607,3322,3894,4914,2634,2516,2813
"gene_1035",714,387,827,711,919,570,744,1052,433,732,603,391,536,670,582,368,448,438,534,403,709,567,712,876,604,825,393,784,605,619,628,444,449,707,837,458,662,567,713,787,881,579,455,813,835,377,608,749,996,496,504,582,690,455,497,429,736,558,712,1015
"gene_1036",2773,1706,4122,2284,2530,2537,2848,2926,2849,3141,2676,1810,3815,2453,2050,1171,2337,2004,1914,1872,1578,1117,2560,2641,3349,2809,1432,1404,2264,3032,2766,2327,2773,3316,1975,1537,1479,3285,3408,3411,2451,3292,2290,1430,2862,2986,1944,2682,2895,2200,2207,2204,3096,2110,3317,3285,3177,2558,2653,2247
"gene_1037",952,948,1301,1714,1086,905,1925,1288,1343,1597,1184,1222,2001,1203,1562,892,1042,1075,1117,1331,628,1038,975,2303,1405,1251,974,1151,1398,1130,1056,1531,1011,834,1190,593,1156,824,960,1076,1315,799,1132,1293,1182,805,1004,883,1280,837,1145,1025,1151,1150,1543,1262,1698,983,1100,1154
"gene_1038",79,50,116,112,124,91,31,111,157,100,130,64,215,98,144,52,45,34,65,88,68,111,92,177,87,150,45,96,85,117,55,90,78,62,78,56,71,68,101,48,67,85,49,75,69,80,46,70,66,62,37,71,65,70,99,87,169,78,91,65
"gene_1039",4080,3225,5328,3835,2701,3619,3915,4916,5209,5103,4356,2884,4142,3653,3619,2008,3211,2576,3323,3146,3007,3473,2439,5321,3411,3392,1888,3320,2763,3816,3686,4046,4108,3430,4476,2233,4622,5547,4906,4775,4006,4678,2911,2981,3421,5629,5760,4335,4240,2708,3737,6301,6747,4336,3718,3203,7318,3814,4221,4423
"gene_1040",109,75,99,123,138,115,137,136,116,157,107,114,105,146,100,63,54,81,94,84,163,60,143,172,173,88,117,77,96,152,81,54,80,124,71,68,70,91,102,116,93,65,85,145,166,110,84,158,89,67,81,143,138,146,96,167,53,97,140,91
"gene_1041",176,154,186,219,128,122,192,309,126,309,133,132,315,97,74,125,152,298,93,199,258,193,171,212,202,178,121,207,141,196,39,57,48,45,75,46,32,57,43,48,23,62,33,41,47,19,49,35,71,51,38,49,60,45,28,48,52,46,36,44
"gene_1042",4545,4093,3364,2879,3226,3543,5467,7125,4258,4837,5662,3456,4019,5116,5070,2501,2423,4680,4486,3267,4498,4068,4090,6939,4743,4063,2631,2165,2642,4485,3316,2374,2390,2712,3031,2017,2978,2026,2888,4010,3423,4284,2326,3524,2882,3262,3180,3850,4835,1983,2980,4203,3907,2945,4226,2851,3430,3239,5789,3801
"gene_1043",1841,1800,1889,2045,2625,1872,2339,1895,1811,1010,2559,1456,1727,2438,1316,941,1685,2052,2372,1849,1516,1437,3222,1977,3327,1542,1679,2425,1792,1841,2330,2020,2160,1678,1779,1203,1804,2359,1604,1712,2450,3183,1283,3238,2282,1770,1955,1309,2566,1266,2086,2584,2982,1877,1426,1991,2285,1774,2310,2978
"gene_1044",113,41,77,52,73,65,88,98,58,68,157,41,69,40,103,42,39,76,27,83,57,58,72,62,70,69,25,58,40,63,45,43,61,86,49,43,81,99,28,51,72,46,33,86,50,39,25,64,82,62,53,92,100,29,52,79,93,43,66,124
"gene_1045",635,1023,1014,1144,1286,1334,1792,1168,1233,1564,1556,1387,1509,1537,874,734,856,1051,1114,1212,856,1385,1545,1800,1545,1483,1211,1263,1095,1600,1480,1295,1525,793,960,471,1421,1789,814,1364,1602,1159,960,1000,2242,1009,1018,1268,1392,885,1035,1299,1070,962,1593,743,2168,1205,866,1324
"gene_1046",20,37,47,77,39,28,63,72,55,52,52,36,68,83,59,36,22,95,18,31,44,41,50,64,38,73,48,13,57,59,68,43,66,28,79,36,31,22,31,50,56,55,38,73,30,14,25,53,69,52,32,46,63,56,41,51,37,34,48,52
"gene_1047",63,39,44,69,46,27,58,27,30,72,21,10,59,76,78,11,24,48,49,15,19,31,29,12,37,27,48,31,30,48,62,64,48,18,34,29,32,49,29,17,28,42,48,35,45,9,38,12,27,19,81,42,58,39,13,96,102,19,41,29
"gene_1048",57,16,7,25,42,43,13,16,45,18,59,16,59,26,44,9,6,6,35,10,16,27,3,19,52,8,56,33,10,64,24,19,8,25,41,20,16,7,10,29,59,44,14,24,7,45,20,10,29,23,42,31,21,20,20,40,40,17,17,46
"gene_1049",108,88,176,158,114,150,131,120,167,99,74,77,96,88,132,60,70,137,112,113,75,95,172,90,126,109,58,67,62,104,81,93,67,24,69,66,35,83,85,50,113,120,40,73,50,56,67,48,87,47,60,104,46,162,59,109,157,56,86,74
"gene_1050",25,39,30,75,25,43,78,31,87,71,70,24,44,23,51,16,46,28,36,37,23,33,35,35,33,46,33,21,15,19,38,59,22,50,32,27,24,20,43,65,24,110,31,52,51,23,16,50,38,27,32,51,53,35,39,28,85,15,42,45
"gene_1051",6597,4266,3934,5213,5485,4908,3489,4203,5293,4604,5882,4868,5500,4399,3902,2556,4321,3585,3572,7813,2956,4455,4502,5043,7924,5473,4672,5742,4221,4971,5369,5380,4430,4834,4853,4333,5655,4608,5326,5368,5467,2756,4102,5294,4385,3401,4205,8184,10270,3824,4852,4986,6351,3248,7608,6362,9329,5120,4765,7512
"gene_1052",6,3,6,9,7,6,4,0,2,4,3,1,5,42,2,2,4,2,2,3,3,1,3,0,7,3,6,0,5,0,1,7,1,5,0,2,0,7,3,1,0,14,2,3,1,6,7,1,1,0,1,6,4,1,8,13,3,0,3,2
"gene_1053",44,52,73,55,17,114,35,70,56,135,26,39,26,40,50,18,43,95,66,23,48,47,48,53,48,52,43,41,40,101,50,40,30,65,63,30,57,64,65,92,38,53,12,52,78,47,31,34,74,46,93,43,56,62,27,58,77,35,56,40
"gene_1054",9,10,31,17,30,23,14,31,9,24,38,24,22,33,15,6,20,11,17,14,11,15,17,24,7,8,15,4,17,18,27,19,19,30,17,11,2,16,12,21,14,18,23,18,38,16,14,12,17,12,13,18,20,30,26,25,36,2,21,27
"gene_1055",163,126,127,232,270,122,177,274,328,329,59,93,282,183,167,85,160,260,178,66,144,98,139,134,144,206,102,110,126,137,193,156,213,203,276,86,198,140,141,265,130,235,128,212,162,109,191,79,173,184,223,169,175,160,285,146,307,187,229,178
"gene_1056",9,9,7,6,18,13,14,23,14,24,0,12,7,4,17,10,9,13,11,8,40,22,11,17,12,12,7,18,7,7,23,7,11,7,12,8,3,46,12,21,14,24,9,2,16,7,16,17,32,13,7,24,9,27,13,18,6,7,1,8
"gene_1057",35,27,35,57,41,43,61,53,91,56,56,74,81,100,47,11,31,31,26,24,34,6,15,94,36,37,14,30,10,60,89,66,44,38,37,31,45,91,46,29,19,41,25,66,20,35,46,36,47,26,64,54,48,51,71,43,81,26,74,49
"gene_1058",56,118,146,79,82,99,74,149,185,195,53,62,106,99,135,35,87,116,62,81,46,74,92,153,100,52,50,167,75,126,77,131,55,110,80,47,87,93,84,80,77,60,30,90,85,39,27,61,78,80,54,97,94,55,81,64,139,94,83,60
"gene_1059",97,62,74,93,129,83,122,102,58,162,70,77,129,95,51,86,85,131,40,111,98,62,90,80,108,68,59,41,48,72,28,38,42,71,36,54,43,120,34,56,98,140,40,80,88,62,59,67,86,37,103,175,56,81,47,70,108,140,128,53
"gene_1060",610,513,383,834,611,477,932,466,583,592,574,509,678,600,444,483,452,601,479,410,433,521,320,615,395,613,278,452,611,628,803,764,520,515,464,325,207,654,520,422,513,541,271,497,562,313,514,655,708,417,402,381,327,505,435,443,495,539,867,472
"gene_1061",631,531,653,498,508,339,655,639,483,481,440,542,865,346,702,353,696,506,619,415,467,413,619,728,600,368,447,637,176,552,1165,1146,928,1004,942,408,715,833,988,1070,1504,1565,773,1043,1166,1138,972,1271,1627,746,1413,1062,1735,1155,1316,1241,1301,1164,1254,967
"gene_1062",12,2,18,12,5,5,0,5,7,3,21,2,5,2,5,4,6,13,3,9,24,6,11,9,3,14,3,1,4,0,8,14,7,0,2,5,2,30,27,15,10,14,19,20,24,0,10,8,19,3,20,0,26,11,0,5,6,4,5,18
"gene_1063",368,398,678,516,695,489,304,826,650,823,442,380,576,532,759,439,433,916,634,616,592,418,666,576,872,659,418,512,564,766,793,691,777,636,447,310,709,840,891,1059,959,512,458,694,669,729,514,877,738,679,690,863,462,526,652,974,1587,579,688,882
"gene_1064",58,86,67,152,93,97,123,59,109,73,100,61,100,44,119,95,65,101,59,78,70,39,140,96,105,54,78,73,82,132,117,232,77,101,95,44,174,88,96,88,176,73,82,126,82,106,114,77,169,74,92,123,111,85,191,101,235,91,108,74
"gene_1065",0,3,9,1,3,20,0,4,3,3,4,7,0,12,10,0,2,11,3,22,3,1,3,4,1,2,22,2,4,0,3,36,17,31,8,8,0,37,2,5,22,13,70,44,8,1,22,8,74,24,6,54,55,2,2,9,16,3,21,7
"gene_1066",373,243,268,383,433,251,467,339,414,250,402,209,396,244,296,219,196,360,199,302,258,167,308,335,385,235,293,462,192,422,437,276,219,298,412,223,367,351,284,405,337,370,192,311,429,224,273,457,313,276,312,398,382,391,424,231,591,278,423,391
"gene_1067",18,7,18,15,13,16,26,23,35,23,8,2,21,13,2,20,23,31,4,24,6,14,14,13,36,15,5,15,7,16,31,30,6,14,6,15,8,50,12,10,18,29,49,26,19,20,15,21,26,14,27,26,11,4,28,9,11,21,8,22
"gene_1068",19,23,25,15,31,6,10,8,4,49,11,21,30,27,8,5,35,30,37,29,13,18,17,7,20,19,8,15,12,39,34,37,22,17,17,17,7,8,14,23,33,27,7,7,11,25,4,15,10,6,15,25,19,33,16,5,6,10,30,16
"gene_1069",646,661,754,775,765,762,674,1310,924,907,807,553,1144,1013,962,467,543,758,634,561,742,724,1196,1107,1268,1103,524,749,636,1149,764,751,779,894,610,355,797,1258,789,832,825,799,649,684,796,878,640,712,710,526,640,1290,1142,1051,1143,808,1189,755,794,1003
"gene_1070",114,85,233,163,139,90,158,179,138,121,95,99,76,159,162,64,55,139,98,89,124,76,180,145,72,116,82,61,129,159,160,108,115,49,97,107,70,77,46,99,64,90,52,53,131,97,74,62,72,56,89,152,113,112,112,118,154,88,132,126
"gene_1071",26,10,45,45,24,17,33,51,81,37,35,20,16,30,37,11,9,14,18,17,12,14,13,35,15,24,23,20,23,36,19,14,16,55,20,18,47,39,14,37,6,44,32,19,23,10,19,8,28,11,28,7,40,23,34,24,16,9,16,18
"gene_1072",2,7,1,0,6,0,7,0,3,1,1,2,11,9,19,1,2,6,1,4,7,0,3,2,3,0,6,8,39,0,1,16,2,4,5,5,5,19,0,4,9,23,8,1,0,6,2,3,2,0,0,6,2,4,4,12,9,1,0,10
"gene_1073",138,68,143,109,157,88,158,234,105,223,118,138,228,193,119,48,63,124,166,151,157,124,187,140,179,104,150,142,126,174,176,83,92,166,121,40,116,115,127,193,181,146,78,131,122,143,87,119,161,79,52,214,81,84,91,83,244,148,201,187
"gene_1074",22,34,51,31,39,25,67,16,94,48,62,47,43,23,53,16,11,29,48,47,75,36,30,74,47,41,52,31,37,21,16,40,32,14,47,55,31,51,56,55,82,33,34,55,75,58,35,72,51,75,41,23,61,65,65,58,87,81,126,74
"gene_1075",74,36,68,83,61,58,61,148,49,63,165,68,87,78,60,46,78,65,64,72,68,54,63,93,97,82,67,130,53,55,109,54,69,55,71,32,66,101,87,82,118,51,74,67,89,62,116,76,132,77,63,45,61,114,99,70,66,81,144,162
"gene_1076",535,251,317,296,423,492,606,543,248,658,251,303,354,431,724,330,409,531,377,429,547,535,660,313,348,561,291,369,375,345,400,643,437,878,349,145,634,763,465,390,654,916,205,760,436,492,391,509,1030,453,451,546,675,523,535,588,749,584,427,748
"gene_1077",264,280,422,419,441,343,403,282,237,500,334,221,425,335,300,146,228,223,291,141,226,274,231,184,395,232,319,367,209,259,330,388,247,278,200,259,591,497,431,321,370,520,288,376,339,330,308,298,453,288,425,456,351,548,397,368,633,240,476,400
"gene_1078",724,774,994,1021,679,554,780,800,851,932,623,771,918,1161,1027,497,716,650,637,585,318,400,1259,980,771,725,590,636,767,811,482,943,993,1024,694,384,754,893,735,829,1061,935,463,823,960,853,568,995,1283,407,534,1251,1025,706,751,522,1460,629,725,760
"gene_1079",49,27,19,58,40,31,27,32,42,66,34,16,24,46,41,14,29,75,22,21,24,49,48,12,40,27,14,36,24,46,52,43,29,75,25,26,27,59,26,24,25,41,28,13,12,27,40,34,13,16,31,23,27,32,42,31,61,25,23,34
"gene_1080",5,8,0,1,2,2,7,3,13,1,3,3,1,1,6,1,0,4,4,6,5,8,0,3,3,1,2,0,0,0,1,7,0,0,0,1,0,8,12,1,12,1,0,1,3,2,0,3,2,3,5,1,3,1,21,9,2,3,7,0
"gene_1081",10,3,14,20,22,13,21,24,10,14,16,9,34,25,13,3,7,21,19,56,12,19,31,7,7,14,6,15,21,14,10,13,36,36,14,16,57,15,8,5,8,24,1,18,12,14,6,39,25,1,9,24,8,3,32,34,39,12,81,15
"gene_1082",4,1,0,3,3,14,1,22,11,7,9,6,5,3,4,1,2,4,8,1,5,6,4,3,8,19,7,12,1,10,1,0,4,7,9,0,4,4,0,2,13,3,2,21,3,4,12,1,0,1,3,4,11,8,2,3,0,2,4,3
"gene_1083",735,422,934,1153,793,1404,741,918,620,893,1592,900,698,762,896,418,498,486,460,1087,461,640,993,919,648,1380,852,608,687,996,815,769,954,940,947,456,512,540,1058,385,1250,978,567,939,1024,659,401,842,924,591,627,590,1140,775,583,953,710,703,815,928
"gene_1084",1275,1261,1546,1480,1238,1341,1034,1575,2147,1898,1564,1196,1928,2395,1678,1541,1544,1882,1341,1502,1255,833,2326,2495,2001,2443,706,1675,1623,2389,1758,2073,1476,2016,1199,926,2313,3082,1651,2328,2253,2580,1828,2949,1592,1334,1924,2270,2175,2060,1568,2857,2217,1078,2089,2270,2671,1908,2945,1911
"gene_1085",3439,2390,3177,5575,4744,4546,3854,8697,3935,6105,4855,2530,4107,3820,3523,2301,3254,3813,2874,3363,3155,3662,4720,6042,3625,4798,2869,3079,2081,3032,4296,4842,4358,4174,4898,2504,3787,3080,4029,8107,3815,3103,3180,2971,4533,3387,4049,4378,3074,3360,4041,4949,4161,4208,4996,3302,4704,2455,3595,4058
"gene_1086",39,53,32,22,43,17,58,27,23,56,20,29,35,37,24,34,55,25,8,12,29,10,17,52,34,42,48,35,24,20,24,39,44,72,63,45,90,100,64,100,19,118,11,75,85,63,84,75,48,52,66,84,60,18,136,106,61,36,46,71
"gene_1087",101,84,146,124,77,94,153,184,148,195,123,93,121,163,120,44,140,108,62,87,163,76,147,146,131,125,94,113,89,150,108,133,118,114,113,76,69,134,106,116,157,88,99,57,125,101,103,126,226,59,103,90,165,99,151,127,212,88,158,122
"gene_1088",720,407,1044,681,901,440,735,699,663,879,559,501,922,780,647,476,621,713,493,563,447,533,1073,977,530,561,478,692,479,532,1167,1099,561,1026,647,383,714,610,555,822,762,1186,600,472,777,739,558,607,1561,698,516,1274,1316,599,847,661,1058,847,860,1275
"gene_1089",506,588,940,1005,859,628,891,970,966,888,925,484,1284,692,938,627,688,746,727,571,893,651,666,1125,1022,950,711,972,657,1010,633,863,465,890,696,540,588,838,698,1069,1044,824,527,458,556,680,703,632,873,386,887,803,769,644,1020,897,743,499,599,1031
"gene_1090",492,343,694,322,668,520,564,469,569,817,467,284,515,807,426,284,263,506,300,401,518,567,921,800,613,437,444,496,368,428,340,346,454,643,367,171,646,386,570,471,628,599,307,630,659,315,333,261,465,262,451,811,521,456,495,375,740,497,548,553
"gene_1091",3828,2939,3174,4139,5704,3506,4175,3961,3613,3527,2543,2693,6612,3330,4481,2048,3661,4179,2642,3570,3557,3817,5834,5212,2795,3298,3756,4128,3850,4127,2292,3630,2590,3280,5557,1049,4753,3128,3241,4259,4592,4477,1663,4185,3495,1694,3824,2080,3457,2931,3614,3453,3786,3794,4197,3617,4582,2585,3548,3319
"gene_1092",39,31,104,48,16,36,64,48,29,22,42,33,44,26,49,31,24,25,6,53,38,14,38,40,51,11,31,32,24,27,71,36,41,87,32,14,55,31,23,50,29,43,25,38,39,44,34,39,80,31,67,69,114,78,68,69,101,22,146,61
"gene_1093",9,2,7,11,2,3,4,32,10,23,10,3,11,23,11,1,4,12,6,3,2,8,2,20,33,0,10,8,0,2,1,1,3,1,5,3,2,6,0,4,5,5,3,1,4,0,4,2,5,6,1,0,2,0,0,7,2,1,0,0
"gene_1094",983,853,877,1257,1637,852,1295,1008,1089,1404,1205,1467,992,676,999,560,1137,1165,1158,1182,1051,628,1142,1701,1158,1256,751,1344,586,1202,958,825,1369,1210,760,491,791,1390,898,837,1536,1480,809,1085,1345,981,845,830,749,860,895,1675,869,1564,1175,1314,1625,1510,1740,1858
"gene_1095",160,144,347,304,209,248,347,272,238,226,131,116,137,327,295,175,238,130,100,245,144,155,226,225,304,126,187,228,159,179,264,224,225,170,246,113,309,235,172,282,280,283,173,217,221,161,210,159,136,77,204,258,377,186,232,156,180,141,292,266
"gene_1096",87,127,145,182,121,212,154,152,323,190,132,129,228,144,121,71,94,99,121,136,133,75,108,83,184,136,148,97,102,138,163,177,149,196,146,36,116,167,99,93,169,87,97,222,164,139,132,128,141,112,155,162,203,130,168,78,276,153,146,193
"gene_1097",70,18,52,63,30,63,92,62,46,72,53,20,84,35,56,50,38,56,56,72,68,34,86,102,56,45,74,64,68,46,29,34,55,90,17,26,38,59,100,53,76,25,23,44,78,62,50,42,101,50,49,63,77,27,56,50,118,40,86,61
"gene_1098",303,123,148,263,202,362,107,462,322,175,151,111,321,283,154,185,177,215,125,148,179,149,186,251,217,255,118,223,204,242,194,234,164,155,181,112,202,145,205,409,184,147,104,288,118,124,250,208,340,195,248,188,208,234,311,184,373,291,188,254
"gene_1099",51,65,77,99,49,63,58,43,91,70,66,35,92,42,81,41,39,34,47,83,39,66,78,75,63,100,82,69,60,52,50,108,40,109,31,38,89,128,41,69,122,79,30,49,72,47,68,89,35,25,59,99,49,28,93,48,77,83,100,108
"gene_1100",9,6,8,15,24,11,9,12,15,15,38,16,26,6,19,6,4,2,17,23,24,19,41,5,46,23,18,6,5,32,2,13,17,18,3,26,13,45,5,42,18,35,25,6,12,18,32,40,20,33,10,32,3,26,25,5,21,55,6,36
"gene_1101",91,84,168,130,145,133,152,122,140,143,119,103,98,130,140,59,82,139,75,216,121,55,82,154,117,129,70,101,98,155,80,114,135,80,86,59,102,91,126,168,119,113,63,151,158,134,112,94,80,59,116,101,107,92,94,170,115,105,74,121
"gene_1102",53,53,85,37,100,45,118,106,124,123,90,101,89,20,76,37,66,31,80,22,96,79,79,67,149,71,67,58,66,50,140,64,182,64,129,43,55,169,100,57,115,117,45,106,116,129,96,108,100,99,76,48,101,62,64,76,197,71,109,44
"gene_1103",117,33,148,80,144,97,124,210,201,83,141,87,142,131,142,73,115,107,110,80,143,108,74,134,147,58,121,171,114,85,102,206,36,181,47,56,149,134,135,121,161,184,130,102,172,99,86,54,225,110,113,91,131,111,125,114,182,147,158,61
"gene_1104",55,51,50,93,64,68,55,154,151,117,79,50,62,66,46,52,48,116,48,115,55,85,65,129,37,45,69,79,48,119,54,122,42,62,39,48,43,91,111,65,147,104,61,38,40,87,63,73,93,70,57,62,49,59,79,90,110,73,109,92
"gene_1105",15,17,37,43,31,33,21,32,33,27,51,21,85,36,21,34,37,16,44,36,51,39,14,19,78,49,61,12,48,42,18,25,29,24,27,21,24,60,27,12,35,52,28,93,30,25,19,17,42,27,11,44,51,21,73,29,48,89,21,74
"gene_1106",67,54,85,123,90,79,205,93,220,121,134,68,133,99,134,40,93,139,63,114,107,108,142,136,103,121,39,85,149,170,101,119,114,106,86,85,138,167,128,137,59,166,79,135,175,95,125,125,125,62,95,134,179,82,113,157,198,116,131,103
"gene_1107",94,26,38,48,49,59,67,73,125,78,65,58,32,25,134,37,55,67,25,104,88,49,88,55,71,53,17,30,56,59,64,88,73,106,45,35,53,110,41,63,39,67,32,85,117,34,82,32,34,35,35,86,56,56,91,77,52,36,120,33
"gene_1108",70,81,145,96,130,89,134,157,94,125,82,83,100,86,143,64,130,129,67,147,43,92,166,147,123,109,67,94,65,160,77,90,42,107,32,66,142,92,91,98,74,117,41,94,110,110,64,56,117,51,85,158,59,44,121,98,160,147,113,128
"gene_1109",313,284,286,236,174,159,548,225,494,381,240,263,376,256,194,195,278,347,224,363,257,239,278,288,245,206,296,217,135,411,172,290,187,272,151,118,206,358,200,199,208,288,158,290,372,249,163,183,286,187,281,240,250,343,209,231,446,214,226,353
"gene_1110",316,259,325,286,284,184,225,247,300,296,424,144,258,318,312,189,157,307,148,443,220,182,233,207,234,193,379,277,377,351,1140,1940,749,728,1070,544,1092,1209,921,1047,1510,1092,661,1541,1187,976,1295,1088,1208,1317,728,1227,1604,779,1225,1202,1660,1162,1651,1001
"gene_1111",452,534,798,655,715,371,454,677,570,562,768,264,626,575,522,326,285,609,568,739,750,374,747,1043,632,545,512,610,385,521,588,691,545,606,590,632,762,572,737,717,726,921,411,619,777,500,517,784,959,811,626,835,654,502,719,839,1744,711,940,731
"gene_1112",52,72,112,87,69,79,54,35,78,67,39,46,129,55,74,77,51,84,43,36,41,17,115,57,41,105,69,55,74,67,87,52,36,69,60,26,86,94,48,69,61,114,45,74,70,93,120,62,52,26,52,93,86,41,57,124,155,34,67,85
"gene_1113",177,122,129,218,146,153,288,238,170,251,187,154,269,200,163,109,72,114,153,184,195,155,160,191,252,153,145,199,147,122,197,217,158,117,160,61,219,172,134,216,194,171,118,184,290,261,133,157,175,150,112,192,139,105,163,199,234,177,126,205
"gene_1114",40,7,56,41,42,18,33,14,26,25,55,28,23,13,27,24,34,46,33,31,9,5,31,22,76,19,42,28,24,14,15,28,50,49,24,22,48,33,16,21,20,41,25,13,69,45,21,33,22,28,65,39,26,5,16,13,47,13,15,51
"gene_1115",149,75,125,96,101,147,75,214,97,147,111,33,121,100,105,88,103,156,102,94,139,58,85,161,78,76,57,142,102,133,132,169,124,194,90,72,165,163,154,152,208,247,84,158,169,163,112,234,218,139,294,117,134,156,79,179,118,100,162,151
"gene_1116",30,45,21,34,22,22,21,40,30,36,14,34,48,22,33,14,46,29,23,19,12,24,36,59,21,18,33,38,20,48,16,17,20,50,26,17,41,38,28,19,52,18,15,53,28,21,32,17,35,34,9,28,47,8,25,45,36,10,46,28
"gene_1117",238,310,596,321,327,220,482,605,391,491,454,301,654,384,480,478,502,398,517,483,447,386,443,634,364,463,489,401,346,506,370,450,434,421,159,243,300,510,276,376,603,379,274,372,577,315,332,379,665,292,331,462,459,385,560,493,586,346,433,398
"gene_1118",46,66,74,20,64,33,30,39,15,31,67,36,86,45,19,20,32,14,36,27,45,30,36,38,31,103,29,17,25,40,44,39,18,69,40,13,64,39,27,35,95,33,42,16,58,33,56,42,67,29,43,35,60,13,32,24,51,79,48,45
"gene_1119",4432,3079,4340,5921,2848,6996,4182,4808,7194,7488,4825,3927,6111,5491,6127,1920,2920,7832,2291,2278,4488,2352,4710,4074,4483,6512,3937,6979,4072,4420,3879,3988,3105,4017,3155,2763,4120,5892,3559,3517,3755,5694,3795,4307,5521,5518,3490,5310,8412,3749,4715,5035,6160,3056,5049,5330,6595,2927,4986,6343
"gene_1120",12,31,64,58,80,59,59,46,20,82,45,26,35,31,32,27,45,57,92,26,27,29,21,63,32,53,39,46,30,52,103,93,47,30,49,20,25,86,37,40,66,50,34,56,78,34,32,29,34,32,28,24,73,57,55,56,57,42,77,59
"gene_1121",149,81,241,127,175,186,162,250,129,254,117,95,217,145,291,123,132,147,124,211,68,123,131,215,198,164,227,216,134,221,128,133,153,81,250,93,153,159,175,190,126,222,192,167,234,97,123,144,187,179,117,277,130,139,143,124,184,65,248,180
"gene_1122",16,22,26,16,10,35,20,19,36,24,18,15,24,19,20,15,24,14,12,10,11,18,41,9,13,17,13,11,6,30,11,13,17,21,20,10,9,23,18,26,28,34,11,25,31,5,23,7,27,10,27,26,27,15,11,20,3,18,40,37
"gene_1123",808,479,761,870,854,533,475,592,772,1220,374,418,1042,453,659,328,519,655,370,366,599,416,574,601,761,496,282,330,338,758,569,1031,394,856,635,411,509,518,426,942,750,497,236,738,782,586,325,326,600,411,344,1130,737,521,725,637,1596,490,608,678
"gene_1124",319,287,375,377,313,308,536,304,324,570,498,444,238,357,593,314,288,402,337,292,340,265,453,393,558,367,350,402,455,283,405,576,420,396,502,402,285,416,496,285,509,647,312,517,443,483,418,319,801,292,414,380,522,316,334,304,813,268,432,547
"gene_1125",2229,2452,2541,2614,2116,1432,2985,1800,2092,2688,2650,1493,3004,1514,3208,1428,1602,1937,2051,2354,1683,1501,3370,2662,3970,1353,1906,2711,1950,2408,2051,2595,2315,1902,1777,1164,1280,2748,3024,2175,3086,1673,1286,2423,1903,1205,1799,1850,2809,1286,2071,1850,3274,1804,2820,1830,2870,1227,2170,2294
"gene_1126",28,14,21,30,76,31,101,69,5,3,21,20,62,32,34,16,60,20,38,30,22,23,35,49,25,32,19,19,20,25,55,35,20,21,20,24,20,16,42,37,32,43,18,59,49,15,23,30,71,26,7,33,25,13,18,57,11,13,29,20
"gene_1127",24,18,39,34,31,30,64,33,61,58,25,29,64,29,87,9,51,32,31,23,30,35,29,22,20,54,33,56,30,52,30,44,55,50,17,37,31,63,10,26,56,40,36,37,45,11,46,46,48,25,48,57,55,46,11,22,80,31,27,50
"gene_1128",590,573,887,490,891,767,718,817,370,795,695,709,1099,632,717,299,626,681,495,324,605,267,574,922,912,358,355,608,468,696,543,753,501,650,540,316,487,952,578,431,715,601,469,849,497,690,287,491,593,503,652,1108,590,404,789,723,1018,760,768,549
"gene_1129",45,10,33,23,20,27,29,47,23,40,35,40,49,36,25,10,26,41,33,9,23,14,53,40,32,34,16,21,32,30,16,23,19,10,13,18,54,7,31,29,16,18,5,11,6,44,33,12,10,18,15,21,25,20,49,31,40,8,34,18
"gene_1130",81,62,147,101,116,131,54,145,82,50,60,61,74,82,141,39,66,56,97,74,67,49,91,98,82,82,88,113,88,53,47,65,55,50,54,38,75,93,54,48,78,101,32,84,97,74,92,105,58,31,53,55,101,82,49,68,68,32,75,91
"gene_1131",4,14,53,5,13,16,7,5,39,16,9,3,36,7,19,8,10,7,9,13,3,0,14,29,12,19,20,16,12,10,17,26,37,12,16,10,29,14,8,3,6,4,17,12,9,5,16,17,6,12,17,5,11,16,30,4,32,6,8,7
"gene_1132",167,149,173,175,155,136,162,287,142,181,236,176,366,230,178,122,78,125,206,187,206,133,267,162,379,285,213,97,147,174,174,322,154,162,223,163,126,124,218,145,256,196,77,129,245,150,202,185,227,146,223,125,111,246,299,120,307,153,266,183
"gene_1133",48,22,64,67,59,23,42,68,47,51,62,20,63,43,37,18,36,64,46,43,41,14,44,41,45,35,91,28,24,61,23,53,23,18,40,24,44,114,37,50,38,75,19,46,32,44,52,73,48,18,88,38,36,50,50,53,55,49,52,37
"gene_1134",69,64,55,51,83,73,88,111,106,98,71,54,105,46,59,19,38,24,36,57,51,73,90,73,106,67,96,30,45,130,50,61,99,72,68,31,32,103,69,84,41,70,38,89,46,78,48,41,91,58,84,99,62,66,63,52,126,72,39,83
"gene_1135",102,52,84,165,108,92,161,185,142,137,100,167,182,160,225,49,95,131,53,193,66,77,169,134,121,131,104,94,100,148,177,101,129,143,122,106,180,193,182,136,136,373,88,185,200,118,113,101,177,186,173,162,146,163,216,201,205,99,139,174
"gene_1136",64,75,85,124,142,102,100,66,77,131,193,91,132,111,129,45,99,211,46,112,80,95,133,206,110,77,98,81,51,85,63,58,71,73,43,51,40,72,57,77,88,63,53,74,77,55,91,42,103,44,44,66,106,61,128,78,207,127,54,120
"gene_1137",60,31,188,68,81,23,76,117,80,137,75,47,169,50,93,46,54,43,60,34,40,43,45,121,40,131,65,42,53,60,73,93,151,44,112,40,52,69,47,69,73,153,52,106,31,56,34,58,40,120,80,78,47,59,54,131,157,14,78,68
"gene_1138",543,478,549,682,999,547,739,720,597,555,784,450,702,567,589,515,558,464,595,682,598,356,703,939,522,558,492,641,434,736,635,536,804,750,617,288,430,802,579,843,666,601,409,951,1089,389,724,632,1024,487,671,1124,695,622,578,430,1318,632,524,773
"gene_1139",729,663,565,709,905,934,1017,1038,807,1033,1114,684,765,1051,707,473,746,890,714,738,908,733,768,929,961,794,678,811,754,623,1234,656,782,828,805,357,713,1031,564,770,1056,658,666,816,942,1007,246,775,800,593,895,1104,939,734,862,902,2320,845,628,1109
"gene_1140",247,187,339,299,289,247,285,265,275,349,389,215,547,370,328,137,316,357,254,247,220,133,389,269,335,436,236,423,464,327,301,340,281,683,435,159,463,200,470,418,456,387,399,435,404,206,256,611,444,208,250,322,443,334,423,214,362,194,351,320
"gene_1141",949,735,958,1039,1170,1010,844,1094,659,1492,954,520,1193,1011,1190,803,663,945,612,545,545,705,829,1330,1086,808,776,1141,649,566,790,739,790,901,775,590,807,1181,647,583,1047,794,582,586,1164,634,410,516,631,537,760,837,1154,870,962,843,1664,823,772,690
"gene_1142",734,729,950,635,664,604,609,850,933,1108,677,586,1155,907,1153,409,461,482,566,762,863,388,1279,661,1262,938,697,796,864,994,784,710,1016,841,591,713,805,1098,663,1058,1361,936,624,729,1113,881,779,882,1228,509,692,821,925,892,740,1222,1184,712,980,855
"gene_1143",0,0,1,6,2,14,1,28,6,3,2,4,4,7,2,0,0,4,8,0,2,14,8,0,2,5,0,1,0,5,0,2,15,3,1,10,3,4,0,14,5,11,5,3,11,0,2,11,9,10,6,0,7,22,9,0,2,0,13,1
"gene_1144",1458,1005,947,1606,1316,1418,757,1177,1134,1273,1181,1183,1460,1234,1042,1106,1112,1109,506,870,903,970,1748,1675,836,1497,957,1227,809,1185,1084,815,711,1195,848,472,656,696,939,675,962,1112,635,1188,949,1036,795,642,1040,560,671,675,827,707,1077,813,1558,902,702,1096
"gene_1145",93,75,69,172,110,142,142,97,177,211,132,52,207,69,145,103,79,178,119,162,61,106,106,124,199,165,97,86,118,108,104,148,152,130,54,105,71,108,66,89,151,183,139,137,87,121,129,99,203,75,153,157,107,197,213,150,199,47,127,161
"gene_1146",390,315,491,553,349,249,397,463,339,372,408,469,545,540,314,183,341,354,366,266,343,249,456,650,292,374,445,404,176,600,346,258,430,468,216,229,284,464,312,289,535,565,297,347,482,366,475,271,336,308,494,638,497,357,463,446,797,345,484,623
"gene_1147",21,14,19,30,20,39,69,12,19,69,26,19,33,74,36,56,28,48,20,27,25,42,48,66,59,50,24,29,21,29,67,99,43,29,25,43,38,64,17,56,53,41,17,39,146,69,58,51,54,46,19,77,38,30,38,13,28,29,58,26
"gene_1148",747,999,1366,956,1350,793,1135,1275,1026,921,1004,763,1713,1128,979,735,825,997,751,1153,685,644,1422,1656,1122,921,798,857,792,1298,1000,1061,868,939,717,615,585,1083,737,1007,1311,988,922,1107,1008,769,813,1100,1037,697,917,1006,1055,759,989,818,1825,706,1564,1800
"gene_1149",127,79,119,137,280,90,284,176,159,100,163,81,259,129,115,145,103,172,87,156,110,122,105,106,152,206,201,147,90,141,128,205,260,219,111,75,281,224,196,154,230,221,223,117,174,156,137,275,231,214,235,200,210,157,196,166,271,151,231,229
"gene_1150",150,55,69,116,109,61,114,233,74,77,116,67,172,64,45,59,69,141,101,47,72,62,80,105,114,100,82,58,81,133,134,62,134,121,91,64,110,146,68,91,94,147,98,107,198,120,60,152,76,82,72,98,121,152,62,141,146,93,103,102
"gene_1151",2,0,5,13,0,0,22,0,4,4,0,2,2,0,1,0,0,0,2,5,12,2,2,7,4,8,5,2,5,9,3,0,0,0,5,3,2,6,3,6,2,1,2,2,6,2,3,3,1,6,4,5,3,1,15,2,13,17,2,4
"gene_1152",197,104,223,253,133,136,103,216,209,168,275,134,229,106,163,76,151,208,139,144,115,90,224,217,127,119,136,176,137,102,154,119,167,133,119,80,185,188,188,157,175,189,72,207,136,152,121,200,173,49,126,241,289,194,198,106,277,210,180,243
"gene_1153",554,499,771,797,686,728,540,1176,744,566,553,271,544,607,563,385,357,574,552,405,670,554,542,725,711,451,299,788,764,1032,603,739,824,853,475,536,947,572,863,538,849,829,743,636,817,542,581,517,1074,540,698,864,672,859,661,647,490,463,517,948
"gene_1154",4248,2675,6497,3759,4427,4018,5443,5728,4936,7350,4597,3786,7662,4762,7151,3234,3304,5809,4504,3253,3092,3780,5644,6084,7760,4730,3862,3296,2955,4882,5757,6699,4879,4455,5452,2520,5301,6573,4063,3980,4624,6389,2669,6753,5172,1752,3697,5233,4630,2923,4517,6325,6939,3472,6129,8189,7062,4608,3523,4930
"gene_1155",1890,1554,2619,2256,3145,2308,4568,3193,2984,2937,2623,3032,5238,3129,2055,1813,2552,1820,2492,2005,2049,1599,2425,1977,4621,2602,2095,2776,2704,2903,1549,2212,1563,2033,2046,1153,2291,2714,1604,1864,1726,2040,1586,2655,2635,1192,1661,2630,2409,1257,1778,1358,2621,2742,2155,1839,4237,2154,1554,2269
"gene_1156",1859,1279,1748,1344,1778,1351,2002,1517,1692,1373,2224,1386,1934,1100,1620,744,1492,2415,1453,1389,1053,1286,1614,1994,2273,2101,1355,1693,1845,1612,1269,1483,2077,2322,2338,1122,1215,2088,1444,2298,2089,1857,1137,1594,1386,1434,1496,1127,2193,2285,1536,1961,2718,2302,1473,2145,3115,1795,2467,1337
"gene_1157",88,106,176,116,198,156,155,154,125,277,136,162,299,128,158,95,99,121,120,43,93,92,182,251,179,77,77,124,135,214,93,148,138,127,100,96,148,225,136,95,90,108,117,194,99,173,94,148,163,91,96,148,186,84,130,116,211,139,166,122
"gene_1158",6,11,4,33,2,5,6,3,31,3,6,20,5,13,5,4,10,8,9,23,3,5,18,8,17,13,4,27,17,7,9,21,43,12,5,10,21,19,13,21,15,9,7,11,47,3,9,23,7,19,29,28,44,15,7,7,13,15,11,0
"gene_1159",140,154,143,182,120,221,130,166,274,330,195,183,201,172,161,80,137,157,146,221,240,80,237,163,130,165,158,155,104,161,105,116,159,124,55,61,149,63,92,136,161,139,114,79,98,125,53,130,143,71,81,72,135,113,132,119,173,77,95,130
"gene_1160",24,23,17,31,23,13,9,26,13,18,27,12,8,15,12,4,13,15,7,6,15,24,35,11,30,16,8,33,28,16,10,79,34,33,19,9,11,38,6,33,43,9,10,24,20,11,17,5,34,16,10,8,11,11,10,34,22,10,14,16
"gene_1161",144,98,193,122,179,144,134,128,115,231,90,105,150,177,138,123,93,129,103,144,141,110,181,205,209,87,68,159,107,179,167,198,198,107,127,72,147,177,108,224,183,180,87,47,157,136,184,111,150,102,130,207,144,159,135,248,188,140,148,121
"gene_1162",306,221,234,327,270,301,331,363,446,327,439,214,388,416,442,266,211,524,298,509,327,255,214,307,304,529,327,270,225,404,396,464,208,501,541,186,428,355,208,365,576,733,262,546,533,272,225,389,731,275,224,295,570,533,459,364,495,349,388,473
"gene_1163",1455,1016,1225,1108,1583,996,905,1324,1164,1287,1062,871,2154,909,858,368,857,1198,1066,1533,1137,884,1467,795,1063,1724,614,1147,799,1191,1127,1081,920,1547,609,533,911,979,878,692,787,904,1079,1074,838,786,513,838,784,479,960,1236,985,1113,909,1125,1979,1091,1042,798
"gene_1164",324,171,160,277,231,225,354,385,420,235,224,132,474,297,277,141,339,235,287,179,289,244,282,269,269,330,210,285,154,227,244,247,334,258,225,138,267,261,116,203,210,255,121,440,312,180,191,158,261,123,164,390,300,210,316,371,600,243,331,336
"gene_1165",897,614,513,802,489,501,649,398,580,780,506,343,547,685,802,221,383,377,271,468,478,323,761,524,467,562,668,400,297,548,711,953,617,576,570,409,594,762,487,665,588,700,702,950,671,781,595,562,722,523,448,870,818,689,863,906,1387,646,868,733
"gene_1166",55,53,98,79,99,54,164,90,115,99,93,37,70,111,105,62,83,66,27,87,45,76,121,87,68,139,103,80,38,46,123,68,72,81,51,47,122,84,40,107,171,69,51,87,59,62,98,111,80,65,92,67,96,76,44,87,109,79,99,126
"gene_1167",293,168,406,392,298,184,382,490,311,419,224,170,375,247,171,144,215,205,210,178,244,260,228,231,361,283,168,227,213,292,289,302,360,300,311,187,391,326,207,396,258,255,239,463,273,460,201,170,560,139,435,339,297,282,267,336,736,387,312,543
"gene_1168",8,4,11,17,12,1,24,18,1,7,0,5,17,23,7,13,6,16,10,15,27,4,21,8,16,21,6,2,15,29,15,13,19,10,18,3,6,6,0,1,12,2,6,0,12,5,6,3,2,11,5,8,7,7,1,15,2,13,1,7
"gene_1169",6,9,0,2,0,0,2,22,3,4,1,0,11,3,14,0,7,1,32,2,15,8,3,5,2,2,14,1,6,9,4,1,6,9,3,0,14,1,1,0,9,4,0,3,0,0,1,18,0,2,0,3,3,7,2,0,6,1,3,15
"gene_1170",0,5,4,5,2,0,10,3,3,5,3,6,1,11,9,0,2,2,3,2,15,0,2,2,8,4,3,9,5,11,16,12,0,23,4,0,1,2,6,4,4,14,0,13,1,0,1,12,4,1,4,0,11,4,12,8,13,18,18,3
"gene_1171",39,27,73,60,22,24,77,45,38,46,43,31,57,92,44,36,31,67,32,44,30,27,53,93,47,39,83,55,19,47,38,40,28,60,22,42,59,65,131,45,70,87,28,49,35,20,34,39,44,101,80,39,78,49,38,37,96,56,77,48
"gene_1172",377,235,610,419,255,392,410,390,405,604,608,233,366,487,756,338,386,412,293,340,506,402,387,510,389,497,239,330,440,268,676,739,512,873,510,271,769,663,720,560,611,664,464,825,422,426,365,418,543,358,431,704,558,474,436,487,811,442,524,765
"gene_1173",656,898,1144,707,1003,1007,881,1470,983,956,728,799,796,588,1089,628,495,948,720,870,801,505,927,592,798,791,755,880,621,690,1348,1151,1009,584,601,312,1017,806,644,1064,848,1136,513,984,941,815,701,656,1122,399,821,942,536,426,923,816,1886,579,1219,660
"gene_1174",886,944,1222,1329,927,841,1650,1181,1426,2138,742,785,1668,1120,1509,1215,794,1997,1187,815,1426,1404,1462,1114,2305,1071,1487,1533,991,1411,1350,869,1270,1106,889,939,1474,1621,1006,1765,1050,1225,851,959,1515,1184,1141,1021,813,735,963,900,1171,1042,1489,1347,2349,1251,990,1495
"gene_1175",774,527,820,504,722,738,733,592,878,721,687,567,1371,747,788,615,570,453,349,767,571,625,995,1012,607,529,516,464,483,682,231,586,391,291,375,278,259,268,423,347,259,427,199,468,297,279,185,260,327,313,252,334,339,236,405,378,332,228,313,686
"gene_1176",81,40,82,98,48,78,75,137,75,58,149,83,113,147,165,28,85,54,56,86,104,86,97,45,107,81,124,131,54,52,62,73,121,91,52,92,79,109,152,197,100,90,61,146,155,110,69,82,86,177,57,115,112,67,99,134,201,99,81,86
"gene_1177",7383,4745,4663,6340,4367,3382,5839,4458,8437,6320,4250,2437,6464,2784,5901,3020,3060,6462,3569,5253,5551,4416,5825,8149,4749,3475,5577,2564,5287,5347,5068,4244,3532,2596,2069,1755,4465,4258,4641,3626,5360,5270,2460,5234,4632,2565,2210,3902,5236,5486,3623,6048,7214,4891,3563,5392,5505,4137,4410,4376
"gene_1178",9,11,5,35,9,12,32,17,10,10,27,4,18,16,19,25,4,7,19,12,11,10,7,10,6,18,13,13,5,8,32,17,10,21,43,10,35,58,11,33,19,3,6,10,59,29,16,9,20,9,13,19,34,10,30,22,18,49,49,27
"gene_1179",555,381,397,333,507,387,673,792,431,478,592,359,630,570,472,293,323,384,265,289,367,596,400,774,671,466,460,507,449,771,72,173,118,151,86,60,134,151,142,144,99,104,112,108,93,98,102,132,155,50,137,193,132,92,100,166,109,116,193,107
"gene_1180",486,488,447,466,359,404,454,574,665,465,432,290,554,450,396,138,394,453,417,461,273,322,588,654,396,688,408,230,400,405,458,429,188,284,285,181,313,407,261,260,562,448,211,455,378,361,256,344,479,303,332,495,324,322,282,333,795,205,403,592
"gene_1181",12,15,26,35,11,28,21,35,5,49,15,35,11,27,48,19,24,25,37,31,10,23,15,36,21,23,15,18,40,17,27,56,48,24,11,17,8,43,24,39,17,37,18,23,8,26,18,9,26,15,20,37,11,56,21,13,30,39,32,30
"gene_1182",304,320,365,481,355,455,358,578,497,541,464,575,626,577,368,339,630,439,405,672,355,407,424,792,807,572,534,520,363,688,718,699,492,554,395,287,446,404,369,565,497,507,461,381,525,495,388,458,455,266,399,400,698,377,392,541,629,419,453,680
"gene_1183",599,367,677,594,544,397,548,670,353,386,345,279,471,496,616,386,542,491,518,349,262,319,355,447,750,454,358,460,440,456,434,289,473,487,345,409,307,495,475,511,449,553,343,362,809,352,406,316,433,211,364,331,315,353,622,496,580,310,302,460
"gene_1184",55,25,65,42,36,52,78,49,56,31,57,49,55,41,31,29,39,51,29,61,32,39,46,123,68,58,23,11,63,39,60,73,15,41,60,41,34,37,91,93,115,41,24,45,52,42,63,53,66,29,102,43,58,32,80,36,73,25,116,104
"gene_1185",5,0,5,11,20,11,4,9,4,6,14,32,4,4,6,2,5,13,5,19,5,10,3,26,10,3,8,3,30,33,2,7,14,20,12,11,7,2,24,1,12,2,2,13,31,0,3,8,19,6,9,2,2,1,13,9,16,5,15,16
"gene_1186",13,10,28,11,39,23,10,22,14,29,26,6,11,13,29,17,1,18,32,6,25,4,15,8,50,23,14,10,6,17,21,38,21,15,12,9,40,21,10,16,4,37,15,6,32,7,3,25,48,7,10,7,75,11,5,13,23,47,14,19
"gene_1187",158,72,161,76,189,67,233,187,154,108,98,65,84,163,114,66,77,182,166,99,99,99,153,207,135,133,119,175,31,129,151,112,269,154,148,56,206,181,138,133,196,183,144,191,210,137,88,131,136,128,130,209,203,139,152,99,271,84,149,268
"gene_1188",1006,664,892,909,1334,938,1297,1216,1109,1380,1304,964,1653,916,1048,795,793,1271,889,876,1145,877,1076,1513,826,1421,1112,923,554,1026,1238,1007,956,580,862,668,957,1047,1282,935,934,1241,1026,1018,922,704,838,1168,981,623,546,1189,1270,704,755,1709,994,755,1772,1416
"gene_1189",20,18,10,32,15,29,31,22,11,34,7,5,12,15,19,24,25,46,25,32,5,30,24,17,48,15,13,32,15,21,8,40,10,42,17,29,39,20,15,35,51,11,20,22,26,22,12,28,38,11,21,54,15,10,21,50,12,44,22,48
"gene_1190",115,135,143,65,84,121,94,77,125,104,89,94,83,101,92,69,81,104,64,130,84,97,88,135,212,148,61,59,88,146,77,228,118,147,103,66,113,147,158,146,148,72,67,170,53,59,67,87,214,80,152,84,163,99,116,119,203,155,170,105
"gene_1191",444,431,890,462,876,676,819,910,823,672,751,549,536,529,625,581,665,655,944,476,700,496,728,791,844,485,530,847,663,421,669,577,654,645,419,313,403,767,327,785,584,795,311,661,548,492,660,429,693,311,494,565,678,396,770,434,930,604,573,632
"gene_1192",527,495,758,999,845,741,793,758,979,797,692,483,1260,917,697,489,745,784,475,832,685,475,745,651,678,892,649,648,499,1008,507,887,804,656,574,455,898,971,738,866,850,744,666,1050,672,727,1010,812,879,526,517,947,669,888,675,1059,1186,611,1258,783
"gene_1193",260,153,352,390,279,249,300,340,147,320,247,140,349,212,212,210,202,113,213,253,230,181,285,338,267,393,254,157,147,294,156,178,159,212,231,109,135,129,373,210,255,290,138,307,395,210,285,168,441,177,297,170,372,214,250,217,558,262,342,433
"gene_1194",1819,983,2104,1123,1970,1549,1626,2672,2763,1631,2170,1013,1975,1146,2004,1078,1167,1725,1211,1468,1145,1062,1930,1782,2853,1428,2084,1687,901,2154,1457,1072,1488,964,1127,872,1217,1702,1633,1255,1553,1557,1385,1769,1096,1498,1518,2119,933,1276,1154,1447,1267,1599,1449,1765,1566,1267,1467,1787
"gene_1195",4423,3749,4092,5574,6205,5568,5443,4171,5287,4225,3758,3912,6133,4436,6274,3155,2842,5163,4368,2979,3979,2748,5192,4965,5363,5217,4575,3488,3535,3695,2482,7153,2841,5373,4242,2912,4594,7017,5204,5888,5620,4257,3818,6434,4646,4165,3565,4383,7593,3565,3856,4566,5055,3979,5769,6356,4764,4709,4613,3201
"gene_1196",127,82,98,210,204,196,144,305,160,122,191,174,229,266,95,76,158,245,61,138,108,176,138,246,173,132,184,171,138,166,350,421,302,688,211,248,330,427,293,483,391,354,241,347,379,187,250,381,374,276,243,317,214,416,240,251,297,390,397,408
"gene_1197",2375,2164,3418,2043,3125,2594,2505,2961,3255,4179,2632,1644,2263,2241,3105,2018,2367,2249,2852,2586,3003,1920,3684,3311,4054,3414,1462,2331,2915,4881,1265,2924,2957,2272,2979,1270,2316,3751,2738,2965,4309,2580,1939,2910,3302,1423,2058,2705,2872,2164,2081,4003,2306,2820,2317,3033,2652,2340,3638,2482
"gene_1198",131,45,157,145,64,38,127,108,122,99,99,50,171,83,75,44,76,213,102,97,93,53,139,141,119,161,56,90,46,173,122,169,175,87,90,94,93,92,111,147,280,152,108,254,223,153,154,72,139,139,130,175,215,125,164,230,312,77,104,93
"gene_1199",97,81,145,261,330,118,117,132,174,196,128,128,313,331,183,136,101,215,82,65,143,97,173,159,247,178,175,79,131,246,286,141,221,207,166,57,117,164,175,179,244,319,109,236,262,114,137,249,267,149,164,224,223,162,152,111,408,141,229,256
"gene_1200",151,198,127,200,94,134,141,193,201,151,120,121,275,164,113,110,150,235,43,100,139,119,251,83,165,65,154,160,90,143,201,249,270,491,281,196,225,299,298,391,412,235,187,569,337,256,214,179,626,197,239,402,421,201,209,392,545,343,299,307
"gene_1201",130,73,103,57,79,145,156,68,57,107,149,85,85,169,78,94,82,85,90,56,64,54,103,72,89,81,120,86,102,82,83,94,129,158,139,50,118,104,79,140,78,152,46,175,107,61,107,54,166,42,145,118,125,140,101,83,93,90,69,145
"gene_1202",216,101,143,206,121,198,306,191,151,108,132,252,231,189,168,176,214,201,192,135,252,137,180,188,200,232,146,201,176,203,166,218,234,257,192,135,314,313,134,196,199,199,162,231,177,190,310,174,241,151,192,192,241,200,315,183,338,234,255,314
"gene_1203",11,4,9,0,4,1,0,1,1,13,12,13,0,0,7,2,4,6,6,9,3,0,0,13,15,3,9,12,0,6,6,2,0,5,4,3,0,16,7,7,1,5,6,9,8,1,3,3,3,1,6,8,5,2,7,4,2,11,5,33
"gene_1204",65,7,47,7,35,29,38,36,62,24,17,6,29,20,13,6,26,23,8,5,23,5,7,20,26,47,19,8,2,25,29,14,24,20,10,13,5,21,11,32,23,23,4,21,17,15,24,13,22,3,7,17,14,32,15,11,25,6,6,7
"gene_1205",44,59,65,70,60,69,57,95,94,71,103,32,56,77,57,33,41,56,162,67,115,52,44,52,74,62,29,75,43,125,42,51,80,68,38,53,88,47,52,55,83,110,79,99,81,91,46,119,81,80,75,118,103,85,86,96,188,63,78,127
"gene_1206",2,1,1,1,11,5,7,3,10,15,13,1,11,3,2,4,0,1,3,10,0,5,14,5,1,0,3,16,4,8,9,5,3,11,21,7,23,4,4,0,1,6,5,14,13,4,1,19,19,5,15,6,1,4,6,1,17,2,4,17
"gene_1207",98,85,65,101,83,73,77,152,150,155,94,74,207,98,98,88,118,209,38,72,90,86,113,113,67,89,36,91,129,38,87,129,113,76,38,86,166,207,118,112,172,171,86,123,111,150,110,121,262,91,142,106,93,127,189,109,149,103,144,338
"gene_1208",4108,3012,7716,6271,4561,5166,6732,4452,5016,7342,7056,4796,6835,4948,4052,3409,3983,6549,3913,5155,3362,4289,5162,4683,4317,6505,4120,3995,4527,5314,4114,3627,5302,3950,5549,1411,4843,4820,4666,5682,6014,5627,3298,4908,4233,4498,3828,4366,5854,3358,3262,5357,4267,5138,4867,5996,9163,2742,3991,4464
"gene_1209",240,213,241,353,247,444,283,486,384,449,337,220,436,245,535,238,284,331,281,263,374,123,232,219,218,262,290,227,170,316,404,287,220,365,273,215,370,414,315,236,162,317,282,357,284,125,265,358,263,241,231,452,430,387,427,288,538,414,423,478
"gene_1210",121,77,81,166,59,82,95,49,123,92,130,108,79,157,72,40,59,85,55,107,133,86,85,72,65,149,40,71,71,71,76,52,91,32,117,35,41,80,177,79,86,123,63,131,77,113,46,47,90,56,86,73,74,49,61,54,89,87,100,49
"gene_1211",444,405,994,1076,1271,1014,503,956,825,890,849,871,1121,730,934,603,843,715,463,828,758,493,881,911,911,970,631,948,588,673,726,861,1079,701,733,606,791,871,751,579,1009,766,455,831,1101,825,705,647,1181,702,835,547,1042,847,584,883,874,626,1086,1325
"gene_1212",923,1255,1205,1037,906,540,1403,1153,744,1418,1088,942,801,1198,1102,827,586,1737,800,1081,759,823,982,1109,1637,1514,780,1424,990,855,1634,1590,1019,1526,1699,707,849,1343,1115,1668,1062,1518,887,1388,1380,1239,1281,1335,1814,999,1266,1284,1070,931,1025,1545,1706,1122,1406,2483
"gene_1213",579,801,740,980,757,843,589,749,665,816,1110,543,819,554,652,523,208,630,445,683,520,521,1086,892,520,569,650,577,547,969,694,790,563,786,536,397,322,708,592,719,887,780,281,715,751,543,556,615,836,456,695,879,788,513,808,893,1196,627,854,1132
"gene_1214",12,0,0,0,9,2,1,0,2,9,13,0,1,8,1,3,2,0,4,1,0,0,1,17,8,5,11,8,3,4,0,7,0,8,3,1,3,2,2,2,2,0,6,3,1,2,1,2,5,0,21,1,6,0,3,12,31,2,4,0
"gene_1215",15,11,19,40,18,9,9,23,33,30,5,8,41,14,4,0,7,7,6,11,4,13,16,10,16,11,9,27,30,33,13,1,7,15,7,6,1,14,17,14,14,5,2,10,19,20,8,5,16,7,9,15,25,10,19,5,8,6,17,8
"gene_1216",120,167,144,171,280,160,114,257,155,237,256,133,166,95,104,100,138,201,146,207,111,152,212,118,120,150,150,135,113,197,134,152,149,222,225,36,196,145,147,119,148,160,111,172,99,117,90,79,154,75,139,162,226,112,145,77,253,149,249,181
"gene_1217",272,94,283,454,362,414,403,391,324,533,262,265,565,336,295,237,246,416,199,188,308,179,492,307,255,399,274,298,380,486,356,493,320,475,341,199,435,427,232,756,368,415,188,774,299,277,251,455,343,402,463,506,299,312,381,481,347,253,724,254
"gene_1218",7,23,1,25,35,13,24,14,5,16,10,33,12,46,16,9,16,13,15,13,12,8,22,31,47,31,7,6,22,21,34,24,8,23,30,11,18,35,14,33,7,20,8,18,15,12,10,3,15,6,1,17,11,15,24,13,15,28,60,40
"gene_1219",2584,2341,1918,1516,2507,1958,2662,1707,2724,1613,2364,2207,3261,2612,2592,1020,1357,2058,1386,1961,1572,2259,1142,3271,1539,2142,1629,2139,1915,2803,2553,1831,2063,2076,2925,1464,2495,2793,2104,1957,4398,2652,1825,3976,3205,2686,1666,2392,1964,2297,1700,2663,3114,1908,2848,2554,4051,2931,2643,2896
"gene_1220",140,108,118,170,183,93,119,240,248,125,164,79,161,161,197,129,112,162,104,93,82,75,204,159,160,143,103,105,125,168,149,198,158,137,120,108,183,142,189,162,210,188,86,95,215,109,140,139,145,97,144,144,152,161,124,225,259,55,247,82
"gene_1221",82,99,162,68,83,111,110,109,102,107,163,99,64,125,83,50,64,111,58,188,83,95,129,148,167,103,124,148,78,92,154,133,186,104,176,38,69,133,175,241,183,151,116,197,105,102,114,185,153,102,127,116,99,152,175,160,437,97,99,165
"gene_1222",582,273,594,940,699,569,863,1004,1085,926,837,459,999,776,806,427,386,736,347,623,699,441,562,706,904,842,475,811,551,751,546,975,675,753,637,287,829,905,603,866,496,738,426,856,920,843,411,514,1085,480,742,589,728,597,516,871,2059,586,951,962
"gene_1223",802,633,429,693,840,730,679,638,601,825,833,662,617,508,761,557,363,533,519,651,648,415,843,1116,564,589,606,616,457,329,1098,700,862,1042,662,552,1227,904,688,811,1449,1512,663,1141,770,1249,759,769,828,483,886,769,1218,780,948,970,2214,797,675,952
"gene_1224",880,938,902,885,1260,742,863,1131,857,1183,642,886,770,644,719,801,559,1085,594,653,609,1190,840,1372,514,714,656,1327,747,992,1039,1394,1134,692,961,528,787,975,955,887,1216,1084,906,1293,1255,696,634,608,1362,475,867,1466,975,1211,1004,566,1383,793,1089,1298
"gene_1225",11,10,11,19,2,20,0,9,7,5,1,7,11,5,4,2,7,14,16,22,1,4,7,8,10,6,2,16,3,5,4,20,2,7,5,7,5,4,11,15,7,2,5,18,32,7,11,1,2,9,9,7,16,24,25,2,12,15,2,7
"gene_1226",0,2,1,4,2,10,3,9,0,4,0,9,0,1,4,1,1,4,2,3,4,2,0,2,0,1,1,3,2,2,0,7,3,7,1,0,2,7,5,16,3,4,0,13,1,4,1,1,4,5,2,3,3,3,2,4,18,12,4,0
"gene_1227",85,46,89,112,104,67,53,152,97,104,88,45,126,31,108,63,80,159,54,74,54,57,122,131,179,41,53,38,46,68,119,63,119,160,86,54,50,63,51,47,53,99,65,98,96,32,37,38,84,56,130,51,46,69,77,50,170,34,122,119
"gene_1228",167,197,430,161,294,214,347,338,436,187,175,261,444,233,127,188,107,325,111,316,279,229,391,305,266,252,165,220,188,230,256,310,286,298,204,199,244,141,287,188,348,446,154,345,213,176,171,150,388,224,198,243,313,128,228,149,492,177,560,161
"gene_1229",439,381,383,830,549,667,476,580,511,450,501,436,470,763,481,421,295,488,468,689,543,340,495,444,647,619,420,540,324,773,449,519,531,469,419,487,559,644,676,565,492,721,286,716,678,682,473,513,798,416,547,727,621,421,557,613,714,480,707,895
"gene_1230",324,371,537,423,502,235,526,630,425,428,501,324,483,355,319,326,515,658,267,363,404,201,614,378,370,202,349,242,362,518,496,631,799,361,425,186,477,588,511,385,439,687,500,472,600,420,269,522,564,435,600,391,442,468,631,642,806,269,698,624
"gene_1231",270,244,350,376,297,274,294,667,350,487,339,184,424,444,300,241,245,300,258,314,324,168,403,328,658,400,375,425,242,460,287,317,271,193,375,146,186,208,257,362,312,310,126,328,216,175,272,169,523,304,205,267,375,142,198,239,511,233,350,292
"gene_1232",154,82,152,217,215,214,272,187,278,194,189,155,366,205,266,134,214,166,209,179,262,130,174,240,169,237,202,137,135,228,219,310,259,214,206,165,262,216,252,386,326,399,295,254,247,145,209,159,323,231,328,288,474,245,260,295,481,265,196,332
"gene_1233",894,803,1723,1186,729,1410,1059,1221,1210,1263,1316,750,1112,904,874,590,625,1091,822,766,717,907,1062,1101,1837,840,935,994,800,1453,1099,1113,895,958,755,483,963,1479,943,1180,1441,1234,1081,1520,1701,673,852,1192,909,734,922,975,824,903,1468,368,1963,734,1254,1171
"gene_1234",835,500,448,553,955,849,790,1230,604,739,926,710,839,952,516,863,714,483,828,376,325,692,673,993,871,1030,710,784,466,697,798,555,428,397,456,354,745,419,650,1035,1005,728,486,1015,459,452,371,652,748,767,800,661,926,629,981,740,723,580,802,700
"gene_1235",200,209,338,350,231,251,298,510,162,317,467,152,410,333,206,192,89,282,130,284,211,279,312,279,612,307,174,441,218,245,313,240,252,289,236,171,386,216,315,278,298,392,217,335,281,227,259,200,313,182,248,337,334,300,269,447,442,233,679,414
"gene_1236",22,43,44,79,53,46,29,99,22,30,46,58,70,99,21,22,59,78,61,31,45,37,42,64,59,37,41,20,55,36,117,102,238,228,182,101,226,146,208,306,175,223,82,330,124,144,83,230,344,77,154,364,199,231,201,206,298,232,164,249
"gene_1237",692,424,338,532,419,456,552,547,447,576,474,223,425,278,475,361,331,656,434,274,507,552,413,512,431,584,498,329,356,496,614,294,446,380,336,239,390,508,498,535,737,481,241,618,376,368,542,490,507,286,541,587,563,331,418,646,861,287,401,460
"gene_1238",56,35,35,95,23,26,91,82,49,76,16,25,46,55,77,39,32,50,27,38,44,19,66,47,46,57,11,21,41,31,29,46,32,57,38,34,42,58,23,63,125,78,14,41,48,64,24,48,38,23,70,92,69,63,42,76,72,27,161,60
"gene_1239",105,101,132,140,95,112,68,116,97,140,137,92,117,113,146,70,74,84,81,124,98,85,139,137,72,170,64,121,112,154,109,97,145,152,83,65,133,105,79,106,249,209,76,114,154,103,142,152,114,82,135,106,142,132,67,86,199,63,75,245
"gene_1240",4251,2212,6364,5120,6346,3990,4845,5865,5592,4666,6440,3300,6102,7026,4638,3513,4694,5221,2955,5403,4830,3662,4781,6317,7652,5077,3756,5180,2850,4372,6835,5447,5829,8668,4237,3365,6075,6242,4852,6470,5073,9688,4518,4664,3419,2809,2958,4700,6086,2809,6720,5704,5127,3932,5152,6175,8648,5656,5209,6325
"gene_1241",604,423,496,422,523,466,728,512,537,701,425,353,447,358,363,297,487,575,241,621,413,258,491,710,530,589,441,492,530,697,478,559,815,533,442,370,364,535,397,427,810,499,443,649,535,268,576,607,591,505,795,810,692,768,574,636,865,495,437,614
"gene_1242",1071,1339,1426,1614,1297,1378,1824,1826,1793,1683,1790,1459,2578,964,1235,896,1705,2507,1037,996,1528,1321,2590,1477,1523,1416,1042,1170,1077,1924,1977,1905,1541,1294,1265,855,1506,1855,1145,1997,1424,1275,1163,1540,1661,1888,1330,2005,2576,1144,1315,2261,1863,2376,2155,1727,2125,2275,2019,2352
"gene_1243",255,122,168,181,239,147,245,249,183,211,294,151,180,228,166,77,170,169,135,196,231,185,168,156,278,162,100,207,86,125,119,235,101,246,109,67,133,174,170,119,150,187,188,154,174,123,127,137,182,46,108,248,189,100,219,67,220,147,172,187
"gene_1244",36,41,83,90,34,15,81,37,19,69,77,31,90,66,38,25,47,37,73,56,27,58,77,50,63,31,22,30,16,68,18,32,41,81,37,29,39,49,24,48,39,34,30,22,60,53,19,25,50,26,15,58,63,27,61,48,34,66,69,40
"gene_1245",778,610,873,1277,951,795,1990,991,627,1683,1142,1210,1674,1145,1031,625,981,850,1082,633,934,659,1240,1060,995,1317,721,1040,1541,1250,915,882,1703,1172,1041,691,1321,1108,1178,2040,888,1454,803,689,1902,963,1533,1114,1838,1128,1810,2307,1546,1133,1274,1320,2061,1333,1755,1586
"gene_1246",271,125,484,512,349,324,230,346,407,381,266,390,555,327,384,215,316,420,309,259,336,283,482,272,243,367,264,434,175,365,82,73,136,87,143,56,84,77,66,138,83,150,56,219,152,67,43,137,174,48,93,133,99,46,101,97,185,110,101,126
"gene_1247",48,39,24,21,56,55,61,43,38,23,36,17,53,31,28,24,30,21,26,58,35,73,58,72,35,55,17,42,43,64,74,72,68,64,93,26,45,45,38,19,53,76,43,47,59,108,15,30,66,32,19,143,51,10,69,56,54,63,50,78
"gene_1248",245,181,260,170,216,284,155,306,205,209,130,175,147,334,173,80,104,313,159,220,131,151,206,341,312,228,176,146,198,276,461,425,211,244,280,225,155,217,251,373,227,317,228,225,260,191,168,409,309,208,250,253,294,276,284,359,666,350,514,257
"gene_1249",1289,816,1452,1190,816,1152,683,1479,1338,1810,1169,616,2118,1391,1138,1078,700,1615,1141,940,1414,1216,1265,1729,1509,1056,827,1239,1063,1480,1446,1242,1647,2060,577,765,935,1287,1226,2026,1141,1735,1143,1315,1720,1459,1382,1930,1851,636,1229,1714,1692,1192,1984,994,1694,990,1263,1606
"gene_1250",257,212,301,553,286,449,449,467,576,394,381,197,360,309,190,177,206,370,336,205,372,186,323,357,481,311,159,303,245,401,472,343,312,285,281,206,200,194,349,343,395,430,218,205,318,226,234,236,408,318,150,258,362,298,370,408,319,474,412,387
"gene_1251",407,326,523,756,375,338,518,517,439,530,374,419,405,383,551,340,303,446,495,380,398,359,673,277,493,452,368,352,272,739,418,533,751,471,279,668,559,639,545,497,633,642,470,336,336,349,442,529,762,526,562,646,425,437,720,336,726,499,470,689
"gene_1252",1496,917,1861,1579,1315,1007,1844,1164,1240,1263,1395,1271,1064,2049,1523,697,1054,1867,1156,1377,1567,590,1743,1519,1725,1110,1051,2230,1299,1601,1353,1458,1436,1193,851,719,1249,1048,1421,1015,1113,1954,756,1165,1610,631,1085,970,961,644,973,1439,1165,1350,1704,1499,1726,1014,1195,1415
"gene_1253",14,5,4,12,11,1,7,16,11,16,17,12,25,8,5,6,5,7,6,10,4,10,13,4,27,12,15,18,8,8,10,6,13,1,16,0,18,6,5,14,15,6,0,16,8,4,4,5,9,8,25,14,3,5,0,8,28,10,3,6
"gene_1254",261,257,388,450,357,275,312,482,537,421,375,402,761,338,337,310,407,380,231,450,377,260,328,504,514,264,303,356,298,403,494,448,442,586,507,260,593,471,482,867,593,657,224,574,507,542,258,491,727,387,495,674,430,542,290,363,974,298,591,622
"gene_1255",270,221,391,235,264,175,307,250,252,336,133,305,207,139,229,91,229,275,196,137,151,162,194,146,137,258,236,163,144,154,126,113,189,206,264,177,305,240,186,244,209,308,197,294,199,136,240,164,244,184,200,295,268,235,135,214,343,200,431,338
"gene_1256",7,13,5,1,3,1,12,10,3,0,3,0,13,10,4,0,0,0,1,4,0,0,0,10,6,2,0,2,0,6,2,9,4,11,8,18,0,2,1,1,1,2,6,17,0,1,5,7,1,10,10,13,6,1,3,7,1,15,0,2
"gene_1257",122,128,123,88,138,110,122,118,140,128,88,58,210,90,113,56,88,74,82,112,108,76,128,138,206,69,79,107,133,158,110,204,134,92,127,73,187,188,130,67,202,147,120,126,138,86,184,112,193,163,130,182,195,102,111,125,209,150,81,190
"gene_1258",115,57,57,61,65,44,51,34,83,20,47,34,90,22,40,11,44,49,109,50,44,28,71,27,92,57,7,51,30,53,76,46,49,53,45,30,23,22,70,27,36,103,44,30,23,27,35,30,87,14,15,60,47,34,56,64,144,25,68,62
"gene_1259",3017,1799,2443,2973,1927,2509,3933,2279,3885,2870,3819,2030,3231,3027,2478,2160,1719,2761,2288,1845,2719,1648,5298,4019,3105,3259,1053,3018,1627,3199,3368,3635,3418,3855,2367,1588,1759,3011,3073,2080,2935,2135,1788,2887,4071,1762,3311,2297,3214,1130,2197,2272,3044,2337,3004,2833,2893,1950,2756,2295
"gene_1260",146,114,268,154,136,73,129,199,109,196,137,40,182,139,101,90,123,123,110,120,172,139,139,145,104,121,121,45,98,106,181,169,199,99,70,136,73,113,106,142,95,192,74,151,177,137,102,227,144,67,152,175,197,172,109,292,135,117,83,231
"gene_1261",268,250,164,284,137,164,156,298,284,350,201,177,237,201,238,149,168,197,207,251,401,128,217,454,231,199,240,230,216,416,204,267,333,293,427,175,169,190,301,256,293,416,161,258,184,194,129,237,370,364,185,518,213,244,279,180,357,236,362,440
"gene_1262",1425,832,2094,1715,1768,1191,1221,2193,1793,2212,1864,1696,2070,1455,1627,1026,1243,1919,1354,1435,2137,1433,1474,786,965,970,1612,1086,1683,1196,958,1803,1355,1076,1270,654,1106,1433,1419,912,1381,1196,875,1663,983,1274,1247,1209,1189,758,1062,1820,2132,1398,1344,849,2438,2198,2131,1514
"gene_1263",137,54,123,62,81,41,141,96,58,102,48,117,95,102,83,17,62,60,69,31,42,67,115,171,54,65,44,94,41,85,77,102,141,82,45,33,122,124,78,138,69,142,46,113,106,85,91,83,132,85,94,76,61,93,174,97,88,130,194,224
"gene_1264",1382,1393,1757,1865,1831,1727,1751,2166,1960,2173,1336,1969,2631,1546,1943,971,1268,1535,1414,1116,1379,1253,2361,1850,1322,2050,1278,1463,1533,2513,1998,1974,2088,1080,1118,1000,1731,1768,1043,2186,1996,2567,1081,1439,1166,1336,1749,1775,1500,1629,2491,1501,1733,1465,1525,1454,2156,1407,2524,2296
"gene_1265",35,55,34,28,43,35,83,36,39,55,33,23,121,30,57,17,25,66,25,27,56,31,25,59,97,41,34,70,29,75,22,45,68,34,55,40,22,72,29,31,43,33,32,43,90,9,39,66,51,16,65,38,6,39,40,65,120,36,22,47
"gene_1266",13,0,2,10,6,7,21,6,2,5,1,0,2,6,1,0,3,9,2,3,2,11,5,18,1,0,0,2,3,0,6,1,1,0,1,1,5,11,10,6,12,1,2,1,4,3,5,17,2,4,3,5,12,10,2,11,1,1,4,0
"gene_1267",407,529,590,582,379,767,553,763,719,684,580,423,712,517,655,391,509,658,397,861,459,384,572,485,534,556,259,556,511,828,370,405,691,739,570,311,331,738,507,433,341,669,338,703,747,459,383,683,533,373,725,531,322,449,570,645,1073,470,554,623
"gene_1268",5,5,3,11,0,3,15,2,27,4,12,9,2,4,12,2,3,1,5,0,6,4,5,22,24,4,4,11,10,2,4,6,6,0,8,2,3,6,3,8,22,4,0,0,3,5,0,2,3,12,5,8,11,1,5,0,38,3,8,6
"gene_1269",34,21,34,30,19,17,38,9,57,30,15,35,37,30,15,7,17,10,32,15,46,14,18,16,65,21,17,13,24,52,31,22,38,51,19,14,18,34,33,47,32,46,23,37,25,34,11,28,115,29,15,23,51,23,29,39,7,14,28,29
"gene_1270",2993,3589,6114,6184,3193,4676,5551,3671,4037,3059,5032,4319,4215,4227,4150,3409,4737,5266,4009,1748,2937,2823,5132,6371,6376,5684,2804,4912,3005,4001,5498,4426,5305,6370,4619,1909,3645,5023,5654,6025,7687,6964,3864,6754,3357,4026,4332,5328,5854,4370,3468,5129,4467,4679,5616,4840,10034,3901,4449,5525
"gene_1271",27,57,39,56,24,25,54,117,58,53,44,33,64,42,37,62,38,41,54,36,66,46,17,66,54,27,42,40,40,11,52,80,56,51,41,25,37,52,63,69,78,78,83,78,15,43,40,93,43,35,61,48,74,20,34,59,112,51,61,65
"gene_1272",2185,1464,1995,2113,1270,1965,1505,3342,1877,1935,1289,1513,2647,1313,1239,1398,1212,1397,1747,1149,1710,1314,3327,2526,2540,2168,680,2434,1275,1443,1631,1379,1748,1345,1853,910,1630,1246,1948,2277,1574,2232,1543,1837,2871,1738,1567,1964,1592,1181,1311,2267,1885,2116,1746,1890,3484,1408,2185,2221
"gene_1273",630,684,1038,521,749,610,968,722,735,629,541,667,787,597,444,508,646,746,678,682,419,580,465,731,729,763,697,563,546,862,985,906,557,817,611,512,591,787,860,842,676,818,631,856,1204,509,872,482,741,498,718,822,789,483,887,1008,751,802,1062,1386
"gene_1274",328,220,533,249,261,258,359,214,414,289,228,240,347,245,160,246,141,266,216,192,158,173,217,334,309,547,204,344,292,487,492,740,652,556,419,393,645,525,388,566,1110,631,327,662,706,260,432,700,721,221,863,323,764,461,864,985,840,569,803,599
"gene_1275",1030,701,791,1215,840,797,1131,1367,1458,1182,914,746,1069,1112,999,708,848,718,862,983,870,532,1092,1373,1263,1199,837,1063,585,1030,631,772,1225,1248,917,527,734,1365,1085,1296,999,1707,679,1207,820,818,855,784,929,586,1128,727,1017,581,1182,1056,1225,643,694,832
"gene_1276",38,33,101,119,57,63,36,108,70,83,94,86,110,87,50,63,45,77,48,64,55,55,36,82,108,21,70,75,37,66,43,61,55,48,68,33,75,69,91,54,41,73,76,115,54,76,56,39,78,66,79,86,26,38,57,103,116,56,52,36
"gene_1277",197,91,257,239,146,198,239,151,159,183,185,130,197,211,205,76,168,125,174,184,153,128,185,289,171,276,234,156,83,207,134,281,127,180,152,162,175,116,165,98,176,145,126,152,122,150,108,211,150,76,181,203,112,141,151,154,255,281,135,139
"gene_1278",6,18,45,7,10,34,48,14,36,16,4,9,10,9,16,7,13,27,18,7,16,10,1,4,17,3,6,3,9,9,18,17,12,18,23,11,11,39,13,23,41,41,16,30,24,0,5,12,8,2,16,41,45,26,26,11,50,9,13,20
"gene_1279",4053,3916,3895,5684,5734,4371,5783,5110,5275,7207,3662,2687,5319,4824,6425,2704,3441,5630,4124,3836,3324,3719,6485,4205,6656,4297,3788,5029,5626,5334,4303,5486,4855,5784,3606,3146,5071,6107,2720,3514,6311,5142,3199,6577,6165,5243,3595,4005,3985,4372,3890,5916,5757,3610,3479,9149,8598,3311,6399,6779
"gene_1280",65,38,67,42,33,101,59,74,86,170,93,25,67,108,37,46,40,109,52,42,44,21,96,105,86,53,69,106,21,57,47,83,60,21,97,27,44,81,73,42,108,70,46,45,36,48,68,36,51,33,83,77,79,47,53,106,105,68,77,27
"gene_1281",73,88,111,86,120,56,106,103,97,148,97,32,263,107,179,98,101,122,121,80,81,32,158,129,108,104,85,99,152,100,115,105,102,35,140,55,92,126,67,83,109,156,58,93,171,79,87,147,125,64,37,89,100,93,62,130,130,111,57,140
"gene_1282",96,153,208,244,167,168,183,129,177,233,179,91,225,237,279,110,124,251,163,236,157,134,268,231,295,106,147,146,104,187,152,301,171,218,231,97,196,215,157,151,222,177,154,316,111,156,188,249,210,146,186,192,283,270,186,230,334,207,218,205
"gene_1283",2179,1043,1581,1948,1435,1340,1566,1418,1616,2035,1335,1479,1465,1967,1531,995,1307,2576,1593,1557,845,1157,1737,2225,2734,932,1349,1020,995,2066,1523,677,1377,1379,1467,859,1403,1086,1245,1522,1817,1735,1204,2476,1510,1224,1111,887,1382,1041,919,1512,1526,1357,1266,1784,1776,1200,1033,1565
"gene_1284",2,5,6,0,2,4,2,7,5,3,2,5,15,1,3,1,1,10,8,8,13,12,7,0,7,17,0,14,8,2,1,11,6,15,2,1,3,6,6,5,13,20,5,15,5,2,14,16,10,10,7,7,7,3,9,18,8,1,5,2
"gene_1285",181,74,224,162,287,155,221,150,325,206,104,169,202,236,231,53,108,156,133,91,235,184,144,160,157,146,93,100,134,205,155,268,227,264,167,76,123,98,209,223,202,206,114,165,152,179,212,96,71,121,115,128,199,226,169,174,324,194,212,196
"gene_1286",31,12,22,25,18,15,40,15,9,27,25,13,14,32,11,7,3,23,20,5,7,22,27,28,7,24,18,35,18,13,17,2,27,45,30,11,20,15,15,39,39,11,1,22,14,24,26,9,13,13,22,40,18,21,35,28,18,26,51,15
"gene_1287",435,365,710,562,611,248,496,420,418,451,428,476,446,327,369,295,306,673,268,390,682,268,377,596,328,450,249,523,439,361,386,501,175,557,507,316,350,329,340,552,423,507,471,745,481,334,436,312,564,377,346,356,370,312,554,654,1135,485,363,415
"gene_1288",1252,899,1574,1197,893,584,1129,990,596,797,716,943,1298,865,883,837,919,1188,959,798,899,715,993,836,1239,899,1084,899,646,967,1020,1111,765,642,948,343,836,1144,877,1097,820,1222,662,729,1037,622,889,949,1150,724,601,935,1287,814,505,911,1404,760,857,1132
"gene_1289",73,46,45,60,94,78,51,62,47,39,91,32,89,68,80,59,74,76,32,96,23,46,66,110,62,45,68,49,71,85,73,47,62,45,38,30,78,39,61,87,26,52,36,38,45,60,44,18,95,18,16,46,78,35,24,60,55,58,57,142
"gene_1290",0,2,17,5,10,11,7,9,3,14,13,5,4,14,1,10,3,0,18,4,0,6,13,1,20,6,8,18,1,16,12,2,17,1,1,3,0,14,8,2,2,1,10,4,0,9,0,15,5,8,2,2,1,2,5,14,18,10,0,0
"gene_1291",1579,1191,1792,2628,2313,1932,1672,3136,1596,2439,2017,1891,2431,2434,2205,1225,1947,1754,1255,1839,1690,1607,4163,2008,2383,1569,1620,2596,1042,2056,2185,3806,3190,2094,2166,1492,2175,1874,1735,2549,3286,1845,1809,2775,3119,1989,1878,2802,2637,1201,2001,3062,1913,2100,3609,2546,4371,2820,3624,4272
"gene_1292",870,576,1401,1304,1160,1084,774,1394,604,1069,724,661,1468,1158,1171,559,850,1109,681,423,1076,920,855,1087,1427,906,862,617,1041,1526,209,251,305,177,276,171,206,273,264,238,163,202,197,280,259,289,294,214,339,206,295,231,210,235,231,229,331,311,346,218
"gene_1293",225,251,299,237,366,145,248,396,219,173,298,166,246,283,391,136,123,195,148,171,162,118,313,200,145,218,165,139,231,256,198,241,331,257,224,136,351,255,287,450,217,341,164,195,191,272,231,190,268,283,250,203,427,420,257,277,445,247,166,323
"gene_1294",60,33,125,97,42,49,92,51,44,32,18,47,38,29,80,26,34,46,50,35,57,33,69,54,64,15,40,30,44,58,80,64,23,49,30,23,36,69,71,47,37,45,18,37,59,37,35,38,33,28,24,51,42,20,46,41,87,47,40,74
"gene_1295",11,4,3,33,1,3,33,39,7,32,2,34,18,20,12,6,14,18,15,13,30,14,32,13,45,20,16,28,11,19,16,15,18,23,31,26,8,21,15,17,18,34,27,35,21,21,7,28,45,29,15,62,8,9,3,39,60,5,23,51
"gene_1296",529,530,534,673,680,509,607,699,840,985,383,238,1148,585,644,594,353,558,499,703,604,335,375,1078,380,615,412,534,949,815,487,594,773,585,518,354,461,444,594,555,909,1309,506,812,636,588,698,457,770,492,567,576,513,552,771,958,1135,539,469,296
"gene_1297",55,13,58,19,7,12,13,9,54,13,23,26,21,17,20,8,19,13,8,25,27,20,17,21,9,32,30,31,23,42,44,16,19,41,14,6,34,42,13,22,40,9,14,18,9,33,49,33,30,33,15,30,15,8,19,13,13,12,48,28
"gene_1298",30,49,100,96,60,33,38,54,36,52,93,91,78,55,70,26,44,75,51,24,74,43,56,101,90,54,73,136,31,49,46,54,34,59,60,32,39,74,67,43,45,56,16,94,50,47,85,45,60,56,63,84,122,45,105,82,73,41,44,59
"gene_1299",3778,2591,5230,4055,4108,3009,4530,4870,3841,4486,2558,2005,5469,4298,4234,3120,1974,4935,2503,4135,2410,2858,3255,2485,2433,5323,2894,2977,3273,3688,2420,3584,3289,2351,3124,1007,3169,3500,4224,3511,4427,5452,3227,4341,3637,2226,3369,3750,4723,2721,3663,4176,4381,3318,5189,3663,5080,3085,4192,2909
"gene_1300",133,159,166,143,120,75,245,239,183,173,215,110,223,208,87,107,139,287,171,153,134,127,267,238,197,199,138,189,114,203,202,302,116,70,209,116,168,183,102,203,184,105,108,203,178,82,169,122,227,94,146,207,191,115,127,185,182,152,198,226
"gene_1301",63,72,95,87,95,36,133,49,54,99,57,60,67,59,103,71,83,122,61,76,39,50,90,102,76,91,60,92,47,96,85,75,48,73,64,65,57,72,106,121,53,28,68,84,79,73,61,50,78,58,59,52,109,57,68,48,194,68,97,40
"gene_1302",15,46,13,15,27,21,29,22,11,36,23,14,18,8,15,13,19,24,14,19,5,19,28,3,8,25,12,30,4,7,25,22,17,23,12,24,10,18,22,25,16,20,9,4,7,12,5,13,8,6,50,37,8,19,9,19,14,15,99,27
"gene_1303",4,7,10,7,15,14,2,34,11,24,12,8,4,11,1,0,3,5,0,1,12,6,4,16,8,34,9,9,15,6,6,1,4,8,3,5,11,20,8,4,0,8,0,0,4,4,8,2,2,4,4,7,1,10,7,6,40,10,11,4
"gene_1304",4724,3800,5949,5125,3961,4478,5158,5599,6310,6652,3949,4991,10641,4718,3918,2834,4167,3907,4054,3613,5326,3959,5165,4599,4817,5387,3863,3266,6738,4286,3834,9031,7454,6230,4552,3260,5471,7994,5014,6316,5329,8285,5093,4952,7291,3237,4525,6228,5945,3136,5457,4376,4643,4746,4971,3910,6609,5158,5183,6186
"gene_1305",4,2,0,3,9,1,11,5,8,12,3,20,18,15,1,4,7,19,3,0,13,2,10,3,7,20,8,20,19,9,8,7,6,4,13,4,3,9,4,19,22,11,9,3,6,4,3,3,1,3,4,8,13,0,1,26,4,3,13,12
"gene_1306",6,6,0,5,7,8,2,10,1,13,20,3,1,6,9,2,1,2,11,6,1,6,6,2,5,5,11,1,0,4,10,7,0,9,3,0,6,0,7,1,2,1,0,15,1,2,0,1,17,1,0,6,10,2,6,4,11,2,15,12
"gene_1307",27,15,21,24,6,23,11,32,21,38,43,8,11,17,45,21,10,26,14,5,10,5,22,15,23,31,9,19,11,11,39,13,14,5,2,12,9,17,31,21,27,21,27,60,15,7,10,7,9,12,4,21,8,17,13,10,24,34,84,42
"gene_1308",687,517,499,607,533,462,532,492,667,528,424,355,669,523,628,404,370,527,374,380,317,555,562,789,705,432,331,462,490,895,757,1086,578,561,617,344,791,269,434,644,969,997,537,627,917,434,397,533,599,383,451,537,612,487,534,375,632,669,834,820
"gene_1309",102,66,56,119,96,140,112,104,95,121,210,72,69,68,69,83,49,109,71,73,110,38,82,122,81,129,61,50,68,112,174,78,52,80,48,24,98,134,66,100,75,130,62,180,58,100,91,82,54,72,87,131,137,43,87,106,104,64,112,134
"gene_1310",1021,850,998,1224,1677,1195,1099,1772,1128,1464,951,815,1469,1672,977,600,1062,1325,845,1164,1097,1623,2009,1505,1244,1026,752,1069,922,995,1601,1781,1126,1528,1141,904,1325,1596,1097,1410,1595,2186,937,1243,1815,1144,1156,1185,1962,656,1504,1472,1624,883,1342,1804,1497,973,2077,957
"gene_1311",2353,1340,3558,3454,3045,2347,4066,2441,2608,2573,1879,1856,2812,3858,3512,1579,1839,3504,1542,2528,3735,2173,2970,4001,2795,2076,2225,2279,2616,3198,2219,2848,2471,3139,1689,1336,1645,3158,1913,2290,2053,2282,1387,2919,2220,1159,2154,1123,1579,1469,1848,2417,1848,1691,3034,1678,3418,1997,1588,1895
"gene_1312",131,239,216,265,258,318,208,123,203,381,247,158,197,222,272,158,175,216,211,210,167,176,150,359,191,181,215,229,142,342,288,341,296,277,245,85,259,397,233,316,318,335,240,308,228,225,202,196,295,184,326,223,291,379,217,498,316,431,363,207
"gene_1313",336,198,700,230,303,121,365,185,514,368,174,290,358,165,352,142,210,245,183,286,284,204,313,273,228,264,121,272,237,429,340,803,357,529,542,201,410,549,598,664,634,429,188,394,581,586,371,444,654,653,408,342,428,285,463,593,656,213,407,548
"gene_1314",4939,2706,4141,3357,3698,3450,5228,3688,4128,6241,3522,3788,5670,4548,3150,4369,3728,4381,3769,5386,6828,3410,4976,7445,5565,3518,5209,3792,4393,3758,14152,17165,18191,15609,10465,12587,15156,23647,17665,17133,22998,25268,15721,15489,22772,13527,13462,21523,18541,15704,21262,22135,18710,24201,24976,22751,32615,12884,21088,22645
"gene_1315",702,304,543,723,620,409,814,554,615,520,642,472,694,385,463,322,683,556,249,410,461,402,469,679,449,561,350,655,326,798,322,583,531,708,554,239,626,488,319,543,490,562,356,543,625,470,497,494,569,248,619,951,748,572,545,646,983,562,608,715
"gene_1316",92,25,44,39,51,28,58,50,56,42,70,35,32,59,24,32,42,45,24,82,35,22,54,63,49,39,24,45,72,49,39,108,34,59,36,15,38,35,52,81,41,48,55,17,28,95,28,57,52,22,56,49,51,30,24,28,137,27,37,27
"gene_1317",137,110,163,177,115,132,127,170,290,279,192,206,254,264,310,130,193,113,122,172,169,139,190,219,208,330,154,230,144,192,173,145,155,170,172,95,178,198,152,166,185,247,163,202,205,117,192,153,214,162,128,225,239,187,219,181,311,177,157,356
"gene_1318",506,231,398,627,651,318,480,406,443,607,345,408,480,418,675,412,564,472,256,489,378,388,527,317,472,480,466,393,312,479,425,819,494,341,243,247,468,912,559,514,301,588,313,483,595,605,471,377,836,535,507,641,605,366,521,633,914,584,469,620
"gene_1319",108,54,143,106,47,74,72,107,99,97,57,48,91,91,70,47,26,68,84,58,48,44,151,95,58,87,45,75,45,101,56,97,103,43,34,49,75,182,81,100,73,114,30,77,114,50,40,59,48,46,39,48,54,36,26,34,117,66,77,138
"gene_1320",52,111,128,119,45,107,67,114,130,117,59,68,214,69,117,69,56,84,71,87,90,34,217,117,120,78,95,45,65,133,59,73,58,143,126,49,112,63,78,81,166,117,54,99,136,71,47,85,94,87,98,94,93,46,71,100,182,90,122,135
"gene_1321",6,1,2,7,4,1,15,3,19,13,3,3,11,5,5,4,10,9,2,3,14,23,32,15,5,41,2,15,6,15,7,5,9,6,5,5,5,1,2,29,2,8,4,17,11,5,6,15,6,10,13,4,12,19,26,4,1,0,74,22
"gene_1322",491,319,483,482,588,316,340,828,381,488,298,425,585,380,427,194,624,434,300,379,313,294,506,506,531,307,353,410,179,716,306,494,253,590,329,186,404,551,376,446,557,488,350,383,759,352,323,513,478,229,432,481,350,428,446,393,400,251,504,464
"gene_1323",4,7,8,7,9,3,5,7,20,3,6,10,9,8,4,4,11,5,11,4,6,1,14,1,14,0,6,11,12,10,10,37,2,13,5,15,57,18,19,24,26,4,11,24,10,6,8,10,42,5,9,20,11,16,19,22,14,16,7,25
"gene_1324",7,2,0,10,2,11,1,4,1,0,4,2,2,6,1,1,3,0,3,2,13,4,2,36,18,14,2,5,2,8,6,1,32,1,1,8,15,4,2,2,5,8,1,15,21,6,13,3,5,3,7,2,0,8,9,2,6,0,2,1
"gene_1325",75,88,73,96,116,36,82,87,43,53,76,44,67,60,44,37,14,39,76,54,33,33,107,52,75,99,33,21,87,40,68,114,51,52,40,15,136,86,25,98,53,59,33,44,49,34,73,63,63,60,74,70,31,41,58,98,93,41,23,50
"gene_1326",452,318,447,409,522,303,554,645,680,823,403,399,601,719,472,295,271,474,580,622,559,486,602,486,745,490,532,592,421,664,566,438,376,692,541,387,550,675,768,837,660,606,245,712,744,430,644,461,570,257,453,884,410,587,640,743,784,297,638,720
"gene_1327",68,73,45,102,57,58,150,90,53,82,98,103,107,75,89,40,66,136,39,87,91,60,24,84,60,44,77,67,52,76,11,35,13,18,15,12,12,6,19,29,34,14,18,28,31,30,19,27,23,11,23,27,20,20,12,20,22,36,25,39
"gene_1328",249,140,245,188,132,126,301,259,297,185,192,169,295,201,240,155,182,154,141,110,186,178,163,288,248,229,196,288,171,223,234,273,202,361,289,184,252,299,269,300,357,280,231,268,154,336,212,234,281,364,117,272,328,371,258,284,443,428,180,356
"gene_1329",15,16,16,3,13,4,31,52,27,38,3,17,13,9,19,3,25,13,10,9,20,7,26,5,25,24,12,12,4,15,9,15,6,9,8,11,23,29,24,22,37,23,14,20,10,7,28,7,32,18,4,35,19,23,23,23,0,9,11,32
"gene_1330",52,46,82,40,113,22,53,46,55,42,64,29,91,51,57,13,66,75,59,48,61,37,64,139,85,60,38,53,86,38,77,61,57,89,74,34,117,85,45,38,96,93,26,45,82,35,71,39,49,26,70,43,76,66,66,47,43,50,41,84
"gene_1331",10,12,7,8,23,4,4,23,19,35,6,5,38,8,26,17,11,10,8,1,22,7,10,5,3,11,37,5,5,11,5,11,5,2,21,6,7,11,0,3,14,16,8,4,18,7,4,10,4,8,7,9,23,9,16,7,7,21,7,10
"gene_1332",34,16,20,11,24,22,30,44,13,32,25,10,24,29,36,12,29,6,27,27,20,15,2,12,34,16,30,9,7,8,9,13,30,22,13,9,34,15,11,21,50,25,5,14,16,20,13,21,17,8,16,6,15,23,33,13,47,22,25,10
"gene_1333",105,107,169,100,90,142,125,231,231,115,138,155,146,229,230,98,144,128,76,100,165,157,114,100,180,242,80,139,119,185,206,121,102,144,94,101,109,136,189,155,207,144,161,113,179,106,109,125,203,116,104,148,193,74,159,115,211,83,195,121
"gene_1334",3197,2881,3719,4076,3756,2440,3791,4871,3907,4288,2589,1822,3742,3217,2660,2333,2668,3026,2481,3401,2703,2185,3981,4226,3079,5400,4119,2720,1987,4318,4285,3985,4268,2651,3940,2541,4787,5913,3956,4063,5493,4439,2346,4341,5214,3224,3628,2818,4733,2940,3269,5121,4676,4048,4729,3781,4926,3736,4322,3845
"gene_1335",164,155,146,314,222,277,209,301,179,156,290,133,210,184,216,160,201,311,201,242,203,305,370,368,163,258,144,170,154,243,195,328,237,148,112,162,106,156,197,173,337,209,182,141,148,191,95,179,241,177,114,139,404,112,264,206,316,213,222,127
"gene_1336",169,137,204,287,174,326,237,211,451,243,268,106,248,276,313,130,183,238,228,186,172,163,410,339,152,337,183,121,132,131,246,175,170,320,132,180,284,212,135,259,465,219,199,277,266,241,154,292,341,153,176,300,192,154,249,239,332,179,208,238
"gene_1337",108,101,99,116,83,153,101,100,177,129,131,122,312,119,208,81,79,116,127,129,154,116,201,144,147,180,113,195,116,178,73,163,217,174,83,82,116,196,150,125,177,269,80,287,107,106,116,143,188,123,177,101,149,87,80,146,223,135,107,211
"gene_1338",12,0,7,2,6,10,0,9,8,15,0,1,3,8,1,1,7,7,2,5,1,4,5,5,5,7,7,4,3,7,0,7,0,7,15,6,9,2,2,11,2,5,6,2,1,5,4,5,6,4,3,3,5,1,1,4,17,8,6,9
"gene_1339",81,74,182,169,215,134,203,148,169,202,198,122,146,124,138,43,109,139,64,74,157,90,105,194,124,113,147,184,80,131,48,73,53,54,94,24,107,59,32,119,101,69,34,103,54,33,31,85,74,32,78,77,46,86,82,135,78,87,65,73
"gene_1340",46,13,30,73,54,34,37,42,27,28,24,32,23,23,54,33,19,68,41,84,43,32,25,78,28,27,19,51,14,87,29,101,31,51,19,13,47,54,46,75,52,64,20,46,47,36,18,28,76,24,47,30,30,28,73,66,44,47,76,65
"gene_1341",1419,1170,1945,2150,2250,2550,3116,2805,2224,3326,1833,2085,3508,2087,2818,1456,1850,2147,1930,1474,1817,1769,2982,2075,3031,2159,1567,2223,2051,2368,1988,3373,1531,2379,2685,1015,2898,2897,2796,1907,3022,3866,2874,2448,4252,2265,2471,2357,3523,1318,3652,3160,3128,3042,2306,2931,3590,2619,3230,5155
"gene_1342",10,9,4,13,3,6,3,1,7,4,0,1,1,2,0,0,1,0,4,0,0,0,2,4,4,11,3,12,1,1,36,1,2,7,4,2,0,2,4,1,7,12,0,0,4,3,0,0,17,0,1,2,7,21,7,23,15,5,6,7
"gene_1343",2,4,8,0,4,1,1,4,27,7,6,11,17,3,3,6,11,6,3,2,0,0,0,8,7,2,6,5,7,1,0,12,0,2,1,1,2,15,5,1,8,2,0,5,10,14,9,1,0,9,1,24,2,2,31,2,1,2,3,12
"gene_1344",2529,3652,4222,6066,4864,7132,3827,4499,5255,8244,5808,2875,5177,5830,4441,2592,3777,5909,5336,3378,5549,4253,4477,4657,6102,4481,3618,3858,5491,4532,4625,5358,3669,4796,3973,3223,5495,4987,2995,5051,5119,3834,2725,6815,4962,3225,7921,6522,6332,2252,2888,5904,4529,3711,4023,4755,6538,3760,4210,7607
"gene_1345",545,406,583,394,567,320,751,593,354,634,531,400,363,449,585,263,476,431,329,474,467,209,570,654,712,486,164,370,418,564,333,356,636,444,288,220,478,308,307,403,518,441,342,430,358,248,227,462,697,310,257,543,310,411,427,349,513,373,320,582
"gene_1346",95,26,70,62,49,28,54,28,82,36,42,25,56,75,36,5,41,65,60,47,53,51,62,83,34,53,49,79,34,46,71,47,46,32,39,33,13,60,74,40,56,45,28,82,51,39,71,80,127,53,123,39,25,83,40,19,61,63,111,76
"gene_1347",774,1213,1123,1493,1406,1044,1523,1993,1448,1729,1564,954,1531,555,1171,585,809,1005,875,1253,1671,890,1148,1175,1338,1322,835,1393,998,2167,848,1047,1218,1100,714,861,1023,1024,1292,888,1289,1475,811,1488,1777,1173,590,773,1138,815,1003,1563,1482,1739,1171,1106,1549,955,1113,1685
"gene_1348",30,60,35,19,27,45,80,44,34,43,50,31,55,56,44,33,41,55,52,23,52,63,105,31,64,35,20,27,54,20,90,53,53,35,70,19,87,32,107,40,31,107,44,91,53,53,33,28,51,25,69,62,39,63,21,55,109,45,91,38
"gene_1349",6,5,9,19,16,12,4,33,18,8,11,13,2,11,22,4,5,10,8,13,12,14,17,27,21,22,6,34,6,18,12,21,11,13,10,17,0,21,30,8,20,21,14,27,5,25,8,11,12,8,17,23,43,11,5,14,29,22,34,5
"gene_1350",291,169,351,351,300,244,305,337,313,305,226,151,298,319,232,189,231,381,315,335,388,243,368,258,351,221,207,300,186,293,259,227,243,364,227,185,315,468,297,230,309,310,124,439,302,285,255,273,318,200,336,253,291,243,437,516,510,380,502,312
"gene_1351",12,24,4,33,15,27,13,31,37,9,32,30,23,14,29,4,15,19,4,14,7,20,16,33,13,27,20,22,17,17,3,10,11,2,14,4,2,18,14,22,5,26,26,11,37,10,30,8,43,13,25,12,28,8,5,19,21,38,24,11
"gene_1352",523,631,594,521,741,405,504,961,1095,649,692,528,851,402,893,377,501,446,506,423,358,341,653,925,789,444,368,547,679,682,435,627,677,852,414,285,440,703,1057,634,815,856,445,667,669,379,514,931,652,280,860,479,547,294,872,663,1084,546,739,952
"gene_1353",9,25,65,52,28,6,6,59,18,50,22,38,11,30,28,28,27,72,25,24,33,26,30,38,40,43,15,16,6,22,47,33,28,40,26,16,12,18,51,26,35,7,13,38,33,44,26,33,68,27,29,12,17,8,21,24,28,10,19,65
"gene_1354",77,43,90,105,46,41,59,81,47,68,52,16,58,88,34,53,76,35,42,37,38,60,46,73,36,51,38,37,40,55,37,73,73,73,86,42,67,29,49,77,85,56,38,56,47,13,113,72,39,28,31,14,49,67,51,59,97,39,47,42
"gene_1355",1541,1309,1489,2161,2037,3255,1654,3256,2708,991,984,1560,3108,2326,1552,817,1601,1967,705,2496,1734,1641,2293,1700,1932,1687,1189,1294,1613,1811,2334,4487,2667,2708,2182,1276,1903,1895,2101,2836,2623,2617,2361,3287,3457,3361,1544,2067,3469,1788,2462,1813,3731,2938,2207,2713,3976,2198,3999,2761
"gene_1356",102,98,120,138,114,93,80,163,103,130,155,80,178,143,71,93,82,165,83,83,118,67,121,104,160,69,108,171,52,84,76,67,96,109,64,45,83,197,71,96,201,135,77,194,123,97,108,69,164,153,56,135,175,107,117,148,269,108,187,122
"gene_1357",91,47,78,68,97,64,103,73,111,127,49,77,57,149,89,61,82,76,41,166,64,72,79,117,154,88,77,66,40,79,57,68,98,109,38,35,32,88,38,60,78,90,32,96,29,46,48,56,39,72,85,62,103,80,71,56,113,42,87,87
"gene_1358",45,51,21,55,21,22,46,31,44,31,24,11,82,14,44,46,18,16,23,53,39,31,46,78,40,33,40,16,9,26,68,16,30,19,26,13,31,68,40,47,81,59,21,72,27,17,61,56,49,21,11,12,23,53,54,67,18,43,15,33
"gene_1359",61,33,60,88,52,54,81,61,43,76,39,23,132,55,40,51,49,93,20,71,65,27,56,58,45,57,63,51,82,62,77,41,77,101,70,39,124,89,88,110,105,66,63,81,92,54,49,79,40,25,71,145,124,115,87,138,109,101,86,67
"gene_1360",147,99,88,128,132,65,131,112,126,141,82,106,196,136,126,56,60,86,139,127,72,92,163,126,127,314,60,103,75,63,112,102,77,167,102,53,104,147,153,72,111,124,103,75,102,39,70,105,97,64,126,61,140,92,118,103,129,81,173,99
"gene_1361",1559,1203,1965,1640,1941,1442,2417,1694,1409,1876,1609,1709,2448,1944,1443,1314,1830,1622,1706,1560,2009,1058,2143,2335,1748,1997,1429,1780,1294,1717,2910,1010,1759,1853,1398,1104,1789,1611,1557,1996,1854,2654,1761,2281,2029,1690,1643,1814,1899,1169,2041,2389,3472,1991,2396,3035,3055,2128,1878,2019
"gene_1362",361,395,496,742,459,341,732,418,470,542,488,421,614,254,418,205,220,339,458,447,387,343,508,469,556,243,346,360,374,529,372,655,569,270,428,237,419,572,342,897,784,288,249,832,323,374,481,498,764,360,292,737,427,468,461,335,806,546,564,467
"gene_1363",902,1424,1441,1622,2149,1045,1505,1546,1738,867,1996,1408,1329,2359,1489,1563,1067,1745,1233,1289,1186,1418,2032,1750,2050,2172,2204,1523,2031,2110,1265,1678,1610,1286,1488,1155,1594,1593,1808,1676,1629,1321,1011,2521,1695,1105,1757,2333,1975,1333,1420,2054,2173,979,2550,1926,3045,1113,2243,2040
"gene_1364",101,89,124,131,122,89,86,173,127,183,115,96,178,146,167,58,117,106,96,140,144,61,180,116,169,75,94,79,102,116,162,136,112,183,74,45,112,269,152,103,259,200,92,130,226,154,123,129,204,69,189,115,132,152,184,129,212,114,155,267
"gene_1365",69,48,49,60,25,38,97,130,123,158,61,41,81,106,73,59,37,90,75,69,52,53,83,26,62,89,41,32,45,40,53,46,49,75,39,27,49,71,71,26,64,46,25,38,30,42,43,77,85,17,40,39,79,40,26,57,68,52,71,116
"gene_1366",45,47,51,52,42,46,20,96,33,70,33,19,64,34,34,18,49,40,28,24,47,36,15,58,46,50,48,37,59,47,32,51,25,69,46,44,27,88,39,16,76,38,28,24,35,41,38,42,32,48,71,56,48,36,21,84,77,34,36,39
"gene_1367",57,102,129,114,133,69,240,124,101,43,122,49,82,70,82,52,114,142,160,94,128,65,114,87,83,101,146,44,54,178,138,163,182,98,98,60,79,85,112,180,132,205,96,240,231,88,150,143,135,115,77,107,98,112,62,50,173,87,190,215
"gene_1368",293,230,375,368,376,350,269,493,333,531,410,390,556,256,171,173,416,286,358,307,360,278,453,340,504,374,321,288,279,321,410,373,347,402,228,187,326,390,197,337,557,595,189,293,384,421,313,345,341,313,272,245,258,269,426,316,456,515,513,569
"gene_1369",523,405,519,905,710,337,859,918,736,710,535,543,1327,639,881,459,891,503,487,523,666,269,673,573,809,632,467,426,376,519,2747,3398,2861,2096,2426,1233,1375,2318,2545,2719,2755,2896,1077,2786,2466,2143,2572,2911,3151,1599,1679,1771,3055,2219,2000,2503,2733,2407,2188,2801
"gene_1370",47,14,17,34,47,25,63,63,31,58,31,28,39,52,55,51,22,34,4,25,26,53,35,41,40,56,50,43,32,27,22,18,41,63,40,38,40,38,20,4,53,41,10,41,28,27,28,44,42,40,30,44,40,22,33,24,96,33,59,29
"gene_1371",655,429,752,664,904,709,780,827,491,1099,662,620,1259,636,843,563,651,719,557,450,704,566,759,1038,579,954,666,1112,593,645,611,542,1079,858,603,422,605,634,820,430,770,913,569,452,665,493,516,520,963,686,796,630,667,671,890,913,1484,496,1040,471
"gene_1372",3815,4535,4162,6227,3883,4433,4594,6465,4544,4594,6370,6158,5578,4783,5199,2847,4000,7467,4875,3340,6394,3368,4526,7103,4569,4060,3321,3893,5559,4770,3763,4901,3762,6933,3722,4789,4339,7006,3822,6677,6888,6546,6344,5646,7543,5201,4098,5185,6645,5147,5004,5561,6982,5801,5976,9069,7920,5700,8819,8388
"gene_1373",1156,1017,2018,1610,1416,1733,1832,1417,1951,1627,1506,850,1241,1226,1164,937,1173,1484,1289,1114,953,1211,1272,2326,1264,1793,719,1888,1531,1933,1379,1417,1117,1186,532,888,900,1189,1334,1699,1340,2208,1248,1008,1153,1033,1142,1015,1281,1364,925,1792,2179,1294,1173,1202,2254,1309,1596,1286
"gene_1374",2447,2140,2878,2628,2461,1956,2283,3389,3133,1304,2636,1815,3528,3173,1719,1541,3240,2527,2307,1543,2532,1467,2176,3057,1899,2528,2211,2303,996,1918,1338,2644,2389,1992,2996,945,2331,2602,2172,2299,3034,2916,1676,2725,3386,1492,2992,2985,2306,2095,3191,2836,3133,2260,2344,2975,4088,1730,2485,2664
"gene_1375",23,68,30,61,44,60,86,37,23,49,47,31,59,31,25,27,22,15,17,32,29,41,50,18,37,58,23,51,22,30,36,16,81,31,36,29,36,21,31,81,34,38,30,16,61,47,41,23,71,41,12,65,59,55,28,102,26,37,58,49
"gene_1376",10,8,11,17,24,9,15,16,28,24,2,5,60,7,20,15,10,41,12,13,15,2,12,21,9,37,18,8,20,19,3,2,4,6,2,5,2,4,6,1,4,3,3,0,2,6,4,4,9,2,3,3,4,1,7,12,9,11,12,3
"gene_1377",3000,4531,3394,4521,5476,4105,7243,3694,7337,3880,4655,4191,4907,6562,4472,3799,3029,3897,3735,5277,6076,3606,6327,6077,5035,3976,3529,5392,4911,5616,5129,5476,3117,6415,4346,2283,4933,5449,5580,5433,5015,4488,4488,5182,3892,5571,3943,5847,5572,3825,6976,6348,5118,5250,4823,5052,7892,3161,4188,5976
"gene_1378",272,132,282,206,356,218,332,375,369,281,298,221,486,317,170,137,212,275,80,141,290,141,271,278,359,360,280,224,167,184,270,277,243,223,153,97,285,165,257,248,242,527,132,258,229,284,220,236,233,119,212,356,149,259,297,230,437,139,246,239
"gene_1379",3,0,7,13,7,6,9,4,3,0,0,2,10,0,8,9,12,7,5,10,11,4,0,6,4,0,10,7,0,2,20,0,2,4,2,3,4,4,6,0,1,1,3,4,1,6,5,18,5,12,1,3,0,3,7,0,2,3,3,0
"gene_1380",637,325,712,476,484,497,622,809,797,698,665,617,610,672,838,445,664,626,263,745,717,350,826,381,750,550,355,368,495,387,727,720,407,268,748,362,554,609,426,435,633,715,228,826,656,558,317,409,666,547,452,716,506,423,631,819,658,456,797,555
"gene_1381",1981,1585,1392,2407,2166,1396,1921,2987,2530,2259,1682,1306,1721,1991,1863,1334,1124,1730,1160,1736,997,1375,1897,1498,1613,2361,1430,1618,1315,1732,1547,1016,1616,998,1197,579,1709,1396,979,1266,934,1147,522,1319,1174,764,1023,1116,1344,616,1043,1371,1031,1004,1732,1476,2628,854,1635,1552
"gene_1382",542,655,951,1020,1028,532,656,846,695,817,485,396,802,726,795,396,882,511,312,550,421,414,581,814,831,655,380,753,438,988,1847,2789,3034,2636,2241,1598,3150,4045,2672,2424,3127,2528,2161,3254,3300,1908,2466,2165,2745,2022,2553,4990,2541,2470,2715,3347,4577,2622,4034,4200
"gene_1383",723,816,714,571,673,494,588,881,554,537,459,465,1310,701,528,325,669,578,528,845,706,380,592,613,418,474,579,589,575,480,500,638,694,646,448,339,398,580,589,858,732,498,414,624,663,506,412,531,703,412,613,750,470,457,558,432,902,456,445,739
"gene_1384",2999,1205,3425,1573,2954,1637,2676,3175,3220,2966,1836,1903,2943,2810,1983,1541,2609,3671,1819,3066,1842,1466,4358,2530,4072,2638,1932,2772,2388,2630,1743,1754,2716,1881,1356,1405,2051,2268,1792,2210,2272,1684,1307,2997,2028,2566,1377,1187,2588,1504,2238,2012,1779,2053,3063,2524,4166,1497,2157,2625
"gene_1385",5860,3142,5680,4223,6150,3561,3387,6383,7976,5152,6361,5072,4744,5673,4871,3432,2900,5141,3329,3972,4692,4237,7668,6046,5482,4117,3570,4617,4721,3499,4555,5257,4566,4758,3956,3256,5320,4044,4738,4881,3875,8935,3663,5857,5018,3486,3461,5951,5802,2398,5246,5758,6160,3972,4969,4760,5735,3541,6019,4010
"gene_1386",22,29,18,40,28,17,28,46,24,54,54,57,44,13,19,8,35,34,53,38,29,25,35,27,55,27,17,47,22,80,51,34,82,27,16,10,15,18,31,30,58,30,37,35,41,42,35,20,46,22,32,42,45,31,36,54,62,42,47,17
"gene_1387",2110,1818,1597,2659,2765,1755,2374,2152,2600,2732,1833,755,2651,1703,2518,1115,1419,1935,1412,2649,1583,1539,1933,2893,3315,1517,1462,2354,1604,1845,2339,1921,1491,2992,2642,1519,2461,2176,2191,3059,3909,2014,1644,2808,1589,1568,2408,1897,2657,1717,1933,1473,2461,1418,1496,3282,2604,2685,1719,2582
"gene_1388",31,25,13,22,27,33,39,22,28,51,18,48,32,19,30,11,40,32,42,18,48,15,38,17,20,7,22,25,20,43,14,64,8,14,13,34,33,24,17,40,105,35,25,10,23,16,16,18,37,15,45,44,65,13,25,38,47,27,56,49
"gene_1389",2522,1997,3141,2687,3956,3145,2478,2850,3066,1964,3446,2634,4254,2765,2071,1288,2682,3919,2030,2278,3075,1824,3373,3012,3762,4501,2994,2661,3035,3147,2746,3136,4399,3522,3958,2812,3857,4868,3298,2456,3764,4260,2876,3737,2859,2469,4006,2289,3457,3147,3581,3785,4595,2551,3217,3799,7043,2343,4478,3492
"gene_1390",171,143,248,342,375,311,306,186,412,501,281,99,361,264,272,243,204,225,207,262,163,171,214,177,492,301,148,258,170,294,145,170,237,255,220,159,162,190,179,321,224,254,174,222,314,263,205,229,349,178,257,191,254,240,267,311,359,263,333,339
"gene_1391",46,41,41,72,34,37,80,57,37,37,77,52,40,25,33,20,35,44,26,40,51,54,59,52,29,29,41,39,61,53,32,16,14,26,49,21,56,60,15,34,28,38,19,71,35,37,24,40,74,35,17,33,27,25,44,41,12,9,32,38
"gene_1392",1837,2254,2215,2328,2080,2545,2733,2843,2066,2647,2297,2090,2723,1948,2152,1094,2398,2018,1818,1984,2120,1645,2654,3657,2749,1203,2424,1897,1944,2009,1671,2289,2091,2010,2045,842,2191,2334,1767,2621,2188,2826,1238,2369,1634,2831,2096,1696,3287,1552,3669,1587,2927,2264,1912,1360,3355,1150,1868,1587
"gene_1393",329,207,468,247,272,353,311,318,396,257,302,305,367,214,285,153,322,266,142,181,232,157,233,312,378,255,243,330,285,350,218,262,351,215,213,144,357,245,171,339,335,303,168,210,210,252,117,409,303,262,288,295,328,182,312,279,352,189,320,234
"gene_1394",6200,4239,5590,5563,2654,3827,4221,9995,3631,3337,5603,4440,6723,7345,6391,3294,4376,5564,3570,2489,4804,3665,4791,4170,4502,2560,4852,2892,5066,3445,3900,6972,4613,5361,5952,1966,5029,7345,6228,6133,8801,2581,2853,4500,5460,5265,3513,3689,6833,4249,4009,5149,6656,4362,8323,3928,8647,5477,5000,4507
"gene_1395",237,283,530,508,215,288,457,313,301,360,226,159,411,340,381,207,262,515,220,337,330,291,286,411,433,261,346,243,204,310,375,357,318,254,342,123,237,193,216,379,240,324,172,293,271,206,248,303,448,192,200,256,342,210,269,271,432,280,408,227
"gene_1396",1114,841,999,994,818,583,1207,680,1298,852,716,564,1054,748,1433,520,888,1428,1074,653,697,771,889,1405,751,803,674,1289,470,744,795,586,717,1011,833,430,862,593,1036,688,1145,852,834,898,953,681,650,1000,960,700,878,834,927,872,1181,802,1622,891,1520,1055
"gene_1397",3,2,7,2,13,4,11,7,13,24,5,1,8,8,4,18,5,0,17,4,4,0,9,15,0,12,0,3,4,0,2,4,13,14,10,1,3,15,10,1,35,13,10,14,11,1,43,7,8,10,3,23,4,3,2,12,25,21,3,4
"gene_1398",79,90,80,155,56,81,118,108,162,77,109,73,111,83,155,64,82,69,88,66,78,73,67,112,101,96,60,181,108,157,125,79,89,88,61,83,48,74,107,65,110,77,30,144,92,79,84,75,91,44,67,70,78,48,109,101,121,97,100,94
"gene_1399",40,4,11,27,9,3,12,7,12,1,2,8,15,9,5,8,4,13,6,5,14,2,31,3,11,1,7,19,16,8,11,22,16,7,5,17,3,2,16,42,11,1,1,20,18,15,6,8,54,7,9,10,19,6,19,26,28,14,29,5
"gene_1400",193,135,170,261,147,182,246,285,486,174,216,172,313,243,306,104,189,427,154,124,187,180,286,352,310,181,278,134,135,237,153,332,275,255,256,212,166,234,194,186,375,360,149,133,266,229,183,194,356,238,231,218,223,197,178,323,377,221,347,468
"gene_1401",10,2,0,2,0,1,2,0,1,1,24,2,4,0,6,3,0,7,7,3,5,0,4,4,0,5,0,1,10,0,6,2,4,2,3,0,4,2,0,6,0,5,5,0,0,10,0,2,2,8,2,3,6,0,12,3,25,38,10,0
"gene_1402",367,446,643,482,596,564,614,316,414,477,405,323,565,576,248,453,502,884,583,415,403,413,587,750,826,722,563,601,320,381,525,293,231,527,346,249,345,497,448,346,579,409,233,381,465,404,357,281,533,331,467,656,401,397,326,435,562,615,519,437
"gene_1403",80,51,83,81,60,51,49,70,54,105,56,59,140,57,43,33,60,135,55,62,98,75,63,31,94,110,64,64,49,60,83,63,92,75,115,54,87,26,68,55,97,82,67,110,98,91,78,178,73,42,86,127,76,73,96,92,101,88,109,106
"gene_1404",67,20,44,55,42,71,92,21,79,25,54,66,43,73,81,19,29,41,11,47,23,35,79,41,55,45,44,43,42,67,66,40,104,20,53,32,40,75,54,42,54,89,10,76,46,46,76,47,58,57,51,60,37,26,44,109,47,20,68,35
"gene_1405",25,15,14,25,3,10,6,6,3,27,52,25,26,18,6,2,2,9,21,13,10,3,9,28,4,4,2,28,11,4,5,13,8,9,24,5,12,5,15,21,3,14,5,1,7,4,4,7,14,21,12,4,3,20,7,2,11,0,2,10
"gene_1406",0,3,0,7,5,0,2,1,11,2,14,3,2,0,7,5,10,5,6,19,0,0,2,5,0,8,10,3,2,0,12,11,0,0,2,1,6,2,4,4,7,2,1,6,6,2,0,10,2,1,0,1,2,0,2,2,26,3,2,1
"gene_1407",616,456,999,778,768,666,712,809,571,863,621,615,576,1098,971,775,637,939,867,1025,1040,765,1028,935,756,1145,441,801,726,922,722,1242,729,946,697,360,565,864,825,683,878,656,574,868,802,725,644,615,770,454,587,795,879,690,661,799,1863,1209,1072,977
"gene_1408",232,69,140,133,156,210,164,109,249,128,130,111,181,96,155,52,71,171,85,105,98,168,98,137,130,103,153,94,41,91,195,188,119,202,122,70,87,98,111,94,104,150,62,172,185,84,108,121,155,81,72,122,142,164,282,158,248,134,107,204
"gene_1409",130,112,183,234,114,149,106,250,233,200,120,142,178,188,216,106,165,254,138,134,140,146,157,261,322,115,128,128,116,199,206,180,217,231,228,126,195,189,108,133,224,264,149,210,182,161,95,210,295,173,277,197,219,242,346,103,181,193,169,221
"gene_1410",21,15,22,34,30,25,7,23,43,15,29,3,26,19,35,7,17,27,6,22,12,12,61,24,15,28,7,13,29,8,34,19,31,12,12,7,29,16,18,12,3,35,8,34,27,22,14,9,37,14,27,16,24,22,21,21,26,14,10,20
"gene_1411",171,99,173,150,252,134,117,277,90,196,127,106,262,114,91,165,80,191,179,109,86,125,126,138,204,192,163,177,105,98,207,175,130,177,153,87,108,174,180,120,87,72,95,180,148,78,150,141,171,126,149,122,157,106,124,183,219,217,193,162
"gene_1412",1213,410,1040,853,997,698,951,1177,870,855,793,488,923,977,597,322,536,766,637,927,724,842,937,872,830,875,715,553,510,1024,895,981,1725,925,1150,500,1024,804,849,813,896,1524,498,1211,1035,813,652,913,898,642,1178,794,982,928,699,812,1196,838,1061,1583
"gene_1413",51,9,51,35,45,58,44,63,24,95,27,46,82,36,67,30,28,15,24,47,27,26,86,52,47,48,66,108,55,47,15,61,45,31,21,10,25,60,25,53,102,26,39,92,19,33,68,30,46,22,51,40,58,27,42,36,43,73,42,32
"gene_1414",857,429,621,731,899,515,1127,740,932,1119,797,489,1025,757,1081,284,696,1277,490,647,426,959,750,1321,943,993,748,515,529,747,681,769,589,405,691,442,588,1151,561,536,805,581,392,653,469,823,678,782,731,339,568,773,583,532,726,768,880,651,679,975
"gene_1415",81,162,305,163,267,118,181,119,86,172,128,110,134,184,127,111,234,262,188,110,163,92,148,168,152,195,156,159,153,131,167,177,103,189,54,90,176,184,220,184,113,210,109,179,224,133,119,92,227,155,222,166,205,201,208,139,188,103,138,255
"gene_1416",909,594,1180,948,1188,1021,894,1153,645,994,760,565,1180,760,666,607,455,1101,1001,815,1045,599,779,1167,824,807,650,761,331,1130,742,904,911,811,1165,560,703,969,703,1004,709,698,468,748,1070,477,938,630,1096,572,518,779,1118,719,873,625,1554,793,913,873
"gene_1417",2892,3570,5421,6956,5121,3975,4830,5358,3211,5242,6515,3786,5997,6352,5420,3567,3013,4567,3863,4533,5574,4875,6702,4828,6484,5739,3545,4106,2971,5685,4962,3333,2805,5072,3904,4017,4196,4394,5571,5603,6008,4237,2406,8134,4067,3715,6030,4468,3793,2838,5865,4174,4908,5376,4374,3128,8084,3203,4154,3853
"gene_1418",1210,941,1426,1994,1573,2254,1771,1505,1557,1726,1645,1385,1939,1874,1511,799,1113,1316,859,1433,963,1155,2443,2123,2072,1275,2237,1059,1471,1466,1509,1624,1052,1744,1278,901,1698,1893,1039,1245,2121,1976,1109,1749,1123,1322,913,961,2126,737,1072,965,1387,1913,1789,2081,3012,1125,1491,2614
"gene_1419",6,7,9,24,8,5,0,5,3,22,16,6,6,3,8,13,14,5,6,2,14,4,17,5,11,30,12,21,3,18,11,7,7,9,3,6,5,2,9,13,8,22,9,16,7,9,16,3,2,3,10,11,4,5,8,1,28,1,4,14
"gene_1420",14,3,5,7,4,0,4,4,8,1,7,3,0,2,0,0,0,2,3,9,26,0,0,14,1,0,4,1,0,5,1,2,0,2,1,2,0,2,0,1,7,3,3,1,2,3,5,10,1,1,4,16,0,13,3,6,8,0,16,3
"gene_1421",0,7,3,7,9,0,10,1,11,10,0,2,4,1,1,1,11,15,4,5,2,0,1,1,1,5,14,2,1,0,10,0,0,12,6,1,2,7,8,4,7,13,1,0,11,8,12,16,0,11,2,0,1,1,1,0,9,1,1,13
"gene_1422",23,4,13,2,2,0,9,11,6,10,10,10,5,3,9,6,3,9,10,3,5,4,11,24,4,12,0,8,5,9,6,6,16,9,4,2,9,26,15,4,23,13,5,2,9,8,14,19,1,7,6,13,18,15,3,11,13,3,7,4
"gene_1423",0,2,1,3,8,8,8,7,12,14,10,0,5,3,10,1,0,7,4,0,0,0,4,2,0,4,3,10,5,6,6,1,7,4,7,2,1,0,13,0,2,7,1,10,3,0,11,8,8,6,1,17,9,1,15,2,9,0,6,6
"gene_1424",4640,2239,5064,4545,4284,3491,3940,5290,2684,3665,2849,2882,4948,3690,2468,2304,2832,4306,3645,3102,3156,3547,3877,4937,4123,3936,4300,3011,2934,3399,2687,2688,4145,3050,3216,2878,4256,4188,3001,4863,4803,3945,2609,5326,4707,2729,3992,2908,3743,3401,3483,4930,5455,3752,5064,6965,5913,2671,4843,4645
"gene_1425",392,180,338,186,335,259,332,574,242,349,404,208,570,250,223,198,267,324,219,276,125,275,259,232,263,315,261,193,203,237,220,172,212,221,178,196,203,217,244,196,287,194,126,184,227,186,173,174,293,161,186,486,183,232,333,248,377,267,241,171
"gene_1426",199,145,424,337,311,171,228,354,258,632,323,177,385,215,216,102,174,314,193,268,228,218,315,257,291,290,278,305,280,157,172,217,237,219,176,135,209,248,295,253,297,408,102,357,278,158,224,174,243,161,281,296,248,249,453,277,273,225,419,356
"gene_1427",4927,3351,4474,6776,4126,2963,3761,6269,3811,5786,5121,2866,8531,4505,5243,2651,3889,5062,3282,4114,4304,2924,5209,6797,7204,5350,4065,4580,3702,5216,6307,4924,3535,3022,4928,2468,4432,3785,5773,6338,6461,6801,2929,4805,4187,4290,3919,4757,6133,4239,6343,5474,4141,3830,5558,6215,6159,5045,5665,5376
"gene_1428",25,19,25,60,29,24,43,79,49,63,73,44,54,31,31,21,71,46,43,47,17,75,42,55,102,32,34,44,23,81,56,50,47,51,133,66,31,43,58,38,63,57,29,77,50,28,36,33,38,25,34,32,117,53,65,31,77,41,32,58
"gene_1429",26,32,53,19,51,22,8,56,9,10,33,42,38,38,39,10,14,40,19,17,28,13,24,30,7,32,25,14,26,34,42,36,16,41,31,21,40,11,63,16,13,36,17,14,25,11,53,41,18,32,45,12,24,37,37,26,43,50,24,27
"gene_1430",3001,3196,3999,5270,3594,2646,5152,6194,4375,5353,4539,3042,4320,4664,3029,2912,4085,4004,4202,4685,2825,2456,3997,4235,4712,3637,3797,5597,3511,3358,5597,4818,4387,6023,2852,2124,3897,3313,3106,3022,5101,4368,3805,3536,6057,4626,4015,3441,5308,3620,3539,3930,4360,2396,4936,5764,6994,5167,4476,4785
"gene_1431",14,15,36,69,62,39,86,33,23,31,22,31,28,40,36,32,14,40,53,48,54,21,27,36,26,85,42,30,12,35,53,37,27,75,33,9,20,20,15,48,5,43,18,65,32,38,13,66,33,37,22,25,33,39,70,10,49,21,66,36
"gene_1432",269,80,348,326,216,180,345,230,173,299,242,175,185,263,152,101,304,231,130,142,304,125,164,234,279,224,161,148,131,235,408,584,274,329,177,158,164,378,349,139,551,250,167,491,463,248,263,166,411,290,204,369,213,149,305,301,504,204,349,254
"gene_1433",41,44,49,47,18,40,9,34,67,22,54,15,19,28,19,8,27,56,25,7,15,22,52,20,29,48,30,26,18,41,37,35,22,61,35,6,20,31,43,24,53,23,40,36,37,18,25,26,66,14,29,46,43,29,48,77,50,35,27,67
"gene_1434",86,47,60,48,69,69,50,124,55,71,35,46,101,61,32,68,81,70,66,51,69,48,76,101,101,56,73,69,75,61,86,68,58,52,86,52,58,81,17,62,57,92,81,151,61,78,76,55,94,69,95,92,86,71,91,75,81,61,34,101
"gene_1435",50,57,90,75,56,37,117,77,81,88,31,33,58,107,37,51,37,51,39,45,59,25,97,60,101,88,48,38,39,46,45,44,33,106,18,55,76,89,48,103,59,107,26,41,52,60,105,73,83,72,109,104,97,79,106,105,111,42,69,53
"gene_1436",19,15,14,16,12,28,23,21,47,82,15,18,37,53,31,15,16,15,13,12,11,22,5,25,48,42,32,11,19,55,3,33,28,16,11,12,44,43,22,18,27,14,36,31,9,44,17,28,60,40,30,31,45,23,16,20,71,27,44,35
"gene_1437",88,57,53,117,81,46,190,102,42,171,94,54,112,87,74,70,49,72,69,69,60,67,103,110,62,133,52,111,76,78,101,162,61,160,96,52,132,106,132,84,98,143,119,106,169,39,87,134,230,43,110,199,196,77,98,92,173,107,96,70
"gene_1438",164,72,182,139,149,61,184,192,148,304,141,84,170,122,86,104,200,182,118,114,78,48,167,157,275,84,95,80,108,138,87,120,86,180,88,74,170,142,142,163,232,163,141,254,108,125,67,91,145,63,182,153,149,203,132,137,238,165,139,106
"gene_1439",16,32,24,23,23,7,24,14,9,13,4,8,31,35,17,18,12,62,17,16,5,26,13,22,22,24,10,18,18,9,23,18,2,11,20,4,33,21,9,15,13,12,26,28,13,24,10,7,10,11,18,40,12,15,27,35,48,30,32,11
"gene_1440",127,33,99,99,71,36,111,213,64,179,85,103,105,68,63,66,59,80,82,59,88,60,70,63,100,53,70,99,109,98,107,73,106,91,67,69,86,37,43,90,94,49,66,45,70,73,67,37,80,25,137,92,89,70,62,65,80,62,75,84
"gene_1441",1427,1006,1672,1567,2340,649,3352,2396,2441,1574,1627,1350,3365,1961,1982,1391,1566,1396,1507,1261,1416,1925,3480,2080,2042,1519,1776,1870,1248,2017,1795,1377,1627,2157,1720,1273,1531,2680,1314,2421,2067,1748,1333,2624,2313,1408,1543,1848,2377,1090,1430,2147,2255,1877,1683,2825,3134,2181,1802,1876
"gene_1442",2,2,10,1,1,0,1,0,20,5,3,7,9,5,7,1,0,3,3,2,3,3,4,33,10,9,13,10,0,21,2,9,11,1,4,0,8,4,7,0,19,7,1,0,3,4,1,2,0,0,11,1,15,3,10,11,10,6,5,9
"gene_1443",13,17,37,40,45,41,70,40,39,67,34,25,29,65,62,28,28,44,6,36,27,21,37,39,42,39,20,34,31,26,37,53,54,33,49,36,26,72,12,69,53,38,17,38,59,31,35,25,24,47,41,51,67,32,45,84,179,28,48,65
"gene_1444",11,24,7,9,12,7,27,13,1,34,14,10,11,34,0,3,18,4,29,10,5,9,12,6,10,4,5,1,9,13,9,8,27,7,4,6,14,18,10,12,2,15,7,1,13,5,1,15,23,4,0,21,4,7,5,21,11,17,11,8
"gene_1445",11,8,35,54,26,43,23,31,32,36,29,24,39,58,15,5,5,27,13,37,12,34,21,63,21,53,38,48,16,12,30,74,56,17,30,19,19,18,21,33,19,47,33,39,26,21,30,47,16,27,27,53,54,48,19,45,78,25,46,15
"gene_1446",66,53,68,70,41,49,97,158,85,77,61,83,53,62,117,58,51,73,131,30,89,59,86,106,127,112,85,71,76,176,55,139,78,51,110,90,118,60,63,129,188,150,46,145,139,143,83,57,128,52,92,99,113,125,68,123,85,102,111,116
"gene_1447",6,6,13,2,2,5,13,18,12,1,7,3,7,6,3,3,0,8,17,0,4,9,3,13,2,5,3,6,2,16,12,6,1,4,3,1,0,11,5,0,0,1,4,7,2,1,1,7,5,1,1,2,5,3,0,5,3,0,0,0
"gene_1448",143,150,213,215,166,136,212,302,176,235,205,209,238,367,179,93,119,135,177,175,195,149,168,193,151,127,129,214,171,211,193,243,122,142,164,98,186,212,211,183,211,169,203,317,179,190,277,202,324,150,150,314,240,259,290,281,244,181,348,201
"gene_1449",32,34,76,43,27,36,39,32,73,23,57,24,78,25,55,9,28,23,59,14,45,20,62,29,37,74,13,35,69,41,43,50,40,79,41,7,39,28,29,60,96,41,11,60,25,18,20,54,25,21,25,35,51,20,33,20,42,46,60,40
"gene_1450",4,4,10,6,15,17,0,5,7,14,2,3,7,10,10,1,10,6,13,11,7,10,7,0,0,4,1,14,5,8,0,6,1,4,0,16,5,2,6,6,10,12,2,4,4,21,36,9,12,16,32,18,8,1,6,11,15,6,0,12
"gene_1451",12,4,5,3,3,6,11,0,13,9,15,3,1,17,10,5,22,12,6,0,10,7,2,16,15,8,10,30,5,3,0,13,19,12,6,1,17,15,2,24,26,16,4,7,22,6,11,18,14,7,24,9,5,12,6,23,14,4,36,10
"gene_1452",18,9,21,23,7,43,21,31,13,28,21,22,84,35,14,24,32,1,18,22,10,20,15,18,20,30,11,15,27,14,30,54,23,25,6,37,25,23,21,24,34,20,11,6,21,14,17,22,46,20,45,33,20,12,8,31,50,7,18,31
"gene_1453",68,28,38,60,51,89,66,78,62,41,93,86,120,64,45,34,58,92,38,75,44,52,83,55,64,25,37,44,32,63,67,84,56,77,37,50,42,131,44,79,56,47,49,80,62,58,45,47,122,40,76,61,40,139,93,36,251,41,89,101
"gene_1454",458,539,799,574,969,643,734,727,612,746,800,416,914,576,473,416,380,797,737,290,617,552,817,845,1107,501,529,459,484,543,419,438,750,605,739,335,486,623,668,883,900,506,251,568,632,554,608,750,1111,595,582,584,929,579,363,522,713,674,492,604
"gene_1455",398,328,666,574,530,327,575,508,461,477,426,334,691,381,322,200,626,502,365,552,550,370,676,445,718,344,377,386,297,409,464,496,597,631,216,408,508,672,472,415,475,600,484,599,372,539,255,471,637,504,396,664,402,477,618,473,1035,474,741,437
"gene_1456",30,24,9,29,9,15,8,15,17,2,22,10,28,20,31,11,11,11,14,24,25,23,9,31,42,35,54,24,24,12,10,19,11,19,3,2,6,18,27,16,18,7,10,32,19,8,20,14,16,4,16,36,20,12,12,19,56,14,5,20
"gene_1457",38,4,36,11,33,1,20,9,10,30,15,10,22,10,6,16,34,20,12,13,24,19,19,8,19,14,5,18,11,6,12,8,9,4,15,6,10,4,29,16,13,15,13,12,10,1,3,19,25,4,22,19,39,28,13,23,24,16,13,24
"gene_1458",45,23,50,60,46,17,42,40,30,72,57,21,45,34,46,25,41,45,52,78,26,30,68,37,52,65,35,100,30,92,19,54,75,49,17,23,27,53,58,22,16,79,17,33,62,29,49,36,59,56,12,54,36,33,50,74,54,31,31,43
"gene_1459",6,14,11,2,4,7,9,7,1,0,0,13,5,10,7,4,3,2,8,0,1,1,2,4,29,16,2,3,1,6,3,5,2,0,10,0,12,0,0,8,21,5,6,5,2,0,8,4,21,12,1,0,1,4,10,1,3,2,1,1
"gene_1460",12,15,60,41,45,60,34,21,41,40,51,21,55,45,50,37,13,37,27,51,12,32,29,46,25,23,19,29,13,33,103,67,55,76,60,52,102,69,29,78,49,79,27,59,110,81,79,27,33,53,76,80,150,59,61,107,109,66,60,73
"gene_1461",786,653,799,683,635,584,732,835,722,1388,644,735,741,827,1102,510,793,747,469,403,575,782,1019,576,835,905,469,717,515,712,676,813,910,733,477,601,905,436,579,648,937,507,392,961,470,613,773,570,649,485,924,603,883,547,830,618,1174,609,1169,988
"gene_1462",186,140,270,221,181,239,305,414,256,394,267,119,472,135,260,107,171,213,154,249,268,210,172,306,330,150,135,352,113,251,158,131,183,243,201,148,132,300,204,169,210,274,98,205,185,217,271,229,191,127,157,319,213,150,196,336,287,176,146,214
"gene_1463",157,154,210,258,159,213,212,330,259,202,319,145,321,374,387,97,166,373,373,224,262,221,306,528,471,162,209,506,175,375,378,459,418,317,309,161,256,327,332,286,314,452,137,385,367,182,233,331,374,220,246,544,307,273,272,425,738,267,235,282
"gene_1464",179,207,225,253,306,177,188,283,314,340,292,153,353,335,354,146,208,224,124,220,191,157,296,267,356,267,159,226,240,204,282,254,289,363,100,158,187,173,353,261,236,368,101,345,246,225,176,276,254,230,103,121,434,167,337,206,425,246,204,418
"gene_1465",5322,4072,8163,2832,4450,4795,4910,4488,5108,8892,4971,3436,7902,5123,3305,3576,2912,4636,3337,4498,3420,2988,4207,5911,6967,4077,3791,3591,2886,4177,4151,7623,5158,6130,4553,2977,5949,6262,3970,5525,6038,6206,3067,5991,4671,4669,4712,5925,6772,3188,6380,4997,4965,4074,4807,7401,10671,4121,7390,4800
"gene_1466",20,16,23,17,32,8,64,32,22,12,20,16,43,24,15,6,19,30,17,14,4,27,25,45,24,10,30,30,20,37,39,53,5,3,15,11,17,32,11,26,16,36,15,16,17,25,12,17,27,11,18,16,18,10,10,38,56,10,8,28
"gene_1467",122,43,67,43,25,19,23,54,43,39,29,46,22,47,18,20,47,48,12,8,36,15,29,55,39,24,12,16,6,20,43,29,37,45,23,1,12,21,30,14,90,16,7,19,49,39,38,26,49,37,43,36,39,50,47,27,63,25,27,14
"gene_1468",69,77,87,76,116,64,125,133,159,70,124,134,237,111,97,90,74,61,98,64,61,80,147,103,126,129,95,116,58,73,111,90,63,111,60,39,95,61,91,151,139,163,80,121,64,107,88,67,77,81,65,79,101,56,128,74,150,115,147,80
"gene_1469",112,144,338,347,420,184,378,283,268,274,217,206,326,174,340,143,113,209,145,192,198,95,152,159,313,286,241,300,169,162,441,330,224,142,181,78,374,307,191,216,348,364,198,398,180,152,343,130,171,166,179,269,273,142,296,166,322,233,268,265
"gene_1470",84,75,137,92,116,116,100,117,115,188,83,57,100,139,52,112,111,71,65,80,104,142,118,86,138,125,91,119,79,98,66,110,71,56,84,38,149,92,102,93,96,101,85,68,74,73,98,32,152,148,117,121,124,90,65,86,120,51,181,168
"gene_1471",121,200,187,88,133,237,141,119,165,86,201,176,185,213,172,135,70,234,100,171,153,139,235,171,169,229,236,168,103,135,147,130,190,251,124,133,173,228,176,282,150,310,111,211,224,159,190,156,279,111,159,371,283,125,255,194,215,147,87,180
"gene_1472",38,26,21,33,10,20,23,8,22,20,15,22,50,35,37,16,28,40,20,13,36,17,17,83,25,20,12,19,12,12,13,23,23,24,11,22,62,9,52,7,34,10,32,24,23,14,22,33,28,16,44,29,14,44,69,21,30,30,33,46
"gene_1473",5308,3875,5827,5388,5444,4082,6827,6171,7025,6169,4081,3326,6211,5079,2931,2140,5014,7582,4655,3626,2411,3079,7480,4887,6361,4683,4424,4934,3793,5097,4321,4522,3229,4715,3802,2790,3965,3692,5393,5311,4781,6856,2860,5126,3791,4288,2618,3602,5833,3263,4206,5720,6120,3968,5219,3304,10457,3484,6417,6569
"gene_1474",535,470,391,558,652,552,545,661,792,524,467,262,429,313,466,351,466,749,470,423,689,277,347,689,738,545,366,515,394,598,351,482,546,334,432,291,326,349,468,505,546,662,207,310,381,544,351,433,569,272,325,442,416,465,564,640,708,475,551,918
"gene_1475",366,288,239,629,265,374,352,452,226,295,295,441,509,370,401,255,510,268,299,345,356,262,420,332,487,323,261,368,338,270,534,382,284,223,440,178,442,448,479,371,377,454,277,377,499,265,412,257,464,280,345,358,411,368,482,417,482,469,509,428
"gene_1476",60,23,47,88,55,49,42,43,33,48,44,31,100,44,39,29,43,59,20,71,19,33,57,48,33,39,58,58,19,42,72,50,37,36,28,17,45,45,26,52,54,95,31,66,34,72,32,53,34,93,49,65,35,29,36,83,86,22,50,59
"gene_1477",259,177,384,322,309,422,392,402,415,443,529,478,245,258,447,233,379,357,247,342,502,356,417,169,507,461,254,375,320,282,456,583,403,354,421,402,443,607,541,494,445,831,230,506,398,421,422,306,497,491,340,619,361,627,437,708,713,311,663,422
"gene_1478",4928,2717,5850,3911,7983,3791,5759,5888,5110,6040,3049,3635,6035,3755,5096,3130,2776,9542,4828,5377,5827,3786,6427,4957,6544,7157,4605,3337,3789,5186,3690,3688,4566,5585,5227,2592,4603,7201,4358,6286,5051,6494,5048,3272,3984,3743,3351,4595,5044,3699,4553,4727,5985,4494,4230,5689,6608,3121,9154,3474
"gene_1479",13,4,1,2,9,0,4,13,6,0,0,4,3,7,0,15,1,5,3,0,9,1,2,7,4,6,1,1,1,17,1,0,1,0,3,2,4,7,2,4,8,6,5,2,1,5,4,1,1,1,8,14,4,6,0,0,3,3,1,8
"gene_1480",82,103,83,69,102,100,117,130,96,177,68,34,146,70,99,74,58,70,38,115,67,90,49,52,175,107,79,181,49,107,59,90,132,142,55,60,61,66,90,125,153,80,55,90,199,107,85,49,137,113,68,145,71,80,86,167,186,81,149,125
"gene_1481",33,36,54,56,33,31,34,97,69,50,45,31,47,49,66,30,45,47,24,23,47,32,121,84,83,35,61,50,77,71,103,92,28,29,46,19,48,26,91,41,36,82,77,67,62,54,30,57,66,34,71,50,112,11,37,30,48,40,54,80
"gene_1482",4,7,25,10,2,3,20,18,3,0,13,6,19,6,3,2,11,7,5,8,2,4,15,4,20,12,5,12,3,18,8,8,2,5,16,8,4,4,26,24,8,10,2,1,26,8,8,6,1,5,4,15,2,12,5,2,6,7,15,5
"gene_1483",112,60,87,45,66,73,149,118,74,96,77,74,93,86,116,65,82,111,53,63,103,45,90,137,100,51,73,53,66,194,88,66,190,109,65,82,97,165,117,168,71,94,80,102,169,76,95,132,117,110,70,79,71,97,118,75,238,165,181,95
"gene_1484",84,21,56,54,94,68,75,139,83,55,57,52,122,73,78,45,81,109,50,57,72,92,69,82,138,74,73,46,43,37,26,72,72,97,69,52,50,108,80,38,85,73,62,77,57,46,24,37,67,33,86,38,78,85,52,64,178,53,70,91
"gene_1485",35,28,50,44,36,62,32,32,23,31,100,23,56,56,15,36,24,30,26,31,28,39,57,19,9,33,12,20,61,12,36,28,44,39,19,12,32,55,25,67,53,52,16,30,49,84,44,28,54,65,37,41,38,14,74,54,73,42,30,30
"gene_1486",16,31,51,27,115,39,192,95,73,63,56,64,125,86,66,82,53,78,76,24,79,51,60,69,99,20,40,36,42,71,52,60,75,69,59,43,47,92,100,15,24,81,55,112,65,128,45,81,51,48,37,63,51,73,52,58,76,85,82,72
"gene_1487",9,0,14,1,1,8,7,2,3,1,0,0,1,0,2,10,8,4,13,3,15,3,1,13,3,1,1,5,1,5,10,7,7,2,5,0,6,0,4,2,4,4,5,0,2,9,1,1,2,0,7,10,0,0,10,7,1,7,2,9
"gene_1488",1259,1496,1989,1933,1424,1314,1061,1595,1634,1770,1293,1118,1831,1222,1055,1071,1512,1756,1275,1141,1468,705,1017,2010,1718,1281,761,1432,1047,1041,1301,1055,1439,1274,1156,787,1383,1080,1436,1820,1732,1819,1050,2047,1626,1213,937,885,1869,1527,1453,2448,1188,1268,2121,1589,1525,1132,1575,1641
"gene_1489",46,38,45,35,50,45,60,82,52,47,29,22,58,25,31,28,29,89,26,11,26,38,33,29,75,35,33,47,57,100,95,76,39,82,25,19,69,135,49,109,28,74,84,89,90,69,56,73,88,24,54,61,36,51,59,54,117,45,37,70
"gene_1490",491,270,275,519,373,156,313,375,265,416,237,269,450,330,311,228,327,297,353,344,212,370,309,419,385,290,318,365,276,331,234,428,350,291,304,253,252,338,354,311,356,408,177,306,342,325,313,280,496,290,450,270,617,243,542,267,714,341,473,497
"gene_1491",192,146,234,184,180,179,192,266,271,258,123,161,225,139,234,167,73,245,206,167,184,124,165,181,248,128,176,156,162,201,112,152,138,100,88,44,90,127,60,152,73,191,57,157,138,128,123,58,86,54,71,73,132,112,163,128,190,67,100,64
"gene_1492",191,74,202,166,258,126,178,92,135,87,116,194,195,157,165,93,99,168,155,115,190,120,149,207,175,132,194,144,125,149,112,129,56,132,132,148,172,230,133,181,139,134,69,103,196,91,162,83,68,64,130,231,221,122,151,186,338,129,217,153
"gene_1493",1928,2385,2986,3215,3395,2043,2461,3274,2213,3122,3071,2392,3921,2673,3441,1663,1916,2502,3210,1819,2065,2325,2768,2443,4386,2189,2258,2774,1730,2771,14614,11203,13451,8273,7932,7510,10272,12632,10195,8741,12984,12163,8704,12531,16947,8174,8730,4671,10767,5831,16123,18105,13296,10436,15022,8984,24025,11776,14361,11187
"gene_1494",74,54,48,63,25,6,9,48,74,43,35,31,32,31,71,29,30,37,11,33,15,50,31,77,69,18,22,25,15,26,27,29,39,43,22,16,25,59,58,39,38,31,32,76,15,24,32,44,40,17,55,46,57,60,55,23,91,28,27,36
"gene_1495",87,46,72,48,53,37,92,78,99,85,60,40,128,58,58,46,78,69,76,49,18,35,59,48,63,64,76,29,31,90,73,122,22,66,74,39,76,64,60,36,100,79,38,77,62,55,89,48,66,81,58,113,103,84,90,53,104,48,133,89
"gene_1496",2614,3032,4207,2771,3424,2894,4007,4103,4564,3429,2251,1998,4554,4205,2989,2204,3067,2914,2702,2049,4529,3053,2487,2672,2897,2917,4508,4558,1952,3937,3956,3658,3362,3926,2292,2118,2307,3866,2568,3291,4494,3397,2251,3667,3018,4138,2008,2323,5042,2025,4364,4640,4290,3338,2777,3447,6194,3109,3161,2388
"gene_1497",261,207,472,404,453,535,510,389,519,749,457,316,425,378,308,192,359,354,315,203,311,384,362,467,273,480,544,388,436,396,278,430,442,349,163,216,437,550,422,466,545,471,455,530,360,541,439,387,453,377,443,633,435,555,432,647,799,508,536,472
"gene_1498",79,41,155,43,122,47,101,127,86,43,113,114,49,72,94,57,111,107,88,105,130,57,74,78,81,81,100,65,79,80,337,695,485,441,157,203,406,281,202,305,445,378,165,458,272,189,222,306,406,249,390,492,524,243,548,293,480,577,361,420
"gene_1499",28,47,58,64,89,16,53,16,38,25,51,18,62,87,45,29,33,19,9,34,89,30,32,37,36,17,30,42,52,65,10,18,28,20,12,4,27,12,13,48,53,22,18,11,23,9,21,19,30,8,43,13,24,19,33,20,36,35,29,16
"gene_1500",1714,1991,1627,2475,1496,1783,3012,2678,1916,3370,2477,1719,3485,2010,1752,1006,2087,3440,2663,1537,1475,1258,3170,3825,2107,2165,1235,2340,1773,1852,2369,2172,1781,2853,1391,1569,3012,3212,1311,2706,2312,1634,2343,2045,2262,1736,2113,2117,3120,1504,2236,2062,3740,3841,2707,2020,4521,2506,2062,3226
"gene_1501",340,144,197,257,320,353,417,248,142,237,212,106,247,228,287,157,157,154,224,158,198,148,282,215,256,161,179,149,154,274,417,421,589,722,476,302,421,654,389,255,437,457,275,514,379,512,333,780,840,301,352,509,484,334,575,468,893,292,581,432
"gene_1502",4060,3766,5805,5378,3534,4789,5474,8545,5518,6014,4896,2761,6369,4711,2856,2317,4215,6312,3207,6056,3393,4274,4989,6039,5406,6572,4228,5916,4120,6009,3663,3902,4082,3146,5271,2664,1704,4164,4761,3245,4540,4880,2130,3701,6128,3680,3669,4639,3041,3354,3761,5398,6565,3707,4015,2796,5012,2572,3289,3937
"gene_1503",753,326,842,978,905,406,704,736,781,685,437,519,723,619,813,361,626,820,415,427,322,541,610,648,786,292,256,627,396,665,437,804,1089,818,639,447,1019,365,612,798,1061,833,505,1058,616,515,686,874,637,482,483,840,1253,581,741,877,1173,735,813,1024
"gene_1504",275,313,494,338,248,195,385,394,363,243,179,217,309,186,445,195,301,341,262,126,213,337,174,483,289,248,231,218,329,408,360,560,537,447,302,333,431,347,456,527,436,324,351,271,393,342,221,396,389,270,403,303,298,293,394,577,482,383,299,484
"gene_1505",90,35,44,49,48,4,68,46,33,41,68,34,22,41,49,25,12,39,35,10,20,13,50,128,39,15,26,37,22,47,46,65,24,32,32,29,31,32,59,26,56,98,31,36,36,61,45,42,68,13,30,39,47,26,43,71,89,28,53,68
"gene_1506",111,89,134,235,113,148,103,118,216,221,176,125,207,102,123,111,139,160,71,88,157,112,208,227,162,128,102,135,79,184,30,47,20,84,28,21,42,58,31,34,20,34,22,30,49,38,35,43,57,44,51,47,43,55,22,28,33,33,35,54
"gene_1507",746,701,971,925,518,463,553,1178,840,1027,883,543,1428,573,759,471,905,704,690,847,729,822,993,1114,679,1096,755,570,619,1009,588,1029,745,718,672,464,770,457,638,729,639,1256,493,680,872,617,554,419,530,728,331,825,865,691,781,814,1262,881,1013,668
"gene_1508",430,375,287,204,289,250,357,302,423,600,307,221,375,408,230,257,453,327,318,415,327,192,496,392,564,307,268,246,145,371,576,409,447,406,517,251,605,421,621,720,435,733,319,848,532,352,455,501,811,234,488,512,730,319,681,427,762,339,563,543
"gene_1509",53,26,71,22,57,68,43,63,13,40,59,15,48,30,93,30,29,20,24,34,18,44,49,66,65,15,20,33,40,32,67,52,19,46,83,44,79,81,42,81,97,33,44,58,126,56,60,62,91,51,53,30,78,51,57,36,128,27,15,61
"gene_1510",4330,3521,3683,5412,3127,3655,3547,7203,4060,4053,4565,3027,4991,3944,3168,3393,2904,6378,2651,3500,3829,3264,3289,4447,4337,3401,2662,3807,2943,4474,4608,3790,4525,3303,3770,2063,3695,4765,2203,2954,4609,3460,2876,5162,2828,3130,4597,3497,5827,1877,5014,3221,5419,4088,4140,2990,5771,3747,5773,4018
"gene_1511",368,151,329,249,169,276,311,339,252,488,308,204,475,314,338,130,263,287,195,250,256,275,250,223,395,193,170,286,295,219,225,334,373,287,231,184,307,352,357,290,250,483,130,307,354,242,275,263,331,269,308,288,445,220,316,327,375,254,477,430
"gene_1512",151,128,99,116,87,76,155,202,136,104,122,139,148,152,186,60,115,70,48,141,78,124,174,221,264,144,93,105,80,250,164,162,128,229,149,62,106,191,73,139,168,213,104,195,149,158,129,137,246,60,109,162,198,174,159,158,256,131,132,156
"gene_1513",4,1,3,8,2,7,2,4,1,24,12,5,13,3,0,1,1,2,4,14,5,12,1,5,8,2,12,4,0,6,5,2,1,9,1,4,4,6,2,1,6,7,0,3,2,15,2,1,24,4,2,8,2,4,3,5,11,2,1,5
"gene_1514",51,4,43,18,3,32,20,68,2,11,19,24,38,28,11,13,56,33,20,25,37,13,32,12,19,13,11,54,22,20,30,93,25,46,37,15,27,33,27,15,11,39,26,31,18,16,17,18,44,27,8,49,38,24,4,8,14,2,12,19
"gene_1515",108,89,160,173,112,88,156,99,164,187,126,78,114,123,110,119,120,109,172,88,43,101,156,130,123,226,99,149,116,188,54,112,135,215,149,83,107,86,103,124,110,153,58,135,105,125,122,131,201,141,119,185,226,132,198,92,230,136,237,162
"gene_1516",3591,3396,3747,7402,3660,3721,4147,4046,3447,2830,4129,1870,5558,4549,4184,3011,4209,3552,3511,5258,4199,3758,5039,4267,4177,3406,5239,4262,1890,4828,3464,5458,5069,6621,3863,3494,5336,5793,4031,5432,7119,6338,4978,8045,6174,5350,5794,6685,6999,4617,5528,7331,7304,4118,7274,5878,6308,4713,6015,7275
"gene_1517",45,49,31,37,55,48,24,86,29,14,56,22,25,20,14,26,58,27,18,27,37,38,31,43,58,33,11,31,34,46,82,84,56,28,31,20,41,24,35,46,66,33,15,36,44,41,14,61,17,15,24,36,51,18,54,33,56,42,39,36
"gene_1518",6,10,24,7,4,8,4,21,17,2,13,6,11,10,15,8,1,7,4,14,5,13,32,13,11,4,31,26,8,11,19,31,6,58,22,2,18,30,18,46,2,8,15,17,25,10,10,10,6,14,29,17,26,10,19,13,49,18,33,31
"gene_1519",236,298,211,230,165,188,295,256,376,360,191,93,285,171,185,83,184,231,137,237,144,220,281,202,357,228,211,228,170,150,176,151,221,248,122,156,145,140,130,161,243,289,229,219,235,166,147,165,157,134,211,159,101,160,105,356,326,261,248,174
"gene_1520",482,561,444,321,571,602,635,544,667,909,494,364,713,777,356,327,352,470,353,659,448,392,642,818,550,539,514,783,442,610,547,1052,645,889,547,427,581,1069,653,912,926,1208,418,726,670,464,897,1130,500,378,847,674,960,775,769,1016,988,988,580,692
"gene_1521",10,1,3,34,18,6,18,26,4,26,2,9,9,8,9,3,11,20,19,20,8,10,34,11,18,25,23,11,2,17,21,2,11,2,9,10,11,10,8,14,15,6,19,12,29,11,8,6,26,9,8,6,12,5,22,9,10,22,6,20
"gene_1522",3,2,3,2,6,1,3,2,15,21,2,6,3,4,4,8,1,0,17,17,4,13,0,14,2,4,6,18,2,20,3,13,21,8,6,9,7,13,4,0,1,2,7,31,16,14,12,8,4,13,14,1,16,5,11,10,20,8,5,2
"gene_1523",29,13,36,44,49,68,46,48,59,91,29,42,55,17,28,28,12,41,34,37,25,40,31,38,46,38,28,23,20,36,44,62,36,56,43,22,27,33,48,36,45,62,18,32,43,76,27,16,34,16,19,32,56,14,61,46,26,31,31,46
"gene_1524",27,25,53,85,50,37,51,43,60,26,66,31,23,60,43,12,40,69,38,37,45,39,51,46,70,37,19,50,47,43,49,47,97,50,78,23,74,70,18,81,76,48,25,55,43,34,60,63,73,32,32,44,18,40,32,35,76,14,84,35
"gene_1525",2052,1952,2156,2695,2080,2179,2104,3138,2950,2092,1968,1675,3457,2734,2999,1145,2619,2131,1828,2269,1744,2179,2143,2724,1855,2082,1925,1878,1498,2940,2872,2791,3388,2951,3884,2150,3513,2990,2531,3901,4265,2807,2978,2526,2729,1852,2752,2797,2687,2778,1973,2384,2889,2060,2609,5471,4514,3075,3001,3045
"gene_1526",107,45,64,71,57,21,34,77,68,55,47,37,56,58,85,23,41,48,45,59,61,56,107,99,40,42,75,59,44,48,91,32,74,19,41,30,32,43,74,62,53,97,30,78,50,46,52,45,50,55,42,95,70,44,76,45,57,102,62,33
"gene_1527",219,100,278,250,245,132,220,290,269,386,138,116,395,199,207,223,181,287,221,234,187,145,346,230,323,238,263,235,180,164,232,168,174,211,157,113,138,142,158,198,153,359,147,208,183,174,134,80,292,181,221,195,98,120,165,203,273,172,280,202
"gene_1528",5442,3946,3554,4001,3344,6450,3804,5888,4889,5070,3966,3971,6032,4788,7392,3598,3109,5231,3104,3020,4393,4030,3949,5025,5640,4554,5161,4684,5974,4223,4906,5889,5049,8190,2793,3483,7241,7980,3920,4661,5318,3953,3620,3515,5469,3762,6110,3265,5547,3818,5211,4092,7566,8152,5245,6054,7339,5096,6634,7067
"gene_1529",1,1,4,39,16,3,11,3,0,17,14,2,5,10,0,0,2,0,5,0,4,2,3,5,4,16,2,45,1,5,7,2,7,0,0,7,0,2,9,3,3,4,2,9,20,0,2,0,6,10,0,2,6,0,15,10,11,3,0,2
"gene_1530",44,11,40,23,64,22,22,44,26,48,18,11,34,22,26,11,21,53,24,25,52,47,28,37,37,41,31,40,27,71,40,76,37,17,12,22,32,19,54,22,41,39,15,39,29,33,45,9,54,8,29,24,28,29,40,20,71,43,19,40
"gene_1531",131,138,43,131,100,106,58,83,110,209,69,106,198,102,140,45,178,214,69,78,146,53,147,103,122,133,113,121,62,81,113,169,152,62,90,31,141,153,180,84,108,154,111,155,106,40,88,141,152,121,95,124,144,85,126,199,102,144,73,107
"gene_1532",495,421,575,578,438,350,669,610,585,510,701,370,681,652,529,458,433,780,425,767,652,389,532,1108,558,906,553,679,493,864,475,645,566,632,831,384,451,447,636,405,452,549,260,497,648,306,548,321,749,322,546,813,606,510,388,569,598,713,711,543
"gene_1533",142,66,100,195,142,87,161,208,84,226,98,32,327,104,172,27,164,88,115,150,99,38,203,134,204,77,73,134,145,77,153,242,157,130,70,59,177,123,120,130,192,183,120,210,71,93,103,140,182,115,92,189,279,149,197,195,213,183,134,249
"gene_1534",258,257,434,428,366,321,252,521,386,404,234,185,307,254,287,246,193,350,247,269,252,194,274,340,439,454,304,396,154,214,276,271,125,207,261,84,180,430,188,253,267,301,74,173,158,76,134,263,363,184,301,215,187,57,257,240,341,252,170,271
"gene_1535",32,19,37,85,49,22,44,52,68,16,24,32,59,33,43,16,37,31,37,36,38,16,34,62,38,13,42,33,22,49,30,17,15,30,26,26,13,33,26,41,30,100,17,54,38,17,35,37,23,36,56,45,25,50,11,42,37,32,22,42
"gene_1536",300,259,280,330,322,253,247,494,277,178,316,165,402,319,287,158,212,309,207,342,173,219,332,444,254,217,265,194,258,258,282,358,137,257,241,124,240,185,164,375,288,308,161,421,292,213,201,229,270,123,230,250,141,401,253,420,426,350,206,361
"gene_1537",693,633,922,717,596,878,957,797,780,1202,933,760,1670,809,832,591,587,1179,527,535,667,730,927,1275,876,967,601,686,650,738,1638,941,943,1514,1251,611,1166,1318,1140,804,1563,1351,1346,1521,1140,822,1000,955,671,726,1148,2006,1221,1141,1790,1601,1480,1303,1293,1670
"gene_1538",87,74,270,88,229,167,108,223,256,94,117,93,107,170,172,54,107,244,156,152,112,125,152,309,144,135,112,134,128,180,256,190,298,257,153,135,214,152,215,213,166,253,113,181,170,161,216,136,420,137,167,219,188,144,183,161,302,154,273,147
"gene_1539",106,151,169,171,192,77,173,298,261,332,208,144,328,182,170,113,114,195,183,139,155,257,169,266,151,197,208,151,112,109,179,193,217,217,176,83,199,239,160,195,213,201,132,288,128,95,270,203,338,117,255,249,276,202,154,190,145,171,274,155
"gene_1540",1117,628,1380,1212,898,1470,1588,2041,1123,1122,1013,1145,1599,1204,1006,818,852,1112,728,1630,965,737,960,1199,1038,953,1161,875,930,1719,5687,5595,4884,3179,4109,3482,4368,6722,3926,4252,8055,3677,3046,6206,5388,5455,3565,3359,5150,3220,4340,4566,4381,5043,3446,4002,7783,3307,6167,4218
"gene_1541",356,327,254,354,372,398,308,575,446,623,514,267,763,244,258,231,736,623,289,359,486,432,506,559,396,492,186,395,213,330,153,172,222,194,276,149,146,231,241,155,162,244,88,239,260,211,268,164,283,145,185,216,243,124,216,267,317,246,261,218
"gene_1542",127,24,51,67,79,59,73,94,88,54,85,41,86,81,64,57,71,62,67,48,52,63,40,132,119,88,51,98,34,98,135,139,141,162,79,41,102,108,123,49,203,188,65,104,123,69,92,152,104,74,82,173,72,127,64,65,159,75,107,109
"gene_1543",725,654,586,771,612,640,819,822,552,758,815,264,764,340,868,444,1049,931,484,653,898,520,759,1242,903,1022,590,515,685,722,1130,980,1068,630,728,594,408,799,1008,806,927,1200,583,1274,820,915,695,720,890,943,1041,1059,535,960,770,862,887,684,1219,1215
"gene_1544",2088,1813,1326,2108,1200,1498,1794,1730,2497,1923,2338,956,2712,1814,1488,1142,1392,1429,2143,1148,1564,1215,1203,2155,2251,1736,1040,1829,835,1557,1875,1494,1198,800,1659,907,1467,1685,1368,970,2196,1462,1152,1681,1199,1212,1817,1537,1199,1054,1344,1073,1326,938,2036,2076,2614,1542,1573,1517
"gene_1545",41,30,29,81,39,88,96,88,86,19,56,32,42,27,24,40,42,82,44,48,49,59,73,108,51,68,60,89,27,244,66,91,44,54,55,43,42,79,54,114,102,76,54,70,86,53,60,48,45,59,90,45,62,54,57,99,59,34,44,123
"gene_1546",21,24,45,21,10,23,26,51,8,27,21,27,32,25,28,11,5,29,13,10,16,15,47,29,27,4,17,30,38,14,29,14,18,12,28,16,14,38,8,22,27,26,11,21,19,17,20,25,33,32,26,24,31,35,40,55,34,21,34,17
"gene_1547",48,47,52,80,37,47,115,95,51,108,55,73,32,106,130,33,24,59,20,28,60,50,54,56,59,146,41,46,78,73,59,80,93,38,51,58,44,82,76,80,96,107,37,69,63,43,41,65,92,39,116,58,106,71,77,100,98,121,140,98
"gene_1548",36,9,18,19,35,48,22,39,25,51,48,25,7,23,18,26,24,36,46,12,22,28,71,60,27,24,57,47,18,24,45,14,14,12,16,35,50,32,29,36,30,44,9,25,19,50,18,23,30,15,34,54,12,16,8,33,26,22,49,23
"gene_1549",198,163,147,213,137,242,296,211,291,378,200,176,312,139,78,143,292,333,149,217,229,148,421,334,470,306,67,262,70,229,250,263,286,273,196,103,242,205,248,345,301,337,113,363,163,164,324,230,380,138,229,329,345,141,288,142,235,249,245,342
"gene_1550",68,31,34,31,41,42,34,53,55,70,98,61,85,63,63,25,36,107,52,53,48,38,81,95,109,75,57,59,94,58,35,50,65,69,57,69,57,41,78,44,53,53,53,50,61,27,39,86,59,39,67,51,45,38,38,51,78,31,61,66
"gene_1551",45,16,46,33,33,51,34,40,10,38,34,26,30,33,27,12,27,27,29,39,30,19,24,37,46,29,33,22,35,25,34,25,17,28,10,14,20,58,22,34,30,43,20,31,59,6,46,30,34,34,13,55,22,19,19,45,46,15,59,29
"gene_1552",6,15,11,6,10,2,7,34,22,70,1,5,23,16,14,13,7,11,6,3,11,3,4,11,48,40,8,5,13,24,12,20,21,2,5,21,16,12,20,6,11,24,19,20,4,14,35,6,11,24,4,7,12,22,21,11,62,3,9,12
"gene_1553",5,3,5,5,0,3,1,5,16,13,5,6,12,2,0,1,3,9,2,0,3,0,2,1,2,2,0,8,1,10,1,9,0,0,2,2,3,0,1,15,2,10,8,11,1,3,3,2,1,7,3,9,2,0,8,0,0,13,4,5
"gene_1554",1191,882,1290,1530,1055,915,1722,1457,2407,1656,1734,1133,1033,1468,1114,787,1079,1113,846,1203,975,849,1059,1416,1718,949,1447,1193,655,1457,1380,1472,1435,1437,1787,795,1142,1107,1244,1599,1278,2339,901,1641,1261,1036,1306,1278,1642,594,841,1317,1403,1276,774,1323,2308,1148,1175,1944
"gene_1555",527,375,689,644,303,324,455,514,453,377,496,292,438,333,471,198,431,534,374,320,464,359,816,580,650,674,349,432,412,459,406,284,259,304,435,302,385,570,463,415,466,406,446,371,441,317,273,466,406,319,382,557,290,534,608,424,564,557,515,478
"gene_1556",505,518,401,590,722,618,547,633,441,515,517,345,481,605,300,436,457,464,507,525,438,403,431,509,612,736,284,219,355,503,585,1097,579,1183,689,381,686,665,721,468,531,488,542,742,1174,751,575,426,694,490,612,508,625,466,666,688,934,497,910,849
"gene_1557",63,72,54,76,94,56,97,77,99,108,67,51,164,89,92,55,69,93,118,72,46,51,108,67,78,108,25,35,76,89,147,67,83,51,54,32,25,60,57,75,53,119,46,63,76,86,81,102,111,25,36,50,85,27,33,66,86,34,133,59
"gene_1558",7,12,29,42,24,36,3,16,13,3,11,6,6,26,16,0,7,8,5,24,7,9,4,49,12,9,15,8,6,25,10,14,11,8,6,2,16,10,8,6,5,29,6,11,5,9,6,4,9,2,7,11,8,7,17,16,9,3,8,4
"gene_1559",90,46,121,87,140,142,89,121,120,185,77,102,133,40,120,100,67,57,60,100,84,54,104,132,183,48,67,45,85,88,77,56,35,42,45,28,57,50,46,53,37,126,16,71,42,39,30,30,69,33,26,67,63,31,56,95,65,28,48,51
"gene_1560",783,606,1104,1396,1043,501,1384,1485,1015,976,1319,875,2086,1043,838,555,773,918,555,993,795,578,1191,1020,1369,878,860,1184,795,1398,1074,1498,1207,885,919,845,927,1080,681,1172,1537,1135,485,838,786,1077,1039,827,1443,453,619,1553,881,846,1585,1118,1971,949,1272,1422
"gene_1561",30,32,53,69,66,27,60,29,26,32,42,19,66,40,41,36,53,56,58,61,44,10,40,56,83,59,25,41,57,70,39,34,31,76,61,32,44,57,29,14,77,61,24,70,22,52,23,60,34,12,73,93,51,39,33,44,129,36,60,51
"gene_1562",395,409,441,700,389,394,805,682,790,544,452,452,786,406,393,355,363,536,338,503,528,226,534,591,702,455,427,364,482,660,349,630,430,402,873,349,347,814,368,767,563,656,265,401,754,532,413,610,446,402,415,483,563,318,413,456,784,590,562,658
"gene_1563",345,387,294,205,473,363,419,390,370,764,521,310,610,609,375,312,338,270,410,241,278,232,407,581,384,359,274,383,410,503,463,482,373,415,438,331,354,390,422,440,535,612,226,370,414,229,441,421,547,281,518,479,460,404,576,424,507,469,361,693
"gene_1564",681,595,557,749,776,724,581,852,742,861,685,465,953,453,902,343,704,792,534,647,624,361,753,521,836,662,565,938,675,995,908,1271,557,844,583,495,531,1119,634,604,927,698,843,817,685,661,570,675,637,832,672,891,853,897,880,1124,740,579,992,827
"gene_1565",308,354,446,565,449,370,430,400,489,363,466,456,397,476,461,169,406,387,238,347,345,344,246,410,358,306,402,429,362,373,895,567,344,556,466,308,515,365,570,675,929,772,421,551,472,355,454,460,815,348,600,611,654,419,450,480,770,432,434,408
"gene_1566",184,124,309,94,125,133,182,192,236,290,245,93,188,250,223,171,101,192,143,114,125,121,254,199,151,210,105,161,71,120,172,258,195,198,186,53,192,236,129,257,408,224,142,142,294,108,214,259,400,254,115,330,197,272,235,169,242,333,265,209
"gene_1567",175,79,164,212,127,158,296,175,160,188,205,162,275,238,196,149,133,155,124,194,177,174,193,242,165,208,249,197,116,187,186,180,170,147,231,80,184,211,300,206,106,245,143,167,284,192,260,172,211,153,237,143,256,175,161,179,358,184,229,299
"gene_1568",2090,1156,2686,1649,1798,1243,1446,3113,3324,2969,1879,1175,2223,2446,1738,815,1663,1103,2258,2810,2447,1341,1978,1959,2325,1827,1351,1809,1692,2432,2071,3260,1807,2354,2838,1867,1979,2818,2284,1777,2177,3105,1840,1658,3936,2466,2155,2244,3755,2622,2872,3905,1763,1606,3779,2959,3456,1946,2984,3038
"gene_1569",603,689,856,540,1237,519,574,739,760,728,861,332,397,588,614,242,581,785,353,756,684,387,751,886,401,764,969,602,414,717,823,706,548,701,391,482,497,561,581,840,534,609,339,634,719,355,511,590,1158,475,600,1083,963,689,906,749,1252,1162,1015,705
"gene_1570",42,14,78,60,61,93,52,82,126,56,44,25,70,42,46,29,34,48,49,33,54,47,66,42,90,33,44,34,51,55,36,51,40,28,23,12,50,44,56,49,60,43,28,39,46,18,30,35,42,15,40,21,69,37,72,40,69,42,71,59
"gene_1571",37,12,19,31,19,13,52,34,13,29,16,8,30,32,27,9,4,50,6,28,24,2,17,22,26,18,7,17,20,22,32,20,32,12,7,15,13,79,15,19,23,20,6,29,22,19,14,4,22,5,6,9,2,26,22,11,13,18,10,19
"gene_1572",255,155,340,199,260,288,290,287,260,208,332,214,359,269,229,164,173,312,299,343,306,124,362,285,330,247,247,205,203,398,351,290,292,386,185,219,160,410,214,380,271,241,144,267,314,173,375,350,501,152,259,346,407,191,218,341,351,265,379,355
"gene_1573",1591,1174,1379,1477,1125,986,1385,1515,1083,1540,1420,1135,2193,1272,1017,776,942,1878,1158,1543,1168,823,1299,1807,1565,1513,1342,1294,1235,1544,1832,1885,1681,1348,1633,790,1759,1439,962,1306,2041,2577,1551,1851,1354,1155,1618,1453,1864,1406,1441,1889,1619,1167,1690,1531,2014,836,1111,2160
"gene_1574",104,121,205,146,137,132,152,258,109,143,139,69,319,149,89,92,80,181,71,137,157,170,152,261,218,124,104,125,95,164,160,136,101,177,197,93,230,173,169,192,230,128,156,118,119,145,118,197,260,189,247,242,124,165,306,134,263,128,171,171
"gene_1575",1064,468,690,871,618,739,1219,881,973,656,566,646,821,988,545,507,975,1103,1016,466,1521,850,1002,995,540,783,884,648,761,773,759,891,940,913,797,507,702,1184,604,953,1068,756,512,901,1032,888,689,859,1060,518,771,795,1295,948,869,688,1012,659,1057,1132
"gene_1576",693,338,922,828,826,716,548,1036,678,661,1322,437,1061,899,778,449,270,615,911,822,824,842,642,1201,668,781,589,1007,796,812,463,1031,778,799,459,546,955,1082,837,732,735,733,497,786,833,547,577,1021,1061,673,1131,856,1084,784,916,779,867,564,818,766
"gene_1577",155,167,149,151,246,121,197,176,197,266,171,100,226,141,253,197,93,230,185,150,148,128,212,166,296,198,160,217,140,193,161,105,168,208,199,78,221,328,80,452,265,225,225,181,316,146,166,146,233,159,134,161,59,149,159,252,286,111,306,292
"gene_1578",56,38,40,32,26,10,19,46,38,51,18,20,20,72,27,20,47,75,19,34,22,29,29,94,19,20,30,27,14,55,60,26,16,54,44,8,13,30,21,22,96,17,31,19,30,31,16,25,46,10,20,60,23,51,35,14,60,16,47,56
"gene_1579",17,4,8,6,2,10,17,7,11,6,28,2,10,18,8,11,1,17,15,5,14,1,3,11,5,12,19,9,9,24,8,5,27,5,1,9,16,0,0,1,11,0,4,10,10,10,4,13,5,4,4,4,17,0,10,4,17,4,20,8
"gene_1580",2199,1128,2236,3610,2812,2707,2213,3019,2439,2260,2278,2100,2046,1926,2359,2446,1409,1859,2246,2150,1571,1259,3954,2981,2856,1598,1472,2103,2040,2700,1613,1727,1768,2670,2698,1618,1448,1875,1974,1413,3264,2563,1419,2855,2758,1883,1827,1485,3812,1534,2676,3398,2905,2507,3401,2207,3811,1985,1817,3452
"gene_1581",45,68,65,52,98,92,78,85,100,67,107,104,86,118,76,39,62,74,71,43,70,54,69,87,65,80,81,87,68,98,105,95,139,82,118,44,79,93,64,133,186,87,40,122,124,100,129,112,123,69,92,92,85,63,104,64,121,110,104,100
"gene_1582",271,325,360,369,349,251,293,629,153,398,309,323,501,275,357,199,215,446,397,194,399,164,422,335,575,543,304,208,241,287,307,333,368,490,452,322,360,319,222,270,532,320,235,245,373,369,222,454,333,296,236,355,528,323,272,355,674,324,239,494
"gene_1583",0,0,0,7,7,3,2,3,2,2,15,2,11,1,5,1,13,9,3,6,0,1,27,17,4,2,4,9,8,3,24,19,10,22,7,2,3,2,13,11,7,6,1,1,1,6,2,9,4,4,12,9,8,4,14,3,12,13,7,13
"gene_1584",9,12,16,27,2,10,7,15,28,5,5,17,8,50,10,8,30,23,11,22,4,10,17,6,18,15,28,5,1,6,15,20,24,3,17,17,9,12,10,35,21,6,2,9,10,12,10,6,35,10,6,33,10,9,4,18,53,20,14,25
"gene_1585",2,10,8,15,10,11,15,24,2,2,0,28,4,7,14,6,4,9,20,20,6,7,6,9,7,12,1,2,6,13,12,3,6,11,12,8,9,26,7,7,16,7,8,33,2,15,3,13,16,3,21,8,8,12,8,12,37,3,14,45
"gene_1586",228,122,227,141,116,208,143,242,243,224,151,124,148,133,273,94,163,243,131,141,88,148,278,250,183,210,164,116,197,254,187,182,189,72,195,127,122,109,107,228,312,320,96,200,184,165,131,115,140,114,129,246,149,214,204,297,192,73,256,219
"gene_1587",174,363,477,394,393,548,452,718,443,622,299,399,436,492,297,229,254,298,421,413,438,322,381,384,483,461,452,337,302,572,446,356,372,461,252,308,494,317,419,445,235,665,225,285,432,475,366,331,657,256,437,430,388,421,524,442,657,411,409,385
"gene_1588",29,23,23,38,18,45,41,34,93,24,35,72,28,29,65,54,70,25,17,23,21,16,40,31,18,47,48,31,25,27,32,51,27,30,13,25,19,45,17,24,24,47,22,35,21,14,35,29,44,22,32,72,33,23,21,34,50,29,48,58
"gene_1589",16,4,1,5,3,2,2,3,4,1,1,2,5,2,3,0,2,3,7,8,0,2,6,12,8,13,0,6,2,4,1,4,12,22,0,2,0,3,0,5,8,0,14,1,20,5,1,0,0,1,0,2,2,0,0,3,6,4,2,9
"gene_1590",4315,5793,3122,5462,6225,3071,3816,4283,2383,5884,4045,5473,6825,4566,7019,2985,5843,6672,4195,2747,3979,3405,6993,7097,5127,6506,4883,5011,4508,3471,4799,6876,5719,5547,3867,2709,4854,9631,4441,5561,5425,6983,5150,5731,6297,4413,5269,3672,6516,3629,7970,5983,8251,4587,5733,5254,9758,6256,7032,8709
"gene_1591",8,11,31,25,13,1,12,2,2,7,1,2,6,5,8,0,11,1,6,7,5,1,5,22,29,6,27,5,8,4,7,18,2,18,0,7,9,5,0,19,3,25,10,0,2,5,13,4,7,2,1,10,1,15,1,2,6,7,32,1
"gene_1592",1614,1016,1125,703,1469,513,1095,2008,863,1317,908,888,1176,645,988,862,753,982,801,998,792,701,1125,1049,1117,640,807,776,735,974,591,659,1025,752,872,784,1015,911,732,702,1379,1049,602,1098,1115,675,970,872,1062,628,737,748,1023,579,1204,1116,1083,786,1274,1890
"gene_1593",106,178,85,171,135,190,176,164,178,162,192,103,248,167,138,73,67,138,156,109,93,129,118,140,159,110,80,99,154,142,112,139,113,147,123,78,82,109,98,166,82,168,86,109,89,105,71,120,205,131,104,181,97,163,91,77,272,111,150,91
"gene_1594",38,56,56,27,75,122,131,48,59,131,39,37,53,72,108,33,64,58,50,64,47,50,61,98,64,87,45,54,51,33,66,49,82,119,109,36,123,93,74,80,47,144,34,164,100,55,62,91,53,139,55,113,129,76,81,113,135,14,132,48
"gene_1595",26,11,32,9,57,24,33,79,24,31,26,22,8,10,19,30,47,31,21,35,17,21,15,9,39,19,34,22,22,30,54,31,34,27,15,21,15,9,50,20,49,78,15,55,31,19,29,8,29,17,3,28,61,14,35,28,34,43,21,61
"gene_1596",3316,2018,3658,2943,3836,2875,1873,3272,2605,5271,3620,1894,3671,2984,1686,2065,2980,2814,4696,2750,2706,2028,3008,3530,3344,3606,2431,2489,1891,4248,5091,4411,2219,3042,2137,1464,2660,3855,2886,4541,3589,4151,1788,4200,5134,2579,3188,3681,3355,2876,2377,3282,3274,3502,3137,3534,4122,3307,4080,2747
"gene_1597",13,9,17,8,12,4,24,9,11,35,7,32,29,6,3,7,1,27,9,13,26,11,28,8,9,22,12,7,3,8,5,16,18,6,25,13,10,11,14,10,23,15,11,16,5,24,5,11,20,4,24,11,5,15,18,11,28,13,32,52
"gene_1598",210,151,178,258,150,127,262,289,183,352,196,151,320,330,203,136,224,233,180,228,123,99,280,207,226,141,152,245,123,156,570,914,824,939,809,685,426,1070,1014,473,629,670,770,583,995,652,1093,558,1284,326,790,746,1071,614,859,1037,1678,803,809,714
"gene_1599",258,167,292,176,164,198,325,274,115,264,202,168,324,179,200,113,68,130,225,201,213,144,160,450,200,115,204,208,229,190,295,294,235,227,278,138,299,319,267,293,354,327,174,215,300,188,257,223,318,208,272,512,310,373,192,204,645,151,231,349
"gene_1600",13,6,17,53,11,19,9,13,10,58,30,10,23,13,9,10,5,4,14,37,14,3,15,9,11,32,7,32,16,26,44,8,7,4,20,6,4,13,10,16,11,14,4,6,16,10,3,14,13,16,12,3,9,15,23,8,28,21,22,27
"gene_1601",274,158,243,211,267,183,275,350,215,265,239,225,396,209,209,203,255,315,242,163,217,119,225,328,226,389,221,195,246,325,379,361,189,241,175,158,287,316,262,376,268,269,200,271,272,336,233,252,443,247,279,370,395,277,252,369,489,292,370,468
"gene_1602",3050,1772,4772,7032,7462,4371,3892,5554,5192,6024,3748,2646,4774,4500,4718,2498,4230,3277,2100,4063,4512,4725,4594,4353,5773,3233,5193,3229,1885,4323,5910,6511,5687,6613,6719,3793,4991,6805,4105,3808,9673,11183,3771,7173,5302,4760,5398,4456,7238,5159,4119,7974,7084,4198,6576,5770,11147,6856,4896,7222
"gene_1603",1965,1872,5185,3391,4007,3788,5988,4566,5530,3931,4603,3529,3637,5090,3110,2664,4390,2519,4416,3029,3911,3055,3645,4803,4033,3937,2693,1706,3572,2044,4819,5638,4133,2915,4536,2734,2967,4156,5754,3645,4017,5682,3891,5044,4828,3485,4244,4287,4188,3282,2808,4162,4907,3711,6540,3150,5825,4875,4991,6338
"gene_1604",158,145,192,283,160,221,176,179,215,207,187,177,145,153,152,144,144,131,139,187,211,150,206,258,217,203,116,201,127,162,136,165,164,145,162,124,172,209,80,217,298,374,167,109,122,124,158,167,154,49,205,161,136,189,268,181,238,211,270,205
"gene_1605",120,26,86,57,80,72,60,26,67,54,72,39,93,63,109,32,56,41,31,75,57,49,51,163,73,105,42,109,97,78,43,66,71,82,46,52,88,79,98,80,56,72,60,67,123,76,75,110,86,80,41,78,28,47,78,66,61,46,57,55
"gene_1606",406,361,378,458,274,209,402,562,298,509,372,212,184,304,323,309,317,558,180,261,209,262,253,453,291,282,274,335,279,381,158,248,262,213,245,142,301,447,262,448,422,593,212,455,365,279,414,318,414,203,333,460,307,409,156,417,647,435,361,420
"gene_1607",50,29,9,8,50,16,14,48,27,31,65,25,27,10,18,17,23,11,16,20,8,51,19,23,36,46,6,41,14,15,14,34,12,28,0,14,21,13,20,31,19,30,28,30,15,4,39,36,8,14,16,23,7,23,40,17,12,16,33,13
"gene_1608",12,14,24,21,25,20,35,31,41,40,30,39,35,28,17,14,22,46,30,22,23,14,11,17,26,61,8,58,29,28,11,20,54,27,42,17,21,22,39,24,41,45,12,26,42,21,23,24,11,16,38,45,55,12,34,7,66,78,23,17
"gene_1609",86,134,105,135,117,114,93,140,80,182,76,122,131,78,56,81,110,93,97,92,70,80,61,214,176,154,57,82,77,130,93,145,106,123,173,72,144,100,120,137,160,119,69,160,81,127,87,138,203,86,93,70,145,192,154,108,270,117,174,97
"gene_1610",0,2,5,9,0,3,4,5,1,1,0,11,2,12,22,10,2,11,1,0,8,0,4,0,7,15,0,1,2,6,23,15,6,18,6,14,24,28,3,16,43,18,9,44,30,37,9,3,12,6,40,2,50,14,3,1,45,2,38,5
"gene_1611",141,101,145,203,194,98,219,287,101,214,102,117,139,154,52,112,115,99,158,129,122,150,108,143,243,234,117,284,214,136,132,115,125,112,109,96,143,244,110,163,219,246,126,216,172,125,141,148,273,91,199,90,184,209,100,178,246,186,194,165
"gene_1612",435,336,851,755,446,518,535,714,647,895,578,472,764,450,466,416,649,672,453,713,781,610,637,594,476,898,213,729,649,479,578,688,900,807,559,495,453,699,555,623,611,1057,348,1001,714,572,657,519,1267,545,664,727,924,1064,899,1010,1065,558,907,648
"gene_1613",15,21,6,37,25,18,8,16,16,53,1,14,6,46,22,10,9,36,14,25,39,11,4,29,40,26,17,7,31,11,10,3,13,12,3,13,11,5,20,18,2,20,1,11,7,3,6,6,12,3,5,5,20,2,6,16,34,15,3,14
"gene_1614",19,4,13,0,2,3,0,3,1,0,8,8,0,4,5,4,10,22,10,5,1,4,7,18,11,5,15,0,11,1,12,7,24,4,11,1,7,7,3,2,7,6,6,3,4,9,2,31,1,2,8,7,5,9,26,1,15,1,4,0
"gene_1615",717,935,941,716,559,1236,821,1049,814,930,803,867,953,848,714,677,452,602,799,677,1037,909,1405,1407,1145,1035,810,920,651,868,1691,1429,1227,1340,1305,792,1290,1743,1105,1072,1377,1193,781,921,969,803,760,1351,2048,1254,1406,1143,1478,1127,1363,1256,1618,1228,1188,1413
"gene_1616",3978,2745,6142,4757,5056,3897,3949,5601,5207,6956,3504,1713,10453,7421,3867,3356,3278,4497,3968,4692,3607,3444,6074,7506,6175,5410,4543,4277,4622,3978,7328,6998,4234,7477,6333,2885,6633,6933,7686,6313,5092,9174,5622,4764,8058,4206,4427,5365,8934,6621,4559,10317,9636,6973,7558,5072,6399,6278,8673,9990
"gene_1617",41,20,52,50,33,64,30,17,26,29,24,28,34,45,48,44,25,11,33,19,7,21,53,32,72,58,45,22,33,31,84,73,87,16,21,46,36,33,49,45,49,60,33,26,35,35,60,25,23,24,29,10,33,32,38,50,98,99,59,20
"gene_1618",5166,2871,7797,2450,6175,4359,6374,5224,6591,5837,6042,4963,4644,3973,4691,2683,3062,7137,3552,4434,3757,3389,4517,4075,5296,5145,4073,3821,3128,4935,6525,4634,7636,3529,5180,3176,7043,7887,6437,7166,6313,10676,3629,7941,4908,4385,4781,3592,9683,4455,6224,10956,10099,5389,4899,6276,8738,5063,6204,7873
"gene_1619",245,107,308,297,295,310,410,334,258,406,292,236,324,293,232,148,228,350,273,187,257,164,390,331,217,340,344,311,207,221,213,251,255,263,296,175,343,160,295,310,376,371,206,312,212,297,365,285,274,166,352,288,243,271,333,268,433,384,290,455
"gene_1620",13,0,5,6,18,13,4,22,5,24,22,8,21,6,4,11,4,25,2,2,6,8,13,9,4,7,7,9,29,0,5,14,1,7,19,3,25,11,11,2,2,4,8,6,6,5,1,25,13,7,19,7,7,9,7,7,41,9,0,7
"gene_1621",5266,4628,4880,4557,6026,2825,5850,5020,6473,6618,5275,4040,5986,6163,5102,2368,4012,3855,3092,4850,3127,4798,4341,5816,4367,6546,3294,5068,4474,6546,5620,6273,6167,5447,3879,3048,4628,5998,4692,6881,5655,6069,5981,5665,4896,6254,4319,4290,4460,2677,6659,2640,4947,5854,5981,4643,10281,4557,5543,6481
"gene_1622",19,20,34,54,8,16,40,31,41,19,37,6,18,43,27,35,33,54,7,8,34,37,38,55,12,23,25,3,31,4,51,29,26,21,26,12,11,7,4,24,30,30,25,30,18,12,17,10,39,15,68,17,37,63,19,45,33,18,52,54
"gene_1623",2,8,8,13,34,3,13,22,8,23,3,3,12,11,1,3,5,13,4,14,5,14,52,24,0,6,4,1,1,2,16,8,10,30,12,2,11,16,7,0,20,9,6,14,15,8,4,2,19,10,8,10,1,8,11,4,15,6,1,24
"gene_1624",41,49,53,129,67,38,59,61,82,99,155,66,193,52,62,62,79,98,65,43,66,61,90,189,75,88,133,56,49,140,55,56,45,72,77,45,57,109,77,48,117,100,36,64,55,40,72,62,65,39,35,48,59,65,64,75,128,72,97,129
"gene_1625",20,35,43,27,28,30,18,34,16,53,10,9,38,29,11,18,29,62,18,44,16,10,33,68,38,41,19,11,21,52,79,163,138,66,201,57,206,130,88,78,132,184,100,218,135,166,17,78,124,76,122,130,74,46,36,139,290,119,196,143
"gene_1626",35,11,3,17,9,19,12,6,15,32,22,10,9,22,10,11,17,3,5,8,12,2,13,6,41,18,28,20,8,7,28,40,11,2,14,5,19,39,28,2,6,38,16,23,30,3,10,24,35,6,9,6,30,4,16,25,36,11,22,16
"gene_1627",39,37,34,38,81,71,40,75,45,46,54,36,86,61,29,18,47,55,11,28,36,37,56,96,46,30,32,36,17,54,67,65,106,71,37,29,47,34,77,53,63,65,42,79,34,27,52,45,50,20,51,61,73,12,92,59,40,44,41,58
"gene_1628",56,21,24,36,34,50,66,77,82,28,34,44,72,46,41,44,12,30,44,33,85,23,50,48,49,45,14,40,27,47,27,26,50,62,8,22,46,63,74,33,43,35,31,34,39,22,21,30,23,49,27,22,38,35,64,37,43,22,40,45
"gene_1629",440,765,836,740,959,705,1179,752,576,955,781,940,1196,871,797,568,740,1085,547,685,654,539,484,660,1021,708,520,990,508,814,1095,1186,796,1046,717,583,1147,1208,781,1085,922,980,1135,971,558,752,812,1068,1409,451,918,1687,1083,1211,1236,974,1191,771,1703,925
"gene_1630",65,67,107,59,85,104,136,82,93,90,82,78,136,107,105,63,60,98,108,99,58,69,105,114,49,99,46,79,70,65,81,73,57,59,51,44,102,60,126,58,111,66,96,113,68,87,96,78,78,80,139,107,92,47,78,185,100,56,134,179
"gene_1631",128,74,158,221,131,122,83,122,91,177,148,143,79,115,128,61,59,111,98,117,98,79,123,180,93,130,76,126,98,90,127,128,115,73,65,48,109,135,67,66,118,78,109,112,65,85,112,102,87,80,75,120,128,87,79,185,184,72,123,200
"gene_1632",9,16,20,14,23,13,20,19,48,19,10,10,10,8,3,4,15,6,3,8,3,27,46,11,15,17,15,25,6,14,19,3,15,8,36,22,15,6,27,11,9,4,16,10,29,10,9,19,6,9,22,4,36,0,22,10,10,17,21,15
"gene_1633",35,7,10,36,42,43,15,22,24,39,7,25,15,13,16,8,43,37,38,15,41,13,49,31,55,11,28,17,23,39,14,4,36,31,17,16,5,28,6,7,11,16,5,45,25,15,9,6,24,15,13,27,5,14,12,19,28,12,25,13
"gene_1634",455,436,360,480,432,507,691,520,732,553,342,445,858,683,386,363,431,580,507,552,408,347,599,500,466,397,496,497,299,499,2100,2317,1456,2596,1825,1328,4048,1876,1595,3064,2977,3514,1207,2244,2305,982,1353,2119,2013,1503,1587,2124,2466,1902,3873,2177,2754,1686,2984,2366
"gene_1635",1098,1330,1393,1618,1434,2156,1517,2080,1620,2665,1446,1665,2442,1232,1234,1494,1270,1907,1148,1610,1173,742,1215,2730,1930,1554,1371,1042,860,1051,2714,1575,1643,2072,1382,1223,2075,1905,2270,1727,2150,2099,702,1865,2209,1597,817,1029,2887,1688,1192,2382,1699,1692,1717,2810,3677,1771,2581,2225
"gene_1636",133,230,223,140,258,100,197,241,180,231,154,261,196,230,193,136,234,168,194,210,213,175,131,258,236,189,205,191,214,320,302,371,329,214,144,199,270,329,165,269,275,174,108,319,215,275,165,219,319,187,160,354,186,238,177,372,513,125,356,262
"gene_1637",23,26,22,40,15,8,17,33,59,26,24,19,47,12,58,11,32,57,20,34,42,20,15,41,29,30,15,14,20,28,24,27,25,10,32,13,39,29,21,18,57,60,23,39,22,32,15,60,41,22,10,45,15,42,30,9,52,37,42,17
"gene_1638",43,71,67,108,91,40,100,102,79,185,123,65,84,62,87,35,95,103,46,93,52,94,86,73,58,85,41,66,35,93,72,118,45,168,116,60,80,73,54,116,79,154,67,126,116,73,72,121,68,77,58,59,71,152,35,150,134,149,104,130
"gene_1639",2653,642,2589,2850,3284,1672,2182,2214,1496,2356,1446,1688,2933,2597,2239,900,1382,2783,1643,1424,1845,2232,1850,3186,3108,1611,2043,2990,2027,1353,2629,3057,3104,1886,1901,1384,1458,2276,2526,2927,1814,2088,1924,3101,2864,1824,3265,1721,2667,2174,1270,1291,1748,1812,2294,1559,2614,2424,2843,2068
"gene_1640",41,91,69,65,34,47,72,132,148,98,35,63,88,94,84,34,54,49,84,75,117,94,117,68,45,40,45,68,69,106,61,56,64,83,85,51,60,67,87,122,125,114,91,67,117,112,106,178,125,48,174,120,72,38,70,121,170,119,93,93
"gene_1641",8,12,14,25,5,28,32,47,12,39,10,24,19,22,31,21,1,5,22,24,8,22,36,19,47,17,21,14,18,80,19,34,16,26,8,23,16,15,12,33,13,22,3,20,9,30,18,30,19,6,10,14,16,13,30,18,68,29,33,23
"gene_1642",23,37,57,17,54,43,28,47,70,31,36,31,70,40,29,17,48,41,47,62,8,8,30,30,32,5,25,28,36,37,62,155,115,71,40,89,64,315,101,233,137,141,41,136,168,43,130,141,247,175,177,46,244,129,253,197,139,162,215,116
"gene_1643",28,10,31,44,14,38,22,29,2,16,16,19,31,11,27,9,17,25,19,18,26,40,35,20,36,8,24,31,14,20,19,53,28,70,11,6,34,28,13,17,25,35,10,35,3,29,30,29,9,9,12,49,29,32,22,31,62,24,31,31
"gene_1644",77,86,117,65,146,47,55,89,69,57,62,50,61,110,42,47,99,65,44,50,31,55,75,60,88,111,56,75,72,87,81,86,33,55,24,42,96,89,64,140,78,109,36,62,39,104,64,76,89,73,64,87,121,60,46,97,118,82,60,88
"gene_1645",3342,2749,3166,2234,2802,1368,3724,2675,2788,4127,2763,1570,3017,2338,3070,1232,2373,2534,2868,2473,1926,2502,3187,2446,3143,1964,2038,2719,2865,2599,2266,2222,2475,3441,3025,1583,2971,3575,2755,2426,2993,4266,2231,3977,2916,1579,1268,2220,4671,1167,2200,3515,3461,2824,2730,2531,3580,2490,3940,3472
"gene_1646",40,21,35,57,24,23,44,30,15,30,10,3,31,42,35,50,14,13,18,23,47,31,51,45,80,44,29,8,30,42,56,56,46,12,28,3,52,48,18,70,55,33,10,35,36,21,36,31,9,44,59,37,73,24,5,25,42,24,23,61
"gene_1647",370,279,558,422,248,432,365,539,493,513,460,275,502,298,604,296,412,346,401,356,475,162,344,507,332,387,242,414,262,667,264,466,502,370,457,234,577,444,329,290,676,506,383,714,731,448,523,266,440,251,676,458,453,266,350,520,945,389,717,328
"gene_1648",18,26,6,29,56,35,32,10,30,24,15,33,44,51,22,18,26,12,35,47,16,27,23,31,36,53,26,36,38,29,37,33,8,19,40,21,53,27,25,30,64,8,42,30,10,22,24,33,59,32,19,63,28,33,63,16,49,28,23,30
"gene_1649",23,32,28,74,33,22,33,55,41,40,37,25,29,86,44,18,55,33,41,31,28,18,39,10,55,50,61,59,32,62,17,37,16,52,18,24,17,31,16,45,30,29,27,26,8,11,15,21,69,22,37,32,33,27,27,9,71,10,43,62
"gene_1650",5,16,8,7,12,2,4,25,18,19,10,1,32,24,7,7,2,16,4,4,14,22,6,20,29,3,17,12,7,13,2,11,9,8,9,1,5,17,8,42,41,0,7,15,9,15,26,2,10,8,5,14,10,6,3,11,14,5,18,10
"gene_1651",4,14,17,9,15,14,13,3,9,25,6,7,3,23,23,7,5,18,27,6,18,7,4,16,8,9,7,10,5,45,13,10,34,7,27,11,12,8,12,9,15,24,4,5,15,15,9,12,3,7,12,7,6,1,5,8,30,31,7,19
"gene_1652",94,116,193,170,145,125,101,197,215,136,143,90,220,157,154,113,109,180,150,204,113,122,160,232,110,160,84,180,94,225,164,139,87,150,123,40,96,144,103,167,118,165,59,143,193,153,83,202,105,109,136,147,162,127,189,178,210,175,135,82
"gene_1653",1305,1583,996,1745,1888,773,1286,1351,1443,1574,1420,1221,2118,1467,903,954,935,1021,1111,1161,1296,833,1420,1954,1841,1925,800,1160,724,1161,1986,1931,1348,2207,1275,1096,1705,2186,833,2188,2115,1739,949,2818,1571,1515,1686,1746,2143,1221,1326,2065,1362,2066,907,1774,1524,1366,2256,1864
"gene_1654",248,175,317,280,283,189,315,168,171,130,392,140,195,162,257,256,160,186,118,288,99,212,245,205,239,197,241,172,177,143,206,305,370,253,214,219,133,415,113,308,289,277,184,267,313,210,283,350,173,146,281,163,213,290,295,234,416,194,206,286
"gene_1655",28,32,81,44,51,40,42,32,45,48,47,15,99,36,47,28,25,37,26,31,68,12,52,65,53,40,47,33,25,55,39,26,34,27,40,31,30,22,27,23,25,63,20,27,57,50,34,26,41,13,12,37,26,21,55,32,57,39,43,39
"gene_1656",3313,2337,2896,2755,2421,2518,2774,3889,3589,3320,2814,2926,3750,4421,5159,1839,3200,3944,3364,3783,3157,2300,3555,4608,2690,3634,4083,4152,2803,3699,3174,3508,2689,2509,2882,2334,2592,2369,2160,3568,4200,2935,1965,3596,3027,2802,4527,2596,3443,2160,3505,2511,2580,2677,3532,3045,4280,2269,2355,2785
"gene_1657",39,4,39,17,9,29,29,65,17,10,57,13,15,40,5,11,16,32,5,16,17,10,24,8,37,5,21,19,13,11,23,29,45,29,18,16,32,21,36,37,7,21,20,10,24,17,7,24,39,18,11,19,13,42,10,44,33,24,27,53
"gene_1658",188,176,152,266,196,155,158,146,163,212,124,152,107,88,183,147,190,107,130,92,178,99,130,232,197,197,62,123,95,176,148,129,170,157,108,96,149,181,108,174,161,208,100,231,122,161,77,167,244,93,150,208,183,149,83,197,237,135,202,145
"gene_1659",106,159,272,346,206,309,169,255,181,352,162,115,239,258,271,120,181,179,111,102,123,88,245,393,357,274,168,213,158,144,227,247,183,264,192,146,202,188,159,193,309,309,161,330,200,306,290,343,294,149,197,329,190,209,237,274,396,189,318,253
"gene_1660",1452,1845,2047,3312,1979,1794,2408,2478,2302,2699,2073,1317,2261,1977,1841,1537,1401,1885,1335,1543,1653,1700,2045,1487,3180,1840,909,1443,1081,2067,1422,1561,2068,1586,1086,883,1729,2250,1157,1120,1575,1973,1247,1511,1528,1053,1696,1546,1944,1286,1716,1715,2475,1304,1790,2105,1982,1968,1498,2026
"gene_1661",133,158,162,197,194,149,252,363,182,258,95,90,185,174,215,72,148,189,199,214,108,129,243,343,235,172,234,182,171,312,184,169,251,257,252,80,167,187,86,140,503,356,132,324,210,145,283,162,540,116,217,213,394,200,336,134,463,187,141,407
"gene_1662",14,5,8,11,20,5,2,7,5,20,17,11,44,17,26,7,13,8,5,9,10,8,8,18,11,4,14,14,13,4,7,6,13,20,5,0,32,17,2,22,10,11,2,18,10,16,4,20,18,0,2,7,14,9,17,14,14,29,6,9
"gene_1663",51,27,20,40,4,16,39,25,23,16,24,22,48,26,25,18,7,39,28,22,14,28,18,25,45,12,18,7,9,20,16,15,13,26,19,6,4,24,22,18,20,47,9,11,18,25,26,10,30,11,10,8,16,46,9,17,60,14,23,7
"gene_1664",18,40,6,13,6,8,33,51,11,38,5,60,47,16,12,23,25,9,20,11,94,9,30,23,11,18,6,25,8,48,42,35,37,47,29,31,8,6,8,19,33,22,17,41,23,15,48,14,14,21,31,18,16,22,35,8,18,13,35,16
"gene_1665",65,83,64,112,155,101,92,79,131,210,104,83,108,108,94,65,50,44,79,105,91,84,184,97,85,112,70,83,66,116,146,130,156,143,106,45,163,173,122,141,143,279,59,195,151,171,147,154,151,88,127,101,161,241,171,187,243,96,180,109
"gene_1666",432,374,652,392,360,329,500,542,312,628,565,248,382,354,371,279,307,351,309,308,335,385,503,521,222,438,304,513,256,418,350,497,390,349,365,233,264,445,588,313,565,848,551,436,285,301,481,177,823,469,458,470,557,379,419,675,860,282,313,612
"gene_1667",4381,4472,4944,4540,5287,5250,4265,5691,4418,5083,4065,2660,4826,3722,4043,2452,4965,5464,3547,4416,5080,4010,4321,5243,6696,5471,3061,3468,3520,4775,6250,5461,6936,3550,5328,3622,4540,7739,4331,5828,5777,8345,3267,5238,6073,4842,4011,5974,8251,2833,4463,5729,5388,5927,6457,6641,7637,5840,5392,7660
"gene_1668",1024,1288,1452,977,1386,1287,1560,1202,953,1324,799,739,1251,994,1174,559,1689,890,959,1312,1179,819,962,1093,642,1237,1283,1054,642,966,847,951,718,854,1112,485,677,1206,1173,881,1047,1261,769,1076,1121,676,836,857,1027,926,824,1218,748,1071,1213,1093,2130,590,1227,1460
"gene_1669",0,0,8,12,6,1,4,4,23,0,12,0,3,2,1,3,5,3,5,3,0,1,0,9,4,1,0,14,4,5,4,9,0,1,3,0,8,31,10,1,0,0,0,1,6,14,16,34,9,4,6,5,11,6,6,35,3,13,1,1
"gene_1670",15,43,21,27,84,42,54,71,11,58,28,73,64,37,107,36,15,62,43,55,30,42,28,74,27,47,26,59,36,55,69,45,33,39,24,16,45,36,47,42,92,75,37,49,42,32,40,27,42,38,44,40,28,32,58,29,71,23,26,56
"gene_1671",3791,4195,6253,5996,3182,2711,5124,5907,5131,5333,4503,3969,5816,4444,6096,3080,5017,4836,4310,6223,4375,4227,6067,7152,3161,5438,3176,5109,3706,5089,4409,5253,4908,5851,4307,3447,6360,6989,4718,6332,6329,8357,2726,3506,4331,4833,4265,3879,7360,2673,4009,6323,4992,3183,6642,4401,8646,6586,8105,5168
"gene_1672",3192,4910,6077,8105,5791,5363,4025,5606,6852,6016,6501,3848,4409,5778,5756,2735,4370,4379,4799,3443,4802,3233,6794,7944,4438,3300,4706,5339,2851,4943,4599,4016,3632,6978,4721,1890,4631,3472,2254,3780,5972,5163,3167,3607,4650,3245,3475,4029,4687,3072,5241,4609,5610,4458,4841,3046,9514,4698,4308,4187
"gene_1673",1832,1202,1231,1985,1432,1602,1056,1744,881,1210,1287,1271,1890,1549,1579,979,1403,1947,1420,1083,1614,1152,1438,2046,1036,1271,1094,977,1633,1317,1192,1149,1298,1099,1360,779,2207,1808,1679,951,1419,2847,818,2101,1188,938,1240,1631,1832,1264,1481,1954,1365,1457,1578,1985,2525,1460,1494,1509
"gene_1674",421,244,568,646,629,561,578,521,628,493,540,342,764,558,561,270,444,617,354,363,335,350,717,388,482,438,478,443,444,485,464,647,811,944,748,548,401,875,405,893,614,1089,417,781,1050,363,650,596,544,375,764,650,678,413,491,669,970,739,1086,923
"gene_1675",122,167,100,126,74,165,120,99,131,123,185,89,120,135,217,91,121,136,145,139,112,154,189,171,127,137,113,148,118,200,122,224,138,244,202,74,200,185,146,134,207,211,135,76,163,64,129,232,127,91,248,207,157,174,139,111,253,227,273,292
"gene_1676",366,163,294,293,475,269,150,330,296,262,345,195,427,231,460,263,309,329,231,336,287,201,370,549,345,298,165,286,182,347,285,390,327,283,383,141,252,435,176,297,198,507,272,308,321,177,257,271,273,167,147,537,226,240,414,233,306,400,245,175
"gene_1677",486,203,392,278,378,290,414,701,433,472,297,223,420,381,452,248,224,351,227,346,325,230,418,332,347,308,329,327,403,259,403,283,338,340,208,112,189,298,180,286,254,314,176,278,256,134,274,265,256,432,277,246,234,171,314,343,482,216,246,371
"gene_1678",11,8,24,14,7,8,1,7,10,22,1,12,17,32,27,6,13,5,17,12,14,3,13,9,4,23,13,10,7,8,18,3,6,8,18,4,14,8,9,5,1,17,3,17,16,31,8,11,4,5,5,15,6,24,3,7,23,7,2,22
"gene_1679",24,5,4,13,3,20,6,40,13,6,24,13,18,15,13,4,21,8,6,7,21,8,27,3,25,22,27,8,11,9,25,12,6,42,16,13,8,14,19,18,22,42,17,3,4,10,22,19,18,12,1,7,12,15,3,12,57,11,21,23
"gene_1680",792,790,1154,866,907,845,875,1515,976,1439,1274,691,2186,1328,1095,901,936,953,799,1173,666,815,1596,793,1686,1080,683,910,925,1215,1595,1587,1597,1517,1136,586,1118,1239,1146,1011,770,1850,547,1606,960,519,997,1197,2014,855,1049,1514,1657,1196,1111,1672,1859,1677,1271,1399
"gene_1681",2,4,11,2,2,1,0,0,0,11,0,6,1,0,11,0,8,5,0,13,6,0,14,4,3,4,3,3,2,0,4,4,2,4,2,0,0,4,3,5,7,4,4,3,0,12,4,0,0,3,9,2,1,1,3,0,15,5,5,7
"gene_1682",161,160,192,184,231,149,276,270,170,326,186,74,271,186,273,112,96,153,128,282,157,157,148,81,226,195,196,190,145,166,244,206,154,80,179,86,300,261,217,106,277,209,165,279,309,167,224,265,419,176,170,242,240,254,200,268,502,133,273,304
"gene_1683",544,591,454,803,371,327,327,546,681,543,607,349,814,454,399,381,389,508,474,357,440,297,432,445,1002,601,599,405,379,781,393,287,433,440,486,252,551,368,539,258,431,386,207,266,556,399,386,370,586,269,316,204,385,578,384,502,771,274,681,353
"gene_1684",654,456,1022,749,851,760,716,1090,740,864,573,748,765,341,500,437,494,922,607,624,496,599,806,1001,865,860,482,609,476,577,428,591,620,771,499,273,629,775,797,692,665,808,304,724,778,418,474,289,795,492,666,696,488,460,535,570,815,668,647,734
"gene_1685",153,87,165,173,131,145,129,251,212,58,154,126,202,59,170,108,103,147,112,64,102,79,170,194,134,132,70,125,104,73,206,238,282,282,151,133,211,247,201,166,351,243,188,172,164,87,249,326,350,177,295,287,193,285,220,151,299,152,179,274
"gene_1686",6,9,4,0,12,5,1,4,3,11,6,1,9,6,27,1,15,3,3,11,2,5,6,8,0,6,3,25,0,2,4,1,14,8,1,1,4,3,2,7,19,3,8,0,6,2,6,6,8,1,1,7,2,8,5,4,11,7,0,10
"gene_1687",49,59,39,51,49,24,71,58,117,65,73,31,76,48,35,38,52,52,44,82,62,89,71,82,55,70,61,35,53,103,50,106,154,126,88,88,60,106,101,117,44,67,40,87,154,88,61,67,76,43,84,73,104,165,89,44,242,31,92,167
"gene_1688",410,519,568,746,737,603,768,1074,462,981,577,496,1002,496,839,432,356,724,763,553,620,466,517,600,806,557,690,560,770,638,605,785,344,730,574,365,650,1137,569,731,1159,512,593,738,537,542,491,688,742,519,506,1141,864,843,874,809,1199,376,500,826
"gene_1689",337,288,335,401,531,242,437,429,350,454,505,424,574,628,504,301,312,282,406,306,403,367,397,534,569,419,276,519,355,428,240,358,297,298,297,183,230,421,207,439,212,342,130,273,275,308,170,374,313,173,228,391,508,301,206,413,529,413,310,350
"gene_1690",891,745,1008,1046,668,708,846,967,588,652,807,325,976,1075,823,510,470,851,569,601,830,446,912,1124,815,749,482,916,564,923,559,1240,597,471,705,271,477,798,513,621,624,592,574,741,735,427,338,565,697,657,677,559,930,728,616,741,1155,297,983,997
"gene_1691",76,61,115,139,112,85,113,74,96,91,103,40,125,86,109,131,38,159,57,99,89,63,112,123,116,96,88,108,94,111,88,105,92,99,69,71,106,139,85,56,100,184,73,111,146,131,99,152,138,59,140,125,105,85,105,149,237,59,94,142
"gene_1692",2129,1476,2774,2527,1854,2148,2564,2632,2695,2493,2840,1646,2862,2109,2016,1367,1948,1744,1488,1912,2269,1531,4008,2811,1948,1884,1834,3066,1725,2349,1773,2067,2392,2773,2398,1243,3355,2456,1867,2124,2693,1598,1356,2383,2682,1901,1111,3004,2899,1813,2040,1764,3434,1722,2925,3074,3322,1198,1966,3313
"gene_1693",576,575,876,805,861,854,555,1496,970,972,1153,486,1091,932,850,613,735,1049,436,777,914,743,880,1174,1537,634,476,674,496,608,575,911,977,462,512,550,493,1177,704,539,938,717,509,902,931,607,754,1027,832,367,730,626,501,525,797,1072,1487,598,629,1272
"gene_1694",256,170,293,252,127,163,206,216,225,190,302,280,191,187,153,178,128,283,149,219,204,223,263,144,172,198,266,287,208,216,182,114,193,131,248,99,207,208,167,159,180,202,174,280,228,124,92,119,205,124,164,167,289,234,201,196,222,199,178,148
"gene_1695",23,32,55,35,98,33,77,84,35,77,52,21,83,94,45,18,55,90,17,29,37,24,40,60,25,36,12,21,36,27,42,19,46,12,85,37,30,53,50,64,69,60,43,37,59,28,39,38,103,42,37,54,45,42,76,46,111,75,81,53
"gene_1696",7654,3573,6184,5952,4634,4252,5681,6693,4732,4759,4623,2520,5288,5053,5196,3052,3715,3047,5170,3889,3141,3940,3733,6630,7611,7168,3227,3305,4499,4608,5169,3589,5016,4971,4416,2975,5519,4038,3994,7720,5344,4637,4040,4725,8909,3040,4681,4024,8913,4274,5437,5738,5131,5016,9507,6054,4077,4664,5089,7919
"gene_1697",2,9,4,7,7,14,6,10,6,3,20,6,5,11,2,1,6,8,3,8,8,3,12,0,20,4,3,8,2,3,5,31,3,15,10,6,7,2,5,20,10,16,0,7,2,4,1,2,0,5,12,13,3,4,1,3,3,5,37,30
"gene_1698",1861,925,1389,2491,1643,1548,2204,1230,1672,890,2252,1513,2038,1401,2287,1032,1100,1587,1548,1464,1674,1193,2021,1642,1516,2345,1449,1645,1612,1697,2928,2340,2335,2640,2276,1484,2752,2538,2139,2818,2501,2939,1343,3233,3819,2534,2248,2751,4316,2309,3210,2934,2748,3005,2110,2758,3415,3210,3155,2569
"gene_1699",416,327,582,358,531,464,489,316,681,548,374,437,848,629,397,301,412,558,419,443,259,315,334,410,447,485,448,495,355,683,377,362,450,321,403,326,254,475,437,489,256,396,313,435,631,327,258,227,403,308,384,464,482,288,493,820,491,324,589,716
"gene_1700",134,179,393,104,151,198,216,203,207,119,180,177,231,201,121,111,200,152,89,202,182,165,142,182,83,205,267,156,159,151,237,179,295,206,121,109,192,172,206,213,312,266,171,254,173,290,263,170,337,178,165,302,346,117,212,135,339,220,251,257
"gene_1701",1125,501,1226,1143,1058,1054,2387,1261,1505,1748,1343,1002,1617,1503,1466,1026,956,1379,916,1734,1005,1199,1031,1341,1804,1936,653,1141,841,1669,2028,2037,1856,1395,1704,1362,1420,1080,2515,1209,1836,2604,982,1157,2670,1651,972,1050,1881,1256,982,2061,2719,1152,1808,1201,2431,1260,2643,3077
"gene_1702",74,26,28,47,67,45,17,88,64,83,51,31,50,88,31,46,52,27,17,37,30,42,28,28,54,26,38,27,30,21,50,67,16,51,16,30,41,77,45,29,52,76,24,40,129,24,58,55,52,32,32,64,112,40,94,44,97,90,51,57
"gene_1703",498,309,722,512,592,574,846,959,384,779,686,345,679,747,739,526,253,740,382,406,473,539,548,537,742,657,498,480,614,437,673,651,349,1008,548,561,943,554,542,724,1052,969,417,823,640,517,577,621,641,464,496,795,684,579,645,522,646,771,672,798
"gene_1704",18,22,13,13,26,28,33,44,8,22,28,10,12,20,11,11,20,23,35,15,10,14,39,22,17,8,11,30,5,15,8,27,32,19,11,7,8,43,7,27,31,35,14,26,25,17,4,19,27,7,8,44,31,18,31,20,18,20,14,24
"gene_1705",3,1,0,8,6,0,5,16,13,0,8,3,34,2,3,0,2,4,0,0,2,1,0,2,0,2,5,10,9,15,4,2,4,4,0,20,2,10,4,2,3,1,5,7,0,8,2,1,6,1,2,1,1,3,0,0,9,4,2,7
"gene_1706",15,9,12,12,13,22,3,13,3,3,2,13,4,13,13,13,4,5,6,17,10,6,15,26,10,6,12,9,3,6,12,10,16,3,4,3,7,10,9,2,16,16,4,51,14,14,16,3,41,10,12,19,5,12,11,5,43,0,7,29
"gene_1707",53,31,79,85,48,60,43,79,41,62,24,46,48,61,130,42,72,40,43,37,79,32,90,61,75,55,28,52,40,59,26,28,61,52,40,36,60,117,19,91,113,55,60,93,68,54,74,53,61,54,39,60,76,57,103,97,63,40,102,47
"gene_1708",5154,4323,6496,4325,3872,4330,3532,5869,6519,5802,5475,4880,6299,3808,4785,3324,3102,5005,5516,3744,5315,3198,8336,5951,5513,4543,4103,4802,5305,5414,1132,1280,1177,1273,989,369,1307,996,623,1867,1931,1499,1050,1174,1274,688,1113,725,1815,1096,1048,1430,1507,949,995,1453,2412,1060,1107,860
"gene_1709",17,26,49,22,43,52,12,53,31,10,27,42,15,24,52,15,26,59,37,37,27,32,63,41,28,34,20,37,44,21,106,132,102,135,127,128,122,188,128,321,467,130,150,151,260,57,92,158,200,90,129,127,182,190,127,132,129,120,167,150
"gene_1710",11,16,23,6,27,41,29,34,11,22,28,12,30,6,22,27,12,51,6,30,21,37,7,18,15,9,6,29,17,1,12,18,16,17,4,7,5,8,20,8,8,21,0,4,21,3,5,3,5,16,12,3,8,13,11,18,13,4,28,12
"gene_1711",54,38,52,27,35,51,79,39,21,60,24,69,25,38,81,41,16,72,17,51,54,37,16,46,28,25,27,25,17,48,28,48,23,48,32,36,38,79,32,58,50,74,18,50,78,40,31,59,57,51,68,87,53,51,19,65,83,25,52,61
"gene_1712",17,6,13,1,5,6,8,2,2,8,1,2,10,4,0,2,2,0,1,3,0,4,1,15,1,5,1,2,3,11,2,0,11,1,5,3,2,6,2,2,4,24,1,2,9,9,4,8,29,0,12,5,15,8,16,23,1,4,1,2
"gene_1713",186,233,286,145,322,168,300,290,170,249,214,127,229,319,237,169,190,251,123,99,239,158,164,236,222,219,150,312,185,197,228,168,119,118,212,79,268,309,190,199,336,193,184,233,233,187,118,157,133,114,282,201,206,362,261,303,471,125,252,173
"gene_1714",449,344,330,495,391,302,485,317,350,751,397,373,462,391,363,214,510,256,449,350,346,351,505,758,360,406,463,175,165,494,559,420,434,289,264,296,417,460,269,429,417,359,264,363,445,354,253,263,548,339,425,472,378,309,273,328,438,347,506,543
"gene_1715",64,152,134,150,126,126,107,136,141,202,158,165,308,159,133,79,75,128,157,137,109,76,113,165,149,120,120,199,112,169,156,158,232,165,93,113,264,113,150,219,213,231,114,145,138,159,95,84,172,140,117,211,190,155,238,151,365,181,224,246
"gene_1716",95,70,48,162,153,78,179,106,83,115,123,80,101,110,113,67,81,186,104,107,78,47,121,89,66,146,102,79,110,161,58,59,56,47,38,30,39,67,33,43,73,51,31,75,31,51,21,69,108,45,30,66,45,38,71,41,120,85,63,83
"gene_1717",270,241,241,346,302,358,401,286,240,273,276,249,434,319,290,216,234,314,202,195,412,187,366,511,276,252,238,364,187,435,268,199,234,392,226,133,215,411,210,304,265,346,188,278,443,257,232,260,290,268,270,273,170,294,276,194,215,331,326,337
"gene_1718",1187,1199,845,1444,814,1099,1416,1261,945,1048,1327,773,1140,1044,1125,571,600,1354,853,1357,1319,1040,1603,1253,1194,1082,1334,730,685,1417,1010,1192,1212,948,709,610,945,1379,1558,923,1134,842,859,1043,884,1034,569,930,1093,727,940,763,1516,1113,1431,772,1963,1209,1063,1033
"gene_1719",1135,842,1936,1037,1777,849,1594,1497,1311,1369,1227,1089,1811,1325,1501,461,994,1577,878,1242,1274,1181,1070,1333,1851,1508,1269,1266,1590,1329,1532,1272,1490,1717,1096,935,1208,2301,2304,2024,2120,1524,1678,1569,2287,1119,1488,1743,1764,1423,1781,1299,1192,2199,1820,1217,2939,2322,1435,1383
"gene_1720",3664,1671,2917,3550,2931,2697,3519,2368,5377,3828,2893,3021,3769,2155,3021,2227,1806,2959,2780,1499,3263,1638,2104,3073,4070,2453,2292,2635,2134,2118,3671,3750,3974,3222,1662,2047,3350,3843,3371,3292,3248,3668,2515,3289,3053,1733,2867,2731,3135,1675,2933,3585,4347,4476,4534,3481,5286,3272,4251,4170
"gene_1721",25,25,39,35,23,27,28,43,75,25,35,29,45,56,46,14,41,70,28,27,37,39,41,26,55,30,31,38,35,47,43,36,78,45,20,3,24,29,19,59,60,96,10,23,38,24,26,58,38,30,53,46,18,51,43,41,69,41,31,42
"gene_1722",11,0,1,5,20,12,11,14,7,10,5,11,6,9,6,6,14,12,12,9,8,11,4,11,8,7,1,4,6,5,14,1,25,16,6,4,8,18,11,5,15,10,11,14,22,4,16,19,11,6,15,54,3,16,36,13,24,13,19,7
"gene_1723",52,11,35,6,34,12,54,41,22,47,41,11,65,28,15,13,15,45,36,28,49,29,41,50,33,22,33,36,33,27,20,23,7,24,17,31,44,16,39,33,50,91,6,18,14,76,49,13,50,53,20,75,64,24,48,17,46,41,18,14
"gene_1724",0,17,3,0,14,2,14,5,1,15,0,12,6,8,17,0,6,40,4,2,5,1,23,1,13,9,1,12,1,0,1,0,6,1,6,0,3,0,7,3,0,7,1,0,4,0,2,0,10,1,2,3,7,1,2,1,2,1,0,1
"gene_1725",6,17,13,6,10,42,28,11,14,15,19,14,3,22,5,10,12,13,6,4,17,7,24,18,7,15,9,13,11,18,15,11,9,20,4,3,10,11,32,13,13,2,8,23,22,6,8,13,12,5,14,12,25,10,2,4,23,11,38,34
"gene_1726",495,251,451,359,368,367,568,471,376,373,509,303,667,489,499,229,335,367,308,318,471,262,541,477,583,402,247,353,469,519,1295,2016,1843,1082,1606,965,1101,2509,2356,2555,2425,1903,1044,2746,2664,1337,1288,2241,2976,1272,823,2036,1258,1514,1371,2140,1450,1145,2696,1968
"gene_1727",228,210,262,519,282,309,527,435,360,373,294,252,483,489,225,121,485,346,237,216,401,168,386,290,499,285,268,253,221,281,228,392,406,211,250,158,146,249,396,265,466,414,188,279,371,302,328,238,347,197,221,314,354,408,278,447,352,439,336,360
"gene_1728",17,2,2,4,2,0,5,0,3,0,3,3,2,4,8,5,2,4,3,1,0,2,3,10,4,5,8,7,2,0,9,3,4,6,3,3,0,4,0,1,10,2,1,6,2,6,3,6,3,0,0,15,0,1,2,5,6,0,5,1
"gene_1729",52,40,48,44,43,89,54,59,37,79,54,17,57,55,64,34,40,49,15,26,88,8,88,65,17,57,65,35,43,46,66,85,14,37,26,30,43,26,34,45,69,47,38,46,68,48,24,45,25,33,51,58,47,64,30,19,51,24,86,23
"gene_1730",536,256,527,536,367,435,383,394,428,334,302,318,540,401,268,263,381,338,346,225,533,169,302,339,408,374,318,327,494,309,428,497,313,264,323,173,391,372,276,333,425,395,403,230,253,264,273,310,425,223,310,273,285,218,421,364,512,452,344,343
"gene_1731",2930,2765,4192,3119,5124,4225,4068,5772,3145,4146,5194,3764,4858,4881,3861,3647,3312,3353,3144,5430,3694,2148,3768,4971,4389,4414,2961,4319,2925,5394,3318,5113,6172,3910,6459,3584,5451,7061,3001,4783,6563,5722,4128,6231,4233,5701,3464,3557,7742,2935,4048,4895,4012,4955,5896,7384,8528,4931,6604,6118
"gene_1732",1822,1797,2715,1640,2689,1892,1901,3416,2118,3192,1321,2753,1937,1893,1696,1302,1645,1616,2045,1706,1618,1995,2564,2341,2740,2589,2456,2596,1827,2188,1636,2347,2571,2929,2153,2258,1769,1812,2904,3262,3588,1625,1492,3012,3071,2156,2154,2624,3863,1493,3653,3401,2770,1862,2293,2893,4914,2855,2650,1911
"gene_1733",71,42,44,87,46,50,62,51,72,59,91,51,62,105,104,30,14,63,57,30,55,49,32,66,45,81,34,38,22,45,54,72,81,45,42,33,52,76,35,105,37,54,50,64,121,93,41,63,80,37,74,48,93,59,75,47,96,78,83,56
"gene_1734",3268,3631,5720,8258,3691,3262,5990,5836,4891,5221,5564,2659,5622,3362,5071,3322,4266,6079,3242,4178,3241,4093,3008,5809,6688,5829,4287,3223,3188,6271,6907,4286,5712,6821,4642,4029,3510,4204,4937,5566,5874,4454,4020,5254,4675,4814,5536,5046,4606,3623,6083,6839,3692,5916,4118,5480,7660,4790,3879,4746
"gene_1735",5,2,0,5,0,3,14,4,7,3,3,5,11,7,1,8,4,15,1,9,0,6,0,6,1,0,3,5,3,10,2,7,4,2,11,3,1,0,2,10,5,1,3,0,2,2,4,13,6,5,0,5,13,1,9,14,2,15,0,7
"gene_1736",1963,2393,2716,3648,2565,2411,3425,3945,2909,4011,3326,2527,3285,2000,3777,1782,2204,2918,2045,3905,2822,2416,2691,5900,2626,3075,1529,2557,2549,2784,3208,4954,2485,4863,2983,2530,3919,3156,3264,2468,4951,4124,2198,5695,5929,3451,2384,4574,5353,2344,3670,3422,5072,2541,3316,2847,6202,2482,3386,4307
"gene_1737",640,865,589,892,715,636,735,1152,580,1040,712,506,1048,837,783,247,474,712,664,684,915,481,1123,1549,672,899,882,731,789,537,636,1324,1130,770,832,626,764,577,1017,855,797,687,429,894,1049,582,873,664,1413,516,599,938,683,627,1127,1070,2098,582,1385,1077
"gene_1738",64,63,62,75,108,103,110,61,52,97,72,47,112,48,106,96,81,51,101,76,45,96,96,89,48,93,53,45,60,71,68,120,100,76,93,65,97,114,73,84,114,109,57,51,74,112,58,62,175,69,101,125,168,116,54,89,133,132,57,67
"gene_1739",4539,4366,7166,6922,6054,4514,6176,6938,4280,4409,4386,4044,4641,5742,5190,2797,4591,4178,4236,4028,3756,3551,5885,7871,7494,5274,4554,4939,3961,4553,4256,2825,3306,2267,3602,2024,2237,4006,3638,5540,3792,3729,1758,3537,5179,4907,1919,1963,6547,2129,2634,5298,3629,2268,3613,4628,7652,3837,5461,5314
"gene_1740",141,185,160,186,175,166,134,308,184,287,160,175,251,144,65,123,212,270,184,245,157,152,241,152,209,172,158,150,64,267,329,244,142,220,253,143,312,192,254,232,231,360,204,337,249,264,125,112,220,138,234,373,210,168,370,226,246,215,180,216
"gene_1741",170,154,261,253,204,231,344,264,265,235,213,189,154,193,185,102,90,286,234,189,226,157,324,188,254,164,120,217,164,173,128,127,175,271,142,114,171,190,166,197,220,229,91,192,170,108,249,126,234,129,177,190,283,152,155,216,302,212,226,249
"gene_1742",682,473,563,652,772,574,727,984,597,1284,737,563,1063,640,855,537,684,523,565,367,813,466,485,927,765,649,630,549,527,665,697,847,619,643,885,530,623,935,791,379,883,911,454,912,736,582,588,809,1335,497,363,1023,776,561,622,973,1205,698,835,1130
"gene_1743",3,0,10,1,5,14,1,3,2,0,20,1,6,6,7,1,2,2,6,4,0,5,2,0,14,10,17,0,2,0,13,5,3,6,8,8,6,5,0,15,3,0,0,0,11,11,2,2,4,3,0,3,6,1,5,5,1,2,9,12
"gene_1744",15,28,16,31,13,25,19,22,22,41,13,23,43,19,10,20,20,36,22,28,35,24,24,31,26,21,35,16,22,4,13,19,25,16,38,20,16,40,26,35,31,23,3,40,12,19,3,9,53,17,20,31,33,31,30,14,77,20,41,34
"gene_1745",188,102,213,175,149,135,190,159,213,73,146,71,166,222,172,107,132,170,83,143,115,139,106,205,193,148,98,114,68,59,159,195,94,111,227,93,179,131,169,177,239,182,97,211,276,148,201,148,148,150,127,185,200,185,154,165,304,144,308,141
"gene_1746",364,444,514,422,314,300,533,382,499,604,387,198,696,316,505,217,378,457,254,273,365,397,441,485,351,334,425,503,302,315,488,616,452,603,301,220,344,512,394,359,418,648,245,483,517,342,545,346,338,346,394,408,431,376,543,430,682,512,537,491
"gene_1747",33,46,63,53,47,39,66,76,43,52,47,18,18,45,65,38,88,27,66,77,51,24,54,39,26,127,50,64,55,61,93,34,60,25,90,27,39,50,59,88,53,119,98,62,59,121,76,76,80,32,107,156,60,51,58,55,177,78,76,69
"gene_1748",22,8,14,34,46,49,28,51,15,57,71,56,86,20,19,24,26,42,9,43,54,28,54,43,34,22,12,30,33,44,54,31,65,19,20,15,26,21,32,43,29,28,31,25,44,38,19,25,45,28,31,27,27,10,22,29,38,6,35,40
"gene_1749",47,81,39,97,126,95,104,95,69,70,75,94,213,103,84,81,49,85,103,65,69,32,108,130,86,73,89,76,71,135,78,103,90,89,42,53,109,88,72,46,63,77,36,86,105,106,58,63,133,46,102,73,83,77,72,105,109,78,72,92
"gene_1750",325,167,221,295,435,152,266,268,266,281,353,245,255,338,373,170,220,196,124,130,212,178,265,292,205,256,146,194,209,301,213,338,186,269,138,160,285,182,314,261,329,245,232,245,278,176,253,187,194,150,192,251,319,202,260,201,288,186,302,224
"gene_1751",1856,867,1757,1964,2506,2378,1571,2206,1616,2140,1580,1688,1986,1771,2337,1259,1897,1908,1281,1394,1497,1289,1442,2217,1652,1810,1463,1686,1702,1852,1317,2752,1566,2205,1558,921,1871,1966,1842,2386,1955,2605,2015,2251,1791,2115,1352,1290,2332,1529,1992,2425,2932,2133,1984,2404,3663,1813,4252,2250
"gene_1752",362,305,447,543,398,270,562,478,410,257,379,324,388,572,238,250,233,252,252,322,410,298,286,490,353,261,256,239,167,403,1490,1338,705,1448,1473,1002,1396,1635,1235,1520,2047,2369,852,1875,1308,1013,1001,1387,1853,1746,1074,1688,2095,1618,1696,1187,2707,1224,1648,2001
"gene_1753",667,532,609,627,514,594,1111,845,692,561,609,432,946,884,741,523,686,691,665,399,754,752,746,877,553,540,443,1062,461,992,754,802,765,924,652,262,687,1066,1029,576,681,953,714,838,688,816,726,479,543,526,551,966,652,830,593,1015,1038,760,961,930
"gene_1754",427,250,358,312,374,164,277,472,370,518,339,323,335,297,320,337,332,464,228,191,446,378,335,493,494,213,192,259,180,360,150,273,234,181,202,124,183,322,185,231,260,189,161,249,233,191,250,321,122,140,152,241,124,282,312,266,418,157,301,248
"gene_1755",31,24,74,32,72,56,42,53,72,36,60,36,52,57,45,54,28,45,20,53,42,35,39,60,37,35,39,12,23,53,86,34,52,18,45,11,42,43,18,20,30,34,31,57,35,24,14,21,20,31,48,40,37,29,43,33,75,13,35,27
"gene_1756",37,46,75,37,43,39,71,63,67,75,39,37,79,121,103,46,31,24,35,22,51,68,79,80,94,22,41,46,49,62,16,48,33,26,24,31,56,23,17,77,29,74,17,37,51,19,39,37,27,36,34,44,65,46,32,16,54,33,78,50
"gene_1757",15,24,33,23,8,21,55,19,14,10,20,14,63,20,19,16,0,13,6,21,17,7,26,11,17,17,16,11,8,35,13,10,7,15,10,2,3,12,9,36,19,15,15,17,10,11,32,38,19,23,11,25,14,19,9,3,28,6,23,2
"gene_1758",505,476,586,740,817,712,675,972,641,853,748,344,1013,756,931,585,473,576,586,586,722,334,375,743,445,664,695,867,454,941,586,434,815,622,605,444,687,571,486,502,550,766,626,659,611,566,540,659,672,561,656,770,1374,811,866,1060,1145,630,768,853
"gene_1759",18,22,70,41,62,25,17,51,58,11,89,36,61,51,42,36,31,54,51,24,24,23,53,44,45,16,12,23,38,29,29,33,74,27,28,15,10,50,33,87,34,32,24,48,27,52,91,48,29,31,24,36,33,45,42,70,62,22,38,52
"gene_1760",1384,742,1338,1212,1082,918,1256,2014,1392,1781,1139,916,1450,1388,1296,979,978,1274,890,1099,1041,871,1377,1369,1337,1108,850,1366,870,1666,2042,1962,1609,1619,1476,855,1482,2314,1694,1395,1680,1629,873,1654,1159,1832,1199,964,1991,949,916,2844,1493,1537,2075,1469,1894,1909,2533,1892
"gene_1761",289,259,392,229,306,321,240,336,287,328,337,334,334,344,256,272,236,298,331,275,207,219,284,414,401,276,345,310,279,446,381,320,247,327,278,236,283,591,265,327,358,422,156,404,396,412,215,307,332,208,279,275,424,224,393,249,570,259,503,565
"gene_1762",4912,2760,6435,4703,5954,3829,3930,6759,4744,8008,3857,3078,4635,4645,5112,3346,4395,9231,4056,4860,2960,3306,4752,5674,6762,6020,2703,3603,4475,4213,5020,3774,4252,6691,3536,2635,3974,4686,4666,5608,5705,4746,5062,5918,4116,4804,4498,6970,3558,4952,3373,4372,4706,4381,5665,4337,8308,3743,5397,3783
"gene_1763",509,485,508,639,398,420,271,451,634,663,451,422,720,491,373,403,383,393,275,318,536,214,432,414,327,361,334,504,405,252,233,433,694,446,399,254,380,482,309,382,499,415,247,403,263,307,451,326,644,220,340,545,319,321,385,316,802,359,473,440
"gene_1764",79,73,107,73,99,37,176,98,57,67,78,90,173,89,72,75,101,113,71,86,80,80,92,108,140,105,99,62,49,70,137,165,94,99,95,93,110,63,112,69,152,68,80,104,155,93,95,106,101,130,44,103,106,110,105,70,177,131,142,152
"gene_1765",56,42,130,65,82,73,79,31,55,133,81,44,43,66,43,34,41,80,37,40,59,21,76,78,74,78,55,79,101,23,48,50,56,51,34,22,55,41,65,93,52,56,64,99,27,34,48,63,75,66,43,68,59,50,75,84,105,23,39,41
"gene_1766",192,96,123,311,225,89,282,223,178,205,108,96,361,167,176,145,160,269,191,119,160,98,275,250,272,209,159,188,108,147,347,303,175,215,205,129,133,176,159,152,300,186,158,171,264,178,282,257,233,169,173,194,248,104,142,216,217,220,331,170
"gene_1767",1591,1197,1164,1330,1415,659,1098,1689,1600,1251,1041,987,1895,1377,1197,728,1090,1549,932,1108,1042,595,1672,1053,1257,1546,921,1298,737,1316,1127,1513,1454,1390,1334,747,1331,1860,1146,1670,1131,1079,766,1667,1305,1600,1192,1167,1450,1262,820,1299,1878,963,1082,1968,1371,1288,1143,1050
"gene_1768",225,107,215,172,153,113,111,178,181,219,280,99,140,190,145,116,137,171,107,157,222,112,263,216,205,234,100,208,174,168,119,106,151,205,105,51,156,132,209,185,135,252,89,125,150,141,96,136,205,120,117,147,134,120,199,177,154,133,212,127
"gene_1769",67,97,66,81,189,108,107,183,81,95,153,84,132,59,127,72,73,55,73,87,144,123,99,191,70,97,178,85,62,137,92,97,89,62,64,40,74,109,105,87,141,111,104,156,121,144,94,171,152,138,109,172,89,116,119,116,90,59,99,109
"gene_1770",3,0,5,0,1,5,4,2,6,5,0,4,8,1,0,5,3,5,0,2,1,10,5,8,0,1,7,2,5,2,5,13,0,7,2,1,5,10,6,1,1,16,2,7,14,0,21,6,8,5,1,2,16,2,0,5,5,0,7,0
"gene_1771",137,35,67,77,100,34,49,57,64,52,88,42,99,75,80,47,54,71,46,83,52,52,92,52,87,77,83,78,118,62,85,89,113,115,71,79,61,91,82,139,88,114,39,104,125,59,34,90,103,83,53,79,184,84,111,148,76,140,119,104
"gene_1772",280,142,201,145,211,149,258,149,155,254,235,83,202,174,113,156,197,348,140,143,183,144,185,378,159,134,164,204,133,275,176,388,249,189,204,130,312,240,195,240,164,204,100,248,182,115,108,109,220,151,214,317,170,144,205,122,305,166,250,176
"gene_1773",602,689,796,556,799,1106,623,1160,432,835,908,494,1245,1080,763,500,560,740,772,608,488,319,667,1059,912,958,574,845,775,640,610,461,518,551,352,413,391,761,428,683,825,469,386,1052,629,595,547,456,528,657,637,671,562,943,719,480,1134,420,599,503
"gene_1774",183,204,232,380,322,205,242,492,361,256,325,171,260,299,278,111,176,242,159,186,223,217,240,145,302,112,248,131,190,117,165,252,214,261,188,121,257,195,142,206,146,105,145,240,244,300,117,153,226,160,152,360,274,144,214,253,340,225,318,419
"gene_1775",2843,1019,1612,2101,1773,1120,1410,2050,1142,2342,1825,1974,1950,1403,1374,1541,2178,2136,1991,1360,1647,815,2412,2821,3177,1183,1487,1326,923,1929,6977,5446,8162,6955,4360,4493,5588,8582,4541,7911,7973,6015,6571,7805,3564,5650,3039,6480,7795,6124,7522,9921,6429,5504,8970,5317,10657,7795,5138,8099
"gene_1776",1370,776,984,1195,1075,1137,1507,1547,1254,1443,1118,957,1519,900,1701,806,1116,1343,927,982,1067,719,1087,1093,1591,980,640,1226,1197,1194,2061,1525,1321,1334,2017,896,967,1511,1370,1279,1536,1958,1033,1128,1565,824,680,1177,922,1104,1413,1422,1569,1482,1223,1207,2146,1013,1514,1124
"gene_1777",1016,493,917,1435,1082,957,1470,1220,783,982,1028,507,770,1056,969,867,774,670,742,1142,767,836,869,753,1494,1508,473,741,843,1082,3669,5111,4765,3527,3753,1550,3449,4151,3119,4242,4867,3105,2148,5313,4452,2772,4641,4811,3656,3771,3787,4533,6604,3330,3306,2765,3744,3448,3883,3470
"gene_1778",491,453,389,587,387,512,741,551,337,768,512,340,456,292,414,266,420,612,754,353,412,393,620,433,311,361,581,342,240,659,473,453,647,331,349,276,399,691,505,594,592,505,353,276,443,418,279,295,507,238,530,503,325,507,385,585,933,370,583,494
"gene_1779",920,636,617,853,613,430,846,1100,762,937,867,556,1137,809,920,402,475,640,444,641,496,500,689,984,874,546,637,875,347,987,866,669,553,987,702,475,935,722,938,948,1189,783,363,703,808,577,1245,820,689,941,852,1276,801,1073,857,1163,1348,529,962,788
"gene_1780",5,2,1,3,0,0,14,0,18,24,0,20,28,13,2,3,8,4,1,1,3,5,1,4,5,1,9,4,0,6,11,0,0,6,12,0,0,1,0,1,3,5,6,2,4,10,1,1,29,14,3,0,1,1,12,0,0,1,7,6
"gene_1781",1573,2189,2543,2231,3362,3658,4395,2308,2461,2491,2110,1962,3307,2186,2091,2025,1870,1945,2125,2031,2713,1929,3973,2385,2945,3200,1634,2974,1864,3100,1606,1679,1911,1919,1734,1125,1354,1093,1653,1550,1323,1467,1503,1900,2106,1390,1852,1394,1869,975,1458,1600,3219,1188,1890,1877,2465,1889,2839,1966
"gene_1782",1829,938,1745,1642,1753,1655,1418,1884,1476,1947,1384,1256,2447,1562,2291,1423,1088,1304,1418,1241,1269,662,2419,1779,1862,1201,1535,1370,1226,2263,1788,1953,1528,1769,1305,1366,1964,2754,1389,1452,1589,2055,1627,2309,1613,1977,1300,1738,1913,1889,1539,2420,2115,2264,2119,2597,4007,1305,2254,2464
"gene_1783",2579,1711,2697,3392,3207,2612,3745,4713,3372,3745,3256,2736,7333,3548,3157,2877,2042,2483,2734,2277,2694,2861,3786,3709,4718,3508,3217,4178,2918,2614,2441,6304,3466,5557,2420,3332,2408,4622,4363,3512,2761,3286,2727,3409,2110,4492,2295,2895,3887,2831,3944,2761,5477,3678,3190,3658,4904,2791,4781,5113
"gene_1784",78,97,133,231,140,105,126,123,194,132,66,86,207,167,82,49,187,169,151,114,81,107,98,165,188,74,148,120,122,171,215,223,171,144,133,100,129,103,199,125,131,135,116,168,189,147,70,126,242,108,99,244,186,119,152,183,99,93,183,224
"gene_1785",735,396,682,557,434,499,581,718,532,897,739,496,830,687,592,468,636,964,361,533,372,376,508,798,581,506,573,631,432,512,906,721,441,556,587,395,486,799,491,784,988,774,545,749,624,526,503,1000,880,595,531,593,868,388,738,651,1287,727,689,483
"gene_1786",2,10,5,1,9,3,3,5,2,1,1,0,9,2,8,2,1,6,2,2,1,2,2,4,8,0,1,9,10,1,0,0,9,2,2,3,3,5,0,2,15,2,2,5,8,27,3,3,5,8,4,15,1,7,1,4,8,0,3,20
"gene_1787",141,58,145,115,182,181,164,192,114,244,141,111,163,177,133,84,114,153,131,111,139,66,121,184,146,168,141,212,161,147,110,125,128,119,147,57,185,192,141,193,229,77,104,145,206,81,102,190,95,147,96,223,90,165,213,133,272,179,62,160
"gene_1788",2,6,6,10,11,0,15,5,0,6,6,2,9,3,4,24,9,2,3,10,0,5,21,10,0,0,2,6,2,1,6,3,4,13,6,0,3,1,8,5,9,4,2,2,4,0,2,4,4,9,1,7,1,7,7,0,3,10,4,6
"gene_1789",2821,1846,2632,3668,1824,1812,2113,2020,2059,3047,2721,1541,2078,2513,2632,1169,1775,1143,2477,2026,2727,1566,3104,1902,2846,3341,1993,1816,1566,2121,544,458,437,529,584,356,808,480,433,582,664,821,339,730,574,298,543,458,499,426,424,681,465,486,591,425,1139,552,555,741
"gene_1790",1384,719,1933,1403,891,712,1893,1058,810,1207,1228,1122,1329,1270,2088,556,890,1334,1049,956,1793,1061,1449,1567,1280,1967,1001,945,651,809,1644,1376,1255,1651,1872,623,878,1627,1055,1120,944,1095,1386,1170,1283,848,1339,891,1655,1012,941,1004,1031,1001,1600,1310,1619,1571,1311,1755
"gene_1791",75,51,33,53,155,64,95,74,69,85,114,39,72,63,73,65,52,125,80,75,43,80,218,39,90,104,35,146,72,91,103,61,76,92,75,49,127,124,62,69,149,77,71,111,91,50,60,114,74,70,101,134,80,86,128,79,94,53,83,43
"gene_1792",846,490,658,1147,733,633,962,816,1106,883,694,551,880,386,878,406,651,729,539,569,552,273,542,1278,798,726,536,635,736,763,922,1214,537,892,598,472,498,1031,530,681,984,880,428,545,875,720,613,669,1140,726,776,863,806,643,692,961,1743,802,1020,704
"gene_1793",15,15,17,15,14,10,16,9,32,11,23,7,24,8,11,3,1,34,6,8,13,22,9,19,21,6,17,5,42,17,5,10,16,13,4,7,5,13,21,13,21,13,8,7,14,9,3,9,9,18,20,10,19,8,11,41,4,20,20,13
"gene_1794",124,147,253,115,178,121,133,223,212,267,228,60,222,138,100,90,124,209,98,158,135,61,129,232,273,179,113,176,170,192,190,125,175,101,179,80,132,215,195,132,229,206,88,169,229,251,162,126,262,113,175,216,230,73,178,172,125,81,274,142
"gene_1795",1321,1715,1438,1938,1582,1062,2468,2154,988,1148,1208,685,1952,1843,1682,1173,1576,1723,1225,1209,925,1381,1489,1548,1589,1500,1074,1279,1835,1248,1318,1786,1240,2082,1376,539,1337,1472,1290,1048,1544,1330,1268,1207,1780,1483,1364,1188,1890,1266,1298,2094,1855,1465,1133,1614,2063,2207,1111,1735
"gene_1796",70,53,75,93,71,71,54,161,55,116,64,87,138,108,145,47,61,94,112,71,58,110,68,78,50,78,82,63,114,99,76,57,118,112,84,43,72,105,110,77,143,134,36,54,107,87,83,64,65,27,98,161,51,72,89,60,108,39,130,74
"gene_1797",180,67,50,179,156,105,131,160,132,189,173,158,153,129,111,91,104,130,130,62,110,138,119,167,153,148,106,166,78,112,167,80,101,129,118,28,100,58,102,122,152,100,67,130,108,47,113,63,78,79,124,112,94,104,212,120,202,97,86,117
"gene_1798",126,75,103,92,136,112,176,95,140,84,74,139,109,123,74,76,84,151,73,67,56,68,69,195,110,108,63,127,116,89,100,109,143,101,84,48,65,207,81,114,138,102,65,133,97,63,124,54,73,117,118,102,121,150,86,113,226,52,128,183
"gene_1799",304,417,380,445,419,439,662,495,429,522,478,269,781,739,489,316,269,659,579,426,377,392,393,362,287,663,275,444,240,707,473,651,660,414,442,452,393,442,485,399,596,566,556,341,458,465,411,525,617,321,399,444,538,623,442,575,713,528,500,394
"gene_1800",2,15,30,22,21,16,7,2,8,14,13,40,49,5,25,15,9,15,18,7,7,37,14,16,19,14,9,3,23,27,30,16,17,7,12,41,5,36,21,26,16,20,20,24,19,38,18,62,53,16,21,24,14,27,36,17,58,11,63,51
"gene_1801",23,25,22,20,16,22,35,40,40,17,24,14,16,30,41,26,38,49,13,37,6,36,27,19,49,25,28,5,20,37,10,49,16,50,22,14,28,49,21,43,14,42,16,11,34,25,29,27,34,1,5,41,12,22,25,24,57,19,39,31
"gene_1802",2,4,3,0,7,6,9,5,10,6,3,7,2,1,18,0,5,0,6,7,11,8,36,4,12,3,2,1,2,2,11,0,1,7,26,8,4,4,3,3,8,0,2,10,11,7,12,0,2,5,9,8,5,27,4,2,1,7,10,10
"gene_1803",320,172,474,297,285,175,319,336,466,327,342,232,315,426,156,214,243,261,229,309,188,226,428,290,443,262,270,221,234,361,243,284,244,381,280,168,199,206,99,377,285,469,349,416,448,169,237,169,244,117,348,293,617,227,322,484,307,189,270,360
"gene_1804",43,43,28,53,35,38,44,76,21,50,33,35,38,28,50,40,40,92,78,36,21,73,51,56,31,42,53,85,61,58,45,43,37,24,33,19,62,14,26,72,62,28,52,64,42,36,51,59,58,43,54,42,76,48,40,53,64,51,38,44
"gene_1805",59,22,97,122,102,41,107,62,70,53,124,138,115,87,129,43,140,44,48,59,69,44,155,103,99,89,82,93,58,112,78,106,55,79,126,67,92,87,82,64,68,93,78,157,197,56,74,63,77,55,120,97,70,62,223,157,135,79,46,116
"gene_1806",1,9,0,9,13,4,6,9,20,12,0,9,3,1,15,0,6,8,0,2,1,4,5,16,4,9,0,3,4,10,1,1,13,4,4,1,5,1,3,14,2,4,1,4,3,5,0,5,1,1,13,0,7,0,0,3,5,0,4,2
"gene_1807",495,791,945,1210,835,323,1090,1058,615,640,502,448,831,619,787,593,540,672,718,524,506,296,775,1155,663,618,553,625,396,777,762,637,562,553,638,398,574,649,423,936,806,823,361,796,726,522,574,672,555,496,488,710,1137,582,569,763,1521,570,745,1038
"gene_1808",0,7,1,0,6,1,4,3,5,15,14,13,1,0,3,7,4,5,0,0,6,0,1,3,24,2,5,15,9,1,4,10,2,1,7,3,0,0,1,1,0,0,1,0,3,1,0,4,4,0,5,17,1,0,22,4,5,1,0,13
"gene_1809",259,210,440,383,475,207,360,318,289,368,359,268,351,267,274,168,185,246,296,213,233,229,375,440,441,251,267,250,374,361,403,278,272,408,273,326,268,426,431,261,448,561,201,386,600,297,493,502,664,228,372,208,548,293,377,422,629,361,544,627
"gene_1810",2484,1913,4415,2774,2794,2081,2654,1680,2146,3009,2744,1741,2722,3177,3092,1363,2048,3300,2681,1497,2609,1178,3243,2324,2741,2208,1955,3459,2043,2507,2537,2215,1960,1930,1391,1274,2298,3215,2237,2780,2783,2214,2255,3502,1572,1773,1702,1478,3195,1066,1858,1975,1777,1441,1775,1779,3241,2093,2204,2459
"gene_1811",7,0,6,3,8,2,3,0,1,3,14,1,0,8,3,4,12,11,1,3,0,1,27,0,1,0,9,2,4,10,2,5,3,3,14,3,1,1,16,3,0,3,0,10,11,2,4,0,2,0,0,4,40,0,10,8,14,8,8,8
"gene_1812",21,48,55,17,17,3,13,17,27,9,30,16,3,25,4,5,31,28,6,19,12,7,37,24,19,4,14,11,35,24,5,0,9,1,1,2,5,5,8,13,15,14,1,10,3,7,0,4,3,3,5,5,1,4,9,0,11,3,1,12
"gene_1813",203,215,279,243,291,192,313,494,359,252,315,273,450,314,257,199,176,336,283,349,210,250,239,226,340,414,262,220,248,261,248,293,453,449,341,232,525,243,327,504,437,436,223,623,424,155,413,541,482,239,419,295,355,374,490,246,536,210,501,465
"gene_1814",2,9,1,3,24,13,4,22,25,3,2,5,5,1,24,1,2,26,17,9,2,12,8,32,11,4,6,13,3,52,10,13,43,2,10,4,23,28,8,39,27,18,8,46,7,11,7,23,3,17,5,30,6,8,33,13,55,18,17,38
"gene_1815",5142,2919,5262,5090,3124,3113,3722,4441,3387,4574,5289,4556,6401,3251,3045,3938,3732,2836,2738,2748,2407,4827,6478,3885,6778,5390,3090,3420,2071,4436,4063,4357,4633,5062,3571,2939,5084,3891,5231,6935,4320,5250,4119,3909,7496,3557,4802,6332,4970,3841,4321,5250,7711,5203,4960,4798,7458,4136,7145,4273
"gene_1816",5,9,13,9,28,3,3,25,9,12,3,15,20,9,1,11,6,12,3,37,5,12,19,3,2,13,10,25,2,18,23,7,11,18,7,10,8,12,25,6,8,14,7,29,0,38,10,15,22,20,6,11,8,4,13,13,42,16,44,30
"gene_1817",1981,1285,2012,1424,1617,959,1820,1587,1273,3023,2408,1184,2478,1442,1667,1144,1418,1437,1105,1764,1416,1293,1301,2300,1271,1829,1542,1857,1225,2271,1230,1522,1543,1743,1745,704,1366,1172,1719,1554,2430,2227,1169,1367,2415,935,1660,1184,2335,1055,1940,2219,1951,1458,1365,1178,1883,1428,2094,1980
"gene_1818",53,39,36,112,31,25,79,91,62,58,61,51,44,62,66,31,31,68,64,129,59,36,90,33,47,49,60,53,50,73,62,43,22,16,39,44,43,71,72,59,54,41,55,28,80,17,72,45,79,86,59,64,66,49,80,51,118,87,40,31
"gene_1819",760,353,777,589,849,757,834,910,950,477,800,438,954,573,880,617,363,538,440,807,577,480,992,663,872,503,428,459,307,806,690,659,786,798,445,450,551,650,409,639,615,642,611,762,449,560,778,545,380,411,678,700,860,1012,1033,824,1128,476,486,581
"gene_1820",402,181,308,211,352,246,536,534,269,237,304,272,279,374,400,170,139,247,148,298,180,252,412,295,320,342,304,335,254,435,376,344,471,470,295,401,283,529,518,394,478,513,306,504,624,388,268,481,509,422,602,399,537,413,479,457,310,364,420,720
"gene_1821",588,735,957,899,743,699,650,842,572,815,681,566,667,605,665,434,652,983,542,652,782,601,890,940,953,415,462,457,636,646,893,473,745,868,688,587,734,492,509,561,1063,683,816,1114,600,808,733,642,1279,689,528,710,987,562,1003,903,1461,583,1173,491
"gene_1822",5,13,13,25,2,2,2,2,1,0,4,3,8,0,0,0,1,12,2,0,2,7,3,0,1,4,2,2,5,8,1,0,0,2,10,17,0,2,0,6,7,16,10,0,0,1,3,10,1,4,5,12,2,29,5,1,56,8,3,6
"gene_1823",7,5,8,16,15,11,7,8,9,7,12,15,25,46,12,21,11,21,13,29,32,7,29,37,10,7,15,13,16,5,10,19,4,25,0,9,17,5,27,26,5,45,8,13,28,7,9,19,23,15,10,23,5,14,21,10,9,26,14,41
"gene_1824",44,30,40,39,36,29,32,58,35,26,31,27,45,35,35,13,19,66,50,56,31,31,38,20,65,57,19,27,23,45,27,22,31,19,16,13,30,31,17,20,19,33,17,13,22,19,31,36,28,7,14,43,7,52,34,6,67,11,27,44
"gene_1825",767,966,1223,685,1013,850,819,1016,742,760,825,465,1256,1093,1133,871,644,563,871,910,1089,673,595,1031,786,847,722,888,510,810,1259,1308,826,868,807,477,962,1012,805,897,1326,967,713,1164,1286,707,1261,998,922,548,684,940,1286,851,1115,1030,1447,715,907,1089
"gene_1826",61,16,76,71,62,54,89,52,38,92,50,43,39,86,40,27,47,30,30,31,70,38,51,51,20,21,60,38,14,26,38,68,70,23,39,22,42,45,32,44,29,29,33,106,26,34,36,37,34,6,42,41,29,23,83,49,116,32,98,66
"gene_1827",5295,3820,4544,5632,4672,7169,3961,4423,5418,6117,4060,6231,12234,3188,6816,3348,3654,4537,3235,3632,4258,4930,6322,3712,8723,5564,5050,5728,2841,6225,6695,6161,6398,6739,4381,4432,5622,7653,6119,8200,6980,9302,4776,5965,8302,5310,5171,6282,8163,5580,4527,4295,3759,8147,6201,7281,12082,5964,7296,6919
"gene_1828",169,126,192,146,105,154,179,159,164,114,156,140,197,101,111,72,88,187,159,103,142,128,95,119,113,113,124,167,81,148,119,164,161,229,122,87,176,164,211,247,67,121,98,151,135,113,56,100,250,68,105,170,116,68,114,201,208,87,200,163
"gene_1829",42,16,18,45,32,72,39,32,89,44,59,43,54,55,53,48,24,56,22,60,17,25,110,87,56,52,33,51,42,24,48,32,47,45,28,16,21,36,35,39,61,82,28,51,26,32,62,28,51,14,45,51,32,33,23,52,73,10,25,43
"gene_1830",4964,2965,4286,5215,5352,2671,5675,6778,3957,6202,5303,2891,5475,3559,3623,3085,3669,7542,3103,3781,4858,2221,5676,5270,5933,4236,2900,7626,4774,5418,5954,7985,8280,4482,5274,4673,4773,8418,3911,5127,6376,9818,3919,6414,4002,3208,5660,3763,5201,6329,6488,6624,5099,4117,6916,7740,6077,4709,5833,7280
"gene_1831",104,105,145,288,182,112,132,189,255,193,151,72,172,180,122,111,105,117,166,96,193,112,151,180,220,125,121,141,143,299,114,167,187,112,103,151,158,145,74,142,81,85,56,94,108,128,128,89,196,71,142,100,81,160,60,111,127,91,118,115
"gene_1832",254,135,199,307,175,226,201,259,291,269,145,120,163,185,169,73,176,185,161,212,197,96,215,337,261,153,131,171,88,193,118,243,132,158,124,116,154,195,226,104,63,192,137,163,144,51,94,103,182,84,131,235,117,204,172,151,265,133,294,202
"gene_1833",110,111,116,221,218,207,208,199,260,228,191,129,289,363,208,92,261,237,185,164,121,151,242,189,261,225,258,269,121,286,221,169,171,174,258,91,178,382,198,283,131,237,130,325,331,99,140,148,281,141,228,225,203,233,190,146,424,131,281,191
"gene_1834",0,2,5,6,16,1,1,5,13,8,20,7,9,23,7,7,2,1,1,21,1,8,4,2,6,0,1,9,9,2,6,7,1,11,12,4,0,10,3,6,2,12,3,1,1,3,7,11,21,6,15,7,1,20,5,3,36,1,4,0
"gene_1835",66,51,118,63,75,99,42,49,83,84,34,60,51,96,66,93,80,61,63,47,127,29,59,56,31,68,47,69,45,72,31,109,52,120,68,65,68,96,56,91,52,69,46,176,144,97,37,44,71,69,107,98,73,82,94,70,237,65,54,84
"gene_1836",93,103,88,153,127,92,157,67,167,197,129,64,75,118,161,62,146,151,88,79,96,110,161,203,219,95,57,160,73,128,112,123,117,179,118,64,126,149,133,107,207,160,70,96,152,113,57,159,252,71,166,217,217,90,161,129,293,159,73,197
"gene_1837",25,41,62,51,31,5,24,51,15,27,49,16,46,32,22,11,39,21,20,40,38,21,31,30,37,26,20,58,32,66,41,66,24,63,34,11,33,63,36,56,50,123,17,30,18,53,58,62,40,28,55,48,36,68,19,121,37,62,38,49
"gene_1838",425,346,438,337,305,367,304,516,275,410,220,289,465,560,419,281,369,387,187,318,502,449,465,384,417,411,351,287,279,576,494,843,354,368,407,420,513,584,510,732,442,642,380,297,659,428,545,436,552,469,398,583,617,335,653,785,676,448,368,563
"gene_1839",86,178,138,124,77,77,80,132,194,157,58,49,104,95,98,31,68,97,122,93,56,126,81,105,127,103,50,74,106,157,125,189,216,329,160,122,140,170,163,177,195,155,98,205,200,162,110,211,297,104,222,160,218,237,169,177,205,136,159,163
"gene_1840",34,11,29,41,25,28,26,18,15,38,8,25,7,23,20,6,12,27,22,17,13,20,39,24,52,10,13,39,29,36,26,14,19,38,20,23,27,34,30,44,43,16,21,23,6,58,16,7,19,10,14,36,21,15,52,65,25,37,38,47
"gene_1841",489,443,344,277,441,361,529,640,609,587,574,361,555,458,309,353,580,443,217,299,566,196,434,405,509,490,184,355,272,450,535,551,341,303,615,236,483,547,397,479,549,501,415,386,539,587,400,474,529,286,206,547,674,524,342,316,703,339,314,662
"gene_1842",3,1,6,9,2,14,4,14,14,11,25,6,4,14,4,1,10,8,5,7,2,0,7,4,0,17,3,6,10,6,13,4,9,16,12,3,8,15,8,2,16,22,12,13,8,2,9,3,0,4,2,4,2,1,14,8,19,18,14,1
"gene_1843",6,41,23,23,25,6,29,18,36,25,22,22,42,18,51,7,14,33,12,43,6,18,29,22,37,21,21,31,14,18,33,19,13,38,9,14,4,22,12,32,25,38,12,32,8,8,15,18,39,7,34,17,11,35,33,23,44,13,15,44
"gene_1844",109,36,103,59,71,87,75,40,104,145,82,68,112,29,124,66,41,116,48,115,53,32,63,42,98,65,60,58,91,59,79,115,40,63,70,33,92,96,82,99,139,99,41,89,71,72,71,72,113,63,71,103,97,54,111,112,92,119,79,90
"gene_1845",170,140,105,284,125,189,274,192,390,120,73,152,133,144,183,165,110,200,154,89,145,147,174,211,267,213,145,148,138,227,193,150,127,298,215,64,124,184,196,156,153,258,149,194,223,163,67,268,280,186,170,233,175,160,190,108,292,120,206,216
"gene_1846",31,16,11,46,52,16,26,35,31,60,18,26,107,30,38,37,36,20,63,33,18,44,46,30,94,47,42,48,29,90,110,19,45,39,47,30,30,21,29,36,89,28,27,43,20,26,28,21,29,32,31,19,27,42,54,30,153,27,71,90
"gene_1847",0,1,7,7,9,14,0,4,4,2,6,1,0,4,8,2,17,3,0,4,12,1,15,3,7,1,9,7,0,7,1,1,6,6,17,0,5,2,2,2,6,6,4,16,6,12,1,3,9,1,3,9,0,5,0,26,2,0,2,0
"gene_1848",83,136,182,190,113,74,98,89,183,212,82,68,221,65,113,28,66,56,134,109,104,106,171,120,87,95,94,72,45,71,72,87,62,123,54,71,84,91,59,97,142,114,54,90,112,67,53,82,118,65,86,111,60,114,91,99,131,92,118,88
"gene_1849",1620,1500,1591,1769,912,1704,1596,2008,2329,1819,1524,1448,2763,1581,2176,932,1637,1017,1384,1808,1344,915,1891,2568,1805,1759,1082,1622,1223,2608,2692,1776,2322,1883,1387,1097,2165,2029,1589,1130,1957,2114,1026,1881,1462,1524,1742,2752,1400,1075,1751,1334,2673,1641,1689,1518,2808,1624,1837,1662
"gene_1850",2,2,1,0,7,6,12,1,0,9,1,1,1,1,0,0,2,11,2,0,0,2,4,0,1,12,0,2,2,5,0,9,8,6,1,1,4,10,12,1,12,4,8,2,6,4,3,12,9,1,0,6,0,6,2,1,6,4,20,5
"gene_1851",413,269,610,581,785,623,886,455,557,557,416,400,852,238,416,409,439,621,502,406,714,607,664,735,531,560,467,700,360,648,419,650,547,313,509,346,549,509,609,235,418,499,365,556,480,274,605,431,1027,460,283,374,585,742,749,517,623,568,529,683
"gene_1852",1187,1152,1256,978,1143,1028,1368,1676,721,977,1021,789,1566,1620,796,928,1172,1539,1352,972,1071,1092,1358,1301,1768,896,675,1395,1037,1252,1040,1846,1177,996,1148,619,1272,1881,1438,1354,1117,1399,1156,1883,1706,921,1589,1122,2249,796,1225,867,999,1516,900,1056,1677,1339,921,1578
"gene_1853",219,211,207,297,238,232,286,321,109,234,278,164,318,304,280,116,225,279,197,238,194,126,383,271,236,172,231,297,157,167,353,212,127,228,205,173,176,289,211,210,236,206,172,213,217,267,122,184,209,157,267,222,186,225,240,297,159,107,188,286
"gene_1854",61,141,137,243,157,80,104,153,185,190,112,115,133,139,167,57,117,74,113,130,185,110,118,243,259,190,91,111,136,130,175,162,165,104,155,58,134,210,129,136,178,143,85,153,135,131,144,238,143,106,135,157,166,152,203,182,218,98,256,129
"gene_1855",2378,2108,3536,2752,2345,1569,2408,2318,3180,2985,1919,1789,3173,2329,1763,2170,3076,2491,1836,1717,2430,1675,2669,1321,2537,1950,2275,2831,1866,2695,2766,1679,2514,3575,2752,988,2927,4683,2509,3992,3614,4433,2092,1640,3855,2757,3324,1827,2626,2709,2918,3606,3224,3321,2432,2802,2192,2326,3640,2942
"gene_1856",158,111,181,235,153,137,108,202,159,240,159,161,290,125,117,82,122,184,181,200,194,123,123,173,197,108,117,192,119,211,198,162,215,230,145,219,153,225,218,257,295,288,140,222,192,204,205,205,218,150,157,200,249,179,247,218,552,184,277,395
"gene_1857",5,1,1,1,14,4,0,7,2,2,12,2,3,8,0,10,1,3,2,4,2,18,0,12,0,1,2,3,2,11,18,0,11,5,0,2,7,1,18,2,4,13,1,8,9,0,5,3,6,3,4,0,11,2,7,5,3,1,10,13
"gene_1858",525,507,725,563,948,460,586,660,855,750,878,462,654,724,626,371,662,734,549,456,423,740,693,535,711,635,797,615,399,615,892,957,571,889,858,534,517,572,483,401,744,720,505,579,596,673,482,623,779,482,653,615,947,834,585,426,1917,510,752,748
"gene_1859",1681,1697,1986,2118,1984,2486,1907,2140,1824,2073,2041,1726,2741,2210,1847,978,1991,2463,1657,1508,1083,1644,1887,2061,2117,1985,1705,1401,2101,1484,1857,1741,1567,1631,2342,1146,1416,1945,1675,1711,3452,1363,1053,1603,1379,1461,1625,1148,1737,1564,1411,2056,2031,1853,1801,1702,2264,1547,2370,1985
"gene_1860",673,743,787,926,943,1019,682,704,897,716,690,493,1277,1009,989,585,609,591,733,538,421,395,650,1011,902,630,726,917,584,974,553,802,429,623,380,420,565,589,312,601,703,674,528,522,757,443,317,515,504,428,421,840,593,543,685,620,1048,900,604,538
"gene_1861",455,208,649,316,497,290,552,606,482,496,294,292,504,428,375,333,329,275,412,364,332,141,475,455,495,376,300,412,275,445,413,632,509,424,203,228,262,225,346,493,708,629,279,428,542,287,361,524,501,361,525,496,572,423,609,401,648,251,778,489
"gene_1862",290,164,521,467,430,172,428,623,300,303,266,459,445,404,340,191,315,470,243,276,382,226,460,562,383,267,256,315,270,273,341,395,523,467,446,224,362,508,416,585,783,815,224,526,596,316,396,184,353,423,390,577,518,233,417,581,721,410,576,605
"gene_1863",214,227,262,473,399,146,426,311,297,442,305,171,365,413,258,155,182,391,381,236,248,104,276,306,537,353,224,401,307,369,237,290,309,297,171,184,238,591,330,321,294,306,196,353,357,259,230,268,373,247,241,485,353,281,309,248,443,357,270,254
"gene_1864",320,232,543,458,508,346,397,483,442,339,403,323,627,487,632,187,295,888,355,298,342,359,261,483,581,452,371,486,433,537,405,262,313,679,384,492,410,467,533,581,268,572,244,667,777,422,507,354,536,352,274,400,610,467,739,420,956,418,451,533
"gene_1865",2971,1311,1476,2362,1826,1452,1997,1897,2303,2763,1935,1405,2153,2385,2378,1657,1281,2991,2313,2189,2287,1394,2078,2441,3374,1463,1878,2544,1054,2537,2611,2140,2593,3209,3390,1585,2315,3550,2065,2215,1981,2821,1202,3397,2851,1963,2062,3017,4455,1409,2969,2308,2992,2588,4214,2204,3166,3236,2853,2418
"gene_1866",4,31,14,12,19,3,1,9,25,9,3,11,22,7,11,3,2,17,23,17,12,8,4,32,10,23,2,4,8,12,10,15,1,4,4,1,1,1,23,5,14,4,9,14,11,6,21,3,4,8,9,6,16,1,16,19,45,1,4,11
"gene_1867",123,86,175,152,110,118,222,180,150,145,193,180,171,174,220,104,61,140,134,162,108,90,219,189,224,172,92,146,147,169,105,119,143,111,86,79,199,270,107,148,167,126,197,97,149,121,95,169,147,156,170,207,84,155,198,146,330,148,186,145
"gene_1868",318,256,428,232,377,353,249,356,526,472,324,191,395,444,306,208,254,355,164,414,260,169,365,376,617,243,270,343,173,426,508,558,304,314,287,179,287,344,283,602,506,540,342,336,437,240,293,232,401,154,373,361,313,252,338,442,619,496,588,472
"gene_1869",642,682,557,611,921,749,719,838,659,1058,829,426,1164,969,546,650,740,760,724,886,816,730,766,934,1113,917,471,901,411,822,564,721,843,1042,1017,763,653,901,850,1354,887,938,646,941,1123,665,684,816,754,1151,1211,847,940,666,777,1387,1261,746,721,1186
"gene_1870",6,15,8,9,20,18,9,41,17,22,7,12,1,2,12,12,7,17,2,12,12,0,16,13,13,7,15,4,5,13,0,32,9,25,5,8,6,26,1,1,10,8,7,2,18,11,14,5,18,5,24,19,9,3,0,0,21,8,15,9
"gene_1871",78,72,63,90,34,26,72,61,27,46,39,34,55,55,63,19,10,35,43,10,45,73,27,61,33,19,32,23,30,57,18,75,41,23,57,25,35,44,74,26,42,27,26,78,67,44,18,16,68,15,17,47,37,33,52,55,127,35,76,48
"gene_1872",9,0,3,6,5,8,3,4,4,4,0,1,0,12,4,0,0,0,1,5,1,7,3,9,1,3,0,16,1,20,1,4,0,0,7,3,0,1,0,50,3,17,1,13,5,4,7,3,1,0,3,4,5,4,2,1,8,17,1,6
"gene_1873",256,78,242,260,331,237,301,356,171,243,221,147,274,339,301,145,146,314,217,189,213,232,285,318,231,172,153,121,192,236,264,486,205,253,278,87,287,422,339,167,416,370,156,271,265,415,269,432,354,249,432,261,415,265,352,284,457,406,409,327
"gene_1874",48,65,84,53,81,93,79,73,76,77,87,58,105,124,27,62,57,85,88,51,72,29,130,94,143,82,45,36,112,114,73,142,38,120,85,45,39,85,83,49,59,126,82,124,65,95,59,79,135,45,112,117,124,74,155,118,182,105,62,121
"gene_1875",30,34,26,48,33,19,63,26,28,45,33,37,31,17,38,16,20,49,32,30,43,27,40,35,18,37,15,27,34,39,56,30,45,26,33,36,38,48,51,29,60,12,20,50,40,11,16,47,29,36,48,65,53,5,42,41,52,34,31,50
"gene_1876",104,62,78,140,109,54,112,99,187,62,93,83,96,139,51,47,64,154,74,104,147,64,127,95,153,75,85,182,60,137,100,111,147,139,121,122,120,68,106,155,82,163,64,130,104,68,68,184,127,133,90,185,83,90,113,75,246,69,102,169
"gene_1877",2277,1676,2508,1516,1490,1222,1426,2315,2201,2098,1882,1336,1115,1896,1788,1448,1227,1669,1158,1733,2018,1488,1857,1850,1950,1961,1205,1023,1564,1701,1533,1969,1483,1791,835,1122,1787,1439,1148,1779,2427,1290,811,2021,1517,1154,1388,1468,2874,1838,1538,1384,2323,1365,2316,1594,2836,1864,1750,2844
"gene_1878",2020,1362,2243,2811,1468,1331,3552,2440,2409,2635,2106,1536,3789,2137,2406,1530,1951,2115,1904,2011,1858,2132,2069,1983,1956,2400,2371,2182,1476,3368,2656,3131,1809,3684,2232,1173,1607,4983,1895,1494,3570,2764,1164,2750,4116,2034,2086,1875,2149,1731,2418,3650,3402,2792,2689,4140,2632,2463,3316,1746
"gene_1879",61,30,117,84,104,84,43,126,63,123,64,62,96,105,61,32,52,61,102,58,69,37,64,92,42,111,106,54,48,74,81,58,43,20,32,35,39,82,56,64,64,76,42,57,63,50,56,53,53,40,63,64,74,67,42,59,69,51,88,53
"gene_1880",8,8,2,16,15,11,10,10,6,8,20,7,27,2,4,11,22,7,7,17,9,10,12,31,12,8,12,2,15,10,18,12,26,3,18,2,15,16,37,44,20,43,21,12,22,7,22,5,22,28,16,16,22,1,15,4,46,2,19,12
"gene_1881",18,15,39,7,12,12,26,3,32,18,48,7,23,37,31,5,9,22,21,18,20,13,4,9,21,14,14,0,21,17,12,7,8,12,0,9,5,17,2,7,28,19,8,24,27,15,12,0,20,23,13,12,12,10,32,14,18,5,12,11
"gene_1882",706,418,1124,817,1055,634,1139,1428,1045,1054,835,670,1159,847,1383,370,630,742,736,657,471,417,915,803,1204,854,453,794,697,1580,1030,866,744,548,250,351,781,556,985,968,1065,942,500,1075,792,827,661,938,943,387,693,722,816,813,1073,812,1375,963,1061,644
"gene_1883",4,6,17,9,28,41,8,10,13,13,8,9,5,16,17,9,17,16,8,5,17,12,15,19,31,11,9,10,20,26,30,27,6,5,7,6,12,12,9,32,27,10,5,3,3,13,30,6,38,18,30,11,14,2,29,6,19,11,12,31
"gene_1884",198,223,378,218,400,249,310,335,374,253,318,221,412,345,190,212,179,408,166,248,201,258,316,247,294,247,246,262,116,327,265,245,252,348,216,272,305,242,416,325,406,355,235,502,353,256,597,193,699,225,247,277,253,321,521,453,736,206,225,382
"gene_1885",1205,962,1571,1372,1453,1683,1502,1207,1560,2057,1215,819,1613,1281,1743,451,1430,1394,2020,373,909,942,1053,1697,1688,1423,1165,1457,896,1410,1519,1442,1506,1495,998,762,1575,1034,1412,1836,2000,1782,781,1769,1547,1568,1316,2244,1309,838,1582,1221,1412,1063,1100,1402,2800,1397,2023,1521
"gene_1886",506,326,484,602,451,398,338,825,474,660,662,446,627,463,598,252,269,360,456,444,601,217,601,535,575,741,281,384,320,404,200,203,190,173,324,214,172,371,111,225,275,249,259,257,187,177,231,152,159,172,181,383,393,169,254,284,444,260,208,289
"gene_1887",47,80,124,48,41,95,101,92,55,99,72,73,70,52,54,39,60,59,50,53,50,49,84,55,97,103,45,74,52,53,62,79,91,95,29,60,158,131,61,103,114,134,39,102,173,65,88,94,113,37,76,68,52,111,68,122,101,53,45,98
"gene_1888",236,142,227,162,159,160,215,249,143,151,200,109,172,148,149,155,114,240,140,144,234,72,149,175,190,257,175,118,147,254,112,181,203,139,128,83,142,97,126,103,240,111,139,132,140,108,105,142,199,101,223,247,208,124,144,168,282,175,219,147
"gene_1889",2189,1985,2239,1914,2814,2043,3786,1828,3068,2323,2574,1886,3287,2881,1878,1914,2553,2195,1786,1974,2734,1762,3042,2963,1970,1780,2025,2197,2117,2388,2785,4689,3006,2164,4451,2541,3491,4670,3346,4186,4068,3908,3499,4163,3919,3429,2964,2122,3070,1924,3408,4014,4149,3621,4216,4030,5277,2017,4997,3753
"gene_1890",290,154,243,204,349,194,261,233,304,249,256,251,332,298,489,159,219,306,187,369,221,273,263,605,327,170,284,138,157,445,284,214,332,221,211,110,173,386,246,213,408,249,144,275,210,171,157,210,396,145,182,175,330,147,227,383,380,173,318,235
"gene_1891",0,8,1,11,8,1,6,0,8,1,3,10,2,6,6,7,1,2,3,3,0,6,0,6,2,11,3,5,7,6,0,12,13,16,5,1,2,2,18,21,4,3,3,2,9,5,17,21,16,1,21,25,3,6,2,6,1,7,1,2
"gene_1892",2643,2561,5026,5147,4876,3359,7525,5943,7481,7154,3698,5507,6291,4442,1982,3817,4028,6478,4039,4068,3227,2273,4456,5312,6189,5188,4425,8353,4419,6680,5360,4237,5473,4544,6121,2585,5139,6410,4704,8290,8082,6615,3286,6284,5879,3689,3997,3455,4562,3653,4269,7191,4811,3993,4177,3958,10030,3483,5317,5832
"gene_1893",40,74,82,86,63,81,34,84,107,86,72,55,66,67,100,44,33,45,88,108,73,34,86,125,85,66,81,73,42,74,41,74,54,47,36,42,32,95,62,57,54,43,37,48,34,43,48,45,74,39,61,97,53,33,52,76,106,53,127,69
"gene_1894",15,21,20,22,18,49,13,15,70,30,20,20,24,42,34,26,15,13,34,22,32,14,19,20,30,13,27,57,29,26,47,73,68,45,21,14,20,47,28,25,18,35,33,12,74,17,39,60,73,21,17,21,96,31,10,43,48,17,23,16
"gene_1895",93,39,180,236,91,83,172,146,261,144,113,130,69,91,177,114,108,118,31,59,98,61,119,137,72,102,108,118,35,93,39,73,100,34,61,51,117,56,69,71,40,65,79,137,75,68,43,53,80,63,73,34,116,57,63,42,158,64,121,120
"gene_1896",405,314,300,640,426,383,661,436,678,673,739,329,519,651,389,281,486,314,468,256,395,368,738,447,555,410,330,575,457,668,455,302,557,316,529,211,652,395,313,596,418,450,383,533,562,257,539,526,423,392,329,415,366,387,239,479,591,513,684,706
"gene_1897",4442,4669,5818,5483,5132,6254,4145,8315,4429,6714,4414,3515,8426,5049,5596,2288,3520,5261,3554,6015,3982,3873,6028,4666,7735,2990,3302,6607,3921,4021,4917,5843,5027,4484,4170,3124,4436,4694,4844,5462,4776,8270,3343,4845,3392,4475,3764,4992,6032,3786,4126,4069,4184,4809,5713,3433,5931,3375,5514,4212
"gene_1898",315,251,250,400,219,183,502,337,349,371,296,231,294,220,183,179,266,274,215,286,193,267,185,364,288,363,187,221,192,150,277,309,255,423,301,206,282,293,231,481,294,310,174,411,461,340,198,339,427,202,262,329,353,290,277,333,604,246,640,172
"gene_1899",470,323,469,588,608,460,524,657,568,354,517,412,691,513,704,432,330,778,405,484,528,454,618,551,490,640,340,420,282,569,522,632,711,679,684,566,366,740,644,767,820,1015,279,908,703,447,345,624,831,369,717,492,1186,432,362,1057,1246,667,871,732
"gene_1900",1,0,0,41,10,10,9,8,5,7,8,12,10,5,10,8,13,1,0,0,1,7,6,6,5,4,4,0,3,8,0,5,10,5,3,8,0,4,0,2,1,0,19,4,11,2,5,0,3,0,5,4,9,5,4,1,7,1,9,8
"gene_1901",96,28,138,77,51,120,172,106,164,114,102,61,166,118,119,47,134,169,100,55,60,79,78,128,144,64,84,92,90,80,76,112,78,69,105,61,30,119,59,92,83,130,16,126,79,58,76,66,187,59,88,101,154,63,96,73,133,96,110,137
"gene_1902",193,214,242,296,164,194,250,357,165,206,319,234,300,94,166,158,157,388,146,183,228,203,135,220,293,413,233,194,130,322,418,268,338,287,223,187,434,141,391,173,266,285,165,222,474,273,194,188,228,140,225,271,314,181,286,210,456,315,432,316
"gene_1903",5333,3287,3869,5940,6130,3344,3188,7593,4362,3578,4552,4379,5405,6589,4869,2466,2948,5246,3940,4119,3266,3367,4087,6725,6709,5363,2015,4087,3503,4404,4058,3915,4716,4301,2801,1613,3353,2981,3204,3953,6115,3874,3878,5168,6766,2917,1867,4379,6962,3786,3861,5244,5052,3499,3699,5929,3699,3486,6080,5424
"gene_1904",68,22,66,56,81,82,96,95,17,32,69,103,58,15,85,29,69,103,40,60,39,23,80,86,115,66,47,58,58,87,36,46,30,55,39,15,59,46,38,21,44,54,42,100,73,35,53,58,76,32,49,115,82,112,139,57,96,66,76,58
"gene_1905",177,118,157,167,165,138,179,239,231,201,199,183,209,130,172,112,176,105,39,131,153,119,178,150,144,128,92,130,139,186,144,175,150,106,224,35,201,231,122,120,141,166,160,190,209,95,63,120,160,64,130,118,202,147,184,128,345,172,232,151
"gene_1906",743,773,484,752,778,484,770,594,436,911,473,508,719,773,804,549,514,716,559,525,767,331,971,550,837,614,773,449,512,546,610,497,543,560,468,543,453,616,902,476,935,661,499,681,569,556,463,688,601,534,494,875,513,483,431,696,785,509,674,1112
"gene_1907",95,91,163,238,244,162,175,196,234,235,181,124,269,139,93,139,110,147,105,152,83,147,242,154,182,167,116,99,228,139,266,245,147,302,245,172,225,126,178,220,209,220,170,241,288,216,171,183,281,118,175,344,223,192,223,208,289,125,251,212
"gene_1908",1714,926,1543,1590,1965,1425,2175,1363,2841,1820,1369,1508,1750,1523,1040,911,1520,1444,1246,1362,1410,1456,1090,1445,1337,1509,1420,1646,1155,1106,1482,2309,2030,2097,1531,952,1946,1611,2280,1539,1653,2415,1651,3061,1448,1568,1457,1626,2100,1153,1557,2564,1956,2718,2567,1011,2030,1650,2597,2029
"gene_1909",305,229,297,213,232,233,291,301,244,511,440,203,407,330,256,189,166,281,131,167,254,287,198,270,524,353,404,210,222,200,197,402,370,453,248,132,274,307,399,229,331,323,203,237,236,321,287,208,404,323,166,589,253,233,278,410,608,251,274,185
"gene_1910",2039,1057,1246,1559,932,833,1155,1512,1341,1928,1258,986,1827,1407,1880,747,1029,1024,1227,963,1477,1212,891,1989,1861,1300,1135,1668,1393,1228,1146,1354,1633,1545,1864,699,1433,1533,933,1629,2804,2451,1482,1068,1230,1079,1109,1468,2243,984,1277,1442,2122,930,2364,1821,2211,1311,2511,1288
"gene_1911",1,12,15,7,9,23,16,10,37,14,31,10,17,26,74,1,28,12,19,25,14,4,21,25,31,12,26,20,10,15,13,30,18,40,28,4,11,12,24,2,15,11,7,4,2,4,5,9,5,18,9,11,12,6,16,35,27,17,22,32
"gene_1912",477,495,281,584,320,310,577,510,274,316,596,206,411,422,393,220,250,338,240,374,322,424,385,438,384,408,331,511,414,405,703,299,402,525,299,168,412,493,445,384,285,529,374,499,478,425,220,343,505,278,511,628,410,315,432,701,657,459,390,703
"gene_1913",1278,944,1498,839,1395,1275,1434,1656,1465,1685,1193,980,1956,1594,851,901,893,1565,1038,1254,1213,832,1342,1112,1390,1635,1258,1127,946,1301,1300,942,1125,1727,1381,825,1562,1499,1065,1379,1535,1905,920,759,1618,1099,948,1272,1446,1131,1294,1318,1994,1300,1337,1747,2190,1072,1564,1371
"gene_1914",695,856,385,1020,861,587,700,1498,1044,968,1064,794,754,729,863,526,571,1032,778,647,466,613,599,610,570,741,361,900,786,645,1080,1068,1207,1286,790,675,1079,1145,788,1009,1350,1022,602,1696,942,913,881,857,1233,1148,900,822,1101,2167,534,1113,1862,638,1368,1352
"gene_1915",189,140,133,202,206,89,187,162,270,130,110,152,276,106,189,64,122,140,118,173,146,115,207,248,202,161,145,88,90,156,120,123,149,211,176,76,271,169,179,164,218,265,144,174,122,129,105,134,127,124,141,90,292,112,129,182,183,148,303,176
"gene_1916",1175,1154,1170,1438,1188,851,893,1031,1183,770,1578,758,1533,997,979,716,1123,1013,830,1018,1299,699,1052,1210,1372,1213,1165,773,740,1175,1213,1995,1104,1733,959,618,756,1273,1616,1138,1304,1250,1084,1746,1289,964,1367,1310,1216,1039,1270,1221,1006,1120,2245,814,1647,850,1698,1897
"gene_1917",967,947,1759,1259,1245,1015,1310,1713,1404,1515,926,825,1079,1465,1092,678,1213,1506,820,708,1110,551,1353,1914,1794,1475,1103,1344,1251,1329,1005,1033,728,900,1024,518,1096,1298,934,960,795,1262,967,1221,1135,1223,938,895,937,681,1147,1700,903,983,1001,1436,2177,801,1118,1520
"gene_1918",110,115,195,164,115,120,89,127,199,111,122,75,174,188,147,156,117,166,53,143,117,89,183,139,150,136,131,109,116,106,221,129,193,127,279,86,207,319,217,159,142,221,101,313,226,131,183,275,246,85,280,161,260,167,174,292,395,197,400,97
"gene_1919",17,4,17,6,7,1,16,17,5,11,25,10,19,33,8,3,9,0,23,12,23,20,25,43,20,11,6,19,5,4,23,7,16,17,1,1,10,5,7,28,3,33,25,8,5,2,29,4,19,3,4,33,3,31,16,5,12,8,10,2
"gene_1920",5820,4670,5404,5761,4949,6254,5716,8039,6132,5909,3350,3906,6957,5705,3900,2591,4245,4461,3826,5206,3323,5304,4345,6761,3668,5409,2716,4384,5065,3988,8314,4864,3930,5765,6340,2697,6609,4472,3809,2782,5159,4697,3563,5729,7334,3845,4339,4284,4773,3316,8366,4304,6736,6099,6991,7448,7272,7034,7857,7003
"gene_1921",791,691,1141,821,939,876,1094,1308,1077,1049,652,870,773,1221,745,470,1051,773,845,682,1006,725,1136,959,1267,1186,716,721,636,973,1059,1803,1180,1420,820,545,513,889,557,657,1065,897,795,680,1052,668,863,954,1068,769,577,1194,637,807,865,763,1158,801,1305,957
"gene_1922",245,63,226,204,139,278,258,214,314,337,344,194,437,170,217,158,199,316,189,271,170,202,422,287,264,289,256,123,183,202,263,277,254,361,216,142,218,193,154,195,349,124,241,379,258,287,131,338,335,172,271,209,307,267,232,159,432,191,322,457
"gene_1923",151,145,300,228,115,131,478,282,191,308,270,169,505,241,238,207,146,166,275,188,171,159,234,519,410,290,262,421,241,156,310,240,227,415,268,157,352,373,218,468,363,302,257,274,228,203,298,324,357,285,334,507,362,267,194,346,442,310,337,214
"gene_1924",3,17,37,7,15,39,20,35,53,17,13,19,26,22,21,30,74,11,14,5,14,6,34,12,25,29,4,37,35,34,5,10,19,17,29,2,12,16,31,32,33,24,30,35,13,7,23,10,20,29,32,37,23,13,23,43,37,16,51,17
"gene_1925",240,183,170,179,300,147,279,267,241,261,135,83,163,168,341,172,84,333,116,186,153,117,176,185,177,112,112,155,102,155,207,130,127,281,91,80,106,198,143,169,211,354,212,225,161,249,214,249,148,149,209,134,136,146,230,282,341,149,173,184
"gene_1926",56,61,259,129,111,98,103,107,117,120,84,62,124,167,117,47,73,124,114,97,158,96,60,94,100,94,86,142,93,86,101,93,123,199,116,47,153,134,96,117,126,117,62,107,149,119,73,79,106,81,114,130,202,143,122,96,148,103,163,222
"gene_1927",367,291,236,313,218,241,415,353,460,357,348,266,893,513,384,243,301,371,271,258,294,213,314,681,490,691,326,298,267,529,308,296,315,297,316,213,385,373,283,231,353,591,333,278,466,332,266,418,624,317,298,358,321,407,568,348,526,294,411,339
"gene_1928",2450,1657,2720,2166,2094,2922,2720,2190,2972,3298,3086,1568,2998,2065,3846,1380,2091,3153,1927,1445,3081,2180,1183,1791,2875,2578,1934,994,2785,2008,2463,1805,2850,2644,1951,1610,2102,2245,2327,2695,2358,1791,1059,2952,3075,1863,1305,2624,3292,1721,2382,2523,2595,1940,2867,2200,3635,3043,3125,1807
"gene_1929",354,282,571,621,280,332,493,488,490,500,389,250,794,547,415,315,203,601,518,428,387,279,499,416,700,560,476,417,403,296,368,393,207,348,432,173,272,437,251,237,388,452,222,390,554,292,312,427,587,264,265,367,384,272,198,354,413,369,493,443
"gene_1930",10,1,14,5,14,12,20,4,9,1,4,4,11,24,14,3,0,3,1,2,2,1,16,8,8,9,2,7,1,6,0,5,13,13,2,0,3,4,14,0,14,9,2,3,5,0,23,12,0,9,13,9,5,3,3,0,25,8,11,4
"gene_1931",761,632,809,884,876,618,712,793,877,1019,794,414,912,677,881,500,625,517,570,621,837,754,1051,953,588,612,437,615,573,1019,1036,821,1233,752,818,630,1324,801,904,802,984,1097,909,1513,1937,790,629,1028,1093,663,899,676,1102,627,1028,818,1381,984,707,1048
"gene_1932",5652,3888,5231,3341,4008,6137,5071,4542,6294,5792,5144,4711,5690,6122,4061,4134,4565,5381,4570,4107,5204,3247,4221,4917,4340,5155,3115,5324,3281,6230,2930,5572,5849,4487,3956,2555,5832,5034,5411,3266,7548,4569,2257,2472,6692,5829,3649,4670,6491,3347,5584,5591,4952,4210,5907,7733,5078,5606,4831,5040
"gene_1933",154,255,373,162,419,233,404,390,479,206,287,271,344,367,237,169,390,258,131,135,404,216,165,399,482,287,373,244,145,195,267,293,322,191,294,183,373,239,355,258,388,217,274,405,297,261,259,341,408,167,238,538,278,239,323,312,194,427,428,408
"gene_1934",5208,2843,2300,3124,2808,2429,3686,3694,2966,3426,3863,2277,5030,2743,3467,3366,2409,4566,2581,1831,3601,2517,3657,4234,2503,2100,2666,2370,2024,2755,4203,5301,3880,4060,3692,1967,3952,3424,3274,4431,4446,4545,3484,3345,3099,3939,5366,3236,5484,2222,3384,4873,4771,4386,4076,3870,5186,2529,3704,3139
"gene_1935",30,24,14,22,25,30,70,22,31,56,54,22,35,45,75,28,28,35,25,19,30,25,54,45,11,19,23,14,38,22,18,26,22,63,36,22,20,33,17,89,79,46,47,37,21,34,39,49,59,14,28,53,16,54,28,34,9,21,14,45
"gene_1936",34,16,94,54,99,32,42,131,75,71,46,62,103,40,53,63,76,114,33,24,92,36,48,100,85,85,42,74,27,136,53,32,94,38,62,27,84,83,61,60,89,43,38,43,62,41,43,59,48,64,57,111,97,54,43,49,67,43,74,52
"gene_1937",207,158,243,161,231,162,227,196,119,186,231,159,311,290,312,125,142,210,130,174,175,157,226,131,328,233,98,203,199,363,209,261,234,122,255,189,312,364,366,254,242,559,114,362,299,254,272,124,258,118,231,202,238,169,180,256,394,207,221,415
"gene_1938",898,1016,1809,1211,1326,1548,1046,1199,1352,1368,1206,867,1179,1194,1042,811,1293,995,942,1524,1991,665,1520,1204,1590,1013,952,1285,909,1162,1345,1683,1300,1624,1206,719,1093,1870,2203,1939,911,1669,714,1797,1107,1095,1983,1111,1915,933,1362,1949,1508,1231,1175,1316,2677,1398,1289,1536
"gene_1939",279,162,305,179,214,134,219,144,309,191,222,108,242,271,224,132,103,230,180,131,164,142,155,296,351,162,193,195,189,152,232,395,140,237,121,97,199,150,180,214,312,135,132,213,408,207,258,169,257,70,189,226,151,159,291,179,354,259,179,169
"gene_1940",23,27,25,53,29,12,21,34,9,18,17,5,35,48,15,8,16,11,34,9,29,14,21,49,33,32,29,24,29,25,41,109,93,165,64,44,29,81,80,52,85,117,66,21,194,78,62,90,187,58,114,190,140,79,271,44,225,149,71,87
"gene_1941",6,2,6,4,2,3,8,3,0,5,7,5,12,15,2,3,6,0,5,3,3,5,1,3,3,4,4,13,2,2,0,1,3,1,1,6,1,1,10,1,3,0,6,3,25,4,31,2,3,3,1,4,1,15,5,16,7,4,26,5
"gene_1942",102,130,152,200,169,156,99,183,101,270,182,141,277,190,225,102,134,254,133,122,127,83,117,156,164,125,57,102,59,124,175,214,189,171,120,103,121,157,143,136,314,304,93,65,137,138,92,141,301,71,104,272,291,201,150,215,170,122,131,132
"gene_1943",1939,1523,2682,1930,2183,1983,2973,2003,2557,1541,1474,1744,2738,2210,2086,1196,1908,2668,2155,2207,2767,1541,2982,2805,3092,2432,1595,2761,2046,1425,1818,2630,3019,2271,2096,1613,2368,2980,2455,2624,2986,1776,2093,2247,2825,1480,1556,2084,2467,1822,2605,3285,2081,1718,3209,2926,3393,2611,2926,2695
"gene_1944",1539,1415,1494,2238,1975,2179,2310,2362,1789,2444,2106,2377,2588,1531,1724,901,1475,2276,1509,1228,2146,1294,2416,1998,2764,1799,1852,2460,2026,1797,2111,1789,2080,1519,1136,1054,1669,2461,1748,2005,2263,2667,1555,2133,3015,1303,1359,1520,2009,1612,1877,4007,2629,2268,1652,2395,4493,1610,4239,2519
"gene_1945",1243,799,1068,2019,1043,1255,1291,1364,1548,1469,1597,994,727,1258,1238,588,689,1158,1044,1273,953,615,1544,1967,1296,1148,624,1067,1327,910,809,1240,1293,1910,1176,656,878,812,1230,1448,1547,1286,864,1805,1682,1369,1156,1092,1080,806,1949,1790,1424,1345,1417,1666,1716,872,2050,1413
"gene_1946",1070,914,591,1004,1194,855,1438,1205,1312,1429,1125,756,1464,1145,1595,578,745,1003,891,1255,998,791,870,1505,1197,1274,687,1002,1168,831,619,723,864,468,335,670,864,1016,949,1290,837,1356,927,1020,1158,754,860,910,1179,834,759,958,1121,746,1163,986,1209,855,1364,1148
"gene_1947",220,289,384,456,301,471,412,386,402,267,530,401,651,304,482,227,321,507,327,360,328,258,372,504,513,372,338,305,139,411,304,483,359,362,455,218,692,212,249,306,401,476,233,453,427,264,300,220,628,292,339,514,500,274,362,275,643,264,303,604
"gene_1948",82,34,52,44,38,53,84,94,72,46,39,47,42,59,68,25,84,55,81,65,54,21,97,71,51,69,69,29,21,67,12,8,9,9,18,6,10,16,8,20,15,11,8,21,24,10,19,29,11,5,15,14,11,17,13,9,8,10,14,18
"gene_1949",183,149,258,103,175,270,287,250,183,192,186,87,119,191,146,167,176,100,199,175,163,89,353,181,212,145,140,156,126,240,297,128,242,221,171,107,150,207,169,200,252,320,106,231,264,170,153,180,252,99,161,207,272,199,305,143,187,165,287,202
"gene_1950",34,23,103,107,45,70,66,120,64,93,69,63,78,32,31,32,36,72,19,30,58,47,73,116,103,50,98,82,54,94,92,106,83,101,162,64,64,98,36,68,96,57,57,94,82,90,73,58,65,60,98,138,129,82,85,79,108,53,77,56
"gene_1951",1432,379,1435,1089,467,1224,1209,772,1368,1160,1092,612,927,1005,1445,542,815,846,1516,842,953,870,824,1873,913,773,918,874,494,1061,1310,1730,1297,1735,1110,576,973,982,866,954,1335,1179,765,1023,969,999,1026,774,1338,687,1043,1723,1982,1478,1013,1616,1742,1244,1145,1067
"gene_1952",155,31,119,90,56,135,170,150,67,193,142,45,227,218,101,41,117,92,101,63,96,140,86,156,105,150,162,120,66,84,218,194,218,198,157,103,108,101,231,174,159,199,129,166,194,139,249,86,269,146,144,124,281,188,175,142,308,129,149,267
"gene_1953",115,196,115,288,141,97,201,220,206,242,177,106,264,144,188,96,143,184,117,167,137,115,189,111,150,191,192,182,119,201,280,271,370,265,181,154,191,187,274,239,315,293,144,202,177,189,202,235,225,126,132,147,225,186,244,213,307,185,248,201
"gene_1954",227,158,218,227,328,136,302,134,261,326,191,177,273,201,247,106,209,157,144,158,210,185,301,288,364,165,124,279,230,106,149,262,225,243,237,151,214,283,186,346,299,308,152,247,233,173,253,263,253,130,190,205,265,193,319,272,287,219,333,176
"gene_1955",568,256,529,573,423,566,465,675,432,746,539,376,429,447,534,378,704,602,461,573,379,695,709,689,466,881,635,307,314,677,667,818,475,844,846,391,438,803,634,829,542,1024,447,1135,886,365,435,748,689,524,480,574,491,566,670,780,1421,706,640,1050
"gene_1956",113,97,132,204,136,142,100,122,42,139,152,67,79,100,155,96,105,122,119,78,61,82,216,141,112,85,105,100,77,144,128,93,87,120,150,60,100,107,99,88,103,115,54,95,72,57,127,125,150,149,63,96,112,163,157,98,159,96,110,97
"gene_1957",6,3,1,4,0,13,0,0,2,4,2,4,8,3,7,0,7,14,0,16,1,0,3,11,19,7,0,2,0,1,4,2,16,2,4,2,8,8,4,1,22,4,6,11,6,3,2,8,6,15,27,0,9,0,17,6,26,6,11,0
"gene_1958",109,78,139,119,126,156,99,98,183,262,93,79,104,75,176,61,82,118,171,124,106,116,98,158,124,95,109,121,55,161,178,172,222,203,147,111,144,203,145,87,106,171,78,195,145,116,133,122,113,102,160,148,155,63,130,153,396,153,110,187
"gene_1959",290,116,223,420,162,123,398,355,365,338,309,180,364,255,216,232,210,325,219,246,426,291,196,428,179,292,228,281,144,356,373,317,304,285,333,229,288,309,414,403,403,316,203,505,412,499,304,409,390,216,296,452,507,254,414,478,542,481,274,443
"gene_1960",525,347,642,786,617,567,754,769,720,469,649,278,465,853,443,399,561,788,340,268,559,354,594,507,412,618,449,604,290,676,431,670,675,364,501,331,405,755,583,718,1047,707,426,539,650,512,539,404,1135,308,418,498,929,555,617,929,704,501,711,810
"gene_1961",0,4,1,24,6,1,4,4,2,2,3,0,8,0,4,1,2,4,1,4,1,0,3,2,14,0,4,21,0,1,10,0,10,9,7,0,0,12,0,4,7,3,0,0,0,15,11,8,2,5,5,22,3,4,0,4,9,1,19,33
"gene_1962",456,320,340,524,643,928,351,863,517,497,713,477,1002,606,658,413,604,719,265,666,547,437,670,668,849,770,360,820,648,440,695,507,784,385,401,359,349,676,757,657,697,379,375,650,790,462,360,589,406,501,393,433,610,484,662,601,671,651,488,541
"gene_1963",2452,1381,3848,2920,2728,2212,3183,3086,3788,3835,2327,2995,2374,2532,4856,1892,2029,2830,1981,1874,1953,1344,3419,4507,3739,2297,1875,2703,2311,3318,4198,3665,2223,1609,2495,1363,1681,1638,2550,2783,3700,3054,2096,3236,3201,3078,1717,3120,4028,1680,2232,3806,2918,2453,2781,2884,4768,1631,2509,1922
"gene_1964",302,152,214,152,221,248,525,355,341,345,227,193,422,268,438,201,239,366,239,141,255,179,303,110,202,454,175,293,243,424,278,314,322,204,167,175,340,212,219,191,293,396,156,275,177,194,158,234,374,167,276,306,427,267,317,436,308,238,261,263
"gene_1965",795,676,824,764,597,1031,1022,1085,1077,1058,1336,788,1171,1143,732,571,1204,900,757,874,1030,712,1170,1347,1363,1188,785,673,497,852,820,1452,755,738,982,422,1124,1196,1126,1281,1175,1101,834,833,1000,959,1143,1197,1345,784,745,952,1467,672,1799,933,1383,786,740,752
"gene_1966",181,141,324,217,246,223,235,145,171,226,137,221,336,96,228,181,259,195,154,202,274,182,254,274,321,284,189,253,162,236,152,251,136,270,197,159,292,258,98,190,256,235,221,175,254,151,129,196,153,132,230,250,162,141,201,397,293,171,238,180
"gene_1967",119,120,67,200,136,217,158,229,209,172,218,37,295,207,123,187,166,202,131,186,166,124,152,280,121,248,197,107,148,119,212,242,176,124,96,72,137,143,112,229,276,107,152,165,145,111,202,184,330,182,148,239,254,211,124,324,235,201,197,144
"gene_1968",20,17,19,49,39,23,19,53,21,47,53,25,15,35,32,20,66,47,39,31,17,13,35,40,8,17,32,9,10,34,35,41,14,44,45,12,23,33,47,28,34,36,27,22,38,10,22,37,49,20,27,40,37,25,15,28,78,25,28,20
"gene_1969",16,27,24,53,42,26,41,47,38,36,34,22,21,14,34,13,15,59,13,18,24,14,13,34,40,24,8,35,26,33,31,17,26,51,27,14,31,43,25,65,39,19,11,12,25,31,22,26,20,17,47,17,32,16,22,16,15,36,17,50
"gene_1970",9,0,4,9,7,4,20,3,7,31,6,2,13,5,14,3,3,9,2,1,10,1,11,3,13,1,12,6,0,4,7,6,0,20,2,10,9,5,1,10,8,13,0,4,22,10,1,5,5,5,5,2,4,4,3,9,6,1,7,4
"gene_1971",1730,488,1128,1221,1396,1319,962,1479,1640,1657,1057,737,1134,1193,1139,534,919,1119,893,934,1062,671,1692,1192,791,847,876,1257,1165,1092,1355,1350,1154,1113,935,781,881,1268,1556,1217,2017,1164,893,1447,1381,1413,1280,1453,2135,1082,1242,1342,2054,1485,1481,1696,2067,1051,1842,1317
"gene_1972",7,14,15,17,12,12,27,4,14,36,20,7,19,13,48,8,8,5,8,22,5,15,11,12,11,12,1,9,7,6,9,19,20,29,10,7,8,0,38,18,26,11,0,4,20,22,18,4,34,12,6,7,35,16,12,15,12,5,29,13
"gene_1973",86,93,76,141,29,25,99,112,67,129,113,115,128,87,168,44,35,183,89,80,59,67,105,101,68,71,64,56,67,150,64,60,78,105,43,47,64,93,42,106,163,90,61,147,56,28,54,81,84,46,55,53,92,63,85,123,140,45,85,46
"gene_1974",138,295,430,398,346,245,377,601,345,345,296,369,573,247,285,235,346,400,397,317,272,174,498,635,572,317,306,326,222,260,449,500,443,592,333,203,365,312,370,371,392,483,446,362,581,295,302,377,431,337,298,393,446,234,276,348,724,405,534,509
"gene_1975",423,448,864,977,731,582,661,1005,777,543,542,582,764,504,624,406,657,635,618,396,377,436,588,686,612,385,580,629,607,854,749,639,582,547,735,300,658,590,744,821,981,899,420,860,792,789,646,428,828,537,524,862,723,720,607,389,1008,727,995,1071
"gene_1976",12,15,6,28,16,3,11,17,11,21,10,8,20,22,13,10,6,29,3,15,5,6,14,26,8,6,4,3,17,20,8,12,2,4,36,2,8,6,16,7,10,6,6,6,26,12,12,17,0,6,27,5,13,21,16,9,9,6,17,4
"gene_1977",1610,1474,2681,1691,1971,2197,2204,2898,2415,1857,1880,1928,3706,1702,2106,1225,2057,1832,1673,1145,2129,1292,2554,2134,2067,1215,1764,1411,1225,3075,2029,2972,2038,1582,2162,1519,2049,2005,1857,2162,2071,2001,1975,1970,2215,1369,1183,1547,2336,1669,2069,2145,1892,1570,2157,2082,3585,1900,2320,2186
"gene_1978",24,11,18,21,10,9,17,6,16,20,22,16,20,3,21,14,12,19,9,28,11,10,15,10,7,11,2,10,8,12,2,16,15,32,14,3,16,12,6,8,14,6,9,34,16,12,25,25,13,3,4,10,13,26,18,8,11,4,8,5
"gene_1979",8,19,31,14,19,25,39,6,35,21,22,6,17,5,11,33,11,21,8,17,34,10,22,20,28,16,45,22,12,30,19,12,31,17,18,9,7,22,43,25,22,7,12,11,21,12,20,9,13,17,19,13,56,7,21,19,33,52,14,23
"gene_1980",7,4,1,3,6,0,2,8,6,6,24,2,35,13,5,5,1,14,7,3,2,12,6,3,5,11,1,1,2,1,14,4,0,0,1,0,11,3,8,0,3,2,8,8,16,1,1,3,11,2,7,2,2,2,1,2,23,9,0,1
"gene_1981",391,371,354,621,535,400,573,751,524,497,363,507,532,451,290,255,232,341,374,586,407,245,489,605,291,466,331,442,245,621,762,421,830,961,640,312,580,857,646,676,681,695,331,439,592,547,550,380,712,237,471,1027,427,476,503,378,718,539,868,560
"gene_1982",37,36,21,17,12,18,56,21,53,60,18,39,41,63,42,15,25,29,16,24,27,27,17,19,63,12,16,54,29,27,40,24,65,47,43,11,33,29,12,47,27,46,25,51,57,46,25,18,60,48,25,43,25,62,31,20,56,52,26,39
"gene_1983",104,117,127,91,60,110,138,124,129,94,109,39,165,155,28,25,74,125,82,75,79,91,80,105,67,86,54,90,49,111,77,51,52,102,69,32,61,111,60,59,93,63,34,55,79,75,83,80,87,29,77,82,126,88,58,112,77,81,67,84
"gene_1984",15,9,34,34,11,9,23,61,61,29,38,25,40,27,18,23,33,16,22,29,41,41,21,51,25,52,17,6,17,8,22,25,8,22,30,20,12,27,7,11,31,22,10,25,27,11,12,22,41,18,7,34,37,13,66,36,80,45,20,21
"gene_1985",272,166,394,408,239,231,192,441,401,190,259,180,364,289,201,184,166,459,227,222,191,352,297,335,362,321,143,211,156,261,554,944,683,644,963,1124,1175,821,887,1349,826,1366,595,1195,894,768,778,1233,672,793,770,1569,737,1113,1563,943,1375,574,1040,1306
"gene_1986",1977,1446,1525,1865,1913,1746,2353,3507,2416,1995,2474,1156,2018,1793,2471,1029,1308,1682,1353,2590,1325,1763,2594,2681,2276,2071,1174,1087,2373,1804,3210,4227,2059,3130,2526,1614,3319,2624,1312,2829,3161,4698,1661,2680,3174,2562,1990,2633,1990,1444,2748,2603,4008,1479,3837,2040,2584,2730,4668,3599
"gene_1987",55,57,100,74,42,55,123,51,91,85,51,30,74,48,57,31,34,101,47,47,21,42,93,31,46,53,47,59,65,107,60,79,58,44,35,51,76,34,86,112,54,125,16,55,66,52,59,26,49,94,35,129,99,52,77,88,95,79,115,85
"gene_1988",461,303,246,386,231,352,240,300,288,481,236,209,361,423,294,216,368,189,217,373,247,151,416,352,416,166,186,132,216,327,291,329,336,411,246,176,436,312,274,369,386,363,313,360,272,193,274,189,409,200,210,277,388,290,218,160,312,223,272,252
"gene_1989",43,14,57,30,62,21,34,44,64,26,10,13,44,43,15,15,16,50,22,13,33,48,17,38,36,22,48,33,27,19,16,53,17,25,36,18,47,13,33,46,41,18,23,14,62,23,26,26,13,17,42,50,21,33,20,40,26,47,54,6
"gene_1990",20,18,12,6,21,22,29,38,45,40,8,24,39,21,39,31,20,36,27,28,29,30,31,32,96,24,18,43,10,21,19,43,23,22,27,18,12,23,32,50,17,50,16,72,23,39,30,17,41,31,22,49,56,35,29,41,31,28,34,38
"gene_1991",642,587,813,903,798,549,757,851,744,1460,796,420,1098,828,432,309,659,1236,559,746,827,718,913,890,750,894,412,539,788,1306,662,822,593,582,628,471,708,559,761,1244,1015,900,519,622,983,810,671,817,1388,473,562,792,820,710,816,715,1493,896,900,1439
"gene_1992",5894,3331,3966,6111,4144,3258,3846,7043,3793,3902,3997,2502,6899,4488,4365,2784,3417,3953,2361,2686,2950,2270,4175,5816,3548,2046,4322,3979,2826,2527,4290,2654,2765,2660,3384,1868,3165,4011,3818,3091,2045,3201,2237,3362,4831,2921,2815,3453,4535,1878,3340,3982,4924,3224,2913,3381,2733,4465,5105,3158
"gene_1993",113,74,96,129,229,111,112,60,157,159,109,62,157,126,62,33,82,97,75,110,109,131,142,154,106,120,126,77,70,84,64,156,143,199,84,74,153,165,125,138,123,200,56,152,114,92,153,157,122,58,134,108,119,121,148,98,170,82,206,134
"gene_1994",196,240,277,294,370,192,305,353,290,381,342,159,322,231,422,184,144,335,218,245,251,180,266,235,438,231,247,322,249,235,208,279,240,250,181,191,338,172,177,226,299,295,140,377,241,281,330,205,225,225,383,155,244,239,199,312,551,258,346,262
"gene_1995",164,123,163,194,215,149,58,279,111,183,154,160,271,126,162,147,163,252,174,128,171,119,210,159,123,186,143,159,101,250,130,141,79,140,96,73,139,119,230,207,237,143,179,218,154,148,154,133,252,73,116,149,183,131,114,194,314,113,259,191
"gene_1996",4295,3771,4722,9399,6131,3521,6245,6105,4949,8960,5935,3881,5907,4768,5853,2729,5263,4104,4852,3581,3634,3430,4119,7522,5589,5681,3971,3066,3303,7304,6490,6406,5198,4623,4808,4603,4387,7721,5628,5142,6953,9296,5226,6261,6084,4963,5561,5040,6107,4719,5272,6298,9635,3626,6510,6349,12334,7354,5610,4245
"gene_1997",76,42,98,86,110,58,105,144,210,30,90,73,81,104,109,54,51,114,72,83,109,79,86,133,99,51,59,102,80,83,84,106,76,54,99,49,98,122,96,66,87,107,17,132,133,127,64,163,83,68,79,121,80,71,132,170,138,60,133,173
"gene_1998",388,340,722,441,385,352,377,414,285,519,479,237,489,277,660,277,229,335,237,365,265,264,761,384,480,279,297,349,317,463,365,457,763,425,449,399,339,384,366,283,702,423,350,423,424,601,480,484,371,385,505,646,487,620,491,536,693,565,741,525
"gene_1999",846,1232,1874,1485,1397,1020,1154,1002,1410,1680,1580,645,2378,940,1204,1008,1156,963,1130,768,702,812,1415,987,1262,1528,755,784,1131,1158,913,1672,1714,1315,1169,796,1782,1639,1015,1453,1456,1296,988,1908,1461,941,1213,1086,1817,1191,1543,1352,1235,1242,1566,1591,1798,1049,1403,1470
