"gene","baseMean","dispGeneEst","dispFit","dispMAP","dispersion","dispOutlier"
"gene_0",168.650601818379,0.119821331830101,0.0781005976155789,0.113516396015471,0.119821331830101,TRUE
"gene_1",104.375673178256,0.129846536904764,0.0953087426182455,0.1247128037265,0.1247128037265,FALSE
"gene_2",429.355916887859,0.0521643542510949,0.0611328507536612,0.0522516657085792,0.0522516657085792,FALSE
"gene_3",1996.06317567103,0.0477646774791709,0.0525174445365664,0.0478029302301871,0.0478029302301871,FALSE
"gene_4",79.782524459013,0.0927250878286637,0.109227059215526,0.0954313366782829,0.0954313366782829,FALSE
"gene_5",180.057441845725,0.0762638780695587,0.0763303010835748,0.0767758091017245,0.0767758091017245,FALSE
"gene_6",690.183340185241,0.052611733622535,0.0569847340594402,0.0525037548915643,0.0525037548915643,FALSE
"gene_7",112.518542912167,0.0806424431678176,0.0920411061319037,0.0816774297077079,0.0816774297077079,FALSE
"gene_8",6.16742818986539,0.931965790990485,0.81430097363605,0.911364705761135,0.911364705761135,FALSE
"gene_9",129.864121319171,0.0844598091031729,0.0864466851490955,0.0847253296858388,0.0847253296858388,FALSE
"gene_10",1436.63870548772,0.042415887808917,0.0534368334284592,0.0424899031948583,0.0424899031948583,FALSE
"gene_11",199.269285551719,0.0606367842445468,0.0738068363243353,0.0612315669554843,0.0612315669554843,FALSE
"gene_12",407.414563652592,0.078486424453035,0.0617239889826225,0.0761667385677428,0.0761667385677428,FALSE
"gene_13",513.470229022603,0.0301533067051607,0.0593347384373013,0.0331783631193726,0.0331783631193726,FALSE
"gene_14",18.7372835778735,0.419109972655903,0.301676674247957,0.400067500249801,0.400067500249801,FALSE
"gene_15",930.338229831255,0.0555963602641608,0.0552220854912551,0.0533963365051791,0.0533963365051791,FALSE
"gene_16",19.65983271535,0.282065575213612,0.289873938114524,0.283304852707451,0.283304852707451,FALSE
"gene_17",11.5780107539866,0.526762183938228,0.45720445429053,0.514960385367196,0.514960385367196,FALSE
"gene_18",1183.94911078108,0.0516407876061017,0.0541369758605641,0.0522359694330476,0.0522359694330476,FALSE
"gene_19",65.1077883766927,0.15316500125815,0.122541079698804,0.148458006649787,0.148458006649787,FALSE
"gene_20",271.742135900268,0.0679438886166357,0.0674993309007499,0.0684646357306574,0.0684646357306574,FALSE
"gene_21",978.889128809236,0.0529665395076702,0.0549708375328566,0.0536653209533012,0.0536653209533012,FALSE
"gene_22",146.494654472513,0.0751012933705491,0.08232689730515,0.0760706327359048,0.0760706327359048,FALSE
"gene_23",5.40815384529007,0.901342692992798,0.921582569493486,0.90486009505908,0.90486009505908,FALSE
"gene_24",54.9062138219912,0.106385066383372,0.135990154410408,0.109243376220705,0.109243376220705,FALSE
"gene_25",697.758476221578,0.0507216021899178,0.0569106029530168,0.0536156655498602,0.0536156655498602,FALSE
"gene_26",471.065753270245,0.0653812465019538,0.0601609562174383,0.0647022600310401,0.0647022600310401,FALSE
"gene_27",77.5408938963429,0.0931896046318997,0.110934733743639,0.0957425290130086,0.0957425290130086,FALSE
"gene_28",149.463648669047,0.0824259578236517,0.0816878520279785,0.0823184955762158,0.0823184955762158,FALSE
"gene_29",139.070312492458,0.0863271094246438,0.0840443366124573,0.0850387948343689,0.0850387948343689,FALSE
"gene_30",790.20525406419,0.033848722697538,0.0561204223157001,0.0357787144379116,0.0357787144379116,FALSE
"gene_31",110.512684592135,0.0869026754335466,0.0928013337873802,0.0884981083814424,0.0884981083814424,FALSE
"gene_32",171.344979522985,0.076184184407142,0.0776611786114529,0.0763807985213004,0.0763807985213004,FALSE
"gene_33",481.207146577979,0.0614977122004604,0.0599501110438689,0.0616376362616559,0.0616376362616559,FALSE
"gene_34",21.9759510094657,0.209298902803833,0.264609311795323,0.217860586046903,0.217860586046903,FALSE
"gene_35",66.2174482780794,0.160876181409128,0.121328070352726,0.154852128047119,0.154852128047119,FALSE
"gene_36",14.9046311677095,0.256815218822494,0.366353874171347,0.274022779575756,0.274022779575756,FALSE
"gene_37",89.5913091751171,0.131653934245524,0.10275978635878,0.127305641527639,0.127305641527639,FALSE
"gene_38",23.0754031242731,0.28267082366061,0.25439147450931,0.278154795246069,0.278154795246069,FALSE
"gene_39",2.54934310227263,1.06749358626705,1.89879215386092,1.23106931636592,1.23106931636592,FALSE
"gene_40",1412.38786043183,0.0538932830174547,0.0534931589181825,0.0548386449546999,0.0548386449546999,FALSE
"gene_41",1418.03344004775,0.0521501627312326,0.0534798743413076,0.0541207665781947,0.0541207665781947,FALSE
"gene_42",54.7900875450992,0.151863786302401,0.136172077008469,0.149527264250425,0.149527264250425,FALSE
"gene_43",1807.02683144017,0.0698018112232552,0.0527644383438667,0.06726643735457,0.06726643735457,FALSE
"gene_44",61.9735290208726,0.122664632267236,0.126201874609111,0.123166525302784,0.123166525302784,FALSE
"gene_45",4322.55545496827,0.0363012272050469,0.0512466761624439,0.0369789241221634,0.0369789241221634,FALSE
"gene_46",36.8764936154512,0.189812382046038,0.177956147917477,0.188017658144135,0.188017658144135,FALSE
"gene_47",926.734732378817,0.0532194581595206,0.0552417828298524,0.0539091050462737,0.0539091050462737,FALSE
"gene_48",116.225668779802,0.134741283669337,0.0907051542470589,0.128495696186229,0.128495696186229,FALSE
"gene_49",173.409768433572,0.0695385458321117,0.0773336793270344,0.0705726995479709,0.0705726995479709,FALSE
"gene_50",87.5558654434097,0.0788697377957273,0.103982676972775,0.0822405765733883,0.0822405765733883,FALSE
"gene_51",10.1132832135732,0.368414704709879,0.516158059382936,0.390675792205531,0.390675792205531,FALSE
"gene_52",123.969449218781,0.0932465180754977,0.088172266495458,0.0925267923939468,0.0925267923939468,FALSE
"gene_53",4.5591820708935,0.811830602411802,1.08385207645709,0.859709870029834,0.859709870029834,FALSE
"gene_54",169.766062451977,0.0821736956182895,0.0779169881293079,0.0815823141857708,0.0815823141857708,FALSE
"gene_55",320.625586607311,0.0897450980916358,0.06485517941717,0.0849805680377601,0.0849805680377601,FALSE
"gene_56",5.20236385725844,0.777236890013085,0.956053588289434,0.807005328783196,0.807005328783196,FALSE
"gene_57",41.678693493024,0.195116656103645,0.163231119057714,0.189619697727796,0.189619697727796,FALSE
"gene_58",171.95911697916,0.106073906186698,0.0775629475958815,0.101898319858097,0.101898319858097,FALSE
"gene_59",1415.92692839318,0.0624350990341242,0.0534848187708316,0.0616364338771937,0.0616364338771937,FALSE
"gene_60",113.686883955038,0.103921327462977,0.0916106639646654,0.102174969178964,0.102174969178964,FALSE
"gene_61",105.750531780029,0.1152971513559,0.0947217186630112,0.112189515063353,0.112189515063353,FALSE
"gene_62",85.9459284173517,0.071665428641106,0.104990949594499,0.0772514835802943,0.0772514835802943,FALSE
"gene_63",97.2922649991243,0.127701708318109,0.0985960801915175,0.123368418336025,0.123368418336025,FALSE
"gene_64",592.091242793484,0.0477654707433069,0.0581159891577253,0.0494001163485833,0.0494001163485833,FALSE
"gene_65",378.529252770398,0.0593357080717385,0.0626067043507197,0.0585181824969143,0.0585181824969143,FALSE
"gene_66",73.1778554877154,0.123938189039262,0.1145584834515,0.121097602460703,0.121097602460703,FALSE
"gene_67",26.9542267491087,0.148066503474201,0.225001209887264,0.159693442642305,0.159693442642305,FALSE
"gene_68",66.5452737439351,0.167946338527586,0.12097745359554,0.160662873019209,0.160662873019209,FALSE
"gene_69",4.50052028308816,0.914481528012566,1.09732572683275,0.94712572404239,0.94712572404239,FALSE
"gene_70",127.031353272746,0.120981720018991,0.0872559497569128,0.115957498432672,0.115957498432672,FALSE
"gene_71",613.59474448307,0.0479462310957183,0.0578370441732798,0.0497276011056319,0.0497276011056319,FALSE
"gene_72",284.683476778683,0.0485989250801321,0.0667109435101625,0.0503490363008609,0.0503490363008609,FALSE
"gene_73",31.3818100762559,0.198278645633625,0.200332779623476,0.198739268930249,0.198739268930249,FALSE
"gene_74",339.431036024572,0.0547887131814134,0.0640408246770801,0.0559896915085657,0.0559896915085657,FALSE
"gene_75",14.9728234896223,0.349323550264161,0.364913782367829,0.351757265656435,0.351757265656435,FALSE
"gene_76",119.349811002408,0.091817010407196,0.0896437357652205,0.0925171584269348,0.0925171584269348,FALSE
"gene_77",47.827620005674,0.133385182267417,0.148693741342169,0.134982064462445,0.134982064462445,FALSE
"gene_78",548.599816473331,0.0860262035070888,0.058747003155915,0.0821336445346435,0.0821336445346435,FALSE
"gene_79",175.838880877713,0.0884968293901337,0.0769582408425522,0.0868920434331307,0.0868920434331307,FALSE
"gene_80",60.5844753915097,0.148864202978714,0.12794541122811,0.145784415958548,0.145784415958548,FALSE
"gene_81",395.294599201602,0.0564330057955846,0.0620786582471799,0.0555562520385236,0.0555562520385236,FALSE
"gene_82",182.060375220462,0.053245697012916,0.0760423493929541,0.0573034231510261,0.0573034231510261,FALSE
"gene_83",602.171894635182,0.0580897033504878,0.0579827416377049,0.0580589721716902,0.0580589721716902,FALSE
"gene_84",1673.19210921667,0.0551784802651329,0.0529730497409049,0.056475348685013,0.056475348685013,FALSE
"gene_85",240.352738666927,0.064674543562324,0.0697642701356671,0.0651203340179904,0.0651203340179904,FALSE
"gene_86",103.333418060936,0.117034098739054,0.0957641641817924,0.113933036199921,0.113933036199921,FALSE
"gene_87",1138.56194948191,0.0487709826216726,0.0542956561405989,0.0500608045837713,0.0500608045837713,FALSE
"gene_88",1033.82472966295,0.0397962180257826,0.054715006575766,0.0403198010609584,0.0403198010609584,FALSE
"gene_89",30.1346476544029,0.128785174771275,0.206548028842322,0.140178869948962,0.140178869948962,FALSE
"gene_90",45.2534245362134,0.227549235784689,0.154298939108349,0.217558203264934,0.217558203264934,FALSE
"gene_91",1057.00508644679,0.0466602738980499,0.0546150351787509,0.050286420313439,0.050286420313439,FALSE
"gene_92",272.55487757366,0.0515030259775114,0.067447615341644,0.0527863512374664,0.0527863512374664,FALSE
"gene_93",40.7704872513754,0.132999388895909,0.165749979595175,0.13769156942229,0.13769156942229,FALSE
"gene_94",907.194989904902,0.0560492584480923,0.0553513151762329,0.0549524853778044,0.0549524853778044,FALSE
"gene_95",515.846122879023,0.0806398937573398,0.0592924646425855,0.0776692768455901,0.0776692768455901,FALSE
"gene_96",2897.21835556539,0.0578597421982959,0.0517830596827173,0.0582721972770982,0.0582721972770982,FALSE
"gene_97",120.000283831912,0.0739933916757017,0.0894296909116121,0.0760631117802828,0.0760631117802828,FALSE
"gene_98",5.81990540242583,1.0399310137805,0.859930178253219,1.00719803832967,1.00719803832967,FALSE
"gene_99",310.819313088809,0.0549730066381063,0.0653189225245385,0.0573969664967234,0.0573969664967234,FALSE
"gene_100",1614.43420990837,0.0506452043024871,0.0530755629289377,0.0509357771352561,0.0509357771352561,FALSE
"gene_101",33.1451881463804,0.233571410739976,0.192343150945274,0.227127484080309,0.227127484080309,FALSE
"gene_102",20.4609215796844,0.295283140599765,0.280488483273414,0.292930048025151,0.292930048025151,FALSE
"gene_103",261.825673307588,0.0671127998759976,0.0681561824110927,0.0679698047916578,0.0679698047916578,FALSE
"gene_104",60.7910882784751,0.108217652087989,0.127681026859268,0.112213532006597,0.112213532006597,FALSE
"gene_105",184.311476389976,0.074444284524697,0.0757261894527611,0.0746102132907518,0.0746102132907518,FALSE
"gene_106",80.9097969178652,0.124336505916131,0.108404059566442,0.121926970500295,0.121926970500295,FALSE
"gene_107",9.9774179889745,0.681639309601817,0.522503731284674,0.652689849002067,0.652689849002067,FALSE
"gene_108",3235.9471393575,0.0555955249184174,0.0516127853861882,0.0537467729316968,0.0537467729316968,FALSE
"gene_109",211.253912782431,0.0796813376718494,0.072465125128925,0.0787052394619588,0.0787052394619588,FALSE
"gene_110",502.586233696606,0.0585661851082416,0.059533504451126,0.0586881025434955,0.0586881025434955,FALSE
"gene_111",1595.28562916864,0.0392625654636545,0.0531106023905271,0.0399328680990031,0.0399328680990031,FALSE
"gene_112",517.726978369822,0.0400490401323914,0.0592592741192079,0.0433306123739449,0.0433306123739449,FALSE
"gene_113",454.596777715445,0.0510238953469797,0.0605233980674637,0.0502857050023408,0.0502857050023408,FALSE
"gene_114",7.9170184350642,0.572861812600564,0.645431857805046,0.58555592818507,0.58555592818507,FALSE
"gene_115",530.536596773317,0.0668761771859439,0.0590394882901206,0.0655508044167936,0.0655508044167936,FALSE
"gene_116",4586.52435455904,0.0494392088343923,0.0511839269726075,0.0492809473519553,0.0492809473519553,FALSE
"gene_117",209.333953913076,0.111777676725415,0.0726697352562182,0.103287966462117,0.111777676725415,TRUE
"gene_118",26.4338556346651,0.262742829636042,0.228443166791392,0.257347191690918,0.257347191690918,FALSE
"gene_119",692.297332866545,0.0661615507004306,0.0569638831026841,0.0649018623139039,0.0649018623139039,FALSE
"gene_120",1771.2208697477,0.05230759087519,0.0528171610458586,0.0562558998595922,0.0562558998595922,FALSE
"gene_121",1987.78850586759,0.0402103098257113,0.052527273005141,0.0420407030285398,0.0420407030285398,FALSE
"gene_122",342.351209158893,0.0573739559402319,0.0639223938331904,0.0582246685878578,0.0582246685878578,FALSE
"gene_123",79.1101002158247,0.108960257724862,0.109729151205179,0.110702279006002,0.110702279006002,FALSE
"gene_124",263.562514420186,0.0729822471736342,0.0680375662517027,0.0704314237529069,0.0704314237529069,FALSE
"gene_125",38.6814383554963,0.126400114596545,0.171992783985435,0.133617070023257,0.133617070023257,FALSE
"gene_126",3154.26641497371,0.0449846350705636,0.0516504991110843,0.0475839670479918,0.0475839670479918,FALSE
"gene_127",394.243164357501,0.0643038019976171,0.0621104545739158,0.0624675767051341,0.0624675767051341,FALSE
"gene_128",1203.68743562839,0.0436007600337246,0.0540717014185851,0.0444511903189971,0.0444511903189971,FALSE
"gene_129",1709.20570176963,0.0510804673282151,0.0529137017604945,0.0506025812420699,0.0506025812420699,FALSE
"gene_130",117.916528516,0.0652439058319478,0.0901237067808867,0.0685111429284788,0.0685111429284788,FALSE
"gene_131",521.273980402852,0.0424746095497913,0.0591973336869004,0.0443754624383326,0.0443754624383326,FALSE
"gene_132",159.201925479198,0.077362356643426,0.0797590935067217,0.0776827002915166,0.0776827002915166,FALSE
"gene_133",81.6675351743237,0.116055989821798,0.107863618560654,0.114859575047289,0.114859575047289,FALSE
"gene_134",7.52591234780013,1.27792332533583,0.67636709155333,1.1702850194303,1.27792332533583,TRUE
"gene_135",39.7728939943621,0.195049282508547,0.168649325616009,0.190955265362321,0.190955265362321,FALSE
"gene_136",133.526656706691,0.0882934361634931,0.0854512698493452,0.0879097047379961,0.0879097047379961,FALSE
"gene_137",1316.93984795901,0.0556126689853593,0.0537349980712003,0.0578754364403443,0.0578754364403443,FALSE
"gene_138",6.36853287968915,0.91718163002281,0.790170917051414,0.893642460428167,0.893642460428167,FALSE
"gene_139",19.9210329944566,0.312880374860753,0.28673081348085,0.30863956392217,0.30863956392217,FALSE
"gene_140",1007.79802200276,0.0624915094523524,0.0548327342201781,0.0615007996511763,0.0615007996511763,FALSE
"gene_141",833.764980720268,0.0609557645899876,0.0558088339586763,0.0603031111821019,0.0603031111821019,FALSE
"gene_142",230.499516704783,0.0515219916859403,0.070602453063089,0.0545695476394167,0.0545695476394167,FALSE
"gene_143",30.6998625591412,0.198666309436832,0.203668703795075,0.199462731652127,0.199462731652127,FALSE
"gene_144",1437.51256251341,0.0425175136038458,0.0534348392647465,0.0438685153446768,0.0438685153446768,FALSE
"gene_145",13.1264797939738,0.597859237395515,0.40918691039041,0.563502505539561,0.563502505539561,FALSE
"gene_146",121.126368900002,0.0798656444116305,0.089064575750683,0.081119556670208,0.081119556670208,FALSE
"gene_147",620.03189985152,0.073368593807862,0.0577573038549794,0.0735089874144378,0.0735089874144378,FALSE
"gene_148",23.7620624803009,0.284813150938446,0.248489632897306,0.281391023995446,0.281391023995446,FALSE
"gene_149",330.364399712261,0.0423021272059567,0.0644218738671868,0.0448105730915486,0.0448105730915486,FALSE
"gene_150",22.0119166024309,0.304106580219557,0.264258914031003,0.297813319145071,0.297813319145071,FALSE
"gene_151",213.541432431766,0.0776200950186766,0.0722261473289929,0.0768965392910216,0.0768965392910216,FALSE
"gene_152",21.2989376220248,0.518499522556854,0.271425966182897,0.475164133033583,0.518499522556854,TRUE
"gene_153",774.854654690397,0.0505979123345311,0.0562385753329991,0.0523940828164472,0.0523940828164472,FALSE
"gene_154",35.1120591111105,0.232648051772885,0.184378280423145,0.224579508892464,0.224579508892464,FALSE
"gene_155",2034.89166261724,0.0389449326032308,0.0524723924893096,0.0416793228456244,0.0416793228456244,FALSE
"gene_156",41.4364953275908,0.149288188651686,0.163892045877066,0.151451216635451,0.151451216635451,FALSE
"gene_157",54.4202422982016,0.127736213071078,0.136756647938744,0.129043242072647,0.129043242072647,FALSE
"gene_158",3293.53901372361,0.0700836707053861,0.0515873184546457,0.0622273037151475,0.0622273037151475,FALSE
"gene_159",4733.93677265352,0.07547178805516,0.0511519300985606,0.0731823245863357,0.0731823245863357,FALSE
"gene_160",73.4203271519674,0.13738304737834,0.114345794642929,0.133907733771131,0.133907733771131,FALSE
"gene_161",898.810493038106,0.0538642148679898,0.0553997756737348,0.0540484236458437,0.0540484236458437,FALSE
"gene_162",39.4248283228286,0.285006195614621,0.169695451210147,0.266225183451984,0.285006195614621,TRUE
"gene_163",114.081209740977,0.0825276384252676,0.0914673757949666,0.0837413603652345,0.0837413603652345,FALSE
"gene_164",162.097126957331,0.0931262454650251,0.079230362479058,0.0926274539580417,0.0926274539580417,FALSE
"gene_165",3902.01465092774,0.046738923928331,0.0513641816935924,0.0518774126627255,0.0518774126627255,FALSE
"gene_166",2450.32380934603,0.0503180380033239,0.0520797340229392,0.0545338503976319,0.0545338503976319,FALSE
"gene_167",4599.3015866434,0.0665295189648147,0.0511810724017366,0.0624935356396011,0.0624935356396011,FALSE
"gene_168",1521.11290303602,0.054265093563597,0.0532546559442676,0.0545646794843674,0.0545646794843674,FALSE
"gene_169",22.335079384854,0.238120943056118,0.261161098033438,0.243704112004222,0.243704112004222,FALSE
"gene_170",17.6450535942674,0.241108939251212,0.317245796242264,0.25346825015021,0.25346825015021,FALSE
"gene_171",78.7243329537583,0.0902527547294646,0.110021071361649,0.0929602381923246,0.0929602381923246,FALSE
"gene_172",2031.14975126711,0.0417311183349905,0.0524766591675856,0.0457215965458311,0.0457215965458311,FALSE
"gene_173",31.1552019390155,0.224736276427228,0.201425091307418,0.22120643525572,0.22120643525572,FALSE
"gene_174",5255.68159758546,0.0549030997436224,0.051053100668951,0.0564429735273316,0.0564429735273316,FALSE
"gene_175",132.030931005423,0.0731526354533729,0.0858511114101254,0.0748556239089169,0.0748556239089169,FALSE
"gene_176",41.9407604716867,0.107783468015991,0.162524571266742,0.116919332219626,0.116919332219626,FALSE
"gene_177",121.198515552713,0.0943585861026563,0.0890414146163061,0.093603464138655,0.093603464138655,FALSE
"gene_178",234.701186732598,0.0696241401041915,0.0702364234046301,0.0699092672126446,0.0699092672126446,FALSE
"gene_179",4023.70075793399,0.0623640608107995,0.0513276553613294,0.0618145601380641,0.0618145601380641,FALSE
"gene_180",1017.88090056018,0.0540511875765637,0.0547864115369365,0.0543391255743337,0.0543391255743337,FALSE
"gene_181",475.85827063587,0.0528358538158495,0.0600601971405807,0.0540273167772047,0.0540273167772047,FALSE
"gene_182",1061.10250408802,0.0557275879340348,0.054597818259012,0.0556450228353024,0.0556450228353024,FALSE
"gene_183",235.547556578131,0.080996296203993,0.0701642718104117,0.0795020799286203,0.0795020799286203,FALSE
"gene_184",12.1601674806742,0.454448016212714,0.437717406353824,0.451566682379094,0.451566682379094,FALSE
"gene_185",515.688654966482,0.0540471041670774,0.0592952543840731,0.0546897029260157,0.0546897029260157,FALSE
"gene_186",646.400258402485,0.0533241053732034,0.0574472428297431,0.0529623502566429,0.0529623502566429,FALSE
"gene_187",349.783281339335,0.0803118933801945,0.0636298987003364,0.0783455563654238,0.0783455563654238,FALSE
"gene_188",72.3784727533088,0.123731903056356,0.11526977116905,0.122480880831582,0.122480880831582,FALSE
"gene_189",806.320945910924,0.0619336613451735,0.0560012210852428,0.0607206022893736,0.0607206022893736,FALSE
"gene_190",11.8461591309042,0.45841816709971,0.447990558411317,0.456963855300428,0.456963855300428,FALSE
"gene_191",4758.9362860686,0.0450508682479085,0.051146700373581,0.0479740734701257,0.0479740734701257,FALSE
"gene_192",37.7680651374194,0.147736902697095,0.174939244058447,0.151713192122579,0.151713192122579,FALSE
"gene_193",22.1821685003335,0.315127325228907,0.262615640946677,0.306705096571452,0.306705096571452,FALSE
"gene_194",3607.46296989872,0.0516858874838472,0.0514627983711101,0.0505007097393648,0.0505007097393648,FALSE
"gene_195",61.7351432420317,0.122319175100458,0.126495518719498,0.122927908441583,0.122927908441583,FALSE
"gene_196",24.0638142685874,0.230147479760742,0.246002603660557,0.232632967730017,0.232632967730017,FALSE
"gene_197",20.5086883424132,0.195433607385495,0.279952017064926,0.208279000785478,0.208279000785478,FALSE
"gene_198",1443.99212274387,0.0495698708214343,0.0534201280445176,0.050816218368636,0.050816218368636,FALSE
"gene_199",363.94879620414,0.0500887039077884,0.0631054866436804,0.0526114251732677,0.0526114251732677,FALSE
"gene_200",18.3737751883355,0.340179978900855,0.306652773673151,0.334721012896999,0.334721012896999,FALSE
"gene_201",14.8101492823212,0.305429961304505,0.368371067485851,0.315198000982187,0.315198000982187,FALSE
"gene_202",770.59755344181,0.0566632497242351,0.0562721758334426,0.0573263398710403,0.0573263398710403,FALSE
"gene_203",48.537808808793,0.184506422462878,0.147251976195148,0.178740000650329,0.178740000650329,FALSE
"gene_204",38.7688555782998,0.175558278472564,0.171718063498468,0.174996509746501,0.174996509746501,FALSE
"gene_205",139.380048496519,0.0847117230637079,0.0839690294492962,0.084613537615952,0.084613537615952,FALSE
"gene_206",5.16692801240397,1.23473686506581,0.962266415789245,1.18586965087924,1.18586965087924,FALSE
"gene_207",7.6829140797996,0.520913260437103,0.663570363234673,0.545363117946285,0.545363117946285,FALSE
"gene_208",275.410635206871,0.0696847420533395,0.0672683211091243,0.0693626886663711,0.0693626886663711,FALSE
"gene_209",5.15898498176554,0.897910315821713,0.963670745880813,0.909262232631111,0.909262232631111,FALSE
"gene_210",162.123602337611,0.0936109201191123,0.0792256145930554,0.0919221216791125,0.0919221216791125,FALSE
"gene_211",73.8220318110582,0.132441248326431,0.113996506214673,0.129654662172043,0.129654662172043,FALSE
"gene_212",2549.64034913219,0.0549506289441547,0.0520048138423785,0.0556788723027188,0.0556788723027188,FALSE
"gene_213",37.792345174745,0.158513819933662,0.174859076176496,0.160986820037744,0.160986820037744,FALSE
"gene_214",51.5493815151169,0.295731850440346,0.14157954331925,0.269321620081209,0.295731850440346,TRUE
"gene_215",101.60084719964,0.141469588502713,0.0965419007512319,0.13463077882156,0.13463077882156,FALSE
"gene_216",248.183647713185,0.0832687027706557,0.0691455851452133,0.0812953581827355,0.0812953581827355,FALSE
"gene_217",26.5325380985703,0.136301390065074,0.227780064829772,0.149528644729716,0.149528644729716,FALSE
"gene_218",756.138541276494,0.0760661220677003,0.0563891228806313,0.073369684043951,0.073369684043951,FALSE
"gene_219",229.595616696772,0.0643653965256128,0.0706829476020333,0.0651815010896565,0.0651815010896565,FALSE
"gene_220",158.53365520525,0.0715082737041823,0.0798838783945018,0.0726226878495673,0.0726226878495673,FALSE
"gene_221",802.914067178239,0.0535198969176246,0.0560260215206304,0.055651249133906,0.055651249133906,FALSE
"gene_222",1266.29406273873,0.0393903417976572,0.0538781253578307,0.0409821423612904,0.0409821423612904,FALSE
"gene_223",19.8285545251023,0.412840461504027,0.287834173799475,0.392832308246642,0.392832308246642,FALSE
"gene_224",38.8688892861875,0.231072492040413,0.17140521008794,0.221570775135832,0.221570775135832,FALSE
"gene_225",18.8861877041051,0.371907683210864,0.29969361614191,0.360176421360638,0.360176421360638,FALSE
"gene_226",419.52777330317,0.05086152541322,0.0613899927208707,0.0521226338623284,0.0521226338623284,FALSE
"gene_227",212.423246499067,0.0840487830238142,0.0723423214698229,0.080223619044856,0.080223619044856,FALSE
"gene_228",15.170673229458,0.392539548483169,0.360808844733451,0.387649430619098,0.387649430619098,FALSE
"gene_229",90.7512160879487,0.121520696013333,0.102087453341926,0.118650247142512,0.118650247142512,FALSE
"gene_230",354.241362742818,0.0605216403718721,0.0634603363938674,0.0608922424052485,0.0608922424052485,FALSE
"gene_231",43.9449370070407,0.184507802731535,0.157399847457086,0.180280109188306,0.180280109188306,FALSE
"gene_232",45.2860763643432,0.158335294122833,0.15422385102897,0.157359976981619,0.157359976981619,FALSE
"gene_233",11.8212192074237,0.292021878848211,0.448829892616538,0.316778501679998,0.316778501679998,FALSE
"gene_234",40.4288538500585,0.18412514142226,0.166726772805769,0.181530341858656,0.181530341858656,FALSE
"gene_235",744.495951615953,0.0486814639272626,0.0564865916570365,0.0502199329579595,0.0502199329579595,FALSE
"gene_236",6.63087737634652,0.841091568044416,0.760892930647126,0.826996283652141,0.826996283652141,FALSE
"gene_237",329.686914459497,0.0767901339587699,0.0644511885050405,0.0751155087247236,0.0751155087247236,FALSE
"gene_238",34.7232821607095,0.134374794859823,0.185881086972176,0.14177573886119,0.14177573886119,FALSE
"gene_239",1232.2211605135,0.0619527651148477,0.0539810372426843,0.060927768249995,0.060927768249995,FALSE
"gene_240",223.040523213977,0.065952951664283,0.0712862168125035,0.0666481750267248,0.0666481750267248,FALSE
"gene_241",599.752432597141,0.0439812687201585,0.0580143139180941,0.0475338067931482,0.0475338067931482,FALSE
"gene_242",281.622300771737,0.0558023393909028,0.0668908880345918,0.0574150027879728,0.0574150027879728,FALSE
"gene_243",17.6789423092323,0.281944468968514,0.3167338133149,0.285960054903638,0.285960054903638,FALSE
"gene_244",658.753382739932,0.0600208326715789,0.0573105228228616,0.0580992196892307,0.0580992196892307,FALSE
"gene_245",651.94734393853,0.0571705386176501,0.0573852087334833,0.0583783441216662,0.0583783441216662,FALSE
"gene_246",4.88255930214751,0.824768113457343,1.01538928323849,0.858916545035233,0.858916545035233,FALSE
"gene_247",4413.13856821238,0.0559378562021071,0.0512242972620292,0.0557486181752111,0.0557486181752111,FALSE
"gene_248",1367.47205701345,0.0529327121144218,0.0536027578633116,0.0537733589206619,0.0537733589206619,FALSE
"gene_249",923.456096091609,0.0597421514400516,0.0552598379834474,0.0591755291344483,0.0591755291344483,FALSE
"gene_250",393.907708286117,0.0641574795712004,0.0621206347817309,0.0649298546638005,0.0649298546638005,FALSE
"gene_251",12.8156658423192,0.284889656798019,0.417894354471758,0.304723827899081,0.304723827899081,FALSE
"gene_252",370.416744226927,0.074701102694186,0.0628793789905207,0.0730937780532358,0.0730937780532358,FALSE
"gene_253",199.25225019423,0.128560224968998,0.0738088583529254,0.117906247387033,0.128560224968998,TRUE
"gene_254",10.5004230063791,0.516554314605445,0.49897705741496,0.513643270010115,0.513643270010115,FALSE
"gene_255",16.7852453130647,0.328162245004838,0.330927197730739,0.328832653599714,0.328832653599714,FALSE
"gene_256",13.0385907393344,0.36435757433397,0.411607022604832,0.372004463869562,0.372004463869562,FALSE
"gene_257",4.0035292202411,0.785054058399291,1.22731948265983,0.864790832231901,0.864790832231901,FALSE
"gene_258",4764.31683416585,0.05607139185776,0.051145581977514,0.0543673080623917,0.0543673080623917,FALSE
"gene_259",523.600603666621,0.0664374559532131,0.0591571602008925,0.0664845903469971,0.0664845903469971,FALSE
"gene_260",7.94404251532397,0.739379956579818,0.643406847001008,0.723165168823797,0.723165168823797,FALSE
"gene_261",1086.91269330814,0.0586590440042087,0.0544923507164211,0.0585250197576569,0.0585250197576569,FALSE
"gene_262",624.085041634274,0.0471214249181434,0.0577079394817397,0.0483595633004116,0.0483595633004116,FALSE
"gene_263",20.0701630465678,0.253139652163171,0.284972962511594,0.258266145174033,0.258266145174033,FALSE
"gene_264",47.4280688441602,0.185133844530285,0.149523855506652,0.179637412397857,0.179637412397857,FALSE
"gene_265",53.4656400163453,0.141246433906956,0.138302852199514,0.140802871393822,0.140802871393822,FALSE
"gene_266",2651.4328492115,0.0482603192144911,0.0519338502057163,0.0525988566591167,0.0525988566591167,FALSE
"gene_267",281.728527921071,0.0766546213811403,0.0668845782098392,0.0753311192591475,0.0753311192591475,FALSE
"gene_268",41.2739527329672,0.162560489427555,0.16433995277228,0.162813904569586,0.162813904569586,FALSE
"gene_269",3051.88709992351,0.0469734951647526,0.0517006207222397,0.0485637089166681,0.0485637089166681,FALSE
"gene_270",3969.33449923165,0.0581012358880824,0.0513436976272972,0.0593164693843236,0.0593164693843236,FALSE
"gene_271",55.6621165991745,0.180610824862619,0.134824514615617,0.1736581221309,0.1736581221309,FALSE
"gene_272",41.3835248574186,0.123502886122829,0.164037626298189,0.129623898819805,0.129623898819805,FALSE
"gene_273",7.62277487545682,0.474129431509665,0.668409838185608,0.505240635784889,0.505240635784889,FALSE
"gene_274",124.087149789827,0.0803985328702873,0.0881362072422976,0.081452130908256,0.081452130908256,FALSE
"gene_275",47.9526933500333,0.139282637678109,0.148436729800898,0.140633064130421,0.140633064130421,FALSE
"gene_276",94.3977576337539,0.111506369614942,0.100081380617299,0.109786353236189,0.109786353236189,FALSE
"gene_277",57.3398221492767,0.159461162156233,0.132347210514996,0.15518003208201,0.15518003208201,FALSE
"gene_278",1176.3662357589,0.0475225876156825,0.0541626347556053,0.0483011375347621,0.0483011375347621,FALSE
"gene_279",4464.82330133186,0.05106067189908,0.051211935223964,0.055756404677306,0.055756404677306,FALSE
"gene_280",4932.55046834771,0.0389787335823942,0.0511118439030283,0.0411417406904695,0.0411417406904695,FALSE
"gene_281",577.349800066354,0.052412728996167,0.0583192211013149,0.0533901935298424,0.0533901935298424,FALSE
"gene_282",22.587856302807,0.238723949931328,0.258799779715116,0.241947146023945,0.241947146023945,FALSE
"gene_283",114.551644378892,0.0659036143567892,0.091297722037007,0.0706166373903277,0.0706166373903277,FALSE
"gene_284",47.3766603458728,0.187292824010751,0.149631679316051,0.181607172327459,0.181607172327459,FALSE
"gene_285",44.5858167518069,0.185066632089244,0.155858322318804,0.180512816961565,0.180512816961565,FALSE
"gene_286",63.8766990974037,0.158167237857297,0.123936142566739,0.15296763021209,0.15296763021209,FALSE
"gene_287",5838.12238810177,0.0518819321540594,0.0509636406101285,0.0552427035271044,0.0552427035271044,FALSE
"gene_288",206.089603694532,0.0801665952963341,0.0730241498584242,0.0792048783937988,0.0792048783937988,FALSE
"gene_289",4687.45660293936,0.0466466086115971,0.0511618017004082,0.0493912230817189,0.0493912230817189,FALSE
"gene_290",175.362615439575,0.0783231008730891,0.0770310316907404,0.079606979769442,0.079606979769442,FALSE
"gene_291",115.87907019072,0.0727624855145449,0.0908264370913644,0.0751541542395284,0.0751541542395284,FALSE
"gene_292",3.28191400354729,0.722493630565727,1.48614978615817,0.864028636221676,0.864028636221676,FALSE
"gene_293",178.28141578344,0.090803129501361,0.0765910435823528,0.0888097143010244,0.0888097143010244,FALSE
"gene_294",108.146722432364,0.0972081847142498,0.093734291462955,0.0967106080203356,0.0967106080203356,FALSE
"gene_295",17.2303626749043,0.424601709954491,0.323673957507487,0.407136180554274,0.407136180554274,FALSE
"gene_296",245.85722304384,0.0598117870518054,0.0693252704239593,0.0610778492251412,0.0610778492251412,FALSE
"gene_297",5023.20726383291,0.0461174030820235,0.0510946003257915,0.047789831546186,0.047789831546186,FALSE
"gene_298",12.7059790203342,0.720173445567304,0.421068923561347,0.666429600728758,0.720173445567304,TRUE
"gene_299",77.3942017627959,0.0796890174890281,0.111049932352651,0.0839980193250266,0.0839980193250266,FALSE
"gene_300",37.1535875004593,0.172025185916172,0.177003008993124,0.172769007186682,0.172769007186682,FALSE
"gene_301",62.0826310581326,0.161416844826591,0.126068234704346,0.156021468409946,0.156021468409946,FALSE
"gene_302",44.6084714722448,0.151974422068921,0.155804640864009,0.152531188239258,0.152531188239258,FALSE
"gene_303",13.6315221835261,0.386328181769192,0.395884974797365,0.387798651219946,0.387798651219946,FALSE
"gene_304",561.269272740627,0.0547521787078441,0.0585530884748095,0.0565529615676724,0.0565529615676724,FALSE
"gene_305",54.1761293940355,0.106496933225183,0.137146861116095,0.11139605277714,0.11139605277714,FALSE
"gene_306",395.483641579654,0.0508630742732432,0.0620729593685839,0.0522695744152119,0.0522695744152119,FALSE
"gene_307",124.519818260756,0.086239509227456,0.0880042389490338,0.0864774653944557,0.0864774653944557,FALSE
"gene_308",32.7611299074538,0.137835290684531,0.194010004188057,0.146294515856684,0.146294515856684,FALSE
"gene_309",184.617578748334,0.0610554045537489,0.0756837938430615,0.0615814106770737,0.0615814106770737,FALSE
"gene_310",1197.63793277185,0.0266489855451375,0.0540914784022339,0.0294651983478341,0.0294651983478341,FALSE
"gene_311",4.7748551860381,0.836270746730452,1.03716157813905,0.872813126859995,0.872813126859995,FALSE
"gene_312",4835.2787148467,0.0515176217457128,0.0511310647859454,0.050903204770781,0.050903204770781,FALSE
"gene_313",5.38811718028531,1.12296181264868,0.924823121578466,1.08273202458595,1.08273202458595,FALSE
"gene_314",58.4007629894775,0.156899739926149,0.130854086283606,0.153002221693211,0.153002221693211,FALSE
"gene_315",184.696719347471,0.0728102334624499,0.0756728556208964,0.0717398971071624,0.0717398971071624,FALSE
"gene_316",150.869497816202,0.0939540293076362,0.0813940320406604,0.0921686013022253,0.0921686013022253,FALSE
"gene_317",4.66209829769432,0.994786369478919,1.0610331540435,1.00756396653731,1.00756396653731,FALSE
"gene_318",11.2452581109023,0.417126419710691,0.469249203883671,0.425799225815856,0.425799225815856,FALSE
"gene_319",83.5054964145571,0.109971632922348,0.106593478901503,0.109491924674328,0.109491924674328,FALSE
"gene_320",272.982872051207,0.0699863975416156,0.0674205054084877,0.0687595744229355,0.0687595744229355,FALSE
"gene_321",47.8551341312525,0.13576964025136,0.148637087672525,0.136753652261047,0.136753652261047,FALSE
"gene_322",1177.77467358391,0.056967725911801,0.0541578439057918,0.0596443714469232,0.0596443714469232,FALSE
"gene_323",544.184607154952,0.0610361040321578,0.0588167025535994,0.0626006365583133,0.0626006365583133,FALSE
"gene_324",4.82564748539101,1.08715808034654,1.02677286596155,1.07592989443771,1.07592989443771,FALSE
"gene_325",24.2557105518088,0.197755841854174,0.244453188741842,0.203612409286974,0.203612409286974,FALSE
"gene_326",404.049130212287,0.0721786816181458,0.0618203385832105,0.0707994230191182,0.0707994230191182,FALSE
"gene_327",187.345754009492,0.0562131460039888,0.0753120575195758,0.0598874471881765,0.0598874471881765,FALSE
"gene_328",183.142517794681,0.0630744511318411,0.0758893958616181,0.0662991239518327,0.0662991239518327,FALSE
"gene_329",126.706955450062,0.0522717960960672,0.0873509328239122,0.0565965592554736,0.0565965592554736,FALSE
"gene_330",2900.76023413638,0.0380534901489292,0.0517810734952133,0.0391606675257797,0.0391606675257797,FALSE
"gene_331",52.2421815391759,0.100026940761733,0.140367152135406,0.105799713267509,0.105799713267509,FALSE
"gene_332",5036.69828758873,0.0499372665229799,0.0510920872967276,0.0515753413668535,0.0515753413668535,FALSE
"gene_333",220.861862445614,0.0367799833438495,0.0714946489807324,0.0411636670806661,0.0411636670806661,FALSE
"gene_334",200.087208420014,0.0595174971721956,0.0737101572907295,0.0616358849458027,0.0616358849458027,FALSE
"gene_335",17.1004350757138,0.311934041197824,0.325752119861671,0.314111045887667,0.314111045887667,FALSE
"gene_336",68.1476716876131,0.0913121523402164,0.119312194635247,0.0949618590748711,0.0949618590748711,FALSE
"gene_337",4870.40592354716,0.0505228929933958,0.0511240350889163,0.0478162970303301,0.0478162970303301,FALSE
"gene_338",48.4080493759038,0.180635231826433,0.147512244226924,0.175426797331933,0.175426797331933,FALSE
"gene_339",90.1107415442095,0.106001209283716,0.102456560522958,0.105125809141298,0.105125809141298,FALSE
"gene_340",9.73264598791819,1.03793255016536,0.53438307048816,0.946801469993805,1.03793255016536,TRUE
"gene_341",46.8960163968392,0.151911389964757,0.15065121568246,0.151718902636515,0.151718902636515,FALSE
"gene_342",11.6224307601871,0.400019910816671,0.45564874896927,0.409633592086911,0.409633592086911,FALSE
"gene_343",1222.29867093971,0.033153789153666,0.0540120852897278,0.0365944831498854,0.0365944831498854,FALSE
"gene_344",1782.03232894417,0.0396593783179583,0.0528010183652963,0.0411034677377082,0.0411034677377082,FALSE
"gene_345",258.09817394491,0.0645013970425818,0.0684161385366412,0.0650079718212618,0.0650079718212618,FALSE
"gene_346",150.175203144467,0.0774283162151689,0.0815384508626137,0.0793232025140194,0.0793232025140194,FALSE
"gene_347",13.2926390182124,0.421791000362001,0.404698995532748,0.419143881531099,0.419143881531099,FALSE
"gene_348",12305.6046075179,0.0454685775852557,0.0505393741209417,0.0469781082797036,0.0469781082797036,FALSE
"gene_349",106.940165796733,0.113000182778783,0.0942259608131737,0.110241627938876,0.110241627938876,FALSE
"gene_350",33.7445721844233,0.140078788623854,0.189817575208051,0.147470315672356,0.147470315672356,FALSE
"gene_351",441.725662754208,0.0744062077334923,0.0608254744861883,0.0724566828119222,0.0724566828119222,FALSE
"gene_352",4696.14135083529,0.0647053007748151,0.051159942362027,0.0607186568304552,0.0607186568304552,FALSE
"gene_353",226.48725789375,0.0513593232548255,0.0709646583499641,0.0523498129552455,0.0523498129552455,FALSE
"gene_354",17.9930652376077,0.308381577455064,0.312079904788877,0.308953968621301,0.308953968621301,FALSE
"gene_355",84.2772664278068,0.0970339234392609,0.106076655659427,0.0991225323656713,0.0991225323656713,FALSE
"gene_356",4177.65721911346,0.0433164257483018,0.0512844916200402,0.0445351052277023,0.0445351052277023,FALSE
"gene_357",5.28741290088519,0.889223241275568,0.941482059362816,0.897867000675248,0.897867000675248,FALSE
"gene_358",258.54427559217,0.0619654230808217,0.0683846325120938,0.0627912819298846,0.0627912819298846,FALSE
"gene_359",1555.05617885138,0.0568896116777972,0.053187028051062,0.0570734319509637,0.0570734319509637,FALSE
"gene_360",432.939970447955,0.0625071878888486,0.0610419831668992,0.0623187461452832,0.0623187461452832,FALSE
"gene_361",141.047334861435,0.0842999456332734,0.0835693384748905,0.0842761887485898,0.0842761887485898,FALSE
"gene_362",411.924436486855,0.0662835359790137,0.0615973434633509,0.0656739418827701,0.0656739418827701,FALSE
"gene_363",1336.22417540993,0.0449357958286704,0.0536833518118011,0.0465960172821397,0.0465960172821397,FALSE
"gene_364",127.875237544067,0.0822215288164063,0.087011119463633,0.0828854833442737,0.0828854833442737,FALSE
"gene_365",163.214257305314,0.0551691327309885,0.0790313638529342,0.0581416652508532,0.0581416652508532,FALSE
"gene_366",3758.02633711399,0.0419251755038259,0.0514104579447369,0.0460876205672649,0.0460876205672649,FALSE
"gene_367",4711.81703876396,0.0512799198218004,0.0511566036676262,0.0522553600449518,0.0522553600449518,FALSE
"gene_368",127.047741056778,0.0940698018597217,0.0872511643155591,0.0931170932892436,0.0931170932892436,FALSE
"gene_369",1166.0702713337,0.0438709439652505,0.0541980083667831,0.0469459097167379,0.0469459097167379,FALSE
"gene_370",18.489346045186,0.174724806150596,0.30504949866541,0.193746789106048,0.193746789106048,FALSE
"gene_371",223.08934335747,0.0797719840500176,0.0712815928309832,0.078607902412374,0.078607902412374,FALSE
"gene_372",301.214179645164,0.055870430607239,0.0658024260362403,0.0571009329450596,0.0571009329450596,FALSE
"gene_373",1274.41033514613,0.0686436214467846,0.0538544229537345,0.0666937237952761,0.0666937237952761,FALSE
"gene_374",1731.94951004405,0.0451180292207274,0.0528774930328613,0.0459413828613218,0.0459413828613218,FALSE
"gene_375",276.010913898235,0.0677060636757875,0.0672311054595512,0.0668274546883181,0.0668274546883181,FALSE
"gene_376",4741.76930108417,0.0501732017499684,0.0511502856558623,0.0531953126398582,0.0531953126398582,FALSE
"gene_377",301.427190199085,0.0703300482426419,0.0657913694025205,0.0697227387867056,0.0697227387867056,FALSE
"gene_378",680.225114663873,0.0539676251661225,0.0570846982517852,0.0567846300577275,0.0567846300577275,FALSE
"gene_379",304.35421429988,0.0665318501215321,0.0656410052911337,0.0664111057084693,0.0664111057084693,FALSE
"gene_380",1538.92773685463,0.0561805634499575,0.0532187900439974,0.056299019163657,0.056299019163657,FALSE
"gene_381",5043.34567303461,0.0495480701358631,0.0510908540049718,0.050740534372024,0.050740534372024,FALSE
"gene_382",1061.05324649495,0.0577563303039432,0.0545980244446007,0.057088673471873,0.057088673471873,FALSE
"gene_383",36.3070043092881,0.162541426236394,0.179960736144924,0.163425440712304,0.163425440712304,FALSE
"gene_384",18.1951100288778,0.172271212245258,0.309171415581487,0.190819670422895,0.190819670422895,FALSE
"gene_385",344.409816800427,0.0442792126243983,0.0638401116452721,0.0469764059940561,0.0469764059940561,FALSE
"gene_386",64.419475377126,0.131766229553654,0.123314499850358,0.130500572116091,0.130500572116091,FALSE
"gene_387",7.12750971004324,0.54604225144427,0.711370059490838,0.575521073349681,0.575521073349681,FALSE
"gene_388",63.1900066250161,0.127400729239937,0.124737914886982,0.127022373896441,0.127022373896441,FALSE
"gene_389",630.468392191309,0.0496414766007119,0.0576314817795179,0.0488779962758478,0.0488779962758478,FALSE
"gene_390",149.83661456439,0.0618981424387188,0.0816093654801006,0.0644160212924346,0.0644160212924346,FALSE
"gene_391",762.545606801969,0.0609942796167708,0.0563367542032341,0.0617973078456336,0.0617973078456336,FALSE
"gene_392",187.217339794507,0.117141192193405,0.0753293120369074,0.113070305698393,0.117141192193405,TRUE
"gene_393",48.2008738776591,0.121734228894254,0.147930696118714,0.125506234792879,0.125506234792879,FALSE
"gene_394",1354.62583794108,0.0352302304530873,0.0536354405045613,0.0371666574471287,0.0371666574471287,FALSE
"gene_395",4.31854299694971,1.06060676962847,1.14145195957447,1.0751487118208,1.0751487118208,FALSE
"gene_396",4696.90373935158,0.058338792721869,0.0511597794687484,0.0551245695893185,0.0551245695893185,FALSE
"gene_397",37.3767599963634,0.271731140427358,0.176245621896,0.25619945406021,0.271731140427358,TRUE
"gene_398",122.16309189882,0.119092264003495,0.0887343859474655,0.113341341167364,0.113341341167364,FALSE
"gene_399",472.727920561016,0.0578711969824766,0.0601257789917814,0.0581517004969438,0.0581517004969438,FALSE
"gene_400",4.58734742542116,1.36635626244477,1.07750540098622,1.30799240308632,1.30799240308632,FALSE
"gene_401",37.4382584156182,0.112421680135007,0.176038499862197,0.121559310977977,0.121559310977977,FALSE
"gene_402",67.7735573027092,0.103524660567596,0.119693939094227,0.105792807282528,0.105792807282528,FALSE
"gene_403",4.25431198629846,0.961509151969983,1.15792818824489,0.996098881573468,0.996098881573468,FALSE
"gene_404",291.78371057142,0.0534194495384506,0.0663081068526844,0.0549980914072391,0.0549980914072391,FALSE
"gene_405",30.6108331203295,0.228841643440841,0.204115183470207,0.225042115359838,0.225042115359838,FALSE
"gene_406",186.182295057947,0.0586495254390053,0.0754692560456574,0.0607737995536228,0.0607737995536228,FALSE
"gene_407",39.3815279116388,0.135496961551786,0.169826885682655,0.140547975308064,0.140547975308064,FALSE
"gene_408",924.151295657477,0.0423321589588597,0.0552559988801163,0.0451694427752179,0.0451694427752179,FALSE
"gene_409",238.633686406786,0.0597933478067345,0.0699055199523937,0.0610821847459512,0.0610821847459512,FALSE
"gene_410",296.031800357863,0.0584278386967191,0.0660763279424259,0.0593992114784338,0.0593992114784338,FALSE
"gene_411",24.8225471513738,0.276523921098822,0.24001631391223,0.270572981841997,0.270572981841997,FALSE
"gene_412",444.439424905746,0.0781246463005437,0.0607603287176774,0.0734449548974043,0.0734449548974043,FALSE
"gene_413",25.0503273741008,0.241445706015245,0.23828993587776,0.240924465351155,0.240924465351155,FALSE
"gene_414",600.27225476667,0.0572838826164601,0.058007509137174,0.0574620157758124,0.0574620157758124,FALSE
"gene_415",31.9317573848708,0.22793606726921,0.197746354507128,0.221442546132979,0.221442546132979,FALSE
"gene_416",56.1964438115009,0.091754846662076,0.134019472908259,0.0975471753385574,0.0975471753385574,FALSE
"gene_417",291.476862882374,0.0691013138150167,0.0663251103151058,0.0690468608465365,0.0690468608465365,FALSE
"gene_418",42.5247201342736,0.169576991163461,0.16098150448331,0.168312841141806,0.168312841141806,FALSE
"gene_419",1039.20075101421,0.0434708019844023,0.0546914238361953,0.0447461980346927,0.0447461980346927,FALSE
"gene_420",8.93048028515683,0.418285987580051,0.577877935283376,0.442437221195003,0.442437221195003,FALSE
"gene_421",34.9366665838976,0.241910345376564,0.185052114484564,0.232865185483274,0.232865185483274,FALSE
"gene_422",255.976358811155,0.0567382078764831,0.0685674954952223,0.0582217527627415,0.0582217527627415,FALSE
"gene_423",218.653184285726,0.0782054157271761,0.0717101927825594,0.0773243603400707,0.0773243603400707,FALSE
"gene_424",435.844997114746,0.0581393107011086,0.0609694277213263,0.0584937371749709,0.0584937371749709,FALSE
"gene_425",126.339622005058,0.0710488386122515,0.0874590762393383,0.0737128326498474,0.0737128326498474,FALSE
"gene_426",41.2226951985178,0.114708915515711,0.164481932031265,0.121909290925861,0.121909290925861,FALSE
"gene_427",373.947705968252,0.058258239281746,0.0627592435439832,0.0571596375660671,0.0571596375660671,FALSE
"gene_428",69.0118059377399,0.121560985015331,0.11844625734445,0.121122531680809,0.121122531680809,FALSE
"gene_429",591.582541547124,0.0641343766846615,0.0581228336061239,0.0633628300620762,0.0633628300620762,FALSE
"gene_430",5.12223900887607,1.09244135884015,0.97022412489432,1.06757254390475,1.06757254390475,FALSE
"gene_431",50.0051029281099,0.155143121607384,0.144402911419626,0.15242907738085,0.15242907738085,FALSE
"gene_432",4.35318201386629,1.34868511333647,1.13276833333273,1.30498256248043,1.30498256248043,FALSE
"gene_433",35.6457217980198,0.225865737577492,0.182368804695083,0.219130940320643,0.219130940320643,FALSE
"gene_434",113.884318153557,0.0709633383018117,0.0915387972601297,0.0736850581219953,0.0736850581219953,FALSE
"gene_435",67.5897291485431,0.137278356273993,0.119883064850372,0.134678655293226,0.134678655293226,FALSE
"gene_436",76.3143407835516,0.132965889169823,0.111911586344659,0.129804778001902,0.129804778001902,FALSE
"gene_437",52.7546615759538,0.136432352784157,0.139490808482176,0.136875369066296,0.136875369066296,FALSE
"gene_438",53.5765024720553,0.127157457881024,0.138120456327981,0.128767573893169,0.128767573893169,FALSE
"gene_439",538.611643537583,0.0537046688722224,0.0589063099493455,0.0543406779683775,0.0543406779683775,FALSE
"gene_440",487.600194995818,0.0458129493025696,0.0598217031588196,0.04743499598949,0.04743499598949,FALSE
"gene_441",33.9635533763167,0.164570606837251,0.188917104881221,0.168211467651315,0.168211467651315,FALSE
"gene_442",2649.48063443288,0.0471566205784409,0.051935159887698,0.0506396533575198,0.0506396533575198,FALSE
"gene_443",992.975843433342,0.0683071355693855,0.0549025380891595,0.0680656405939589,0.0680656405939589,FALSE
"gene_444",3918.62755273467,0.0672041722758281,0.0513590613128776,0.067277175374264,0.067277175374264,FALSE
"gene_445",419.407417680535,0.0530146892073014,0.0613932163806326,0.0540442029895273,0.0540442029895273,FALSE
"gene_446",557.616362435284,0.0563282441951664,0.0586080947036322,0.05885918264406,0.05885918264406,FALSE
"gene_447",55.3267333012069,0.130498501529982,0.135337761503036,0.13120759928022,0.13120759928022,FALSE
"gene_448",197.655733297736,0.0578393561404643,0.0739999054780792,0.059868834385371,0.059868834385371,FALSE
"gene_449",2521.14042019787,0.0559465728498871,0.0520257090868623,0.0561492701615704,0.0561492701615704,FALSE
"gene_450",366.399256176033,0.0605028160285621,0.0630188837545282,0.0624378481255846,0.0624378481255846,FALSE
"gene_451",278.100721894721,0.0591026439296552,0.0671027963018761,0.0601070450564627,0.0601070450564627,FALSE
"gene_452",337.136581419485,0.090666328913114,0.0641353181214949,0.08686795265341,0.08686795265341,FALSE
"gene_453",73.6907560164477,0.0821842667186228,0.114110233661155,0.0864918248021721,0.0864918248021721,FALSE
"gene_454",14.4754849847918,0.373532088108043,0.375727994760507,0.373012559706001,0.373012559706001,FALSE
"gene_455",113.859760065675,0.126504085996469,0.0915477229131013,0.1211938327374,0.1211938327374,FALSE
"gene_456",28.4076546812148,0.268633336280554,0.216055580879062,0.260351417008526,0.260351417008526,FALSE
"gene_457",32.8337440698754,0.207214136777744,0.193691861687412,0.205081853172296,0.205081853172296,FALSE
"gene_458",4.13158396847645,1.45031083240219,1.19083436601904,1.39781493589625,1.39781493589625,FALSE
"gene_459",4752.20928081963,0.0376534301370105,0.0511481022055393,0.040702126418138,0.040702126418138,FALSE
"gene_460",3201.64121057095,0.0464464516730375,0.0516283907802681,0.0476902418378261,0.0476902418378261,FALSE
"gene_461",61.3271141959386,0.10842185851694,0.127003427510074,0.111051286682803,0.111051286682803,FALSE
"gene_462",10.3708456197917,0.4355278882716,0.504584797689502,0.446688541036827,0.446688541036827,FALSE
"gene_463",1484.38433073681,0.0582521209378704,0.0533313171903078,0.0547059334946278,0.0547059334946278,FALSE
"gene_464",96.1364031861014,0.0838766871813044,0.0991784775155975,0.0859590170938968,0.0859590170938968,FALSE
"gene_465",85.6503728340792,0.0925730673489052,0.105180168375961,0.0943191613695335,0.0943191613695335,FALSE
"gene_466",435.50144850313,0.0446951431544695,0.060977957665076,0.0473438555117308,0.0473438555117308,FALSE
"gene_467",2497.59633037443,0.0525547698675556,0.0520433305620067,0.0534609035561529,0.0534609035561529,FALSE
"gene_468",27.0768412658322,0.265280062409884,0.224209444243709,0.258857666545334,0.258857666545334,FALSE
"gene_469",155.171324637066,0.094603670641938,0.0805280285366938,0.0923433145059498,0.0923433145059498,FALSE
"gene_470",95.552633720604,0.139408005184904,0.0994779731402477,0.133391589105461,0.133391589105461,FALSE
"gene_471",4.73071845188191,0.632215660343711,1.04637015520482,0.698851180737679,0.698851180737679,FALSE
"gene_472",67.2649456432674,0.132922713017365,0.120219734604318,0.131046885347473,0.131046885347473,FALSE
"gene_473",9.36045260194471,0.571283154848161,0.553637050409073,0.568230632579814,0.568230632579814,FALSE
"gene_474",288.510280784355,0.0472924701174247,0.0664913637512577,0.0495565381992524,0.0495565381992524,FALSE
"gene_475",56.5279290500469,0.170829310811652,0.133527691707075,0.165230674851078,0.165230674851078,FALSE
"gene_476",110.277355025787,0.106820920078547,0.0928923371967215,0.104803239486689,0.104803239486689,FALSE
"gene_477",4533.64284459342,0.0511931797707749,0.0511959123711002,0.0524897629861999,0.0524897629861999,FALSE
"gene_478",212.758892141668,0.0787857440646281,0.0723073212404997,0.0779063583540438,0.0779063583540438,FALSE
"gene_479",23.8842141213969,0.130793418595722,0.247475292189232,0.148399299626348,0.148399299626348,FALSE
"gene_480",149.989505637279,0.0757730747679544,0.0815773040462332,0.0765533733412519,0.0765533733412519,FALSE
"gene_481",67.9472940484917,0.100861590737932,0.119516136180476,0.103502485283088,0.103502485283088,FALSE
"gene_482",731.999541342162,0.0881165387836602,0.0565946583258358,0.0809828951919388,0.0881165387836602,TRUE
"gene_483",133.85530354145,0.128862626738371,0.0853646124733982,0.122237073889507,0.122237073889507,FALSE
"gene_484",179.278922792761,0.0770647074736437,0.0764439613250946,0.0769748147481364,0.0769748147481364,FALSE
"gene_485",308.98431455642,0.101493998467158,0.065408969873246,0.0943505238357273,0.101493998467158,TRUE
"gene_486",2144.63547589396,0.0510274249030752,0.0523538797853252,0.0536696061553287,0.0536696061553287,FALSE
"gene_487",107.253573986822,0.074306319148707,0.0940971840947496,0.077971536788012,0.077971536788012,FALSE
"gene_488",1021.36971505935,0.040881636974182,0.054770596231802,0.040278185450975,0.040278185450975,FALSE
"gene_489",36.008219096995,0.254034934318708,0.181037812962815,0.242318883875891,0.242318883875891,FALSE
"gene_490",1903.49898582253,0.0551698899366741,0.0526322587647158,0.0548558420611563,0.0548558420611563,FALSE
"gene_491",32.8059338122857,0.17117284176356,0.193813539624199,0.174583594123872,0.174583594123872,FALSE
"gene_492",21.1912529739007,0.274596290160738,0.272550361049646,0.274300928147588,0.274300928147588,FALSE
"gene_493",3775.01286023774,0.0387679143398031,0.0514048149989443,0.0386026117738966,0.0386026117738966,FALSE
"gene_494",1335.10610319995,0.050382173865429,0.0536863054302059,0.0522524428580281,0.0522524428580281,FALSE
"gene_495",20.5373076067231,0.308623323418179,0.279631790976334,0.304193160565082,0.304193160565082,FALSE
"gene_496",279.761987562679,0.0733448938137325,0.0670021662011108,0.0724947558949393,0.0724947558949393,FALSE
"gene_497",54.8554909438828,0.139973832800313,0.13606952176839,0.139392802602635,0.139392802602635,FALSE
"gene_498",30.3139814314223,0.14548225675034,0.205622835208317,0.154606087983558,0.154606087983558,FALSE
"gene_499",1609.79123812126,0.0567147491884564,0.0530839824186829,0.0529552296302428,0.0529552296302428,FALSE
"gene_500",356.29301441834,0.0701999751388939,0.0633837279412371,0.0693092215346206,0.0693092215346206,FALSE
"gene_501",596.846937183622,0.0583347844436715,0.0580525668603686,0.0583008352223666,0.0583008352223666,FALSE
"gene_502",19.7022354788392,0.297193233765171,0.289358022732484,0.29591798512969,0.29591798512969,FALSE
"gene_503",1910.78320725941,0.0496805268314709,0.0526228203574617,0.0506816866098343,0.0506816866098343,FALSE
"gene_504",1395.07161032579,0.0484738352699886,0.0535345763352615,0.0507575029963488,0.0507575029963488,FALSE
"gene_505",1720.3039112703,0.0393128594356087,0.0528959135177385,0.042878940215914,0.042878940215914,FALSE
"gene_506",10.882547049226,0.469998360514944,0.483217404293941,0.474355687760341,0.474355687760341,FALSE
"gene_507",52.8873012125052,0.155702211441705,0.13926676066636,0.153200183553126,0.153200183553126,FALSE
"gene_508",156.923749610408,0.0970935547430009,0.0801888573680794,0.0946894600015202,0.0946894600015202,FALSE
"gene_509",21.615493779773,0.216897128107532,0.268185501429418,0.225341993394963,0.225341993394963,FALSE
"gene_510",122.515403370783,0.0827568845129717,0.0886234491273248,0.0835604196929115,0.0835604196929115,FALSE
"gene_511",2127.92298157857,0.0556418636974927,0.0523711386220619,0.0546963793492415,0.0546963793492415,FALSE
"gene_512",67.35916015566,0.0938952022942662,0.120121737784082,0.0975276682867122,0.0975276682867122,FALSE
"gene_513",17.5362072151357,0.385943457621968,0.318903607080439,0.375119344749765,0.375119344749765,FALSE
"gene_514",244.107507183352,0.0599280957801335,0.069462669261824,0.0611360971280837,0.0611360971280837,FALSE
"gene_515",94.080998722606,0.103055001226162,0.100249471780662,0.102653217008888,0.102653217008888,FALSE
"gene_516",147.149336283953,0.0848282373666437,0.0821837675828526,0.0844702539298987,0.0844702539298987,FALSE
"gene_517",1379.45531806155,0.0422387524995414,0.0535728194651226,0.0461225181701391,0.0461225181701391,FALSE
"gene_518",150.766216112854,0.0713386650319677,0.0814154312412875,0.073151631587317,0.073151631587317,FALSE
"gene_519",175.617751852522,0.0787971247287405,0.0769919883782701,0.0785478820456954,0.0785478820456954,FALSE
"gene_520",273.561749227556,0.084065553095237,0.0673839732532348,0.0817275615966325,0.0817275615966325,FALSE
"gene_521",17.1968094834505,0.284034827583064,0.324207625522853,0.290045814116715,0.290045814116715,FALSE
"gene_522",282.757379433662,0.0489660752215792,0.0668237104154427,0.0523693540620849,0.0523693540620849,FALSE
"gene_523",314.15828301933,0.0860867621747464,0.0651577705483674,0.0847389852666087,0.0847389852666087,FALSE
"gene_524",775.788487228573,0.0399862828561312,0.0562312540859119,0.0418800694646536,0.0418800694646536,FALSE
"gene_525",7.9683606530634,0.578903147275197,0.64159634332681,0.58943879965889,0.58943879965889,FALSE
"gene_526",4770.89399643038,0.0482673445117401,0.0511442182808036,0.0506113360368049,0.0506113360368049,FALSE
"gene_527",3.81542467881767,0.66563155773526,1.28535488938059,0.781692621433974,0.781692621433974,FALSE
"gene_528",170.176011171642,0.089792954480816,0.077850113720249,0.0881399795474088,0.0881399795474088,FALSE
"gene_529",25.5655913517792,0.297817949418584,0.234498181719084,0.287685391200195,0.287685391200195,FALSE
"gene_530",299.476818804255,0.0629076782939837,0.0658931936761977,0.0632875553487363,0.0632875553487363,FALSE
"gene_531",995.258465859521,0.0609993434768748,0.0548916528204446,0.0602167523941171,0.0602167523941171,FALSE
"gene_532",3.519976466063,1.03694586955836,1.38903092002828,1.1056260817586,1.1056260817586,FALSE
"gene_533",42.5683502830367,0.192688062460769,0.160867915019724,0.1877194276946,0.1877194276946,FALSE
"gene_534",4.90771406315019,0.808202139616819,1.01044192845411,0.844180963560057,0.844180963560057,FALSE
"gene_535",352.553619735999,0.0324292785642818,0.063524024965339,0.0354692618598311,0.0354692618598311,FALSE
"gene_536",334.468884425211,0.0707762093206758,0.0642468129021971,0.0699101953916171,0.0699101953916171,FALSE
"gene_537",851.866601411397,0.0655168098946737,0.0556887232146643,0.0634827192332309,0.0634827192332309,FALSE
"gene_538",61.3709276564232,0.114405508552463,0.126948565466888,0.115090420517943,0.115090420517943,FALSE
"gene_539",4806.07749261684,0.0354108391493169,0.0511369867857161,0.0371848843585453,0.0371848843585453,FALSE
"gene_540",1648.92931268216,0.0419872964977292,0.0530144947890655,0.045344155280632,0.045344155280632,FALSE
"gene_541",243.800648064082,0.0438677955920531,0.069486969060828,0.0468236679196797,0.0468236679196797,FALSE
"gene_542",161.934160218546,0.0820186281091922,0.0792596218390648,0.0816381555197356,0.0816381555197356,FALSE
"gene_543",106.928753057963,0.0980566033707062,0.0942306644540927,0.0980680446401909,0.0980680446401909,FALSE
"gene_544",82.635096696091,0.11163512487956,0.107187933620124,0.110991919261908,0.110991919261908,FALSE
"gene_545",1045.18946863828,0.0393440183379542,0.0546654390589878,0.040703498589672,0.040703498589672,FALSE
"gene_546",552.276682160698,0.0470514583391714,0.0586898098712475,0.0492709337889881,0.0492709337889881,FALSE
"gene_547",32.8251171106176,0.161662026109857,0.193729585075604,0.166332512623602,0.166332512623602,FALSE
"gene_548",15.3676830688495,0.36532497963788,0.356826358289037,0.363969567842967,0.363969567842967,FALSE
"gene_549",13.0447191120808,0.318087676861062,0.41143721410494,0.332430052795398,0.332430052795398,FALSE
"gene_550",11.3807749139551,0.845527591345292,0.464258847931549,0.77768561826583,0.845527591345292,TRUE
"gene_551",4.03636965127659,0.77289973462321,1.21774192991229,0.85027327924208,0.85027327924208,FALSE
"gene_552",97.1850446875179,0.130453358293269,0.0986495217298408,0.125705630412817,0.125705630412817,FALSE
"gene_553",35.5290525524511,0.163348704652567,0.182802959876512,0.166204917316888,0.166204917316888,FALSE
"gene_554",50.1676679698297,0.140984509867369,0.144097511752454,0.142839994093196,0.142839994093196,FALSE
"gene_555",2906.72060217646,0.0454007926946999,0.0517777420122711,0.0474437609819167,0.0474437609819167,FALSE
"gene_556",1631.26971449101,0.0569978669893617,0.0530454356678694,0.0550356184846659,0.0550356184846659,FALSE
"gene_557",55.8158161217046,0.136759882212104,0.134591364754568,0.136446386782778,0.136446386782778,FALSE
"gene_558",27.6765244985951,0.178150000417316,0.220438136322237,0.184900137704061,0.184900137704061,FALSE
"gene_559",58.8982539125945,0.137929815296758,0.130172463876182,0.136777854878095,0.136777854878095,FALSE
"gene_560",4.89409502620342,1.03978955534264,1.01311416185141,1.03499175455249,1.03499175455249,FALSE
"gene_561",132.934816737753,0.11644257731895,0.085608406399226,0.111943734288788,0.111943734288788,FALSE
"gene_562",125.510280734451,0.0917224881365696,0.0877055632524618,0.0911499342830271,0.0911499342830271,FALSE
"gene_563",132.685700133958,0.0851899424566106,0.0856749673399796,0.0852034264829816,0.0852034264829816,FALSE
"gene_564",101.217047936697,0.127182270001056,0.0967177873614185,0.12264561898471,0.12264561898471,FALSE
"gene_565",88.9133361507675,0.107019530327369,0.103160892456263,0.10646389767717,0.10646389767717,FALSE
"gene_566",293.385026862689,0.083596488351325,0.0662199496558604,0.0831716143697668,0.0831716143697668,FALSE
"gene_567",670.461759056725,0.0544765721990273,0.0571855891693138,0.0566206884823236,0.0566206884823236,FALSE
"gene_568",4507.36754811656,0.0454742679457847,0.0512019721528972,0.047758466786671,0.047758466786671,FALSE
"gene_569",2224.45507127695,0.0648706334453856,0.0522750279082143,0.0644633987642527,0.0644633987642527,FALSE
"gene_570",31.8461345857214,0.189257843829502,0.198143170816025,0.19061315232349,0.19061315232349,FALSE
"gene_571",360.318997143946,0.0646120170463267,0.063235933847745,0.0644201001828308,0.0644201001828308,FALSE
"gene_572",23.5009158024487,0.336690812154636,0.25069354984185,0.321647542205175,0.321647542205175,FALSE
"gene_573",660.198644612181,0.0612815789097161,0.0572948614908145,0.0607679357175401,0.0607679357175401,FALSE
"gene_574",17.8570574067493,0.381613854796619,0.314074838657081,0.370180674715893,0.370180674715893,FALSE
"gene_575",4.69514677887151,0.81722074538919,1.05391773398034,0.864694546966189,0.864694546966189,FALSE
"gene_576",99.7314356671767,0.087704168316738,0.0974113718605331,0.0890562593056487,0.0890562593056487,FALSE
"gene_577",104.110468522559,0.113602863891746,0.0954237609573653,0.110868667802239,0.110868667802239,FALSE
"gene_578",14.9910736097947,0.402930085209215,0.364530596992345,0.396724699989784,0.396724699989784,FALSE
"gene_579",307.25245471562,0.0811827782362012,0.0654949425771429,0.0783865315463356,0.0783865315463356,FALSE
"gene_580",607.238024520757,0.0537857766589756,0.0579174471500879,0.0546106098499172,0.0546106098499172,FALSE
"gene_581",72.1891015105818,0.10914915701745,0.115440580903064,0.110054249002978,0.110054249002978,FALSE
"gene_582",221.538545273357,0.0669943613645369,0.0714294719210466,0.0669569189282336,0.0669569189282336,FALSE
"gene_583",36.708310222456,0.194578620848955,0.17854167735684,0.192068905155332,0.192068905155332,FALSE
"gene_584",4429.5412859954,0.0505514330721124,0.0512203427843069,0.0494855141134648,0.0494855141134648,FALSE
"gene_585",7.02352360624717,0.536950659332098,0.721159594878919,0.565598685262038,0.565598685262038,FALSE
"gene_586",93.434755866259,0.0936057671490044,0.100595941288978,0.0959566064306841,0.0959566064306841,FALSE
"gene_587",18.1012909929678,0.242421941359425,0.310513891079928,0.25297943306492,0.25297943306492,FALSE
"gene_588",87.6614382743633,0.171393285482296,0.103917852652904,0.160526219180407,0.171393285482296,TRUE
"gene_589",32.0015632641024,0.181486197496316,0.197424412516306,0.184243511961073,0.184243511961073,FALSE
"gene_590",378.793968129355,0.075397722276461,0.0625980036090079,0.0719521511953768,0.0719521511953768,FALSE
"gene_591",26.5221954020954,0.203919010862199,0.227849331634061,0.207619120657648,0.207619120657648,FALSE
"gene_592",28.954199076235,0.180892323748017,0.212924039553906,0.185564139120579,0.185564139120579,FALSE
"gene_593",8.51298523381974,0.597135564341675,0.603758531347397,0.598223522353826,0.598223522353826,FALSE
"gene_594",387.359858436498,0.0562613604572106,0.0623228758066993,0.0551849276010619,0.0551849276010619,FALSE
"gene_595",7.41477570033171,0.611751412785527,0.685753074405909,0.623664273107394,0.623664273107394,FALSE
"gene_596",4733.90540963385,0.0507772804745865,0.0511519366941783,0.0493702397583821,0.0493702397583821,FALSE
"gene_597",233.353758805368,0.077696269248518,0.0703523692247129,0.0767110472440138,0.0767110472440138,FALSE
"gene_598",226.136653834698,0.0501171459732204,0.0709969196484239,0.0520762941129348,0.0520762941129348,FALSE
"gene_599",79.5404566137657,0.0989282870985697,0.109406830734962,0.100401003722446,0.100401003722446,FALSE
"gene_600",4699.99254623131,0.046218833482935,0.0511591200495825,0.0464131046772326,0.0464131046772326,FALSE
"gene_601",252.193636865377,0.0567394555152695,0.0688436486925774,0.0582378581427912,0.0582378581427912,FALSE
"gene_602",275.714825961795,0.0680862136497666,0.0672494418554314,0.0677897543250648,0.0677897543250648,FALSE
"gene_603",5.40637386325735,0.852001595200983,0.921869475833143,0.863971206595337,0.863971206595337,FALSE
"gene_604",6.90328994037494,0.639711598356935,0.732846366751201,0.655834599978145,0.655834599978145,FALSE
"gene_605",37.5573736412552,0.0933458750152178,0.175639258008016,0.105211125405531,0.105211125405531,FALSE
"gene_606",190.037159801576,0.0630119164394057,0.0749557898315141,0.0645430158820016,0.0645430158820016,FALSE
"gene_607",20.188869113768,0.278675901818136,0.283592293230344,0.279454825431629,0.279454825431629,FALSE
"gene_608",26.2190490631475,0.192143277259404,0.229903828862059,0.198013513285918,0.198013513285918,FALSE
"gene_609",7.10579574672723,0.503502530842697,0.713390602973493,0.536548725831827,0.536548725831827,FALSE
"gene_610",286.359549927514,0.0852911987906187,0.0666140491108065,0.080840458491077,0.080840458491077,FALSE
"gene_611",62.8402663687517,0.184240148742479,0.125153001612002,0.174767104427025,0.174767104427025,FALSE
"gene_612",8.98811845399666,0.766854348786107,0.574493811734554,0.735247995285694,0.735247995285694,FALSE
"gene_613",54.1253682200432,0.165418878201914,0.137228444639723,0.161131482443249,0.161131482443249,FALSE
"gene_614",91.5687380863717,0.0672536919836822,0.101623814936231,0.0722485531132503,0.0722485531132503,FALSE
"gene_615",19.5231068808129,0.219767223443003,0.291552747820715,0.230532193906122,0.230532193906122,FALSE
"gene_616",4.48748962605104,1.02750387408776,1.10036647022788,1.04171280817591,1.04171280817591,FALSE
"gene_617",2288.43907985233,0.0569678798304514,0.052215791585633,0.0541448948493556,0.0541448948493556,FALSE
"gene_618",129.261734123003,0.111713783310374,0.0866158056325921,0.108045369028819,0.108045369028819,FALSE
"gene_619",104.138720003453,0.104684621149027,0.0954114805090951,0.103362652323489,0.103362652323489,FALSE
"gene_620",103.910479080156,0.117933557059671,0.095510883985152,0.114636155231571,0.114636155231571,FALSE
"gene_621",259.241839519179,0.0718937304419518,0.0683355842491308,0.0714141643012102,0.0714141643012102,FALSE
"gene_622",1280.95622979114,0.0401162267470164,0.0538355254223747,0.0419745858145574,0.0419745858145574,FALSE
"gene_623",1051.27396456378,0.0581924801541772,0.0546393418953287,0.0577450260316955,0.0577450260316955,FALSE
"gene_624",66.758973201821,0.170880389389961,0.120750751155382,0.163100726249878,0.163100726249878,FALSE
"gene_625",1458.39425734548,0.0553181675535792,0.053387897567408,0.0540647632538752,0.0540647632538752,FALSE
"gene_626",134.8198398462,0.11213892892971,0.0851127236908225,0.108145733299716,0.108145733299716,FALSE
"gene_627",181.803619600635,0.0657188673699607,0.0760789073263892,0.0670528810931168,0.0670528810931168,FALSE
"gene_628",819.656840772161,0.0469146596182156,0.0559061251854641,0.0461335173342056,0.0461335173342056,FALSE
"gene_629",1239.57551610095,0.066298288966342,0.0539583457737461,0.0646719719787631,0.0646719719787631,FALSE
"gene_630",9.2314354990784,0.909830842455223,0.560673617549342,0.84596053030215,0.909830842455223,TRUE
"gene_631",41.9234448877657,0.183065470203741,0.162570982543668,0.179737528928859,0.179737528928859,FALSE
"gene_632",1561.11592873845,0.0511117081751685,0.0531752641029687,0.0521289760088463,0.0521289760088463,FALSE
"gene_633",62.2818322752747,0.163057448351234,0.12582543948477,0.157419070822796,0.157419070822796,FALSE
"gene_634",98.7740805845628,0.107788140811788,0.0978693846645577,0.106325743714585,0.106325743714585,FALSE
"gene_635",129.804168720788,0.0724095366899274,0.0864634465312277,0.0742728474222576,0.0742728474222576,FALSE
"gene_636",132.755714509578,0.042832887453723,0.0856562351085852,0.0480957218848901,0.0480957218848901,FALSE
"gene_637",262.565800622232,0.0740060252735578,0.0681054441377799,0.0722124370213909,0.0722124370213909,FALSE
"gene_638",10.5588343465376,0.556664813146614,0.496494187090104,0.546925335498482,0.546925335498482,FALSE
"gene_639",703.957136688467,0.0491697111995044,0.0568511290897658,0.0489798632759909,0.0489798632759909,FALSE
"gene_640",77.4344896110884,0.251424433763771,0.111018250479839,0.227024851052306,0.251424433763771,TRUE
"gene_641",102.519366779011,0.156029974118062,0.0961263110158175,0.146513439897026,0.156029974118062,TRUE
"gene_642",52.7907193046724,0.166715292302698,0.139429790255121,0.162408195053015,0.162408195053015,FALSE
"gene_643",673.64824942483,0.0517089750354673,0.0571523396745127,0.0531158832343866,0.0531158832343866,FALSE
"gene_644",169.642444760187,0.0746425486701663,0.0779372171505466,0.0750899712505417,0.0750899712505417,FALSE
"gene_645",210.77688252414,0.0676160359407032,0.072515614251994,0.0697450071450293,0.0697450071450293,FALSE
"gene_646",503.452086071466,0.0322357067782033,0.0595173774076165,0.0350698341559866,0.0350698341559866,FALSE
"gene_647",306.711630793124,0.0784008317193013,0.0655219890057379,0.0766285390358209,0.0766285390358209,FALSE
"gene_648",53.0649783210448,0.106891036899389,0.138968393026127,0.111341370457451,0.111341370457451,FALSE
"gene_649",250.585561513931,0.0729241103354415,0.0689635698648665,0.0723979840670375,0.0723979840670375,FALSE
"gene_650",137.642859206352,0.0856746042519749,0.0843957784227111,0.0838657641203721,0.0838657641203721,FALSE
"gene_651",210.998672626668,0.0733261610882053,0.0724921114793064,0.073211815548193,0.073211815548193,FALSE
"gene_652",10.8117170692103,0.824039288121003,0.48605448396745,0.764068584282658,0.824039288121003,TRUE
"gene_653",138.749740902454,0.0639277645610933,0.0841226323390065,0.0667541096287531,0.0667541096287531,FALSE
"gene_654",182.291949283553,0.0697426273789982,0.0760094652421027,0.0697546377168172,0.0697546377168172,FALSE
"gene_655",251.285736874209,0.0794057764679599,0.0689111660890746,0.0761302001020257,0.0761302001020257,FALSE
"gene_656",86.4449141653187,0.0892634793951892,0.10467442823289,0.0928689365318345,0.0928689365318345,FALSE
"gene_657",852.947379006356,0.0560955841641815,0.0556817131481125,0.0560428636350019,0.0560428636350019,FALSE
"gene_658",3103.34087527638,0.0687629334763978,0.0516750172457053,0.0620912353927809,0.0620912353927809,FALSE
"gene_659",40.9989974124887,0.267114505023366,0.165105712402664,0.250617249934784,0.267114505023366,TRUE
"gene_660",8.45008209753538,0.409073001751176,0.607879593168559,0.441310250324339,0.441310250324339,FALSE
"gene_661",730.18894448991,0.0740221392026025,0.0566106228264336,0.0741875386966897,0.0741875386966897,FALSE
"gene_662",53.6749203865371,0.144056984323332,0.137959166110121,0.143149625802698,0.143149625802698,FALSE
"gene_663",224.155143283399,0.0511433794291044,0.0711811479540893,0.0529234900513142,0.0529234900513142,FALSE
"gene_664",179.846246831889,0.0557479343906474,0.0763610373310631,0.0583276244228559,0.0583276244228559,FALSE
"gene_665",109.198055391584,0.0841337238439864,0.0933147338055479,0.0850372692438211,0.0850372692438211,FALSE
"gene_666",356.293200669197,0.0593323518739384,0.0633837210267005,0.059914265125197,0.059914265125197,FALSE
"gene_667",8.82733244421758,0.643720335992966,0.584044389077365,0.63374728980526,0.63374728980526,FALSE
"gene_668",410.602214119525,0.0640873316758214,0.0616341856412263,0.0637695112555747,0.0637695112555747,FALSE
"gene_669",27.0439426089211,0.231758785122526,0.224421177853714,0.230611440715722,0.230611440715722,FALSE
"gene_670",10.3186726970505,0.371788231549122,0.506882463165855,0.393943691216642,0.393943691216642,FALSE
"gene_671",534.886967556717,0.0512211299883083,0.0589672398377629,0.0533384531534168,0.0533384531534168,FALSE
"gene_672",75.8177095668536,0.104073096327887,0.112316103398575,0.105232637627286,0.105232637627286,FALSE
"gene_673",103.45181416579,0.121715390399467,0.0957119680706741,0.117802187848593,0.117802187848593,FALSE
"gene_674",174.296871973139,0.0688882295831567,0.0771953574737016,0.0699849060732849,0.0699849060732849,FALSE
"gene_675",3167.98034007447,0.029361876688703,0.0516440312518085,0.0323050870924441,0.0323050870924441,FALSE
"gene_676",760.338825579121,0.0465256092883669,0.0563546918690008,0.0486505406346777,0.0486505406346777,FALSE
"gene_677",18.6489502981288,0.369273502560062,0.302868034134517,0.35883431829246,0.35883431829246,FALSE
"gene_678",93.3282446143441,0.0974311072436466,0.100653505635037,0.0978773318136368,0.0978773318136368,FALSE
"gene_679",21.2097029510782,0.227182642290936,0.272356904138285,0.234185421369349,0.234185421369349,FALSE
"gene_680",25.4960701481184,0.262111175072583,0.235000834203186,0.257737730207018,0.257737730207018,FALSE
"gene_681",141.04918461712,0.0737380287658719,0.0835689002888428,0.075103743333624,0.075103743333624,FALSE
"gene_682",174.169961356051,0.0612441432310944,0.0772150596747212,0.0629426929544337,0.0629426929544337,FALSE
"gene_683",8.43211849174549,0.39329379040365,0.609067754803939,0.427050593243675,0.427050593243675,FALSE
"gene_684",77.6912254282467,0.106706318947053,0.110817128429403,0.107295947419114,0.107295947419114,FALSE
"gene_685",541.055107878737,0.0473382499759026,0.058866794365316,0.0484700111551508,0.0484700111551508,FALSE
"gene_686",886.039785267303,0.0630874301784844,0.0554753498198027,0.0641061786072811,0.0641061786072811,FALSE
"gene_687",9.43071982888045,0.328872762699331,0.549885672973261,0.36743734431601,0.36743734431601,FALSE
"gene_688",96.9135514350214,0.0923071607734707,0.098785370193589,0.0932006193806381,0.0932006193806381,FALSE
"gene_689",251.429365017683,0.068521350292694,0.06890045249103,0.0685748530198316,0.0685748530198316,FALSE
"gene_690",168.084760994212,0.0687077403791368,0.0781946690313073,0.0702326074650962,0.0702326074650962,FALSE
"gene_691",1502.51145808425,0.0438374724169858,0.0532930131601636,0.0429538041134249,0.0429538041134249,FALSE
"gene_692",4.60730482318509,0.618412974610206,1.07305524768194,0.699413800275017,0.699413800275017,FALSE
"gene_693",1530.59206524731,0.0426596826452499,0.0532354679895074,0.0437747736281317,0.0437747736281317,FALSE
"gene_694",10.350333345004,0.399137096145829,0.50548538320547,0.415911169573141,0.415911169573141,FALSE
"gene_695",4702.82808625157,0.0459754595951315,0.0511585154621054,0.045230632262726,0.045230632262726,FALSE
"gene_696",4.83313075835163,0.661238113023234,1.02526074307353,0.719514366640202,0.719514366640202,FALSE
"gene_697",175.07312589036,0.0605116985693984,0.077075469846658,0.062640086395317,0.062640086395317,FALSE
"gene_698",72.475583852613,0.1053876255953,0.115182524798083,0.105621025516428,0.105621025516428,FALSE
"gene_699",1650.26986178611,0.0610097046579442,0.0530121730930372,0.0587969920060747,0.0587969920060747,FALSE
"gene_700",76.9581335308123,0.119236306561746,0.111394973696086,0.118072916553544,0.118072916553544,FALSE
"gene_701",39.4865761855299,0.157871684475597,0.169508519801309,0.159663413973351,0.159663413973351,FALSE
"gene_702",300.271746748056,0.0761289752995881,0.0658515326732577,0.0732978885097001,0.0732978885097001,FALSE
"gene_703",2308.63214008974,0.0616948086782089,0.0521977785177257,0.0621386224319286,0.0621386224319286,FALSE
"gene_704",82.959438265782,0.120550414080407,0.106964960808378,0.118513704905058,0.118513704905058,FALSE
"gene_705",25.068935189844,0.274835015924458,0.238150290764665,0.268891354134598,0.268891354134598,FALSE
"gene_706",46.2450078248714,0.194538645558268,0.152065919532435,0.187682020543547,0.187682020543547,FALSE
"gene_707",307.892590983691,0.0728703124776116,0.0654630523602772,0.0718874219782257,0.0718874219782257,FALSE
"gene_708",335.961141799626,0.0575114261733688,0.0641842266995341,0.0589432997175433,0.0589432997175433,FALSE
"gene_709",55.2375851356711,0.113326686287487,0.135475236062567,0.116541181061036,0.116541181061036,FALSE
"gene_710",185.595745225372,0.0776184567088415,0.0755492538667799,0.0762992709472637,0.0762992709472637,FALSE
"gene_711",144.047103262728,0.071264910979753,0.0828735168030204,0.0728065775312407,0.0728065775312407,FALSE
"gene_712",1779.55846149296,0.0573035624381621,0.0528046948115953,0.0575475648979097,0.0575475648979097,FALSE
"gene_713",4148.96483005121,0.0547539866349026,0.0512922930424495,0.0536691213580029,0.0536691213580029,FALSE
"gene_714",106.518089132053,0.0703292017254466,0.0944005859504951,0.0734698925767874,0.0734698925767874,FALSE
"gene_715",187.062447662566,0.0669541241187868,0.0753501558088782,0.068044240619522,0.068044240619522,FALSE
"gene_716",172.568223652784,0.0816676669191049,0.0774662118551719,0.0810721708292501,0.0810721708292501,FALSE
"gene_717",44.0739902326267,0.148360483674918,0.157085827474557,0.149721989368996,0.149721989368996,FALSE
"gene_718",24.1198110894902,0.192679599292253,0.245547924927445,0.201923715854015,0.201923715854015,FALSE
"gene_719",28.683711700228,0.196715839262976,0.214458938311506,0.19942364818709,0.19942364818709,FALSE
"gene_720",362.452050083381,0.048945299147123,0.0631589599369651,0.0517795864961277,0.0517795864961277,FALSE
"gene_721",4.92068869469043,0.952952630917098,1.00790989447245,0.962640479770068,0.962640479770068,FALSE
"gene_722",1097.08231621293,0.077264274004531,0.0544521576988859,0.0726009645630791,0.0726009645630791,FALSE
"gene_723",122.595886538174,0.09374921677784,0.0885981958292233,0.0930295417714249,0.0930295417714249,FALSE
"gene_724",388.966039949007,0.0429385465611953,0.0622726359996711,0.0450741481041458,0.0450741481041458,FALSE
"gene_725",95.4897806782438,0.0824187765433669,0.0995104374658111,0.0847353537855587,0.0847353537855587,FALSE
"gene_726",2579.50641255863,0.0456496434310272,0.0519834124471992,0.0459789280815356,0.0459789280815356,FALSE
"gene_727",4.08277348296994,0.91970436493147,1.20447143059596,0.969295604264435,0.969295604264435,FALSE
"gene_728",748.817026155462,0.037076364753438,0.0564500630303024,0.0396317638918075,0.0396317638918075,FALSE
"gene_729",47.8555215315952,0.162640741468299,0.148636290450942,0.160514704041384,0.160514704041384,FALSE
"gene_730",18.0671339567803,0.293020186921289,0.311006113060697,0.295803383495898,0.295803383495898,FALSE
"gene_731",162.449872152793,0.0909562945358359,0.0791672309868748,0.0892963414140735,0.0892963414140735,FALSE
"gene_732",1294.74463495263,0.054990374667106,0.0537963444450637,0.0523711986095686,0.0523711986095686,FALSE
"gene_733",9.195305227532,0.969915170756909,0.562679546169858,0.897455790927621,0.969915170756909,TRUE
"gene_734",135.7571750067,0.0705295714657943,0.0848713677752211,0.0731625945077173,0.0731625945077173,FALSE
"gene_735",291.216708692574,0.0789408346859582,0.0663395544018314,0.0769354821678344,0.0769354821678344,FALSE
"gene_736",3360.68811648223,0.06148880540125,0.0515587274885813,0.0596255457995251,0.0596255457995251,FALSE
"gene_737",12.3254207563935,0.373630844174055,0.432521175883159,0.383082453534625,0.383082453534625,FALSE
"gene_738",5.9184790796064,1.13635758101198,0.846443203210521,1.07830493760903,1.07830493760903,FALSE
"gene_739",194.903613608933,0.0726597493549095,0.0743365857338533,0.0712640755086235,0.0712640755086235,FALSE
"gene_740",367.422433728544,0.0774785396712985,0.0629830650075379,0.0755036022349424,0.0755036022349424,FALSE
"gene_741",343.993112861166,0.0462738479236856,0.0638566877306607,0.049519499691318,0.049519499691318,FALSE
"gene_742",4.31422935842433,1.3481494731918,1.14254310568768,1.31072033352167,1.31072033352167,FALSE
"gene_743",260.658524283968,0.0955429932839875,0.0682367799514579,0.0916451580717529,0.0916451580717529,FALSE
"gene_744",4.78793458214373,0.88854937199005,1.03446533583553,0.916305214774265,0.916305214774265,FALSE
"gene_745",25.9408245826091,0.239358672356923,0.231831683415939,0.23771549352917,0.23771549352917,FALSE
"gene_746",87.9252883066031,0.110402940627331,0.103756522926534,0.109449534923888,0.109449534923888,FALSE
"gene_747",1077.0342440428,0.0476142664458918,0.0545321196769688,0.0483411283602916,0.0483411283602916,FALSE
"gene_748",5.68935296094318,0.87058628947191,0.878511894901923,0.872204822364372,0.872204822364372,FALSE
"gene_749",190.934454862801,0.055263678428859,0.0748392452519983,0.0564849646169215,0.0564849646169215,FALSE
"gene_750",9.07740496168524,0.60211230546055,0.569336362318888,0.59637835982142,0.59637835982142,FALSE
"gene_751",136.385776683534,0.069437888050027,0.0847113665529055,0.0714757446863737,0.0714757446863737,FALSE
"gene_752",1138.88335591376,0.0644915829965977,0.0542944879914678,0.0647718194906628,0.0647718194906628,FALSE
"gene_753",1344.81819710594,0.0669798863918034,0.0536608128876319,0.067557138721915,0.067557138721915,FALSE
"gene_754",252.450575123285,0.0632083358239264,0.0688246292438581,0.0639301090122507,0.0639301090122507,FALSE
"gene_755",5.26944538725655,1.24382294721643,0.944521260810054,1.19073919947287,1.19073919947287,FALSE
"gene_756",884.153516871837,0.0713927706971482,0.0554866973729333,0.0692523319881968,0.0692523319881968,FALSE
"gene_757",961.674043020335,0.0407996264094023,0.0550570216883684,0.0421787722410469,0.0421787722410469,FALSE
"gene_758",180.577890556613,0.090430181562359,0.0762548645150941,0.0884528264555384,0.0884528264555384,FALSE
"gene_759",4563.15880582885,0.0379221639358507,0.0511891884333712,0.0391208679069901,0.0391208679069901,FALSE
"gene_760",4.68411664932959,1.09483604405287,1.05628138511083,1.08736733032151,1.08736733032151,FALSE
"gene_761",11.2772923853871,0.429390230837238,0.468058728930967,0.435814281627281,0.435814281627281,FALSE
"gene_762",444.281625905212,0.038341024370735,0.0607640950007403,0.0409997381726327,0.0409997381726327,FALSE
"gene_763",2543.88087996877,0.0673048471194263,0.0520089987550655,0.0629210986813604,0.0629210986813604,FALSE
"gene_764",50.2903566873111,0.0740215690375785,0.143868332321969,0.0834069857394227,0.0834069857394227,FALSE
"gene_765",187.299861579365,0.0781967114758383,0.0753182211896333,0.0787811454801219,0.0787811454801219,FALSE
"gene_766",13.5949251647652,0.419010479643166,0.396815662919499,0.415400978066175,0.415400978066175,FALSE
"gene_767",1097.87991408873,0.058843211118335,0.0544490368727612,0.0582885085580465,0.0582885085580465,FALSE
"gene_768",15.581260101174,0.358988537981727,0.352622740575491,0.357999847978407,0.357999847978407,FALSE
"gene_769",883.140703545885,0.0434501123125901,0.0554928103316812,0.0460955480499626,0.0460955480499626,FALSE
"gene_770",51.4370835988146,0.121834491829446,0.141779139184656,0.124711108124266,0.124711108124266,FALSE
"gene_771",22.1369602523949,0.28143738660638,0.263049526639259,0.278633873304565,0.278633873304565,FALSE
"gene_772",312.843556178235,0.0673022018962849,0.065220813921113,0.0670257382966267,0.0670257382966267,FALSE
"gene_773",38.0415769028453,0.131521644201284,0.174042078890713,0.137813898652926,0.137813898652926,FALSE
"gene_774",71.1016107403112,0.136163370096269,0.116439094866307,0.133251854984833,0.133251854984833,FALSE
"gene_775",4.85514181430345,1.21621119722479,1.02084005317075,1.17974078936553,1.17974078936553,FALSE
"gene_776",62.2222117171526,0.139714563755562,0.125897944634033,0.137643790779918,0.137643790779918,FALSE
"gene_777",4.97637376930094,1.049074035298,0.997192738240456,1.03958901103043,1.03958901103043,FALSE
"gene_778",2947.50132690047,0.0386471509639288,0.0517553095327503,0.0409850900700033,0.0409850900700033,FALSE
"gene_779",1662.90004304493,0.0588864887961293,0.0529904826656762,0.0564924085495467,0.0564924085495467,FALSE
"gene_780",184.747029967617,0.0780750006747919,0.0756659069352895,0.0777528746265016,0.0777528746265016,FALSE
"gene_781",207.065417108482,0.0778427044699641,0.0729163836094174,0.0771750696239027,0.0771750696239027,FALSE
"gene_782",973.381636072276,0.0629597990575354,0.0549980781484513,0.0622824295377064,0.0622824295377064,FALSE
"gene_783",4011.62938695443,0.0526218306592228,0.051331179798368,0.0523012665709862,0.0523012665709862,FALSE
"gene_784",1683.83656619658,0.0519892945567484,0.0529552441084064,0.0524928821997345,0.0524928821997345,FALSE
"gene_785",5.41398747099333,0.931844711591727,0.920643599064499,0.929600756914,0.929600756914,FALSE
"gene_786",14.3080493762605,0.320777605624068,0.379537897684854,0.330300570224812,0.330300570224812,FALSE
"gene_787",150.461745426832,0.0782437884670432,0.0814786862607416,0.0803012084054829,0.0803012084054829,FALSE
"gene_788",9.82776113144882,0.466745857853135,0.529696622653577,0.476302410721599,0.476302410721599,FALSE
"gene_789",2526.00860329703,0.0595604570016391,0.0520221064981646,0.0541624914959353,0.0541624914959353,FALSE
"gene_790",875.026783841079,0.0535917141990925,0.0555422936819581,0.051810803410984,0.051810803410984,FALSE
"gene_791",59.1361074451371,0.154741968303512,0.129850628270207,0.150999791638515,0.150999791638515,FALSE
"gene_792",169.132583811967,0.0604017137113413,0.0780209642128628,0.0626132111090514,0.0626132111090514,FALSE
"gene_793",870.447580918209,0.0373466335750898,0.0555706275298815,0.0408386600956984,0.0408386600956984,FALSE
"gene_794",1275.18142761643,0.0506505070069609,0.0538521867836293,0.0531233316104859,0.0531233316104859,FALSE
"gene_795",149.734837393285,0.102923912141712,0.0816307445696713,0.101011079306706,0.101011079306706,FALSE
"gene_796",136.252364206715,0.0861835587657316,0.0847452013017886,0.0848187149096867,0.0848187149096867,FALSE
"gene_797",84.5183236985026,0.0775798777846611,0.105917163786446,0.0814120794236803,0.0814120794236803,FALSE
"gene_798",16.1912424672681,0.351526556620397,0.341227744894154,0.349883489115677,0.349883489115677,FALSE
"gene_799",128.445992760297,0.103135952971953,0.0868473539262615,0.100797209613881,0.100797209613881,FALSE
"gene_800",39.8891170233621,0.172357282632171,0.168304078378133,0.171756280407946,0.171756280407946,FALSE
"gene_801",257.230254609927,0.0621130498146693,0.068477748652075,0.0625124141860229,0.0625124141860229,FALSE
"gene_802",275.757178858626,0.0546606090916003,0.0672468165743339,0.0562106434666898,0.0562106434666898,FALSE
"gene_803",16.9566485100636,0.38415129533482,0.328089077130265,0.374904195079823,0.374904195079823,FALSE
"gene_804",223.865270749037,0.0671509610855982,0.0712083719125338,0.0660788924255656,0.0660788924255656,FALSE
"gene_805",226.706094987936,0.0718079931776615,0.0709445723430463,0.0733958196455905,0.0733958196455905,FALSE
"gene_806",49.551898210901,0.140689635910233,0.145264895884341,0.141375779649283,0.141375779649283,FALSE
"gene_807",91.950817550165,0.0827584164669893,0.101409954469629,0.0837410536397712,0.0837410536397712,FALSE
"gene_808",399.96561141077,0.0557864174644148,0.0619394236676953,0.0565416331169228,0.0565416331169228,FALSE
"gene_809",1111.15598263611,0.0467964614432845,0.0543977484603447,0.0477249109576325,0.0477249109576325,FALSE
"gene_810",63.0287168728439,0.145639311288629,0.124928768131048,0.142480981771707,0.142480981771707,FALSE
"gene_811",2847.60855558569,0.051017254969066,0.0518113987529458,0.0530448961196242,0.0530448961196242,FALSE
"gene_812",40.3837941704487,0.152639257111933,0.166856840424396,0.154776220009853,0.154776220009853,FALSE
"gene_813",4.83989837199693,0.885580580036761,1.02389725793523,0.910842207669852,0.910842207669852,FALSE
"gene_814",23.1888023271076,0.216548646168505,0.253392712475856,0.222106003199534,0.222106003199534,FALSE
"gene_815",7.16500370529908,0.76699652532769,0.707909971670709,0.756209522953689,0.756209522953689,FALSE
"gene_816",2061.73971833753,0.0452163152342341,0.0524422334607038,0.045035453899569,0.045035453899569,FALSE
"gene_817",1842.1725233229,0.0579349604569563,0.0527146810406216,0.0572766763326884,0.0572766763326884,FALSE
"gene_818",2660.75771948934,0.0510521517874946,0.0519276209454864,0.0520948522188439,0.0520948522188439,FALSE
"gene_819",63.4781451068443,0.115302737609331,0.124399376224912,0.116622271587928,0.116622271587928,FALSE
"gene_820",26.5435536230488,0.15762080304426,0.227706351342642,0.16814149424289,0.16814149424289,FALSE
"gene_821",44.2036637733126,0.134503476305615,0.156772144917275,0.137825078616972,0.137825078616972,FALSE
"gene_822",1760.35670241304,0.0485868757783984,0.0528335821624972,0.0484205115289782,0.0484205115289782,FALSE
"gene_823",498.661141178627,0.0436829375347337,0.0596073141479124,0.0455236303364821,0.0455236303364821,FALSE
"gene_824",8.90443573841462,0.623230602043163,0.579421465807143,0.615424182523512,0.615424182523512,FALSE
"gene_825",158.849526247451,0.090995507273276,0.0798247655231897,0.0894197491647175,0.0894197491647175,FALSE
"gene_826",7.94016393369578,0.738719827604596,0.643696635767169,0.723084915348299,0.723084915348299,FALSE
"gene_827",450.828793633822,0.0530925103244821,0.0606100445025344,0.0536067521787948,0.0536067521787948,FALSE
"gene_828",75.3382132390193,0.099943771584501,0.112711724044523,0.101715538840559,0.101715538840559,FALSE
"gene_829",476.808595622247,0.071798992350266,0.0600404579159774,0.0718385731268612,0.0718385731268612,FALSE
"gene_830",242.81019179063,0.0495374196989272,0.0695658211452083,0.0520367979146208,0.0520367979146208,FALSE
"gene_831",84.8658634080224,0.0902018460074696,0.105688814234649,0.0923468904138326,0.0923468904138326,FALSE
"gene_832",61.3284712844063,0.107496366056957,0.127001727023802,0.11093924867882,0.11093924867882,FALSE
"gene_833",107.994173507646,0.0936272668323158,0.0937958481307275,0.093666795447424,0.093666795447424,FALSE
"gene_834",5.66881098113231,1.23322504026451,0.881513593501601,1.16823098336724,1.16823098336724,FALSE
"gene_835",4233.78174194033,0.0562136209058365,0.051269537149839,0.0541299085553887,0.0541299085553887,FALSE
"gene_836",1764.62808890565,0.0526557398783981,0.0528271018694982,0.0566032833145762,0.0566032833145762,FALSE
"gene_837",10.4445915929665,0.65892053333631,0.501376221786909,0.632125919151301,0.632125919151301,FALSE
"gene_838",356.636720019172,0.0653760878728507,0.0633709802104487,0.065114113569403,0.065114113569403,FALSE
"gene_839",157.292690396279,0.0710854032288816,0.08011841416595,0.071735108156951,0.071735108156951,FALSE
"gene_840",6.9284216851808,1.10238974967822,0.730370017740376,1.03029773001983,1.03029773001983,FALSE
"gene_841",79.8686056743271,0.121684296135007,0.109163393715892,0.119857239096006,0.119857239096006,FALSE
"gene_842",34.7999502499728,0.20341807276167,0.185582070656586,0.200953327351868,0.200953327351868,FALSE
"gene_843",566.286799689359,0.0842840697857068,0.058478690408632,0.0807381374412671,0.0807381374412671,FALSE
"gene_844",10.7781813514035,0.726982305757629,0.487410756874201,0.683527264644337,0.683527264644337,FALSE
"gene_845",605.579587769459,0.054536034339334,0.0579387015263762,0.0567858816953702,0.0567858816953702,FALSE
"gene_846",210.626078483519,0.0434235650297337,0.0725316230047717,0.0458564556571516,0.0458564556571516,FALSE
"gene_847",60.9362837922096,0.154908932735778,0.127496305569222,0.15073562020004,0.15073562020004,FALSE
"gene_848",123.566449767297,0.0849984328045308,0.0882962514116884,0.0854487398589148,0.0854487398589148,FALSE
"gene_849",4.3956557221579,0.744774822173278,1.12230742678601,0.814982627936412,0.814982627936412,FALSE
"gene_850",3.97929218838519,1.01258059422298,1.23448933547244,1.05273646377792,1.05273646377792,FALSE
"gene_851",66.5515996067359,0.13418298739205,0.12097072191198,0.132227341669438,0.132227341669438,FALSE
"gene_852",25.9088973935489,0.224171547592224,0.23205555945502,0.225368749883557,0.225368749883557,FALSE
"gene_853",36.9236514998711,0.195456686901341,0.177792925543794,0.192780370196346,0.192780370196346,FALSE
"gene_854",94.6308246047358,0.098348656310035,0.0999584199905863,0.0983696332182785,0.0983696332182785,FALSE
"gene_855",94.3775797603935,0.113308311670263,0.100092054551384,0.111399846426258,0.111399846426258,FALSE
"gene_856",505.324163010481,0.0650253777790967,0.0594826977243763,0.0624685196959331,0.0624685196959331,FALSE
"gene_857",137.787489830096,0.062071648993948,0.0843598385591636,0.0651923174932301,0.0651923174932301,FALSE
"gene_858",444.585336963193,0.0469889793341262,0.0607568485264499,0.0486036440495185,0.0486036440495185,FALSE
"gene_859",721.092127789527,0.0509048678648308,0.0566920450718355,0.0505157564869651,0.0505157564869651,FALSE
"gene_860",707.07997620255,0.0443389243800853,0.0568215615935596,0.048020683131408,0.048020683131408,FALSE
"gene_861",1551.37257108202,0.0381790837429338,0.0531942240456325,0.0421769886209222,0.0421769886209222,FALSE
"gene_862",4.76531810674466,1.43034709749321,1.03913692301574,1.35749510125789,1.35749510125789,FALSE
"gene_863",194.328950649825,0.0724361567959194,0.0744080905750782,0.0726979210408917,0.0726979210408917,FALSE
"gene_864",225.283003933034,0.0780729094336992,0.0710758892675188,0.0755678590881806,0.0755678590881806,FALSE
"gene_865",4.43408472437063,1.25373384640156,1.11301538637908,1.22630716163425,1.22630716163425,FALSE
"gene_866",22.9051308910762,0.337763758318823,0.25590971788842,0.324708046555232,0.324708046555232,FALSE
"gene_867",21.7120312403952,0.0873914508080823,0.267216086077246,0.113860989328038,0.113860989328038,FALSE
"gene_868",158.65199905896,0.071580356971384,0.0798617036653323,0.0742863618324127,0.0742863618324127,FALSE
"gene_869",74.7089990217881,0.0926554915521607,0.113238577620299,0.0943270208268875,0.0943270208268875,FALSE
"gene_870",4582.819146275,0.0588549400898493,0.0511847577331135,0.0617438034531769,0.0617438034531769,FALSE
"gene_871",44.1961349882913,0.220792751947728,0.156790306846406,0.210862530949929,0.210862530949929,FALSE
"gene_872",5.73376653435229,1.36610068592147,0.872095479506327,1.27699755071308,1.36610068592147,TRUE
"gene_873",147.817206124879,0.0633220574372368,0.0820390610380203,0.064420865937026,0.064420865937026,FALSE
"gene_874",302.741516111892,0.0796492456625456,0.0657234915174418,0.077734401808644,0.077734401808644,FALSE
"gene_875",36.1427081678138,0.17252692813601,0.180550795764341,0.173751433653849,0.173751433653849,FALSE
"gene_876",890.698704233852,0.0633156771178777,0.0554475283063301,0.0622931792644526,0.0622931792644526,FALSE
"gene_877",95.3520123321082,0.086354350109546,0.0995817461338901,0.0881775246209606,0.0881775246209606,FALSE
"gene_878",1415.9226655199,0.0591848124340069,0.0534848287916153,0.0572218129036818,0.0572218129036818,FALSE
"gene_879",1971.50955572358,0.057407171625171,0.0525468495917571,0.055158136798616,0.055158136798616,FALSE
"gene_880",832.701347916433,0.0527459363611631,0.0558160539793943,0.0531168001892075,0.0531168001892075,FALSE
"gene_881",109.955898544466,0.0981497102686873,0.0930172758879183,0.0970582180728946,0.0970582180728946,FALSE
"gene_882",4.31950091454466,0.945209125636332,1.14120994753544,0.979707612426334,0.979707612426334,FALSE
"gene_883",2194.4160400162,0.036216731060665,0.0523040295746981,0.039950029629705,0.039950029629705,FALSE
"gene_884",20.0632204758529,0.137972556118646,0.285054217195339,0.159427433677603,0.159427433677603,FALSE
"gene_885",207.580258716351,0.06837985366248,0.0728599341670554,0.0689395103760039,0.0689395103760039,FALSE
"gene_886",51.4935070057044,0.102369246947843,0.14167874463484,0.107866144079987,0.107866144079987,FALSE
"gene_887",5416.11981617636,0.0540206562099537,0.0510265380947994,0.0538533907661036,0.0538533907661036,FALSE
"gene_888",7.15930422951451,0.784139075305202,0.708433605039291,0.771928501614216,0.771928501614216,FALSE
"gene_889",1260.18806711507,0.0451993419726212,0.0538961582835498,0.0460073120839681,0.0460073120839681,FALSE
"gene_890",522.056130332684,0.0460389980179207,0.0591837884563376,0.0474507132814782,0.0474507132814782,FALSE
"gene_891",47.9758197251197,0.140197205871114,0.14838935452036,0.141414198489432,0.141414198489432,FALSE
"gene_892",1295.98156197502,0.0548523439893952,0.0537928703574003,0.057613805724779,0.057613805724779,FALSE
"gene_893",53.2979927477058,0.152669785258416,0.138580114292552,0.152349513373062,0.152349513373062,FALSE
"gene_894",1160.9530476261,0.0600820092419865,0.0542158229088334,0.0593307954600794,0.0593307954600794,FALSE
"gene_895",310.557795570347,0.048853466515275,0.0653316907338499,0.0508311917404002,0.0508311917404002,FALSE
"gene_896",13.7199483182531,0.323388906722565,0.393656727183708,0.334850703754992,0.334850703754992,FALSE
"gene_897",732.413129012852,0.0489572437025375,0.0565910226906943,0.0490847201802586,0.0490847201802586,FALSE
"gene_898",37.7325093542095,0.160205621452596,0.175056828392355,0.162417444509943,0.162417444509943,FALSE
"gene_899",19.3927644103497,0.174255328847435,0.293175218784821,0.192272187323537,0.192272187323537,FALSE
"gene_900",29.3115536422336,0.1918226746411,0.210939642473243,0.194708674722983,0.194708674722983,FALSE
"gene_901",703.174216908796,0.045812793984925,0.0568585830616352,0.0470926285081397,0.0470926285081397,FALSE
"gene_902",4737.70694391621,0.0608381580759407,0.0511511378707739,0.0555113901226882,0.0555113901226882,FALSE
"gene_903",4745.21305286353,0.0545256666729477,0.0511495643568423,0.0554830247198578,0.0554830247198578,FALSE
"gene_904",134.603597875201,0.0942491174869769,0.0851688813703819,0.0929277858244276,0.0929277858244276,FALSE
"gene_905",5.04281230863525,0.873817657254398,0.984715630709315,0.894777811839416,0.894777811839416,FALSE
"gene_906",449.617881737117,0.0835477809949161,0.060638198298796,0.0803375756130405,0.0803375756130405,FALSE
"gene_907",4814.40678622443,0.0744604478487773,0.0511352902841761,0.0680733248390857,0.0680733248390857,FALSE
"gene_908",2369.37004382006,0.0483986891232943,0.0521454483885675,0.0491967706826138,0.0491967706826138,FALSE
"gene_909",263.57521705284,0.0787415266039124,0.0680367044940226,0.0773167005949435,0.0773167005949435,FALSE
"gene_910",204.588396706148,0.0750191415617476,0.0731919464492951,0.0747658755038571,0.0747658755038571,FALSE
"gene_911",284.733137948569,0.0765619758931863,0.0667080561809206,0.0752224516363526,0.0752224516363526,FALSE
"gene_912",153.816731950458,0.0756864714382353,0.0807954974527186,0.0763818299765164,0.0763818299765164,FALSE
"gene_913",963.627112795557,0.0506551928558996,0.055047089144477,0.0537848349609057,0.0537848349609057,FALSE
"gene_914",109.886299428059,0.0556500098877617,0.0930444228530172,0.0604149547176456,0.0604149547176456,FALSE
"gene_915",33.4125039774008,0.247204402918811,0.191205589653108,0.238019550663268,0.238019550663268,FALSE
"gene_916",28.5094767509117,0.175759437232019,0.215463069176478,0.183546960273433,0.183546960273433,FALSE
"gene_917",51.4395809712109,0.121716821021095,0.141774690934663,0.123277347778677,0.123277347778677,FALSE
"gene_918",33.7547801854539,0.140687068473604,0.189775339368329,0.147812192328359,0.147812192328359,FALSE
"gene_919",45.2980678633558,0.186521496808479,0.154196301844825,0.181431151355373,0.181431151355373,FALSE
"gene_920",385.683718572141,0.0450960100017364,0.0623757500268137,0.0477089678719564,0.0477089678719564,FALSE
"gene_921",1492.26508078829,0.054712995227817,0.0533145502100005,0.0550869037183917,0.0550869037183917,FALSE
"gene_922",31.1919690455265,0.207160819091283,0.201246785400787,0.206228161509326,0.206228161509326,FALSE
"gene_923",35.8119014819361,0.15105369581984,0.181755293103242,0.155556521604142,0.155556521604142,FALSE
"gene_924",6.10518871237771,1.01068440119385,0.822091061973511,0.975551773432524,0.975551773432524,FALSE
"gene_925",84.6919675771045,0.0919748602763831,0.105802837520504,0.0939325224605303,0.0939325224605303,FALSE
"gene_926",73.784291086002,0.105478461230895,0.114029160484331,0.106677452962246,0.106677452962246,FALSE
"gene_927",42.5502625824996,0.23038302590943,0.160914977404862,0.21948653702192,0.21948653702192,FALSE
"gene_928",44.6487109504554,0.156308720858551,0.155709425789416,0.15627420529358,0.15627420529358,FALSE
"gene_929",4614.76758910489,0.0627713518114694,0.0511776382775874,0.0609126756517432,0.0609126756517432,FALSE
"gene_930",392.306639376414,0.0714688813692023,0.0621694628479844,0.0702267655498017,0.0702267655498017,FALSE
"gene_931",22.1212830325251,0.31501481200334,0.263200402718664,0.306128973118876,0.306128973118876,FALSE
"gene_932",111.258428931935,0.0838335912205389,0.0925154927677937,0.0850228484410891,0.0850228484410891,FALSE
"gene_933",1154.87121751484,0.0568192757748531,0.0542372008417243,0.0545777152183686,0.0545777152183686,FALSE
"gene_934",25.1365909144258,0.202024295947013,0.237644300776893,0.207584791870664,0.207584791870664,FALSE
"gene_935",7.42275092839764,0.47167807681397,0.685070170111229,0.507282406198666,0.507282406198666,FALSE
"gene_936",218.561774211583,0.0792619251192496,0.0717192073249612,0.0782334188719417,0.0782334188719417,FALSE
"gene_937",19.4467463042636,0.229918837951798,0.292500626941291,0.239788701984448,0.239788701984448,FALSE
"gene_938",478.097710631354,0.0746351953586616,0.0600138070967551,0.0728515215464272,0.0728515215464272,FALSE
"gene_939",2026.25689356701,0.0399675158694982,0.0524822619760296,0.0430703592226187,0.0430703592226187,FALSE
"gene_940",322.369277652264,0.0613538555298533,0.0647756738843159,0.0630782477582783,0.0630782477582783,FALSE
"gene_941",35.0355785592906,0.172748509574696,0.184671278694972,0.174495666686353,0.174495666686353,FALSE
"gene_942",57.5139869544811,0.0998551776323263,0.132098318925749,0.104537830826829,0.104537830826829,FALSE
"gene_943",25.346217553231,0.304398550622757,0.236093676518465,0.291557268379698,0.291557268379698,FALSE
"gene_944",211.230108964908,0.0573237412571275,0.0724676391311996,0.0592054801324941,0.0592054801324941,FALSE
"gene_945",39.4583442005131,0.157696076119644,0.16959391485543,0.159480012383895,0.159480012383895,FALSE
"gene_946",4718.77500487406,0.0476581543293253,0.0511551288298295,0.0465787528940239,0.0465787528940239,FALSE
"gene_947",57.0456168179655,0.156854763959717,0.132771098937439,0.15321393773351,0.15321393773351,FALSE
"gene_948",13.6236536591282,0.3735221988808,0.396084654989203,0.37693292822037,0.37693292822037,FALSE
"gene_949",3932.34173605134,0.043452815169788,0.0513548669659599,0.0443100959455094,0.0443100959455094,FALSE
"gene_950",79.9303111426515,0.123363590696723,0.109117840852099,0.121256954801497,0.121256954801497,FALSE
"gene_951",4.8939288696196,0.955841739867204,1.01314685578248,0.966980407989218,0.966980407989218,FALSE
"gene_952",13.873914887726,0.301808397520244,0.389844712449424,0.3161215766048,0.3161215766048,FALSE
"gene_953",98.4010963591504,0.132817467929337,0.0980502382695642,0.12750712494009,0.12750712494009,FALSE
"gene_954",1347.27391741746,0.0423887750886552,0.053654425267783,0.0430256426846101,0.0430256426846101,FALSE
"gene_955",83.0178970515845,0.0969916933889612,0.106924957869494,0.098391205121084,0.098391205121084,FALSE
"gene_956",427.940746666998,0.0737481612003119,0.0611691491323758,0.072048190929467,0.072048190929467,FALSE
"gene_957",79.6982515410399,0.084749551880786,0.109289520527556,0.0881293329922591,0.0881293329922591,FALSE
"gene_958",3565.81962468896,0.0453012714076368,0.0514780551901478,0.047132226317844,0.047132226317844,FALSE
"gene_959",3.17261962797026,0.653302985814887,1.53561868554603,0.800948715597082,0.800948715597082,FALSE
"gene_960",26.2437835011031,0.373443714500452,0.229734419150806,0.349909833958982,0.373443714500452,TRUE
"gene_961",93.0846466605423,0.112086604509043,0.100785654099957,0.11042126924834,0.11042126924834,FALSE
"gene_962",659.692942508142,0.0517589356981535,0.057300333640049,0.052961988141876,0.052961988141876,FALSE
"gene_963",32.1333118456862,0.178164465673752,0.196820604458872,0.180927796859998,0.180927796859998,FALSE
"gene_964",4.59689514632817,0.905013727111105,1.07537160387222,0.936196083875993,0.936196083875993,FALSE
"gene_965",31.2543377723441,0.189450820068266,0.200945281160338,0.191003004690754,0.191003004690754,FALSE
"gene_966",3147.53579320274,0.0525028813049152,0.0516536940736583,0.0527999271870315,0.0527999271870315,FALSE
"gene_967",111.150345472643,0.0932370366844081,0.0925566830848435,0.0931465041439969,0.0931465041439969,FALSE
"gene_968",548.867820569613,0.0795026208774074,0.0587428084874295,0.0757801974966217,0.0757801974966217,FALSE
"gene_969",13.0957644663182,0.413637255618389,0.410028994866643,0.412873230140842,0.412873230140842,FALSE
"gene_970",616.948406037146,0.0569168749197504,0.0577952930280054,0.0586330746810826,0.0586330746810826,FALSE
"gene_971",26.1221251793691,0.29182236586816,0.230570766157736,0.282103885513193,0.282103885513193,FALSE
"gene_972",4541.36520273779,0.0624508026774592,0.0511941447228567,0.0605130670609972,0.0605130670609972,FALSE
"gene_973",134.303713179111,0.0821911241492325,0.0852470602159619,0.081227761560716,0.081227761560716,FALSE
"gene_974",60.3676441759561,0.127790709340788,0.128224817315238,0.127812015562694,0.127812015562694,FALSE
"gene_975",4926.50459558751,0.040535756886795,0.0511130164444985,0.0432768074104111,0.0432768074104111,FALSE
"gene_976",5039.50342079704,0.0472372056525604,0.0510915664625832,0.0472832218234582,0.0472832218234582,FALSE
"gene_977",116.662380967672,0.0684591092193419,0.0905533646313376,0.0716727190699517,0.0716727190699517,FALSE
"gene_978",1285.07721639756,0.0644276086539186,0.0538237271796258,0.0652874995884199,0.0652874995884199,FALSE
"gene_979",41.0532380023097,0.12909707519966,0.164953838417697,0.134341123810899,0.134341123810899,FALSE
"gene_980",107.277595192432,0.083301546639943,0.0940873450341223,0.0852141096915799,0.0852141096915799,FALSE
"gene_981",9.51103907410664,0.590081727816262,0.54566553695829,0.582763902025594,0.582763902025594,FALSE
"gene_982",403.307659938567,0.0623367024758197,0.0618417824320041,0.0622700566781086,0.0622700566781086,FALSE
"gene_983",287.799832303224,0.0631696316101385,0.0665316874534578,0.0636034201757839,0.0636034201757839,FALSE
"gene_984",77.8809058732305,0.120918854654791,0.110669388042387,0.119987128884488,0.119987128884488,FALSE
"gene_985",6.56165062206558,1.02103851697961,0.768391346280987,0.973331860391076,0.973331860391076,FALSE
"gene_986",65.6228637660076,0.0976717541315127,0.121972930608206,0.101073480087971,0.101073480087971,FALSE
"gene_987",739.706540319086,0.0600624870792073,0.0565275780758635,0.05961187138277,0.05961187138277,FALSE
"gene_988",24.4243728004162,0.282991961206105,0.243111474273549,0.276664451335119,0.276664451335119,FALSE
"gene_989",3921.55862986173,0.0355552881548091,0.051358162407073,0.0365560228490917,0.0365560228490917,FALSE
"gene_990",23.7601200569906,0.284855083194652,0.248505846919216,0.278969481721856,0.278969481721856,FALSE
"gene_991",3821.16766865206,0.0660200716777667,0.0513897356683996,0.0657799007966187,0.0657799007966187,FALSE
"gene_992",90.519717868569,0.110463683830091,0.102220263608496,0.109559562012521,0.109559562012521,FALSE
"gene_993",819.384124249651,0.0577196400070518,0.0559080388749732,0.0574916798513892,0.0574916798513892,FALSE
"gene_994",1876.46545974547,0.0642966433935891,0.0526679276149258,0.0627807983531711,0.0627807983531711,FALSE
"gene_995",78.3561325531532,0.108382448178337,0.110302379251849,0.11005354808439,0.11005354808439,FALSE
"gene_996",90.9331751866708,0.0992896115776798,0.10198353825476,0.0996733467372452,0.0996733467372452,FALSE
"gene_997",219.998844863245,0.0669643904738022,0.0715783552819148,0.0677021529519311,0.0677021529519311,FALSE
"gene_998",713.236074912441,0.0700682343720715,0.056764033050753,0.0688602131498851,0.0688602131498851,FALSE
"gene_999",45.5332541148986,0.119196476019653,0.153658919737927,0.124152403972493,0.124152403972493,FALSE
"gene_1000",38.8315503473671,0.160131914193644,0.171521798328694,0.161914592828724,0.161914592828724,FALSE
"gene_1001",894.034106222619,0.0410373734239025,0.0554277884987669,0.0425075967641655,0.0425075967641655,FALSE
"gene_1002",589.390193066641,0.0952508829705186,0.0581524662889218,0.0898261310488774,0.0952508829705186,TRUE
"gene_1003",4399.2302432336,0.0637428174227746,0.0512276734779379,0.0628187961767979,0.0628187961767979,FALSE
"gene_1004",762.805667269289,0.0653199568421082,0.0563346471561384,0.062975982860704,0.062975982860704,FALSE
"gene_1005",328.323699602666,0.0656202133919114,0.0645105411402878,0.0661183217487428,0.0661183217487428,FALSE
"gene_1006",18.2275221174167,0.387403034809585,0.30871083636665,0.374923086831075,0.374923086831075,FALSE
"gene_1007",143.99252673693,0.066800933256002,0.0828859173557351,0.0689059540439629,0.0689059540439629,FALSE
"gene_1008",488.916784663528,0.0611061082517883,0.059795675730236,0.0589428990928931,0.0589428990928931,FALSE
"gene_1009",10.3042156930411,0.647609420810705,0.5075232582361,0.623519884133979,0.623519884133979,FALSE
"gene_1010",10.5285323681969,0.510537127597691,0.497778783810511,0.5084471971199,0.5084471971199,FALSE
"gene_1011",160.155874374766,0.137021197720085,0.0795827686420293,0.12808989612536,0.137021197720085,TRUE
"gene_1012",1294.73501155911,0.0447749395028509,0.053796371499773,0.0467372737058201,0.0467372737058201,FALSE
"gene_1013",4120.20038363775,0.0450147108583784,0.0513002231224237,0.0461162266612525,0.0461162266612525,FALSE
"gene_1014",1518.88007558046,0.0657019283869039,0.0532592105403354,0.0626484968375132,0.0626484968375132,FALSE
"gene_1015",1557.36821055668,0.059357717022194,0.0531825288434352,0.0603001827988708,0.0603001827988708,FALSE
"gene_1016",490.505833847296,0.0490653922669556,0.0597644481844269,0.0509587936413427,0.0509587936413427,FALSE
"gene_1017",149.424568498169,0.058603406661109,0.0816960986958167,0.0615417087140625,0.0615417087140625,FALSE
"gene_1018",219.629820881099,0.07241388368305,0.0716143486528166,0.0723041229862904,0.0723041229862904,FALSE
"gene_1019",27.2541067954019,0.121524703041726,0.223077372426913,0.136676870309095,0.136676870309095,FALSE
"gene_1020",148.364276342945,0.0809459363977334,0.0819214986553766,0.0797888926320497,0.0797888926320497,FALSE
"gene_1021",1386.6689566381,0.0442362060986553,0.0535550467578923,0.0466806074552948,0.0466806074552948,FALSE
"gene_1022",60.6704376364316,0.103529308698089,0.127835194146351,0.108296456129326,0.108296456129326,FALSE
"gene_1023",29.9690687304607,0.162191658084831,0.207412091683559,0.169140758817513,0.169140758817513,FALSE
"gene_1024",22.1535373182054,0.331984306094848,0.262890222803205,0.321103925280136,0.321103925280136,FALSE
"gene_1025",909.574251271444,0.0580274576191648,0.0553377263172874,0.0576853073287107,0.0576853073287107,FALSE
"gene_1026",430.334300764725,0.0518149263150791,0.0611078952976772,0.0549436290426967,0.0549436290426967,FALSE
"gene_1027",413.483039604232,0.0684223402062918,0.0615542173894619,0.0673731498152344,0.0673731498152344,FALSE
"gene_1028",1269.11274059617,0.0655788374012118,0.053869859454769,0.0631522668165811,0.0631522668165811,FALSE
"gene_1029",76.8583679514364,0.0998444610497996,0.111474464096233,0.0998689512920922,0.0998689512920922,FALSE
"gene_1030",192.226418455989,0.0596948650868031,0.0746733505432352,0.0615947075366628,0.0615947075366628,FALSE
"gene_1031",89.4198733046986,0.124358623728205,0.102860637635915,0.121181095917435,0.121181095917435,FALSE
"gene_1032",3010.61340912674,0.0681683435296058,0.0517217911430048,0.0659792783059464,0.0659792783059464,FALSE
"gene_1033",4703.6224666215,0.0654642047642748,0.0511583462168186,0.0643814796198029,0.0643814796198029,FALSE
"gene_1034",2821.38414462439,0.0549872772972283,0.05182678181777,0.0577376607088466,0.0577376607088466,FALSE
"gene_1035",614.744847087784,0.0486658991964059,0.0578226747381094,0.0517277255381498,0.0517277255381498,FALSE
"gene_1036",2422.52794200961,0.0453420454619479,0.0521018022576223,0.0488004692332414,0.0488004692332414,FALSE
"gene_1037",1150.88298961729,0.0381616514839334,0.0542513423221529,0.0400634860819907,0.0400634860819907,FALSE
"gene_1038",82.7324236313546,0.0901344216891488,0.10712084136343,0.0924759418236636,0.0924759418236636,FALSE
"gene_1039",3844.29839123643,0.045147766568003,0.0513823147842072,0.0457736518777049,0.0457736518777049,FALSE
"gene_1040",105.278854498011,0.0770945120575053,0.0949213831777584,0.0794709861591402,0.0794709861591402,FALSE
"gene_1041",111.503438881469,0.0829322874016357,0.0924224158111299,0.0843171939782971,0.0843171939782971,FALSE
"gene_1042",3617.29947699724,0.047767212413907,0.0514592458701754,0.0505004389899565,0.0505004389899565,FALSE
"gene_1043",1948.89633891732,0.0469823053220129,0.052574586264281,0.0504961720952314,0.0504961720952314,FALSE
"gene_1044",61.8977788495212,0.0985810170176205,0.126294938662842,0.102455400822103,0.102455400822103,FALSE
"gene_1045",1205.51703414339,0.0537030970450056,0.0540657592036168,0.0553889232211161,0.0553889232211161,FALSE
"gene_1046",46.3578135914959,0.120162486163614,0.151817935831131,0.124813017359777,0.124813017359777,FALSE
"gene_1047",38.2540730303335,0.22873990390489,0.173353910905204,0.220014984047061,0.220014984047061,FALSE
"gene_1048",26.069868396056,0.355817550298687,0.230932404913634,0.335537040296442,0.355817550298687,TRUE
"gene_1049",88.9716347022187,0.0910617457381505,0.103126161325224,0.0927670383823405,0.0927670383823405,FALSE
"gene_1050",38.2954998387906,0.139162993953173,0.173220639894951,0.144030288264957,0.144030288264957,FALSE
"gene_1051",4986.48351538933,0.0659497511357667,0.0511015098979506,0.0619871004686164,0.0619871004686164,FALSE
"gene_1052",3.9166277910505,0.850496621238633,1.2534381644154,0.916916234373665,0.916916234373665,FALSE
"gene_1053",51.2621424927109,0.147882965387108,0.142091817970147,0.147036327420004,0.147036327420004,FALSE
"gene_1054",17.858396726555,0.152112352222318,0.314055045659648,0.177872541626213,0.177872541626213,FALSE
"gene_1055",169.27650204852,0.0954662063939546,0.0779972738611841,0.0929730418861389,0.0929730418861389,FALSE
"gene_1056",13.1396286789309,0.334037091524564,0.40882762695275,0.345789238626947,0.345789238626947,FALSE
"gene_1057",43.7456505293773,0.182934555959001,0.157888402774297,0.178992890041868,0.178992890041868,FALSE
"gene_1058",84.2299039675725,0.0960810287504093,0.106108099612978,0.0983309149989924,0.0983309149989924,FALSE
"gene_1059",77.7473118561426,0.123265020403143,0.110773368152054,0.121431429298361,0.121431429298361,FALSE
"gene_1060",509.104413772438,0.0701535356068154,0.0594134471594496,0.0687235965212236,0.0687235965212236,FALSE
"gene_1061",793.120530618224,0.0526607419963286,0.0560985003096469,0.0530819825165671,0.0530819825165671,FALSE
"gene_1062",8.81116761534813,0.723567083652278,0.585023851557146,0.698411134648509,0.698411134648509,FALSE
"gene_1063",633.039275461453,0.052995846244197,0.0576011241384041,0.0535517973519851,0.0535517973519851,FALSE
"gene_1064",96.5286086902053,0.0848623844316584,0.0989792958284896,0.0867820216533743,0.0867820216533743,FALSE
"gene_1065",12.4646991527515,1.15654715306056,0.428248697819541,1.01448363788711,1.15654715306056,TRUE
"gene_1066",315.582760973005,0.042487112803179,0.0650900573099531,0.0446114894807377,0.0446114894807377,FALSE
"gene_1067",17.4816239018725,0.291561627122729,0.31974272325318,0.295995679818264,0.295995679818264,FALSE
"gene_1068",18.1640832649028,0.295396952984283,0.309613849027519,0.297600717866434,0.297600717866434,FALSE
"gene_1069",797.888689091403,0.0349577902905035,0.0560629904611826,0.0357685233278364,0.0357685233278364,FALSE
"gene_1070",105.012603035677,0.0893476777210372,0.0950348814016957,0.0901351125054999,0.0901351125054999,FALSE
"gene_1071",23.9591202458309,0.221941842703673,0.246858391659538,0.225651212015215,0.225651212015215,FALSE
"gene_1072",5.17543272089739,1.26360783016183,0.960767559505924,1.20806265835943,1.20806265835943,FALSE
"gene_1073",129.678246449299,0.0782195170512949,0.0864987019938898,0.0793564081808982,0.0793564081808982,FALSE
"gene_1074",47.2439347878718,0.184369489156552,0.149911141915067,0.179004723488697,0.179004723488697,FALSE
"gene_1075",76.8506205037168,0.0909563312686789,0.111480645679964,0.0937362519870222,0.0937362519870222,FALSE
"gene_1076",475.498143504805,0.0861742028326779,0.0600676979655645,0.0824605788120377,0.0824605788120377,FALSE
"gene_1077",328.031437372964,0.0573059703969753,0.0645233300827083,0.0592813448638472,0.0592813448638472,FALSE
"gene_1078",759.764090759097,0.0478375466164645,0.0563593806636959,0.0512422472296716,0.0512422472296716,FALSE
"gene_1079",32.390008307752,0.142423240242582,0.195658265021333,0.150122023817247,0.150122023817247,FALSE
"gene_1080",3.28852585476453,1.06648085835819,1.48326260354814,1.14134081528369,1.14134081528369,FALSE
"gene_1081",17.6979750207829,0.4211952080598,0.316447131300189,0.404225836221223,0.404225836221223,FALSE
"gene_1082",5.081562242198,0.659890559447587,0.977589060843144,0.712939681711398,0.712939681711398,FALSE
"gene_1083",780.082999377332,0.0922334553747193,0.0561978107700519,0.08454386477393,0.0922334553747193,TRUE
"gene_1084",1779.25745712756,0.0543590899862264,0.0528051428356974,0.0560347435153717,0.0560347435153717,FALSE
"gene_1085",3857.21820426597,0.0621416468627495,0.0513782085419339,0.055948945119639,0.055948945119639,FALSE
"gene_1086",47.0860192259244,0.207442215972632,0.150245696149966,0.198200853144986,0.198200853144986,FALSE
"gene_1087",114.490377777481,0.0462733198798427,0.0913197377681071,0.0518093563401514,0.0518093563401514,FALSE
"gene_1088",712.367054837651,0.0559652284134235,0.0567720937426223,0.0543748937503722,0.0543748937503722,FALSE
"gene_1089",752.722329731491,0.0383132977200633,0.0564174099672149,0.0402864657742914,0.0402864657742914,FALSE
"gene_1090",473.941327108186,0.0620320357728221,0.0601002549093478,0.0601942351520991,0.0601942351520991,FALSE
"gene_1091",3516.48390706022,0.0582045832318126,0.0514965978949003,0.0560885206385466,0.0560885206385466,FALSE
"gene_1092",42.8603736070966,0.180418296447233,0.16011359713178,0.177302016495265,0.177302016495265,FALSE
"gene_1093",5.44221807347065,0.665687625948858,0.916128091246323,0.712918808775497,0.712918808775497,FALSE
"gene_1094",1079.01244378432,0.0583152002085801,0.0545240974708876,0.0574722312946938,0.0574722312946938,FALSE
"gene_1095",206.68968157385,0.0800815377702828,0.0729577583744666,0.0791102118912561,0.0791102118912561,FALSE
"gene_1096",137.647223602234,0.0729914434340893,0.0843946927907151,0.0743438307734753,0.0743438307734753,FALSE
"gene_1097",54.6696499266436,0.11069630359573,0.136361570156368,0.114434237930507,0.114434237930507,FALSE
"gene_1098",206.549268042677,0.0931107624613722,0.0729732588900262,0.0902569689143468,0.0902569689143468,FALSE
"gene_1099",64.0314792770827,0.107649508707313,0.123757798369007,0.109927221850311,0.109927221850311,FALSE
"gene_1100",18.8000077348592,0.463313005358154,0.300837504509798,0.436704351763057,0.463313005358154,TRUE
"gene_1101",109.835590078609,0.0566474905971044,0.0930642235757237,0.0612055176401801,0.0612055176401801,FALSE
"gene_1102",82.6488064746396,0.153322787953471,0.10717847323204,0.146159291595203,0.146159291595203,FALSE
"gene_1103",116.980176782509,0.111748090903874,0.0904436196413922,0.108591975733108,0.108591975733108,FALSE
"gene_1104",72.7712161233394,0.108861832711515,0.11491835685029,0.109763060790387,0.109763060790387,FALSE
"gene_1105",35.3910592568862,0.222351889257666,0.183320162164598,0.216406712681875,0.216406712681875,FALSE
"gene_1106",111.524196689375,0.0698736655558244,0.092414548908736,0.0741565855098614,0.0741565855098614,FALSE
"gene_1107",59.8252868055946,0.162849106477794,0.128932561268565,0.15922824860538,0.15922824860538,FALSE
"gene_1108",96.4882905184488,0.0807803516714117,0.0989996967512025,0.0832972980731368,0.0832972980731368,FALSE
"gene_1109",254.703177081054,0.0624548634711464,0.0686595268504202,0.0632445383127685,0.0632445383127685,FALSE
"gene_1110",679.745605860127,0.0699055880056739,0.0570895856435468,0.0681441757470626,0.0681441757470626,FALSE
"gene_1111",625.631268470452,0.0494887019549904,0.0576892760876919,0.0504665696644468,0.0504665696644468,FALSE
"gene_1112",66.2231179655618,0.117768019691029,0.121321976994739,0.119697378009231,0.119697378009231,FALSE
"gene_1113",167.328531032609,0.0523078227819124,0.078321386117865,0.0559494441512249,0.0559494441512249,FALSE
"gene_1114",29.3161127665367,0.251379232218725,0.210914638107102,0.245008633375097,0.245008633375097,FALSE
"gene_1115",127.850120936927,0.0901981604105758,0.0870183597045018,0.0891579163547711,0.0891579163547711,FALSE
"gene_1116",28.3396659229907,0.131376399655335,0.216453584149952,0.143865381856298,0.143865381856298,FALSE
"gene_1117",410.465705190345,0.0512272953898866,0.0616380028203004,0.0524882659157963,0.0524882659157963,FALSE
"gene_1118",40.3009967069458,0.191789516353865,0.167096598787116,0.188052415763087,0.188052415763087,FALSE
"gene_1119",4483.1646788084,0.0699100708249345,0.0512076168264266,0.0661739580419752,0.0661739580419752,FALSE
"gene_1120",45.4528718473436,0.139608296386336,0.153841961367866,0.14169749419269,0.14169749419269,FALSE
"gene_1121",159.995052209453,0.0886264590618057,0.0796123471401498,0.0860917274450916,0.0860917274450916,FALSE
"gene_1122",18.6613532079998,0.147128958374944,0.302700074197962,0.170368143753456,0.170368143753456,FALSE
"gene_1123",580.944871679426,0.0845274914984326,0.0582687069288838,0.0799172059888334,0.0799172059888334,FALSE
"gene_1124",399.413431207385,0.0575853399733369,0.0619557134452269,0.0583314886644244,0.0583314886644244,FALSE
"gene_1125",2099.89398219283,0.050164336714826,0.0524007006320016,0.0502101735393515,0.0502101735393515,FALSE
"gene_1126",30.0303690621683,0.270895315820097,0.207091089086645,0.260804119727145,0.260804119727145,FALSE
"gene_1127",37.2483595447155,0.144799245891069,0.176680269597499,0.149594456208351,0.149594456208351,FALSE
"gene_1128",605.813886108103,0.0641752884906262,0.0579356917211224,0.0633624131590744,0.0633624131590744,FALSE
"gene_1129",25.0874645020456,0.185464258633426,0.238011440638451,0.193625563281266,0.193625563281266,FALSE
"gene_1130",73.8587494787455,0.0868149264075915,0.113964769148225,0.0898162230062676,0.0898162230062676,FALSE
"gene_1131",13.6112585308159,0.398474682347821,0.396399675468537,0.39852133888466,0.39852133888466,FALSE
"gene_1132",183.842323452432,0.0884932638680535,0.075791441809291,0.0867251395251756,0.0867251395251756,FALSE
"gene_1133",43.8167345719192,0.123802532737588,0.157713628757067,0.128680981303109,0.128680981303109,FALSE
"gene_1134",65.5177715338737,0.0963400448534955,0.122088126226147,0.100000878967671,0.100000878967671,FALSE
"gene_1135",137.297157125193,0.0777206897298586,0.0844819901610861,0.0786434083002797,0.0786434083002797,FALSE
"gene_1136",87.1186176901573,0.0907143395572244,0.104252830725134,0.0925697942339002,0.0925697942339002,FALSE
"gene_1137",70.3501124969426,0.193741849655449,0.117147143962421,0.181612131238671,0.193741849655449,TRUE
"gene_1138",625.370300614866,0.0445601597137113,0.0576924195695401,0.045673175375723,0.045673175375723,FALSE
"gene_1139",802.73621288235,0.0532121566356792,0.0560273219958346,0.0535532240729444,0.0535532240729444,FALSE
"gene_1140",322.92117000457,0.0846749239926143,0.0647506886255815,0.0818983253710081,0.0818983253710081,FALSE
"gene_1141",821.101553746646,0.0453560158812509,0.0558960086392479,0.0485331079380649,0.0485331079380649,FALSE
"gene_1142",807.81356327454,0.0453828068902252,0.0559904214510404,0.0477820628221309,0.0477820628221309,FALSE
"gene_1143",5.06459951778912,1.31421183951828,0.980695285666435,1.24738415430739,1.24738415430739,FALSE
"gene_1144",989.730089569048,0.043879667944251,0.0549181027536758,0.0471390572259472,0.0471390572259472,FALSE
"gene_1145",122.177463700627,0.0972531285387785,0.0887298479971489,0.0960299090831932,0.0960299090831932,FALSE
"gene_1146",386.767462454997,0.0530070391064353,0.0623415107123364,0.0541450197488267,0.0541450197488267,FALSE
"gene_1147",40.407922291118,0.228057512312107,0.166787156998389,0.218601850075898,0.218601850075898,FALSE
"gene_1148",973.603047778607,0.0334881557560865,0.0549969770779081,0.0341391018392488,0.0341391018392488,FALSE
"gene_1149",165.533656798556,0.0818617531252876,0.0786267779055208,0.0814213204762462,0.0814213204762462,FALSE
"gene_1150",97.8863875834751,0.0911152417265789,0.0983020749422537,0.0921047812351299,0.0921047812351299,FALSE
"gene_1151",3.8365470876135,0.905841679420198,1.2785544078601,0.972690004498021,0.972690004498021,FALSE
"gene_1152",157.253570041182,0.0642260666217056,0.0801258678910612,0.0662966300293549,0.0662966300293549,FALSE
"gene_1153",640.515381476675,0.0678399256922426,0.057514229121757,0.0678210832778469,0.0678210832778469,FALSE
"gene_1154",4674.87701259347,0.0473291245455703,0.0511645071452701,0.050654282802464,0.050654282802464,FALSE
"gene_1155",2288.17546397612,0.0557725762649927,0.0522160288445374,0.0543011633714291,0.0543011633714291,FALSE
"gene_1156",1678.39321872415,0.0502365564671031,0.0529643213113249,0.0495157601311458,0.0495157601311458,FALSE
"gene_1157",133.881310980611,0.0763625437729622,0.0853577730153474,0.0775739281881979,0.0775739281881979,FALSE
"gene_1158",13.405423305742,0.468454743554471,0.401716110632695,0.455170980618964,0.455170980618964,FALSE
"gene_1159",137.067853917778,0.070796447660107,0.0845394140512411,0.0725316881115685,0.0725316881115685,FALSE
"gene_1160",18.2968442112651,0.264222000650291,0.307731239276617,0.270607207212998,0.270607207212998,FALSE
"gene_1161",140.012923913168,0.0604406791296819,0.0838161922296951,0.0634413505694035,0.0634413505694035,FALSE
"gene_1162",359.404074095593,0.074744958096564,0.0632692300001655,0.0723516596265722,0.0723516596265722,FALSE
"gene_1163",1007.76725037895,0.0633963014046482,0.0548328770096905,0.0615950066790548,0.0615950066790548,FALSE
"gene_1164",250.855233081188,0.0623901456277213,0.0689433519860689,0.063179488352831,0.063179488352831,FALSE
"gene_1165",598.076117892833,0.0544702821415816,0.0580363384513852,0.0549104892219632,0.0549104892219632,FALSE
"gene_1166",80.2981417433899,0.0944223928355471,0.108847749613484,0.0964259684817803,0.0964259684817803,FALSE
"gene_1167",286.864585155324,0.0654580981522817,0.0665850748273688,0.0646591785416282,0.0646591785416282,FALSE
"gene_1168",9.54174381782683,0.551158239724542,0.544071019064265,0.550073211310697,0.550073211310697,FALSE
"gene_1169",4.98012274927512,1.35606785756996,0.996479820011406,1.28689461634834,1.28689461634834,FALSE
"gene_1170",5.38856117745729,0.792692039785439,0.924751052330135,0.816891055033608,0.816891055033608,FALSE
"gene_1171",49.4211554246389,0.144171717097354,0.145516503732814,0.144369827088218,0.144369827088218,FALSE
"gene_1172",472.31011578185,0.0573735123736394,0.0601345978942811,0.0577186795291123,0.0577186795291123,FALSE
"gene_1173",806.643349243348,0.060065070268949,0.0559988849947519,0.0613738821050671,0.0613738821050671,FALSE
"gene_1174",1208.17533870196,0.0606717940409637,0.054057157567692,0.0604739526841203,0.0604739526841203,FALSE
"gene_1175",496.853917639622,0.0641744906283774,0.0596416903004742,0.0635901107578749,0.0635901107578749,FALSE
"gene_1176",93.9402402250226,0.128228650298022,0.100324530418012,0.124086992089029,0.124086992089029,FALSE
"gene_1177",4494.05047783319,0.0737232834856285,0.0512050704810317,0.0712977721662216,0.0712977721662216,FALSE
"gene_1178",18.1055083228739,0.301518513659165,0.310453245808844,0.302891722883927,0.302891722883927,FALSE
"gene_1179",298.268750215143,0.0576933392185057,0.0659569319452843,0.060128054610889,0.060128054610889,FALSE
"gene_1180",386.767784108431,0.0546922600263322,0.0623415005786466,0.0556380734509947,0.0556380734509947,FALSE
"gene_1181",24.7359254370293,0.211081198304088,0.240681176515586,0.215547311808413,0.215547311808413,FALSE
"gene_1182",474.900500575804,0.053789231782667,0.0600801709382444,0.0525003540693518,0.0525003540693518,FALSE
"gene_1183",432.568609472856,0.0591471446901029,0.0610513284662722,0.0593873175202002,0.0593873175202002,FALSE
"gene_1184",50.9649279964472,0.14866698242877,0.142627961979689,0.147763767161089,0.147763767161089,FALSE
"gene_1185",9.73799404058374,0.640134363985694,0.534117135865562,0.622832374426364,0.622832374426364,FALSE
"gene_1186",18.2270570205092,0.38910105855304,0.308717433859138,0.376386338765954,0.376386338765954,FALSE
"gene_1187",137.300478754348,0.0902470890741587,0.0844811597422609,0.0894206894974705,0.0894206894974705,FALSE
"gene_1188",1002.79801716514,0.0491105511260427,0.054856050705958,0.0501530312487669,0.0501530312487669,FALSE
"gene_1189",23.6098399871096,0.236652532237214,0.249768370075725,0.238676282135484,0.238676282135484,FALSE
"gene_1190",109.261261178593,0.0884090946736239,0.0932897674375134,0.0907929802522083,0.0907929802522083,FALSE
"gene_1191",600.259498504822,0.0488315291520775,0.0580076759831561,0.0507088798555614,0.0507088798555614,FALSE
"gene_1192",740.319103205242,0.0342057471683932,0.0565223063610963,0.0362509234030032,0.0362509234030032,FALSE
"gene_1193",242.186822751898,0.0792646303863001,0.0696157794214338,0.0779490297272559,0.0779490297272559,FALSE
"gene_1194",1504.02099366721,0.0572036210241243,0.0532898650399902,0.055816111284478,0.055816111284478,FALSE
"gene_1195",4496.01526410153,0.0416670199800307,0.051204612202799,0.0458982559555416,0.0458982559555416,FALSE
"gene_1196",242.1463781311,0.083606940170102,0.0696190296351535,0.0816111356672467,0.0816111356672467,FALSE
"gene_1197",2638.67603042665,0.0500440556360549,0.0519424434136414,0.0525456822159937,0.0525456822159937,FALSE
"gene_1198",120.312044411162,0.107867746336443,0.0893279233290077,0.106418891004195,0.106418891004195,FALSE
"gene_1199",171.521896937567,0.0978763428880718,0.0776328086159061,0.0940599361902218,0.0940599361902218,FALSE
"gene_1200",220.080620484084,0.0884499870778459,0.0715703954978502,0.0880059883613366,0.0880059883613366,FALSE
"gene_1201",97.5487850087911,0.0994188171192715,0.098468700349003,0.099956847308117,0.099956847308117,FALSE
"gene_1202",199.151623386455,0.0575514539149105,0.0738208094080225,0.0595952313353163,0.0595952313353163,FALSE
"gene_1203",5.42838044620378,0.81803627625181,0.918335562460695,0.836309910626028,0.836309910626028,FALSE
"gene_1204",18.5900126543466,0.331373522837503,0.303669229320674,0.326969854919566,0.326969854919566,FALSE
"gene_1205",72.8434681912566,0.112723259821417,0.114854120675336,0.113028542496883,0.113028542496883,FALSE
"gene_1206",6.53165952201482,0.683783252282436,0.771689230417953,0.698692174381215,0.698692174381215,FALSE
"gene_1207",112.524264415962,0.122039041833231,0.0920389764264313,0.11670376558803,0.11670376558803,FALSE
"gene_1208",4681.37569953791,0.0368873047063592,0.0511631076817929,0.0402553240133625,0.0402553240133625,FALSE
"gene_1209",303.579726002458,0.074396019167586,0.0656805094131657,0.0732237323999798,0.0732237323999798,FALSE
"gene_1210",82.060755528342,0.129685994167567,0.107587095936885,0.126445398855412,0.126445398855412,FALSE
"gene_1211",789.583219850772,0.0498240709005539,0.0561251207816955,0.0505695555889097,0.0505695555889097,FALSE
"gene_1212",1156.80864234465,0.0555114907971614,0.0542303662997091,0.0547357305482079,0.0547357305482079,FALSE
"gene_1213",665.326116845157,0.0516629786947493,0.0572398474233472,0.052336862190691,0.052336862190691,FALSE
"gene_1214",3.96200578093527,1.3113054661097,1.23965663277625,1.29764835277204,1.29764835277204,FALSE
"gene_1215",12.7607359799774,0.30992840795004,0.419477319247461,0.327706054937813,0.327706054937813,FALSE
"gene_1216",149.121931958289,0.0778018860905485,0.0817601071692368,0.079222376749145,0.079222376749145,FALSE
"gene_1217",349.317733371,0.0890855692363661,0.0636478553121116,0.0846879507145414,0.0846879507145414,FALSE
"gene_1218",18.0358436376035,0.333009152777361,0.311458660285157,0.329551409481874,0.329551409481874,FALSE
"gene_1219",2256.21233537111,0.0546133032990607,0.0522452071204767,0.0569994932783212,0.0569994932783212,FALSE
"gene_1220",141.363940621501,0.0613253042605926,0.0834945051704379,0.0641681510804118,0.0641681510804118,FALSE
"gene_1221",122.201982256891,0.0938223704573229,0.0887221086348701,0.0931094948196486,0.0931094948196486,FALSE
"gene_1222",682.09732162235,0.0533786166665656,0.0570656815810516,0.0547792898005158,0.0547792898005158,FALSE
"gene_1223",761.736096698039,0.0589373744697105,0.0563433221791688,0.059282206384034,0.059282206384034,FALSE
"gene_1224",899.739753351141,0.0621784935703255,0.0553943602557252,0.0615421775146742,0.0615421775146742,FALSE
"gene_1225",8.80332586539141,0.49450803298341,0.58550029613382,0.508944028181777,0.508944028181777,FALSE
"gene_1226",3.34083290503993,0.657905952344977,1.46082461855928,0.797080208156636,0.797080208156636,FALSE
"gene_1227",77.4927839772971,0.138722250796761,0.110972466818563,0.135988422576243,0.135988422576243,FALSE
"gene_1228",244.711139371864,0.10002411692091,0.069415046217537,0.0955762535014399,0.0955762535014399,FALSE
"gene_1229",532.386859399477,0.0439420828601352,0.0590086158938288,0.0444830839503045,0.0444830839503045,FALSE
"gene_1230",442.721382093312,0.0643161633582351,0.0608014787846131,0.0638577431303268,0.0638577431303268,FALSE
"gene_1231",298.259868975361,0.0596701794260264,0.0659574024355658,0.0604654114824608,0.0604654114824608,FALSE
"gene_1232",228.564800418525,0.0510158845303194,0.0707755213752459,0.0533288233250245,0.0533288233250245,FALSE
"gene_1233",1009.12390008927,0.0548990221006733,0.0548265900216822,0.0576722264629722,0.0576722264629722,FALSE
"gene_1234",686.645658271158,0.0812493048223094,0.0570199144996634,0.0803834712329898,0.0803834712329898,FALSE
"gene_1235",281.016329739367,0.0753231846310222,0.0669269735491816,0.0741955716911566,0.0741955716911566,FALSE
"gene_1236",116.764218108581,0.130248315119843,0.0905181319881742,0.123820332323778,0.123820332323778,FALSE
"gene_1237",446.144519091367,0.0544456380272373,0.0607198021453791,0.0554075259516551,0.0554075259516551,FALSE
"gene_1238",47.5608978959514,0.168511989831722,0.149246340019615,0.165601380756805,0.165601380756805,FALSE
"gene_1239",113.085444373603,0.0694072596415481,0.0918311365387708,0.0723076307152567,0.0723076307152567,FALSE
"gene_1240",4984.56203631158,0.0471785377847129,0.0511018742270878,0.0478534592539125,0.0478534592539125,FALSE
"gene_1241",515.252001245032,0.0510270543527003,0.059302999172177,0.0528204333943142,0.0528204333943142,FALSE
"gene_1242",1569.41100272455,0.0495443627265892,0.053159307955021,0.0482883633329471,0.0482883633329471,FALSE
"gene_1243",162.339370145506,0.0739588270601758,0.079186978234638,0.0751752503289554,0.0751752503289554,FALSE
"gene_1244",43.9182769217443,0.151588843605334,0.157464948363306,0.152455436941524,0.152455436941524,FALSE
"gene_1245",1162.52975302634,0.0743444375971151,0.0542103172225562,0.0691428436765137,0.0691428436765137,FALSE
"gene_1246",216.128945604486,0.0825598980135364,0.0719619264569365,0.0802186292412024,0.0802186292412024,FALSE
"gene_1247",46.8215908139639,0.190218476821519,0.150810957920585,0.183495232769624,0.183495232769624,FALSE
"gene_1248",242.57562197444,0.0783937565798758,0.0695845899968094,0.0773344920492133,0.0773344920492133,FALSE
"gene_1249",1267.28218858515,0.0599094312636072,0.0538752234474485,0.0591396148910867,0.0591396148910867,FALSE
"gene_1250",310.079843888442,0.0678528924671607,0.0653550816730869,0.0673466174485476,0.0673466174485476,FALSE
"gene_1251",475.814516063819,0.0666476663837743,0.0600611078666532,0.0657891424657932,0.0657891424657932,FALSE
"gene_1252",1256.11143551873,0.0487881221010942,0.0539082954573927,0.0498429641807899,0.0498429641807899,FALSE
"gene_1253",9.2727181617983,0.328627139460377,0.558400766158722,0.367948281925815,0.367948281925815,FALSE
"gene_1254",427.307415980426,0.0496639460511825,0.0611854716106655,0.0518679864462474,0.0518679864462474,FALSE
"gene_1255",215.656051346085,0.0824678291227273,0.0720097420003611,0.0810310060834789,0.0810310060834789,FALSE
"gene_1256",4.70043439090333,1.26183989529043,1.05278858290641,1.22124151981326,1.22124151981326,FALSE
"gene_1257",123.403926363639,0.0658256780371325,0.0883464817381354,0.0687473450836342,0.0687473450836342,FALSE
"gene_1258",47.6623948642898,0.213522970651365,0.149035328189791,0.205842425135348,0.205842425135348,FALSE
"gene_1259",2598.5154097477,0.0609440873799615,0.0519700472018209,0.0597462101351279,0.0597462101351279,FALSE
"gene_1260",132.842692796928,0.106104792088182,0.0856329917118254,0.10492211402001,0.10492211402001,FALSE
"gene_1261",248.587099747977,0.0887142824128902,0.0691147660561518,0.0859569079946092,0.0859569079946092,FALSE
"gene_1262",1399.11350764586,0.0662140002549383,0.0535248171072525,0.0669069219997801,0.0669069219997801,FALSE
"gene_1263",87.2598101264962,0.129710733168794,0.10416529893079,0.125873617521591,0.125873617521591,FALSE
"gene_1264",1644.20390514138,0.0432934386444015,0.053022708911933,0.044441929888597,0.044441929888597,FALSE
"gene_1265",43.1062152678309,0.189147263789028,0.159486493560817,0.184529383957904,0.184529383957904,FALSE
"gene_1266",4.53167502129068,0.881090166712001,1.09012655957623,0.91670095514843,0.91670095514843,FALSE
"gene_1267",535.828067738642,0.0570224884609336,0.058951764931737,0.0576490835158208,0.0576490835158208,FALSE
"gene_1268",6.19716153361468,0.716481521093755,0.81063468652234,0.735387709152725,0.735387709152725,FALSE
"gene_1269",27.8708699069628,0.217937000439471,0.219250750534253,0.218145277768632,0.218145277768632,FALSE
"gene_1270",4521.47943509596,0.04713645148201,0.0511987088213851,0.052127169588064,0.052127169588064,FALSE
"gene_1271",49.8726834655458,0.144386758337514,0.144653150074749,0.144440670483245,0.144440670483245,FALSE
"gene_1272",1746.15816261359,0.0573997643994215,0.0528553511918578,0.0581176107338477,0.0581176107338477,FALSE
"gene_1273",706.011923290455,0.0462474036311532,0.056831644641518,0.0488000969079963,0.0488000969079963,FALSE
"gene_1274",424.785944655064,0.0947050126123448,0.0612509387107214,0.0870042679103879,0.0947050126123448,TRUE
"gene_1275",929.663821355834,0.04128396214369,0.0552257603094686,0.0432873280998052,0.0432873280998052,FALSE
"gene_1276",64.3626968469032,0.112237279765566,0.123379037384521,0.113840839066217,0.113840839066217,FALSE
"gene_1277",165.47041981481,0.071743569321257,0.0786376582866268,0.072669166995059,0.072669166995059,FALSE
"gene_1278",16.5776402317601,0.423291146763229,0.334443346278056,0.408327338296125,0.408327338296125,FALSE
"gene_1279",4699.17478905478,0.0432089014569202,0.0511592945454854,0.0440623263441398,0.0440623263441398,FALSE
"gene_1280",61.5632446534732,0.144763552342596,0.126708674928745,0.142054559281517,0.142054559281517,FALSE
"gene_1281",99.9208029398489,0.107235023079709,0.0973218154709776,0.105781020997158,0.105781020997158,FALSE
"gene_1282",185.975417020297,0.0531879697964968,0.0754974139355189,0.0559348622020911,0.0559348622020911,FALSE
"gene_1283",1424.80423052163,0.052324679587298,0.0534640808791324,0.0538046517182465,0.0538046517182465,FALSE
"gene_1284",6.51971200667822,0.495472030724631,0.773011455176481,0.542024790063571,0.542024790063571,FALSE
"gene_1285",165.65756376127,0.0958920496761047,0.0786054828993278,0.0934214463379186,0.0934214463379186,FALSE
"gene_1286",19.8110066638265,0.239238753465697,0.288044700038044,0.247163738251695,0.247163738251695,FALSE
"gene_1287",430.525054635758,0.0753074291461383,0.0611030429869479,0.0735490163932367,0.0735490163932367,FALSE
"gene_1288",898.25288407022,0.0460238836993836,0.0554030306110875,0.0471133384271657,0.0471133384271657,FALSE
"gene_1289",56.549686667837,0.135053333828299,0.133495614414597,0.136494863193186,0.136494863193186,FALSE
"gene_1290",6.71494368076354,0.944890191657403,0.751995016245462,0.908580508982764,0.908580508982764,FALSE
"gene_1291",2189.02440129347,0.053103136385357,0.0523093192723641,0.0500429829314778,0.0500429829314778,FALSE
"gene_1292",603.616519728928,0.0548010270533961,0.0579640109727984,0.0551946242450125,0.0551946242450125,FALSE
"gene_1293",238.486468170926,0.0766181678588859,0.0699177111327286,0.0757189113616445,0.0757189113616445,FALSE
"gene_1294",45.3567627423164,0.121751411785317,0.154061666799198,0.126339585961682,0.126339585961682,FALSE
"gene_1295",20.3810249872151,0.377097518816362,0.28139141868086,0.360962334249402,0.360962334249402,FALSE
"gene_1296",602.224679652815,0.0850344966651187,0.0579820556579818,0.0817022385528183,0.0817022385528183,FALSE
"gene_1297",23.0565296324641,0.276473448467153,0.254558656179234,0.273172955551384,0.273172955551384,FALSE
"gene_1298",58.8650100580527,0.121559280360932,0.13021765273453,0.122816464868569,0.122816464868569,FALSE
"gene_1299",3464.36473206801,0.046681596713201,0.0515167604203294,0.0516547284701529,0.0516547284701529,FALSE
"gene_1300",161.511879106511,0.0682624105573924,0.0793357137256261,0.0697208178040779,0.0697208178040779,FALSE
"gene_1301",72.6834590500577,0.0864145442724423,0.11499654961146,0.0903270982239013,0.0903270982239013,FALSE
"gene_1302",18.6129851259839,0.348957207231618,0.303356339346885,0.341986218700243,0.341986218700243,FALSE
"gene_1303",7.75842191170439,0.615416414603438,0.657600391578826,0.622729882176597,0.622729882176597,FALSE
"gene_1304",5027.45148024307,0.0566381646183207,0.0510938082838625,0.0511354615252422,0.0511354615252422,FALSE
"gene_1305",7.81808975766399,0.567020851141424,0.652964364617795,0.581244071410669,0.581244071410669,FALSE
"gene_1306",4.88755789640095,0.76233529387633,1.01440212202677,0.807407811482392,0.807407811482392,FALSE
"gene_1307",18.9830154696508,0.345746029032791,0.298420787190286,0.338456743377735,0.338456743377735,FALSE
"gene_1308",551.499153001666,0.0616531245412565,0.0587018406784364,0.0614857403398138,0.0614857403398138,FALSE
"gene_1309",88.6651373029364,0.108523160270502,0.103309267070518,0.107775830630558,0.107775830630558,FALSE
"gene_1310",1240.57650303337,0.0474158082419559,0.0539552780834979,0.0456730929336961,0.0456730929336961,FALSE
"gene_1311",2316.00947471068,0.0526101691884436,0.0521912759624601,0.0525417030086572,0.0525417030086572,FALSE
"gene_1312",244.140783080854,0.0679061045465298,0.0694600378552976,0.0683337965026326,0.0683337965026326,FALSE
"gene_1313",362.930678772638,0.107457897291434,0.0631418123061768,0.100796099857872,0.107457897291434,TRUE
"gene_1314",11202.1792686521,0.0499831223391157,0.0505770980671009,0.0482258723119096,0.0482258723119096,FALSE
"gene_1315",521.492360472627,0.0465261529049716,0.0591935477040636,0.0490559905302727,0.0490559905302727,FALSE
"gene_1316",45.0725349176021,0.158772799816711,0.154716894419096,0.158182891248473,0.158182891248473,FALSE
"gene_1317",181.768554506803,0.0505654222040295,0.0760839080559078,0.0536362888325604,0.0536362888325604,FALSE
"gene_1318",474.636488954694,0.0604904923879232,0.0600856909363961,0.061677981488116,0.061677981488116,FALSE
"gene_1319",70.2205099297165,0.127515582957394,0.117270785520075,0.126018227317585,0.126018227317585,FALSE
"gene_1320",91.1884676168512,0.0972079399159501,0.101838442300708,0.0979087109317762,0.0979087109317762,FALSE
"gene_1321",9.97671225409885,0.721717184399386,0.522537144295006,0.690503498183556,0.690503498183556,FALSE
"gene_1322",408.640133790381,0.0601584814507073,0.0616892961115832,0.0603557575947511,0.0603557575947511,FALSE
"gene_1323",11.6727392703363,0.329273828330177,0.453901111520773,0.349812622947808,0.349812622947808,FALSE
"gene_1324",5.73533474840646,0.953661200587418,0.87187073649084,0.94052232280867,0.94052232280867,FALSE
"gene_1325",58.856253915325,0.173937352174487,0.130229563581131,0.167171337010963,0.167171337010963,FALSE
"gene_1326",529.522612390332,0.0544454452958674,0.0590564985538456,0.0550090034452559,0.0550090034452559,FALSE
"gene_1327",47.8793200025003,0.110117365164559,0.148587340905298,0.116070339090543,0.116070339090543,FALSE
"gene_1328",236.369818055881,0.0631938472705636,0.0700946702528329,0.0640774079448285,0.0640774079448285,FALSE
"gene_1329",16.2934072935027,0.337172444187967,0.339402635296705,0.337633119846275,0.337633119846275,FALSE
"gene_1330",57.8733755262399,0.123689438864143,0.131589466776707,0.123247503781853,0.123247503781853,FALSE
"gene_1331",10.9868036398506,0.394524161158083,0.479107977568289,0.405390485093026,0.405390485093026,FALSE
"gene_1332",19.3071722630806,0.207982697708419,0.294252564694966,0.221180781571274,0.221180781571274,FALSE
"gene_1333",139.371929041924,0.0758827465301707,0.08397099928758,0.0761768616998622,0.0761768616998622,FALSE
"gene_1334",3569.87989534651,0.03258532578105,0.0514765519732559,0.0335316372619125,0.0335316372619125,FALSE
"gene_1335",203.178455732544,0.0898952602819506,0.0733517998633309,0.0875664145731429,0.0875664145731429,FALSE
"gene_1336",221.441764731377,0.0794976827320364,0.0714387692640825,0.0784072697443985,0.0784072697443985,FALSE
"gene_1337",137.251052208107,0.080522048559276,0.0844935207013463,0.0815748169136273,0.0815748169136273,FALSE
"gene_1338",4.96636867200073,0.403084032940906,0.999100609242532,0.50834102683772,0.50834102683772,FALSE
"gene_1339",99.046529328281,0.0974419936781416,0.0977381398388998,0.0974607471605386,0.0974607471605386,FALSE
"gene_1340",41.0599070031703,0.16502141547818,0.164935192874778,0.165013377765135,0.165013377765135,FALSE
"gene_1341",2419.21870049946,0.0474574606875745,0.0521044633758884,0.048731556946239,0.048731556946239,FALSE
"gene_1342",4.72520120978306,1.26181152777108,1.04753335487844,1.2181805016993,1.2181805016993,FALSE
"gene_1343",5.46537595436188,1.05847519412799,0.912458797569795,1.0328353235536,1.0328353235536,FALSE
"gene_1344",4607.47592252188,0.0688136502120675,0.0511792544717446,0.0609737572906148,0.0609737572906148,FALSE
"gene_1345",418.716954408617,0.0589283541989406,0.0614117458749347,0.0592384728879263,0.0592384728879263,FALSE
"gene_1346",52.6436385203315,0.181537265043934,0.139679210727744,0.174905835659063,0.174905835659063,FALSE
"gene_1347",1157.77215322923,0.0573941162991505,0.0542269758942432,0.0569976728687165,0.0569976728687165,FALSE
"gene_1348",48.9742046328019,0.164530809286228,0.146386783853781,0.159821714408685,0.159821714408685,FALSE
"gene_1349",14.4795200693267,0.278559650107492,0.37563726599833,0.294094744439036,0.294094744439036,FALSE
"gene_1350",287.627066615629,0.0451117057679629,0.0665415234154725,0.0461422944965001,0.0461422944965001,FALSE
"gene_1351",17.5951638058169,0.319235280769369,0.318003108532283,0.319115793166009,0.319115793166009,FALSE
"gene_1352",599.105790869543,0.0756936202613975,0.0580227953236241,0.0708000248390198,0.0708000248390198,FALSE
"gene_1353",28.2948811313824,0.267335329539935,0.216716797308159,0.259317717323372,0.259317717323372,FALSE
"gene_1354",53.3020501158635,0.141965772315467,0.13857338345222,0.141450653727004,0.141450653727004,FALSE
"gene_1355",2154.18875992872,0.0805478018377097,0.0523441344881391,0.074973781101824,0.0805478018377097,TRUE
"gene_1356",111.22203643748,0.0769194460707771,0.0925293529103596,0.079342621264642,0.079342621264642,FALSE
"gene_1357",73.4132614490426,0.0965363344540134,0.114351972589933,0.0990316310424366,0.0990316310424366,FALSE
"gene_1358",35.7599301362739,0.249043868280852,0.181946551080218,0.238501956281919,0.238501956281919,FALSE
"gene_1359",68.3564515778056,0.0987952348263758,0.119100973306282,0.101694026150527,0.101694026150527,FALSE
"gene_1360",106.370493421126,0.0930082100614827,0.0944619775339489,0.0932148522253324,0.0932148522253324,FALSE
"gene_1361",1811.21661621156,0.0373899978504582,0.0527584053017447,0.038831692221042,0.038831692221042,FALSE
"gene_1362",444.630574020683,0.0718007227478605,0.0607557700279912,0.0717679820900911,0.0717679820900911,FALSE
"gene_1363",1620.46791052843,0.0608596083628039,0.0530646936030742,0.0619240453930911,0.0619240453930911,FALSE
"gene_1364",129.827521803428,0.0610245453202982,0.0864569157002014,0.0645941741500821,0.0645941741500821,FALSE
"gene_1365",57.4170452522038,0.130586585147006,0.132236667907201,0.130821899942087,0.130821899942087,FALSE
"gene_1366",42.7504225746335,0.126485822432514,0.160396399203119,0.131388150103648,0.131388150103648,FALSE
"gene_1367",112.631011776003,0.137982456028904,0.0919992817182194,0.131444564304453,0.131444564304453,FALSE
"gene_1368",343.105308752825,0.055926718658446,0.0638921380052603,0.0569116599861051,0.0569116599861051,FALSE
"gene_1369",1434.42837399907,0.0557733890218597,0.0534418883057705,0.054817917124883,0.054817917124883,FALSE
"gene_1370",36.1504103458542,0.161364815623942,0.180523014035412,0.16445001400033,0.16445001400033,FALSE
"gene_1371",695.889934743761,0.0508347532780317,0.0569287387525016,0.0524575709213879,0.0524575709213879,FALSE
"gene_1372",5257.91381468864,0.0533555535491385,0.0510527199771179,0.0502539465422949,0.0502539465422949,FALSE
"gene_1373",1329.45261090966,0.0527052330781302,0.0537013163671402,0.0536854374182506,0.0536854374182506,FALSE
"gene_1374",2338.49352751138,0.0505375719845099,0.0521717110580158,0.0549817909456722,0.0549817909456722,FALSE
"gene_1375",39.7488240815789,0.18579155113438,0.168721079047836,0.184673268270909,0.184673268270909,FALSE
"gene_1376",10.3783547889208,0.279514619935429,0.504255999935641,0.316634508534154,0.316634508534154,FALSE
"gene_1377",4773.55328399074,0.0478923468619722,0.0511436679758797,0.049832556642297,0.049832556642297,FALSE
"gene_1378",238.737590789272,0.07014306625623,0.0698969246542206,0.0718575243433523,0.0718575243433523,FALSE
"gene_1379",4.82982267134266,0.981668404645973,1.02592862060245,0.990435084147367,0.990435084147367,FALSE
"gene_1380",554.284220479275,0.0710979536805457,0.0586589030557302,0.0694254998959398,0.0694254998959398,FALSE
"gene_1381",1430.2992049305,0.0463877707864014,0.053451373288391,0.0465501574366698,0.0465501574366698,FALSE
"gene_1382",1674.3299413618,0.0489534016724647,0.0529711356128612,0.0470900367557331,0.0470900367557331,FALSE
"gene_1383",574.671646808079,0.0484956641465247,0.0583572624823058,0.0496546968671022,0.0496546968671022,FALSE
"gene_1384",2246.04886250707,0.0514950659567983,0.0522546590962799,0.0520350876973002,0.0520350876973002,FALSE
"gene_1385",4691.21665644973,0.0443019632139519,0.0511609958565254,0.0441798852995733,0.0441798852995733,FALSE
"gene_1386",34.0762807800496,0.149422737437879,0.188458071959657,0.155197877447236,0.155197877447236,FALSE
"gene_1387",2055.90352775575,0.0564092747429023,0.0524487223824202,0.0578942498144063,0.0578942498144063,FALSE
"gene_1388",29.1786145982775,0.222949887086726,0.211672177985405,0.221256604661459,0.221256604661459,FALSE
"gene_1389",3125.91135517455,0.0441084022928991,0.0516640521029031,0.0458936017258957,0.0458936017258957,FALSE
"gene_1390",242.756616533519,0.0605615400056801,0.0695701047156658,0.0633995286464194,0.0633995286464194,FALSE
"gene_1391",38.5039611077984,0.141822641877762,0.172554367433277,0.146383127127006,0.146383127127006,FALSE
"gene_1392",2100.66538474617,0.0566117847897255,0.0523998764816229,0.054440636266352,0.054440636266352,FALSE
"gene_1393",264.997824507542,0.0544563351456198,0.0679407162963347,0.0561287851165609,0.0561287851165609,FALSE
"gene_1394",4791.90814761191,0.0762880952367127,0.0511398863327618,0.077187869207253,0.077187869207253,FALSE
"gene_1395",290.988565375253,0.0478932744017609,0.0663522424604999,0.0493807175974176,0.0493807175974176,FALSE
"gene_1396",869.035334607118,0.0549722556215302,0.0555794260580724,0.053910443206687,0.053910443206687,FALSE
"gene_1397",8.47245062006873,0.769222615106903,0.606407121446234,0.740454378604323,0.740454378604323,FALSE
"gene_1398",88.9474058849543,0.0717443805036564,0.103140590018337,0.0759119085525433,0.0759119085525433,FALSE
"gene_1399",12.0750427768097,0.510668468414164,0.440449571949395,0.499428136503129,0.499428136503129,FALSE
"gene_1400",229.864153569979,0.0754314575879666,0.0706589676271527,0.0747943179437467,0.0747943179437467,FALSE
"gene_1401",4.26571055232631,1.60067601492179,1.15496806945809,1.50991892245306,1.50991892245306,FALSE
"gene_1402",457.013255773107,0.0635967271598411,0.0604685820670629,0.0631948276991524,0.0631948276991524,FALSE
"gene_1403",75.9893592950715,0.0936150126449059,0.112175692985967,0.0953816236955219,0.0953816236955219,FALSE
"gene_1404",49.1398421288915,0.170058068601189,0.146062416493238,0.166345725473907,0.166345725473907,FALSE
"gene_1405",11.1735618530515,0.564702695135495,0.471938354092394,0.550177340736498,0.550177340736498,FALSE
"gene_1406",4.01676633595044,1.11028818521561,1.22344018206942,1.13129050870019,1.13129050870019,FALSE
"gene_1407",777.902990580295,0.0546634240860007,0.0562147413420254,0.0524717113196061,0.0524717113196061,FALSE
"gene_1408",128.288857814955,0.100214028858689,0.0868922949456384,0.0983195893399865,0.0983195893399865,FALSE
"gene_1409",177.786597653696,0.0646683687995885,0.0766646168676045,0.066203502388915,0.066203502388915,FALSE
"gene_1410",19.641797586937,0.196053954982625,0.290094047128426,0.210466362182938,0.210466362182938,FALSE
"gene_1411",144.470792648645,0.0785695791824406,0.0827775673201983,0.0791385714828566,0.0791385714828566,FALSE
"gene_1412",847.716094776907,0.0498107248071742,0.0557158100788847,0.0505120699238928,0.0505120699238928,FALSE
"gene_1413",43.5880471548363,0.188221119386936,0.158277934522098,0.183609772206475,0.183609772206475,FALSE
"gene_1414",696.676347624267,0.0603157630434401,0.0569210940843931,0.0584795982927402,0.0584795982927402,FALSE
"gene_1415",157.771220565821,0.088815264675715,0.0800275374475706,0.0875838395330111,0.0875838395330111,FALSE
"gene_1416",808.567029303842,0.0464743701075746,0.055984984991677,0.0482031251381064,0.0482031251381064,FALSE
"gene_1417",4569.25601921623,0.0560338183813342,0.0511878102723668,0.0545348112399644,0.0545348112399644,FALSE
"gene_1418",1470.14912202383,0.0600965945439803,0.053362059445793,0.0567230268857921,0.0567230268857921,FALSE
"gene_1419",8.99078265030938,0.381273493807753,0.574338437294937,0.411513754122483,0.411513754122483,FALSE
"gene_1420",3.90597189173906,1.26125451812021,1.25672084277266,1.2604129637199,1.2604129637199,FALSE
"gene_1421",4.70273863861375,1.2137401322898,1.05229731322205,1.18349584851054,1.18349584851054,FALSE
"gene_1422",8.34178548198686,0.345637170569044,0.615120193523992,0.38902247614736,0.38902247614736,FALSE
"gene_1423",4.70714637774391,0.773032121962621,1.05135891543476,0.827583224115941,0.827583224115941,FALSE
"gene_1424",3729.97301826176,0.037967763411836,0.0514198898271293,0.0393608928305328,0.0393608928305328,FALSE
"gene_1425",247.088817923144,0.0610971293388572,0.0692297246573279,0.062125050746869,0.062125050746869,FALSE
"gene_1426",250.609603988421,0.0622517806453575,0.0689617655802409,0.0631094812179342,0.0631094812179342,FALSE
"gene_1427",4636.12798797435,0.0332295855378338,0.0511729330162906,0.0359193317693487,0.0359193317693487,FALSE
"gene_1428",47.6117385791865,0.16099319530608,0.149140529966719,0.159238975478711,0.159238975478711,FALSE
"gene_1429",28.1597813335483,0.231706609460314,0.217515890049724,0.229519112251858,0.229519112251858,FALSE
"gene_1430",4041.71986833561,0.0400341826334063,0.0513224335509078,0.0420723621077186,0.0420723621077186,FALSE
"gene_1431",35.2805720392347,0.233234817028471,0.183737187553641,0.225428852092177,0.225428852092177,FALSE
"gene_1432",246.880935055092,0.100202580396752,0.0692457851067181,0.0935666411660368,0.0935666411660368,FALSE
"gene_1433",32.4549382537887,0.172854667461734,0.19536717130285,0.176302685795086,0.176302685795086,FALSE
"gene_1434",69.4015254477005,0.0887410071682036,0.118062780294618,0.0928655691431132,0.0928655691431132,FALSE
"gene_1435",64.0304253586134,0.122860808130063,0.12375900982246,0.122987642371124,0.122987642371124,FALSE
"gene_1436",26.4014157150605,0.250754606311499,0.22866223112685,0.247312991374637,0.247312991374637,FALSE
"gene_1437",96.0376839155257,0.103983693468147,0.0992288684055964,0.102339419303514,0.102339419303514,FALSE
"gene_1438",134.15706706689,0.0964883193854006,0.0852854175678815,0.0933148918446785,0.0933148918446785,FALSE
"gene_1439",18.6133598788184,0.250508567723988,0.303351241535529,0.25870773826214,0.25870773826214,FALSE
"gene_1440",78.3251683575406,0.110584425453309,0.110326156692792,0.110525965195801,0.110525965195801,FALSE
"gene_1441",1809.72845674581,0.0540122741151634,0.0527605449643691,0.0548292449678611,0.0548292449678611,FALSE
"gene_1442",5.45957306292116,0.921626567497979,0.913375324774692,0.919928572789173,0.919928572789173,FALSE
"gene_1443",39.8037661058467,0.134177991731192,0.168557421573624,0.139232928201556,0.139232928201556,FALSE
"gene_1444",10.7119499894922,0.496697367011501,0.490114275095396,0.495862268569491,0.495862268569491,FALSE
"gene_1445",30.4005986393709,0.208974884397848,0.205179881131614,0.208377398755327,0.208377398755327,FALSE
"gene_1446",89.6237785263101,0.115927218473942,0.10274072893829,0.114260489419168,0.114260489419168,FALSE
"gene_1447",4.65243102526021,0.638533727490658,1.06313365182357,0.717600746009724,0.717600746009724,FALSE
"gene_1448",194.543478237062,0.0547067193513786,0.0743813476686342,0.0571241998793542,0.0571241998793542,FALSE
"gene_1449",37.8944140959117,0.186443065450153,0.174523188458463,0.184632490330406,0.184632490330406,FALSE
"gene_1450",8.26529499706798,0.757301071266585,0.620348604008178,0.732427411082859,0.732427411082859,FALSE
"gene_1451",10.3087922442062,0.467476086021006,0.507320211864845,0.474396719571172,0.474396719571172,FALSE
"gene_1452",22.7481069550707,0.257392277142483,0.257329976589037,0.256986659283981,0.256986659283981,FALSE
"gene_1453",63.3206161137674,0.124169056551998,0.124584077875231,0.124187425275111,0.124187425275111,FALSE
"gene_1454",606.696256353482,0.0606959981565715,0.0579243776226468,0.0620662064670385,0.0620662064670385,FALSE
"gene_1455",473.348375110503,0.0518794806280015,0.0601127113425717,0.0544842621172478,0.0544842621172478,FALSE
"gene_1456",17.8943040519084,0.26378108125285,0.313525497556955,0.271549698129725,0.271549698129725,FALSE
"gene_1457",15.2353693655374,0.302744827678188,0.359489676633912,0.311864625777894,0.311864625777894,FALSE
"gene_1458",42.8703245616424,0.1476396384719,0.1600880741355,0.149490825611783,0.149490825611783,FALSE
"gene_1459",5.35388343577165,1.04226055350192,0.930415906266314,1.0220946566748,1.0220946566748,FALSE
"gene_1460",50.4640121348416,0.133087991757265,0.143545853233035,0.134691404668711,0.134691404668711,FALSE
"gene_1461",703.600765087878,0.0555460415448221,0.0568545199524812,0.0556015701466944,0.0556015701466944,FALSE
"gene_1462",210.207882571029,0.0718618293178216,0.0725761371750414,0.0705931987784134,0.0705931987784134,FALSE
"gene_1463",285.626281266437,0.0844439335355324,0.0666562997152152,0.0819549790190503,0.0819549790190503,FALSE
"gene_1464",236.84214376861,0.073668124569271,0.070054908069552,0.0731813437628926,0.0731813437628926,FALSE
"gene_1465",4824.6102438971,0.0455080601893917,0.051133220038012,0.0441718842942965,0.0441718842942965,FALSE
"gene_1466",20.9174688675033,0.213991825933552,0.275461226318823,0.223377872981288,0.223377872981288,FALSE
"gene_1467",32.4152911831997,0.29317280186026,0.19554477828226,0.276911672262796,0.276911672262796,FALSE
"gene_1468",95.4255705068574,0.0777939612699118,0.0995436469252694,0.0806301583646357,0.0806301583646357,FALSE
"gene_1469",228.227590521778,0.103183796061591,0.0708059864646382,0.0974423577307748,0.0974423577307748,FALSE
"gene_1470",98.3357486693575,0.0959808387355861,0.0980820654753017,0.0962764590656149,0.0962764590656149,FALSE
"gene_1471",172.841388327151,0.0930270477187862,0.0774230504475829,0.0908269484758064,0.0908269484758064,FALSE
"gene_1472",25.9414419287512,0.232223991644498,0.23182735996547,0.23216394228948,0.23216394228948,FALSE
"gene_1473",4599.14624787378,0.0396827067349287,0.0511811070108435,0.0428515374470467,0.0428515374470467,FALSE
"gene_1474",469.747398552852,0.055545371902442,0.0601890342064993,0.0563267115939087,0.0563267115939087,FALSE
"gene_1475",363.079374223206,0.0519900063193041,0.0631364942605319,0.0536335987844546,0.0536335987844546,FALSE
"gene_1476",46.0593075975918,0.116175825715231,0.152476794621839,0.121337824661609,0.121337824661609,FALSE
"gene_1477",408.558599941629,0.0693823080065242,0.0616915976710875,0.0705911473100501,0.0705911473100501,FALSE
"gene_1478",4768.4366418815,0.062418055499492,0.051144727343972,0.0580662676416857,0.0580662676416857,FALSE
"gene_1479",4.04518913077758,0.829750069030769,1.21519631427598,0.897372748204472,0.897372748204472,FALSE
"gene_1480",94.4869981400957,0.112442547130472,0.100034227768674,0.111540796555276,0.111540796555276,FALSE
"gene_1481",51.4136994979635,0.161791319915289,0.141820811259295,0.158780890469561,0.158780890469561,FALSE
"gene_1482",8.34887939983539,0.461194004419733,0.614640152240355,0.484918685166417,0.484918685166417,FALSE
"gene_1483",96.5639280143511,0.0927544201150881,0.0989614383122836,0.0936106022864449,0.0936106022864449,FALSE
"gene_1484",67.3783006572942,0.100759235656534,0.120101862367641,0.103512717733694,0.103512717733694,FALSE
"gene_1485",37.8395222747004,0.200702401270877,0.174703600880646,0.196704269858555,0.196704269858555,FALSE
"gene_1486",64.0661870728159,0.189467006054173,0.123717924878185,0.179022961719583,0.189467006054173,TRUE
"gene_1487",4.33202969396023,0.937497324517319,1.13805448225161,0.973810296079883,0.973810296079883,FALSE
"gene_1488",1369.90942101126,0.0440682044179753,0.0535966260387967,0.0465883233042246,0.0465883233042246,FALSE
"gene_1489",52.3780460417764,0.14632079448403,0.140133152573311,0.14458860941088,0.14458860941088,FALSE
"gene_1490",334.025171353853,0.0486625555116142,0.0642655303635146,0.0509739353972862,0.0509739353972862,FALSE
"gene_1491",142.949008477973,0.0694751688942301,0.0831248407033429,0.0713240683245119,0.0713240683245119,FALSE
"gene_1492",145.142940999363,0.0921566367837253,0.0826265005996164,0.0908044087367025,0.0908044087367025,FALSE
"gene_1493",6766.89749470876,0.0475268014896057,0.0508528437603863,0.0487436090826615,0.0487436090826615,FALSE
"gene_1494",37.1445200384061,0.195807642583994,0.177033973907207,0.192885237372137,0.192885237372137,FALSE
"gene_1495",65.4173922382983,0.0952228245706539,0.122198501409308,0.0990674628205387,0.0990674628205387,FALSE
"gene_1496",3219.87950754229,0.0552767696346195,0.0516200529770696,0.053882978031112,0.053882978031112,FALSE
"gene_1497",414.188352627661,0.0596641775935848,0.061534808264352,0.0617981691956713,0.0617981691956713,FALSE
"gene_1498",214.235470234373,0.107576619667151,0.0721546500957701,0.10291267733764,0.10291267733764,FALSE
"gene_1499",31.3482814589165,0.214121425176229,0.200493401078496,0.212024288575497,0.212024288575497,FALSE
"gene_1500",2215.71754140384,0.0656148539035413,0.0522833825970158,0.062206540217604,0.062206540217604,FALSE
"gene_1501",334.723013015061,0.0708564861431074,0.0642361151663151,0.069974936353476,0.069974936353476,FALSE
"gene_1502",4291.88178156091,0.0537457490846384,0.0512544683088372,0.0552938292857545,0.0552938292857545,FALSE
"gene_1503",653.340097832235,0.0678144929304789,0.0573697987495362,0.0664309266720499,0.0664309266720499,FALSE
"gene_1504",331.759419133107,0.0715588162301187,0.0643618887669356,0.0729644307442805,0.0729644307442805,FALSE
"gene_1505",40.2836769997116,0.187388013641178,0.167146876474471,0.184201033245019,0.184201033245019,FALSE
"gene_1506",89.1101801928147,0.074932215334197,0.103043805724103,0.0790951116803395,0.0790951116803395,FALSE
"gene_1507",741.340711942934,0.0548965244835528,0.0565135337792158,0.0550919652451601,0.0550919652451601,FALSE
"gene_1508",411.073492592843,0.0659454601591153,0.0616210268353042,0.0650219066750185,0.0650219066750185,FALSE
"gene_1509",48.6806874385394,0.181359477084741,0.146966999040446,0.176004959439552,0.176004959439552,FALSE
"gene_1510",3801.71604297749,0.0431309376310068,0.0513960461102923,0.0438340202881913,0.0438340202881913,FALSE
"gene_1511",281.847510954669,0.0422879711194661,0.0668775163410139,0.046240997398907,0.046240997398907,FALSE
"gene_1512",136.515008565363,0.0759433189000966,0.0846786551006795,0.0771301408773763,0.0771301408773763,FALSE
"gene_1513",4.91818437775689,0.590224937111965,1.00839757816345,0.654584707691655,0.654584707691655,FALSE
"gene_1514",24.9143716704261,0.41383509547763,0.239316565345407,0.384549047144266,0.41383509547763,TRUE
"gene_1515",129.081712679319,0.077730164378973,0.0866666530830415,0.0789458301313448,0.0789458301313448,FALSE
"gene_1516",4748.38538942281,0.0453117207797861,0.0511489008319526,0.0467734071849266,0.0467734071849266,FALSE
"gene_1517",36.4834705658419,0.167669902781193,0.179332887805457,0.169833707377489,0.169833707377489,FALSE
"gene_1518",15.2080231414835,0.358603706778346,0.360045902593486,0.356293248303966,0.356293248303966,FALSE
"gene_1519",200.316313379835,0.0819562499087263,0.0736832184758511,0.0808204656252625,0.0808204656252625,FALSE
"gene_1520",632.275443821733,0.0617446990277458,0.0576101178780591,0.0611875848527518,0.0611875848527518,FALSE
"gene_1521",12.5203720559046,0.323774253262514,0.426567478112843,0.340048964409036,0.340048964409036,FALSE
"gene_1522",8.07303651072692,0.6807537462497,0.63392766947509,0.672944338136351,0.672944338136351,FALSE
"gene_1523",36.5853032981304,0.123783457445827,0.178973333717716,0.131726556098616,0.131726556098616,FALSE
"gene_1524",45.4552797557166,0.129636225673564,0.153836468818967,0.13319073930565,0.13319073930565,FALSE
"gene_1525",2553.5570441358,0.0460779936800038,0.0520019786997949,0.0441258154045856,0.0441258154045856,FALSE
"gene_1526",55.3244514443357,0.108333491392687,0.135341274808357,0.112892663301441,0.112892663301441,FALSE
"gene_1527",200.752031923595,0.0627169000078935,0.0736321551128824,0.0641250460400018,0.0641250460400018,FALSE
"gene_1528",4869.21037351519,0.0650249872891058,0.0511242726764757,0.0604716414088773,0.0604716414088773,FALSE
"gene_1529",5.73951867843494,1.37869828697854,0.871271732374527,1.279321761674,1.37869828697854,TRUE
"gene_1530",31.8212070846101,0.158111973063704,0.198259097925377,0.164105242060713,0.164105242060713,FALSE
"gene_1531",112.581973909144,0.128899561622796,0.0920175074243882,0.123299623999339,0.123299623999339,FALSE
"gene_1532",550.061897659965,0.0569535434901643,0.0587241690554943,0.0571753163093518,0.0571753163093518,FALSE
"gene_1533",134.6082364033,0.129012836726042,0.0851676748587104,0.122206950925546,0.122206950925546,FALSE
"gene_1534",254.022620200808,0.0939340771021838,0.0687090989500528,0.0902289057963482,0.0902289057963482,FALSE
"gene_1535",34.2887427759165,0.14814399696998,0.187601118678885,0.15279270210954,0.15279270210954,FALSE
"gene_1536",260.432375708707,0.0612105378226428,0.0682524802022494,0.0633636469376814,0.0633636469376814,FALSE
"gene_1537",993.260704052597,0.0486618294838145,0.0549011769262222,0.049738340807347,0.049738340807347,FALSE
"gene_1538",167.927556148878,0.0843620569539412,0.078220916973296,0.0835201392820283,0.0835201392820283,FALSE
"gene_1539",183.916723707612,0.0753172334558293,0.0757810716042893,0.0753745894052908,0.0753745894052908,FALSE
"gene_1540",2783.97756954379,0.0516318856831029,0.0518492257852956,0.0489102201752649,0.0489102201752649,FALSE
"gene_1541",302.651097310514,0.0742722411185569,0.0657281422798109,0.0731271972211064,0.0731271972211064,FALSE
"gene_1542",86.8104259698905,0.0922445299443875,0.104444882242341,0.093940836890391,0.093940836890391,FALSE
"gene_1543",775.455578434989,0.0679798754589945,0.0562338620682783,0.0664206510151674,0.0664206510151674,FALSE
"gene_1544",1522.83554684208,0.0560130157088698,0.0532511511650139,0.0570105632831394,0.0570105632831394,FALSE
"gene_1545",61.8452463302624,0.173490948767752,0.126359612179757,0.166342311781563,0.166342311781563,FALSE
"gene_1546",23.237183790466,0.152549228632833,0.252969560057589,0.16781189779839,0.16781189779839,FALSE
"gene_1547",67.3714429630508,0.12785818894503,0.120108982070254,0.12672179992855,0.12672179992855,FALSE
"gene_1548",29.0804027308243,0.219832318428704,0.212217657597713,0.220864727249672,0.220864727249672,FALSE
"gene_1549",228.583278551955,0.108943044253463,0.0707738545735595,0.103211976081171,0.108943044253463,TRUE
"gene_1550",56.0908088799474,0.0928735744875948,0.134177410916627,0.0986271009695678,0.0986271009695678,FALSE
"gene_1551",29.717298823751,0.112647189067992,0.20874438815741,0.126863827989441,0.126863827989441,FALSE
"gene_1552",14.6019006798149,0.504291051195116,0.372909364423091,0.483574652780366,0.483574652780366,FALSE
"gene_1553",4.02009219463686,0.908113952733049,1.22246951376367,0.964874547840124,0.964874547840124,FALSE
"gene_1554",1246.14111593519,0.0499547982360473,0.053938314257073,0.0491391003510683,0.0491391003510683,FALSE
"gene_1555",428.725206031091,0.0531795838235073,0.0611489985578871,0.054028658071245,0.054028658071245,FALSE
"gene_1556",565.028190065896,0.0651743125968817,0.058497228462189,0.0634737488448401,0.0634737488448401,FALSE
"gene_1557",70.4230157002548,0.123912128680349,0.117077793903425,0.122914337251241,0.122914337251241,FALSE
"gene_1558",11.253539789529,0.348216085346757,0.46894078608497,0.366517605593809,0.366517605593809,FALSE
"gene_1559",71.103534229796,0.108223253719214,0.116437301789771,0.109408247799766,0.109408247799766,FALSE
"gene_1560",994.349309167891,0.0512078731093136,0.05489598237804,0.0534434979675291,0.0534434979675291,FALSE
"gene_1561",45.4284028235164,0.140562154785077,0.153897809349976,0.142575546151659,0.142575546151659,FALSE
"gene_1562",495.230896589212,0.0576115206290314,0.0596727764792953,0.0578696722458373,0.0578696722458373,FALSE
"gene_1563",402.609032125607,0.0504615233368381,0.0618620595171901,0.0518292731963963,0.0518292731963963,FALSE
"gene_1564",713.494695701058,0.0488253614243528,0.0567616379762904,0.0495543489156303,0.0495543489156303,FALSE
"gene_1565",446.636640546443,0.0503538997735837,0.060708162974943,0.0508616207078921,0.0508616207078921,FALSE
"gene_1566",188.878428896322,0.0958079763721459,0.0751079291044281,0.0935078884912762,0.0935078884912762,FALSE
"gene_1567",186.472423251503,0.0517746821690808,0.0754298723398734,0.0552242492776205,0.0552242492776205,FALSE
"gene_1568",2195.64796163453,0.0674885113426584,0.052302824591373,0.0654689644408689,0.0654689644408689,FALSE
"gene_1569",651.277834783741,0.0833334937704631,0.0573926399059408,0.0777805949998735,0.0777805949998735,FALSE
"gene_1570",45.7448438829924,0.0930546182873942,0.153180175607594,0.101545273769396,0.101545273769396,FALSE
"gene_1571",18.8834886308733,0.296701169590377,0.29972928323981,0.29717420000642,0.29717420000642,FALSE
"gene_1572",269.740634516945,0.053929970496374,0.0676280171591408,0.0561012576542965,0.0561012576542965,FALSE
"gene_1573",1408.24542195828,0.0352277581139639,0.0535029742137287,0.0384571298281684,0.0384571298281684,FALSE
"gene_1574",155.153939353626,0.0754504253966896,0.0805314317340863,0.0761335885752982,0.0761335885752982,FALSE
"gene_1575",819.494599850517,0.0588523751554967,0.0559072634989458,0.0584841751601089,0.0584841751601089,FALSE
"gene_1576",757.870914498682,0.0629465395686164,0.0563748758458199,0.0648319038395762,0.0648319038395762,FALSE
"gene_1577",183.997465556238,0.0992617982779143,0.0757698269718375,0.0962419093353971,0.0962419093353971,FALSE
"gene_1578",32.5842433760526,0.222844905256637,0.194790926608511,0.218599545813097,0.218599545813097,FALSE
"gene_1579",8.82878334675887,0.538743872887437,0.583956651116315,0.547536830132882,0.547536830132882,FALSE
"gene_1580",2230.52302150602,0.0589391262474126,0.0522692643418254,0.0582174295187702,0.0582174295187702,FALSE
"gene_1581",85.2968620847226,0.0573587055880473,0.105408213058696,0.0635152218385733,0.0635152218385733,FALSE
"gene_1582",334.922455610158,0.0722654780819873,0.0642277308488119,0.0730430535389794,0.0730430535389794,FALSE
"gene_1583",6.56960277831683,0.609912366268145,0.767521960906935,0.637185240092683,0.637185240092683,FALSE
"gene_1584",14.4589044559425,0.388934757577418,0.376101339044092,0.386913340319919,0.386913340319919,FALSE
"gene_1585",10.6652659008383,0.434164718216195,0.492040062312942,0.443406575955471,0.443406575955471,FALSE
"gene_1586",171.787428054173,0.0856711747988546,0.0775903384349314,0.0845495955710546,0.0845495955710546,FALSE
"gene_1587",398.273295969452,0.0576010191749924,0.0619894913069909,0.0581459524856817,0.0581459524856817,FALSE
"gene_1588",33.9520974225223,0.165017156314994,0.188963924854582,0.168500721378511,0.168500721378511,FALSE
"gene_1589",4.10428422983958,1.07983616186565,1.19842161114436,1.10121490640161,1.10121490640161,FALSE
"gene_1590",5196.52261921452,0.0592030219534186,0.0510633090867328,0.0592211168812056,0.0592211168812056,FALSE
"gene_1591",8.10004354175972,0.883092339375024,0.631981268954865,0.83998966014985,0.83998966014985,FALSE
"gene_1592",930.23679172624,0.0609154079110442,0.0552226378819907,0.0601921040026569,0.0601921040026569,FALSE
"gene_1593",126.79297578455,0.0660014621071018,0.0873256988810609,0.068896849101872,0.068896849101872,FALSE
"gene_1594",72.8441357626096,0.159240892439929,0.114853527760769,0.152400941057613,0.152400941057613,FALSE
"gene_1595",28.0492135969669,0.258817349449023,0.218175607679723,0.252414313177607,0.252414313177607,FALSE
"gene_1596",3073.01518446675,0.0566237637407745,0.0516900036054449,0.0533028080007831,0.0533028080007831,FALSE
"gene_1597",14.1205321437001,0.305118817974344,0.383912003948939,0.317222809095472,0.317222809095472,FALSE
"gene_1598",485.544234345267,0.0663827540921373,0.0598626293911095,0.0682148222673617,0.0682148222673617,FALSE
"gene_1599",233.004745862383,0.0730281262877627,0.0703826203548435,0.0726646458848721,0.0726646458848721,FALSE
"gene_1600",14.9911916888013,0.330162367724756,0.364528120805367,0.335314616628911,0.335314616628911,FALSE
"gene_1601",265.10023809583,0.0362599389487313,0.0679338458524778,0.0401141622071377,0.0401141622071377,FALSE
"gene_1602",4986.41835481316,0.0609041067378857,0.0511015222483628,0.0594263125402705,0.0594263125402705,FALSE
"gene_1603",3932.37229464702,0.0586291582116638,0.0513548576525836,0.0623894744048425,0.0623894744048425,FALSE
"gene_1604",173.679806449421,0.0655802651468221,0.0772914239810443,0.0671151153872387,0.0671151153872387,FALSE
"gene_1605",67.8453063177937,0.124206630324874,0.119620400471275,0.125503382844067,0.125503382844067,FALSE
"gene_1606",325.369589073097,0.0747402343291821,0.0646408659764324,0.0733687912875412,0.0733687912875412,FALSE
"gene_1607",22.851590668518,0.325964585486406,0.256391788433711,0.314448659900061,0.314448659900061,FALSE
"gene_1608",27.9391688591375,0.200637910047284,0.218837389368955,0.203354655415918,0.203354655415918,FALSE
"gene_1609",114.051959160066,0.0744728658636373,0.0914779707048305,0.0781165075028652,0.0781165075028652,FALSE
"gene_1610",11.1316596802357,0.922554527620827,0.473526040125448,0.831233764829462,0.922554527620827,TRUE
"gene_1611",153.472582721444,0.0905382495061407,0.0808642030402608,0.089179555898023,0.089179555898023,FALSE
"gene_1612",643.762343823645,0.0596324887849859,0.0574771181985829,0.0600447342261635,0.0600447342261635,FALSE
"gene_1613",14.8106248553906,0.396272967842841,0.368360849528767,0.391672621318771,0.391672621318771,FALSE
"gene_1614",6.92295391792255,0.880281590357017,0.730907252254251,0.85420455022265,0.85420455022265,FALSE
"gene_1615",1038.23151840402,0.0502175060075927,0.0546956574768739,0.0508294463978007,0.0508294463978007,FALSE
"gene_1616",5525.63978647054,0.0569923506395622,0.0510092915491401,0.0581110679339829,0.0581110679339829,FALSE
"gene_1617",38.8448646967397,0.221987331919026,0.171480199486405,0.21408714177538,0.21408714177538,FALSE
"gene_1618",5298.34401358501,0.0568116515992762,0.0510458803582706,0.0565653789248849,0.0565653789248849,FALSE
"gene_1619",275.793777559597,0.0453388680156986,0.0672445486214985,0.0479193361531306,0.0479193361531306,FALSE
"gene_1620",9.58968703831244,0.563957372209496,0.54160171451919,0.560216539199127,0.560216539199127,FALSE
"gene_1621",4944.78328842126,0.0443005258896719,0.0511094802298548,0.0472250991924646,0.0472250991924646,FALSE
"gene_1622",26.8111077247438,0.329552806422389,0.225934540198669,0.312456678575363,0.312456678575363,FALSE
"gene_1623",9.68513421636404,0.606258859389581,0.536758511730235,0.591534227114899,0.591534227114899,FALSE
"gene_1624",73.0467740942634,0.10556549410306,0.114674052082465,0.106834849145239,0.106834849145239,FALSE
"gene_1625",72.3432548599167,0.207643399257371,0.115301469438556,0.19169703947778,0.207643399257371,TRUE
"gene_1626",15.6668121387933,0.383866232660854,0.350971057255011,0.378577697081339,0.378577697081339,FALSE
"gene_1627",47.435339309681,0.120258831858799,0.149508625348796,0.124537462364912,0.124537462364912,FALSE
"gene_1628",39.2798974880478,0.140567974538295,0.170136513853275,0.144956452218544,0.144956452218544,FALSE
"gene_1629",863.622768169838,0.0567584514003514,0.0556134137255303,0.0571502942182057,0.0571502942182057,FALSE
"gene_1630",85.8518495522169,0.0852078815321944,0.105051038839223,0.0871786946854931,0.0871786946854931,FALSE
"gene_1631",106.526048315431,0.0690713945857572,0.0943972802084174,0.0716764486044686,0.0716764486044686,FALSE
"gene_1632",14.835343539474,0.398588060360912,0.367830656520493,0.393623485426207,0.393623485426207,FALSE
"gene_1633",21.1529250230274,0.26257192888828,0.272953326835679,0.264199195207428,0.264199195207428,FALSE
"gene_1634",1285.0043867239,0.057374412367356,0.053823935031607,0.0569278643354928,0.0569278643354928,FALSE
"gene_1635",1653.76757913403,0.0636209213042788,0.0530061331212845,0.0636448030677092,0.0636448030677092,FALSE
"gene_1636",220.701309107468,0.0735913921896608,0.0715101718978593,0.073308360510101,0.073308360510101,FALSE
"gene_1637",28.0078749192071,0.17675360985734,0.21842359836692,0.182937321805542,0.182937321805542,FALSE
"gene_1638",84.8116875078612,0.111893291352871,0.105724287162547,0.112515511944047,0.112515511944047,FALSE
"gene_1639",2104.00695550356,0.0737362202981016,0.0523963133960724,0.075940546257324,0.075940546257324,FALSE
"gene_1640",83.0305569772564,0.13147873243459,0.106916302191028,0.127830253108334,0.127830253108334,FALSE
"gene_1641",20.9318893139003,0.279774219872371,0.275306008783777,0.279054877581263,0.279054877581263,FALSE
"gene_1642",84.8606266311411,0.232427668074875,0.105692241158396,0.209775867316589,0.232427668074875,TRUE
"gene_1643",23.8570517992298,0.221806781326462,0.247699948594313,0.225942484139494,0.225942484139494,FALSE
"gene_1644",71.5334517998085,0.102382677418773,0.116038952118828,0.104304309164151,0.104304309164151,FALSE
"gene_1645",2627.93959886122,0.0457268850259753,0.051949740309495,0.0497987936860516,0.0497987936860516,FALSE
"gene_1646",32.8359450064799,0.291603957657483,0.193682240753228,0.275080389726493,0.275080389726493,FALSE
"gene_1647",416.23534935057,0.0699208996380385,0.0614788505530243,0.0699403802212094,0.0699403802212094,FALSE
"gene_1648",30.482178739717,0.204709252686774,0.204764988489701,0.204699991272215,0.204699991272215,FALSE
"gene_1649",33.5104789691721,0.174672486131047,0.190793202416416,0.177120352097882,0.177120352097882,FALSE
"gene_1650",11.2237980375979,0.449361631332276,0.470050515739056,0.452873243463375,0.452873243463375,FALSE
"gene_1651",12.3050605544716,0.351349639932637,0.433153844380856,0.36361104957844,0.36361104957844,FALSE
"gene_1652",138.342936337773,0.0603154656712215,0.0842225118220402,0.0634002142053787,0.0634002142053787,FALSE
"gene_1653",1453.80685920619,0.0548592325750113,0.053398094379439,0.0576144843737742,0.0576144843737742,FALSE
"gene_1654",228.223777697098,0.0922803211919822,0.0708063314474358,0.0896285043925388,0.0896285043925388,FALSE
"gene_1655",36.9051930234747,0.0896933079603889,0.177856764145333,0.102224499806726,0.102224499806726,FALSE
"gene_1656",3078.72819109138,0.0461243319007076,0.0516871577796497,0.0439805372424777,0.0439805372424777,FALSE
"gene_1657",22.1717780075809,0.279924244656838,0.262715206992711,0.277245636801193,0.277245636801193,FALSE
"gene_1658",150.477439263651,0.0639424667019956,0.081475419545464,0.0662206202282155,0.0662206202282155,FALSE
"gene_1659",216.279461283738,0.0698100177825126,0.0719467513008239,0.0687152869359568,0.0687152869359568,FALSE
"gene_1660",1708.91468824166,0.0400390902689869,0.0529141713064467,0.0413791388782389,0.0413791388782389,FALSE
"gene_1661",204.94696680774,0.114370879510556,0.07315164402056,0.106470606236192,0.114370879510556,TRUE
"gene_1662",11.3284674000493,0.350253476433292,0.466170904445754,0.369356861489212,0.369356861489212,FALSE
"gene_1663",20.7679997887159,0.21611452869699,0.277082764557217,0.227166424162368,0.227166424162368,FALSE
"gene_1664",24.1104164225838,0.413647850821639,0.245624059587293,0.386677585461451,0.413647850821639,TRUE
"gene_1665",118.115104693809,0.0755185266300608,0.0900565133740087,0.0760063549599691,0.0760063549599691,FALSE
"gene_1666",412.955201435805,0.0750037461278063,0.0615687860555315,0.0742289710243696,0.0742289710243696,FALSE
"gene_1667",4887.49493126903,0.0303511356661914,0.0511206517538838,0.0326174550469244,0.0326174550469244,FALSE
"gene_1668",1019.14114958081,0.0557699651541863,0.0547806861518228,0.0541616368475266,0.0541616368475266,FALSE
"gene_1669",5.9755456408976,1.34493546338796,0.838838650796961,1.24609882879992,1.34493546338796,TRUE
"gene_1670",42.8857504295907,0.149234024598411,0.160048532059864,0.150831473397087,0.150831473397087,FALSE
"gene_1671",4863.11307941683,0.041215220724258,0.0511254861879169,0.0447188837610835,0.0447188837610835,FALSE
"gene_1672",4541.11011321327,0.0486722387083018,0.0511942030168493,0.050067948770151,0.050067948770151,FALSE
"gene_1673",1422.1644654876,0.0521723701120679,0.0534702204765042,0.0532271578907858,0.0532271578907858,FALSE
"gene_1674",564.972622806882,0.0497176387953114,0.0584980488157996,0.0526766336773613,0.0526766336773613,FALSE
"gene_1675",150.276582802816,0.0849655360544241,0.0815172798845152,0.08448317954078,0.08448317954078,FALSE
"gene_1676",286.418691516401,0.0788973060971709,0.0666106508273672,0.0786101521870596,0.0786101521870596,FALSE
"gene_1677",302.397486549947,0.0575363267023502,0.0657412017898958,0.0585686045983618,0.0585686045983618,FALSE
"gene_1678",11.0399412816755,0.375280212726012,0.477043340171458,0.391246325108403,0.391246325108403,FALSE
"gene_1679",14.8596047427085,0.356544068983352,0.36731199132122,0.358251767474846,0.358251767474846,FALSE
"gene_1680",1121.13107913249,0.0543956908366278,0.0543600116383413,0.0565942742399627,0.0565942742399627,FALSE
"gene_1681",3.67885276002632,0.964711000849574,1.33120979025879,1.03754084930657,1.03754084930657,FALSE
"gene_1682",198.66751308844,0.0839272775556772,0.0738784745350962,0.0825288024543338,0.0825288024543338,FALSE
"gene_1683",447.772986467186,0.0759022772484157,0.0606813849859963,0.0740292806492999,0.0740292806492999,FALSE
"gene_1684",624.884106446779,0.0428531273020732,0.057698283011797,0.0445420924120614,0.0445420924120614,FALSE
"gene_1685",171.899653252404,0.0847574368404406,0.0775724281027186,0.0837434960961558,0.0837434960961558,FALSE
"gene_1686",5.70010676932507,0.641364573851914,0.876949121309507,0.679175743613102,0.679175743613102,FALSE
"gene_1687",73.9850625204739,0.135265648096782,0.113855830536453,0.13088160373432,0.13088160373432,FALSE
"gene_1688",648.792766869301,0.0555248153561977,0.0574203568664654,0.0578085283655351,0.0578085283655351,FALSE
"gene_1689",348.460392733824,0.0503868308789859,0.0636810492664868,0.0522001529432708,0.0522001529432708,FALSE
"gene_1690",687.283226551938,0.0555234040437086,0.0570135474546825,0.0565116758084028,0.0565116758084028,FALSE
"gene_1691",100.60880453489,0.0630518541439744,0.0969992802254208,0.0675319202867174,0.0675319202867174,FALSE
"gene_1692",2179.37759631437,0.0469998931195368,0.0523188489904361,0.0476362885781519,0.0476362885781519,FALSE
"gene_1693",762.464379175735,0.0653459658161093,0.0563374126156591,0.0641401910955319,0.0641401910955319,FALSE
"gene_1694",193.940323244837,0.0666084426819788,0.0744566873490912,0.0681019383791661,0.0681019383791661,FALSE
"gene_1695",46.7122003007736,0.161318550635479,0.151046670526172,0.159757827206753,0.159757827206753,FALSE
"gene_1696",4882.90528576599,0.0641154427072682,0.0511215581001728,0.0603723633815104,0.0603723633815104,FALSE
"gene_1697",7.33192224672051,0.605179391911944,0.692935553752561,0.622035799429476,0.622035799429476,FALSE
"gene_1698",2100.80013428379,0.0394517924399989,0.0523997325801276,0.0433250421877839,0.0433250421877839,FALSE
"gene_1699",425.887683541831,0.0619734207282008,0.0612222379704832,0.0614368968947714,0.0614368968947714,FALSE
"gene_1700",193.97379030363,0.0853605389802907,0.0744524947241071,0.0833771937888521,0.0833771937888521,FALSE
"gene_1701",1451.26158042573,0.0756791477481663,0.0534037797998413,0.0719239992512104,0.0719239992512104,FALSE
"gene_1702",46.9724806315467,0.169835310194309,0.150487625010666,0.166924933049735,0.166924933049735,FALSE
"gene_1703",600.525700259963,0.0547415942954479,0.0580041956572537,0.0562524663284858,0.0562524663284858,FALSE
"gene_1704",19.224249600395,0.1789872450308,0.295305459079872,0.196391442855689,0.196391442855689,FALSE
"gene_1705",4.39432753375326,1.17923402327477,1.12263148514519,1.16884634820274,1.16884634820274,FALSE
"gene_1706",11.0891908659212,0.399351408980985,0.475147439479279,0.413729689864456,0.413729689864456,FALSE
"gene_1707",58.0391150357566,0.115886502696357,0.131356922266028,0.118089742359598,0.118089742359598,FALSE
"gene_1708",3040.2278819529,0.0501330895322923,0.0517065428048191,0.0520490126651444,0.0520490126651444,FALSE
"gene_1709",91.0582121278787,0.158783441582867,0.101912371607762,0.149233401611063,0.158783441582867,TRUE
"gene_1710",15.3027878239044,0.365089000378624,0.358126867889288,0.363924959415009,0.363924959415009,FALSE
"gene_1711",43.8323573919506,0.151122072506833,0.1576752929835,0.152097708872491,0.152097708872491,FALSE
"gene_1712",5.44869814575115,0.815085552134447,0.915098201345381,0.83145307317846,0.83145307317846,FALSE
"gene_1713",206.335161892361,0.080031207763386,0.0729969350833809,0.0801608536288731,0.0801608536288731,FALSE
"gene_1714",380.901362248046,0.0592940969089196,0.0625291685289794,0.0618309792151606,0.0618309792151606,FALSE
"gene_1715",150.688115832967,0.0642194305385503,0.0814316325161859,0.0662458010385059,0.0662458010385059,FALSE
"gene_1716",78.2263222477121,0.0827088215438368,0.110402186689343,0.0865423868450733,0.0865423868450733,FALSE
"gene_1717",276.608268702306,0.0488293620132392,0.0671942314311522,0.05137528045719,0.05137528045719,FALSE
"gene_1718",1046.17106820073,0.0507978276421937,0.0546612083196939,0.0510729120467924,0.0510729120467924,FALSE
"gene_1719",1445.0487579919,0.0540494065931907,0.0534177415666691,0.0539860062792337,0.0539860062792337,FALSE
"gene_1720",2974.69255774228,0.0490508424858212,0.0517406940754236,0.049274040922274,0.049274040922274,FALSE
"gene_1721",36.8773548681576,0.130165042924361,0.177953163216305,0.137440416789362,0.137440416789362,FALSE
"gene_1722",10.9072647907171,0.292048305676825,0.482236013421203,0.322691048782383,0.322691048782383,FALSE
"gene_1723",32.3822517306967,0.275966346717387,0.195693117337556,0.26309548943381,0.26309548943381,FALSE
"gene_1724",4.88591526679124,1.19377145911006,1.01472629846006,1.15843547652495,1.15843547652495,FALSE
"gene_1725",13.2131069624446,0.279019286795642,0.406833050911917,0.298388151502673,0.298388151502673,FALSE
"gene_1726",1045.72039905722,0.0584882512684257,0.0546631497382526,0.060877952657151,0.060877952657151,FALSE
"gene_1727",306.340326269736,0.066592810748933,0.0655406131129424,0.0664533784694811,0.0664533784694811,FALSE
"gene_1728",3.53062796368401,0.638513607538901,1.38499168990272,0.773578904994132,0.773578904994132,FALSE
"gene_1729",44.9577571074203,0.165142547022729,0.154983838904038,0.163567362631817,0.163567362631817,FALSE
"gene_1730",346.814880057075,0.0570783008054295,0.0637452189247753,0.0579093293837711,0.0579093293837711,FALSE
"gene_1731",4458.49474165299,0.0442304826377282,0.0512134335005187,0.0453927725507171,0.0453927725507171,FALSE
"gene_1732",2299.35752395624,0.0565572704643174,0.0522060125836619,0.0569931782801632,0.0569931782801632,FALSE
"gene_1733",58.0010301903554,0.0997000717605734,0.131410240449696,0.103686429159965,0.103686429159965,FALSE
"gene_1734",4714.38351601747,0.0467723072965607,0.0511560591602966,0.0482433241943012,0.0482433241943012,FALSE
"gene_1735",4.7722635182472,0.760710816428426,1.03769758993648,0.810768239122023,0.810768239122023,FALSE
"gene_1736",3185.45390952139,0.0528418744877372,0.0516358709266229,0.0506152620293956,0.0506152620293956,FALSE
"gene_1737",792.832826628654,0.0675592124988382,0.0561006565874251,0.065096692047997,0.065096692047997,FALSE
"gene_1738",83.1767569819355,0.0924082106855631,0.106816535150303,0.0938153639743597,0.0938153639743597,FALSE
"gene_1739",4247.10867911432,0.0534303182122942,0.0512660442337794,0.0538942570968477,0.0538942570968477,FALSE
"gene_1740",202.191052678567,0.0823489656164083,0.0734650749794951,0.0811185779969076,0.0811185779969076,FALSE
"gene_1741",190.013503889781,0.0450070048945695,0.074958877255922,0.0494588276627125,0.0494588276627125,FALSE
"gene_1742",692.975966651906,0.0465056547244365,0.0569572165044322,0.0477193018739076,0.0477193018739076,FALSE
"gene_1743",4.83033403319287,0.999856975191466,1.02582532077102,1.00419630102547,1.00419630102547,FALSE
"gene_1744",23.9074733507831,0.168529483556552,0.24728332353336,0.180983020941865,0.180983020941865,FALSE
"gene_1745",152.753978402267,0.0694784535090153,0.0810086625477956,0.0710087916818392,0.0710087916818392,FALSE
"gene_1746",407.086389869869,0.0398991918878693,0.0617333142305972,0.0420251049221729,0.0420251049221729,FALSE
"gene_1747",61.4573376090797,0.172749358661096,0.126840594503725,0.165677701075038,0.165677701075038,FALSE
"gene_1748",31.9919880977299,0.179777585339477,0.19746848967019,0.182481496159485,0.182481496159485,FALSE
"gene_1749",81.7667267945543,0.0747310806614603,0.107793613640965,0.0791702397827594,0.0791702397827594,FALSE
"gene_1750",233.461214787008,0.0503514864822186,0.0703430735548194,0.052762282714045,0.052762282714045,FALSE
"gene_1751",1866.14488395586,0.0416743495460462,0.0526818174673908,0.0404625012326781,0.0404625012326781,FALSE
"gene_1752",886.691815417684,0.0526225787947108,0.0554714385174071,0.0542680365916662,0.0542680365916662,FALSE
"gene_1753",701.116175104608,0.052118163514299,0.0568782565288506,0.0531228103321264,0.0531228103321264,FALSE
"gene_1754",272.495172308078,0.0685669095589306,0.0674514039481628,0.0684180748595559,0.0684180748595559,FALSE
"gene_1755",38.3583131768769,0.128518137650527,0.173019117057567,0.135068325923863,0.135068325923863,FALSE
"gene_1756",46.0866654609471,0.138748872020641,0.152416055414054,0.140765711493355,0.140765711493355,FALSE
"gene_1757",16.6414163642994,0.323446541257828,0.333353852332584,0.324464521825165,0.324464521825165,FALSE
"gene_1758",658.824951796536,0.0537432987656914,0.0573097456600088,0.0555430821573311,0.0555430821573311,FALSE
"gene_1759",38.5607425298709,0.185569209063801,0.172374134103811,0.18358515272219,0.18358515272219,FALSE
"gene_1760",1367.0956264889,0.0370384661163282,0.0536037068215857,0.0378262205826077,0.0378262205826077,FALSE
"gene_1761",313.517827004383,0.0424267137412997,0.06518841544722,0.0450299108225691,0.0450299108225691,FALSE
"gene_1762",4647.01883774488,0.0558567904342231,0.0511705506334296,0.0516438018176968,0.0516438018176968,FALSE
"gene_1763",405.91902176756,0.0603429722623246,0.0617666078855843,0.0607453114182687,0.0607453114182687,FALSE
"gene_1764",96.8962038394143,0.07653947963002,0.0987940763738856,0.079538164024804,0.079538164024804,FALSE
"gene_1765",57.9920243111233,0.119908732595004,0.131422858776794,0.121567039004421,0.121567039004421,FALSE
"gene_1766",189.789480326932,0.0750603036178283,0.0749881535927655,0.0756426290793997,0.0756426290793997,FALSE
"gene_1767",1220.91194556572,0.0431940671561715,0.0540164646272512,0.0457437416129767,0.0457437416129767,FALSE
"gene_1768",153.655472273443,0.0547530605520192,0.080827652845024,0.057090702910545,0.057090702910545,FALSE
"gene_1769",104.804692059634,0.106605920835017,0.095123911100826,0.104967183128903,0.104967183128903,FALSE
"gene_1770",4.33245656615817,0.843387725329006,1.13794729284506,0.898710507867129,0.898710507867129,FALSE
"gene_1771",80.5826295472898,0.0935932659647291,0.108640546459739,0.0956950158495236,0.0956950158495236,FALSE
"gene_1772",188.346894522706,0.0765246161511286,0.0751783449125943,0.0763462322410154,0.0763462322410154,FALSE
"gene_1773",656.620909729842,0.0677286775052295,0.0573337569100581,0.0645654096661582,0.0645654096661582,FALSE
"gene_1774",218.075817352056,0.0847615579839091,0.0717672575735676,0.0829583794671181,0.0829583794671181,FALSE
"gene_1775",4035.93719739069,0.071902686708781,0.0513241042472038,0.0709480383977154,0.0709480383977154,FALSE
"gene_1776",1209.69258501391,0.0433684608153677,0.0540522650687115,0.0437124505177092,0.0437124505177092,FALSE
"gene_1777",2303.46751097635,0.0612809104123897,0.0522023555286499,0.0601283825877464,0.0601283825877464,FALSE
"gene_1778",450.142197824598,0.0704794939936719,0.0606259893149365,0.0674610890209096,0.0674610890209096,FALSE
"gene_1779",756.796261530865,0.0541351248494654,0.0563837061093096,0.0538888123758448,0.0538888123758448,FALSE
"gene_1780",5.22172687078263,1.54400282869589,0.952694373978478,1.42906480423747,1.54400282869589,TRUE
"gene_1781",2076.96481841166,0.0536423109999268,0.0524254772112595,0.050829768239526,0.050829768239526,FALSE
"gene_1782",1699.88751028095,0.0407371666140956,0.0529288163638126,0.0424464256267281,0.0424464256267281,FALSE
"gene_1783",3365.76956254362,0.0657316375539221,0.0515566103252205,0.0607899356826585,0.0607899356826585,FALSE
"gene_1784",136.911333316395,0.0842786998531266,0.0845787216155424,0.0843461849509697,0.0843461849509697,FALSE
"gene_1785",610.83863508726,0.0446276420488916,0.0578716993374856,0.0453504532495677,0.0453504532495677,FALSE
"gene_1786",4.5222072264284,0.736527479912508,1.09230386452961,0.794144742244833,0.794144742244833,FALSE
"gene_1787",140.547717775002,0.079832578132646,0.0836881143499471,0.080358633126398,0.080358633126398,FALSE
"gene_1788",5.26619612524582,0.701476265771713,0.945073087160162,0.744938648720554,0.744938648720554,FALSE
"gene_1789",1372.20897370323,0.047972083814839,0.0535908608850118,0.0493878657843434,0.0493878657843434,FALSE
"gene_1790",1203.74802195766,0.0760895175862644,0.0540715043556416,0.0690485667648475,0.0690485667648475,FALSE
"gene_1791",81.5033775334294,0.123229308422093,0.107979847877748,0.121018950712174,0.121018950712174,FALSE
"gene_1792",724.11713000629,0.0477470588937454,0.056664742361595,0.0504886137952696,0.0504886137952696,FALSE
"gene_1793",13.6328927068406,0.275350959807684,0.395850218484731,0.293695955333279,0.293695955333279,FALSE
"gene_1794",158.430475993021,0.0851730500345638,0.0799032386750481,0.0844372785141641,0.0844372785141641,FALSE
"gene_1795",1435.96251941373,0.0546394391191647,0.0534383781677517,0.0539821400420261,0.0539821400420261,FALSE
"gene_1796",82.2199637275996,0.100704398614201,0.107475888898033,0.101567262383155,0.101567262383155,FALSE
"gene_1797",114.723827881392,0.0779206339521135,0.0912359749862152,0.0797533157566924,0.0797533157566924,FALSE
"gene_1798",103.174649737101,0.0832096267521298,0.0958343468216859,0.0837950267289028,0.0837950267289028,FALSE
"gene_1799",464.200875329114,0.0626487130676013,0.0603089096247916,0.0610162425222598,0.0610162425222598,FALSE
"gene_1800",21.5964150101707,0.357388936567033,0.268378113356575,0.342816224570886,0.342816224570886,FALSE
"gene_1801",25.8979517323983,0.207248228928158,0.232132438377862,0.211331392502479,0.211331392502479,FALSE
"gene_1802",6.44739164706085,0.798458921220267,0.78111971675976,0.796251467089275,0.796251467089275,FALSE
"gene_1803",284.055647470695,0.0863218523227479,0.0667475329309492,0.0849328663455074,0.0849328663455074,FALSE
"gene_1804",46.4138786217437,0.124471270085673,0.151695135117006,0.128410097706656,0.128410097706656,FALSE
"gene_1805",87.6713848061632,0.138357169203143,0.103911753284641,0.13319579710575,0.13319579710575,FALSE
"gene_1806",4.63355784997114,0.81080563209101,1.06725965995324,0.858636736665455,0.858636736665455,FALSE
"gene_1807",658.327912449505,0.0562942954839676,0.0573151464600784,0.0552971411413406,0.0552971411413406,FALSE
"gene_1808",4.32413568106887,1.49152680754968,1.14004051649514,1.42204140356926,1.42204140356926,FALSE
"gene_1809",340.950939269141,0.0548321476880519,0.0639789301655605,0.0564983042504719,0.0564983042504719,FALSE
"gene_1810",2241.12370018729,0.0532308987541813,0.0522592703090133,0.0515721003061892,0.0515721003061892,FALSE
"gene_1811",5.15428319761465,1.23441365416796,0.964504062006155,1.18321287015002,1.18321287015002,FALSE
"gene_1812",12.2627796928957,0.484423611670019,0.434474382024506,0.475193392034294,0.475193392034294,FALSE
"gene_1813",321.420985305282,0.062138770301896,0.0648188053295009,0.0624789958038711,0.0624789958038711,FALSE
"gene_1814",14.1634415386551,0.614125536237243,0.382900861899621,0.575678450595052,0.614125536237243,TRUE
"gene_1815",4397.64602183837,0.0588744394066947,0.0512280593990624,0.0559638833294868,0.0559638833294868,FALSE
"gene_1816",13.1877147911334,0.450805150087328,0.407519810894865,0.443695533931235,0.443695533931235,FALSE
"gene_1817",1577.10648847257,0.0448202999523164,0.0531446552446517,0.0461597006871758,0.0461597006871758,FALSE
"gene_1818",55.8939185582619,0.149205325494248,0.13447338095333,0.148117270805628,0.148117270805628,FALSE
"gene_1819",637.264192366596,0.0656970465023142,0.0575517672652747,0.0667844005713464,0.0667844005713464,FALSE
"gene_1820",361.788222423961,0.066543934661781,0.0631828177151923,0.0661036836345696,0.0661036836345696,FALSE
"gene_1821",715.058292857473,0.0559873141093854,0.0567471944806728,0.0560781027135424,0.0560781027135424,FALSE
"gene_1822",5.5365897846365,1.45535727550296,0.901367519467184,1.34924139826366,1.45535727550296,TRUE
"gene_1823",15.5561138537453,0.338806280123508,0.353111673330248,0.341043711282743,0.341043711282743,FALSE
"gene_1824",29.9326514393157,0.130184695215384,0.207603415414195,0.143286237256705,0.143286237256705,FALSE
"gene_1825",885.545332349525,0.0465207149540537,0.0554783197111507,0.0466269783904339,0.0466269783904339,FALSE
"gene_1826",44.5254978881963,0.173047514715356,0.156001517129058,0.170433628080891,0.170433628080891,FALSE
"gene_1827",5639.91093172053,0.0604299051953074,0.0509920108462626,0.0583655490447265,0.0583655490447265,FALSE
"gene_1828",134.496771260599,0.0785935564545359,0.0851966907036611,0.0794876353123272,0.0794876353123272,FALSE
"gene_1829",41.2696135858018,0.140724538327458,0.164351958197677,0.144207490784378,0.144207490784378,FALSE
"gene_1830",5058.89875564644,0.0624096995051687,0.0510879810991224,0.058883404568806,0.058883404568806,FALSE
"gene_1831",133.714860918989,0.0914689404772078,0.0854015921670263,0.0906198452357631,0.0906198452357631,FALSE
"gene_1832",167.372012717154,0.0804434157302218,0.0783140691160565,0.0801440188638601,0.0801440188638601,FALSE
"gene_1833",199.433478973985,0.075541309452307,0.0737873649339326,0.0745367087707863,0.0745367087707863,FALSE
"gene_1834",6.66150030190291,0.821778905527339,0.757625673861462,0.810998914225009,0.810998914225009,FALSE
"gene_1835",73.1549544392944,0.139501743888903,0.11457864442883,0.135809104502442,0.135809104502442,FALSE
"gene_1836",125.186656630199,0.0840489016410588,0.087802632834159,0.0845629826259879,0.0845629826259879,FALSE
"gene_1837",38.9042842477975,0.19271311172559,0.171294898401509,0.18858182153168,0.18858182153168,FALSE
"gene_1838",436.364576180094,0.0570661328642807,0.0609565526474377,0.0590462388456087,0.0590462388456087,FALSE
"gene_1839",135.691479131515,0.0880188457171397,0.0848881752462933,0.0875759324535857,0.0875759324535857,FALSE
"gene_1840",25.0565597774887,0.213623895822217,0.23824314078152,0.217377497076716,0.217377497076716,FALSE
"gene_1841",428.993764937947,0.0721176432221546,0.0611421169614364,0.0706382504118139,0.0706382504118139,FALSE
"gene_1842",7.64733315008137,0.495835598552497,0.666424409071739,0.524779688153971,0.524779688153971,FALSE
"gene_1843",22.0222356243917,0.200539691452067,0.264158591400374,0.21036543610061,0.21036543610061,FALSE
"gene_1844",76.987556766139,0.0923923737869983,0.111371569431438,0.0950547060506675,0.0950547060506675,FALSE
"gene_1845",173.460479603097,0.0929235799770764,0.0773257340478174,0.0907157728069126,0.0907157728069126,FALSE
"gene_1846",39.9999244588757,0.225397701622452,0.167976786710989,0.216666187281056,0.216666187281056,FALSE
"gene_1847",5.0199714797501,1.00638519588236,0.988967867540516,1.00357331427379,1.00357331427379,FALSE
"gene_1848",95.7427369330357,0.0883674485895907,0.0993800420489445,0.0912933080737608,0.0912933080737608,FALSE
"gene_1849",1671.23424234058,0.0524374441208332,0.0529763494804709,0.0523554024216135,0.0523554024216135,FALSE
"gene_1850",3.93435666897065,0.852995302680704,1.24801597283157,0.925739008629702,0.925739008629702,FALSE
"gene_1851",518.343027025046,0.0780355161111159,0.0592484553814065,0.0754422860921437,0.0754422860921437,FALSE
"gene_1852",1199.9618287006,0.055252622317236,0.0540838575535326,0.0570195762198175,0.0570195762198175,FALSE
"gene_1853",217.28622867963,0.0613024041656303,0.0718457885209546,0.0626444616021385,0.0626444616021385,FALSE
"gene_1854",140.884088323611,0.0655665216223939,0.0836080550370921,0.0690473400621744,0.0690473400621744,FALSE
"gene_1855",2548.75993657466,0.0649950281442859,0.0520054523381296,0.0632880801828651,0.0632880801828651,FALSE
"gene_1856",186.583100780297,0.0451197917927569,0.0754148805953964,0.0486955652606822,0.0486955652606822,FALSE
"gene_1857",4.97662136013883,0.87845814851585,0.997145622435351,0.901018786953772,0.901018786953772,FALSE
"gene_1858",641.21165652895,0.0557754786084334,0.0575062394396323,0.0562056722611211,0.0562056722611211,FALSE
"gene_1859",1772.475165071,0.0384350436204055,0.0528152781488649,0.0372172131095688,0.0372172131095688,FALSE
"gene_1860",653.48339454131,0.0493704650553153,0.0573682169844487,0.050279386712422,0.050279386712422,FALSE
"gene_1861",406.169845464079,0.060803330063715,0.0617594381833126,0.060925328461326,0.060925328461326,FALSE
"gene_1862",388.205046043178,0.0621068056587721,0.0622963873308793,0.063760344160868,0.063760344160868,FALSE
"gene_1863",293.300161275909,0.0613920020564428,0.0662245976011743,0.0605500939028222,0.0605500939028222,FALSE
"gene_1864",440.580873520259,0.0749106126960071,0.060853196635889,0.0707889174444586,0.0707889174444586,FALSE
"gene_1865",2287.50932456595,0.0558929351391746,0.0522166286253515,0.054650195390793,0.054650195390793,FALSE
"gene_1866",10.3078538499285,0.553826238878554,0.507361830606949,0.546305965191162,0.546305965191162,FALSE
"gene_1867",147.399833830711,0.0695207192191103,0.0821293389013372,0.0709747921731365,0.0709747921731365,FALSE
"gene_1868",339.119873932519,0.0633632532284963,0.0640535644453804,0.0617608801611619,0.0617608801611619,FALSE
"gene_1869",816.119282060837,0.0554084019229822,0.0559310480288448,0.0537338742032545,0.0537338742032545,FALSE
"gene_1870",10.7012499527224,0.56146268921941,0.490554183099592,0.548454964332148,0.548454964332148,FALSE
"gene_1871",42.7150602328129,0.195068182968188,0.160487663144668,0.189675945925781,0.189675945925781,FALSE
"gene_1872",4.75233307142253,1.31043965808188,1.0418391635604,1.2610892704753,1.2610892704753,FALSE
"gene_1873",264.418462526995,0.0682862600792197,0.0679796831684651,0.0682424524566786,0.0682424524566786,FALSE
"gene_1874",82.2320320282659,0.109212795169001,0.107467476739338,0.108958766728115,0.108958766728115,FALSE
"gene_1875",34.1713692859332,0.119534062234394,0.188073220540737,0.129903624996839,0.129903624996839,FALSE
"gene_1876",106.196858851887,0.100185247304203,0.0945344182922151,0.0993898385217402,0.0993898385217402,FALSE
"gene_1877",1653.11613231548,0.0502049479000311,0.0530072561239014,0.0529422733260003,0.0529422733260003,FALSE
"gene_1878",2306.79022332782,0.0645946565824703,0.0521994085147031,0.0612194679330847,0.0612194679330847,FALSE
"gene_1879",63.46083467262,0.0739514152753614,0.124419627743411,0.0807533803611912,0.0807533803611912,FALSE
"gene_1880",14.1697697376043,0.355735021969728,0.382752258694797,0.360179433445415,0.360179433445415,FALSE
"gene_1881",15.0569474319161,0.375692851562051,0.363155216594209,0.373443012660133,0.373443012660133,FALSE
"gene_1882",793.718697575939,0.0676399124281032,0.0560940221842078,0.0661041963271684,0.0661041963271684,FALSE
"gene_1883",14.4589908698759,0.324130087805487,0.376099391039209,0.332006036047839,0.332006036047839,FALSE
"gene_1884",296.735941653832,0.0753590772939826,0.0660385506407114,0.0741046327826438,0.0741046327826438,FALSE
"gene_1885",1345.23257587766,0.059839979164243,0.0536597334036938,0.0623545730480918,0.0623545730480918,FALSE
"gene_1886",348.300887805243,0.0703826717764193,0.0636872429034002,0.0681066598184673,0.0681066598184673,FALSE
"gene_1887",74.9288117166596,0.10113604251493,0.113053518434793,0.101911055697113,0.101911055697113,FALSE
"gene_1888",159.566711856949,0.0567845736947634,0.0796914186042074,0.059414863296887,0.059414863296887,FALSE
"gene_1889",2877.65058089347,0.0389430049646882,0.0517941208711473,0.0424614799467605,0.0424614799467605,FALSE
"gene_1890",249.258665386695,0.0726007165039587,0.0690636874247001,0.0721358264805713,0.0721358264805713,FALSE
"gene_1891",6.25305430214441,0.780700444801641,0.803837170437531,0.784645072982492,0.784645072982492,FALSE
"gene_1892",4840.90759230344,0.0636092658665409,0.0511299314644465,0.0639944841748725,0.0639944841748725,FALSE
"gene_1893",62.8339691015553,0.0762222849850783,0.125160517827932,0.0837385413120298,0.0837385413120298,FALSE
"gene_1894",30.5919418559799,0.246487161293158,0.204210256748393,0.240102758345026,0.240102758345026,FALSE
"gene_1895",90.948224578891,0.151955267360962,0.101974962309148,0.144204084993894,0.144204084993894,FALSE
"gene_1896",450.931557142202,0.066151065750886,0.0606076622034364,0.0673454476141027,0.0673454476141027,FALSE
"gene_1897",4690.56194532667,0.0408000973547492,0.0511611360794405,0.0419093214735361,0.0419093214735361,FALSE
"gene_1898",285.018435982117,0.0584393042145995,0.0666914882814824,0.059964550231924,0.059964550231924,FALSE
"gene_1899",569.247227649304,0.0565005486950426,0.0584354094597628,0.0567386607145833,0.0567386607145833,FALSE
"gene_1900",5.57855595424343,0.952080241631015,0.894964057572687,0.940218509988952,0.940218509988952,FALSE
"gene_1901",91.9504920080405,0.102655613455595,0.101410135928071,0.102466203843519,0.102466203843519,FALSE
"gene_1902",243.808010295079,0.0898974652517952,0.0694863853385719,0.0867874138184512,0.0867874138184512,FALSE
"gene_1903",4201.99204916667,0.056865814149481,0.0512779585106953,0.0589691492274795,0.0589691492274795,FALSE
"gene_1904",59.4058604126484,0.169478860878101,0.129488748884139,0.163251181517784,0.163251181517784,FALSE
"gene_1905",149.619872785109,0.0781932688359094,0.0816549287663231,0.0786732259011378,0.0786732259011378,FALSE
"gene_1906",615.115204445055,0.057232254801735,0.0578180589139504,0.0549614643786148,0.0549614643786148,FALSE
"gene_1907",182.596029901505,0.0589759120225471,0.0759664116335213,0.0609831849968123,0.0609831849968123,FALSE
"gene_1908",1640.67694969197,0.0544301245710291,0.053028870616344,0.0527550783463392,0.0527550783463392,FALSE
"gene_1909",281.305507883939,0.0805375270351171,0.0669097336265485,0.0786669816123973,0.0786669816123973,FALSE
"gene_1910",1398.69691433128,0.0597101397636614,0.0535258203715752,0.0578031203729878,0.0578031203729878,FALSE
"gene_1911",16.320588541014,0.405019442168308,0.338920907957802,0.394217874304135,0.394217874304135,FALSE
"gene_1912",401.944648736193,0.0671042505770356,0.0618814080767984,0.0645832146695998,0.0645832146695998,FALSE
"gene_1913",1266.87501354323,0.0308169757085233,0.053876418683507,0.0331210988403952,0.0331210988403952,FALSE
"gene_1914",893.479212272141,0.0834181057736044,0.0554310622908126,0.0754115939873438,0.0754115939873438,FALSE
"gene_1915",155.301844090912,0.0723206745675583,0.080502503474663,0.0733600629001886,0.0733600629001886,FALSE
"gene_1916",1146.99073436918,0.0506375409426604,0.0542652383242431,0.0500541548035723,0.0500541548035723,FALSE
"gene_1917",1109.7489288856,0.0386894777604293,0.0544031260859533,0.0416099098755683,0.0416099098755683,FALSE
"gene_1918",164.126383608653,0.0876228316015092,0.0788708922743018,0.0863993450964484,0.0863993450964484,FALSE
"gene_1919",12.7322182664875,0.585444209388449,0.42030452689682,0.557799083630212,0.557799083630212,FALSE
"gene_1920",5073.61072518718,0.0621718755725822,0.0510852797710925,0.0608697120218922,0.0608697120218922,FALSE
"gene_1921",884.187919362994,0.0541273730790732,0.0554864899784142,0.0533028729334725,0.0533028729334725,FALSE
"gene_1922",239.771022365185,0.0830566293148193,0.069811841444781,0.0812051693415957,0.0812051693415957,FALSE
"gene_1923",270.673205147686,0.086751070366974,0.0675678208682269,0.0832724389698378,0.0832724389698378,FALSE
"gene_1924",22.8159631112703,0.333902717802362,0.256713828897222,0.321334850860448,0.321334850860448,FALSE
"gene_1925",180.467188992383,0.0976976907518979,0.0762708737496264,0.0946256710246284,0.0946256710246284,FALSE
"gene_1926",109.64896717769,0.0740516626167395,0.0931372528427362,0.0765673273467986,0.0765673273467986,FALSE
"gene_1927",354.84033120577,0.0639689090000368,0.0634378794140267,0.0639012709499224,0.0639012709499224,FALSE
"gene_1928",2285.78206949851,0.0627775981246864,0.052218185445413,0.0614064084606405,0.0614064084606405,FALSE
"gene_1929",385.087674008729,0.0553253776533707,0.0623946633326821,0.056196853639481,0.056196853639481,FALSE
"gene_1930",6.70071566054298,0.754454390699984,0.753485271110822,0.754211856708481,0.754211856708481,FALSE
"gene_1931",824.262649895087,0.0487825280219455,0.0558739968751744,0.0496222664396808,0.0496222664396808,FALSE
"gene_1932",4728.20478750549,0.0494460726941287,0.0511531369837659,0.0535218555807161,0.0535218555807161,FALSE
"gene_1933",288.628171135339,0.0984782747313886,0.0664846917228258,0.0938171816457341,0.0938171816457341,FALSE
"gene_1934",3409.292371985,0.0530506786917096,0.0515387352476616,0.0495056745035571,0.0495056745035571,FALSE
"gene_1935",33.3430854215498,0.214311301805729,0.191499246684842,0.210860624788725,0.210860624788725,FALSE
"gene_1936",60.4761203854227,0.132035369291779,0.128084785735346,0.131449777639992,0.131449777639992,FALSE
"gene_1937",220.817048126878,0.080551511246426,0.0714989795312305,0.0792762061182377,0.0792762061182377,FALSE
"gene_1938",1287.33776043281,0.05203264979468,0.0538172874018951,0.0522466218521519,0.0522466218521519,FALSE
"gene_1939",196.904903144368,0.0814241438723087,0.0740908246344434,0.0791114457098365,0.0791114457098365,FALSE
"gene_1940",59.5932055046438,0.224311343007244,0.129239349187102,0.208153623177017,0.224311343007244,TRUE
"gene_1941",5.3559931055992,0.776773498547981,0.930069181224355,0.80043743742131,0.80043743742131,FALSE
"gene_1942",150.150497562825,0.0990312117806302,0.0815436144284381,0.096536497685357,0.096536497685357,FALSE
"gene_1943",2232.47802825661,0.0351004252279589,0.0522674140765574,0.0395388666072337,0.0395388666072337,FALSE
"gene_1944",1961.19224067802,0.0495403330962464,0.0525594251501471,0.0498963542384378,0.0498963542384378,FALSE
"gene_1945",1204.57029578405,0.0564952350278937,0.0540688317900715,0.0574373878572392,0.0574373878572392,FALSE
"gene_1946",970.4249511642,0.051810683743766,0.055012829763821,0.0521976031984401,0.0521976031984401,FALSE
"gene_1947",364.010244377697,0.0643724656463403,0.0631033007213641,0.0644881659139384,0.0644881659139384,FALSE
"gene_1948",34.802382865966,0.109335251097256,0.185572604676364,0.120653464594643,0.120653464594643,FALSE
"gene_1949",184.804921775955,0.0712881174507638,0.0756579158501905,0.0718612045729714,0.0718612045729714,FALSE
"gene_1950",71.995147454913,0.113185845916805,0.115616455713319,0.114273096972138,0.114273096972138,FALSE
"gene_1951",1052.40739127807,0.0765679891240442,0.0546345138283699,0.0716267330221349,0.0716267330221349,FALSE
"gene_1952",141.156791624626,0.109066333337451,0.0835434291810318,0.105248243803176,0.105248243803176,FALSE
"gene_1953",187.10825688332,0.0496414868203208,0.0753439876865637,0.0519998032385584,0.0519998032385584,FALSE
"gene_1954",217.50138114592,0.0510311110058171,0.0718243333615238,0.0535579036701301,0.0535579036701301,FALSE
"gene_1955",594.006980591373,0.0673789181941217,0.0580903185872472,0.0651195781212797,0.0651195781212797,FALSE
"gene_1956",108.437102319765,0.0807940127524653,0.0936175957490067,0.0812465212022899,0.0812465212022899,FALSE
"gene_1957",5.90748685128665,1.00433528476567,0.84792487665975,0.974038612873322,0.974038612873322,FALSE
"gene_1958",130.66726459315,0.0791552866352754,0.0862236277241424,0.0788172857797078,0.0788172857797078,FALSE
"gene_1959",309.552972214537,0.063474528474043,0.0653809504546633,0.0647982688784864,0.0647982688784864,FALSE
"gene_1960",555.217715997334,0.0595436064717948,0.0586446076645034,0.0602808278502786,0.0602808278502786,FALSE
"gene_1961",5.01152239157053,1.33468443100597,0.990550640260565,1.26610684187459,1.26610684187459,FALSE
"gene_1962",555.062416215937,0.0701809372496024,0.0586469825646042,0.0713073841715259,0.0713073841715259,FALSE
"gene_1963",2624.45713613816,0.0601702537815002,0.0519521199494474,0.0586942315237249,0.0586942315237249,FALSE
"gene_1964",260.87500189753,0.07970356347525,0.0682217766017292,0.0781292778538397,0.0781292778538397,FALSE
"gene_1965",946.436500173072,0.0527430560778713,0.0551359213614188,0.0527983994434443,0.0527983994434443,FALSE
"gene_1966",207.469298327154,0.0699547233028562,0.0728720766561727,0.0703365923699747,0.0703365923699747,FALSE
"gene_1967",170.258283096534,0.107252832494247,0.0778367316067916,0.10287919365797,0.10287919365797,FALSE
"gene_1968",29.3418406843086,0.155962846189849,0.210773679844113,0.16410988566075,0.16410988566075,FALSE
"gene_1969",26.82805149934,0.148569187662157,0.225823524111834,0.159632387437397,0.159632387437397,FALSE
"gene_1970",6.33814801666009,0.531281183724666,0.793718521158384,0.574960419799545,0.574960419799545,FALSE
"gene_1971",1201.16253650852,0.0437914377063415,0.0540799315764169,0.0445357304840961,0.0445357304840961,FALSE
"gene_1972",13.7993982900866,0.378154129081142,0.391679025601794,0.380422949182835,0.380422949182835,FALSE
"gene_1973",80.2299895644051,0.127694192789185,0.108897605581575,0.1249058238784,0.1249058238784,FALSE
"gene_1974",364.269938528309,0.0549161719101592,0.0630940706540665,0.0575098669685573,0.0575098669685573,FALSE
"gene_1975",638.470185648753,0.0435099045855315,0.0575377982951395,0.0451085494016207,0.0451085494016207,FALSE
"gene_1976",11.58936625821,0.343996065635918,0.456805620060143,0.363684759573196,0.363684759573196,FALSE
"gene_1977",1935.36585154383,0.0377931918436332,0.0525914922798758,0.0393670232421057,0.0393670232421057,FALSE
"gene_1978",13.069292209658,0.247934064520013,0.410757927980448,0.27299475795937,0.27299475795937,FALSE
"gene_1979",19.8563073616722,0.247677312139232,0.287501975447085,0.253630061568392,0.253630061568392,FALSE
"gene_1980",5.35902571906225,0.864324836718126,0.929571248296629,0.875096207640397,0.875096207640397,FALSE
"gene_1981",495.749205033374,0.0673516651923165,0.0596628270501232,0.066683911501687,0.066683911501687,FALSE
"gene_1982",33.457081936248,0.168185938447902,0.191017656788284,0.171578028660907,0.171578028660907,FALSE
"gene_1983",80.3563350542335,0.0892476380969487,0.108805245879064,0.0920018887086912,0.0920018887086912,FALSE
"gene_1984",25.4823137420326,0.237431750897815,0.235100620871436,0.23688933288573,0.23688933288573,FALSE
"gene_1985",600.936819236807,0.0795839747388405,0.0579988267395112,0.0765566271946518,0.0765566271946518,FALSE
"gene_1986",2258.53457744825,0.0649384573949923,0.0522430593868579,0.0640613078357733,0.0640613078357733,FALSE
"gene_1987",62.5613075728044,0.12916376087704,0.125487409000242,0.128612040730984,0.128612040730984,FALSE
"gene_1988",284.898883523378,0.0710791294470345,0.0666984269230097,0.0720349155409872,0.0720349155409872,FALSE
"gene_1989",30.3345740248465,0.208371005061394,0.205517296979217,0.207923717427677,0.207923717427677,FALSE
"gene_1990",29.427792348565,0.156813709645758,0.21030455450514,0.163447178300988,0.163447178300988,FALSE
"gene_1991",760.129046160984,0.0559259958422578,0.0563564024672344,0.0548990601708191,0.0548990601708191,FALSE
"gene_1992",3517.32241122771,0.0573989632717681,0.0514962783999117,0.058531314394331,0.058531314394331,FALSE
"gene_1993",114.230184307591,0.0773979992717174,0.091413499617617,0.0785381796836444,0.0785381796836444,FALSE
"gene_1994",258.36193360442,0.0518334655238601,0.0683974973071102,0.0535702647135867,0.0535702647135867,FALSE
"gene_1995",158.132550410328,0.0720350378556694,0.0799592824568522,0.073093899025951,0.073093899025951,FALSE
"gene_1996",5372.44515098397,0.0472382332251022,0.0510336118327852,0.0460297209157519,0.0460297209157519,FALSE
"gene_1997",90.7758721973263,0.105990016013039,0.102073348075207,0.105418873654825,0.105418873654825,FALSE
"gene_1998",426.431557890948,0.0629345381219131,0.0612081245007098,0.0627171782494776,0.0627171782494776,FALSE
"gene_1999",1235.00895153368,0.0465418214611326,0.0539724038581405,0.0468463957840413,0.0468463957840413,FALSE
