"gene","dispGeneEst","dispFit","dispMAP","dispersion"
"gene_0",0.119821331830101,0.0772643816209759,0.113364788629324,0.119821331830101
"gene_1",0.129846536904764,0.094307872453113,0.124542781783115,0.124542781783115
"gene_2",0.0521643542510949,0.0598331387045998,0.0521034806881554,0.0521034806881554
"gene_3",0.0477646774791709,0.0508991359534798,0.0476194874207011,0.0476194874207011
"gene_4",0.0927250878286637,0.107739389874601,0.0952375646851955,0.0952375646851955
"gene_5",0.0762638780695587,0.0754463666650136,0.0766559583068234,0.0766559583068234
"gene_6",0.052611733622535,0.0552446423793805,0.0523023036856761,0.0523023036856761
"gene_7",0.0806424431678176,0.0911281869256664,0.0815589598350638,0.0815589598350638
"gene_8",0.931965790990485,0.776096439677864,0.90414551161739,0.90414551161739
"gene_9",0.0844598091031729,0.0856374450602386,0.0846163734116029,0.0846163734116029
"gene_10",0.042415887808917,0.0517879419172471,0.0423190492830796,0.0423190492830796
"gene_11",0.0606367842445468,0.0728599031004058,0.0611204866397438,0.0611204866397438
"gene_12",0.078486424453035,0.060470518806085,0.0759745195093378,0.0759745195093378
"gene_13",0.0301533067051607,0.0578245716057806,0.0330565314661365,0.0330565314661365
"gene_14",0.419109972655903,0.288678256543591,0.397599591833276,0.397599591833276
"gene_15",0.0555963602641608,0.0534919683598158,0.0531860574450197,0.0531860574450197
"gene_16",0.282065575213612,0.277775773275244,0.281367414546726,0.281367414546726
"gene_17",0.526762183938228,0.432674206008143,0.510449759774741,0.510449759774741
"gene_18",0.0516407876061017,0.0524695285826956,0.0520353587440925,0.0520353587440925
"gene_19",0.15316500125815,0.120559485458393,0.148122377852309,0.148122377852309
"gene_20",0.0679438886166357,0.0664464145093517,0.0683248323689984,0.0683248323689984
"gene_21",0.0529665395076702,0.053253563389255,0.0534551714668263,0.0534551714668263
"gene_22",0.0751012933705491,0.0815392876890459,0.0759682288349663,0.0759682288349663
"gene_23",0.901342692992798,0.883930818705737,0.898784920195346,0.898784920195346
"gene_24",0.106385066383372,0.133541449812801,0.108925493214804,0.108925493214804
"gene_25",0.0507216021899178,0.0551677282959417,0.0534061718361213,0.0534061718361213
"gene_26",0.0653812465019538,0.0587630890327391,0.0645046217892546,0.0645046217892546
"gene_27",0.0931896046318997,0.109382174779807,0.0955324968900063,0.0955324968900063
"gene_28",0.0824259578236517,0.0808981127946614,0.0822091360338294,0.0822091360338294
"gene_29",0.0863271094246438,0.0832546715877258,0.0849285812038146,0.0849285812038146
"gene_30",0.033848722697538,0.0543657937053283,0.0356252089818022,0.0356252089818022
"gene_31",0.0869026754335466,0.0918694334765573,0.0883706792751867,0.0883706792751867
"gene_32",0.076184184407142,0.0768146648987136,0.0762663754023438,0.0762663754023438
"gene_33",0.0614977122004604,0.0585264687187948,0.0614015623619746,0.0614015623619746
"gene_34",0.209298902803833,0.254397946035619,0.216397056105925,0.216397056105925
"gene_35",0.160876181409128,0.119389220339939,0.154519054704938,0.154519054704938
"gene_36",0.256815218822494,0.348384774523532,0.273006199315363,0.273006199315363
"gene_37",0.131653934245524,0.101512554506951,0.127097463383997,0.127097463383997
"gene_38",0.28267082366061,0.244923497656407,0.276580552313023,0.276580552313023
"gene_39",1.06749358626705,1.97229607609225,1.24257886422093,1.24257886422093
"gene_40",0.0538932830174547,0.0518451413873387,0.0546304925480458,0.0546304925480458
"gene_41",0.0521501627312326,0.0518317057968468,0.0539145981760659,0.0539145981760659
"gene_42",0.151863786302401,0.133716468641834,0.149142146625966,0.149142146625966
"gene_43",0.0698018112232552,0.0511181592376717,0.0670178574099932,0.0670178574099932
"gene_44",0.122664632267236,0.124095924230036,0.122863163589689,0.122863163589689
"gene_45",0.0363012272050469,0.0505495001641052,0.0369150445420365,0.0369150445420365
"gene_46",0.189812382046038,0.173494118358472,0.187314648411934,0.187314648411934
"gene_47",0.0532194581595206,0.0535107506307212,0.0536972277028463,0.0536972277028463
"gene_48",0.134741283669337,0.0898230976095555,0.128336957695359,0.128336957695359
"gene_49",0.0695385458321117,0.0764787506201068,0.0704637078031357,0.0704637078031357
"gene_50",0.0788697377957273,0.102691119472068,0.0820836482078445,0.0820836482078445
"gene_51",0.368414704709879,0.487891195195663,0.386867190680412,0.386867190680412
"gene_52",0.0932465180754977,0.0873387376654732,0.0924059620598583,0.0924059620598583
"gene_53",0.811830602411802,1.05140599148198,0.854559263961311,0.854559263961311
"gene_54",0.0821736956182895,0.0770766052903841,0.0814635247252019,0.0814635247252019
"gene_55",0.0897450980916358,0.0637454597445088,0.0848019221170248,0.0848019221170248
"gene_56",0.777236890013085,0.919065412782634,0.801219255731188,0.801219255731188
"gene_57",0.195116656103645,0.159560605342553,0.189021768045079,0.189021768045079
"gene_58",0.106073906186698,0.0767139772940491,0.101756201548513,0.101756201548513
"gene_59",0.0624350990341242,0.0518367102908172,0.0614061804504994,0.0614061804504994
"gene_60",0.103921327462977,0.0907080477741042,0.102039326211689,0.102039326211689
"gene_61",0.1152971513559,0.0937378017359734,0.112027828670222,0.112027828670222
"gene_62",0.071665428641106,0.103662332762834,0.0770973424042481,0.0770973424042481
"gene_63",0.127701708318109,0.0974926938226768,0.123185518692686,0.123185518692686
"gene_64",0.0477654707433069,0.0564533670199,0.049215561592748,0.049215561592748
"gene_65",0.0593357080717385,0.0614080815675679,0.0583717516117496,0.0583717516117496
"gene_66",0.123938189039262,0.112868515306243,0.120841058843753,0.120841058843753
"gene_67",0.148066503474201,0.217593149438557,0.158728037887699,0.158728037887699
"gene_68",0.167946338527586,0.119051085428788,0.160318849319808,0.160318849319808
"gene_69",0.914481528012566,1.06555020669137,0.941806088832627,0.941806088832627
"gene_70",0.120981720018991,0.0864362910898538,0.115817024168065,0.115817024168065
"gene_71",0.0479462310957183,0.0561493400213229,0.0495379563668523,0.0495379563668523
"gene_72",0.0485989250801321,0.0656440016420632,0.0502358280938817,0.0502358280938817
"gene_73",0.198278645633625,0.194536404130893,0.197691099376641,0.197691099376641
"gene_74",0.0547887131814134,0.0629052400592688,0.055856778116187,0.055856778116187
"gene_75",0.349323550264161,0.347054192050359,0.348833099042768,0.348833099042768
"gene_76",0.091817010407196,0.0887837166023344,0.0923922369105784,0.0923922369105784
"gene_77",0.133385182267417,0.145719786854582,0.134572948393789,0.134572948393789
"gene_78",0.0860262035070888,0.0571548614161485,0.0818731447781977,0.0818731447781977
"gene_79",0.0884968293901337,0.076092860756705,0.086764299044544,0.086764299044544
"gene_80",0.148864202978714,0.125782412079658,0.145442544841842,0.145442544841842
"gene_81",0.0564330057955846,0.0608490502627887,0.0554118236167603,0.0554118236167603
"gene_82",0.053245697012916,0.0751502559520712,0.057205830144403,0.057205830144403
"gene_83",0.0580897033504878,0.0563076626479408,0.0578621032636834,0.0578621032636834
"gene_84",0.0551784802651329,0.0513170033676581,0.0562594763656864,0.0562594763656864
"gene_85",0.064674543562324,0.0687464700538511,0.0649917895037769,0.0649917895037769
"gene_86",0.117034098739054,0.0947498323647358,0.113771964571651,0.113771964571651
"gene_87",0.0487709826216726,0.0526190270004654,0.0498654530031669,0.0498654530031669
"gene_88",0.0397962180257826,0.053012590027102,0.0401553901644316,0.0401553901644316
"gene_89",0.128785174771275,0.200357814657043,0.13941276559301,0.13941276559301
"gene_90",0.227549235784689,0.15106750603951,0.216938699843121,0.216938699843121
"gene_91",0.0466602738980499,0.0529187343618134,0.0500890480586956,0.0500890480586956
"gene_92",0.0515030259775114,0.0663938261211162,0.0526709538182222,0.0526709538182222
"gene_93",0.132999388895909,0.161949732759419,0.137187159077543,0.137187159077543
"gene_94",0.0560492584480923,0.0536154660197406,0.0547370694703623,0.0547370694703623
"gene_95",0.0806398937573398,0.0577758966247537,0.0774276913861178,0.0774276913861178
"gene_96",0.0578597421982959,0.0504421088350832,0.0580879221801975,0.0580879221801975
"gene_97",0.0739933916757017,0.0885738289354212,0.0759559148001697,0.0759559148001697
"gene_98",1.0399310137805,0.821682382889745,0.999612466658663,0.999612466658663
"gene_99",0.0549730066381063,0.0642216475640644,0.057267754285932,0.057267754285932
"gene_100",0.0506452043024871,0.0514183063915373,0.0507380026612734,0.0507380026612734
"gene_101",0.233571410739976,0.187039159911707,0.226221344251492,0.226221344251492
"gene_102",0.295283140599765,0.269098890294866,0.291053145572323,0.291053145572323
"gene_103",0.0671127998759976,0.0671139316365861,0.0678326395045509,0.0678326395045509
"gene_104",0.108217652087989,0.125526745083872,0.111923099096911,0.111923099096911
"gene_105",0.074444284524697,0.0748254421306625,0.0744897056022059,0.0744897056022059
"gene_106",0.124336505916131,0.10694757739152,0.12169249902216,0.12169249902216
"gene_107",0.681639309601817,0.493864597497609,0.646728871182232,0.646728871182232
"gene_108",0.0555955249184174,0.0504117858150662,0.053595060678045,0.053595060678045
"gene_109",0.0796813376718494,0.0714915472155894,0.0785679661190981,0.0785679661190981
"gene_110",0.0585661851082416,0.0580532387838251,0.058434492713534,0.058434492713534
"gene_111",0.0392625654636545,0.0514533948071337,0.039772711687738,0.039772711687738
"gene_112",0.0400490401323914,0.0577377342159816,0.0431771212692909,0.0431771212692909
"gene_113",0.0510238953469797,0.0591658322503561,0.0501362248176377,0.0501362248176377
"gene_114",0.572861812600564,0.610881912379283,0.580009708444359,0.580009708444359
"gene_115",0.0668761771859439,0.0574862334276108,0.0653348516598127,0.0653348516598127
"gene_116",0.0494392088343923,0.050615535582584,0.0492147422868246,0.0492147422868246
"gene_117",0.111777676725415,0.0716999645878399,0.103117581167888,0.111777676725415
"gene_118",0.262742829636042,0.220800813648034,0.256059025226005,0.256059025226005
"gene_119",0.0661615507004306,0.0552229795589291,0.0646569095404344,0.0646569095404344
"gene_120",0.05230759087519,0.0511673758116336,0.0560410203544442,0.0560410203544442
"gene_121",0.0402103098257113,0.0509074358415809,0.0418760007345701,0.0418760007345701
"gene_122",0.0573739559402319,0.062782541855166,0.0580867475193159,0.0580867475193159
"gene_123",0.108960257724862,0.108222420180541,0.110485526842144,0.110485526842144
"gene_124",0.0729822471736342,0.0669934390763555,0.0702905707699003,0.0702905707699003
"gene_125",0.126400114596545,0.167860659183582,0.13305908456857,0.13305908456857
"gene_126",0.0449846350705636,0.0504146494202937,0.0474434990854102,0.0474434990854102
"gene_127",0.0643038019976171,0.0608828592036875,0.0623073949763377,0.0623073949763377
"gene_128",0.0436007600337246,0.0524077664807936,0.0442705413583447,0.0442705413583447
"gene_129",0.0510804673282151,0.0512593636682044,0.0504069867900425,0.0504069867900425
"gene_130",0.0652439058319478,0.0892540098203274,0.0684095819825454,0.0684095819825454
"gene_131",0.0424746095497913,0.0576666425980983,0.0442199396891372,0.0442199396891372
"gene_132",0.077362356643426,0.0789521916000586,0.0775748968097279,0.0775748968097279
"gene_133",0.116055989821798,0.106427563463213,0.1146426083826,0.1146426083826
"gene_134",1.27792332533583,0.640746259466057,1.16164506268969,1.27792332533583
"gene_135",0.195049282508547,0.164696733185108,0.190300435494337,0.190300435494337
"gene_136",0.0882934361634931,0.0846523050217619,0.0877982770148748,0.0877982770148748
"gene_137",0.0556126689853593,0.0520847764572574,0.05765773803585,0.05765773803585
"gene_138",0.91718163002281,0.752154309528518,0.885987829819161,0.885987829819161
"gene_139",0.312880374860753,0.274870787890718,0.306601528401387,0.306601528401387
"gene_140",0.0624915094523524,0.0531233056495885,0.0612655110916925,0.0612655110916925
"gene_141",0.0609557645899876,0.054058422115612,0.0600670043504797,0.0600670043504797
"gene_142",0.0515219916859403,0.0695974861887076,0.0544586616199573,0.0544586616199573
"gene_143",0.198666309436832,0.197662061375873,0.198458031134324,0.198458031134324
"gene_144",0.0425175136038458,0.0517859052846629,0.0436920902526255,0.0436920902526255
"gene_145",0.597859237395515,0.388026271859543,0.558866432992283,0.597859237395515
"gene_146",0.0798656444116305,0.0882155723429283,0.0810079465790353,0.0810079465790353
"gene_147",0.073368593807862,0.0560631348724745,0.0732487607054512,0.0732487607054512
"gene_148",0.284813150938446,0.239445242879796,0.279858724492824,0.279858724492824
"gene_149",0.0423021272059567,0.0632991021869374,0.0446995710336347,0.0446995710336347
"gene_150",0.304106580219557,0.254073238756055,0.296077869957668,0.296077869957668
"gene_151",0.0776200950186766,0.0712482272457299,0.0767607024170717,0.0767607024170717
"gene_152",0.518499522556854,0.260712208721573,0.472728347187558,0.518499522556854
"gene_153",0.0505979123345311,0.0544836331148893,0.0521866364928491,0.0521866364928491
"gene_154",0.232648051772885,0.179548019148247,0.223682465356177,0.223682465356177
"gene_155",0.0389449326032308,0.0508615949876099,0.041516386712922,0.041516386712922
"gene_156",0.149288188651686,0.160187732191061,0.150916193724429,0.150916193724429
"gene_157",0.127736213071078,0.134278727845647,0.128692720325347,0.128692720325347
"gene_158",0.0700836707053861,0.0504112529923131,0.0620594440377495,0.0620594440377495
"gene_159",0.07547178805516,0.0506559536060361,0.0731011458670522,0.0731011458670522
"gene_160",0.13738304737834,0.112663848898424,0.13363286361155,0.13363286361155
"gene_161",0.0538642148679898,0.053661948234429,0.0538357078596007,0.0538357078596007
"gene_162",0.285006195614621,0.165687120896328,0.265401270247367,0.285006195614621
"gene_163",0.0825276384252676,0.0905681152646744,0.0836237459210288,0.0836237459210288
"gene_164",0.0931262454650251,0.0784156812409113,0.0925027914115851,0.0925027914115851
"gene_165",0.046738923928331,0.0504654853991215,0.0517675613900971,0.0517675613900971
"gene_166",0.0503180380033239,0.0505784901051418,0.0543424298543429,0.0543424298543429
"gene_167",0.0665295189648147,0.0506189458280274,0.0624131419059856,0.0624131419059856
"gene_168",0.054265093563597,0.0515998325146392,0.0543569741196524,0.0543569741196524
"gene_169",0.238120943056118,0.251201954611409,0.242195877802186,0.242195877802186
"gene_170",0.241108939251212,0.303050214366171,0.251361518769499,0.251361518769499
"gene_171",0.0902527547294646,0.108503249129825,0.0927668187032008,0.0927668187032008
"gene_172",0.0417311183349905,0.0508651139628729,0.0455453019090289,0.0455453019090289
"gene_173",0.224736276427228,0.195560158041119,0.220262822671649,0.220262822671649
"gene_174",0.0549030997436224,0.0508149783689092,0.0564117454929018,0.0564117454929018
"gene_175",0.0731526354533729,0.0850483690699969,0.074753832008386,0.074753832008386
"gene_176",0.107783468015991,0.15888999828299,0.116395843255262,0.116395843255262
"gene_177",0.0943585861026563,0.0881928362170647,0.0934803583032853,0.0934803583032853
"gene_178",0.0696241401041915,0.0692257955706911,0.0697747854642044,0.0697747854642044
"gene_179",0.0623640608107995,0.0504866781481485,0.0616943258298512,0.0616943258298512
"gene_180",0.0540511875765637,0.0530797118228092,0.0541284917659668,0.0541284917659668
"gene_181",0.0528358538158495,0.0586502386252487,0.0538615776489303,0.0538615776489303
"gene_182",0.0557275879340348,0.0529025805706438,0.0554311420499093,0.0554311420499093
"gene_183",0.080996296203993,0.0691525400211855,0.0793539287327769,0.0793539287327769
"gene_184",0.454448016212714,0.414523287581339,0.447457798771106,0.447457798771106
"gene_185",0.0540471041670774,0.0577791064275905,0.0545090452019569,0.0545090452019569
"gene_186",0.0533241053732034,0.0557309708739849,0.0527597103716122,0.0527597103716122
"gene_187",0.0803118933801945,0.0624788702039373,0.0781689972022765,0.0781689972022765
"gene_188",0.123731903056356,0.113553035294255,0.122219699294927,0.122219699294927
"gene_189",0.0619336613451735,0.0542476316156103,0.0604851061051786,0.0604851061051786
"gene_190",0.45841816709971,0.424086345139666,0.452300273026846,0.452300273026846
"gene_191",0.0450508682479085,0.0506630315341233,0.0479188000736927,0.0479188000736927
"gene_192",0.147736902697095,0.170645624137841,0.1511192797959,0.1511192797959
"gene_193",0.315127325228907,0.252550266149635,0.304938422088697,0.304938422088697
"gene_194",0.0516858874838472,0.0504270910755693,0.0503767789220216,0.0503767789220216
"gene_195",0.122319175100458,0.124379927258495,0.12262572445922,0.12262572445922
"gene_196",0.230147479760742,0.237135343408295,0.231257990124979,0.231257990124979
"gene_197",0.195433607385495,0.268602680666927,0.206749980406522,0.206749980406522
"gene_198",0.0495698708214343,0.0517708553042056,0.0506202173412077,0.0506202173412077
"gene_199",0.0500887039077884,0.0619318781270341,0.0524791991641489,0.0524791991641489
"gene_200",0.340179978900855,0.293272602320201,0.332395294072276,0.332395294072276
"gene_201",0.305429961304505,0.350248766373946,0.312535541321667,0.312535541321667
"gene_202",0.0566632497242351,0.0545172759344872,0.0571023544211791,0.0571023544211791
"gene_203",0.184506422462878,0.144341831038148,0.178241897313201,0.178241897313201
"gene_204",0.175558278472564,0.167600841637643,0.174374239914627,0.174374239914627
"gene_205",0.0847117230637079,0.0831796775793876,0.0845045241396536,0.0845045241396536
"gene_206",1.23473686506581,0.925423137825724,1.17840394179512,1.17840394179512
"gene_207",0.520913260437103,0.628371293983848,0.539759307289171,0.539759307289171
"gene_208",0.0696847420533395,0.066211460205049,0.0692243054289345,0.0692243054289345
"gene_209",0.897910315821713,0.926861292256326,0.902938291618178,0.902938291618178
"gene_210",0.0936109201191123,0.0784108570734856,0.0917979221418529,0.0917979221418529
"gene_211",0.132441248326431,0.112327751646504,0.129385079675431,0.129385079675431
"gene_212",0.0549506289441547,0.050536122889811,0.0554880209777562,0.0554880209777562
"gene_213",0.158513819933662,0.170569889790973,0.16035868324467,0.16035868324467
"gene_214",0.295731850440346,0.138910274536098,0.268686692954436,0.295731850440346
"gene_215",0.141469588502713,0.0955039913200207,0.134444647790649,0.134444647790649
"gene_216",0.0832687027706557,0.0681184814863914,0.0811399011867439,0.0811399011867439
"gene_217",0.136301390065074,0.220183008188348,0.148614993135466,0.148614993135466
"gene_218",0.0760661220677003,0.0546348276025568,0.0731023201932741,0.0731023201932741
"gene_219",0.0643653965256128,0.0696792413741178,0.0650555075225117,0.0650555075225117
"gene_220",0.0715082737041823,0.0790786095037356,0.0725198320252408,0.0725198320252408
"gene_221",0.0535198969176246,0.0542721565692266,0.0554318299084996,0.0554318299084996
"gene_222",0.0393903417976572,0.052223188949467,0.0408184573008456,0.0408184573008456
"gene_223",0.412840461504027,0.275890641504189,0.390564075120782,0.390564075120782
"gene_224",0.231072492040413,0.167304927190956,0.220824023536278,0.220824023536278
"gene_225",0.371907683210864,0.28684702031675,0.357852023921838,0.357852023921838
"gene_226",0.05086152541322,0.0601114712704601,0.0519786622485731,0.0519786622485731
"gene_227",0.0840487830238142,0.0713664985318301,0.0800820626600207,0.0800820626600207
"gene_228",0.392539548483169,0.343262003071234,0.38476975574959,0.38476975574959
"gene_229",0.121520696013333,0.100864252566133,0.118455939509689,0.118455939509689
"gene_230",0.0605216403718721,0.0623023835727723,0.0607502057744555,0.0607502057744555
"gene_231",0.184507802731535,0.154019832104351,0.179713146448955,0.179713146448955
"gene_232",0.158335294122833,0.15099596297985,0.157183830689851,0.157183830689851
"gene_233",0.292021878848211,0.424868219244691,0.313535323250456,0.313535323250456
"gene_234",0.18412514142226,0.162875555355208,0.180925956106012,0.180925956106012
"gene_235",0.0486814639272626,0.0547333458119823,0.0500190237568521,0.0500190237568521
"gene_236",0.841091568044416,0.723256285044235,0.819952169998915,0.819952169998915
"gene_237",0.0767901339587699,0.0633293482018492,0.0749505633957468,0.0749505633957468
"gene_238",0.134374794859823,0.180962836367067,0.141145821591322,0.141145821591322
"gene_239",0.0619527651148477,0.0523216203633085,0.0606998069376524,0.0606998069376524
"gene_240",0.065952951664283,0.0702921865065684,0.066521514770918,0.066521514770918
"gene_241",0.0439812687201585,0.0563421082832733,0.0473457809829557,0.0473457809829557
"gene_242",0.0558023393909028,0.0658272983468024,0.0572910237350411,0.0572910237350411
"gene_243",0.281944468968514,0.302577702015395,0.285271948879889,0.285271948879889
"gene_244",0.0600208326715789,0.0555860583744067,0.0578845158182526,0.0578845158182526
"gene_245",0.0571705386176501,0.055665100746634,0.0581578131558823,0.0581578131558823
"gene_246",0.824768113457343,0.98010129519972,0.853019631442835,0.853019631442835
"gene_247",0.0559378562021071,0.0505711622605756,0.0556615986962745,0.0556615986962745
"gene_248",0.0529327121144218,0.0519548144739548,0.0535685042358078,0.0535685042358078
"gene_249",0.0597421514400516,0.0535279797911306,0.0589445366103272,0.0589445366103272
"gene_250",0.0641574795712004,0.0608936795849158,0.0647660221575875,0.0647660221575875
"gene_251",0.284889656798019,0.396104102035827,0.301868539853451,0.301868539853451
"gene_252",0.074701102694186,0.0616948966327766,0.0729199250176431,0.0729199250176431
"gene_253",0.128560224968998,0.072861968481742,0.117716399648847,0.128560224968998
"gene_254",0.516554314605445,0.471748412190322,0.508974787401931,0.508974787401931
"gene_255",0.328162245004838,0.315676048593423,0.326232451097351,0.326232451097351
"gene_256",0.36435757433397,0.390270645604673,0.36866455759804,0.36866455759804
"gene_257",0.785054058399291,1.20389479010533,0.861213966916154,0.861213966916154
"gene_258",0.05607139185776,0.0506645629696975,0.0543059711997219,0.0543059711997219
"gene_259",0.0664374559532131,0.0576206229135775,0.0662687815458666,0.0662687815458666
"gene_260",0.739379956579818,0.608933073697898,0.71684527928026,0.71684527928026
"gene_261",0.0586590440042087,0.0528036543195311,0.0583030823185326,0.0583030823185326
"gene_262",0.0471214249181434,0.056009927297147,0.0481730633979761,0.0481730633979761
"gene_263",0.253139652163171,0.273245767395685,0.25645148601113,0.25645148601113
"gene_264",0.185133844530285,0.146512703272565,0.179125954092951,0.179125954092951
"gene_265",0.141246433906956,0.135764985838294,0.140424205666001,0.140424205666001
"gene_266",0.0482603192144911,0.0505005136190533,0.052421293858306,0.052421293858306
"gene_267",0.0766546213811403,0.0658208726626106,0.0751683444391119,0.0751683444391119
"gene_268",0.162560489427555,0.160612634969977,0.162250346595797,0.162250346595797
"gene_269",0.0469734951647526,0.0504220208947994,0.0484159003030868,0.0484159003030868
"gene_270",0.0581012358880824,0.0504768638973909,0.0591973346854105,0.0591973346854105
"gene_271",0.180610824862619,0.132419592874005,0.173242842092552,0.173242842092552
"gene_272",0.123502886122829,0.16032584438222,0.129117342012161,0.129117342012161
"gene_273",0.474129431509665,0.633047726369658,0.500187721124708,0.500187721124708
"gene_274",0.0803985328702873,0.0873032639413446,0.0813422154528104,0.0813422154528104
"gene_275",0.139282637678109,0.145474224502547,0.140200514011733,0.140200514011733
"gene_276",0.111506369614942,0.0989281624915765,0.109604362504154,0.109604362504154
"gene_277",0.159461162156233,0.130032701550991,0.154783768696974,0.154783768696974
"gene_278",0.0475225876156825,0.0524937577196686,0.0481123017146041,0.0481123017146041
"gene_279",0.05106067189908,0.0505840050009038,0.0556747844372434,0.0556747844372434
"gene_280",0.0389787335823942,0.0507138170905661,0.0411019199182749,0.0411019199182749
"gene_281",0.052412728996167,0.0566772495429756,0.053196022589507,0.053196022589507
"gene_282",0.238723949931328,0.249012577025302,0.240401269807908,0.240401269807908
"gene_283",0.0659036143567892,0.0904023857408907,0.0705098899425043,0.0705098899425043
"gene_284",0.187292824010751,0.146615671117066,0.181103602008117,0.181103602008117
"gene_285",0.185066632089244,0.15255269933721,0.179956694609559,0.179956694609559
"gene_286",0.158167237857297,0.121906291213288,0.152625315695394,0.152625315695394
"gene_287",0.0518819321540594,0.0510139043886901,0.0552491716198123,0.0552491716198123
"gene_288",0.0801665952963341,0.0720611811589859,0.0790695762752331,0.0790695762752331
"gene_289",0.0466466086115971,0.0506429616500918,0.0493303990928974,0.0493303990928974
"gene_290",0.0783231008730891,0.0761677463838163,0.079487515834388,0.079487515834388
"gene_291",0.0727624855145449,0.0899417174969406,0.0750462889359961,0.0750462889359961
"gene_292",0.722493630565727,1.48947640724087,0.864496677716281,0.864496677716281
"gene_293",0.090803129501361,0.0757147302205147,0.0886773860028787,0.0886773860028787
"gene_294",0.0972081847142498,0.0927778119064907,0.0965706566078015,0.0965706566078015
"gene_295",0.424601709954491,0.308982523134112,0.404230639891597,0.404230639891597
"gene_296",0.0598117870518054,0.0683008677283578,0.0609482998394102,0.0609482998394102
"gene_297",0.0461174030820235,0.0507413867029359,0.0477496297153276,0.0477496297153276
"gene_298",0.720173445567304,0.399051019338511,0.661321708247021,0.720173445567304
"gene_299",0.0796890174890281,0.10949299259521,0.0838087525756004,0.0838087525756004
"gene_300",0.172025185916172,0.172594511962742,0.172060601891195,0.172060601891195
"gene_301",0.161416844826591,0.123966689502341,0.155664666733774,0.155664666733774
"gene_302",0.151974422068921,0.152501589774275,0.152004528701048,0.152004528701048
"gene_303",0.386328181769192,0.375699924215993,0.384664682022657,0.384664682022657
"gene_304",0.0547521787078441,0.0569373049129782,0.0563523632517016,0.0563523632517016
"gene_305",0.106496933225183,0.134653939448962,0.111071711085057,0.111071711085057
"gene_306",0.0508630742732432,0.0608429885481481,0.0521313313214814,0.0521313313214814
"gene_307",0.086239509227456,0.087173411383051,0.0862667025209145,0.0862667025209145
"gene_308",0.137835290684531,0.188604649583564,0.145573683653334,0.145573683653334
"gene_309",0.0610554045537489,0.0747819098933254,0.0614764906185156,0.0614764906185156
"gene_310",0.0266489855451375,0.0524264997293399,0.029340261762918,0.029340261762918
"gene_311",0.836270746730452,1.00267496387694,0.866980549720456,0.866980549720456
"gene_312",0.0515176217457128,0.0506850211974337,0.0508495174651488,0.0508495174651488
"gene_313",1.12296181264868,0.887223635642744,1.0743187529122,1.0743187529122
"gene_314",0.156899739926149,0.128592301938918,0.152634414582457,0.152634414582457
"gene_315",0.0728102334624499,0.0747706793219419,0.0716257878306227,0.0716257878306227
"gene_316",0.0939540293076362,0.0806027468144074,0.0920493340099702,0.0920493340099702
"gene_317",0.994786369478919,1.02753490808602,1.00109539820941,1.00109539820941
"gene_318",0.417126419710691,0.443916774111478,0.421688966312513,0.421688966312513
"gene_319",0.109971632922348,0.10520520415763,0.109283236454747,0.109283236454747
"gene_320",0.0699863975416156,0.0663662563613372,0.0686193819704654,0.0686193819704654
"gene_321",0.13576964025136,0.145665659714434,0.136326360292952,0.136326360292952
"gene_322",0.056967725911801,0.0524892357286827,0.0594196532653822,0.0594196532653822
"gene_323",0.0610361040321578,0.0572334784380236,0.0623887572704983,0.0623887572704983
"gene_324",1.08715808034654,0.991891970189391,1.06919423305609,1.06919423305609
"gene_325",0.197755841854174,0.235695852815311,0.202392298210508,0.202392298210508
"gene_326",0.0721786816181458,0.0605736161029108,0.0706211390432444,0.0706211390432444
"gene_327",0.0562131460039888,0.0744004436454054,0.0597825602551807,0.0597825602551807
"gene_328",0.0630744511318411,0.074993076468513,0.0661894840230352,0.0661894840230352
"gene_329",0.0522717960960672,0.0865299361479125,0.0565127182440934,0.0565127182440934
"gene_330",0.0380534901489292,0.0504415174311136,0.0390286680378481,0.0390286680378481
"gene_331",0.100026940761733,0.137747183516183,0.105468104117696,0.105468104117696
"gene_332",0.0499372665229799,0.0507455466995352,0.0515332312260088,0.0515332312260088
"gene_333",0.0367799833438495,0.0705040707289704,0.0410647971160914,0.0410647971160914
"gene_334",0.0595174971721956,0.0727611632367377,0.0615251410489879,0.0615251410489879
"gene_335",0.311934041197824,0.31090031630189,0.311825167353401,0.311825167353401
"gene_336",0.0913121523402164,0.117445820974101,0.0947306412553077,0.0947306412553077
"gene_337",0.0505228929933958,0.0506953225004877,0.0477673965850967,0.0477673965850967
"gene_338",0.180635231826433,0.144590655660088,0.174923964652177,0.174923964652177
"gene_339",0.106001209283716,0.101220198870428,0.104947232985372,0.104947232985372
"gene_340",1.03793255016536,0.505063690636493,0.939517055752649,1.03793255016536
"gene_341",0.151911389964757,0.14758901736734,0.151259437673834,0.151259437673834
"gene_342",0.400019910816671,0.43122346322962,0.405537569897933,0.405537569897933
"gene_343",0.033153789153666,0.0523511743714958,0.0364490730862645,0.0364490730862645
"gene_344",0.0396593783179583,0.0511522261554525,0.0409389022023695,0.0409389022023695
"gene_345",0.0645013970425818,0.067377941681195,0.0648753500876212,0.0648753500876212
"gene_346",0.0774283162151689,0.080747971137602,0.0792170900624462,0.0792170900624462
"gene_347",0.421791000362001,0.38386571872247,0.415774375889263,0.415774375889263
"gene_348",0.0454685775852557,0.0535304844642861,0.0473074040569787,0.0473074040569787
"gene_349",0.113000182778783,0.0932559943970443,0.110088035404986,0.110088035404986
"gene_350",0.140078788623854,0.184665736426772,0.146782661365224,0.146782661365224
"gene_351",0.0744062077334923,0.0594980167132232,0.0722593442390506,0.0722593442390506
"gene_352",0.0647053007748151,0.0506453723375359,0.060646829360967,0.060646829360967
"gene_353",0.0513593232548255,0.0699654170013419,0.0522439873714534,0.0522439873714534
"gene_354",0.308381577455064,0.298282341834579,0.306765662566828,0.306765662566828
"gene_355",0.0970339234392609,0.104707708479755,0.0989365700140025,0.0989365700140025
"gene_356",0.0433164257483018,0.0505172741639128,0.0444527220995252,0.0444527220995252
"gene_357",0.889223241275568,0.904184375582808,0.891105351745983,0.891105351745983
"gene_358",0.0619654230808217,0.0673459481238364,0.0626616929773318,0.0626616929773318
"gene_359",0.0568896116777972,0.0515306696512619,0.0568576322210085,0.0568576322210085
"gene_360",0.0625071878888486,0.0597343540304451,0.0621535891030466,0.0621535891030466
"gene_361",0.0842999456332734,0.0827813180192851,0.0840878820818749,0.0840878820818749
"gene_362",0.0662835359790137,0.0603346855595698,0.0655042094899977,0.0655042094899977
"gene_363",0.0449357958286704,0.0520342907684136,0.0464145044766814,0.0464145044766814
"gene_364",0.0822215288164063,0.0861947998440306,0.082774366829809,0.082774366829809
"gene_365",0.0551691327309885,0.0782133852943751,0.0580522513648924,0.0580522513648924
"gene_366",0.0419251755038259,0.0504442543054165,0.0459806101265507,0.0459806101265507
"gene_367",0.0512799198218004,0.0506497432554856,0.0521929702259377,0.0521929702259377
"gene_368",0.0940698018597217,0.0864315724340308,0.0929979063303543,0.0929979063303543
"gene_369",0.0438709439652505,0.0525271210426707,0.0467620497565533,0.0467620497565533
"gene_370",0.174724806150596,0.291792438859328,0.192154667380414,0.192154667380414
"gene_371",0.0797719840500176,0.0702874866356361,0.0784651427422192,0.0784651427422192
"gene_372",0.055870430607239,0.0647167256055266,0.0569739703246342,0.0569739703246342
"gene_373",0.0686436214467846,0.0522004013296411,0.0664476047899,0.0664476047899
"gene_374",0.0451180292207274,0.0512245938009112,0.0457600021330342,0.0457600021330342
"gene_375",0.0677060636757875,0.0661735975814056,0.0666898325417435,0.0666898325417435
"gene_376",0.0501732017499684,0.0506581644853158,0.0531338576579121,0.0531338576579121
"gene_377",0.0703300482426419,0.0647054183178039,0.0695728376516715,0.0695728376516715
"gene_378",0.0539676251661225,0.0553488144745161,0.0565664849232117,0.0565664849232117
"gene_379",0.0665318501215321,0.0645515831987887,0.0662659528232472,0.0662659528232472
"gene_380",0.0561805634499575,0.0515630653418478,0.056085685709436,0.056085685709436
"gene_381",0.0495480701358631,0.0507476017376205,0.0506993584246156,0.0506993584246156
"gene_382",0.0577563303039432,0.0529027740120321,0.0568675035018692,0.0568675035018692
"gene_383",0.162541426236394,0.175385158041996,0.162859336697613,0.162859336697613
"gene_384",0.172271212245258,0.295597655303242,0.189204268171761,0.189204268171761
"gene_385",0.0442792126243983,0.0626972094920618,0.0468596850611021,0.0468596850611021
"gene_386",0.131766229553654,0.12130602741663,0.130183592376278,0.130183592376278
"gene_387",0.54604225144427,0.674750787606652,0.569514552606708,0.569514552606708
"gene_388",0.127400729239937,0.122680798893117,0.126721217504657,0.126721217504657
"gene_389",0.0496414766007119,0.0559277583097915,0.0486903979753589,0.0486903979753589
"gene_390",0.0618981424387188,0.080819248931376,0.064324896163539,0.064324896163539
"gene_391",0.0609942796167708,0.0545821001375898,0.0615586626506776,0.0615586626506776
"gene_392",0.117141192193405,0.0744181405056621,0.112902075650133,0.117141192193405
"gene_393",0.121734228894254,0.144990639198892,0.125111241848126,0.125111241848126
"gene_394",0.0352302304530873,0.0519871527355582,0.0370165302950164,0.0370165302950164
"gene_395",1.06060676962847,1.11212891963448,1.07055002639408,1.07055002639408
"gene_396",0.058338792721869,0.0506455843322941,0.0550582094365873,0.0550582094365873
"gene_397",0.271731140427358,0.171879449390233,0.255338557382097,0.271731140427358
"gene_398",0.119092264003495,0.0878913258365595,0.113200009351378,0.113200009351378
"gene_399",0.0578711969824766,0.0587237364799371,0.0579793243753116,0.0579793243753116
"gene_400",1.36635626244477,1.0447561362383,1.30059607888865,1.30059607888865
"gene_401",0.112421680135007,0.171683868571501,0.121027076239713,0.121027076239713
"gene_402",0.103524660567596,0.117813713264324,0.105540821575727,0.105540821575727
"gene_403",0.961509151969983,1.129621608692,0.991440665181957,0.991440665181957
"gene_404",0.0534194495384506,0.0652332611548376,0.0548760651716218,0.0548760651716218
"gene_405",0.228841643440841,0.198080200169464,0.224053535635908,0.224053535635908
"gene_406",0.0586495254390053,0.0745617053379546,0.0606691642781481,0.0606691642781481
"gene_407",0.135496961551786,0.165811524179164,0.140002085388598,0.140002085388598
"gene_408",0.0423321589588597,0.0535243152878045,0.0449863666034187,0.0449863666034187
"gene_409",0.0597933478067345,0.0688898542087889,0.0609594332286668,0.0609594332286668
"gene_410",0.0584278386967191,0.0649966487922603,0.0592675662954114,0.0592675662954114
"gene_411",0.276523921098822,0.231571877272066,0.2690945339755,0.2690945339755
"gene_412",0.0781246463005437,0.0594266266543322,0.0732466817828046,0.0732466817828046
"gene_413",0.241445706015245,0.229966471381091,0.239539776692365,0.239539776692365
"gene_414",0.0572838826164601,0.0563346800870624,0.0570431842842923,0.0570431842842923
"gene_415",0.22793606726921,0.192111150961284,0.220484722107279,0.220484722107279
"gene_416",0.091754846662076,0.131644328980873,0.0972634413251471,0.0972634413251471
"gene_417",0.0691013138150167,0.0652506104784035,0.0689261735066264,0.0689261735066264
"gene_418",0.169576991163461,0.15742472420796,0.167761894406838,0.167761894406838
"gene_419",0.0434708019844023,0.0529904392389878,0.0445666478050374,0.0445666478050374
"gene_420",0.418285987580051,0.546260518478209,0.438137093900299,0.438137093900299
"gene_421",0.241910345376564,0.18018248298681,0.231989687622632,0.231989687622632
"gene_422",0.0567382078764831,0.067531628297523,0.0580998811864291,0.0580998811864291
"gene_423",0.0782054157271761,0.0707232523279759,0.077185240793229,0.077185240793229
"gene_424",0.0581393107011086,0.0596553080480777,0.0583345158516791,0.0583345158516791
"gene_425",0.0710488386122515,0.086636527525689,0.07361113327215,0.07361113327215
"gene_426",0.114708915515711,0.160747305856373,0.121427769559751,0.121427769559751
"gene_427",0.058258239281746,0.0615686751947414,0.0570179439412276,0.0570179439412276
"gene_428",0.121560985015331,0.11661150667585,0.120854845122401,0.120854845122401
"gene_429",0.0641343766846615,0.056460874622991,0.0631382040514398,0.0631382040514398
"gene_430",1.09244135884015,0.933577743129392,1.05959646177474,1.05959646177474
"gene_431",0.155143121607384,0.141615816747519,0.151998748687411,0.151998748687411
"gene_432",1.34868511333647,1.10293161971645,1.29843970982379,1.29843970982379
"gene_433",0.225865737577492,0.177655139951156,0.218325342625824,0.218325342625824
"gene_434",0.0709633383018117,0.0906378688058758,0.073576423739813,0.073576423739813
"gene_435",0.137278356273993,0.117995997395575,0.134378813994864,0.134378813994864
"gene_436",0.132965889169823,0.110321886497081,0.129547478834266,0.129547478834266
"gene_437",0.136432352784157,0.136905979881358,0.136458952751062,0.136458952751062
"gene_438",0.127157457881024,0.135589731178184,0.12840266773375,0.12840266773375
"gene_439",0.0537046688722224,0.057334872990244,0.0541536483649051,0.0541536483649051
"gene_440",0.0458129493025696,0.0583814485385435,0.0472825024464101,0.0472825024464101
"gene_441",0.164570606837251,0.183819088107347,0.167482729142983,0.167482729142983
"gene_442",0.0471566205784409,0.0505011277193089,0.0504678446414476,0.0504678446414476
"gene_443",0.0683071355693855,0.0531890851257936,0.0678068358808274,0.0678068358808274
"gene_444",0.0672041722758281,0.0504682113043901,0.067142956245704,0.067142956245704
"gene_445",0.0530146892073014,0.0601149496657491,0.0538943089696779,0.0538943089696779
"gene_446",0.0563282441951664,0.0569988415619004,0.0586540348087006,0.0586540348087006
"gene_447",0.130498501529982,0.132913658252645,0.130850509340379,0.130850509340379
"gene_448",0.0578393561404643,0.073057158683532,0.0597604510693625,0.0597604510693625
"gene_449",0.0559465728498871,0.0505474706522403,0.0559580113326402,0.0559580113326402
"gene_450",0.0605028160285621,0.0618411972986685,0.0622791488140322,0.0622791488140322
"gene_451",0.0591026439296552,0.0660430312996506,0.0599795338823262,0.0599795338823262
"gene_452",0.090666328913114,0.0630030380041052,0.0866799247233213,0.0866799247233213
"gene_453",0.0821842667186228,0.112437181937029,0.086291611618834,0.086291611618834
"gene_454",0.373532088108043,0.357048992739041,0.37022790980163,0.37022790980163
"gene_455",0.126504085996469,0.0906465853589124,0.121036966960834,0.121036966960834
"gene_456",0.268633336280554,0.20924637633655,0.259163659012803,0.259163659012803
"gene_457",0.207214136777744,0.188305910781853,0.204201214043216,0.204201214043216
"gene_458",1.45031083240219,1.1647217704751,1.39203195410617,1.39203195410617
"gene_459",0.0376534301370105,0.0506611208707383,0.0406537594264651,0.0406537594264651
"gene_460",0.0464464516730375,0.0504126782806239,0.0475516977993252,0.0475516977993252
"gene_461",0.10842185851694,0.124871285830954,0.110765060811279,0.110765060811279
"gene_462",0.4355278882716,0.477012491227883,0.442418069455899,0.442418069455899
"gene_463",0.0582521209378704,0.0516790391906003,0.0544955823962153,0.0544955823962153
"gene_464",0.0838766871813044,0.0980557769621314,0.0858156781482315,0.0858156781482315
"gene_465",0.0925730673489052,0.103844551967934,0.0941412004843535,0.0941412004843535
"gene_466",0.0446951431544695,0.0596646089735357,0.0472059826797521,0.0472059826797521
"gene_467",0.0525547698675556,0.0505573276760239,0.0532745734127676,0.0532745734127676
"gene_468",0.265280062409884,0.216854984670334,0.25761061277218,0.25761061277218
"gene_469",0.094603670641938,0.07973000158987,0.0922227810064013,0.0922227810064013
"gene_470",0.139408005184904,0.0983452246163949,0.13319414100151,0.13319414100151
"gene_471",0.632215660343711,1.0122512058277,0.694292632190328,0.694292632190328
"gene_472",0.132922713017365,0.118320523693514,0.130752395663274,0.130752395663274
"gene_473",0.571283154848161,0.523262398654182,0.562779354205668,0.562779354205668
"gene_474",0.0472924701174247,0.0654201867372908,0.0494446784588726,0.0494446784588726
"gene_475",0.170829310811652,0.131170551342097,0.164836218020533,0.164836218020533
"gene_476",0.106820920078547,0.0919581001193524,0.104659883766315,0.104659883766315
"gene_477",0.0511931797707749,0.050601619604536,0.0524163354440409,0.0524163354440409
"gene_478",0.0787857440646281,0.071330863792255,0.0777686650375965,0.0777686650375965
"gene_479",0.130793418595722,0.238503245757488,0.147314864637634,0.147314864637634
"gene_480",0.0757730747679544,0.080787025926343,0.0764493613249848,0.0764493613249848
"gene_481",0.100861590737932,0.117642355196827,0.103253078259474,0.103253078259474
"gene_482",0.0881165387836602,0.0548431583678471,0.0806867223841782,0.0881165387836602
"gene_483",0.128862626738371,0.0845664025307544,0.122092359634414,0.122092359634414
"gene_484",0.0770647074736437,0.0755633215126661,0.0768547352571315,0.0768547352571315
"gene_485",0.101493998467158,0.0643139508718321,0.0941583222583833,0.101493998467158
"gene_486",0.0510274249030752,0.0507671429035527,0.0534706686386317,0.0534706686386317
"gene_487",0.074306319148707,0.0931307843271393,0.0778520214783411,0.0778520214783411
"gene_488",0.040881636974182,0.053064837679022,0.040113708581622,0.040113708581622
"gene_489",0.254034934318708,0.176400695679614,0.241450887683648,0.241450887683648
"gene_490",0.0551698899366741,0.0509983740859411,0.0546455465456935,0.0546455465456935
"gene_491",0.17117284176356,0.188420170666329,0.173807502635506,0.173807502635506
"gene_492",0.274596290160738,0.261753269344926,0.272642984449573,0.272642984449573
"gene_493",0.0387679143398031,0.0504465259990858,0.0385122503952752,0.0385122503952752
"gene_494",0.050382173865429,0.0520371868438491,0.0520527651553582,0.0520527651553582
"gene_495",0.308623323418179,0.268306470533686,0.302335281463869,0.302335281463869
"gene_496",0.0733448938137325,0.0659406006634515,0.0723466595593289,0.0723466595593289
"gene_497",0.139973832800313,0.133617807593746,0.139027038848864,0.139027038848864
"gene_498",0.14548225675034,0.199491812748371,0.153796419037601,0.153796419037601
"gene_499",0.0567147491884564,0.0514267171946642,0.0527520074338259,0.0527520074338259
"gene_500",0.0701999751388939,0.062222532520906,0.0691395443446477,0.0691395443446477
"gene_501",0.0583347844436715,0.0563839077939509,0.0580892516664428,0.0580892516664428
"gene_502",0.297193233765171,0.277298999334226,0.293905505196352,0.293905505196352
"gene_503",0.0496805268314709,0.0509900362361492,0.0504872194507881,0.0504872194507881
"gene_504",0.0484738352699886,0.0518868240732589,0.0505625765159522,0.0505625765159522
"gene_505",0.0393128594356087,0.0512422434107662,0.0427081291510466,0.0427081291510466
"gene_506",0.469998360514944,0.456978737553545,0.470109051567065,0.470109051567065
"gene_507",0.155702211441705,0.13669084865973,0.152788321926307,0.152788321926307
"gene_508",0.0970935547430009,0.0793872622712622,0.0945657119936478,0.0945657119936478
"gene_509",0.216897128107532,0.257711177153919,0.223730667406038,0.223730667406038
"gene_510",0.0827568845129717,0.087782329324049,0.083448179681942,0.083448179681942
"gene_511",0.0556418636974927,0.0507804817281137,0.0544935238695193,0.0544935238695193
"gene_512",0.0938952022942662,0.118226056791846,0.0972878432140619,0.0972878432140619
"gene_513",0.385943457621968,0.304580190725252,0.372575326851134,0.372575326851134
"gene_514",0.0599280957801335,0.068440330591571,0.0610128206645682,0.0610128206645682
"gene_515",0.103055001226162,0.0990904999795816,0.102484654974211,0.102484654974211
"gene_516",0.0848282373666437,0.0813958245577017,0.0843605095527147,0.0843605095527147
"gene_517",0.0422387524995414,0.0519250513795385,0.0459424328017899,0.0459424328017899
"gene_518",0.0713386650319677,0.0806242709777386,0.0730517382770222,0.0730517382770222
"gene_519",0.0787971247287405,0.0761275836165759,0.0784281529639684,0.0784281529639684
"gene_520",0.084065553095237,0.0663291020221782,0.0815649126476454,0.0815649126476454
"gene_521",0.284034827583064,0.309475010016664,0.287918858064653,0.287918858064653
"gene_522",0.0489660752215792,0.0657588810616746,0.0522536443847156,0.0522536443847156
"gene_523",0.0860867621747464,0.0640563331905113,0.0845621869370946,0.0845621869370946
"gene_524",0.0399862828561312,0.0544763103991322,0.0417063645411926,0.0417063645411926
"gene_525",0.578903147275197,0.607191299454071,0.583767110946489,0.583767110946489
"gene_526",0.0482673445117401,0.0506664388409199,0.0505541718657426,0.0505541718657426
"gene_527",0.66563155773526,1.26675840091111,0.778972298196149,0.778972298196149
"gene_528",0.089792954480816,0.0770081649926809,0.0880158559747953,0.0880158559747953
"gene_529",0.297817949418584,0.226438826328744,0.286241785759044,0.286241785759044
"gene_530",0.0629076782939837,0.0648095280851493,0.063153726248899,0.063153726248899
"gene_531",0.0609993434768748,0.053178819908757,0.059985499971799,0.059985499971799
"gene_532",1.03694586955836,1.38074527370571,1.10418183952074,1.10418183952074
"gene_533",0.192688062460769,0.157316822918798,0.18711802701277,0.18711802701277
"gene_534",0.808202139616819,0.97498514543119,0.838325389554643,0.838325389554643
"gene_535",0.0324292785642818,0.0623687131108044,0.0353738173340521,0.0353738173340521
"gene_536",0.0707762093206758,0.0631183217201272,0.069754334219731,0.069754334219731
"gene_537",0.0655168098946737,0.0539412087990767,0.0632386904250733,0.0632386904250733
"gene_538",0.114405508552463,0.124818204093824,0.114800306050865,0.114800306050865
"gene_539",0.0354108391493169,0.0506765445544446,0.037142622668759,0.037142622668759
"gene_540",0.0419872964977292,0.0513577056029216,0.0451617415661167,0.0451617415661167
"gene_541",0.0438677955920531,0.0684649955053327,0.0467237121096071,0.0467237121096071
"gene_542",0.0820186281091922,0.0784454081329948,0.0815248439605658,0.0815248439605658
"gene_543",0.0980566033707062,0.0932605673115934,0.0980374406393476,0.0980374406393476
"gene_544",0.11163512487956,0.105777341437038,0.11077634825778,0.11077634825778
"gene_545",0.0393440183379542,0.0529660406400264,0.0405360160025302,0.0405360160025302
"gene_546",0.0470514583391714,0.0570905157112469,0.0490949303198528,0.0490949303198528
"gene_547",0.161662026109857,0.188341334795791,0.165592965452708,0.165592965452708
"gene_548",0.36532497963788,0.339583718599872,0.36111969939578,0.36111969939578
"gene_549",0.318087676861062,0.390113149464068,0.329409259904569,0.329409259904569
"gene_550",0.845527591345292,0.439256500401057,0.771760515194541,0.845527591345292
"gene_551",0.77289973462321,1.19358566933239,0.846734446287276,0.846734446287276
"gene_552",0.130453358293269,0.0975443758419772,0.125507151099358,0.125507151099358
"gene_553",0.163348704652567,0.178064207948662,0.165533475240934,0.165533475240934
"gene_554",0.140984509867369,0.141323362474674,0.142432402038916,0.142432402038916
"gene_555",0.0454007926946999,0.0504405368161381,0.0472923262831304,0.0472923262831304
"gene_556",0.0569978669893617,0.0513883193241731,0.0548246126549044,0.0548246126549044
"gene_557",0.136759882212104,0.132195105958835,0.136090927358975,0.136090927358975
"gene_558",0.178150000417316,0.21333742440776,0.183839756309573,0.183839756309573
"gene_559",0.137929815296758,0.127934298178266,0.136436531305225,0.136436531305225
"gene_560",1.03978955534264,0.977747939144472,1.02846582369046,1.02846582369046
"gene_561",0.11644257731895,0.0848080143592897,0.111807902286192,0.111807902286192
"gene_562",0.0917224881365696,0.0868793644802206,0.0910302918570872,0.0910302918570872
"gene_563",0.0851899424566106,0.0848739482574678,0.0851819569727558,0.0851819569727558
"gene_564",0.127182270001056,0.0956744475190857,0.122470812549497,0.122470812549497
"gene_565",0.107019530327369,0.101899204763861,0.106278788220052,0.106278788220052
"gene_566",0.083596488351325,0.0651432920896936,0.0830036905919604,0.0830036905919604
"gene_567",0.0544765721990273,0.0554544803728243,0.0564034742987097,0.0564034742987097
"gene_568",0.0454742679457847,0.050594826795658,0.0476893129049382,0.0476893129049382
"gene_569",0.0648706334453856,0.0507081883293766,0.0642329343413259,0.0642329343413259
"gene_570",0.189257843829502,0.192483347483556,0.18975488349617,0.18975488349617
"gene_571",0.0646120170463267,0.062068272418682,0.0642575410505108,0.0642575410505108
"gene_572",0.336690812154636,0.241491505116776,0.319797003708508,0.319797003708508
"gene_573",0.0612815789097161,0.055569519919598,0.0605376526236118,0.0605376526236118
"gene_574",0.381613854796619,0.30012363897717,0.367566531419747,0.367566531419747
"gene_575",0.81722074538919,1.02011287181999,0.858477205037718,0.858477205037718
"gene_576",0.087704168316738,0.0963462835997907,0.0889130859451678,0.0889130859451678
"gene_577",0.113602863891746,0.0944195159233867,0.110705990758681,0.110705990758681
"gene_578",0.402930085209215,0.346700164138394,0.393647059590092,0.393647059590092
"gene_579",0.0811827782362012,0.0644020327866977,0.078222703029493,0.078222703029493
"gene_580",0.0537857766589756,0.0562365808286672,0.0544084264763868,0.0544084264763868
"gene_581",0.10914915701745,0.113717432292824,0.109809386160556,0.109809386160556
"gene_582",0.0669943613645369,0.0704378075073618,0.0668299520434231,0.0668299520434231
"gene_583",0.194578620848955,0.174046614759087,0.191337599197882,0.191337599197882
"gene_584",0.0505514330721124,0.0505752011446327,0.049409662171586,0.049409662171586
"gene_585",0.536950659332098,0.684302214812145,0.560475353609749,0.560475353609749
"gene_586",0.0936057671490044,0.0994250423825801,0.0957948030715163,0.0957948030715163
"gene_587",0.242421941359425,0.29683686035415,0.251009301469943,0.251009301469943
"gene_588",0.171393285482296,0.102628662954072,0.16028407144287,0.171393285482296
"gene_589",0.181486197496316,0.191809154277616,0.183398257588577,0.183398257588577
"gene_590",0.075397722276461,0.0613989100149896,0.0717788653436394,0.0717788653436394
"gene_591",0.203919010862199,0.220247546893,0.206480079770468,0.206480079770468
"gene_592",0.180892323748017,0.206320806129022,0.184648965274296,0.184648965274296
"gene_593",0.597135564341675,0.570923501689503,0.592757927562024,0.592757927562024
"gene_594",0.0562613604572106,0.0611082274928333,0.0550438661108656,0.0550438661108656
"gene_595",0.611751412785527,0.649842106243149,0.618058402923227,0.618058402923227
"gene_596",0.0507772804745865,0.0506559447655775,0.0493120994716483,0.0493120994716483
"gene_597",0.077696269248518,0.0693435230042149,0.0765692567696063,0.0765692567696063
"gene_598",0.0501171459732204,0.0699981952963161,0.051971099810859,0.051971099810859
"gene_599",0.0989282870985697,0.107912338945538,0.100198353264104,0.100198353264104
"gene_600",0.046218833482935,0.0506464438404521,0.0463563525996532,0.0463563525996532
"gene_601",0.0567394555152695,0.0678119883528091,0.0581186458204209,0.0581186458204209
"gene_602",0.0680862136497666,0.0661922531657364,0.0676526681579018,0.0676526681579018
"gene_603",0.852001595200983,0.88422226777782,0.857584265849068,0.857584265849068
"gene_604",0.639711598356935,0.695728505409149,0.650598276610304,0.650598276610304
"gene_605",0.0933458750152178,0.171306832671176,0.10473430076294,0.10473430076294
"gene_606",0.0630119164394057,0.0740352400176595,0.0644323102777295,0.0644323102777295
"gene_607",0.278675901818136,0.271969237606647,0.277612447464471,0.277612447464471
"gene_608",0.192143277259404,0.222161434914666,0.196890340148927,0.196890340148927
"gene_609",0.503502530842697,0.67672070379329,0.531415724853116,0.531415724853116
"gene_610",0.0852911987906187,0.0655452589175376,0.0806771833505101,0.0806771833505101
"gene_611",0.184240148742479,0.123081912089304,0.174375315634126,0.174375315634126
"gene_612",0.766854348786107,0.543044024800871,0.729256057614038,0.729256057614038
"gene_613",0.165418878201914,0.134732375646054,0.160718484493103,0.160718484493103
"gene_614",0.0672536919836822,0.100417028968459,0.0721114728040659,0.0721114728040659
"gene_615",0.219767223443003,0.279327078402097,0.228852921762245,0.228852921762245
"gene_616",1.02750387408776,1.068747348251,1.03561040809695,1.03561040809695
"gene_617",0.0569678798304514,0.0506662186553395,0.0539488076028667,0.0539488076028667
"gene_618",0.111713783310374,0.0858045364311686,0.107913380404166,0.107913380404166
"gene_619",0.104684621149027,0.0944075966202617,0.103212916761205,0.103212916761205
"gene_620",0.117933557059671,0.0945040712862908,0.114474736197571,0.114474736197571
"gene_621",0.0718937304419518,0.0672961389257368,0.0712712685375393,0.0712712685375393
"gene_622",0.0401162267470164,0.0521821979047647,0.0418083156266089,0.0418083156266089
"gene_623",0.0581924801541772,0.0529415442354482,0.0575216219663016,0.0575216219663016
"gene_624",0.170880389389961,0.118832482412603,0.162755179253001,0.162755179253001
"gene_625",0.0553181675535792,0.0517377211560635,0.0538585298744262,0.0538585298744262
"gene_626",0.11213892892971,0.0843165762595781,0.108013646698839,0.108013646698839
"gene_627",0.0657188673699607,0.0751878349624166,0.0669437334004069,0.0669437334004069
"gene_628",0.0469146596182156,0.0541538776454872,0.0459411566639856,0.0459411566639856
"gene_629",0.066298288966342,0.052299981974704,0.064431941097153,0.064431941097153
"gene_630",0.909830842455223,0.529928227821862,0.838867555963685,0.909830842455223
"gene_631",0.183065470203741,0.158934054842054,0.179116048450226,0.179116048450226
"gene_632",0.0511117081751685,0.0515187116193108,0.0519251743262953,0.0519251743262953
"gene_633",0.163057448351234,0.123731925163281,0.157063707122893,0.157063707122893
"gene_634",0.107788140811788,0.0967896552757778,0.106159319035876,0.106159319035876
"gene_635",0.0724095366899274,0.0856540089109205,0.0741722981604394,0.0741722981604394
"gene_636",0.042832887453723,0.0848553938404443,0.0480189539674387,0.0480189539674387
"gene_637",0.0740060252735578,0.0670623929788499,0.0720685460847966,0.0720685460847966
"gene_638",0.556664813146614,0.46941916015647,0.54222279879515,0.54222279879515
"gene_639",0.0491697111995044,0.0551062300068291,0.0487865109276386,0.0487865109276386
"gene_640",0.251424433763771,0.109462515525374,0.22663800651124,0.251424433763771
"gene_641",0.156029974118062,0.0951010904055497,0.146312962407565,0.156029974118062
"gene_642",0.166715292302698,0.136847392770694,0.161966677048813,0.161966677048813
"gene_643",0.0517089750354673,0.0554195987766863,0.0529091601960509,0.0529091601960509
"gene_644",0.0746425486701663,0.0770973028829981,0.074976747783307,0.074976747783307
"gene_645",0.0676160359407032,0.0715429679573863,0.0696191942867652,0.0696191942867652
"gene_646",0.0322357067782033,0.0580347551657478,0.0349451107088177,0.0349451107088177
"gene_647",0.0784008317193013,0.0644297339832177,0.0764661750669245,0.0764661750669245
"gene_648",0.106891036899389,0.136404312519604,0.111017721736209,0.111017721736209
"gene_649",0.0729241103354415,0.0679337232717021,0.0722572705755289,0.0722572705755289
"gene_650",0.0856746042519749,0.0836043966730342,0.0837575361748106,0.0837575361748106
"gene_651",0.0733261610882053,0.0715190308834233,0.073079818908525,0.073079818908525
"gene_652",0.824039288121003,0.459635013335961,0.758034306478992,0.824039288121003
"gene_653",0.0639277645610933,0.08333262110523,0.0666624150088291,0.0666624150088291
"gene_654",0.0697426273789982,0.07511645697733,0.0697336514683421,0.0697336514683421
"gene_655",0.0794057764679599,0.067880527689678,0.0759820664511126,0.0759820664511126
"gene_656",0.0892634793951892,0.103357489861728,0.0926949826782912,0.0926949826782912
"gene_657",0.0560955841641815,0.0539343889651654,0.0558217971725802,0.0558217971725802
"gene_658",0.0687629334763978,0.0504177667397931,0.061912356218123,0.061912356218123
"gene_659",0.267114505023366,0.161338883934738,0.249862775278588,0.267114505023366
"gene_660",0.409073001751176,0.57486132702749,0.436636085512933,0.436636085512933
"gene_661",0.0740221392026025,0.0548594327987882,0.0739131262895193,0.0739131262895193
"gene_662",0.144056984323332,0.135434740377551,0.142767702471803,0.142767702471803
"gene_663",0.0511433794291044,0.0701854003482435,0.0528202743835756,0.0528202743835756
"gene_664",0.0557479343906474,0.0754779896787212,0.0582291606708068,0.0582291606708068
"gene_665",0.0841337238439864,0.0923694763684639,0.0849128538386595,0.0849128538386595
"gene_666",0.0593323518739384,0.0622225253103969,0.0597708679441004,0.0597708679441004
"gene_667",0.643720335992966,0.552126485101126,0.628068078815967,0.628068078815967
"gene_668",0.0640873316758214,0.060374238625012,0.0636040540609269,0.0636040540609269
"gene_669",0.231758785122526,0.217052395321893,0.229438357852999,0.229438357852999
"gene_670",0.371788231549122,0.479170679746998,0.389870705110292,0.389870705110292
"gene_671",0.0512211299883083,0.0574040233565195,0.0531547679910912,0.0531547679910912
"gene_672",0.104073096327887,0.110711034324292,0.105007883542113,0.105007883542113
"gene_673",0.121715390399467,0.094699192372322,0.117634008382023,0.117634008382023
"gene_674",0.0688882295831567,0.0763366795865637,0.069875906658625,0.069875906658625
"gene_675",0.029361876688703,0.0504139887145741,0.0322047985971857,0.0322047985971857
"gene_676",0.0465256092883669,0.0546001445927513,0.0484549502318946,0.0484549502318946
"gene_677",0.369273502560062,0.289778315538062,0.356556052987276,0.356556052987276
"gene_678",0.0974311072436466,0.0994806164756565,0.0977148817981292,0.0977148817981292
"gene_679",0.227182642290936,0.261574161100843,0.232604929482872,0.232604929482872
"gene_680",0.262111175072583,0.226906595497288,0.256360882973479,0.256360882973479
"gene_681",0.0737380287658719,0.0827808809834864,0.07499880326991,0.07499880326991
"gene_682",0.0612441432310944,0.076356922980223,0.0628424213832829,0.0628424213832829
"gene_683",0.39329379040365,0.575997208624987,0.422601989618984,0.422601989618984
"gene_684",0.106706318947053,0.109269041742694,0.107073702139339,0.107073702139339
"gene_685",0.0473382499759026,0.0572901149118508,0.0482983616792835,0.0482983616792835
"gene_686",0.0630874301784844,0.0537346332289565,0.0638602490626882,0.0638602490626882
"gene_687",0.328872762699331,0.519711964025624,0.363030319576937,0.363030319576937
"gene_688",0.0923071607734707,0.097675739814105,0.093049670889848,0.093049670889848
"gene_689",0.068521350292694,0.0678696520705007,0.0684387005209208,0.0684387005209208
"gene_690",0.0687077403791368,0.0773605134387108,0.0701257062073025,0.0701257062073025
"gene_691",0.0438374724169858,0.0516393614053051,0.0427827510534379,0.0427827510534379
"gene_692",0.618412974610206,1.04009824429034,0.694620513857149,0.694620513857149
"gene_693",0.0426596826452499,0.051580138418642,0.0436015051166427,0.0436015051166427
"gene_694",0.399137096145829,0.477858315052156,0.411888468485888,0.411888468485888
"gene_695",0.0459754595951315,0.0506472337390617,0.045173443981225,0.045173443981225
"gene_696",0.661238113023234,0.990324269531859,0.714745124086015,0.714745124086015
"gene_697",0.0605116985693984,0.0762134470729164,0.0625387018286563,0.0625387018286563
"gene_698",0.1053876255953,0.113469066820289,0.105390990321781,0.105390990321781
"gene_699",0.0610097046579442,0.0513554161581865,0.0585737300740399,0.0585737300740399
"gene_700",0.119236306561746,0.109824913243221,0.117832664325943,0.117832664325943
"gene_701",0.157871684475597,0.165510178681139,0.159062095313393,0.159062095313393
"gene_702",0.0761289752995881,0.0647669381381485,0.0731429052436533,0.0731429052436533
"gene_703",0.0616948086782089,0.050653882743083,0.0619154563466675,0.0619154563466675
"gene_704",0.120550414080407,0.105562749686205,0.118292063281156,0.118292063281156
"gene_705",0.274835015924458,0.22983659208855,0.267459440430832,0.267459440430832
"gene_706",0.194538645558268,0.148938815957309,0.187118826743121,0.187118826743121
"gene_707",0.0728703124776116,0.0643693651826884,0.0717263701417598,0.0717263701417598
"gene_708",0.0575114261733688,0.0630536230668884,0.0588054985111916,0.0588054985111916
"gene_709",0.113326686287487,0.133045969110887,0.116209820267781,0.116209820267781
"gene_710",0.0776184567088415,0.0746437996909267,0.0761753160641513,0.0761753160641513
"gene_711",0.071264910979753,0.0820864426950386,0.0727075836974928,0.0727075836974928
"gene_712",0.0573035624381621,0.051155670311128,0.0573304091560568,0.0573304091560568
"gene_713",0.0547539866349026,0.0505112735154839,0.0535705910242422,0.0535705910242422
"gene_714",0.0703292017254466,0.093425745060996,0.0733559411375429,0.0733559411375429
"gene_715",0.0669541241187868,0.0744395198289683,0.0679310907090681,0.0679310907090681
"gene_716",0.0816676669191049,0.0766147661159396,0.0809494706352845,0.0809494706352845
"gene_717",0.148360483674918,0.153721050160862,0.149203205274419,0.149203205274419
"gene_718",0.192679599292253,0.236712956583315,0.200499545633423,0.200499545633423
"gene_719",0.196715839262976,0.207754998091502,0.198421485588572,0.198421485588572
"gene_720",0.048945299147123,0.0619878172074172,0.0516500230980982,0.0516500230980982
"gene_721",0.952952630917098,0.972368627745045,0.956018635276794,0.956018635276794
"gene_722",0.077264274004531,0.052765954614886,0.0723346500110606,0.0723346500110606
"gene_723",0.09374921677784,0.0877575136873612,0.0929081110513267,0.0929081110513267
"gene_724",0.0429385465611953,0.0610550021354478,0.0449518865386801,0.0449518865386801
"gene_725",0.0824187765433669,0.0983765952158845,0.0845920816600574,0.0845920816600574
"gene_726",0.0456496434310272,0.0505248959569572,0.0458186934078661,0.0458186934078661
"gene_727",0.91970436493147,1.17933208293285,0.965326497392069,0.965326497392069
"gene_728",0.037076364753438,0.0546963656149998,0.039466185420389,0.039466185420389
"gene_729",0.162640741468299,0.145664898034664,0.160044759684061,0.160044759684061
"gene_730",0.293020186921289,0.297291204558989,0.293701972256556,0.293701972256556
"gene_731",0.0909562945358359,0.0783515259432316,0.0891747756214768,0.0891747756214768
"gene_732",0.054990374667106,0.0521443499840365,0.052171484066651,0.052171484066651
"gene_733",0.969915170756909,0.531829955212247,0.890080037370296,0.969915170756909
"gene_734",0.0705295714657943,0.0840770097470941,0.0730637134452027,0.0730637134452027
"gene_735",0.0789408346859582,0.0652653474679629,0.0767765868998277,0.0767765868998277
"gene_736",0.06148880540125,0.0504120833399785,0.0594668667003051,0.0594668667003051
"gene_737",0.373630844174055,0.409690888192747,0.379577728705735,0.379577728705735
"gene_738",1.13635758101198,0.808165501220697,1.06946297267632,1.06946297267632
"gene_739",0.0726597493549095,0.0734013720080896,0.0711422067631137,0.0711422067631137
"gene_740",0.0774785396712985,0.0618036607611888,0.0753276217274583,0.0753276217274583
"gene_741",0.0462738479236856,0.0627144058013704,0.0493980830501062,0.0493980830501062
"gene_742",1.3481494731918,1.11328568773776,1.30495116911518,1.30495116911518
"gene_743",0.0955429932839875,0.0671957940836724,0.0914734024829921,0.0914734024829921
"gene_744",0.88854937199005,0.999874303133434,0.910027682732646,0.910027682732646
"gene_745",0.239358672356923,0.223956706039332,0.236451858682464,0.236451858682464
"gene_746",0.110402940627331,0.10247321768308,0.10925949773047,0.10925949773047
"gene_747",0.0476142664458918,0.0528409536986689,0.0481509647407434,0.0481509647407434
"gene_748",0.87058628947191,0.840364245723502,0.864427158387589,0.864427158387589
"gene_749",0.055263678428859,0.0739158527332943,0.0563837868801539,0.0563837868801539
"gene_750",0.60211230546055,0.538145733615742,0.590710066776684,0.590710066776684
"gene_751",0.069437888050027,0.083918092137071,0.0713772346787727,0.0713772346787727
"gene_752",0.0644915829965977,0.0526179289136003,0.0645310845683877,0.0645310845683877
"gene_753",0.0669798863918034,0.0520121538447085,0.0673080144034117,0.0673080144034117
"gene_754",0.0632083358239264,0.067792680628969,0.063804137530164,0.063804137530164
"gene_755",1.24382294721643,0.907284623106361,1.18318254886564,1.18318254886564
"gene_756",0.0713927706971482,0.0537455680816635,0.0689897565961625,0.0689897565961625
"gene_757",0.0407996264094023,0.0533351126292855,0.0420062263562855,0.0420062263562855
"gene_758",0.090430181562359,0.0753687667282453,0.0883103016242546,0.0883103016242546
"gene_759",0.0379221639358507,0.050609347114768,0.0390652105753613,0.0390652105753613
"gene_760",1.09483604405287,1.02257724507134,1.07966448138839,1.07966448138839
"gene_761",0.429390230837238,0.442804745437052,0.431670877414777,0.431670877414777
"gene_762",0.038341024370735,0.0594307575592858,0.0408737003017543,0.0408737003017543
"gene_763",0.0673048471194263,0.0505383654827711,0.0627099343109361,0.0627099343109361
"gene_764",0.0740215690375785,0.141103865991204,0.0831144938453982,0.0831144938453982
"gene_765",0.0781967114758383,0.0744067652268962,0.0786534762975899,0.0786534762975899
"gene_766",0.419010479643166,0.376561845466583,0.4119587768914,0.4119587768914
"gene_767",0.058843211118335,0.0527630271150584,0.0580665739598448,0.0580665739598448
"gene_768",0.358988537981727,0.335701944499912,0.355276856536293,0.355276856536293
"gene_769",0.0434501123125901,0.0537514610361,0.0459083175500739,0.0459083175500739
"gene_770",0.121834491829446,0.139101678623155,0.124343976811212,0.124343976811212
"gene_771",0.28143738660638,0.252952417197797,0.277013496312995,0.277013496312995
"gene_772",0.0673022018962849,0.0641210245024191,0.0668832941071802,0.0668832941071802
"gene_773",0.131521644201284,0.169797950040624,0.137244996570819,0.137244996570819
"gene_774",0.136163370096269,0.114678593858585,0.13297277516677,0.13297277516677
"gene_775",1.21621119722479,0.985743737757575,1.17274554292389,1.17274554292389
"gene_776",0.139714563755562,0.123802028364998,0.137314547036918,0.137314547036918
"gene_777",1.049074035298,0.961308160484569,1.03278712070062,1.03278712070062
"gene_778",0.0386471509639288,0.0504343107661628,0.04085301633871,0.04085301633871
"gene_779",0.0588864887961293,0.0513340802862163,0.056276571108484,0.056276571108484
"gene_780",0.0780750006747919,0.0747635451091427,0.0776288724029235,0.0776288724029235
"gene_781",0.0778427044699641,0.0719513179717005,0.0770403073906231,0.0770403073906231
"gene_782",0.0629597990575354,0.0532793154029465,0.0620429472199605,0.0620429472199605
"gene_783",0.0526218306592228,0.0504844522614924,0.0521945671704468,0.0521945671704468
"gene_784",0.0519892945567484,0.0512996284088109,0.052288654788993,0.052288654788993
"gene_785",0.931844711591727,0.882977095982082,0.921837485413202,0.921837485413202
"gene_786",0.320777605624068,0.360571958755696,0.327368226989305,0.327368226989305
"gene_787",0.0782437884670432,0.0806878839548728,0.0801948089421501,0.0801948089421501
"gene_788",0.466745857853135,0.500642984885691,0.472012061912569,0.472012061912569
"gene_789",0.0595604570016391,0.0505454875000103,0.0539766531544451,0.0539766531544451
"gene_790",0.0535917141990925,0.0537992238504052,0.05160969738984,0.05160969738984
"gene_791",0.154741968303512,0.127623515275158,0.150637501175906,0.150637501175906
"gene_792",0.0604017137113413,0.0771829647363612,0.062517499702735,0.062517499702735
"gene_793",0.0373466335750898,0.053826621487418,0.0406731052535393,0.0406731052535393
"gene_794",0.0506505070069609,0.0521982489577117,0.0529207794887957,0.0529207794887957
"gene_795",0.102923912141712,0.0808407333573343,0.100885524216575,0.100885524216575
"gene_796",0.0861835587657316,0.0839517046309027,0.0847089521922171,0.0847089521922171
"gene_797",0.0775798777846611,0.104554165409633,0.0812478233074529,0.0812478233074529
"gene_798",0.351526556620397,0.325182519844395,0.347221929650727,0.347221929650727
"gene_799",0.103135952971953,0.0860331781986762,0.100672071665911,0.100672071665911
"gene_800",0.172357282632171,0.164369792311709,0.171154417099184,0.171154417099184
"gene_801",0.0621130498146693,0.0674405024881427,0.0623827171228931,0.0623827171228931
"gene_802",0.0546606090916003,0.0661895822356618,0.0560900076217148,0.0560900076217148
"gene_803",0.38415129533482,0.313056927779806,0.372210768776186,0.372210768776186
"gene_804",0.0671509610855982,0.0702130678577462,0.0659548133281858,0.0659548133281858
"gene_805",0.0718079931776615,0.069945009729147,0.0732586419712378,0.0732586419712378
"gene_806",0.140689635910233,0.142441005186744,0.141081654456745,0.141081654456745
"gene_807",0.0827584164669893,0.100210694157918,0.0835927761218278,0.0835927761218278
"gene_808",0.0557864174644148,0.0607007632760024,0.0563938472774619,0.0563938472774619
"gene_809",0.0467964614432845,0.0527149063727572,0.0475374031762662,0.0475374031762662
"gene_810",0.145639311288629,0.122865215006283,0.142143988826432,0.142143988826432
"gene_811",0.051017254969066,0.0504510873027347,0.0528754509635871,0.0528754509635871
"gene_812",0.152639257111933,0.162998808418571,0.154213328825488,0.154213328825488
"gene_813",0.885580580036761,0.988911064415762,0.904742049990488,0.904742049990488
"gene_814",0.216548646168505,0.243996730651925,0.220753861344374,0.220753861344374
"gene_815",0.76699652532769,0.671379183260214,0.74916021607222,0.74916021607222
"gene_816",0.0452163152342341,0.0508369460018091,0.0448624264097582,0.0448624264097582
"gene_817",0.0579349604569563,0.0510724341108944,0.0570596627231345,0.0570596627231345
"gene_818",0.0510521517874946,0.0504976159151441,0.0519194071121032,0.0519194071121032
"gene_819",0.115302737609331,0.122353729019247,0.116330943094316,0.116330943094316
"gene_820",0.15762080304426,0.220114325424281,0.167158960229665,0.167158960229665
"gene_821",0.134503476305615,0.153422546657234,0.137351360235851,0.137351360235851
"gene_822",0.0485868757783984,0.0511828573901488,0.0482321813804667,0.0482321813804667
"gene_823",0.0436829375347337,0.0581376705624067,0.0453708004386673,0.0453708004386673
"gene_824",0.623230602043163,0.547728231131543,0.609463354701806,0.609463354701806
"gene_825",0.090995507273276,0.0790187325410083,0.0893000098449788,0.0893000098449788
"gene_826",0.738719827604596,0.609211916501761,0.716915077616878,0.716915077616878
"gene_827",0.0530925103244821,0.0592614211168585,0.0534500805458451,0.0534500805458451
"gene_828",0.099943771584501,0.111091634791146,0.101500385486275,0.101500385486275
"gene_829",0.071798992350266,0.0586280826940389,0.07163048150627,0.07163048150627
"gene_830",0.0495374196989272,0.0685450328213632,0.0519276136915174,0.0519276136915174
"gene_831",0.0902018460074696,0.104334319149455,0.0921700822718879,0.0921700822718879
"gene_832",0.107496366056957,0.124869640540213,0.110657086691266,0.110657086691266
"gene_833",0.0936272668323158,0.0928376995889373,0.0936016371887853,0.0936016371887853
"gene_834",1.23322504026451,0.843388543862317,1.15994930945655,1.15994930945655
"gene_835",0.0562136209058365,0.0505293846410517,0.0540357686480427,0.0540357686480427
"gene_836",0.0526557398783981,0.0511767394625334,0.0563878757769437,0.0563878757769437
"gene_837",0.65892053333631,0.473999985940504,0.626808857957526,0.626808857957526
"gene_838",0.0653760878728507,0.0622092381083968,0.0649612098186213,0.0649612098186213
"gene_839",0.0710854032288816,0.0793160101002494,0.0716339789561813,0.0716339789561813
"gene_840",1.10238974967822,0.693305183885695,1.02155354399366,1.10238974967822
"gene_841",0.121684296135007,0.107678139771207,0.119629064837728,0.119629064837728
"gene_842",0.20341807276167,0.180681380666336,0.200163578539535,0.200163578539535
"gene_843",0.0842840697857068,0.0568542977699419,0.0804770594530469,0.0804770594530469
"gene_844",0.726982305757629,0.460905249143909,0.677689500323796,0.726982305757629
"gene_845",0.054536034339334,0.0562596960761232,0.0565765394674364,0.0565765394674364
"gene_846",0.0434235650297337,0.071559273164168,0.0457633630666142,0.0457633630666142
"gene_847",0.154908932735778,0.125348088287358,0.150379367388639,0.150379367388639
"gene_848",0.0849984328045308,0.0874606852090495,0.0853353916836387,0.0853353916836387
"gene_849",0.744774822173278,1.09187211014551,0.810104165497147,0.810104165497147
"gene_850",1.01258059422298,1.2116244025461,1.04888788447986,1.04888788447986
"gene_851",0.13418298739205,0.119044593925154,0.131927959169654,0.131927959169654
"gene_852",0.224171547592224,0.224165145992422,0.224163652126987,0.224163652126987
"gene_853",0.195456686901341,0.173340084401943,0.192069661066127,0.192069661066127
"gene_854",0.098348656310035,0.098809396814645,0.0983283973834232,0.0983283973834232
"gene_855",0.113308311670263,0.0989384717128246,0.111223407104827,0.111223407104827
"gene_856",0.0650253777790967,0.0579949638304467,0.0622712918208564,0.0622712918208564
"gene_857",0.062071648993948,0.0835686514634792,0.0651014354824412,0.0651014354824412
"gene_858",0.0469889793341262,0.05942280914025,0.048460223261089,0.048460223261089
"gene_859",0.0509048678648308,0.0549426442372791,0.0503159663548881,0.0503159663548881
"gene_860",0.0443389243800853,0.0550757251718331,0.0478285251576962,0.0478285251576962
"gene_861",0.0381790837429338,0.0515379953108959,0.0420086996943799,0.0420086996943799
"gene_862",1.43034709749321,1.00472773799607,1.350054179451,1.350054179451
"gene_863",0.0724361567959194,0.073474515798028,0.0725735714906778,0.0725735714906778
"gene_864",0.0780729094336992,0.0700784357136147,0.0754281595822468,0.0754281595822468
"gene_865",1.25373384640156,1.08206686926661,1.21989947386883,1.21989947386883
"gene_866",0.337763758318823,0.246332063372495,0.322965344187583,0.322965344187583
"gene_867",0.0873914508080823,0.256813178284049,0.112806424585301,0.112806424585301
"gene_868",0.071580356971384,0.0790561501427203,0.0741806958673526,0.0741806958673526
"gene_869",0.0926554915521607,0.111598508160555,0.0941151534267041,0.0941151534267041
"gene_870",0.0588549400898493,0.050614550100441,0.061662892798574,0.061662892798574
"gene_871",0.220792751947728,0.153439830898,0.210258080335783,0.210258080335783
"gene_872",1.36610068592147,0.833905515917317,1.26847042830474,1.36610068592147
"gene_873",0.0633220574372368,0.0812506975100603,0.0643306246462408,0.0643306246462408
"gene_874",0.0796492456625456,0.0646359880598946,0.0775714152385628,0.0775714152385628
"gene_875",0.17252692813601,0.175941549649949,0.173053459192849,0.173053459192849
"gene_876",0.0633156771178777,0.0537078470641467,0.0620528235010294,0.0620528235010294
"gene_877",0.086354350109546,0.0984454984060198,0.0880291239154931,0.0880291239154931
"gene_878",0.0591848124340069,0.0518367204286633,0.0570060951712421,0.0570060951712421
"gene_879",0.057407171625171,0.0509240810834277,0.0549500296963371,0.0549500296963371
"gene_880",0.0527459363611631,0.0540654900297393,0.0529058506053706,0.0529058506053706
"gene_881",0.0981497102686873,0.0920798088016983,0.0969208280974096,0.0969208280974096
"gene_882",0.945209125636332,1.1118723854387,0.974882964675379,0.974882964675379
"gene_883",0.036216731060665,0.0507294798519896,0.0397963158296242,0.0397963158296242
"gene_884",0.137972556118646,0.273320888012194,0.158101484517079,0.158101484517079
"gene_885",0.06837985366248,0.0718937802499814,0.0688149101464148,0.0688149101464148
"gene_886",0.102369246947843,0.139005407101428,0.107533866070057,0.107533866070057
"gene_887",0.0540206562099537,0.0508679085514042,0.0538335501434277,0.0538335501434277
"gene_888",0.784139075305202,0.67188928122001,0.765617146406631,0.765617146406631
"gene_889",0.0451993419726212,0.0522404944899059,0.0458278587377885,0.0458278587377885
"gene_890",0.0460389980179207,0.0576511183596044,0.0472865437320814,0.0472865437320814
"gene_891",0.140197205871114,0.145428956159558,0.140982641254584,0.140982641254584
"gene_892",0.0548523439893952,0.0521409868622731,0.0573969049635678,0.0573969049635678
"gene_893",0.152669785258416,0.136031357042459,0.151947604270473,0.151947604270473
"gene_894",0.0600820092419865,0.0525439075903644,0.059105452386641,0.059105452386641
"gene_895",0.048853466515275,0.06423473863299,0.0507126225672286,0.0507126225672286
"gene_896",0.323388906722565,0.373636613272719,0.331767730702522,0.331767730702522
"gene_897",0.0489572437025375,0.0548394540244765,0.0488859802996152,0.0488859802996152
"gene_898",0.160205621452596,0.170756701743084,0.161792778965016,0.161792778965016
"gene_899",0.174255328847435,0.280826133336508,0.190712801227933,0.190712801227933
"gene_900",0.1918226746411,0.20446588524099,0.19376283042253,0.19376283042253
"gene_901",0.045812793984925,0.0551139275282533,0.0469040950700413,0.0469040950700413
"gene_902",0.0608381580759407,0.0506570170422238,0.0554471932208036,0.0554471932208036
"gene_903",0.0545256666729477,0.0506591384875768,0.0554194419104538,0.0554194419104538
"gene_904",0.0942491174869769,0.0843722912217265,0.0928141428160529,0.0928141428160529
"gene_905",0.873817657254398,0.948460446839897,0.888576825813829,0.888576825813829
"gene_906",0.0835477809949161,0.0592924263149712,0.0801205092883373,0.0801205092883373
"gene_907",0.0744604478487773,0.0506789542593374,0.068003153104573,0.068003153104573
"gene_908",0.0483986891232943,0.0506192511769216,0.0490186842171034,0.0490186842171034
"gene_909",0.0787415266039124,0.0669925636177953,0.0771641299472867,0.0771641299472867
"gene_910",0.0750191415617476,0.0722322943434097,0.0746338796659768,0.0746338796659768
"gene_911",0.0765619758931863,0.0656410596869161,0.0750589826142636,0.0750589826142636
"gene_912",0.0756864714382353,0.0799999098305302,0.0762767984616346,0.0762767984616346
"gene_913",0.0506551928558996,0.05332570285719,0.0535697095593905,0.0535697095593905
"gene_914",0.0556500098877617,0.0921062506222567,0.0603158862447799,0.0603158862447799
"gene_915",0.247204402918811,0.185970346599601,0.237054958531372,0.237054958531372
"gene_916",0.175759437232019,0.208692987688297,0.182599132939615,0.182599132939615
"gene_917",0.121716821021095,0.139097413168567,0.122912892150691,0.122912892150691
"gene_918",0.140687068473604,0.1846260301324,0.147139677547849,0.147139677547849
"gene_919",0.186521496808479,0.150969713797445,0.180877379453958,0.180877379453958
"gene_920",0.0450960100017364,0.0611641941439991,0.0475835582475622,0.0475835582475622
"gene_921",0.054712995227817,0.0516616464939312,0.0548774658758229,0.0548774658758229
"gene_922",0.207160819091283,0.195393062922312,0.205291247547739,0.205291247547739
"gene_923",0.15105369581984,0.177076980615506,0.154912457651951,0.154912457651951
"gene_924",1.01068440119385,0.783850164084263,0.967627079921874,0.967627079921874
"gene_925",0.0919748602763831,0.104444098502662,0.0937489144499485,0.0937489144499485
"gene_926",0.105478461230895,0.112359171879759,0.106450022030749,0.106450022030749
"gene_927",0.23038302590943,0.157361529222574,0.218834404563454,0.218834404563454
"gene_928",0.156308720858551,0.152410933354763,0.155731132845165,0.155731132845165
"gene_929",0.0627713518114694,0.0506230980918822,0.060835042186732,0.060835042186732
"gene_930",0.0714688813692023,0.0609455501138656,0.0700520033068808,0.0700520033068808
"gene_931",0.31501481200334,0.253092253186715,0.304230877439698,0.304230877439698
"gene_932",0.0838335912205389,0.0915908436287954,0.0849006240467961,0.0849006240467961
"gene_933",0.0568192757748531,0.0525640394220233,0.0543688998778331,0.0543688998778331
"gene_934",0.202024295947013,0.229365962878065,0.20635577082641,0.20635577082641
"gene_935",0.47167807681397,0.649179760656671,0.502006276454537,0.502006276454537
"gene_936",0.0792619251192496,0.0707324205974054,0.0780926073654194,0.0780926073654194
"gene_937",0.229918837951798,0.280202877513171,0.238007201398303,0.238007201398303
"gene_938",0.0746351953586616,0.0585981435910035,0.0726396759878583,0.0726396759878583
"gene_939",0.0399675158694982,0.0508697466711421,0.0429029379351928,0.0429029379351928
"gene_940",0.0613538555298533,0.0636636696269225,0.0629357666423381,0.0629357666423381
"gene_941",0.172748509574696,0.179823914979523,0.173789503295939,0.173789503295939
"gene_942",0.0998551776323263,0.129792692140915,0.104234933900106,0.104234933900106
"gene_943",0.304398550622757,0.227923459791277,0.290072915251322,0.290072915251322
"gene_944",0.0573237412571275,0.0714941074861088,0.0590944465699439,0.0590944465699439
"gene_945",0.157696076119644,0.165591011997978,0.158895235401868,0.158895235401868
"gene_946",0.0476581543293253,0.0506516914336803,0.0465226245214445,0.0465226245214445
"gene_947",0.156854763959717,0.130441377314257,0.152845054554662,0.152845054554662
"gene_948",0.3735221988808,0.375884844219066,0.374032433269355,0.374032433269355
"gene_949",0.043452815169788,0.0504705025096818,0.0442155388156317,0.0442155388156317
"gene_950",0.123363590696723,0.107634314875573,0.121024686754138,0.121024686754138
"gene_951",0.955841739867204,0.977781749947727,0.959382824800844,0.959382824800844
"gene_952",0.301808397520244,0.370107709821575,0.313164751527225,0.313164751527225
"gene_953",0.132817467929337,0.0969646691840985,0.127321172603578,0.127321172603578
"gene_954",0.0423887750886552,0.0520058679596686,0.0428568476256319,0.0428568476256319
"gene_955",0.0969916933889612,0.105524249131136,0.0981993239389186,0.0981993239389186
"gene_956",0.0737481612003119,0.0598725354469797,0.0718582631851623,0.0718582631851623
"gene_957",0.084749551880786,0.107799481084748,0.0879422319737897,0.0879422319737897
"gene_958",0.0453012714076368,0.0504233481669259,0.0470133375593448,0.0470133375593448
"gene_959",0.653302985814887,1.54558361681468,0.802149949607567,0.802149949607567
"gene_960",0.373443714500452,0.222003646475548,0.348329119486383,0.373443714500452
"gene_961",0.112086604509043,0.099608186900959,0.110239525292144,0.110239525292144
"gene_962",0.0517589356981535,0.055575297102848,0.0527570019596319,0.0527570019596319
"gene_963",0.178164465673752,0.191242683475053,0.180125402149512,0.180125402149512
"gene_964",0.905013727111105,1.04252223251793,0.930517195683049,0.930517195683049
"gene_965",0.189450820068266,0.195110498069695,0.190123564364274,0.190123564364274
"gene_966",0.0525028813049152,0.0504150010293994,0.0526469895771898,0.0526469895771898
"gene_967",0.0932370366844081,0.0916309974075299,0.0930178676830483,0.0930178676830483
"gene_968",0.0795026208774074,0.0571501371044019,0.0755306122813737,0.0755306122813737
"gene_969",0.413637255618389,0.388807143828041,0.410496659072077,0.410496659072077
"gene_970",0.0569168749197504,0.0561041645001365,0.0584163970952322,0.0584163970952322
"gene_971",0.29182236586816,0.222782574740137,0.280717944526612,0.280717944526612
"gene_972",0.0624508026774592,0.0506036315646577,0.0604308476669605,0.0604308476669605
"gene_973",0.0821911241492325,0.0844498373438864,0.0811210025108467,0.0811210025108467
"gene_974",0.127790709340788,0.126052557631796,0.127529649451333,0.127529649451333
"gene_975",0.040535756886795,0.0507120029991448,0.0432348811568734,0.0432348811568734
"gene_976",0.0472372056525604,0.0507464134813034,0.0472447131747595,0.0472447131747595
"gene_977",0.0684591092193419,0.0896746000036785,0.0715688046194885,0.0715688046194885
"gene_978",0.0644276086539186,0.0521708164829742,0.065045729900615,0.065045729900615
"gene_979",0.12909707519966,0.161194864305695,0.13383696474636,0.13383696474636
"gene_980",0.083301546639943,0.093121216785394,0.0850871340369679,0.0850871340369679
"gene_981",0.590081727816262,0.515720594642649,0.57757607866386,0.57757607866386
"gene_982",0.0623367024758197,0.0605965340713424,0.062110832840907,0.062110832840907
"gene_983",0.0631696316101385,0.0654613008367249,0.0634670452804113,0.0634670452804113
"gene_984",0.120918854654791,0.109126919413367,0.119748649672774,0.119748649672774
"gene_985",1.02103851697961,0.730641596019029,0.96512398431964,0.96512398431964
"gene_986",0.0976717541315127,0.120011270083763,0.100820213625256,0.100820213625256
"gene_987",0.0600624870792073,0.0547749222115829,0.059380887576175,0.059380887576175
"gene_988",0.282991961206105,0.234449056409291,0.275171544399931,0.275171544399931
"gene_989",0.0355552881548091,0.0504686979014324,0.0364753433966502,0.0364753433966502
"gene_990",0.284855083194652,0.239460299388676,0.277421705363,0.277421705363
"gene_991",0.0660200716777667,0.0504530206654273,0.0656385993780316,0.0656385993780316
"gene_992",0.110463683830091,0.100992336574296,0.109375277026961,0.109375277026961
"gene_993",0.0577196400070518,0.0541557598932372,0.0572666408995192,0.0572666408995192
"gene_994",0.0642966433935891,0.05103015485339,0.0625462940647653,0.0625462940647653
"gene_995",0.108382448178337,0.108773864685821,0.109832900759213,0.109832900759213
"gene_996",0.0992896115776798,0.10076402806754,0.0995020905455855,0.0995020905455855
"gene_997",0.0669643904738022,0.0705891812613898,0.0675749528337984,0.0675749528337984
"gene_998",0.0700682343720715,0.0550165045176858,0.0686017135875473,0.0686017135875473
"gene_999",0.119196476019653,0.150457621389481,0.123731692143359,0.123731692143359
"gene_1000",0.160131914193644,0.167415207008281,0.161282317487207,0.161282317487207
"gene_1001",0.0410373734239025,0.0536888619111425,0.0423334015158404,0.0423334015158404
"gene_1002",0.0952508829705186,0.0564934045204829,0.0895256344475465,0.0952508829705186
"gene_1003",0.0637428174227746,0.0505677649406945,0.0627233191822019,0.0627233191822019
"gene_1004",0.0653199568421082,0.0545799816466658,0.0627338594297516,0.0627338594297516
"gene_1005",0.0656202133919114,0.0633905641511665,0.0659706623137835,0.0659706623137835
"gene_1006",0.387403034809585,0.295172493357012,0.372519471712184,0.372519471712184
"gene_1007",0.066800933256002,0.0820988420938303,0.0688108402917967,0.0688108402917967
"gene_1008",0.0611061082517883,0.0583519656119246,0.0587598045749846,0.0587598045749846
"gene_1009",0.647609420810705,0.479772715188764,0.6180980369843,0.6180980369843
"gene_1010",0.510537127597691,0.470624166095764,0.503869135404094,0.503869135404094
"gene_1011",0.137021197720085,0.078773428428583,0.127931138583565,0.137021197720085
"gene_1012",0.0447749395028509,0.0521443761698318,0.0465552071201573,0.0465552071201573
"gene_1013",0.0450147108583784,0.0505053913699659,0.0460283109859051,0.0460283109859051
"gene_1014",0.0657019283869039,0.0516045152047965,0.0624197865861432,0.0624197865861432
"gene_1015",0.059357717022194,0.0515260935791678,0.0600724441680377,0.0600724441680377
"gene_1016",0.0490653922669556,0.0583165519913725,0.0507956446081892,0.0507956446081892
"gene_1017",0.058603406661109,0.0809063976111461,0.0614527078811086,0.0614527078811086
"gene_1018",0.07241388368305,0.0706257817289058,0.072170096063202,0.072170096063202
"gene_1019",0.121524703041726,0.215799356231787,0.135797546257806,0.135797546257806
"gene_1020",0.0809459363977334,0.081132731046859,0.0796826963618974,0.0796826963618974
"gene_1021",0.0442362060986553,0.0519073159579419,0.0464992480852847,0.0464992480852847
"gene_1022",0.103529308698089,0.125675834473699,0.108013927633851,0.108013927633851
"gene_1023",0.162191658084831,0.201166423522577,0.168258499354535,0.168258499354535
"gene_1024",0.331984306094848,0.252804767380954,0.319341565920931,0.319341565920931
"gene_1025",0.0580274576191648,0.0536024490727538,0.0574600369294493,0.0574600369294493
"gene_1026",0.0518149263150791,0.0598060319907523,0.0547880174083562,0.0547880174083562
"gene_1027",0.0684223402062918,0.060288345708242,0.0671973445723615,0.0671973445723615
"gene_1028",0.0655788374012118,0.0522152475020938,0.0629169285820328,0.0629169285820328
"gene_1029",0.0998444610497996,0.109901381196251,0.0996947825294612,0.0996947825294612
"gene_1030",0.0596948650868031,0.0737459785540117,0.0614861405063276,0.0614861405063276
"gene_1031",0.124358623728205,0.101609779174409,0.120980810148047,0.120980810148047
"gene_1032",0.0681683435296058,0.0504262756289362,0.0657848706502105,0.0657848706502105
"gene_1033",0.0654642047642748,0.0506474551785869,0.0643059968946336,0.0643059968946336
"gene_1034",0.0549872772972283,0.0504563725691971,0.0575541792840688,0.0575541792840688
"gene_1035",0.0486658991964059,0.0561337822515054,0.0515329090723473,0.0515329090723473
"gene_1036",0.0453420454619479,0.0505918224912836,0.0486254424449398,0.0486254424449398
"gene_1037",0.0381616514839334,0.0525773496690314,0.0399021400273494,0.0399021400273494
"gene_1038",0.0901344216891488,0.105712772241485,0.092292903053703,0.092292903053703
"gene_1039",0.045147766568003,0.0504564482316338,0.0456718964732453,0.0456718964732453
"gene_1040",0.0770945120575053,0.0939317516625887,0.0793485095856973,0.0793485095856973
"gene_1041",0.0829322874016357,0.0915000984183787,0.0841873253351145,0.0841873253351145
"gene_1042",0.047767212413907,0.0504280414198384,0.0503772111253426,0.0503772111253426
"gene_1043",0.0469823053220129,0.0509479159948826,0.0503030312429023,0.0503030312429023
"gene_1044",0.0985810170176205,0.12418592703281,0.102185851419559,0.102185851419559
"gene_1045",0.0537030970450056,0.0524021341300013,0.0551780512223568,0.0551780512223568
"gene_1046",0.120162486163614,0.148702277065863,0.124391583117172,0.124391583117172
"gene_1047",0.22873990390489,0.169147556761731,0.219264362714513,0.219264362714513
"gene_1048",0.355817550298687,0.223119349514531,0.333994285558281,0.355817550298687
"gene_1049",0.0910617457381505,0.101865728684478,0.0925970621227214,0.0925970621227214
"gene_1050",0.139162993953173,0.169021582284796,0.143473841819242,0.143473841819242
"gene_1051",0.0659497511357667,0.0507301368962528,0.0619343743516457,0.0619343743516457
"gene_1052",0.850496621238633,1.23210245047931,0.913883136846272,0.913883136846272
"gene_1053",0.147882965387108,0.139401481914614,0.146628764359129,0.146628764359129
"gene_1054",0.152112352222318,0.300105370765815,0.176153220263467,0.176153220263467
"gene_1055",0.0954662063939546,0.0771587368153875,0.0928425516722229,0.0928425516722229
"gene_1056",0.334037091524564,0.38769312590938,0.342660655784771,0.342660655784771
"gene_1057",0.182934555959001,0.154484595507271,0.178420422931009,0.178420422931009
"gene_1058",0.0960810287504093,0.104737978715495,0.0981435203579991,0.0981435203579991
"gene_1059",0.123265020403143,0.109226945546766,0.121192571177052,0.121192571177052
"gene_1060",0.0701535356068154,0.057915323251302,0.0685089720443846,0.0685089720443846
"gene_1061",0.0526607419963286,0.0543440086287472,0.0528687677084377,0.0528687677084377
"gene_1062",0.723567083652278,0.553058811594475,0.691919647751756,0.691919647751756
"gene_1063",0.052995846244197,0.0558952146370626,0.0533491616459448,0.0533491616459448
"gene_1064",0.0848623844316584,0.0978632348604746,0.0866386380308413,0.0866386380308413
"gene_1065",1.15654715306056,0.405719824713034,1.00740799262672,1.15654715306056
"gene_1066",0.042487112803179,0.0639868210371173,0.0445039180791569,0.0445039180791569
"gene_1067",0.291561627122729,0.305354587929686,0.293774653049883,0.293774653049883
"gene_1068",0.295396952984283,0.296006060482157,0.295455438525444,0.295455438525444
"gene_1069",0.0349577902905035,0.0543087725323755,0.0356163271692411,0.0356163271692411
"gene_1070",0.0893476777210372,0.0940419774855453,0.0899992450135965,0.0899992450135965
"gene_1071",0.221941842703673,0.237930275398079,0.224356061745638,0.224356061745638
"gene_1072",1.26360783016183,0.923888616653609,1.20033949770803,1.20033949770803
"gene_1073",0.0782195170512949,0.0856888463175069,0.0792490007627663,0.0792490007627663
"gene_1074",0.184369489156552,0.146882521904847,0.178487175358358,0.178487175358358
"gene_1075",0.0909563312686789,0.109907327745476,0.0935388042415837,0.0935388042415837
"gene_1076",0.0861742028326779,0.058658653622385,0.0822261054664116,0.0822261054664116
"gene_1077",0.0573059703969753,0.0634037507073825,0.0591445828607806,0.0591445828607806
"gene_1078",0.0478375466164645,0.0546048640664317,0.0510377281902643,0.0510377281902643
"gene_1079",0.142423240242582,0.190151957417157,0.149409969011533,0.149409969011533
"gene_1080",1.06648085835819,1.48621684396103,1.14180549506872,1.14180549506872
"gene_1081",0.4211952080598,0.302313119378987,0.401615960435102,0.401615960435102
"gene_1082",0.659890559447587,0.941136227682704,0.707650264267005,0.707650264267005
"gene_1083",0.0922334553747193,0.0544428955766915,0.0842352728835349,0.0922334553747193
"gene_1084",0.0543590899862264,0.0511560902761191,0.0558207220428357,0.0558207220428357
"gene_1085",0.0621416468627495,0.050458411725779,0.0558287261252623,0.0558287261252623
"gene_1086",0.207442215972632,0.147201929105719,0.197634012840093,0.197634012840093
"gene_1087",0.0462733198798427,0.0904238952475281,0.0517230756591419,0.0517230756591419
"gene_1088",0.0559652284134235,0.0550247918220517,0.054161956906279,0.054161956906279
"gene_1089",0.0383132977200633,0.054663368048083,0.0401183956822537,0.0401183956822537
"gene_1090",0.0620320357728221,0.0586951520837951,0.0600134485726497,0.0600134485726497
"gene_1091",0.0582045832318126,0.05041951935338,0.0559471427596309,0.0559471427596309
"gene_1092",0.180418296447233,0.156600143765511,0.176729943447562,0.176729943447562
"gene_1093",0.665687625948858,0.878393102308927,0.706537617311011,0.706537617311011
"gene_1094",0.0583152002085801,0.0528334296090881,0.0572521773328891,0.0572521773328891
"gene_1095",0.0800815377702828,0.0719934947962202,0.0789733236929951,0.0789733236929951
"gene_1096",0.0729914434340893,0.0836033169840377,0.0742434821253269,0.0742434821253269
"gene_1097",0.11069630359573,0.133898750606127,0.114101376284704,0.114101376284704
"gene_1098",0.0931107624613722,0.0720092967587972,0.0901051280342597,0.0901051280342597
"gene_1099",0.107649508707313,0.121734059450569,0.109653693097245,0.109653693097245
"gene_1100",0.463313005358154,0.287903357010609,0.434112707653876,0.463313005358154
"gene_1101",0.0566474905971044,0.0921255362757879,0.0611075916150789,0.0611075916150789
"gene_1102",0.153322787953471,0.105768236876669,0.145904120157939,0.145904120157939
"gene_1103",0.111748090903874,0.0895672066165153,0.108450267658406,0.108450267658406
"gene_1104",0.108861832711515,0.113214833320903,0.109522282332871,0.109522282332871
"gene_1105",0.222351889257666,0.178551449124483,0.215611164087463,0.215611164087463
"gene_1106",0.0698736655558244,0.0914924279261574,0.0740442185711929,0.0740442185711929
"gene_1107",0.162849106477794,0.126736625297872,0.158858522974364,0.158858522974364
"gene_1108",0.0807803516714117,0.0978829573359879,0.0831594594748397,0.0831594594748397
"gene_1109",0.0624548634711464,0.0676250671834835,0.0631171535632595,0.0631171535632595
"gene_1110",0.0699055880056739,0.0553539209686828,0.0678814653733725,0.0678814653733725
"gene_1111",0.0494887019549904,0.0559898426770187,0.0502732781517402,0.0502732781517402
"gene_1112",0.117768019691029,0.119383343433104,0.119408931963704,0.119408931963704
"gene_1113",0.0523078227819124,0.0774899271452308,0.0558603411263828,0.0558603411263828
"gene_1114",0.251379232218725,0.204442507059181,0.243901220390738,0.243901220390738
"gene_1115",0.0901981604105758,0.0862019436328852,0.0890474695367413,0.0890474695367413
"gene_1116",0.131376399655335,0.209618060608455,0.143027035314845,0.143027035314845
"gene_1117",0.0512272953898866,0.0603783348707906,0.0523447469885165,0.0523447469885165
"gene_1118",0.191789516353865,0.163225988478514,0.187424624185868,0.187424624185868
"gene_1119",0.0699100708249345,0.0505886432236828,0.066080955090147,0.066080955090147
"gene_1120",0.139608296386336,0.150632063570942,0.141242754734814,0.141242754734814
"gene_1121",0.0886264590618057,0.0788034267300798,0.0859746722204892,0.0859746722204892
"gene_1122",0.147128958374944,0.289623231304224,0.168852443874979,0.168852443874979
"gene_1123",0.0845274914984326,0.0566214179540047,0.0796467765842553,0.0796467765842553
"gene_1124",0.0575853399733369,0.0607181326290127,0.0581800352913866,0.0581800352913866
"gene_1125",0.050164336714826,0.0508036703719289,0.050021849116173,0.050021849116173
"gene_1126",0.270895315820097,0.200866041699723,0.259689505275975,0.259689505275975
"gene_1127",0.144799245891069,0.172289831255858,0.148977375345829,0.148977375345829
"gene_1128",0.0641752884906262,0.0562564214043924,0.0631330470557368,0.0631330470557368
"gene_1129",0.185464258633426,0.229707449268973,0.192440061114026,0.192440061114026
"gene_1130",0.0868149264075915,0.112297214110399,0.0896115450766647,0.0896115450766647
"gene_1131",0.398474682347821,0.376176585507731,0.395243154454145,0.395243154454145
"gene_1132",0.0884932638680535,0.0748924548361378,0.086591491857413,0.086591491857413
"gene_1133",0.123802532737588,0.154318344498088,0.128232373313481,0.128232373313481
"gene_1134",0.0963400448534955,0.120122411430617,0.0997446247150613,0.0997446247150613
"gene_1135",0.0777206897298586,0.0836901239593348,0.0785388330966873,0.0785388330966873
"gene_1136",0.0907143395572244,0.102951385337815,0.0924004304056172,0.0924004304056172
"gene_1137",0.193741849655449,0.115360312357047,0.181259766089888,0.193741849655449
"gene_1138",0.0445601597137113,0.0559932243128413,0.0454957710407536,0.0454957710407536
"gene_1139",0.0532121566356792,0.0542734434545986,0.0533425269672655,0.0533425269672655
"gene_1140",0.0846749239926143,0.0636379566063919,0.081724358389981,0.081724358389981
"gene_1141",0.0453560158812509,0.0541439303221243,0.0483374496907974,0.0483374496907974
"gene_1142",0.0453828068902252,0.0542369616180559,0.0475888507668977,0.0475888507668977
"gene_1143",1.31421183951828,0.944327347320733,1.23901819509564,1.23901819509564
"gene_1144",0.043879667944251,0.0532037682979943,0.0469507254462704,0.0469507254462704
"gene_1145",0.0972531285387785,0.0878868678187567,0.0959043408457341,0.0959043408457341
"gene_1146",0.0530070391064353,0.0611279580565578,0.0540047209751471,0.0540047209751471
"gene_1147",0.228057512312107,0.162932776672476,0.217917172716647,0.217917172716647
"gene_1148",0.0334881557560865,0.0532782740903461,0.0339946877203944,0.0339946877203944
"gene_1149",0.0818617531252876,0.0778014518578079,0.0813054794436841,0.0813054794436841
"gene_1150",0.0911152417265789,0.0972083207719776,0.0919581878690329,0.0919581878690329
"gene_1151",0.905841679420198,1.25935708368157,0.969664700978471,0.969664700978471
"gene_1152",0.0642260666217056,0.0793235505412601,0.0662001163820009,0.0662001163820009
"gene_1153",0.0678399256922426,0.0558023201443111,0.0675741353902345,0.0675741353902345
"gene_1154",0.0473291245455703,0.0506394837832806,0.0505913811730655,0.0505913811730655
"gene_1155",0.0557725762649927,0.050666382505129,0.0541045968149917,0.0541045968149917
"gene_1156",0.0502365564671031,0.0513084774893196,0.0493234357488427,0.0493234357488427
"gene_1157",0.0763625437729622,0.0845596216710755,0.0774705315236292,0.0774705315236292
"gene_1158",0.468454743554471,0.381101440383568,0.451598756658628,0.451598756658628
"gene_1159",0.070796447660107,0.0837472115110887,0.072432775810144,0.072432775810144
"gene_1160",0.264222000650291,0.294268201229702,0.268709635256635,0.268709635256635
"gene_1161",0.0604406791296819,0.0830274156000793,0.0633515443617102,0.0633515443617102
"gene_1162",0.074744958096564,0.0621030500078713,0.0721908981095657,0.0721908981095657
"gene_1163",0.0633963014046482,0.0531234400952091,0.0613594209195227,0.0613594209195227
"gene_1164",0.0623901456277213,0.0679132000383047,0.0630519146169169,0.0630519146169169
"gene_1165",0.0544702821415816,0.0563661660777557,0.0547078296714728,0.0547078296714728
"gene_1166",0.0944223928355471,0.10737446438034,0.0962305283866901,0.0962305283866901
"gene_1167",0.0654580981522817,0.0655157257319064,0.0645232291897245,0.0645232291897245
"gene_1168",0.551158239724542,0.51421325709098,0.544408094906748,0.544408094906748
"gene_1169",1.35606785756996,0.960573223891295,1.27891107372868,1.27891107372868
"gene_1170",0.792692039785439,0.88715038123443,0.810313283233975,0.810313283233975
"gene_1171",0.144171717097354,0.142681801144924,0.14395609354288,0.14395609354288
"gene_1172",0.0573735123736394,0.0587336067287735,0.057548849148766,0.057548849148766
"gene_1173",0.060065070268949,0.0542453230702331,0.0611361374176594,0.0611361374176594
"gene_1174",0.0606717940409637,0.052393977869723,0.0602456388079118,0.0602456388079118
"gene_1175",0.0641744906283774,0.0581769037231831,0.0633934224045971,0.0633934224045971
"gene_1176",0.128228650298022,0.0991629823980562,0.123895592884606,0.123895592884606
"gene_1177",0.0737232834856285,0.0505914156174231,0.0711994857002336,0.0711994857002336
"gene_1178",0.301518513659165,0.296780881412557,0.300778458117546,0.300778458117546
"gene_1179",0.0576933392185057,0.0648746714598358,0.0599897165314286,0.0599897165314286
"gene_1180",0.0546922600263322,0.06112794732876,0.0554940887309896,0.0554940887309896
"gene_1181",0.211081198304088,0.232190033317931,0.214316397459704,0.214316397459704
"gene_1182",0.053789231782667,0.0586726416982436,0.0523337550990149,0.0523337550990149
"gene_1183",0.0591471446901029,0.0597445243144695,0.0592252291700754,0.0592252291700754
"gene_1184",0.14866698242877,0.139915428133195,0.147351043333629,0.147351043333629
"gene_1185",0.640134363985694,0.504812743673212,0.61755935775363,0.61755935775363
"gene_1186",0.38910105855304,0.295178583569129,0.373979422926513,0.373979422926513
"gene_1187",0.0902470890741587,0.0836892983244726,0.089304027684075,0.089304027684075
"gene_1188",0.0491105511260427,0.0531452654920038,0.0499550969209214,0.0499550969209214
"gene_1189",0.236652532237214,0.240632584643646,0.23728415275592,0.23728415275592
"gene_1190",0.0884090946736239,0.0923451692267861,0.0906637273416057,0.0906637273416057
"gene_1191",0.0488315291520775,0.0563348621914669,0.0505187600387322,0.0505187600387322
"gene_1192",0.0342057471683932,0.0547695696727046,0.0360970501953722,0.0360970501953722
"gene_1193",0.0792646303863001,0.0685957425160126,0.077802283254043,0.077802283254043
"gene_1194",0.0572036210241243,0.0516361092877741,0.0556035741100074,0.0556035741100074
"gene_1195",0.0416670199800307,0.0505919175481151,0.0458308035110918,0.0458308035110918
"gene_1196",0.083606940170102,0.0685990416323496,0.0814555543352704,0.0814555543352704
"gene_1197",0.0500440556360549,0.0505045735096942,0.0523682010132302,0.0523682010132302
"gene_1198",0.107867746336443,0.0884740027798912,0.106283264717083,0.106283264717083
"gene_1199",0.0978763428880718,0.0767855912993136,0.0939262497437488,0.0939262497437488
"gene_1200",0.0884499870778459,0.070581087489446,0.0878481686788527,0.0878481686788527
"gene_1201",0.0994188171192715,0.0973694971713825,0.0997935124629857,0.0997935124629857
"gene_1202",0.0575514539149105,0.0728741759810766,0.0594866270122735,0.0594866270122735
"gene_1203",0.81803627625181,0.880633545444251,0.829621578898579,0.829621578898579
"gene_1204",0.331373522837503,0.290518074329397,0.324764628000806,0.324764628000806
"gene_1205",0.112723259821417,0.113153014941288,0.112744466714284,0.112744466714284
"gene_1206",0.683783252282436,0.73389317128028,0.692464794243502,0.692464794243502
"gene_1207",0.122039041833231,0.0911261090048136,0.116551012593247,0.116551012593247
"gene_1208",0.0368873047063592,0.0506412784013221,0.0402039372934967,0.0402039372934967
"gene_1209",0.074396019167586,0.0645920106622751,0.0730598372386384,0.0730598372386384
"gene_1210",0.129685994167567,0.106161472636452,0.126218566767612,0.126218566767612
"gene_1211",0.0498240709005539,0.0543704660178402,0.0503678272063646,0.0503678272063646
"gene_1212",0.0555114907971614,0.052557604674435,0.0545245000891631,0.0545245000891631
"gene_1213",0.0516629786947493,0.0555115250886777,0.0521326704895263,0.0521326704895263
"gene_1214",1.3113054661097,1.21720154049095,1.29331820831403,1.29331820831403
"gene_1215",0.30992840795004,0.397573421078947,0.324470817332278,0.324470817332278
"gene_1216",0.0778018860905485,0.0809706925499739,0.0791153486279435,0.0791153486279435
"gene_1217",0.0890855692363661,0.0624975403414958,0.0845002031115475,0.0845002031115475
"gene_1218",0.333009152777361,0.297708921059041,0.327234630886383,0.327234630886383
"gene_1219",0.0546133032990607,0.050686797460847,0.0567937172446201,0.0567937172446201
"gene_1220",0.0613253042605926,0.0827066712003577,0.0640778725067786,0.0640778725067786
"gene_1221",0.0938223704573229,0.0878792646689507,0.0929880862634764,0.0929880862634764
"gene_1222",0.0533786166665656,0.0553289571330004,0.0545669082282968,0.0545669082282968
"gene_1223",0.0589373744697105,0.0545887052694882,0.0590523948019419,0.0590523948019419
"gene_1224",0.0621784935703255,0.0536567490856004,0.0613044068162918,0.0613044068162918
"gene_1225",0.49450803298341,0.553512386507751,0.504096356535514,0.504096356535514
"gene_1226",0.657905952344977,1.4609415426783,0.79709516025178,0.79709516025178
"gene_1227",0.138722250796761,0.109418472934578,0.135731555934605,0.135731555934605
"gene_1228",0.10002411692091,0.068391992104843,0.0954030658332342,0.0954030658332342
"gene_1229",0.0439420828601352,0.0574510760238394,0.0443269813146919,0.0443269813146919
"gene_1230",0.0643161633582351,0.0594717363906655,0.0636805441490172,0.0636805441490172
"gene_1231",0.0596701794260264,0.0648751522507079,0.0603329443367743,0.0603329443367743
"gene_1232",0.0510158845303194,0.0697732729532075,0.0532204524053264,0.0532204524053264
"gene_1233",0.0548990221006733,0.0531175208953171,0.057449691195992,0.057449691195992
"gene_1234",0.0812493048223094,0.0552812441826239,0.0800905611684471,0.0800905611684471
"gene_1235",0.0753231846310222,0.0658640441896461,0.0740451891325389,0.0740451891325389
"gene_1236",0.130248315119843,0.0896401249462781,0.123654807761587,0.123654807761587
"gene_1237",0.0544456380272373,0.0593821481547276,0.0552482348167233,0.0552482348167233
"gene_1238",0.168511989831722,0.146247660333382,0.165120549074303,0.165120549074303
"gene_1239",0.0694072596415481,0.0909232844084064,0.0722015429746466,0.0722015429746466
"gene_1240",0.0471785377847129,0.0507295513014919,0.0478109886312311,0.0478109886312311
"gene_1241",0.0510270543527003,0.0577880191313702,0.0526442640326828,0.0526442640326828
"gene_1242",0.0495443627265892,0.051502528265639,0.0481003536769397,0.0481003536769397
"gene_1243",0.0739588270601758,0.0783715956456621,0.0750661399334627,0.0750661399334627
"gene_1244",0.151588843605334,0.154081768619117,0.15195550363673,0.15195550363673
"gene_1245",0.0743444375971151,0.0525387206585389,0.0688886192348826,0.0688886192348826
"gene_1246",0.0825598980135364,0.0709793292767708,0.0800684093714765,0.0800684093714765
"gene_1247",0.190218476821519,0.147741477805675,0.182967789468392,0.182967789468392
"gene_1248",0.0783937565798758,0.0685640839210029,0.0771884636261524,0.0771884636261524
"gene_1249",0.0599094312636072,0.0522204015981691,0.0589171006653444,0.0589171006653444
"gene_1250",0.0678528924671607,0.0642587184698064,0.0672007198104501,0.0672007198104501
"gene_1251",0.0666476663837743,0.0586512604692435,0.0655951568578823,0.0655951568578823
"gene_1252",0.0487881221010942,0.0522521274532712,0.0496507008597975,0.0496507008597975
"gene_1253",0.328627139460377,0.527774241981758,0.363579255673063,0.363579255673063
"gene_1254",0.0496639460511825,0.0598902394316811,0.0517219381135746,0.0517219381135746
"gene_1255",0.0824678291227273,0.0710279819788236,0.080888112170642,0.080888112170642
"gene_1256",1.26183989529043,1.01893600170848,1.21405616659868,1.21405616659868
"gene_1257",0.0658256780371325,0.0875100795592764,0.0686498546208106,0.0686498546208106
"gene_1258",0.213522970651365,0.14604610732513,0.205281370091108,0.205281370091108
"gene_1259",0.0609440873799615,0.0505180941093091,0.0595455798684712,0.0595455798684712
"gene_1260",0.106104792088182,0.0848323696152976,0.104793294637586,0.104793294637586
"gene_1261",0.0887142824128902,0.0680871986030329,0.0857955933393073,0.0857955933393073
"gene_1262",0.0662140002549383,0.0518770295900431,0.0666603140087128,0.0666603140087128
"gene_1263",0.129710733168794,0.102867060797174,0.125659392018852,0.125659392018852
"gene_1264",0.0432934386444015,0.0513658143413629,0.0442660555577249,0.0442660555577249
"gene_1265",0.189147263789028,0.156004151445299,0.183943856279338,0.183943856279338
"gene_1266",0.881090166712001,1.05798819135253,0.911603923144926,0.911603923144926
"gene_1267",0.0570224884609336,0.0573864449257642,0.0574542760683688,0.0574542760683688
"gene_1268",0.716481521093755,0.772451379759037,0.729041776279943,0.729041776279943
"gene_1269",0.217937000439471,0.212229382976077,0.217087961043092,0.217087961043092
"gene_1270",0.04713645148201,0.050598464849575,0.0520535059696478,0.0520535059696478
"gene_1271",0.144386758337514,0.141855412460204,0.143785365938015,0.143785365938015
"gene_1272",0.0573997643994215,0.0512034880031622,0.0578967681369746,0.0578967681369746
"gene_1273",0.0462474036311532,0.0550861227094646,0.0486063810131789,0.0486063810131789
"gene_1274",0.0947050126123448,0.0599611753107396,0.0867823796769876,0.0947050126123448
"gene_1275",0.04128396214369,0.0534954713646177,0.0431109717174862,0.0431109717174862
"gene_1276",0.112237279765566,0.121368335962269,0.113559486075952,0.113559486075952
"gene_1277",0.071743569321257,0.0778125413193566,0.0725624730402627,0.0725624730402627
"gene_1278",0.423291146763229,0.318920963102664,0.405393062896295,0.405393062896295
"gene_1279",0.0432089014569202,0.0506462161910866,0.0440078200142922,0.0440078200142922
"gene_1280",0.144763552342596,0.124586118337722,0.141716057939937,0.141716057939937
"gene_1281",0.107235023079709,0.096259564591137,0.105618534426197,0.105618534426197
"gene_1282",0.0531879697964968,0.0745905989441644,0.0558366129166828,0.0558366129166828
"gene_1283",0.052324679587298,0.0518156892766794,0.0535997730851913,0.0535997730851913
"gene_1284",0.495472030724631,0.73519741968032,0.536597718432984,0.536597718432984
"gene_1285",0.0958920496761047,0.0777797457805529,0.0932934609668073,0.0932934609668073
"gene_1286",0.239238753465697,0.276085223058453,0.245329369689793,0.245329369689793
"gene_1287",0.0753074291461383,0.0598007593792503,0.0733523781665658,0.0733523781665658
"gene_1288",0.0460238836993836,0.0536650737702384,0.0469227267007138,0.0469227267007138
"gene_1289",0.135053333828299,0.13113964340945,0.136138752506409,0.136138752506409
"gene_1290",0.944890191657403,0.714506629940102,0.900641132194345,0.900641132194345
"gene_1291",0.053103136385357,0.0507334135393365,0.0498576252256154,0.0498576252256154
"gene_1292",0.0548010270533961,0.0562872503927077,0.054990079953081,0.054990079953081
"gene_1293",0.0766181678588859,0.0689022299788024,0.0755770109571047,0.0755770109571047
"gene_1294",0.121751411785317,0.150841427045425,0.125919208827158,0.125919208827158
"gene_1295",0.377097518816362,0.269934004366351,0.358742655577092,0.358742655577092
"gene_1296",0.0850344966651187,0.0563069147794429,0.0814210432496016,0.0814210432496016
"gene_1297",0.276473448467153,0.245078616044421,0.271664995071397,0.271664995071397
"gene_1298",0.121559280360932,0.127977930027336,0.122500541844422,0.122500541844422
"gene_1299",0.046681596713201,0.0504162198447875,0.0515205087889268,0.0515205087889268
"gene_1300",0.0682624105573924,0.0785226953210617,0.0696193422029335,0.0696193422029335
"gene_1301",0.0864145442724423,0.113290084062216,0.0901164649532666,0.0901164649532666
"gene_1302",0.348957207231618,0.29022918041458,0.339817262021226,0.339817262021226
"gene_1303",0.615416414603438,0.622608358047892,0.616517648259738,0.616517648259738
"gene_1304",0.0566381646183207,0.0507426938600021,0.0510930752988273,0.0510930752988273
"gene_1305",0.567020851141424,0.618137589998287,0.575679087794366,0.575679087794366
"gene_1306",0.76233529387633,0.979080060543366,0.801693135752259,0.801693135752259
"gene_1307",0.345746029032791,0.285671531949896,0.336325289005464,0.336325289005464
"gene_1308",0.0616531245412565,0.0571040386450721,0.0612753808169254,0.0612753808169254
"gene_1309",0.108523160270502,0.102042210740188,0.107589173310132,0.107589173310132
"gene_1310",0.0474158082419559,0.0522970540063165,0.0454983626080489,0.0454983626080489
"gene_1311",0.0526101691884436,0.0506494805771056,0.0523526219752102,0.0523526219752102
"gene_1312",0.0679061045465298,0.0684376596498642,0.0681994063383908,0.0681994063383908
"gene_1313",0.107457897291434,0.0619698831314898,0.100574684977805,0.107457897291434
"gene_1314",0.0499831223391157,0.0531073077274216,0.0485123708199588,0.0485123708199588
"gene_1315",0.0465261529049716,0.057662302665669,0.0488873927442683,0.0488873927442683
"gene_1316",0.158772799816711,0.151465682807182,0.157699158548593,0.157699158548593
"gene_1317",0.0505654222040295,0.0751929756963719,0.0535439207107349,0.0535439207107349
"gene_1318",0.0604904923879232,0.0586788302063591,0.0614938135758183,0.0614938135758183
"gene_1319",0.127515582957394,0.115479370608838,0.125745231485533,0.125745231485533
"gene_1320",0.0972079399159501,0.100624074209708,0.0977360230674399,0.0977360230674399
"gene_1321",0.721717184399386,0.493896066592037,0.685216809855394,0.685216809855394
"gene_1322",0.0601584814507073,0.0604333455839318,0.0602291437846959,0.0602291437846959
"gene_1323",0.329273828330177,0.429594099203902,0.3463068604198,0.3463068604198
"gene_1324",0.953661200587418,0.833679438756139,0.934011395550956,0.934011395550956
"gene_1325",0.173937352174487,0.127989430269646,0.166778107860414,0.166778107860414
"gene_1326",0.0544454452958674,0.0575056226742311,0.0548223178204277,0.0548223178204277
"gene_1327",0.110117365164559,0.145618130171307,0.115657843429847,0.115657843429847
"gene_1328",0.0631938472705636,0.0690818766473202,0.0639516176448769,0.0639516176448769
"gene_1329",0.337172444187967,0.323497978384474,0.334879238677226,0.334879238677226
"gene_1330",0.123689438864143,0.129301883391412,0.122924411526096,0.122924411526096
"gene_1331",0.394524161158083,0.453133173805424,0.401583856109668,0.401583856109668
"gene_1332",0.207982697708419,0.281821430897682,0.219491956947631,0.219491956947631
"gene_1333",0.0758827465301707,0.0831816394751699,0.0760770772198114,0.0760770772198114
"gene_1334",0.03258532578105,0.0504236928545087,0.0334428605623758,0.0334428605623758
"gene_1335",0.0898952602819506,0.0723953673134078,0.0874194488302169,0.0874194488302169
"gene_1336",0.0794976827320364,0.0704472594084001,0.0782666298544564,0.0782666298544564
"gene_1337",0.080522048559276,0.0837015878375639,0.0814697502079247,0.0814697502079247
"gene_1338",0.403084032940906,0.963275458293304,0.503791323659308,0.503791323659308
"gene_1339",0.0974419936781416,0.09666262782752,0.0973332398622136,0.0973332398622136
"gene_1340",0.16502141547818,0.16117718242307,0.164454202270848,0.164454202270848
"gene_1341",0.0474574606875745,0.0505934550401278,0.048556627449951,0.048556627449951
"gene_1342",1.26181152777108,1.01346206305398,1.21103377845768,1.21103377845768
"gene_1343",1.05847519412799,0.874671153092189,1.0257296381814,1.0257296381814
"gene_1344",0.0688136502120675,0.0506211371392796,0.0608955440630697,0.0608955440630697
"gene_1345",0.0589283541989406,0.0601349382976794,0.0590810818051787,0.0590810818051787
"gene_1346",0.181537265043934,0.137086862846654,0.174445771905708,0.174445771905708
"gene_1347",0.0573941162991505,0.0525544121090028,0.0567792427360456,0.0567792427360456
"gene_1348",0.164530809286228,0.14351443780467,0.159369805383677,0.159369805383677
"gene_1349",0.278559650107492,0.356965108830775,0.291384181701192,0.291384181701192
"gene_1350",0.0451117057679629,0.0654713287084175,0.0460360656918115,0.0460360656918115
"gene_1351",0.319235280769369,0.303749135030713,0.316686270093546,0.316686270093546
"gene_1352",0.0756936202613975,0.056351369872812,0.070550042201658,0.070550042201658
"gene_1353",0.267335329539935,0.209863850910099,0.258118597775953,0.258118597775953
"gene_1354",0.141965772315467,0.136024891095876,0.141062046008265,0.141062046008265
"gene_1355",0.0805478018377097,0.0507596777331798,0.0747103203758033,0.0805478018377097
"gene_1356",0.0769194460707771,0.0916043553034916,0.0792261532785186,0.0792261532785186
"gene_1357",0.0965363344540134,0.112669793709691,0.0988103232315968,0.0988103232315968
"gene_1358",0.249043868280852,0.177257230238635,0.237654514752414,0.237654514752414
"gene_1359",0.0987952348263758,0.117242287970889,0.101445732275235,0.101445732275235
"gene_1360",0.0930082100614827,0.09348541269185,0.093025109405079,0.093025109405079
"gene_1361",0.0373899978504582,0.0511125766688013,0.0386754776803009,0.0386754776803009
"gene_1362",0.0718007227478605,0.0594216260289868,0.0715730574349044,0.0715730574349044
"gene_1363",0.0608596083628039,0.0514074678073368,0.0616906311486114,0.0616906311486114
"gene_1364",0.0610245453202982,0.0856475551390455,0.064502731957295,0.064502731957295
"gene_1365",0.130586585147006,0.129926108458878,0.130549669071276,0.130549669071276
"gene_1366",0.126485822432514,0.156868862219831,0.130918829718428,0.130918829718428
"gene_1367",0.137982456028904,0.0910873780346349,0.131278911054396,0.131278911054396
"gene_1368",0.055926718658446,0.0627511727331703,0.0567764836396364,0.0567764836396364
"gene_1369",0.0557733890218597,0.0517931008031716,0.0546067100575221,0.0546067100575221
"gene_1370",0.161364815623942,0.175915355575292,0.163746006924072,0.163746006924072
"gene_1371",0.0508347532780317,0.0551865183341354,0.0522484009325567,0.0522484009325567
"gene_1372",0.0533555535491385,0.0508157035280268,0.0502257450201318,0.0502257450201318
"gene_1373",0.0527052330781302,0.0520518883946296,0.0534809842311364,0.0534809842311364
"gene_1374",0.0505375719845099,0.050636402187438,0.0547847045446264,0.0547847045446264
"gene_1375",0.18579155113438,0.164764676430644,0.184036943810793,0.184036943810793
"gene_1376",0.279514619935429,0.476703716335946,0.312916221611401,0.312916221611401
"gene_1377",0.0478923468619722,0.0506671984935697,0.0497763270980447,0.0497763270980447
"gene_1378",0.07014306625623,0.0688811288061267,0.0717190351583402,0.0717190351583402
"gene_1379",0.981668404645973,0.991016638008981,0.983536487520823,0.983536487520823
"gene_1380",0.0710979536805457,0.0570558060629545,0.0691906809092464,0.0691906809092464
"gene_1381",0.0463877707864014,0.0518027669893144,0.0462874371347663,0.0462874371347663
"gene_1382",0.0489534016724647,0.0513151322583336,0.0469003281972542,0.0469003281972542
"gene_1383",0.0484956641465247,0.0567193753943336,0.0494732798544853,0.0494732798544853
"gene_1384",0.0514950659567983,0.0506935210182343,0.0518442055828204,0.0518442055828204
"gene_1385",0.0443019632139519,0.0506440043941977,0.0441249925012688,0.0441249925012688
"gene_1386",0.149422737437879,0.183387404295973,0.15450579345901,0.15450579345901
"gene_1387",0.0564092747429023,0.0508422156795419,0.0576793710914203,0.0576793710914203
"gene_1388",0.222949887086726,0.205150720954395,0.220235063293589,0.220235063293589
"gene_1389",0.0441084022928991,0.0504162542491172,0.0457561311975055,0.0457561311975055
"gene_1390",0.0605615400056801,0.0685493808034248,0.0632735536607704,0.0632735536607704
"gene_1391",0.141822641877762,0.168391695192656,0.145805440807408,0.145805440807408
"gene_1392",0.0566117847897255,0.0508030181965912,0.0542377018129102,0.0542377018129102
"gene_1393",0.0544563351456198,0.0668950427271786,0.0560091560464228,0.0560091560464228
"gene_1394",0.0762880952367127,0.0506724604196704,0.0771169540842112,0.0771169540842112
"gene_1395",0.0478932744017609,0.065278292143424,0.049268859284556,0.049268859284556
"gene_1396",0.0549722556215302,0.0538351366332133,0.0536979355336475,0.0536979355336475
"gene_1397",0.769222615106903,0.573453986911705,0.73386283338169,0.73386283338169
"gene_1398",0.0717443805036564,0.10187963605471,0.0757655104070572,0.0757655104070572
"gene_1399",0.510668468414164,0.417065391111328,0.495343159594207,0.495343159594207
"gene_1400",0.0754314575879666,0.0696548851845359,0.0746558800015051,0.0746558800015051
"gene_1401",1.60067601492179,1.12647483641356,1.50320437422595,1.50320437422595
"gene_1402",0.0635967271598411,0.0591052260941201,0.0630155069642616,0.0630155069642616
"gene_1403",0.0936150126449059,0.110575957543271,0.0951748860551758,0.0951748860551758
"gene_1404",0.170058068601189,0.143204145310375,0.165872674304985,0.165872674304985
"gene_1405",0.564702695135495,0.446429413270097,0.545629363480158,0.545629363480158
"gene_1406",1.11028818521561,1.19971694675233,1.12703882707673,1.12703882707673
"gene_1407",0.0546634240860007,0.0544598045101563,0.0522633810183728,0.0522633810183728
"gene_1408",0.100214028858689,0.0860775381058158,0.0981962551792334,0.0981962551792334
"gene_1409",0.0646683687995885,0.075790494577759,0.0660980873216202,0.0660980873216202
"gene_1410",0.196053954982625,0.277979176959764,0.208844560252261,0.208844560252261
"gene_1411",0.0785695791824406,0.0819904824408142,0.0790335404226014,0.0790335404226014
"gene_1412",0.0498107248071742,0.0539675823118506,0.0503108264464939,0.0503108264464939
"gene_1413",0.188221119386936,0.154855084391683,0.183038117099358,0.183038117099358
"gene_1414",0.0603157630434401,0.0551785957867118,0.0582610168255659,0.0582610168255659
"gene_1415",0.088815264675715,0.0792240547656357,0.0874666863145182,0.0874666863145182
"gene_1416",0.0464743701075746,0.0542315926333366,0.0480080041241776,0.0480080041241776
"gene_1417",0.0560338183813342,0.050610955980584,0.0544610340146984,0.0544610340146984
"gene_1418",0.0600965945439803,0.0517109912534741,0.0565079636764255,0.0565079636764255
"gene_1419",0.381273493807753,0.542896392857554,0.407221552204735,0.407221552204735
"gene_1420",1.26125451812021,1.23565739957482,1.25664776190227,1.25664776190227
"gene_1421",1.2137401322898,1.01842405069506,1.17666609991954,1.17666609991954
"gene_1422",0.345637170569044,0.581787169215545,0.384630946144657,0.384630946144657
"gene_1423",0.773032121962621,1.01744628368596,0.821611802501935,0.821611802501935
"gene_1424",0.037967763411836,0.0504406460656712,0.0392663367898239,0.0392663367898239
"gene_1425",0.0610971293388572,0.0682038862727122,0.0620011665958264,0.0620011665958264
"gene_1426",0.0622517806453575,0.0679318917430701,0.0629827359473557,0.0629827359473557
"gene_1427",0.0332295855378338,0.0506288762000078,0.0358708478782229,0.0358708478782229
"gene_1428",0.16099319530608,0.146146596008448,0.158777238787624,0.158777238787624
"gene_1429",0.231706609460314,0.210609965945232,0.22841689704821,0.22841689704821
"gene_1430",0.0400341826334063,0.0504900493956581,0.041987298995526,0.041987298995526
"gene_1431",0.233234817028471,0.178944257432073,0.224587585607914,0.224587585607914
"gene_1432",0.100202580396752,0.0682201881127359,0.0933970710869921,0.0933970710869921
"gene_1433",0.172854667461734,0.189878744041216,0.175492111123481,0.175492111123481
"gene_1434",0.0887410071682036,0.116242117909383,0.0926349413803813,0.0926349413803813
"gene_1435",0.122860808130063,0.12173522932606,0.122690968680186,0.122690968680186
"gene_1436",0.250754606311499,0.221004897230689,0.246062396209234,0.246062396209234
"gene_1437",0.103983693468147,0.0981044826245054,0.102176428529207,0.102176428529207
"gene_1438",0.0964883193854006,0.084487877310695,0.0931971132677578,0.0931971132677578
"gene_1439",0.250508567723988,0.290224473527554,0.256818930817171,0.256818930817171
"gene_1440",0.110584425453309,0.108796738207319,0.110331171972453,0.110331171972453
"gene_1441",0.0540122741151634,0.0511145553797239,0.0546196136300276,0.0546196136300276
"gene_1442",0.921626567497979,0.875600581147727,0.913128628541281,0.913128628541281
"gene_1443",0.134177991731192,0.164609706568231,0.13869688329761,0.13869688329761
"gene_1444",0.496697367011501,0.463438036641086,0.490906120306167,0.490906120306167
"gene_1445",0.208974884397848,0.19907712927348,0.207410293017797,0.207410293017797
"gene_1446",0.115927218473942,0.101494181769395,0.114068936472067,0.114068936472067
"gene_1447",0.638533727490658,1.02972787099119,0.712426329832201,0.712426329832201
"gene_1448",0.0547067193513786,0.0734471582954649,0.0570215992158716,0.0570215992158716
"gene_1449",0.186443065450153,0.170252553940573,0.183956436081134,0.183956436081134
"gene_1450",0.757301071266585,0.586794019311545,0.725649001787384,0.725649001787384
"gene_1451",0.467476086021006,0.47958194385959,0.469628492689097,0.469628492689097
"gene_1452",0.257392277142483,0.247649468901455,0.255535189610703,0.255535189610703
"gene_1453",0.124169056551998,0.122532165514199,0.123938488929003,0.123938488929003
"gene_1454",0.0606959981565715,0.0562441156376591,0.0618406946228324,0.0618406946228324
"gene_1455",0.0518794806280015,0.0587091052822954,0.0543177369601911,0.0543177369601911
"gene_1456",0.26378108125285,0.299616613989026,0.269484988325881,0.269484988325881
"gene_1457",0.302744827678188,0.342043517963147,0.309214370114604,0.309214370114604
"gene_1458",0.1476396384719,0.156575890188969,0.148981449505084,0.148981449505084
"gene_1459",1.04226055350192,0.89291155665385,1.01498305142217,1.01498305142217
"gene_1460",0.133087991757265,0.140794965753999,0.134278073525889,0.134278073525889
"gene_1461",0.0555460415448221,0.0551097313002009,0.0553856699235295,0.0553856699235295
"gene_1462",0.0718618293178216,0.0716046143705904,0.0704664702890009,0.0704664702890009
"gene_1463",0.0844439335355324,0.0655883193573424,0.0817890719738104,0.0817890719738104
"gene_1464",0.073668124569271,0.0690415091450783,0.0730417666677019,0.0730417666677019
"gene_1465",0.0455080601893917,0.0506819150636508,0.0441239963219535,0.0441239963219535
"gene_1466",0.213991825933552,0.264447691130307,0.221830667622979,0.221830667622979
"gene_1467",0.29317280186026,0.190045444170113,0.275812176770665,0.29317280186026
"gene_1468",0.0777939612699118,0.0984086849358039,0.0804920169170618,0.0804920169170618
"gene_1469",0.103183796061591,0.0698042197427372,0.0972715468407593,0.0972715468407593
"gene_1470",0.0959808387355861,0.0969954653594778,0.0961243753328266,0.0961243753328266
"gene_1471",0.0930270477187862,0.076570482086923,0.0906972206301755,0.0906972206301755
"gene_1472",0.232223991644498,0.223952680607157,0.230995129421334,0.230995129421334
"gene_1473",0.0396827067349287,0.0506189042581698,0.042793183897297,0.042793183897297
"gene_1474",0.055545371902442,0.0587944648350412,0.0561581267393339,0.0561581267393339
"gene_1475",0.0519900063193041,0.0619643203663095,0.053500223000584,0.053500223000584
"gene_1476",0.116175825715231,0.149330665874801,0.120931682055422,0.120931682055422
"gene_1477",0.0693823080065242,0.0604358125361403,0.0704104258708029,0.0704104258708029
"gene_1478",0.062418055499492,0.0506657374849481,0.0580019237511408,0.0580019237511408
"gene_1479",0.829750069030769,1.19084872078059,0.893670500622344,0.893670500622344
"gene_1480",0.112442547130472,0.0988826197225441,0.111364143543518,0.111364143543518
"gene_1481",0.161791319915289,0.139141637723582,0.158351417244886,0.158351417244886
"gene_1482",0.461194004419733,0.581327711478277,0.48022480295779,0.48022480295779
"gene_1483",0.0927544201150881,0.0978459709058267,0.093460228905738,0.093460228905738
"gene_1484",0.100759235656534,0.118206897782882,0.103258773525871,0.103258773525871
"gene_1485",0.200702401270877,0.170423006538132,0.195999078360647,0.195999078360647
"gene_1486",0.189467006054173,0.121695554884052,0.178636398846518,0.189467006054173
"gene_1487",0.937497324517319,1.10852865509999,0.968812366618606,0.968812366618606
"gene_1488",0.0440682044179753,0.0519487297450037,0.0464071707294011,0.0464071707294011
"gene_1489",0.14632079448403,0.137522607895875,0.144191127997138,0.144191127997138
"gene_1490",0.0486625555116142,0.0631376638891656,0.0508520344497673,0.0508520344497673
"gene_1491",0.0694751688942301,0.082337630515108,0.0712240793478924,0.0712240793478924
"gene_1492",0.0921566367837253,0.081839327538021,0.0906879546226655,0.0906879546226655
"gene_1493",0.0475268014896057,0.05135887139781,0.0488020694773056,0.0488020694773056
"gene_1494",0.195807642583994,0.172623742443053,0.19216730804104,0.19216730804104
"gene_1495",0.0952228245706539,0.120228907955908,0.0988111595687727,0.0988111595687727
"gene_1496",0.0552767696346195,0.0504121490690336,0.0537301168101319,0.0537301168101319
"gene_1497",0.0596641775935848,0.0602674757799336,0.0616335446769096,0.0616335446769096
"gene_1498",0.107576619667151,0.0711754519286196,0.102731540372879,0.102731540372879
"gene_1499",0.214121425176229,0.194686962416158,0.211091685982631,0.211091685982631
"gene_1500",0.0656148539035413,0.0507142734855959,0.061983826575109,0.061983826575109
"gene_1501",0.0708564861431074,0.063107265490349,0.0698179024144173,0.0698179024144173
"gene_1502",0.0537457490846384,0.0505424208645501,0.0552018674529578,0.0552018674529578
"gene_1503",0.0678144929304789,0.0556487684226954,0.0661844335376711,0.0661844335376711
"gene_1504",0.0715588162301187,0.0632371880084709,0.0728021050470042,0.0728021050470042
"gene_1505",0.187388013641178,0.163273625721665,0.183558646453616,0.183558646453616
"gene_1506",0.074932215334197,0.101786346605796,0.0789294255579565,0.0789294255579565
"gene_1507",0.0548965244835528,0.0547606658261549,0.0548756626925064,0.0548756626925064
"gene_1508",0.0659454601591153,0.0603601152123742,0.0648444352692511,0.0648444352692511
"gene_1509",0.181359477084741,0.144069345264291,0.175520141107313,0.175520141107313
"gene_1510",0.0431309376310068,0.0504502268499025,0.0437338641188093,0.0437338641188093
"gene_1511",0.0422879711194661,0.0658136809844437,0.0461352913042615,0.0461352913042615
"gene_1512",0.0759433189000966,0.0838855920281256,0.0770264764683942,0.0770264764683942
"gene_1513",0.590224937111965,0.972872483196641,0.650092203093115,0.650092203093115
"gene_1514",0.41383509547763,0.230921215559864,0.382737291609642,0.41383509547763
"gene_1515",0.077730164378973,0.0858547582549619,0.0788395921379023,0.0788395921379023
"gene_1516",0.0453117207797861,0.0506600367685583,0.0467186824280172,0.0467186824280172
"gene_1517",0.167669902781193,0.17479301253062,0.16916773386585,0.16916773386585
"gene_1518",0.358603706778346,0.342557280907126,0.35344070254835,0.35344070254835
"gene_1519",0.0819562499087263,0.0727336543476417,0.0806836206609085,0.0806836206609085
"gene_1520",0.0617446990277458,0.0559048511597028,0.0609614221071007,0.0609614221071007
"gene_1521",0.323774253262514,0.404157759523338,0.336800739361004,0.336800739361004
"gene_1522",0.6807537462497,0.599820273580551,0.666940392958445,0.666940392958445
"gene_1523",0.123783457445827,0.174453847876218,0.131156406216413,0.131156406216413
"gene_1524",0.129636225673564,0.150626829287354,0.132746782483713,0.132746782483713
"gene_1525",0.0460779936800038,0.0505346122964776,0.0439696389118426,0.0439696389118426
"gene_1526",0.108333491392687,0.132917039730091,0.112575153833562,0.112575153833562
"gene_1527",0.0627169000078935,0.0726815153234086,0.0640090084585862,0.0640090084585862
"gene_1528",0.0650249872891058,0.0506949700529651,0.0604119482751514,0.0604119482751514
"gene_1529",1.37869828697854,0.833076927659244,1.270055394944,1.37869828697854
"gene_1530",0.158111973063704,0.192592074663965,0.163322339044688,0.163322339044688
"gene_1531",0.128899561622796,0.0911051615863703,0.123139897933582,0.123139897933582
"gene_1532",0.0569535434901643,0.0571291538457827,0.0570025807939788,0.0570025807939788
"gene_1533",0.129012836726042,0.0843710943253292,0.122059306314338,0.122059306314338
"gene_1534",0.0939340771021838,0.067675394981725,0.0900552315333477,0.0900552315333477
"gene_1535",0.14814399696998,0.182581348041962,0.152122020862118,0.152122020862118
"gene_1536",0.0612105378226428,0.0672117398504147,0.0632339844463969,0.0632339844463969
"gene_1537",0.0486618294838145,0.0531878013388933,0.0495419409850044,0.0495419409850044
"gene_1538",0.0843620569539412,0.0773873273552065,0.0834016173103733,0.0834016173103733
"gene_1539",0.0753172334558293,0.0748818039802979,0.0752535167577822,0.0752535167577822
"gene_1540",0.0516318856831029,0.0504645834638077,0.0487486350219204,0.0487486350219204
"gene_1541",0.0742722411185569,0.0646407459388336,0.0729639451847756,0.0729639451847756
"gene_1542",0.0922445299443875,0.103136388426881,0.0937660766216214,0.0937660766216214
"gene_1543",0.0679798754589945,0.0544789185869385,0.0661662702967943,0.0661662702967943
"gene_1544",0.0560130157088698,0.0515962312290806,0.0567938511096006,0.0567938511096006
"gene_1545",0.173490948767752,0.124248476297857,0.165974411182306,0.165974411182306
"gene_1546",0.152549228632833,0.243604043232851,0.166623110376158,0.166623110376158
"gene_1547",0.12785818894503,0.118213760837947,0.126433955056939,0.126433955056939
"gene_1548",0.219832318428704,0.205660607881627,0.219825851885108,0.219825851885108
"gene_1549",0.108943044253463,0.0697715798252138,0.103031808554393,0.108943044253463
"gene_1550",0.0928735744875948,0.131796454885062,0.0983371976690808,0.0983371976690808
"gene_1551",0.112647189067992,0.202412892049747,0.126112609877509,0.126112609877509
"gene_1552",0.504291051195116,0.354443255115551,0.480189700927518,0.480189700927518
"gene_1553",0.908113952733049,1.19867205229995,0.961027058916656,0.961027058916656
"gene_1554",0.0499547982360473,0.052280851015554,0.0489493496229653,0.0489493496229653
"gene_1555",0.0531795838235073,0.0598506693268789,0.0538778498963148,0.0538778498963148
"gene_1556",0.0651743125968817,0.0568749568451142,0.0632536137035718,0.0632536137035718
"gene_1557",0.123912128680349,0.115293535018362,0.1226432182707,0.1226432182707
"gene_1558",0.348216085346757,0.443628661549909,0.363043952795929,0.363043952795929
"gene_1559",0.108223253719214,0.114676867635632,0.109161026077629,0.109161026077629
"gene_1560",0.0512078731093136,0.0531829024968301,0.0532342028061989,0.0532342028061989
"gene_1561",0.140562154785077,0.150685284748632,0.142105822590145,0.142105822590145
"gene_1562",0.0576115206290314,0.0582123336142385,0.0576905074684253,0.0576905074684253
"gene_1563",0.0504615233368381,0.0606181959509366,0.0516898692870076,0.0516898692870076
"gene_1564",0.0488253614243528,0.0550140427681521,0.0493580954126855,0.0493580954126855
"gene_1565",0.0503538997735837,0.0593693643044392,0.050712926705653,0.050712926705653
"gene_1566",0.0958079763721459,0.0741911495036621,0.0933605405782674,0.0933605405782674
"gene_1567",0.0517746821690808,0.0745212966501655,0.0551263790869749,0.0551263790869749
"gene_1568",0.0674885113426584,0.0507285859039258,0.0652355044048058,0.0652355044048058
"gene_1569",0.0833334937704631,0.0556729810536596,0.077501334337801,0.077501334337801
"gene_1570",0.0930546182873942,0.150001297115354,0.10117032731663,0.10117032731663
"gene_1571",0.296701169590377,0.286879958512101,0.295112012804101,0.295112012804101
"gene_1572",0.053929970496374,0.0665772490164574,0.0559809611836644,0.0559809611836644
"gene_1573",0.0352277581139639,0.0518550472832303,0.0383029620614982,0.0383029620614982
"gene_1574",0.0754504253966896,0.0797334378785478,0.076025468492432,0.076025468492432
"gene_1575",0.0588523751554967,0.0541549972347367,0.0582567599063772,0.0582567599063772
"gene_1576",0.0629465395686164,0.0546204687909558,0.064583280757796,0.064583280757796
"gene_1577",0.0992617982779143,0.0748702554119189,0.0960952516813474,0.0960952516813474
"gene_1578",0.222844905256637,0.189337830222941,0.217714953405476,0.217714953405476
"gene_1579",0.538743872887437,0.552042977419536,0.541388996029173,0.541388996029173
"gene_1580",0.0589391262474126,0.0507040136663763,0.0580065282495928,0.0580065282495928
"gene_1581",0.0573587055880473,0.104064143660003,0.0633769759489603,0.0633769759489603
"gene_1582",0.0722654780819873,0.0630985994638031,0.0728812490420984,0.0728812490420984
"gene_1583",0.609912366268145,0.729784768428763,0.631366840000371,0.631366840000371
"gene_1584",0.388934757577418,0.357394176448252,0.383886853834897,0.383886853834897
"gene_1585",0.434164718216195,0.465242837644188,0.439275656384479,0.439275656384479
"gene_1586",0.0856711747988546,0.0767420588959004,0.0844271231193669,0.0844271231193669
"gene_1587",0.0576010191749924,0.0607541315779509,0.0579947081777114,0.0579947081777114
"gene_1588",0.165017156314994,0.183863115211421,0.16779309834251,0.16779309834251
"gene_1589",1.07983616186565,1.17284587263137,1.09673684646233,1.09673684646233
"gene_1590",0.0592030219534186,0.0507958826456137,0.0591849039558612,0.0591849039558612
"gene_1591",0.883092339375024,0.597951096305482,0.833099063536372,0.833099063536372
"gene_1592",0.0609154079110442,0.0534924948920311,0.0599598694574135,0.0599598694574135
"gene_1593",0.0660014621071018,0.0865050599742764,0.068800735851321,0.068800735851321
"gene_1594",0.159240892439929,0.113152444347243,0.152099888229873,0.152099888229873
"gene_1595",0.258817349449023,0.211225852195563,0.251226302242073,0.251226302242073
"gene_1596",0.0566237637407745,0.0504201360058428,0.0531436250934019,0.0531436250934019
"gene_1597",0.305118817974344,0.36461787532032,0.314461938317733,0.314461938317733
"gene_1598",0.0663827540921373,0.0584277474435107,0.0680073788876802,0.0680073788876802
"gene_1599",0.0730281262877627,0.0693742406242586,0.0725291898243936,0.0725291898243936
"gene_1600",0.330162367724756,0.346697876395566,0.332692156195462,0.332692156195462
"gene_1601",0.0362599389487313,0.0668880620628687,0.0400210325763771,0.0400210325763771
"gene_1602",0.0609041067378857,0.0507301170327803,0.0593751124167071,0.0593751124167071
"gene_1603",0.0586291582116638,0.0504705076560305,0.0622627252946172,0.0622627252946172
"gene_1604",0.0655802651468221,0.0764353623772633,0.0670093354271349,0.0670093354271349
"gene_1605",0.124206630324874,0.117742838711095,0.125221165933083,0.125221165933083
"gene_1606",0.0747402343291821,0.0635248779006414,0.0732072970311201,0.0732072970311201
"gene_1607",0.325964585486406,0.246779250330015,0.312653429689175,0.312653429689175
"gene_1608",0.200637910047284,0.211843580824871,0.202336901887383,0.202336901887383
"gene_1609",0.0744728658636373,0.0905784633403298,0.0780042764886246,0.0780042764886246
"gene_1610",0.922554527620827,0.447913338665013,0.824091352826175,0.922554527620827
"gene_1611",0.0905382495061407,0.0800691897192561,0.0890630452167623,0.0890630452167623
"gene_1612",0.0596324887849859,0.0557627638416049,0.0598192226142436,0.0598192226142436
"gene_1613",0.396272967842841,0.350239323869069,0.38853407659096,0.38853407659096
"gene_1614",0.880281590357017,0.693830815175278,0.847057495334227,0.847057495334227
"gene_1615",0.0502175060075927,0.0529944152526931,0.0506297306890075,0.0506297306890075
"gene_1616",0.0569923506395622,0.0509049209324887,0.0580969959796192,0.0580969959796192
"gene_1617",0.221987331919026,0.167375859574987,0.213365876894911,0.213365876894911
"gene_1618",0.0568116515992762,0.0508288944452636,0.056534049910564,0.056534049910564
"gene_1619",0.0453388680156986,0.0661872748336654,0.0478111466132446,0.0478111466132446
"gene_1620",0.563957372209496,0.51187976343174,0.555044570334696,0.555044570334696
"gene_1621",0.0443005258896719,0.0507174971734737,0.0471809004218973,0.0471809004218973
"gene_1622",0.329552806422389,0.218463152410864,0.31099082541802,0.31099082541802
"gene_1623",0.606258859389581,0.507305748977406,0.586251389095858,0.586251389095858
"gene_1624",0.10556549410306,0.11297972817398,0.106605937209784,0.106605937209784
"gene_1625",0.207643399257371,0.11358354303819,0.19131364261987,0.207643399257371
"gene_1626",0.383866232660854,0.334176910821918,0.375726917862328,0.375726917862328
"gene_1627",0.120258831858799,0.146498158572419,0.124129393303484,0.124129393303484
"gene_1628",0.140567974538295,0.166104563726669,0.144399558017279,0.144399558017279
"gene_1629",0.0567584514003514,0.0538680625951996,0.0569269279918907,0.0569269279918907
"gene_1630",0.0852078815321944,0.103720200620737,0.0870129835756006,0.0870129835756006
"gene_1631",0.0690713945857572,0.0934225319974793,0.0715640645646289,0.0715640645646289
"gene_1632",0.398588060360912,0.34974937597758,0.390551740225949,0.390551740225949
"gene_1633",0.26257192888828,0.262126332419846,0.262466793298643,0.262466793298643
"gene_1634",0.057374412367356,0.052171017104261,0.0567102115275645,0.0567102115275645
"gene_1635",0.0636209213042788,0.0513494652162496,0.0634080996626744,0.0634080996626744
"gene_1636",0.0735913921896608,0.0705198532574551,0.0731725210771579,0.0731725210771579
"gene_1637",0.17675360985734,0.211457344679971,0.181973831850814,0.181973831850814
"gene_1638",0.111893291352871,0.104368472228448,0.112305374584075,0.112305374584075
"gene_1639",0.0737362202981016,0.0508002023382524,0.0756718753452516,0.0756718753452516
"gene_1640",0.13147873243459,0.105515918481704,0.127602712670543,0.127602712670543
"gene_1641",0.279774219872371,0.264304040282772,0.277255408092849,0.277255408092849
"gene_1642",0.232427668074875,0.104337618584749,0.209433235431992,0.232427668074875
"gene_1643",0.221806781326462,0.238711891377668,0.224566614027019,0.224566614027019
"gene_1644",0.102382677418773,0.114293390620924,0.104068129668371,0.104068129668371
"gene_1645",0.0457268850259753,0.0505080771785678,0.0496284600632584,0.0496284600632584
"gene_1646",0.291603957657483,0.188296876217458,0.273988073039272,0.291603957657483
"gene_1647",0.0699208996380385,0.0602072556606435,0.0697591916358176,0.0697591916358176
"gene_1648",0.204709252686774,0.198688675696919,0.203749227910284,0.203749227910284
"gene_1649",0.174672486131047,0.185582794694798,0.176353220704028,0.176353220704028
"gene_1650",0.449361631332276,0.444665388938597,0.448579518510699,0.448579518510699
"gene_1651",0.351349639932637,0.410279095317821,0.360390300399239,0.360390300399239
"gene_1652",0.0603154656712215,0.083432028630678,0.0633098149555082,0.0633098149555082
"gene_1653",0.0548592325750113,0.0517482283813771,0.0573970551123414,0.0573970551123414
"gene_1654",0.0922803211919822,0.0698045701859196,0.0894674937663067,0.0894674937663067
"gene_1655",0.0896933079603889,0.17340033031768,0.101728325149237,0.101728325149237
"gene_1656",0.0461243319007076,0.0504196596446638,0.0438483064360129,0.0438483064360129
"gene_1657",0.279924244656838,0.252642551742105,0.275619483894396,0.275619483894396
"gene_1658",0.0639424667019956,0.0806845991705766,0.0661266007568673,0.0661266007568673
"gene_1659",0.0698100177825126,0.0709638892646413,0.0685882335473741,0.0685882335473741
"gene_1660",0.0400390902689869,0.0512598165822492,0.0412134897902381,0.0412134897902381
"gene_1661",0.114370879510556,0.0721911895008498,0.106299668969495,0.114370879510556
"gene_1662",0.350253476433292,0.441041700878164,0.365608649046567,0.365608649046567
"gene_1663",0.21611452869699,0.265948230650538,0.22560235556443,0.22560235556443
"gene_1664",0.413647850821639,0.236783686037804,0.384872200495417,0.413647850821639
"gene_1665",0.0755185266300608,0.0891882003553743,0.075898336553382,0.075898336553382
"gene_1666",0.0750037461278063,0.0603040049638038,0.074040509912513,0.074040509912513
"gene_1667",0.0303511356661914,0.0507003743401508,0.0325830049281243,0.0325830049281243
"gene_1668",0.0557699651541863,0.0530743266228575,0.0539514480399736,0.0539514480399736
"gene_1669",1.34493546338796,0.800559910460107,1.23677181685437,1.34493546338796
"gene_1670",0.149234024598411,0.156538314255935,0.150320247943232,0.150320247943232
"gene_1671",0.041215220724258,0.0506931745803155,0.0446723609929636,0.0446723609929636
"gene_1672",0.0486722387083018,0.0506035649926615,0.0499978787635675,0.0499978787635675
"gene_1673",0.0521723701120679,0.0518219212835965,0.0530242452337308,0.0530242452337308
"gene_1674",0.0497176387953114,0.0568758714298523,0.0524876829675929,0.0524876829675929
"gene_1675",0.0849655360544241,0.0807266876200792,0.084371754479937,0.084371754479937
"gene_1676",0.0788973060971709,0.0655417952328071,0.0785956204497304,0.0785956204497304
"gene_1677",0.0575363267023502,0.064654105639453,0.0584379729278496,0.0584379729278496
"gene_1678",0.375280212726012,0.451201978115842,0.387513439713338,0.387513439713338
"gene_1679",0.356544068983352,0.349270096274466,0.355381442170223,0.355381442170223
"gene_1680",0.0543956908366278,0.0526794839754671,0.0563780843506017,0.0563780843506017
"gene_1681",0.964711000849574,1.31690746110377,1.03502179447786,1.03502179447786
"gene_1682",0.0839272775556772,0.0729330835671876,0.0823899768057039,0.0823899768057039
"gene_1683",0.0759022772484157,0.0593399361975567,0.0738274168801991,0.0738274168801991
"gene_1684",0.0428531273020732,0.0559995333014594,0.0443668655290898,0.0443668655290898
"gene_1685",0.0847574368404406,0.0767236973932603,0.0836228600429411,0.0836228600429411
"gene_1686",0.641364573851914,0.838790413892561,0.673446857511613,0.673446857511613
"gene_1687",0.135265648096782,0.112192394077628,0.130616742820389,0.130616742820389
"gene_1688",0.0555248153561977,0.0557023981673403,0.0575902661357385,0.0575902661357385
"gene_1689",0.0503868308789859,0.0625320435895256,0.0520720835544561,0.0520720835544561
"gene_1690",0.0555234040437086,0.0552746151000259,0.0562926997366575,0.0562926997366575
"gene_1691",0.0630518541439744,0.0959471770525905,0.0674134767253964,0.0674134767253964
"gene_1692",0.0469998931195368,0.0507405386072163,0.0474558123053028,0.0474558123053028
"gene_1693",0.0653459658161093,0.0545827621734089,0.0638943465980151,0.0638943465980151
"gene_1694",0.0666084426819788,0.0735242344063657,0.067985062862149,0.067985062862149
"gene_1695",0.161318550635479,0.14796642356152,0.159276847562506,0.159276847562506
"gene_1696",0.0641154427072682,0.0506990149898024,0.0603137171839782,0.0603137171839782
"gene_1697",0.605179391911944,0.656813613239197,0.616485310184833,0.616485310184833
"gene_1698",0.0394517924399989,0.0508029043560427,0.0431578185229604,0.0431578185229604
"gene_1699",0.0619734207282008,0.0599300912090086,0.0612720848746424,0.0612720848746424
"gene_1700",0.0853605389802907,0.0735199447415826,0.0832408246055213,0.0832408246055213
"gene_1701",0.0756791477481663,0.0517540769278018,0.0716622962350274,0.0716622962350274
"gene_1702",0.169835310194309,0.147432871429602,0.166436966928255,0.166436966928255
"gene_1703",0.0547415942954479,0.056331063864121,0.0560449538875668,0.0560449538875668
"gene_1704",0.1789872450308,0.282794066759709,0.194819396680331,0.194819396680331
"gene_1705",1.17923402327477,1.09221438065187,1.16308611868209,1.16308611868209
"gene_1706",0.399351408980985,0.449429123054771,0.409919192005971,0.409919192005971
"gene_1707",0.115886502696357,0.129077532621534,0.117777724965412,0.117777724965412
"gene_1708",0.0501330895322923,0.0504231451738709,0.0518896253378129,0.0518896253378129
"gene_1709",0.158783441582867,0.100695385137167,0.148986522767862,0.158783441582867
"gene_1710",0.365089000378624,0.340784808830481,0.360949595998504,0.360949595998504
"gene_1711",0.151122072506833,0.154281876450242,0.151594817650345,0.151594817650345
"gene_1712",0.815085552134447,0.877348162051959,0.82545899141992,0.82545899141992
"gene_1713",0.080031207763386,0.0720334344175348,0.0800119277051962,0.0800119277051962
"gene_1714",0.0592940969089196,0.0613263056540706,0.0616768357282271,0.0616768357282271
"gene_1715",0.0642194305385503,0.0806405655599661,0.0661521882094774,0.0661521882094774
"gene_1716",0.0827088215438368,0.108869877725388,0.0863516392138657,0.0863516392138657
"gene_1717",0.0488293620132392,0.0661360791658376,0.0512629024986129,0.0512629024986129
"gene_1718",0.0507978276421937,0.052962068913083,0.0508730523911053,0.0508730523911053
"gene_1719",0.0540494065931907,0.0517684095954019,0.0537808337735192,0.0537808337735192
"gene_1720",0.0490508424858212,0.0504306161226636,0.049121235922705,0.049121235922705
"gene_1721",0.130165042924361,0.17349130175566,0.136837379880895,0.136837379880895
"gene_1722",0.292048305676825,0.456060149582529,0.319136418572611,0.319136418572611
"gene_1723",0.275966346717387,0.190184667473953,0.262071958453767,0.262071958453767
"gene_1724",1.19377145911006,0.979415404822178,1.15087397257343,1.15087397257343
"gene_1725",0.279019286795642,0.385843875086373,0.295588094883238,0.295588094883238
"gene_1726",0.0584882512684257,0.0529638914500767,0.0606508234607829,0.0606508234607829
"gene_1727",0.066592810748933,0.0644488065640221,0.0663113959257937,0.0663113959257937
"gene_1728",0.638513607538901,1.37626395196994,0.772396143282252,0.772396143282252
"gene_1729",0.165142547022729,0.151719954011021,0.163048943007738,0.163048943007738
"gene_1730",0.0570783008054295,0.0625987091138072,0.0577714872812437,0.0577714872812437
"gene_1731",0.0442304826377282,0.0505824143067542,0.0453239446891795,0.0453239446891795
"gene_1732",0.0565572704643174,0.050659496129192,0.0567863184670791,0.0567863184670791
"gene_1733",0.0997000717605734,0.1291289750243,0.10339549895563,0.10339549895563
"gene_1734",0.0467723072965607,0.0506504612758354,0.0481852603330101,0.0481852603330101
"gene_1735",0.760710816428426,1.0032319084811,0.805188861738487,0.805188861738487
"gene_1736",0.0528418744877372,0.0504132538160613,0.0504687441410419,0.0504687441410419
"gene_1737",0.0675592124988382,0.054346150350592,0.0648467532432871,0.0648467532432871
"gene_1738",0.0924082106855631,0.105419896465257,0.093632378324324,0.093632378324324
"gene_1739",0.0534303182122942,0.0505323308324169,0.0538013285052709,0.0538013285052709
"gene_1740",0.0823489656164083,0.0725109601894913,0.0809797599783288,0.0809797599783288
"gene_1741",0.0450070048945695,0.0740384032822886,0.0493669842461999,0.0493669842461999
"gene_1742",0.0465056547244365,0.0552160581881738,0.0475293067661876,0.0475293067661876
"gene_1743",0.999856975191466,0.99090954432121,0.997835619816475,0.997835619816475
"gene_1744",0.168529483556552,0.238324952914248,0.179743924377164,0.179743924377164
"gene_1745",0.0694784535090153,0.0802147879659676,0.0709091062745731,0.0709091062745731
"gene_1746",0.0398991918878693,0.0604805061352472,0.0419056105610888,0.0419056105610888
"gene_1747",0.172749358661096,0.124713741470917,0.165303224036992,0.165303224036992
"gene_1748",0.179777585339477,0.191850502255842,0.181642922760778,0.181642922760778
"gene_1749",0.0747310806614603,0.106360200842592,0.0790018640662929,0.0790018640662929
"gene_1750",0.0503514864822186,0.0693340841318203,0.052654488086912,0.052654488086912
"gene_1751",0.0416743495460462,0.0510426434726939,0.0403004177895985,0.0403004177895985
"gene_1752",0.0526225787947108,0.0537308654693221,0.0540483775933152,0.0540483775933152
"gene_1753",0.052118163514299,0.0551342578109858,0.0529078546115038,0.0529078546115038
"gene_1754",0.0685669095589306,0.0663976788621584,0.0682760898491215,0.0682760898491215
"gene_1755",0.128518137650527,0.168831081014901,0.134513725203649,0.134513725203649
"gene_1756",0.138748872020641,0.149272744048391,0.140314730088031,0.140314730088031
"gene_1757",0.323446541257828,0.317915498482913,0.322586921574366,0.322586921574366
"gene_1758",0.0537432987656914,0.0555852373879596,0.0553307441790171,0.0553307441790171
"gene_1759",0.185569209063801,0.168221277779315,0.182923720418251,0.182923720418251
"gene_1760",0.0370384661163282,0.0519557556389064,0.0376745087880821,0.0376745087880821
"gene_1761",0.0424267137412997,0.0640877823394387,0.0449220197536978,0.0449220197536978
"gene_1762",0.0558567904342231,0.0506318413408827,0.0515781297250396,0.0515781297250396
"gene_1763",0.0603429722623246,0.0605161477609977,0.060587190563491,0.060587190563491
"gene_1764",0.07653947963002,0.0976841580219189,0.0794017405225827,0.0794017405225827
"gene_1765",0.119908732595004,0.129141149175406,0.121246744400975,0.121246744400975
"gene_1766",0.0750603036178283,0.0740684001444625,0.0755178984094126,0.0755178984094126
"gene_1767",0.0431940671561715,0.0523553382859924,0.0455646071425826,0.0455646071425826
"gene_1768",0.0547530605520192,0.0800323366441482,0.0570062996287669,0.0570062996287669
"gene_1769",0.106605920835017,0.0941284282567201,0.104821202638145,0.104821202638145
"gene_1770",0.843387725329006,1.10841510571611,0.893731224334054,0.893731224334054
"gene_1771",0.0935932659647291,0.107175111554134,0.0955014420698672,0.0955014420698672
"gene_1772",0.0765246161511286,0.0742633332999797,0.0762216428283038,0.0762216428283038
"gene_1773",0.0677286775052295,0.0556106169791692,0.0643259415916076,0.0643259415916076
"gene_1774",0.0847615579839091,0.0707812924729257,0.0828113593391384,0.0828113593391384
"gene_1775",0.071902686708781,0.0504889611958236,0.070813097894366,0.070813097894366
"gene_1776",0.0433684608153677,0.0523893369904597,0.0435404940107132,0.0435404940107132
"gene_1777",0.0612809104123897,0.0506569976657113,0.0599124747841702,0.0599124747841702
"gene_1778",0.0704794939936719,0.0592789840382693,0.0672729966879877,0.0672729966879877
"gene_1779",0.0541351248494654,0.0546293670845505,0.0536775728379717,0.0536775728379717
"gene_1780",1.54400282869589,0.91563107543579,1.42004750332972,1.54400282869589
"gene_1781",0.0536423109999268,0.0508234256567879,0.0506364448508181,0.0506364448508181
"gene_1782",0.0407371666140956,0.0512739683450825,0.0422769229504384,0.0422769229504384
"gene_1783",0.0657316375539221,0.0504122071811718,0.0606299663245826,0.0606299663245826
"gene_1784",0.0842786998531266,0.0837862825834791,0.0842067573072689,0.0842067573072689
"gene_1785",0.0446276420488916,0.0561869032301986,0.0451757222850551,0.0451757222850551
"gene_1786",0.736527479912508,1.06027413274944,0.789664062671078,0.789664062671078
"gene_1787",0.079832578132646,0.0828997569235999,0.080252186098374,0.080252186098374
"gene_1788",0.701476265771713,0.907847731853867,0.738957547296793,0.738957547296793
"gene_1789",0.047972083814839,0.0519430036741185,0.0491958895444588,0.0491958895444588
"gene_1790",0.0760895175862644,0.0524075797221954,0.0687954792159452,0.0687954792159452
"gene_1791",0.123229308422093,0.106539403805971,0.12079694774509,0.12079694774509
"gene_1792",0.0477470588937454,0.0549147027142577,0.0502879747519276,0.0502879747519276
"gene_1793",0.275350959807684,0.37566773740398,0.290976017144322,0.290976017144322
"gene_1794",0.0851730500345638,0.0790982163330342,0.084321889588671,0.084321889588671
"gene_1795",0.0546394391191647,0.0517895189941012,0.0537742122751395,0.0537742122751395
"gene_1796",0.100704398614201,0.106054456650283,0.101372013228607,0.101372013228607
"gene_1797",0.0779206339521135,0.0903420536524827,0.0796370004743543,0.0796370004743543
"gene_1798",0.0832096267521298,0.0948179173307605,0.0836656853014306,0.0836656853014306
"gene_1799",0.0626487130676013,0.0589280792581302,0.0608370203719775,0.0608370203719775
"gene_1800",0.357388936567033,0.257889587649836,0.340842543937246,0.340842543937246
"gene_1801",0.207248228928158,0.224236722289169,0.210076373566675,0.210076373566675
"gene_1802",0.798458921220267,0.743202844737047,0.788827453464457,0.788827453464457
"gene_1803",0.0863218523227479,0.0656812809546474,0.0847637402476538,0.0847637402476538
"gene_1804",0.124471270085673,0.148585133202832,0.127989985826995,0.127989985826995
"gene_1805",0.138357169203143,0.102622786275945,0.132964132711781,0.132964132711781
"gene_1806",0.81080563209101,1.03403809782164,0.85300810259516,0.85300810259516
"gene_1807",0.0562942954839676,0.0555909433781143,0.0550845986677621,0.0550845986677621
"gene_1808",1.49152680754968,1.1106329481262,1.41546585598556,1.41546585598556
"gene_1809",0.0548321476880519,0.0628411331150166,0.0563644207072202,0.0563644207072202
"gene_1810",0.0532308987541813,0.0506968203272852,0.0513824394015209,0.0513824394015209
"gene_1811",1.23441365416796,0.927714866354485,1.1753703783538,1.1753703783538
"gene_1812",0.484423611670019,0.411506975691106,0.470655780551251,0.470655780551251
"gene_1813",0.062138770301896,0.0637080462960901,0.0623411372988093,0.0623411372988093
"gene_1814",0.614125536237243,0.363682477610967,0.571672150792529,0.614125536237243
"gene_1815",0.0588744394066947,0.0505673795774581,0.0558774185180286,0.0558774185180286
"gene_1816",0.450805150087328,0.386480555335233,0.440019123119431,0.440019123119431
"gene_1817",0.0448202999523164,0.0514877041599283,0.045978378046526,0.045978378046526
"gene_1818",0.149205325494248,0.132081493905824,0.147736960679867,0.147736960679867
"gene_1819",0.0656970465023142,0.0558424030610179,0.0665396386228591,0.0665396386228591
"gene_1820",0.066543934661781,0.0620127625260566,0.0659470486228683,0.0659470486228683
"gene_1821",0.0559873141093854,0.0549992035826624,0.0558601268987278,0.0558601268987278
"gene_1822",1.45535727550296,0.863437029639204,1.34026113382584,1.45535727550296
"gene_1823",0.338806280123508,0.336153406158359,0.338209646740429,0.338209646740429
"gene_1824",0.130184695215384,0.20134544600777,0.142481635649424,0.142481635649424
"gene_1825",0.0465207149540537,0.0537374945687275,0.0464352730143188,0.0464352730143188
"gene_1826",0.173047514715356,0.152689027446873,0.169901672486072,0.169901672486072
"gene_1827",0.0604299051953074,0.0509442279720375,0.0583591106911407,0.0583591106911407
"gene_1828",0.0785935564545359,0.0843998776689005,0.0793825762805857,0.0793825762805857
"gene_1829",0.140724538327458,0.160624022722564,0.143685178736416,0.143685178736416
"gene_1830",0.0624096995051687,0.0507524235071134,0.0588377956104856,0.0588377956104856
"gene_1831",0.0914689404772078,0.0846030629041302,0.0905039479388936,0.0905039479388936
"gene_1832",0.0804434157302218,0.0774824568783799,0.0800271496471968,0.0800271496471968
"gene_1833",0.075541309452307,0.0728400147668334,0.0744088661448095,0.0744088661448095
"gene_1834",0.821778905527339,0.72004169944258,0.804341698976122,0.804341698976122
"gene_1835",0.139501743888903,0.112887916245463,0.135535776486579,0.135535776486579
"gene_1836",0.0840489016410588,0.0869749542161042,0.0844507181618477,0.0844507181618477
"gene_1837",0.19271311172559,0.167200579855935,0.187914935964742,0.187914935964742
"gene_1838",0.0570661328642807,0.0596412652166713,0.0588814636125538,0.0588814636125538
"gene_1839",0.0880188457171397,0.084093698610452,0.0874601623234642,0.0874601623234642
"gene_1840",0.213623895822217,0.229922949140196,0.216146926560455,0.216146926560455
"gene_1841",0.0721176432221546,0.0598431993035043,0.070450160655815,0.070450160655815
"gene_1842",0.495835598552497,0.631128666902996,0.519349866621647,0.519349866621647
"gene_1843",0.200539691452067,0.253980269101832,0.208932958401077,0.208932958401077
"gene_1844",0.0923923737869983,0.109802398901702,0.0948485286104555,0.0948485286104555
"gene_1845",0.0929235799770764,0.0764705931531963,0.0905852255754986,0.0905852255754986
"gene_1846",0.225397701622452,0.164059814059538,0.215987085261679,0.215987085261679
"gene_1847",1.00638519588236,0.952835474103448,0.996482113017555,0.996482113017555
"gene_1848",0.0883674485895907,0.0982505874715007,0.0911422901206932,0.0911422901206932
"gene_1849",0.0524374441208332,0.051320230784955,0.0521541431965428,0.0521541431965428
"gene_1850",0.852995302680704,1.22623528659833,0.922264659686901,0.922264659686901
"gene_1851",0.0780355161111159,0.0577253051243577,0.0752051692774443,0.0752051692774443
"gene_1852",0.055252622317236,0.0524192832967145,0.0568036808967403,0.0568036808967403
"gene_1853",0.0613024041656303,0.0708611743960874,0.0625255098017292,0.0625255098017292
"gene_1854",0.0655665216223939,0.0828199302477032,0.0689524645921894,0.0689524645921894
"gene_1855",0.0649950281442859,0.0505364640572902,0.0630819038364875,0.0630819038364875
"gene_1856",0.0451197917927569,0.0745059159741749,0.0486064356696926,0.0486064356696926
"gene_1857",0.87845814851585,0.961259586362863,0.894402374622614,0.894402374622614
"gene_1858",0.0557754786084334,0.05579379807005,0.0557789835459402,0.0557789835459402
"gene_1859",0.0384350436204055,0.051165605166661,0.0370655625646686,0.0370655625646686
"gene_1860",0.0493704650553153,0.0556470926733091,0.0500838483831755,0.0500838483831755
"gene_1861",0.060803330063715,0.0605084745113098,0.0607263511050631,0.0607263511050631
"gene_1862",0.0621068056587721,0.0610801706978192,0.063599721772821,0.063599721772821
"gene_1863",0.0613920020564428,0.0651480363578822,0.0604183497999612,0.0604183497999612
"gene_1864",0.0749106126960071,0.0595283561744147,0.0705969743809303,0.0705969743809303
"gene_1865",0.0558929351391746,0.0506667968677262,0.0544523593415141,0.0544523593415141
"gene_1866",0.553826238878554,0.479621046069084,0.541531114941851,0.541531114941851
"gene_1867",0.0695207192191103,0.0813412476074465,0.0708770149873229,0.0708770149873229
"gene_1868",0.0633632532284963,0.0629184304576946,0.0616112983277603,0.0616112983277603
"gene_1869",0.0554084019229822,0.0541784052174486,0.053525395630628,0.053525395630628
"gene_1870",0.56146268921941,0.463850261421137,0.543204716394133,0.543204716394133
"gene_1871",0.195068182968188,0.156955574125596,0.189075124493838,0.189075124493838
"gene_1872",1.31043965808188,1.00753717351797,1.25405561945622,1.25405561945622
"gene_1873",0.0682862600792197,0.0669346334067595,0.0681015788549848,0.0681015788549848
"gene_1874",0.109212795169001,0.106046361417261,0.108751189255772,0.108751189255772
"gene_1875",0.119534062234394,0.183025436249781,0.129254499484655,0.129254499484655
"gene_1876",0.100185247304203,0.0935558124153132,0.0992475548993002,0.0992475548993002
"gene_1877",0.0502049479000311,0.0513505711033152,0.0527381661788368,0.0527381661788368
"gene_1878",0.0645946565824703,0.0506549905104787,0.0610032312260512,0.0610032312260512
"gene_1879",0.0739514152753614,0.122373292671046,0.0805249392280842,0.0805249392280842
"gene_1880",0.355735021969728,0.363545012488243,0.356721108081615,0.356721108081615
"gene_1881",0.375692851562051,0.345429503169868,0.370150430990569,0.370150430990569
"gene_1882",0.0676399124281032,0.0543395614900226,0.0658501455605437,0.0658501455605437
"gene_1883",0.324130087805487,0.357392375353612,0.32928114815232,0.32928114815232
"gene_1884",0.0753590772939826,0.064958061749827,0.0739500357700846,0.0739500357700846
"gene_1885",0.059839979164243,0.0520110919377672,0.0621219003405698,0.0621219003405698
"gene_1886",0.0703826717764193,0.0625384801417309,0.0679465963933854,0.0679465963933854
"gene_1887",0.10113604251493,0.111420463793135,0.101693090760544,0.101693090760544
"gene_1888",0.0567845736947634,0.0788835990712262,0.0593259488047049,0.0593259488047049
"gene_1889",0.0389430049646882,0.050445494056773,0.0423224310880129,0.0423224310880129
"gene_1890",0.0726007165039587,0.0680353507810413,0.0719968192912183,0.0719968192912183
"gene_1891",0.780700444801641,0.765700174298329,0.778628505316971,0.778628505316971
"gene_1892",0.0636092658665409,0.0506866643016328,0.0639293705636631,0.0639293705636631
"gene_1893",0.0762222849850783,0.123089176189548,0.0835051100176519,0.0835051100176519
"gene_1894",0.246487161293158,0.198169232586795,0.239103925060734,0.239103925060734
"gene_1895",0.151955267360962,0.100755756407144,0.143979945672089,0.143979945672089
"gene_1896",0.066151065750886,0.0592587963313062,0.0671575464395196,0.0671575464395196
"gene_1897",0.0408000973547492,0.0506438227230068,0.0418566951276527,0.0418566951276527
"gene_1898",0.0584393042145995,0.0656241778068885,0.0598362419824948,0.0598362419824948
"gene_1899",0.0565005486950426,0.0568061274548166,0.0565737548572114,0.0565737548572114
"gene_1900",0.952080241631015,0.856962252660039,0.933114117484946,0.933114117484946
"gene_1901",0.102655613455595,0.100210869243586,0.10228857632222,0.10228857632222
"gene_1902",0.0898974652517952,0.0684644030118006,0.08663506270608,0.08663506270608
"gene_1903",0.056865814149481,0.0505224654186885,0.0588660617604355,0.0588660617604355
"gene_1904",0.169478860878101,0.127273987480947,0.162862829126676,0.162862829126676
"gene_1905",0.0781932688359094,0.0808650343998264,0.0785646799878286,0.0785646799878286
"gene_1906",0.057232254801735,0.0561287868793977,0.0547608547974933,0.0547608547974933
"gene_1907",0.0589759120225471,0.0750722108350794,0.0608791755111001,0.0608791755111001
"gene_1908",0.0544301245710291,0.0513719058517718,0.0525517277049397,0.0525517277049397
"gene_1909",0.0805375270351171,0.065846489272789,0.0785084207062962,0.0785084207062962
"gene_1910",0.0597101397636614,0.0518780372376147,0.0575855302307684,0.0575855302307684
"gene_1911",0.405019442168308,0.323053364814629,0.391366379857755,0.391366379857755
"gene_1912",0.0671042505770356,0.0606388576875382,0.0644167090768647,0.0644167090768647
"gene_1913",0.0308169757085233,0.0522215497347998,0.0329839941840673,0.0329839941840673
"gene_1914",0.0834181057736044,0.0536920094026267,0.0751305521128639,0.0834181057736044
"gene_1915",0.0723206745675583,0.0797042266309146,0.0732584582114443,0.0732584582114443
"gene_1916",0.0506375409426604,0.0525904238661751,0.0498601804700768,0.0498601804700768
"gene_1917",0.0386894777604293,0.0527199528928066,0.0414426891872338,0.0414426891872338
"gene_1918",0.0876228316015092,0.0780501038048764,0.0862798308119173,0.0862798308119173
"gene_1919",0.585444209388449,0.398341343426691,0.553471636194321,0.553471636194321
"gene_1920",0.0621718755725822,0.0507570018031079,0.0608235466308763,0.0608235466308763
"gene_1921",0.0541273730790732,0.0537453681797594,0.0530926390278875,0.0530926390278875
"gene_1922",0.0830566293148193,0.068794759349011,0.0810519012362822,0.0810519012362822
"gene_1923",0.086751070366974,0.0665160519153398,0.083109279619834,0.083109279619834
"gene_1924",0.333902717802362,0.247077971635479,0.319552875146688,0.319552875146688
"gene_1925",0.0976976907518979,0.0753852335297707,0.0944845057279565,0.0944845057279565
"gene_1926",0.0740516626167395,0.092196660453172,0.076453429332427,0.076453429332427
"gene_1927",0.0639689090000368,0.0622789835888352,0.0637537370946988,0.0637537370946988
"gene_1928",0.0627775981246864,0.050667873456144,0.0611873981559619,0.0611873981559619
"gene_1929",0.0553253776533707,0.0611842014281872,0.0560530080089509,0.0560530080089509
"gene_1930",0.754454390699984,0.715970993036757,0.747309818773668,0.747309818773668
"gene_1931",0.0487825280219455,0.0541223042010443,0.0494179095763641,0.0494179095763641
"gene_1932",0.0494460726941287,0.0506543395430556,0.0534592125158797,0.0534592125158797
"gene_1933",0.0984782747313886,0.0654133833587392,0.0936327317916424,0.0936327317916424
"gene_1934",0.0530506786917096,0.0504136067789663,0.0493739961759235,0.0493739961759235
"gene_1935",0.214311301805729,0.186246290271199,0.210021310769872,0.210021310769872
"gene_1936",0.132035369291779,0.125917173347125,0.131126583652851,0.131126583652851
"gene_1937",0.080551511246426,0.0705084736691822,0.0791343905070215,0.0791343905070215
"gene_1938",0.05203264979468,0.0521645987031102,0.0520475757468239,0.0520475757468239
"gene_1939",0.0814241438723087,0.0731500826072639,0.0789795494916175,0.0789795494916175
"gene_1940",0.224311343007244,0.127033053049521,0.207676468555702,0.224311343007244
"gene_1941",0.776773498547981,0.892558751916149,0.790046634739336,0.790046634739336
"gene_1942",0.0990312117806302,0.0807531618639733,0.096414660822587,0.096414660822587
"gene_1943",0.0351004252279589,0.0507026775397913,0.0393873580729853,0.0393873580729853
"gene_1944",0.0495403330962464,0.0509348516392482,0.049706005144448,0.049706005144448
"gene_1945",0.0564952350278937,0.0524050467132518,0.0572200104459819,0.0572200104459819
"gene_1946",0.051810683743766,0.0532932698227446,0.05199110296452,0.05199110296452
"gene_1947",0.0643724656463403,0.0619295905676127,0.0642935053811057,0.0642935053811057
"gene_1948",0.109335251097256,0.180672470174346,0.120020271342519,0.120020271342519
"gene_1949",0.0712881174507638,0.0747553408499203,0.0717441879103149,0.0717441879103149
"gene_1950",0.113185845916805,0.113886710887695,0.114019999025839,0.114019999025839
"gene_1951",0.0765679891240442,0.0529370130677779,0.0713615748261223,0.0713615748261223
"gene_1952",0.109066333337451,0.0827554755596435,0.105116783797828,0.105116783797828
"gene_1953",0.0496414868203208,0.0744331930893226,0.051906217439155,0.051906217439155
"gene_1954",0.0510311110058171,0.070839349126196,0.0534520683089213,0.0534520683089213
"gene_1955",0.0673789181941217,0.0564252294513399,0.0648880216385027,0.0648880216385027
"gene_1956",0.0807940127524653,0.0926642645059953,0.0811253854072286,0.0811253854072286
"gene_1957",1.00433528476567,0.809648704143434,0.965934311576221,0.965934311576221
"gene_1958",0.0791552866352754,0.0854169407077801,0.0787083575240778,0.0787083575240778
"gene_1959",0.063474528474043,0.0642852346912074,0.0646548826790756,0.0646548826790756
"gene_1960",0.0595436064717948,0.0570397665707197,0.0600723707621,0.0600723707621
"gene_1961",1.33468443100597,0.954464879628278,1.25788055667239,1.25788055667239
"gene_1962",0.0701809372496024,0.0570424305684607,0.0710679356949668,0.0710679356949668
"gene_1963",0.0601702537815002,0.0505092308362511,0.0584979195029606,0.0584979195029606
"gene_1964",0.07970356347525,0.0671805558519197,0.0779766283485878,0.0779766283485878
"gene_1965",0.0527430560778713,0.0534099724762392,0.0525907898848515,0.0525907898848515
"gene_1966",0.0699547233028562,0.0719061562502077,0.0702101592068974,0.0702101592068974
"gene_1967",0.107252832494247,0.0769944664151992,0.1027357403107,0.1027357403107
"gene_1968",0.155962846189849,0.204310713679759,0.163245048667499,0.163245048667499
"gene_1969",0.148569187662157,0.218359676914243,0.158710414846224,0.158710414846224
"gene_1970",0.531281183724666,0.755667165851579,0.569450106555348,0.569450106555348
"gene_1971",0.0437914377063415,0.0524155645806539,0.0443604351767657,0.0443604351767657
"gene_1972",0.378154129081142,0.371805645642089,0.377326574209716,0.377326574209716
"gene_1973",0.127694192789185,0.10742243064976,0.124671038027886,0.124671038027886
"gene_1974",0.0549161719101592,0.0619199306052122,0.0573678216631233,0.0573678216631233
"gene_1975",0.0435099045855315,0.0558274787526282,0.0449306188242501,0.0449306188242501
"gene_1976",0.343996065635918,0.432302251896245,0.36015131745118,0.36015131745118
"gene_1977",0.0377931918436332,0.0509625841099367,0.039210282457054,0.039210282457054
"gene_1978",0.247934064520013,0.389483144485262,0.270263702511231,0.270263702511231
"gene_1979",0.247677312139232,0.275583595697512,0.251927500256242,0.251927500256242
"gene_1980",0.864324836718126,0.892052129942267,0.868906383233285,0.868906383233285
"gene_1981",0.0673516651923165,0.0582009989109957,0.0664799099121851,0.0664799099121851
"gene_1982",0.168185938447902,0.185793737458652,0.170830730543955,0.170830730543955
"gene_1983",0.0892476380969487,0.107333571433002,0.0918084380701106,0.0918084380701106
"gene_1984",0.237431750897815,0.226999452400051,0.23579914782096,0.23579914782096
"gene_1985",0.0795839747388405,0.0563252055434365,0.0762862649722385,0.0762862649722385
"gene_1986",0.0649384573949923,0.0506852771214549,0.0638332896636974,0.0638332896636974
"gene_1987",0.12916376087704,0.123405134256305,0.128300445942724,0.128300445942724
"gene_1988",0.0710791294470345,0.0656312480535768,0.0718865827993757,0.0718865827993757
"gene_1989",0.208371005061394,0.199393014318881,0.206977655739127,0.206977655739127
"gene_1990",0.156813709645758,0.203872059704673,0.162595617014374,0.162595617014374
"gene_1991",0.0559259958422578,0.0546018662506817,0.0546820296494969,0.0546820296494969
"gene_1992",0.0573989632717681,0.0504195787890101,0.0583850541848771,0.0583850541848771
"gene_1993",0.0773979992717174,0.0905154910644919,0.0784242655435275,0.0784242655435275
"gene_1994",0.0518334655238601,0.0673590121077545,0.0534565623948159,0.0534565623948159
"gene_1995",0.0720350378556694,0.0791549635626108,0.0729901363804636,0.0729901363804636
"gene_1996",0.0472382332251022,0.0508533418612632,0.0460098580766186,0.0460098580766186
"gene_1997",0.105990016013039,0.100850648637151,0.105232350821423,0.105232350821423
"gene_1998",0.0629345381219131,0.0599147976510214,0.0625495245704882,0.0625495245704882
"gene_1999",0.0465418214611326,0.0523133916452351,0.0466655373610916,0.0466655373610916
