"gene","stat","pvalue","padj","dispersion"
"gene_0",4.56303655253487,0.0326691018462378,0.102992277791231,0.119821331830101
"gene_1",1.38829551768845,0.238693156866924,0.42725637383236,0.1247128037265
"gene_2",1.81640434465862,0.177741874244711,0.354420487028337,0.0522516657085792
"gene_3",19.1564106119097,1.2043234616428e-05,0.000130197130988411,0.0478029302301871
"gene_4",2.46587771797226,0.116342696271101,0.268658434927653,0.0954313366782829
"gene_5",1.66958295343784,0.196314403717596,0.377527699456915,0.0767758091017245
"gene_6",0.314756255449083,0.574776117322399,0.733132802707141,0.0525037548915643
"gene_7",1.14315209969971,0.284987256956495,0.481397393507593,0.0816774297077079
"gene_8",0.430453360402907,0.511766575032443,0.682355433376591,0.911364705761135
"gene_9",16.8288651001387,4.09063445788577e-05,0.000402838951733089,0.0847253296858388
"gene_10",32.7133661041338,1.06800283512246e-08,1.9418233365863e-07,0.0424899031948583
"gene_11",6.72797685402782,0.00949121921601321,0.0375147004585502,0.0612315669554843
"gene_12",0.0231432659998063,0.879085105240068,0.944237492202006,0.0761667385677428
"gene_13",0.625971215636127,0.428836960969871,0.615817196565894,0.0331783631193726
"gene_14",1.22199320439756,0.268969839274401,0.460959450341733,0.400067500249801
"gene_15",5.25188055178796,0.0219230654740506,0.0746674893914098,0.0533963365051791
"gene_16",2.13097556630447,0.144348859685549,0.309586588511103,0.283304852707451
"gene_17",0.0352989657247349,0.850970572425103,0.93093383223294,0.514960385367196
"gene_18",12.2482167602127,0.000465703001828885,0.00316804763148901,0.0522359694330476
"gene_19",0.303770253834273,0.581528407631896,0.7384241120132,0.148458006649787
"gene_20",8.58672931371984e-05,0.992606539916776,0.994581185590118,0.0684646357306574
"gene_21",3.4884802830536,0.0617972908182118,0.167019704914086,0.0536653209533012
"gene_22",10.9690951183215,0.000926439876133031,0.00554754416846126,0.0760706327359048
"gene_23",1.23319007735233,0.266787539852973,0.459472155730951,0.90486009505908
"gene_24",0.134228655777292,0.714087292940381,0.840011213755496,0.109243376220705
"gene_25",0.0305426246809475,0.861264696873277,0.935465604250971,0.0536156655498602
"gene_26",3.76719131376251,0.0522673295704077,0.144985657615555,0.0647022600310401
"gene_27",7.38356411422023,0.00658225989646504,0.027540836386883,0.0957425290130086
"gene_28",0.432927325361334,0.510556039120379,0.681650252497168,0.0823184955762158
"gene_29",1.42770881133538,0.232138725901787,0.41940149214415,0.0850387948343689
"gene_30",25.1316953920054,5.35454975089386e-07,7.76021703028095e-06,0.0357787144379116
"gene_31",3.93831469906013,0.0471980391290134,0.133895146465286,0.0884981083814424
"gene_32",0.662155091078034,0.415800144560383,0.608339640907656,0.0763807985213004
"gene_33",13.7931589209869,0.000204077984139758,0.00155784720717373,0.0616376362616559
"gene_34",1.10925323560014,0.292244336146008,0.489521501082091,0.217860586046903
"gene_35",1.8895703046411,0.169250394992259,0.343307089233791,0.154852128047119
"gene_36",0.121480413977395,0.727434374907711,0.847895827966493,0.274022779575756
"gene_37",0.644061583632151,0.422243854391449,0.612835782861319,0.127305641527639
"gene_38",2.1395743884251,0.143541710294665,0.309024134111227,0.278154795246069
"gene_39",17.1877722321485,3.38608884993604e-05,0.000342029176761216,1.23106931636592
"gene_40",0.540510220434157,0.462221351468741,0.641083705227102,0.0548386449546999
"gene_41",22.9375972259285,1.67346461216306e-06,2.20192712126719e-05,0.0541207665781947
"gene_42",1.82890367275274,0.176257093086781,0.352514186173562,0.149527264250425
"gene_43",5.99093536710677,0.014379575470173,0.0527690842942128,0.06726643735457
"gene_44",0.862872315785353,0.352936140852649,0.547187815275424,0.123166525302784
"gene_45",10.3928047077975,0.00126507316092301,0.00720839407933339,0.0369789241221634
"gene_46",49.8452860653165,1.66359585556428e-12,3.91434318956301e-11,0.188017658144135
"gene_47",23.510269363423,1.24248803924826e-06,1.70203840992912e-05,0.0539091050462737
"gene_48",1.39608393879155,0.237380348871281,0.425794347751177,0.128495696186229
"gene_49",0.00150903156043114,0.969012966150488,0.987193546419964,0.0705726995479709
"gene_50",0.350881696008969,0.553614447227616,0.716189453075829,0.0822405765733883
"gene_51",1.4497504518165,0.228567998841938,0.415578179712614,0.390675792205531
"gene_52",1.23115230824101,0.267183058557548,0.459472155730951,0.0925267923939468
"gene_53",0.0983580327183518,0.753809027796466,0.8662834620804,0.859709870029834
"gene_54",5.54079257303931,0.0185781668689282,0.0656472327523964,0.0815823141857708
"gene_55",0.557606904040654,0.455226067424701,0.634903859727617,0.0849805680377601
"gene_56",10.164760748139,0.00143150490741214,0.00795280504117855,0.807005328783196
"gene_57",1.55713332752043,0.21208545034493,0.396792236379662,0.189619697727796
"gene_58",7.78630424179789,0.00526437729016438,0.0232937048237362,0.101898319858097
"gene_59",4.32419842865852,0.037574107331501,0.113860931307579,0.0616364338771937
"gene_60",15.4318021884955,8.55366253928805e-05,0.000747044763256598,0.102174969178964
"gene_61",51.248902678767,8.13662047202941e-13,1.93729058857843e-11,0.112189515063353
"gene_62",0.653218279426483,0.418964405300398,0.611180751714657,0.0772514835802943
"gene_63",0.0244363070086138,0.875779873197969,0.941698788384913,0.123368418336025
"gene_64",2.82811955165312,0.0926267591507725,0.225919083291504,0.0494001163485833
"gene_65",15.7054688398349,7.4009875108754e-05,0.000664974809797547,0.0585181824969143
"gene_66",0.185904270388846,0.66634754668932,0.80331229257302,0.121097602460703
"gene_67",10.1127726567627,0.00147245276216404,0.00811268739484321,0.159693442642305
"gene_68",8.32890839537254,0.00390190973496243,0.0182759238171543,0.160662873019209
"gene_69",0.0293486377508998,0.863976525917021,0.936291557037502,0.94712572404239
"gene_70",2.15461194410898,0.142142351266675,0.307495366841165,0.115957498432672
"gene_71",0.315527001191413,0.574308235385995,0.733003491239305,0.0497276011056319
"gene_72",11.4784248625189,0.000704087776345248,0.00442822500846068,0.0503490363008609
"gene_73",2.25082795026725,0.133542934488072,0.29676207664016,0.198739268930249
"gene_74",4.7612761784809,0.0291069592320967,0.0937422197491038,0.0559896915085657
"gene_75",4.39997751848296,0.0359394043406626,0.110753172082165,0.351757265656435
"gene_76",8.53764534085133,0.00347875368460582,0.0166799864348328,0.0925171584269348
"gene_77",0.271583019134596,0.602271841184419,0.754726618025587,0.134982064462445
"gene_78",8.78803308523857e-05,0.99252037986292,0.994581185590118,0.0821336445346435
"gene_79",81.7271994160592,1.56228566938328e-19,4.80703282887164e-18,0.0868920434331307
"gene_80",0.0498592296155493,0.823308405915929,0.916314308198029,0.145784415958548
"gene_81",1.90660122851045,0.167341288927383,0.34116470729334,0.0555562520385236
"gene_82",2.43212696078001,0.118871509907517,0.273267838867856,0.0573034231510261
"gene_83",5.06171142191056,0.0244600720229976,0.0809936159701908,0.0580589721716902
"gene_84",6.34431956863284,0.0117757770673784,0.0447748177466858,0.056475348685013
"gene_85",7.06259221112805,0.0078710025868344,0.0320611103333377,0.0651203340179904
"gene_86",0.279430681033659,0.597074611498051,0.751509894900001,0.113933036199921
"gene_87",12.5762638917125,0.000390676947520582,0.00270364669564417,0.0500608045837713
"gene_88",1.5068507285398,0.219620266859719,0.406327968288102,0.0403198010609584
"gene_89",0.000156042516437083,0.990033326311801,0.993287412577794,0.140178869948962
"gene_90",0.121424490951313,0.727494620395251,0.847895827966493,0.217558203264934
"gene_91",29.7377722593696,4.94616265595148e-08,8.6020220103504e-07,0.050286420313439
"gene_92",133.559403280453,6.82109245763376e-31,2.96569237288425e-29,0.0527863512374664
"gene_93",1.83424920931662,0.175626473491857,0.351604551535249,0.13769156942229
"gene_94",1.81003016376417,0.178504611498505,0.355233057708469,0.0549524853778044
"gene_95",1.92999154498159,0.164759369918501,0.338638700427396,0.0776692768455901
"gene_96",20.5627525028697,5.77080708267549e-06,6.74948196804151e-05,0.0582721972770982
"gene_97",7.46516036170362,0.00629044277284096,0.0267110096511294,0.0760631117802828
"gene_98",0.797835621742422,0.371741271868237,0.566880815513457,1.00719803832967
"gene_99",0.456015889791843,0.499491862560865,0.671811516557989,0.0573969664967234
"gene_100",3.94356406560144,0.0470509931390283,0.133895146465286,0.0509357771352561
"gene_101",0.0254536447613418,0.873241883194331,0.940251678451622,0.227127484080309
"gene_102",0.254095485761979,0.614205969630881,0.762988782150163,0.292930048025151
"gene_103",17.4380571635671,2.96823257086302e-05,0.00030288087457786,0.0679698047916578
"gene_104",0.13184221205745,0.716529565333438,0.840011213755496,0.112213532006597
"gene_105",0.616375395233945,0.432397409500267,0.617338835429507,0.0746102132907518
"gene_106",39.2124458280492,3.80109518025891e-10,7.60219036051782e-09,0.121926970500295
"gene_107",0.160455150403493,0.68873781624612,0.822864774487598,0.652689849002067
"gene_108",11.4412691854176,0.000718307106914316,0.00448941941821447,0.0537467729316968
"gene_109",0.396154092071924,0.529082157834868,0.698448089208184,0.0787052394619588
"gene_110",5.04983624180363,0.0246282658602405,0.081415754909886,0.0586881025434955
"gene_111",0.773297646392166,0.379198828363993,0.573674475588492,0.0399328680990031
"gene_112",46.1320023143445,1.10547881720173e-11,2.45661959378163e-10,0.0433306123739449
"gene_113",2.20290818771116,0.137750638918658,0.301753864005823,0.0502857050023408
"gene_114",0.915885911126679,0.338557521418342,0.532650799110271,0.58555592818507
"gene_115",3.6107750945913,0.0574063586422922,0.157062540744986,0.0655508044167936
"gene_116",4.13794188584427,0.0419321221042696,0.123148669909749,0.0492809473519553
"gene_117",1.92311515369317,0.16551365408592,0.339167323946556,0.111777676725415
"gene_118",0.316371887961338,0.573796208992951,0.732817636006323,0.257347191690918
"gene_119",0.0628702423133518,0.802015603503428,0.900635152727039,0.0649018623139039
"gene_120",0.39820632863632,0.528017040196479,0.697512602637357,0.0562558998595922
"gene_121",9.24258457025394,0.002364509809283,0.0119118882079748,0.0420407030285398
"gene_122",0.0717575421567744,0.788794781242292,0.890287563478885,0.0582246685878578
"gene_123",5.33777668097309,0.0208680718450928,0.0720831497239819,0.110702279006002
"gene_124",0.24995353434872,0.617107797241867,0.764693676879637,0.0704314237529069
"gene_125",4.71602536178563,0.0298827392802745,0.0957780105137004,0.133617070023257
"gene_126",0.00415799623033308,0.948586019946146,0.977853154019444,0.0475839670479918
"gene_127",1.55973334158239,0.211704268456841,0.396490034332622,0.0624675767051341
"gene_128",26.31267807557,2.90376248050951e-07,4.39941432402535e-06,0.0444511903189971
"gene_129",1.10160454053153,0.293914244234419,0.490859844264706,0.0506025812420699
"gene_130",0.0037921979010207,0.950896648079554,0.97929623901087,0.0685111429284788
"gene_131",0.021092253589245,0.884527919509972,0.947032033736587,0.0443754624383326
"gene_132",1.52958177304367,0.21617522399964,0.401383483718909,0.0776827002915166
"gene_133",6.78752341746053,0.0091797172815124,0.0365725788108064,0.114859575047289
"gene_134",0.192581809217586,0.660776431224714,0.801676432565187,1.27792332533583
"gene_135",3.55746946198303,0.0592780426275046,0.161520552118541,0.190955265362321
"gene_136",3.25773624894885,0.0710871997829222,0.186145837842551,0.0879097047379961
"gene_137",0.336895037875252,0.561626971530356,0.724212729246107,0.0578754364403443
"gene_138",0.842424153890931,0.358704380761898,0.554411716788096,0.893642460428167
"gene_139",0.000613092520950431,0.980245834165771,0.991148467306139,0.30863956392217
"gene_140",4.1715940196982,0.0411071080082032,0.121259905628918,0.0615007996511763
"gene_141",16.1259481490757,5.92664299067129e-05,0.000542612380155992,0.0603031111821019
"gene_142",27.9612172796373,1.23771375873908e-07,1.96462501387156e-06,0.0545695476394167
"gene_143",12.0542590003392,0.000516741845184456,0.00339961740252932,0.199462731652127
"gene_144",8.24072972215731,0.00409606613689715,0.0188758808151942,0.0438685153446768
"gene_145",7.86708481569627,0.00503427486551326,0.0225247197562114,0.563502505539561
"gene_146",20.4460567020478,6.13358001787408e-06,7.13206978822567e-05,0.081119556670208
"gene_147",0.00454836179551421,0.946230197488832,0.97699142002754,0.0735089874144378
"gene_148",0.0213990048229675,0.883697206475063,0.946649390974893,0.281391023995446
"gene_149",0.599814508330041,0.438648808307104,0.621543243072249,0.0448105730915486
"gene_150",0.000451330414080076,0.983050585740935,0.992031700057152,0.297813319145071
"gene_151",7.60739230335093,0.00581294888219796,0.025218867167887,0.0768965392910216
"gene_152",4.56141488249034,0.032700048198716,0.102992277791231,0.518499522556854
"gene_153",11.9644599861095,0.000542249218961885,0.00354411254223454,0.0523940828164472
"gene_154",0.0915893139401192,0.76216631233852,0.8706627474958,0.224579508892464
"gene_155",0.616004823263779,0.432535804785858,0.617338835429507,0.0416793228456244
"gene_156",1.72807751134383,0.188656603431446,0.365318326909063,0.151451216635451
"gene_157",1.62330520402259,0.2026315392642,0.385231063239925,0.129043242072647
"gene_158",94.2782239576939,2.74149737459144e-22,8.70316626854426e-21,0.0622273037151475
"gene_159",2.17996148048519,0.139817961156057,0.304946480165882,0.0731823245863357
"gene_160",0.575430329451478,0.448109081008667,0.629256708885044,0.133907733771131
"gene_161",0.224906711019685,0.635326416686493,0.780979000229248,0.0540484236458437
"gene_162",0.146896169999764,0.701519312583219,0.832470285942861,0.285006195614621
"gene_163",9.9144317480841,0.00163987761404426,0.00886420331915817,0.0837413603652345
"gene_164",7.40669276091796,0.00649816708007874,0.0272459835642715,0.0926274539580417
"gene_165",0.00526435598283115,0.942159535367399,0.975914217172641,0.0518774126627255
"gene_166",2.39194734926434,0.121961618306888,0.279408501287755,0.0545338503976319
"gene_167",1.95386572562859,0.162170890305593,0.334718039846425,0.0624935356396011
"gene_168",2.90051001212714,0.0885515311619451,0.220003804129056,0.0545646794843674
"gene_169",0.554493697833834,0.456487362649995,0.635027180596226,0.243704112004222
"gene_170",0.0707693146753741,0.790219934986617,0.890890569319749,0.25346825015021
"gene_171",4.05609380343037,0.0440121973349084,0.127756741175351,0.0929602381923246
"gene_172",3.17489298239582,0.0747781104349351,0.192975768864349,0.0457215965458311
"gene_173",0.489344120588498,0.48422002316732,0.659097401868429,0.22120643525572
"gene_174",1.86365539506301,0.172203507427636,0.347361716936455,0.0564429735273316
"gene_175",5.68773463625087,0.0170838946703591,0.0616747100012966,0.0748556239089169
"gene_176",204.561847260939,2.1105191666324e-46,1.24148186272494e-44,0.116919332219626
"gene_177",0.170645403826143,0.679538852767776,0.815772932494329,0.093603464138655
"gene_178",14.0676375384447,0.000176352174641771,0.00138315431091585,0.0699092672126446
"gene_179",83.6104165601678,6.0254736185902e-20,1.88296050580944e-18,0.0618145601380641
"gene_180",1.13127565053878,0.287503403840257,0.484828674266876,0.0543391255743337
"gene_181",7.86146162312809,0.00504995532122558,0.0225444433983285,0.0540273167772047
"gene_182",9.38557282147246,0.00218699706964379,0.0112153695879168,0.0556450228353024
"gene_183",0.780178741860254,0.37708647975197,0.572210136194188,0.0795020799286203
"gene_184",0.112627952619221,0.737171858106959,0.852244578202723,0.451566682379094
"gene_185",14.8571786787567,0.000115965865365598,0.000970425651594963,0.0546897029260157
"gene_186",53.5242176940425,2.55424631234975e-13,6.15481039120421e-12,0.0529623502566429
"gene_187",11.9461262718004,0.000547611175631052,0.00356749951551174,0.0783455563654238
"gene_188",23.4711878894002,1.2679852916843e-06,1.72515005671334e-05,0.122480880831582
"gene_189",1.74373795178803,0.186665899669182,0.364226145695965,0.0607206022893736
"gene_190",3.98484443562126,0.0459113400019928,0.132118964034512,0.456963855300428
"gene_191",0.366179431688693,0.54509420619323,0.708835118586775,0.0479740734701257
"gene_192",2.78931966735087,0.094894507394295,0.229490948958392,0.151713192122579
"gene_193",0.141696624578685,0.706600129846771,0.835718663331486,0.306705096571452
"gene_194",1.81241000063824,0.178219397868221,0.355018720853029,0.0505007097393648
"gene_195",0.0274218261770329,0.868475392114094,0.938385080620307,0.122927908441583
"gene_196",2.1519424155245,0.142389646962108,0.307537034475395,0.232632967730017
"gene_197",2.79357944715832,0.0946426081137657,0.229436625730341,0.208279000785478
"gene_198",4.24286016278541,0.0394157116866648,0.118121389184838,0.050816218368636
"gene_199",14.3924868751122,0.000148393193796504,0.0012163376540697,0.0526114251732677
"gene_200",0.0157752127466892,0.900049027002098,0.956481431458128,0.334721012896999
"gene_201",1.10220524578153,0.293782653945975,0.490859844264706,0.315198000982187
"gene_202",2.15594703763782,0.142018854102711,0.307495366841165,0.0573263398710403
"gene_203",0.646907898222025,0.421220360728024,0.611794278472075,0.178740000650329
"gene_204",10.3318788505436,0.0013075203888842,0.00738712084115365,0.174996509746501
"gene_205",26.2982010980191,2.92561052547686e-07,4.39941432402535e-06,0.084613537615952
"gene_206",0.886617190524646,0.346395666460721,0.54021051760174,1.18586965087924
"gene_207",0.910966896458945,0.339858002749284,0.533340218037642,0.545363117946285
"gene_208",5.50397131545628,0.0189733372796304,0.0666082072810538,0.0693626886663711
"gene_209",0.0484275304064568,0.825822432676545,0.91778152618518,0.909262232631111
"gene_210",1.73951828369354,0.187199874954324,0.364912036947999,0.0919221216791125
"gene_211",0.817686642708964,0.365857406449977,0.560271679096442,0.129654662172043
"gene_212",21.8847102918397,2.89531656846779e-06,3.71194431854844e-05,0.0556788723027188
"gene_213",8.80353282832027,0.00300647813623038,0.0145945540593708,0.160986820037744
"gene_214",14.2639669696267,0.000158877399556718,0.00127094185253103,0.295731850440346
"gene_215",0.38271730995325,0.536152553890242,0.703759660864084,0.13463077882156
"gene_216",1.70105340951579,0.192150271731263,0.371304872910654,0.0812953581827355
"gene_217",0.367856738336457,0.54417485339424,0.708794232713821,0.149528644729716
"gene_218",4.72767562050012,0.0296809706387194,0.0952840148915552,0.073369684043951
"gene_219",8.25707844323483,0.00405934040016688,0.0187498401855283,0.0651815010896565
"gene_220",6.64464112463611,0.00994545093680073,0.0389254439796506,0.0726226878495673
"gene_221",18.8821967694996,1.39044280311579e-05,0.000147136804562517,0.055651249133906
"gene_222",3.29739172530856,0.0693899838014822,0.183328887190178,0.0409821423612904
"gene_223",0.129580678701075,0.718867202293902,0.840780353560119,0.392832308246642
"gene_224",0.00146923786269326,0.969424062584405,0.987193546419964,0.221570775135832
"gene_225",1.28241983305804,0.257449592682894,0.451182385512002,0.360176421360638
"gene_226",2.5373800322476,0.111179131559063,0.259461217174008,0.0521226338623284
"gene_227",3.3578368056418,0.0668858748517681,0.177887965031298,0.080223619044856
"gene_228",0.00044852090780978,0.983103414756638,0.992031700057152,0.387649430619098
"gene_229",7.69875525709585,0.00552589200569655,0.0240779608091353,0.118650247142512
"gene_230",0.0225612948760272,0.88060353028416,0.945360741045797,0.0608922424052485
"gene_231",0.465429843287438,0.495097201970575,0.668524301768706,0.180280109188306
"gene_232",0.0124814611428974,0.911045056296249,0.962032794399419,0.157359976981619
"gene_233",0.766465871120374,0.381312588735361,0.574265946890604,0.316778501679998
"gene_234",0.66242887209296,0.415703767478267,0.608339640907656,0.181530341858656
"gene_235",0.143439481939595,0.704885364191798,0.834677755111661,0.0502199329579595
"gene_236",1.43434838781013,0.231056088205186,0.41820106462477,0.826996283652141
"gene_237",7.78010468095385,0.00528247362508416,0.0233221793601949,0.0751155087247236
"gene_238",5.45947856029096,0.0194624538958041,0.0681697159222562,0.14177573886119
"gene_239",2.83494487812129,0.0922339661214882,0.225786942769861,0.060927768249995
"gene_240",0.00884490480814293,0.925071540294812,0.966636928207745,0.0666481750267248
"gene_241",636.281033994402,2.15161558088653e-140,2.15161558088653e-137,0.0475338067931482
"gene_242",0.517319585430528,0.471987315536566,0.650256124786495,0.0574150027879728
"gene_243",0.182724194247612,0.669042488571592,0.805105281072915,0.285960054903638
"gene_244",7.36239822855055,0.00666018997584879,0.0277507915660366,0.0580992196892307
"gene_245",14.9114302007989,0.000112678201849794,0.00095333359076302,0.0583783441216662
"gene_246",1.85680635286116,0.172993845869747,0.347726323356276,0.858916545035233
"gene_247",0.752900386736428,0.385559501958762,0.578050227824231,0.0557486181752111
"gene_248",4.21986810669625,0.0399532662475667,0.118913565437083,0.0537733589206619
"gene_249",0.0468665875091574,0.82860821800005,0.919143891292346,0.0591755291344483
"gene_250",2.23670200916456,0.134768153267732,0.297501442092123,0.0649298546638005
"gene_251",3.93890892985223,0.0471813691542364,0.133895146465286,0.304723827899081
"gene_252",14.2786916738654,0.000157639327909686,0.00127094185253103,0.0730937780532358
"gene_253",215.423695416061,9.00822253203595e-49,5.45952880729452e-47,0.128560224968998
"gene_254",0.680008226618042,0.409583891329213,0.602772467003992,0.513643270010115
"gene_255",0.0712064283471818,0.789588253573449,0.890680489084545,0.328832653599714
"gene_256",0.959808990478678,0.327235007191415,0.521905912585988,0.372004463869562
"gene_257",1.12416219036857,0.289023988690529,0.4869822892848,0.864790832231901
"gene_258",0.539674832104311,0.462567517804808,0.641119220796685,0.0543673080623917
"gene_259",7.90044358226373,0.00494226759497183,0.022287458272783,0.0664845903469971
"gene_260",1.35022697022947,0.245238441489561,0.436755906481853,0.723165168823797
"gene_261",1.15951266784293,0.281566631754468,0.476827488153205,0.0585250197576569
"gene_262",3.67941216516635,0.0550882688496432,0.152134610592938,0.0483595633004116
"gene_263",43.6421287593647,3.94259680485193e-11,8.36635248506711e-10,0.258266145174033
"gene_264",10.0217542456991,0.00154702053083604,0.00847682482649883,0.179637412397857
"gene_265",6.22979228596239,0.012561847077714,0.0474928055868205,0.140802871393822
"gene_266",0.6128721023548,0.433708457732909,0.618258671037646,0.0525988566591167
"gene_267",9.951121619118,0.00160751427189533,0.00871281448181749,0.0753311192591475
"gene_268",0.474833028073988,0.490772111683744,0.664552622455983,0.162813904569586
"gene_269",1.16413713357406,0.280609184853261,0.475608787886883,0.0485637089166681
"gene_270",35.8065284495378,2.17916455615444e-09,4.19070106952776e-08,0.0593164693843236
"gene_271",1.46345235314766,0.226381613130617,0.4132527816621,0.1736581221309
"gene_272",4.38610971021973,0.0362328983478667,0.111314587858269,0.129623898819805
"gene_273",0.0129155250387498,0.909518031152875,0.960927661017301,0.505240635784889
"gene_274",0.625752529028205,0.428917608083829,0.615817196565894,0.081452130908256
"gene_275",2.08265783646914,0.148980571217564,0.315971519019223,0.140633064130421
"gene_276",3.59545002217749,0.0579379398669123,0.158300382150034,0.109786353236189
"gene_277",4.6248679050625,0.0315116876446046,0.100196145133878,0.15518003208201
"gene_278",4.33810001223105,0.0372684906316161,0.113255915947439,0.0483011375347621
"gene_279",9.11709965902241,0.00253231132077694,0.0126207950287995,0.055756404677306
"gene_280",0.0403103339584732,0.840875031276014,0.925803734923392,0.0411417406904695
"gene_281",30.5494019815483,3.25472179449029e-08,5.76056954777042e-07,0.0533901935298424
"gene_282",7.44733583988454,0.00635304156821165,0.0267496487082596,0.241947146023945
"gene_283",15.2020523570603,9.65983779793497e-05,0.000836349592894803,0.0706166373903277
"gene_284",0.0145293887770777,0.904057047334194,0.957997181537971,0.181607172327459
"gene_285",12.8367567921445,0.000339876201462195,0.0023850961506119,0.180512816961565
"gene_286",1.11427761130062,0.291153977445511,0.48851338497569,0.15296763021209
"gene_287",13.2191224801986,0.000277107326156563,0.00200802410258379,0.0552427035271044
"gene_288",0.334862533906289,0.562809783351112,0.724849874435471,0.0792048783937988
"gene_289",9.07086043718755,0.00259714834254353,0.0128571700125917,0.0493912230817189
"gene_290",7.70440912613697,0.00550861021667237,0.0240779608091353,0.079606979769442
"gene_291",0.00478440595827578,0.944854779658365,0.97699142002754,0.0751541542395284
"gene_292",1.46603978710561,0.225971567003014,0.4132527816621,0.864028636221676
"gene_293",3.62195552501555,0.057021811400631,0.156438440056601,0.0888097143010244
"gene_294",3.96413583119022,0.046479373443927,0.133178720469705,0.0967106080203356
"gene_295",2.29038516860891,0.13017761461648,0.292205644481437,0.407136180554274
"gene_296",368.850607612472,3.33007099626358e-82,3.02733726933053e-80,0.0610778492251412
"gene_297",0.0579638311882036,0.809743622376725,0.905125982821306,0.047789831546186
"gene_298",0.797393498428448,0.371873814976828,0.566880815513457,0.720173445567304
"gene_299",33.5830206866059,6.82862168730174e-09,1.26455957172254e-07,0.0839980193250266
"gene_300",1.6624033092935,0.197279146048748,0.379018532274252,0.172769007186682
"gene_301",2.283106098183,0.130789707231414,0.292594423336496,0.156021468409946
"gene_302",0.036523807656863,0.848437823497709,0.93037569346335,0.152531188239258
"gene_303",1.63182106831874,0.20145135414621,0.384082658048064,0.387798651219946
"gene_304",16.7618231611091,4.23773779021168e-05,0.000413437833191384,0.0565529615676724
"gene_305",0.516186128247909,0.472473120981471,0.650256124786495,0.11139605277714
"gene_306",12.1903881363555,0.000480363874156597,0.00324113546280323,0.0522695744152119
"gene_307",10.5162408204001,0.00118329950293947,0.00685970726341723,0.0864774653944557
"gene_308",0.32325077216916,0.569660568051075,0.728262355195475,0.146294515856684
"gene_309",2.21490300263451,0.136683652419122,0.300050317011391,0.0615814106770737
"gene_310",0.00978795874470961,0.921190583386794,0.965608577973579,0.0294651983478341
"gene_311",1.07252677824755,0.300375403175495,0.497310270158105,0.872813126859995
"gene_312",0.0140928700440099,0.90550242428351,0.958710878013245,0.050903204770781
"gene_313",6.02723425074799,0.0140867887189704,0.0519575525698577,1.08273202458595
"gene_314",0.0979154931014818,0.754345610321382,0.8662834620804,0.153002221693211
"gene_315",0.602400646912429,0.437663533704556,0.621543243072249,0.0717398971071624
"gene_316",0.711054360250728,0.399094011919607,0.591688675937149,0.0921686013022253
"gene_317",0.00446832332534086,0.946704686006686,0.97699142002754,1.00756396653731
"gene_318",6.06910818305874,0.0137566402502471,0.0511399265808444,0.425799225815856
"gene_319",0.223867157720633,0.63610900503974,0.781460694152015,0.109491924674328
"gene_320",4.94362702415299,0.0261870298462894,0.085718591968214,0.0687595744229355
"gene_321",8.18001582620047,0.00423543906199595,0.0194286195504402,0.136753652261047
"gene_322",2.58302448773429,0.108015097112108,0.253259313275751,0.0596443714469232
"gene_323",19.8916543849283,8.1957321400044e-06,9.20868779775775e-05,0.0626006365583133
"gene_324",0.159904630895824,0.68924433594463,0.822978311575678,1.07592989443771
"gene_325",0.653230529452571,0.418960043457679,0.611180751714657,0.203612409286974
"gene_326",0.633028010618204,0.426246790339111,0.615817196565894,0.0707994230191182
"gene_327",0.0462169475488281,0.829781919534829,0.919935609240387,0.0598874471881765
"gene_328",2.51049576443427,0.113090349422852,0.263000812611285,0.0662991239518327
"gene_329",16.5236339048378,4.80474376158614e-05,0.000459784092017812,0.0565965592554736
"gene_330",12.0833625426543,0.000508737620631299,0.00338031641615481,0.0391606675257797
"gene_331",1.18864293463366,0.275603463436936,0.470376087876535,0.105799713267509
"gene_332",1.7800738215401,0.182140261839364,0.36001341345319,0.0515753413668535
"gene_333",672.015011791306,3.64251220138304e-148,7.28502440276608e-145,0.0411636670806661
"gene_334",12.99320592115,0.000312623245443554,0.00223302318173967,0.0616358849458027
"gene_335",0.122046150111544,0.726825783847052,0.847895827966493,0.314111045887667
"gene_336",0.348773929968047,0.554808000436553,0.717269554539823,0.0949618590748711
"gene_337",25.3396167912699,4.80733116936777e-07,7.06960466083496e-06,0.0478162970303301
"gene_338",4.64541188344367,0.0311366642570746,0.0991613511371802,0.175426797331933
"gene_339",3.91601161234325,0.0478282222352215,0.13510797241588,0.105125809141298
"gene_340",2.24265353457986,0.134250419920449,0.297317731018216,1.03793255016536
"gene_341",2.75792274374498,0.0967738190599343,0.232486431182019,0.151718902636515
"gene_342",13.2880052636103,0.000267109521223823,0.00196034288784587,0.409633592086911
"gene_343",10.195868503845,0.0014075565199024,0.00786344424526478,0.0365944831498854
"gene_344",0.988807256627865,0.320034066211042,0.516600591139696,0.0411034677377082
"gene_345",5.26420712642505,0.0217683364860299,0.0744216632001023,0.0650079718212618
"gene_346",0.0631008854984429,0.801660337843778,0.900635152727039,0.0793232025140194
"gene_347",0.275523496063556,0.599650400868453,0.753344601627863,0.419143881531099
"gene_348",602.633215288364,4.47770860224474e-133,2.98513906816316e-130,0.0469781082797036
"gene_349",0.864545435639684,0.352469802084702,0.546888754204347,0.110241627938876
"gene_350",1.1695862559946,0.279486270063112,0.474957437377689,0.147470315672356
"gene_351",8.41527813662242,0.00372080869077698,0.0175096879565975,0.0724566828119222
"gene_352",0.812348129936709,0.367426934805037,0.561385691069575,0.0607186568304552
"gene_353",0.696922840280081,0.403819600254771,0.597015034643007,0.0523498129552455
"gene_354",0.976986991386241,0.322943803221632,0.518803060963981,0.308953968621301
"gene_355",0.0981252523538387,0.754091110061395,0.8662834620804,0.0991225323656713
"gene_356",29.7703606325634,4.86371253626346e-08,8.53282901098854e-07,0.0445351052277023
"gene_357",1.77985781253943,0.182166787207314,0.36001341345319,0.897867000675248
"gene_358",9.7558261026478,0.0017875529726009,0.00950826049255798,0.0627912819298846
"gene_359",2.22156991518443,0.136094608763217,0.299109030248828,0.0570734319509637
"gene_360",33.2559252831875,8.07931987428168e-09,1.48244401362967e-07,0.0623187461452832
"gene_361",2.29057772808039,0.130161465832121,0.292205644481437,0.0842761887485898
"gene_362",4.07494438648644,0.0435236987764122,0.126706546656222,0.0656739418827701
"gene_363",5.20308190487219,0.0225468786680582,0.0756606666713363,0.0465960172821397
"gene_364",15.3214989692002,9.06786367297244e-05,0.000788509884606299,0.0828854833442737
"gene_365",13.5477496449981,0.00023257010532778,0.00173559780095358,0.0581416652508532
"gene_366",163.491664077293,1.95349163132825e-37,9.5292274698939e-36,0.0460876205672649
"gene_367",1.02085353074392,0.31231663479274,0.509862615838549,0.0522553600449518
"gene_368",60.9139291189474,5.96254690031333e-15,1.56909128955614e-13,0.0931170932892436
"gene_369",0.00237624327462527,0.96112113832257,0.985044925488524,0.0469459097167379
"gene_370",0.00428091621813564,0.947832665008004,0.977651021153176,0.193746789106048
"gene_371",0.282916579408493,0.594795928312651,0.749113259839611,0.078607902412374
"gene_372",3.03808673829462,0.0813317238443622,0.205383141021117,0.0571009329450596
"gene_373",5.12165389863765,0.0236290859140765,0.0787636197135885,0.0666937237952761
"gene_374",153.725271470646,2.65930569535865e-35,1.23688636993425e-33,0.0459413828613218
"gene_375",6.87741955225476,0.00872915021094072,0.0349865739917464,0.0668274546883181
"gene_376",0.598986287314801,0.438965064978177,0.621543243072249,0.0531953126398582
"gene_377",2.28578292762302,0.130564241929572,0.292417115183811,0.0697227387867056
"gene_378",0.618329271194852,0.431668817561428,0.617110532611049,0.0567846300577275
"gene_379",0.835563605732773,0.360668672131318,0.556587456992775,0.0664111057084693
"gene_380",0.0106834144091863,0.917676778275508,0.964959808912206,0.056299019163657
"gene_381",2.62015854481638,0.10551389785074,0.249441838890638,0.050740534372024
"gene_382",7.89841415039837,0.00494781573655783,0.022287458272783,0.057088673471873
"gene_383",0.986442794125651,0.32061334357575,0.51711829608992,0.163425440712304
"gene_384",3.8177242588747,0.0507130733742541,0.141656629537023,0.190819670422895
"gene_385",0.105474566022849,0.745356301312289,0.860176786830023,0.0469764059940561
"gene_386",0.0156175587379721,0.900547117445444,0.956502514546409,0.130500572116091
"gene_387",2.1153230252865,0.145831280580282,0.311605300385218,0.575521073349681
"gene_388",4.5835798985745,0.0322797091815648,0.102219135235942,0.127022373896441
"gene_389",0.216914815723158,0.641400796168848,0.78527057635864,0.0488779962758478
"gene_390",12.4147794346972,0.000425949318655988,0.00293758150797233,0.0644160212924346
"gene_391",0.508975229692851,0.475582808098566,0.652824719421505,0.0617973078456336
"gene_392",0.776077115970111,0.378343588723492,0.573674475588492,0.117141192193405
"gene_393",1.8587843560673,0.172765168579452,0.347726323356276,0.125506234792879
"gene_394",0.110457652695573,0.739623705154995,0.854562339867123,0.0371666574471287
"gene_395",1.48439051087081,0.223088847599578,0.410089793381578,1.0751487118208
"gene_396",0.000187537967121898,0.989073751107704,0.993287412577794,0.0551245695893185
"gene_397",0.339446473150019,0.560148902466888,0.723239383430456,0.271731140427358
"gene_398",35.243339491331,2.9097553626622e-09,5.54239116697561e-08,0.113341341167364
"gene_399",1.08633128573376,0.297285509195844,0.493260407967553,0.0581517004969438
"gene_400",0.231550804819278,0.630376306741732,0.777282745674146,1.30799240308632
"gene_401",0.0412758330496104,0.839006422533496,0.925570790914396,0.121559310977977
"gene_402",0.497552535214936,0.480577495464101,0.655630962433972,0.105792807282528
"gene_403",0.13768275059607,0.71059562601885,0.837472747223159,0.996098881573468
"gene_404",11.6467138264228,0.000643160516736562,0.00410965186413139,0.0549980914072391
"gene_405",0.795606339764447,0.37241025684701,0.567266194740304,0.225042115359838
"gene_406",9.68291558604449,0.00185989261589008,0.00984244765539188,0.0607737995536228
"gene_407",0.0439041310611969,0.834032078141688,0.92311242738427,0.140547975308064
"gene_408",1.26139439135807,0.261387316289822,0.455378599808052,0.0451694427752179
"gene_409",7.45059836107384,0.00634153640487578,0.0267496487082596,0.0610821847459512
"gene_410",13.1825936196235,0.000282561415680666,0.00203281594014868,0.0593992114784338
"gene_411",5.43644970183465,0.0197207147000019,0.0689535479021045,0.270572981841997
"gene_412",0.967039861706553,0.325419540008599,0.519547879034134,0.0734449548974043
"gene_413",1.06045174890886,0.303112174129369,0.500598140593508,0.240924465351155
"gene_414",0.201611450805444,0.653423261469527,0.794918809573634,0.0574620157758124
"gene_415",1.11692840550262,0.290580810298262,0.488512904244507,0.221442546132979
"gene_416",6.55314398377686,0.0104698992692285,0.0404243215028129,0.0975471753385574
"gene_417",1.94222423509439,0.163427233522813,0.336963368088275,0.0690468608465365
"gene_418",0.387874757507007,0.533418640053637,0.701433926880152,0.168312841141806
"gene_419",0.308729871684932,0.578460634578293,0.73577563448748,0.0447461980346927
"gene_420",0.229254483502871,0.632077169508798,0.777941131703137,0.442437221195003
"gene_421",12.2411267118999,0.000467475922371921,0.00316932828726726,0.232865185483274
"gene_422",0.890447067307491,0.345356185672566,0.540040947103308,0.0582217527627415
"gene_423",16.2040928084865,5.68711128761776e-05,0.000526584378483125,0.0773243603400707
"gene_424",0.694524197022247,0.404629783401225,0.597015034643007,0.0584937371749709
"gene_425",2.72726983782582,0.0986477889305158,0.235717536273634,0.0737128326498474
"gene_426",73.6530764006436,9.31265894150548e-18,2.62328420887478e-16,0.121909290925861
"gene_427",9.68258961844708,0.00186022260686907,0.00984244765539188,0.0571596375660671
"gene_428",1.52844682919738,0.216345697724492,0.401383483718909,0.121122531680809
"gene_429",1.77693188618809,0.182526524899585,0.360368262388125,0.0633628300620762
"gene_430",5.24956629587001,0.0219522418810745,0.0746674893914098,1.06757254390475
"gene_431",0.011767411860319,0.913616767246462,0.96236934025377,0.15242907738085
"gene_432",5.39559449033322,0.0201876472736899,0.0700959974780899,1.30498256248043
"gene_433",0.0899225338601468,0.764275660870306,0.872460800080258,0.219130940320643
"gene_434",0.428291792674827,0.512828332086989,0.682860628611171,0.0736850581219953
"gene_435",9.9691975306929,0.00159180855465714,0.00867470601992991,0.134678655293226
"gene_436",0.0196811980442817,0.88843110735331,0.94885180752718,0.129804778001902
"gene_437",0.74636532833506,0.387629434848373,0.580718254454491,0.136875369066296
"gene_438",1.95778435708394,0.16175047582292,0.334195197981239,0.128767573893169
"gene_439",15.7020264580847,7.41446912924265e-05,0.000664974809797547,0.0543406779683775
"gene_440",0.0351226004039518,0.851338989577024,0.93093383223294,0.04743499598949
"gene_441",3.83901964309524,0.0500727908919811,0.140653906999947,0.168211467651315
"gene_442",0.254390813832174,0.614000199664565,0.762988782150163,0.0506396533575198
"gene_443",2.79077524161266,0.0948083509927559,0.229490948958392,0.0680656405939589
"gene_444",1.28178280294458,0.257567816260993,0.451182385512002,0.067277175374264
"gene_445",5.71161958307164,0.0168529841159837,0.061172356137872,0.0540442029895273
"gene_446",4.97173661418208,0.0257647661194137,0.0846133534299302,0.05885918264406
"gene_447",9.95968138525063,0.00160005742863684,0.0086959642860698,0.13120759928022
"gene_448",0.017460304396991,0.894875578668386,0.952501946427234,0.059868834385371
"gene_449",1.80640812274476,0.178939710694007,0.355744951677947,0.0561492701615704
"gene_450",0.27333416233364,0.601103906597457,0.754107599308667,0.0624378481255846
"gene_451",0.377337266108043,0.539031742746271,0.704616657184668,0.0601070450564627
"gene_452",5.2903724985274,0.0214436328209376,0.0738494883139821,0.08686795265341
"gene_453",0.131300911227868,0.717087004645948,0.840172237429348,0.0864918248021721
"gene_454",0.0577502530853735,0.810087754625069,0.905125982821306,0.373012559706001
"gene_455",10.7603777400277,0.00103696216683892,0.00613587080969778,0.1211938327374
"gene_456",0.225123385352731,0.635163580707149,0.780979000229248,0.260351417008526
"gene_457",0.0619215531926329,0.803484225884026,0.9012722668357,0.205081853172296
"gene_458",0.151065210480965,0.697519476407389,0.8297373891615,1.39781493589625
"gene_459",0.694305389724377,0.404703807330183,0.597015034643007,0.040702126418138
"gene_460",6.80529420571258,0.00908879767849751,0.03635519071399,0.0476902418378261
"gene_461",9.5059260809428,0.00204809366745178,0.0105844633976836,0.111051286682803
"gene_462",0.308361244298737,0.578687536524403,0.73577563448748,0.446688541036827
"gene_463",13.5272673548883,0.000235122153084069,0.00174812009727932,0.0547059334946278
"gene_464",7.59511388517762,0.00585266983423928,0.0252815111630207,0.0859590170938968
"gene_465",6.79008428258351,0.00916655806126498,0.0365725788108064,0.0943191613695335
"gene_466",27.99150699984,1.21849061915196e-07,1.94958499064313e-06,0.0473438555117308
"gene_467",3.81486495612057,0.0507997000164878,0.141700697396061,0.0534609035561529
"gene_468",1.59530932122743,0.206569217040218,0.39049001330854,0.258857666545334
"gene_469",2.97227295482799,0.0847027670840438,0.213357095929581,0.0923433145059498
"gene_470",2.87661918440585,0.08987453677194,0.22225310632952,0.133391589105461
"gene_471",1.82015527874131,0.177294794610882,0.353881825570623,0.698851180737679
"gene_472",6.17191678786412,0.0129793906517186,0.0486119500064365,0.131046885347473
"gene_473",2.50568048129082,0.113436477095197,0.263499366074791,0.568230632579814
"gene_474",0.131851601380731,0.716519907511507,0.840011213755496,0.0495565381992524
"gene_475",2.15448948632695,0.142153684748465,0.307495366841165,0.165230674851078
"gene_476",0.954497909561155,0.328577029640756,0.523211830638146,0.104803239486689
"gene_477",16.7394649896338,4.28796938927539e-05,0.000416307707696639,0.0524897629861999
"gene_478",10.3775154466742,0.00127559235333769,0.00722715214355629,0.0779063583540438
"gene_479",125.683065905142,3.60729274627559e-29,1.41462460638259e-27,0.148399299626348
"gene_480",0.113290059510291,0.736429096393392,0.852244578202723,0.0765533733412519
"gene_481",0.000365408948823642,0.984748828581786,0.992204190228481,0.103502485283088
"gene_482",0.18404447684577,0.667920275710002,0.804238742576763,0.0881165387836602
"gene_483",0.82494789513828,0.363737477895165,0.558107841165764,0.122237073889507
"gene_484",0.676264552231032,0.410875987463637,0.604229393328879,0.0769748147481364
"gene_485",0.498124161372743,0.480325510987052,0.655630962433972,0.101493998467158
"gene_486",2.89524719919029,0.088841146672991,0.220185597176815,0.0536696061553287
"gene_487",0.0818294322633619,0.774833360527876,0.879992459429728,0.077971536788012
"gene_488",9.56638696747939,0.00198172419528663,0.0102946711443461,0.040278185450975
"gene_489",0.370854555785058,0.542538830140059,0.707813216099229,0.242318883875891
"gene_490",6.39026330496608,0.0114748006281471,0.0437434708736061,0.0548558420611563
"gene_491",13.8090905963485,0.000202354769234328,0.00155657514795637,0.174583594123872
"gene_492",1.6406619251253,0.200234673565375,0.382492213114374,0.274300928147588
"gene_493",45.7823568111334,1.3214840847223e-11,2.90436062576329e-10,0.0386026117738966
"gene_494",6.03723561894287,0.0140072006761472,0.0517826272685664,0.0522524428580281
"gene_495",2.12902222904211,0.144532925981272,0.309586588511103,0.304193160565082
"gene_496",21.2258076931826,4.08230515390636e-06,5.04990925623326e-05,0.0724947558949393
"gene_497",1.05350746883403,0.304700666014748,0.502391864822337,0.139392802602635
"gene_498",5.23100395916265,0.0221877219313109,0.0748321144394973,0.154606087983558
"gene_499",2.33016732364626,0.126888237366727,0.286753078794863,0.0529552296302428
"gene_500",13.746020189615,0.000209263724266463,0.0015793488623884,0.0693092215346206
"gene_501",0.607420524746317,0.435760684459047,0.620199165299766,0.0583008352223666
"gene_502",12.9240510376001,0.00032438706462139,0.0022924880891971,0.29591798512969
"gene_503",0.966731268603553,0.325496746214885,0.519547879034134,0.0506816866098343
"gene_504",7.51950754023164,0.00610343635911549,0.0260986261046499,0.0507575029963488
"gene_505",24.1518838124441,8.90290371749084e-07,1.25393010105505e-05,0.042878940215914
"gene_506",0.0765447362809937,0.782035664228473,0.886159392893453,0.474355687760341
"gene_507",1.25708875795397,0.262202869179465,0.455608808304892,0.153200183553126
"gene_508",13.2028835655755,0.000279518717545931,0.00201818568625221,0.0946894600015202
"gene_509",0.634112381109105,0.425850865791934,0.615817196565894,0.225341993394963
"gene_510",1.78243701222232,0.181850359906658,0.36001341345319,0.0835604196929115
"gene_511",13.239300404464,0.00027414020717552,0.00199374696127651,0.0546963793492415
"gene_512",0.506738726637423,0.476554054634565,0.65367118184479,0.0975276682867122
"gene_513",0.037730101506213,0.845986101690307,0.929144537825708,0.375119344749765
"gene_514",23.6303080133384,1.16734363820785e-06,1.61012915614876e-05,0.0611360971280837
"gene_515",2.71449700859148,0.0994403111657068,0.236874090231045,0.102653217008888
"gene_516",0.333427604906888,0.56364772655952,0.724948844449543,0.0844702539298987
"gene_517",3.75987595587651,0.0524964729001997,0.145419592521329,0.0461225181701391
"gene_518",14.8796836307334,0.000114590495796082,0.00096294534282422,0.073151631587317
"gene_519",0.00152307056896461,0.968869231476706,0.987193546419964,0.0785478820456954
"gene_520",27.0958709013744,1.93611042598763e-07,3.04899279683091e-06,0.0817275615966325
"gene_521",1.90225565886391,0.167826056224956,0.341804595162844,0.290045814116715
"gene_522",11.3660189866099,0.000748000288940674,0.00461728573420169,0.0523693540620849
"gene_523",1.38744936791215,0.23883631297229,0.42725637383236,0.0847389852666087
"gene_524",0.219377632332225,0.639514540978676,0.784673368372796,0.0418800694646536
"gene_525",0.14652867424445,0.70187500192022,0.832470285942861,0.58943879965889
"gene_526",6.13340760836047,0.0132650961483762,0.049496627419314,0.0506113360368049
"gene_527",0.00555752526150854,0.940573703411315,0.975914217172641,0.781692621433974
"gene_528",0.40026339397923,0.526953260611826,0.697028122502415,0.0881399795474088
"gene_529",2.12973165831841,0.144466044701223,0.309586588511103,0.287685391200195
"gene_530",1.8527375697746,0.17346533420137,0.348323964259779,0.0632875553487363
"gene_531",10.5399505061018,0.00116821548220104,0.00679195047791304,0.0602167523941171
"gene_532",0.482684850409271,0.487208700048196,0.661070149319126,1.1056260817586
"gene_533",1.39134103991069,0.238178760619347,0.42684365702392,0.1877194276946
"gene_534",7.84423781270743,0.0050982948885244,0.022709554069151,0.844180963560057
"gene_535",9.82138840568007,0.00172494079851805,0.00924901232449358,0.0354692618598311
"gene_536",0.159385830757401,0.689722597875556,0.823057992691595,0.0699101953916171
"gene_537",1.09292488908113,0.295824055497907,0.491402085544695,0.0634827192332309
"gene_538",0.0948860699267016,0.758055071881776,0.868333415672137,0.115090420517943
"gene_539",0.0841831450034078,0.77170659740381,0.877437859469938,0.0371848843585453
"gene_540",1.18846012500796,0.27564038749565,0.470376087876535,0.045344155280632
"gene_541",28.097547786479,1.15351926976654e-07,1.86051495123635e-06,0.0468236679196797
"gene_542",1.36273773676533,0.243063570914748,0.433654899045045,0.0816381555197356
"gene_543",0.0149442642175472,0.902703614807901,0.957775718629073,0.0980680446401909
"gene_544",0.00138914690717229,0.970268719851158,0.987550859899398,0.110991919261908
"gene_545",592.225691311014,8.21847607157857e-131,4.10923803578929e-128,0.040703498589672
"gene_546",3.10659338722905,0.0779758951707199,0.198411946999287,0.0492709337889881
"gene_547",0.28962782729883,0.590459126022682,0.746000159220065,0.166332512623602
"gene_548",0.773467704940799,0.379146423282422,0.573674475588492,0.363969567842967
"gene_549",1.75899497907642,0.184749922350134,0.362195946371244,0.332430052795398
"gene_550",0.733716169141132,0.391681279122706,0.583697142893852,0.845527591345292
"gene_551",2.11331360829968,0.146022828133082,0.311681596868906,0.85027327924208
"gene_552",5.18863407749507,0.0227350784687001,0.07616441698057,0.125705630412817
"gene_553",0.0303536576632837,0.861690201695386,0.935465604250971,0.166204917316888
"gene_554",0.91823695729056,0.337938315902952,0.532186324256617,0.142839994093196
"gene_555",0.188332624069631,0.664307998144184,0.802304345584763,0.0474437609819167
"gene_556",22.6825898567297,1.9109145240646e-06,2.49499641079118e-05,0.0550356184846659
"gene_557",0.0522565974590634,0.819182141101045,0.913246534114877,0.136446386782778
"gene_558",103.04869936243,3.27010168307164e-24,1.09003389435721e-22,0.184900137704061
"gene_559",0.140078666185786,0.708202819989828,0.835977720016021,0.136777854878095
"gene_560",0.581860196147659,0.445584105784714,0.627141598571026,1.03499175455249
"gene_561",5.21583637874335,0.0223820784748575,0.0753605335853789,0.111943734288788
"gene_562",0.284592673859947,0.59370669448617,0.748212595445709,0.0911499342830271
"gene_563",0.39898375484222,0.527614555334787,0.69744158008564,0.0852034264829816
"gene_564",0.0491765979170395,0.824502298722661,0.917132701582493,0.12264561898471
"gene_565",0.150761035085566,0.697809144284822,0.8297373891615,0.10646389767717
"gene_566",1.85748748476999,0.172915060815653,0.347726323356276,0.0831716143697668
"gene_567",0.770656776320266,0.380013949981791,0.573909808875461,0.0566206884823236
"gene_568",1.89545317726117,0.168588137363817,0.343007400536758,0.047758466786671
"gene_569",13.2424417182087,0.000273681173512445,0.00199374696127651,0.0644633987642527
"gene_570",0.0469296079826904,0.828494813484684,0.919143891292346,0.19061315232349
"gene_571",402.695994988534,1.4257891307619e-89,1.4257891307619e-87,0.0644201001828308
"gene_572",21.480420845418,3.57459825470953e-06,4.49635000592393e-05,0.321647542205175
"gene_573",0.560674638032538,0.453988548322079,0.634062218326925,0.0607679357175401
"gene_574",2.04545111351183,0.152661724615884,0.320656757781418,0.370180674715893
"gene_575",0.554254393836857,0.456584542848687,0.635027180596226,0.864694546966189
"gene_576",0.633493950984644,0.426076598718118,0.615817196565894,0.0890562593056487
"gene_577",7.42217403149277,0.00644249270339633,0.0270692970730938,0.110868667802239
"gene_578",0.198548342854792,0.655895142081449,0.796956430232624,0.396724699989784
"gene_579",10.2766974668486,0.0013472087119258,0.00756858826924609,0.0783865315463356
"gene_580",0.261361303761532,0.609186459718939,0.759059483157969,0.0546106098499172
"gene_581",0.186048442409628,0.666226018244388,0.80331229257302,0.110054249002978
"gene_582",3.46062967991168,0.0628463776831865,0.169397244429074,0.0669569189282336
"gene_583",1.54948677893969,0.213211222189846,0.397411411351063,0.192068905155332
"gene_584",0.00740735114584368,0.931413975435049,0.971245769795557,0.0494855141134648
"gene_585",0.117718831983268,0.73152189147632,0.850112599042788,0.565598685262038
"gene_586",0.30116431099384,0.583153421436211,0.739573140692722,0.0959566064306841
"gene_587",2.03027785543691,0.154192415253938,0.323116077249686,0.25297943306492
"gene_588",0.058919395984617,0.808212103171851,0.904544727467944,0.171393285482296
"gene_589",7.45284793383473,0.00633361575778718,0.0267496487082596,0.184243511961073
"gene_590",0.0144905348129214,0.904184797527699,0.957997181537971,0.0719521511953768
"gene_591",2.01571167964437,0.155678258906137,0.324664049111031,0.207619120657648
"gene_592",0.294176404573989,0.587556538574807,0.74327202855763,0.185564139120579
"gene_593",1.44351572202481,0.229571266454662,0.416213566666453,0.598223522353826
"gene_594",0.342553672435884,0.55835888965216,0.721393914279276,0.0551849276010619
"gene_595",0.0201554076766115,0.887103905856124,0.948267136136958,0.623664273107394
"gene_596",1.64958868074859,0.19901492308347,0.381970705046258,0.0493702397583821
"gene_597",0.303208075677617,0.581878200266402,0.7384241120132,0.0767110472440138
"gene_598",4.97696126345954,0.0256870639534134,0.0844969208993861,0.0520762941129348
"gene_599",14.2662567544478,0.00015868423052991,0.00127094185253103,0.100401003722446
"gene_600",2.23061685839741,0.135299821076019,0.297689375304773,0.0464131046772326
"gene_601",11.7960805113198,0.000593555521623514,0.00381707730947597,0.0582378581427912
"gene_602",5.23524658314318,0.0221336707176545,0.0747759145866705,0.0677897543250648
"gene_603",0.465987694772593,0.494838830769359,0.668524301768706,0.863971206595337
"gene_604",0.324816745366093,0.568727235052611,0.728262355195475,0.655834599978145
"gene_605",0.601051971655352,0.438176932507114,0.621543243072249,0.105211125405531
"gene_606",2.04938462408393,0.15226772464464,0.32022655025161,0.0645430158820016
"gene_607",1.02950590099306,0.310274745564043,0.507399420382735,0.279454825431629
"gene_608",1.64137459960477,0.200136971895725,0.382492213114374,0.198013513285918
"gene_609",5.52558104616031,0.0187403779381089,0.0659872462609469,0.536548725831827
"gene_610",0.00317878808743899,0.955038498072781,0.982549895136606,0.080840458491077
"gene_611",6.22164527958091,0.0126197787594185,0.0476218066393151,0.174767104427025
"gene_612",1.7657113044819,0.183913730679419,0.362195946371244,0.735247995285694
"gene_613",2.42168973138666,0.119665789319167,0.274777931846538,0.161131482443249
"gene_614",28.7483037794801,8.24220779287979e-08,1.39698437167454e-06,0.0722485531132503
"gene_615",1.32620481162513,0.249481509584774,0.4406838481513,0.230532193906122
"gene_616",0.0202852634467376,0.886743255042703,0.948267136136958,1.04171280817591
"gene_617",0.103354444615775,0.747840710136404,0.861075779522126,0.0541448948493556
"gene_618",0.158137718849162,0.690876893031843,0.823943819954494,0.108045369028819
"gene_619",8.53379675341137,0.00348611716488006,0.0166799864348328,0.103362652323489
"gene_620",0.114614926439344,0.734950063194781,0.852244578202723,0.114636155231571
"gene_621",2.16150472711888,0.141506058154996,0.307495366841165,0.0714141643012102
"gene_622",1.09557624176637,0.295238988156742,0.491402085544695,0.0419745858145574
"gene_623",0.00919340035522964,0.92361411488914,0.966123551139267,0.0577450260316955
"gene_624",1.37181051361347,0.241501055867888,0.431251885478372,0.163100726249878
"gene_625",24.8588030187575,6.16867033776018e-07,8.87578465864773e-06,0.0540647632538752
"gene_626",57.286805190258,3.76673820976256e-14,9.53604610066472e-13,0.108145733299716
"gene_627",3.80634593730247,0.0510587244668452,0.142027049977316,0.0670528810931168
"gene_628",6.60118801920862,0.0101910747038596,0.0397312853951641,0.0461335173342056
"gene_629",2.5500297921127,0.110292175493706,0.257993392967733,0.0646719719787631
"gene_630",0.189709727934883,0.663158318278751,0.801859649956674,0.909830842455223
"gene_631",1.47182232704597,0.225058391522563,0.41295117710562,0.179737528928859
"gene_632",525.732994819157,2.39478186030292e-116,4.78956372060584e-114,0.0521289760088463
"gene_633",0.00924065985543621,0.923418634770652,0.966123551139267,0.157419070822796
"gene_634",0.134268437023593,0.714046790428823,0.840011213755496,0.106325743714585
"gene_635",1.29568632329995,0.255002672195001,0.448553513095869,0.0742728474222576
"gene_636",19.9064672574223,8.132475225311e-06,9.18923754272429e-05,0.0480957218848901
"gene_637",10.2508927448074,0.00136618468959371,0.0076536957400208,0.0722124370213909
"gene_638",0.204111936007166,0.651422082900116,0.794417174268435,0.546925335498482
"gene_639",0.79171271766802,0.373582739260935,0.567754922888959,0.0489798632759909
"gene_640",81.2642766393319,1.97463922284191e-19,5.98375522073308e-18,0.251424433763771
"gene_641",120.126957112204,5.93389076099764e-28,2.19773731888802e-26,0.156029974118062
"gene_642",3.9469070301717,0.0469576014042431,0.133895146465286,0.162408195053015
"gene_643",4.92543462254321,0.0264641446344633,0.0864841327923637,0.0531158832343866
"gene_644",6.41726470665594,0.0113016103138869,0.0433011889420952,0.0750899712505417
"gene_645",3.39875393862314,0.0652456893002132,0.174453714706452,0.0697450071450293
"gene_646",1.75332042325363,0.185459852852301,0.362580357482505,0.0350698341559866
"gene_647",0.0236121142565935,0.877875981587801,0.943445439642988,0.0766285390358209
"gene_648",23.3682578109944,1.33767771660291e-06,1.79587719753158e-05,0.111341370457451
"gene_649",3.97628709531932,0.0461451742686652,0.13260107548467,0.0723979840670375
"gene_650",0.334130534424048,0.56323694289192,0.724886670388571,0.0838657641203721
"gene_651",0.0326311981591516,0.856649312632904,0.934186818574595,0.073211815548193
"gene_652",0.441798799423623,0.506255526879648,0.679081860334873,0.824039288121003
"gene_653",1.87333754397082,0.171093315482542,0.34663311991011,0.0667541096287531
"gene_654",0.203260088841489,0.65210216534241,0.794761932166252,0.0697546377168172
"gene_655",3.67758131341566,0.05514879633994,0.152134610592938,0.0761302001020257
"gene_656",3.99765444077514,0.0455636298380358,0.131307290599527,0.0928689365318345
"gene_657",4.16468737546734,0.0412750294175004,0.121575933483064,0.0560428636350019
"gene_658",0.272888320452807,0.601400810448662,0.754107599308667,0.0620912353927809
"gene_659",0.0281045064589307,0.866863364069232,0.937149582777549,0.267114505023366
"gene_660",0.141716039975108,0.706580961239454,0.835718663331486,0.441310250324339
"gene_661",0.000352707702063526,0.985016198743487,0.992204190228481,0.0741875386966897
"gene_662",3.808308675832,0.0509989230027003,0.142027049977316,0.143149625802698
"gene_663",0.984539498334925,0.321080641020659,0.517454699469233,0.0529234900513142
"gene_664",1.1693841311245,0.279527821110301,0.474957437377689,0.0583276244228559
"gene_665",3.17917671409555,0.0745822994071766,0.1928251467097,0.0850372692438211
"gene_666",0.167009637268734,0.682783227927953,0.818194401351652,0.059914265125197
"gene_667",2.87528643557403,0.089948969219011,0.22225310632952,0.63374728980526
"gene_668",0.22985009962531,0.631634999629864,0.777941131703137,0.0637695112555747
"gene_669",0.00630322737487177,0.936720141821044,0.975242209079691,0.230611440715722
"gene_670",0.191446241653807,0.661715639248039,0.801676432565187,0.393943691216642
"gene_671",2.3194616600174,0.127764236562012,0.288081705889542,0.0533384531534168
"gene_672",2.78546998004651,0.0951227839555179,0.229735680197008,0.105232637627286
"gene_673",4.91991078752778,0.026548887998263,0.0866195366990636,0.117802187848593
"gene_674",1.4873843377701,0.222622738486471,0.409609454436929,0.0699849060732849
"gene_675",2.94460678910741,0.0861646668651613,0.216222501543692,0.0323050870924441
"gene_676",8.47784288084131,0.00359498131882769,0.0171189586610842,0.0486505406346777
"gene_677",0.17007942849807,0.680041226715957,0.815886294800188,0.35883431829246
"gene_678",0.471454166067815,0.492318943773079,0.665745698138038,0.0978773318136368
"gene_679",7.68252749319277,0.00557580199446385,0.0242426173672341,0.234185421369349
"gene_680",0.198786299356811,0.655702298856438,0.796956430232624,0.257737730207018
"gene_681",242.004871160892,1.43734671395349e-54,9.58231142635658e-53,0.075103743333624
"gene_682",0.039517902310422,0.842426156509017,0.92590267761188,0.0629426929544337
"gene_683",0.629575290147216,0.427511143044979,0.615817196565894,0.427050593243675
"gene_684",4.06668924315943,0.0437369186982012,0.127142205518027,0.107295947419114
"gene_685",5.60183326567255,0.0179416937740411,0.0639632576614656,0.0484700111551508
"gene_686",4.25244742221423,0.0391938080762274,0.117699123352034,0.0641061786072811
"gene_687",14.5578533431955,0.000135920938461449,0.00112331354100371,0.36743734431601
"gene_688",0.687036729930355,0.407174131218514,0.599667350837282,0.0932006193806381
"gene_689",11.867339052235,0.000571269761651071,0.00368561136549078,0.0685748530198316
"gene_690",325.068850257077,1.13978397272677e-72,9.49819977272308e-71,0.0702326074650962
"gene_691",1.04791925895609,0.305986787319848,0.503711747495215,0.0429538041134249
"gene_692",0.729533535555106,0.393034429560877,0.584872663037019,0.699413800275017
"gene_693",2.95856593261954,0.0854236739794816,0.214902324476683,0.0437747736281317
"gene_694",3.4013969920756,0.0651412281542189,0.174407572032715,0.415911169573141
"gene_695",2.85533139556821,0.0910714702140891,0.224313966044554,0.045230632262726
"gene_696",3.12942338462307,0.0768909320706201,0.196652000180614,0.719514366640202
"gene_697",9.54784003508064,0.00200184845380266,0.0103722717813609,0.062640086395317
"gene_698",0.437829489576643,0.508171932977426,0.680609449456255,0.105621025516428
"gene_699",0.955055226370632,0.328435862296829,0.523211830638146,0.0587969920060747
"gene_700",3.49161881263171,0.0616802422929137,0.166928937193271,0.118072916553544
"gene_701",0.0130250417462889,0.909136877376629,0.960927661017301,0.159663413973351
"gene_702",0.113950798531505,0.735690274183961,0.852244578202723,0.0732978885097001
"gene_703",120.228470555445,5.63787824385275e-28,2.12750122409538e-26,0.0621386224319286
"gene_704",4.45422209841092,0.0348150696433569,0.108121334296139,0.118513704905058
"gene_705",7.52035983327562,0.00610054927686685,0.0260986261046499,0.268891354134598
"gene_706",3.09900206867258,0.0783403024920234,0.199085902139831,0.187682020543547
"gene_707",0.832435521355592,0.361569216781429,0.556921697460024,0.0718874219782257
"gene_708",10.4416433661694,0.00123205601789302,0.00709876470069888,0.0589432997175433
"gene_709",8.97287410888418,0.00274017217489858,0.0134846635757327,0.116541181061036
"gene_710",28.1530967631487,1.12088181771696e-07,1.82257206132839e-06,0.0762992709472637
"gene_711",0.391310185157636,0.531611515664184,0.700872136669985,0.0728065775312407
"gene_712",11.4266785734254,0.000723969894208906,0.00449670741744662,0.0575475648979097
"gene_713",4.00148175650963,0.0454602816794348,0.131198504125353,0.0536691213580029
"gene_714",4.95259235319895,0.0260515767837745,0.0854150058484411,0.0734698925767874
"gene_715",0.201784661314036,0.653284158858641,0.794918809573634,0.068044240619522
"gene_716",5.60596631648525,0.0178994206480327,0.0639265023144026,0.0810721708292501
"gene_717",0.369418640878166,0.543321329296733,0.70837200690578,0.149721989368996
"gene_718",105.284703074398,1.05789685987812e-24,3.64792020647629e-23,0.201923715854015
"gene_719",0.031797556498816,0.858472698689154,0.934694729086264,0.19942364818709
"gene_720",8.26680794803565,0.00403764328065962,0.0186927929660168,0.0517795864961277
"gene_721",0.0360399534429234,0.849433008132038,0.93037569346335,0.962640479770068
"gene_722",0.516817545129811,0.472202392841018,0.650256124786495,0.0726009645630791
"gene_723",12.316295960527,0.00044902084692813,0.00306498871623297,0.0930295417714249
"gene_724",0.559596137923563,0.454423010498899,0.634226113745847,0.0450741481041458
"gene_725",7.90841502703574,0.00492053621993851,0.0222648697734774,0.0847353537855587
"gene_726",0.261990713460818,0.608755794881499,0.759059483157969,0.0459789280815356
"gene_727",0.436914440822932,0.508615495447883,0.680609449456255,0.969295604264435
"gene_728",1.55394903301215,0.212553402254148,0.396925120922778,0.0396317638918075
"gene_729",3.37546281301138,0.0661739913370007,0.17669957633378,0.160514704041384
"gene_730",0.0295521346910732,0.863510373390133,0.936291557037502,0.295803383495898
"gene_731",0.16422861033459,0.68529280517388,0.820709946316024,0.0892963414140735
"gene_732",2.65390357097749,0.103295959476442,0.244777155157444,0.0523711986095686
"gene_733",4.7791341459565,0.0288066014335798,0.0930746411424226,0.969915170756909
"gene_734",4.40690308097066,0.0357937664101883,0.110645336662097,0.0731625945077173
"gene_735",0.0337451633083674,0.854249933594817,0.932608401919006,0.0769354821678344
"gene_736",110.766037074707,6.65826951733443e-26,2.42118891539434e-24,0.0596255457995251
"gene_737",1.26893178982061,0.259967171076379,0.453694888440451,0.383082453534625
"gene_738",1.64544743863121,0.19957969338667,0.381970705046258,1.07830493760903
"gene_739",16.9972087847531,3.74348100525213e-05,0.000372485672164391,0.0712640755086235
"gene_740",13.7686773270296,0.000206754843038694,0.00156632456847495,0.0755036022349424
"gene_741",1.49650431163491,0.221210015065373,0.407384926455567,0.049519499691318
"gene_742",0.0282029872089424,0.866632487439796,0.937149582777549,1.31072033352167
"gene_743",0.623254648929787,0.429840403202994,0.615817196565894,0.0916451580717529
"gene_744",0.000266150983293301,0.986983781371167,0.992932941741003,0.916305214774265
"gene_745",0.414451285535904,0.519718811300791,0.689282243104497,0.23771549352917
"gene_746",1.15057912559178,0.28342795117711,0.47957352145027,0.109449534923888
"gene_747",11.4292698786631,0.000722960894650623,0.00449670741744662,0.0483411283602916
"gene_748",6.90593363949426,0.00859101528003057,0.0347111728486084,0.872204822364372
"gene_749",1.4980603452783,0.220970050833219,0.407384926455567,0.0564849646169215
"gene_750",0.00615811819750434,0.937451267256006,0.975495595479715,0.59637835982142
"gene_751",0.216699841616332,0.641566060885009,0.78527057635864,0.0714757446863737
"gene_752",1.55496209211435,0.212404394121256,0.396925120922778,0.0647718194906628
"gene_753",2.72385822617366,0.0988587939871742,0.23593984245149,0.067557138721915
"gene_754",3.23466971084304,0.0720948393289494,0.188237178404568,0.0639301090122507
"gene_755",0.0247772367696939,0.874923413336499,0.941283930431951,1.19073919947287
"gene_756",8.68324070827396,0.0032114942932637,0.0154770809313913,0.0692523319881968
"gene_757",1.34493682485731,0.246165222060867,0.43762591254081,0.0421787722410469
"gene_758",0.140724777189462,0.707561546249511,0.835867154458962,0.0884528264555384
"gene_759",17.5613664442301,2.78182928420068e-05,0.000285315824020582,0.0391208679069901
"gene_760",1.24778645964585,0.263975672972166,0.457893621807747,1.08736733032151
"gene_761",0.0535915643980047,0.816927535695273,0.91174948180276,0.435814281627281
"gene_762",4.40093144006551,0.03591930751654,0.110753172082165,0.0409997381726327
"gene_763",0.652257346479018,0.419306773638983,0.611234363905223,0.0629210986813604
"gene_764",0.00542414065290586,0.941289867249638,0.975914217172641,0.0834069857394227
"gene_765",1.23300806535167,0.266822837604646,0.459472155730951,0.0787811454801219
"gene_766",2.76326054003732,0.0964514774343809,0.232370810709834,0.415400978066175
"gene_767",8.97023763562925,0.0027441290376616,0.0134846635757327,0.0582885085580465
"gene_768",0.0742223572657963,0.785285407891618,0.888696047578351,0.357999847978407
"gene_769",132.540959134428,1.13931642212263e-30,4.84815498775587e-29,0.0460955480499626
"gene_770",1.18102201431202,0.277148031949927,0.47214315494025,0.124711108124266
"gene_771",2.07729653542344,0.14950476276344,0.316412196324741,0.278633873304565
"gene_772",0.574034801920675,0.448660033435036,0.629256708885044,0.0670257382966267
"gene_773",0.141124797541579,0.707165362050048,0.835867154458962,0.137813898652926
"gene_774",7.14071437422285,0.0075353135166818,0.0309458460644016,0.133251854984833
"gene_775",0.172960845827618,0.677493705243852,0.814295318802707,1.17974078936553
"gene_776",2.93384809488191,0.0867405163275443,0.217394777763269,0.137643790779918
"gene_777",4.3107588400361,0.0378720644026047,0.114072483140376,1.03958901103043
"gene_778",1.01881308256168,0.31280071481695,0.509862615838549,0.0409850900700033
"gene_779",0.0447059854910776,0.832545585371615,0.921977392438112,0.0564924085495467
"gene_780",15.5211115532675,8.15889395546563e-05,0.000718845282419879,0.0777528746265016
"gene_781",2.54566430197383,0.110597385408803,0.258405106095334,0.0771750696239027
"gene_782",146.729242283009,8.99333087662355e-34,3.99703594516602e-32,0.0622824295377064
"gene_783",11.9075977697379,0.000559054491740402,0.00361847567469516,0.0523012665709862
"gene_784",0.757663742823638,0.3840606386576,0.577100884534336,0.0524928821997345
"gene_785",0.21887149387635,0.639901131908015,0.784673368372796,0.929600756914
"gene_786",0.0938395034095265,0.759351617147872,0.868823360581089,0.330300570224812
"gene_787",1.50532936568789,0.219853169356344,0.406382937812097,0.0803012084054829
"gene_788",0.972561012916856,0.324042299168904,0.518882070017141,0.476302410721599
"gene_789",2.36258685804569,0.124275955586662,0.283411529274029,0.0541624914959353
"gene_790",0.649901804227397,0.420147789284484,0.611568834475231,0.051810803410984
"gene_791",9.49743295208725,0.00205759565603824,0.0106061631754548,0.150999791638515
"gene_792",2.09736727442964,0.147553013011136,0.314276918021589,0.0626132111090514
"gene_793",14.0178739630163,0.000181081103420195,0.00141469612047028,0.0408386600956984
"gene_794",2.59145939997541,0.107441297331641,0.252505986678357,0.0531233316104859
"gene_795",3.11501458785403,0.0775737842390589,0.197640214621806,0.101011079306706
"gene_796",0.0099562281445742,0.920518271400404,0.965608577973579,0.0848187149096867
"gene_797",10.4316586936792,0.00123873444027195,0.00709876470069888,0.0814120794236803
"gene_798",1.44246025821275,0.229741631782623,0.416213566666453,0.349883489115677
"gene_799",14.5904867881721,0.000133587234302823,0.0011086077535504,0.100797209613881
"gene_800",0.0131152876294891,0.908824010607082,0.960927661017301,0.171756280407946
"gene_801",126.309979084137,2.63017702620115e-29,1.05207081048046e-27,0.0625124141860229
"gene_802",19.5816788724754,9.6389098613126e-06,0.000105922086388051,0.0562106434666898
"gene_803",0.00128543395322822,0.971399612969264,0.987607074362532,0.374904195079823
"gene_804",0.323903722838736,0.569271041010106,0.728262355195475,0.0660788924255656
"gene_805",2.49098429932303,0.114500095198494,0.265353638930462,0.0733958196455905
"gene_806",64.812535739962,8.2373432185579e-16,2.19662485828211e-14,0.141375779649283
"gene_807",0.25717303723161,0.612069002061781,0.761753580661831,0.0837410536397712
"gene_808",1.10109899772579,0.294025046714559,0.490859844264706,0.0565416331169228
"gene_809",13.4511007695286,0.000244862472028872,0.00181379608910275,0.0477249109576325
"gene_810",0.708185523836164,0.400046832866673,0.592661974617293,0.142480981771707
"gene_811",0.736060351441211,0.390925818093602,0.583471370288959,0.0530448961196242
"gene_812",0.00941493319214715,0.92270211076978,0.966123551139267,0.154776220009853
"gene_813",0.0403778136422943,0.840743680493402,0.925803734923392,0.910842207669852
"gene_814",7.25946478613139,0.00705283069203893,0.0292648576433151,0.222106003199534
"gene_815",0.56816065534764,0.450990750043055,0.631058647718853,0.756209522953689
"gene_816",150.471879808595,1.36715917436586e-34,6.21435988348119e-33,0.045035453899569
"gene_817",0.0728718408398663,0.787200375455562,0.88898969560199,0.0572766763326884
"gene_818",7.96336931351789,0.00477334753443962,0.0216893268223406,0.0520948522188439
"gene_819",0.690815503982776,0.405887136037427,0.59821243336393,0.116622271587928
"gene_820",0.499454796425027,0.479739777895042,0.655382210239128,0.16814149424289
"gene_821",5.07717033433704,0.024242904186138,0.080407642408418,0.137825078616972
"gene_822",10.6580024000007,0.00109595694067956,0.00642789994533466,0.0484205115289782
"gene_823",0.445575811892809,0.504443453220179,0.67710530633581,0.0455236303364821
"gene_824",2.37136995022166,0.123578561341147,0.282465283065479,0.615424182523512
"gene_825",1.59165541513153,0.207089780553016,0.390735435005691,0.0894197491647175
"gene_826",1.73565645159164,0.187690125446395,0.364963112397947,0.723084915348299
"gene_827",1.24977863271238,0.263594761443811,0.457629794173283,0.0536067521787948
"gene_828",0.881718123545397,0.347731530731658,0.541216390243826,0.101715538840559
"gene_829",3.28147142554451,0.0700660855341954,0.184689141995281,0.0718385731268612
"gene_830",1.60632835311196,0.20500869144093,0.388642069082331,0.0520367979146208
"gene_831",2.26308698268144,0.132489726443122,0.295405827015419,0.0923468904138326
"gene_832",2.35073398090356,0.125224034647876,0.284277036658062,0.11093924867882
"gene_833",6.88428737264042,0.00869567296028832,0.0349865739917464,0.093666795447424
"gene_834",0.0669451870621174,0.795837644788731,0.895709223172461,1.16823098336724
"gene_835",42.7501155599325,6.2198210294757e-11,1.29579604780744e-09,0.0541299085553887
"gene_836",0.0312028708688104,0.859788546057208,0.935060952753897,0.0566032833145762
"gene_837",0.828446815619543,0.362722033266062,0.557625534596472,0.632125919151301
"gene_838",3.47367082121696,0.0623527964603386,0.168293647666231,0.065114113569403
"gene_839",0.265304938859344,0.606498791639675,0.757288899274382,0.071735108156951
"gene_840",0.662161144856952,0.41579801313585,0.608339640907656,1.03029773001983
"gene_841",0.27658455327969,0.598948610020651,0.753344601627863,0.119857239096006
"gene_842",0.90748595543937,0.340782349822093,0.534141614141212,0.200953327351868
"gene_843",0.130350445124691,0.71806896182453,0.840780353560119,0.0807381374412671
"gene_844",1.87155373503373,0.171297234359097,0.34663311991011,0.683527264644337
"gene_845",0.620866794867084,0.430725361887932,0.61621448317638,0.0567858816953702
"gene_846",8.88729430616775,0.00287161964183019,0.0139738182084194,0.0458564556571516
"gene_847",0.252292958999647,0.615465142285176,0.764078388932559,0.15073562020004
"gene_848",8.32380745744615,0.00391288176698863,0.0182844942382646,0.0854487398589148
"gene_849",0.416286151115401,0.518796024001331,0.688514962178276,0.814982627936412
"gene_850",0.231825295773945,0.630173689738608,0.777282745674146,1.05273646377792
"gene_851",1.58568726429496,0.207943387190755,0.391814027233992,0.132227341669438
"gene_852",0.43330724761654,0.510370578447161,0.681650252497168,0.225368749883557
"gene_853",36.8671321744934,1.26459949609994e-09,2.45553300213581e-08,0.192780370196346
"gene_854",0.235948192642127,0.627147983061971,0.775717329057071,0.0983696332182785
"gene_855",1.59326457925818,0.206860335928288,0.390671078240393,0.111399846426258
"gene_856",4.04819585835571,0.0442185785182796,0.127984308301822,0.0624685196959331
"gene_857",2.70846462887994,0.0998170195122173,0.237376978625963,0.0651923174932301
"gene_858",1.00182800392975,0.316868588342976,0.513889845965231,0.0486036440495185
"gene_859",160.704532289368,7.93813658854823e-37,3.78006504216582e-35,0.0505157564869651
"gene_860",8.51393891389534,0.00352436365645511,0.0168227382169695,0.048020683131408
"gene_861",2.92993283299973,0.0869511099560206,0.217586918192418,0.0421769886209222
"gene_862",0.0196213655898987,0.888599717749204,0.94885180752718,1.35749510125789
"gene_863",14.0926797095377,0.000174019715977162,0.00138110885696161,0.0726979210408917
"gene_864",28.6362802973989,8.73305394843629e-08,1.45550899140605e-06,0.0755678590881806
"gene_865",1.39661261013441,0.237291554427933,0.425794347751177,1.22630716163425
"gene_866",0.334800554294077,0.562845927499143,0.724849874435471,0.324708046555232
"gene_867",175.763811409584,4.07766855966596e-40,2.19437093908186e-38,0.113860989328038
"gene_868",0.9348695635166,0.333600760653043,0.527849304830764,0.0742863618324127
"gene_869",7.60068271473028,0.00583462035048385,0.0252580967553413,0.0943270208268875
"gene_870",0.946967156752407,0.330492484766219,0.52494633386966,0.0617438034531769
"gene_871",2.78374206071635,0.0952254394416599,0.229735680197008,0.210862530949929
"gene_872",0.00020833026303535,0.98848401306902,0.993287412577794,1.36610068592147
"gene_873",1.4616413156632,0.226669150741662,0.4132527816621,0.064420865937026
"gene_874",21.1357813226689,4.27864026253872e-06,5.21785397870575e-05,0.077734401808644
"gene_875",0.0883802075492781,0.766246574808428,0.873215469867154,0.173751433653849
"gene_876",1.44240912749137,0.229749888799882,0.416213566666453,0.0622931792644526
"gene_877",0.0603196496283545,0.805991432751349,0.902565994122451,0.0881775246209606
"gene_878",1.281474041048,0.257625142127353,0.451182385512002,0.0572218129036818
"gene_879",0.191267461228335,0.661863807591424,0.801676432565187,0.055158136798616
"gene_880",3.41952342959405,0.0644296104456191,0.173197877541987,0.0531168001892075
"gene_881",31.0071664137661,2.5707746725067e-08,4.59066905804769e-07,0.0970582180728946
"gene_882",4.43111471985048,0.0352894530373006,0.109255272561302,0.979707612426334
"gene_883",14.6093305648363,0.000132258081515543,0.00110215067929619,0.039950029629705
"gene_884",1.27362543174127,0.259087651625439,0.452554850000767,0.159427433677603
"gene_885",20.9313590959879,4.76037529431347e-06,5.70104825666284e-05,0.0689395103760039
"gene_886",0.719199971880016,0.396406458304778,0.589014053944693,0.107866144079987
"gene_887",46.6617579084384,8.43592982703652e-12,1.91725677887194e-10,0.0538533907661036
"gene_888",0.931533681684755,0.334464715718561,0.528797969515511,0.771928501614216
"gene_889",0.406306568208834,0.523850123479297,0.693382029754198,0.0460073120839681
"gene_890",1.26473034890273,0.260757595693037,0.454677586212793,0.0474507132814782
"gene_891",4.83597011029042,0.027871955313562,0.0905299484776727,0.141414198489432
"gene_892",4.47707467212126,0.034352471940303,0.106850612567039,0.057613805724779
"gene_893",0.189509034747402,0.66332555808246,0.801859649956674,0.152349513373062
"gene_894",49.58559423039,1.89903016084099e-12,4.41634921125812e-11,0.0593307954600794
"gene_895",0.0483253310140981,0.826003373566662,0.91778152618518,0.0508311917404002
"gene_896",0.00200908975460834,0.964248495078929,0.986054819909963,0.334850703754992
"gene_897",9.76150756771972,0.00178203718209185,0.00950419830448989,0.0490847201802586
"gene_898",0.768729566406705,0.380610358265737,0.573909808875461,0.162417444509943
"gene_899",0.7365347663021,0.390773182192054,0.583471370288959,0.192272187323537
"gene_900",0.769790072818012,0.380282002810058,0.573909808875461,0.194708674722983
"gene_901",0.266953213246211,0.605382944143116,0.756728680178895,0.0470926285081397
"gene_902",0.189253248427462,0.663538860339147,0.801859649956674,0.0555113901226882
"gene_903",1.64784388668113,0.19925264385529,0.381970705046258,0.0554830247198578
"gene_904",0.615419541214578,0.432754523636084,0.617338835429507,0.0929277858244276
"gene_905",1.92341028331822,0.165481199776418,0.339167323946556,0.894777811839416
"gene_906",0.309803666809785,0.577800688212154,0.735583307717574,0.0803375756130405
"gene_907",0.64706407795461,0.421164308086727,0.611794278472075,0.0680733248390857
"gene_908",1.75846250193126,0.184816405030075,0.362195946371244,0.0491967706826138
"gene_909",0.500742803859907,0.479173922341785,0.655382210239128,0.0773167005949435
"gene_910",8.27075255101079,0.00402888033917023,0.0186927929660168,0.0747658755038571
"gene_911",0.0942543436174219,0.758836748005794,0.868731251294555,0.0752224516363526
"gene_912",6.6632640483225,0.00984204802234065,0.0385962667542771,0.0763818299765164
"gene_913",500.653889440815,6.85010668749619e-111,1.05386256730711e-108,0.0537848349609057
"gene_914",0.889220256384874,0.345688698502956,0.540138591410868,0.0604149547176456
"gene_915",0.97694215974235,0.322954905450078,0.518803060963981,0.238019550663268
"gene_916",0.298256512342789,0.584977500940241,0.741120231685961,0.183546960273433
"gene_917",5.50304967842283,0.0189833390751003,0.0666082072810538,0.123277347778677
"gene_918",0.00216434775524021,0.962893760413225,0.985561679030936,0.147812192328359
"gene_919",0.590829235669617,0.442098637468145,0.624874399248262,0.181431151355373
"gene_920",1.32799310721475,0.249162560103346,0.440605764992653,0.0477089678719564
"gene_921",2.36752335467827,0.12388345225247,0.282838932083265,0.0550869037183917
"gene_922",2.94796326377286,0.0859858623428917,0.216044880258522,0.206228161509326
"gene_923",2.04414362242272,0.152792945082846,0.320656757781418,0.155556521604142
"gene_924",1.32963207213709,0.248870683071613,0.4404790850825,0.975551773432524
"gene_925",5.21248606686834,0.0224252465244773,0.0753789799142096,0.0939325224605303
"gene_926",3.257263249483,0.0711077100558545,0.186145837842551,0.106677452962246
"gene_927",0.436625772722209,0.508755563468551,0.680609449456255,0.21948653702192
"gene_928",0.201970819166149,0.653134738413177,0.794918809573634,0.15627420529358
"gene_929",5.27261328740656,0.0216634673446532,0.0743172121600454,0.0609126756517432
"gene_930",7.11860146132949,0.00762881943332371,0.0312023442901192,0.0702267655498017
"gene_931",18.9561861131038,1.33754893562029e-05,0.000143053362098427,0.306128973118876
"gene_932",0.295097056320287,0.586972579229378,0.743003264847314,0.0850228484410891
"gene_933",0.285917151485705,0.592848874491924,0.747602616004948,0.0545777152183686
"gene_934",6.01688579485801,0.014169628710414,0.0520942232000515,0.207584791870664
"gene_935",2.45919890318038,0.116838357596624,0.269212805522175,0.507282406198666
"gene_936",0.754068690963777,0.385191108586849,0.577931145666691,0.0782334188719417
"gene_937",10.1667398710168,0.00142996905849623,0.00795280504117855,0.239788701984448
"gene_938",4.81948258252203,0.0281397911744441,0.0912148822510342,0.0728515215464272
"gene_939",0.133644897695831,0.714682419497776,0.840011213755496,0.0430703592226187
"gene_940",1.01939044789685,0.312663640255031,0.509862615838549,0.0630782477582783
"gene_941",0.153487818257247,0.695224310445175,0.828140929654765,0.174495666686353
"gene_942",224.531170883418,9.29103990830788e-51,5.80689994269242e-49,0.104537830826829
"gene_943",0.00991935434649349,0.920665104926548,0.965608577973579,0.291557268379698
"gene_944",5.35204500926761,0.0206979807232374,0.071619310461029,0.0592054801324941
"gene_945",5.56612469792515,0.0183112439127451,0.0649334890522874,0.159480012383895
"gene_946",0.554268825547524,0.456578681276733,0.635027180596226,0.0465787528940239
"gene_947",0.937218994810223,0.332994072730476,0.527724362488868,0.15321393773351
"gene_948",17.1424939803262,3.46777064692023e-05,0.000346777064692023,0.37693292822037
"gene_949",4.89148039718975,0.0269895340982194,0.0879137918508775,0.0443100959455094
"gene_950",0.0736803701968256,0.786051654083051,0.888696047578351,0.121256954801497
"gene_951",2.01770625508789,0.155473842296951,0.324580046548959,0.966980407989218
"gene_952",11.315452030898,0.00076864746755647,0.00473013826188597,0.3161215766048
"gene_953",0.0422764391332748,0.837093728490964,0.925570790914396,0.12750712494009
"gene_954",37.7743837749919,7.94178015837082e-10,1.55721179575898e-08,0.0430256426846101
"gene_955",2.92271897484613,0.0873405792301152,0.21781979774403,0.098391205121084
"gene_956",0.0138222891225723,0.906409777701078,0.959163785927067,0.072048190929467
"gene_957",3.14935828686282,0.0759568287518902,0.195011113612041,0.0881293329922591
"gene_958",19.6578714090066,9.26209797918073e-06,0.000102343624079345,0.047132226317844
"gene_959",0.410512446499695,0.52170952230858,0.691005989812688,0.800948715597082
"gene_960",4.51423607899818,0.0336138937142689,0.10504341785709,0.373443714500452
"gene_961",0.524554727116765,0.468905205522848,0.647499469028888,0.11042126924834
"gene_962",4.05285798629916,0.0440966296115294,0.127816317714578,0.052961988141876
"gene_963",1.98898046071446,0.158447521977979,0.32907065831356,0.180927796859998
"gene_964",4.51768046629616,0.033546282413591,0.104996189087922,0.936196083875993
"gene_965",5.62189855507609,0.0177374243821248,0.063461267914579,0.191003004690754
"gene_966",15.6628947122927,7.56947103397864e-05,0.000675244669637582,0.0527999271870315
"gene_967",1.4151322901713,0.234206268807062,0.421828580466457,0.0931465041439969
"gene_968",2.58740689828176,0.107716557150725,0.252855767959449,0.0757801974966217
"gene_969",0.741076842175289,0.389316145401198,0.582808600899996,0.412873230140842
"gene_970",3.84068857639909,0.0500229738449031,0.140653906999947,0.0586330746810826
"gene_971",0.524063669118334,0.469113365311429,0.647499469028888,0.282103885513193
"gene_972",6.88863178563236,0.00867456396386508,0.034978080499456,0.0605130670609972
"gene_973",0.449266998586268,0.502683250710663,0.675195769927015,0.081227761560716
"gene_974",6.7549463391714,0.00934881580659991,0.0371167600596663,0.127812015562694
"gene_975",0.647659670579401,0.420950653121032,0.611794278472075,0.0432768074104111
"gene_976",0.922322377569458,0.33686592972166,0.530915570877321,0.0472832218234582
"gene_977",0.824436190713186,0.363886312440078,0.558107841165764,0.0716727190699517
"gene_978",0.910414781268173,0.340004388998996,0.533340218037642,0.0652874995884199
"gene_979",0.821713836756658,0.364679556343359,0.558895871790588,0.134341123810899
"gene_980",21.2102035413226,4.11567604383011e-06,5.04990925623326e-05,0.0852141096915799
"gene_981",0.620843728996078,0.43073392374029,0.61621448317638,0.582763902025594
"gene_982",0.000696735819019523,0.978941680942867,0.990330481479886,0.0622700566781086
"gene_983",0.000246565434622426,0.987471810561427,0.992932941741003,0.0636034201757839
"gene_984",4.19286024340079,0.0405945524719141,0.120102226248267,0.119987128884488
"gene_985",0.947488748475678,0.330359339547377,0.52494633386966,0.973331860391076
"gene_986",7.59068902644674,0.00586705212645973,0.0252890177864643,0.101073480087971
"gene_987",13.8733035597528,0.000195556633427999,0.00151008983342084,0.05961187138277
"gene_988",0.00234178416241093,0.9614038472768,0.985044925488524,0.276664451335119
"gene_989",8.93590489635847,0.00279618907800222,0.0136732962249497,0.0365560228490917
"gene_990",0.0253771721410203,0.873430833991986,0.940251678451622,0.278969481721856
"gene_991",54.2349925476616,1.7789058948545e-13,4.39236023420864e-12,0.0657799007966187
"gene_992",1.86289183630993,0.172291411600482,0.347361716936455,0.109559562012521
"gene_993",0.0458846334786358,0.830385647339162,0.920094900098795,0.0574916798513892
"gene_994",2.0221481676931,0.155019701165274,0.323970117377794,0.0627807983531711
"gene_995",2.84021899708398,0.0919316836568864,0.225599223697881,0.11005354808439
"gene_996",1.18693832776739,0.275948002887192,0.470499578665289,0.0996733467372452
"gene_997",12.1255739513618,0.000497350216635627,0.00332675730191055,0.0677021529519311
"gene_998",0.229390844476939,0.631975876401611,0.777941131703137,0.0688602131498851
"gene_999",1.25777789497056,0.262072124208457,0.455608808304892,0.124152403972493
"gene_1000",9.97054363873895,0.00159064519139394,0.00867470601992991,0.161914592828724
"gene_1001",0.00246272277161097,0.960420564483525,0.985044925488524,0.0425075967641655
"gene_1002",0.505328347864861,0.477168201927545,0.65367118184479,0.0952508829705186
"gene_1003",0.789645915702977,0.374207214281983,0.568272155325715,0.0628187961767979
"gene_1004",1.68408007922983,0.194383186960937,0.374895249683582,0.062975982860704
"gene_1005",0.0509349860233215,0.821444242397573,0.914748599551863,0.0661183217487428
"gene_1006",2.60328175802283,0.106642683622933,0.251219513834941,0.374923086831075
"gene_1007",20.7084850151227,5.3478501449947e-06,6.29158840587612e-05,0.0689059540439629
"gene_1008",13.1006404244725,0.000295194843697189,0.0021160920695139,0.0589428990928931
"gene_1009",0.0317382654519065,0.858603317760028,0.934694729086264,0.623519884133979
"gene_1010",0.597296625468402,0.439611348836268,0.62179823032004,0.5084471971199
"gene_1011",7.50193128169485e-05,0.993089313811733,0.994581185590118,0.137021197720085
"gene_1012",21.2591482470922,4.01191039242299e-06,5.01488799052874e-05,0.0467372737058201
"gene_1013",13.3245203933003,0.000261957903309635,0.0019332686591117,0.0461162266612525
"gene_1014",3.94279907909458,0.0470723919409391,0.133895146465286,0.0626484968375132
"gene_1015",0.641558558158636,0.423146983599807,0.613701208991743,0.0603001827988708
"gene_1016",0.587266906900936,0.443477939195429,0.62593922257647,0.0509587936413427
"gene_1017",0.0915107728849307,0.762265235432573,0.8706627474958,0.0615417087140625
"gene_1018",7.70784999062676,0.00549811975068188,0.0240779608091353,0.0723041229862904
"gene_1019",171.020995481872,4.42766448518077e-39,2.27059717188757e-37,0.136676870309095
"gene_1020",2.83700210346262,0.0921159294189476,0.225774336811146,0.0797888926320497
"gene_1021",4.12904806364043,0.0421530565169004,0.123616001515837,0.0466806074552948
"gene_1022",18.7154423866521,1.51748572325006e-05,0.00015973533928948,0.108296456129326
"gene_1023",7.95990343408289,0.0047824965643261,0.0216893268223406,0.169140758817513
"gene_1024",2.82811842481385,0.0926268241495167,0.225919083291504,0.321103925280136
"gene_1025",1.37235175708042,0.241408229959283,0.431251885478372,0.0576853073287107
"gene_1026",1.75942689394208,0.184696015809686,0.362195946371244,0.0549436290426967
"gene_1027",7.02871534946769,0.00802128746636111,0.0326068596193541,0.0673731498152344
"gene_1028",17.4166501126183,3.00184901387411e-05,0.000304756245063362,0.0631522668165811
"gene_1029",3.19829209855584,0.0737152132992233,0.191468086491489,0.0998689512920922
"gene_1030",10.5055561742689,0.00119016130692835,0.00687954512675349,0.0615947075366628
"gene_1031",0.163516890460869,0.685939026904545,0.820992252429138,0.121181095917435
"gene_1032",14.9357469219533,0.000111235204826486,0.00094668259426797,0.0659792783059464
"gene_1033",0.291928463767363,0.588987367530151,0.744611084108914,0.0643814796198029
"gene_1034",0.831910592463259,0.361720642500286,0.556921697460024,0.0577376607088466
"gene_1035",0.0977612899563383,0.754532895472028,0.8662834620804,0.0517277255381498
"gene_1036",0.871256066948263,0.35060781080207,0.544845082831499,0.0488004692332414
"gene_1037",12.3842896533484,0.000432961319100118,0.00297515381275931,0.0400634860819907
"gene_1038",14.9065505584856,0.000112970030505418,0.00095333359076302,0.0924759418236636
"gene_1039",6.68319596516722,0.00973259694058455,0.0382420312007251,0.0457736518777049
"gene_1040",2.9283803622252,0.0870347672769673,0.217586918192418,0.0794709861591402
"gene_1041",288.742318232828,9.34535508015481e-65,7.18873467704216e-63,0.0843171939782971
"gene_1042",23.0336341719765,1.59191856829161e-06,2.10850141495578e-05,0.0505004389899565
"gene_1043",0.00165538483497585,0.967545887288846,0.987193546419964,0.0504961720952314
"gene_1044",1.5439299138452,0.214033791970043,0.398202403665196,0.102455400822103
"gene_1045",2.2596624157361,0.132783003653217,0.295405827015419,0.0553889232211161
"gene_1046",0.973922224307557,0.323703931683279,0.518882070017141,0.124813017359777
"gene_1047",0.0363778975116702,0.84873720621838,0.93037569346335,0.220014984047061
"gene_1048",0.734635143796027,0.391384871459974,0.583697142893852,0.355817550298687
"gene_1049",23.8259369673392,1.05451903587954e-06,1.46460977205492e-05,0.0927670383823405
"gene_1050",0.0215894641060004,0.883184481010439,0.946607160782893,0.144030288264957
"gene_1051",0.727700133060125,0.393629682146931,0.585322947430381,0.0619871004686164
"gene_1052",1.82271983249541,0.176989868455249,0.353626110799699,0.916916234373665
"gene_1053",0.457358012473719,0.498861304865683,0.671414945983422,0.147036327420004
"gene_1054",0.0186572703014463,0.89135360170736,0.951284526902198,0.177872541626213
"gene_1055",0.638992866370018,0.424075730275895,0.614417873539485,0.0929730418861389
"gene_1056",0.0515315793771265,0.820419324389793,0.914116238874421,0.345789238626947
"gene_1057",0.275505523487482,0.599662302895779,0.753344601627863,0.178992890041868
"gene_1058",12.1519440878909,0.0004903672334268,0.00329105525789799,0.0983309149989924
"gene_1059",4.58243689065785,0.0323012467345577,0.102219135235942,0.121431429298361
"gene_1060",3.25758045589293,0.0710939546043318,0.186145837842551,0.0687235965212236
"gene_1061",128.821244332684,7.42096338058e-30,3.02896464513469e-28,0.0530819825165671
"gene_1062",2.76162581085327,0.0965500718499358,0.232370810709834,0.698411134648509
"gene_1063",7.16790144740537,0.00742195478999019,0.0306059991339802,0.0535517973519851
"gene_1064",6.10531165970167,0.0134776180734249,0.0501959704783051,0.0867820216533743
"gene_1065",17.6843415380281,2.60764385545456e-05,0.000268829263448924,1.15654715306056
"gene_1066",0.892924370900232,0.344686059633236,0.53941480380788,0.0446114894807377
"gene_1067",1.40001514259103,0.23672103529157,0.425450068578851,0.295995679818264
"gene_1068",1.46976906047496,0.225382134287912,0.413166149015421,0.297600717866434
"gene_1069",0.712029745922337,0.398770807865786,0.591688675937149,0.0357685233278364
"gene_1070",10.43568752364,0.00123603528945377,0.00709876470069888,0.0901351125054999
"gene_1071",1.22550398858226,0.268283190383362,0.460176998942303,0.225651212015215
"gene_1072",0.0178563610086258,0.893696982740141,0.952501946427234,1.20806265835943
"gene_1073",4.3431578242969,0.0371579451444036,0.113113988263025,0.0793564081808982
"gene_1074",3.94956470869624,0.0468834938472538,0.133895146465286,0.179004723488697
"gene_1075",0.515448177176268,0.47278984537404,0.650256124786495,0.0937362519870222
"gene_1076",6.02476929348745,0.0141064755227164,0.0519575525698577,0.0824605788120377
"gene_1077",9.16209278464953,0.00247079843335644,0.0123539921667822,0.0592813448638472
"gene_1078",0.00077488945157711,0.977792286270673,0.989668305941977,0.0512422472296716
"gene_1079",0.979920232396921,0.322218500291318,0.51845293691282,0.150122023817247
"gene_1080",0.0336295754673301,0.854496977254665,0.932608401919006,1.14134081528369
"gene_1081",0.587914843002579,0.443226570604536,0.62593922257647,0.404225836221223
"gene_1082",2.38797662288306,0.12227179634714,0.279798160977437,0.712939681711398
"gene_1083",1.6129057546425,0.204083823124809,0.387255831356375,0.0922334553747193
"gene_1084",7.51843293115428,0.00610707850848808,0.0260986261046499,0.0560347435153717
"gene_1085",0.00192249315568915,0.965026964736311,0.986054819909963,0.055948945119639
"gene_1086",28.1748026852329,1.10838153489066e-07,1.81701890965682e-06,0.198200853144986
"gene_1087",1.04074140964235,0.307649102328432,0.505586035050833,0.0518093563401514
"gene_1088",8.09591935840808,0.00443650288631642,0.020258004047107,0.0543748937503722
"gene_1089",9.28007688797288,0.00231659704837655,0.011759375880084,0.0402864657742914
"gene_1090",3.7928461777841,0.0514720545475841,0.142977929298845,0.0601942351520991
"gene_1091",7.49574288135534,0.00618450140435674,0.0263731403170863,0.0560885206385466
"gene_1092",8.93958826917014,0.00279055614232271,0.0136732962249497,0.177302016495265
"gene_1093",24.5097097437283,7.39363028336552e-07,1.04874188416532e-05,0.712918808775497
"gene_1094",0.0414407901968161,0.838689451788063,0.925570790914396,0.0574722312946938
"gene_1095",0.167896491205624,0.681988068760435,0.817731497314671,0.0791102118912561
"gene_1096",0.0119565405045705,0.912928088732599,0.96236934025377,0.0743438307734753
"gene_1097",1.09313336048695,0.295777998838327,0.491402085544695,0.114434237930507
"gene_1098",0.217114471672176,0.641247396761028,0.78527057635864,0.0902569689143468
"gene_1099",0.00730026828375685,0.931910316118837,0.971245769795557,0.109927221850311
"gene_1100",1.73500068814366,0.187773521328744,0.364963112397947,0.463313005358154
"gene_1101",4.31228788213366,0.0378380409210817,0.114072483140376,0.0612055176401801
"gene_1102",3.82291860996145,0.0505561023957361,0.141415671037024,0.146159291595203
"gene_1103",0.000163748936415686,0.989790194869787,0.993287412577794,0.108591975733108
"gene_1104",0.514060270494269,0.473386458844569,0.650256124786495,0.109763060790387
"gene_1105",0.268477624679178,0.604354827392053,0.75631104427068,0.216406712681875
"gene_1106",0.411684871731268,0.521115567504722,0.690676696493999,0.0741565855098614
"gene_1107",0.0782755105975639,0.779648131236337,0.884958151233072,0.15922824860538
"gene_1108",6.38904775288233,0.0114826611043216,0.0437434708736061,0.0832972980731368
"gene_1109",9.1138745640252,0.00253677980078869,0.0126207950287995,0.0632445383127685
"gene_1110",382.644058470847,3.30607993265039e-85,3.14864755490513e-83,0.0681441757470626
"gene_1111",9.88791470768899,0.00166367795939536,0.00896861433636312,0.0504665696644468
"gene_1112",0.00341268410306839,0.953415531579001,0.981385004198662,0.119697378009231
"gene_1113",0.922491964568508,0.336821513346339,0.530915570877321,0.0559494441512249
"gene_1114",0.00604626894511284,0.938020748814976,0.975580601991655,0.245008633375097
"gene_1115",14.5373305717558,0.000137409556430493,0.00113094285127977,0.0891579163547711
"gene_1116",0.81278157116742,0.367299154164129,0.561385691069575,0.143865381856298
"gene_1117",5.73152136583383,0.0166630409111851,0.0607032455780877,0.0524882659157963
"gene_1118",0.0302024994364274,0.86203155431727,0.935465604250971,0.188052415763087
"gene_1119",1.01063692690752,0.314750299391352,0.512325724728834,0.0661739580419752
"gene_1120",0.429001851242447,0.512479131464514,0.682850275102616,0.14169749419269
"gene_1121",1.32527579981888,0.249647399977712,0.4406838481513,0.0860917274450916
"gene_1122",0.0115310186854458,0.91448547300708,0.962427826915709,0.170368143753456
"gene_1123",0.0307914390690485,0.860706494942118,0.935465604250971,0.0799172059888334
"gene_1124",2.06668783922862,0.150548165547555,0.317947551314794,0.0583314886644244
"gene_1125",5.40008544822956,0.0201357657018959,0.0700374459196378,0.0502101735393515
"gene_1126",1.0340022249901,0.309220510277522,0.506089214856829,0.260804119727145
"gene_1127",0.00467883867730734,0.945465600271436,0.97699142002754,0.149594456208351
"gene_1128",0.659052545748864,0.416894629625123,0.609049860664899,0.0633624131590744
"gene_1129",7.53841993029431,0.00603969852362891,0.0259771979510921,0.193625563281266
"gene_1130",12.0668320893251,0.00051326844168398,0.00339013273942434,0.0898162230062676
"gene_1131",0.0742783573594465,0.785206408036825,0.888696047578351,0.39852133888466
"gene_1132",0.381140724035163,0.536993371600191,0.703929365002553,0.0867251395251756
"gene_1133",0.0265462406347297,0.87057341517654,0.939555118852745,0.128680981303109
"gene_1134",0.669606340268615,0.413188888388506,0.60718425920427,0.100000878967671
"gene_1135",8.30925568832583,0.00394435519773857,0.0183886023204596,0.0786434083002797
"gene_1136",20.7550091870834,5.21948713608033e-06,6.17690785334951e-05,0.0925697942339002
"gene_1137",0.00307434936382833,0.955782499694793,0.982809768323694,0.193741849655449
"gene_1138",0.832712735264067,0.36148928445486,0.556921697460024,0.045673175375723
"gene_1139",0.103963355125984,0.747124316867395,0.861075779522126,0.0535532240729444
"gene_1140",2.59448573487634,0.10723624186863,0.252320569102659,0.0818983253710081
"gene_1141",7.70046449198844,0.00552066168363113,0.0240779608091353,0.0485331079380649
"gene_1142",1.13690130639202,0.28630805049009,0.4832203383799,0.0477820628221309
"gene_1143",1.12269989754657,0.289337838089975,0.48710073752521,1.24738415430739
"gene_1144",37.9130174828865,7.39700330572898e-10,1.46475312984732e-08,0.0471390572259472
"gene_1145",0.00188812274109296,0.965340800864279,0.986054819909963,0.0960299090831932
"gene_1146",0.00188737406961081,0.965347668691854,0.986054819909963,0.0541450197488267
"gene_1147",3.36276576446517,0.0666859824903315,0.177592496645357,0.218601850075898
"gene_1148",3.22806722368375,0.0723860732909651,0.188751168946454,0.0341391018392488
"gene_1149",11.449074635489,0.000715296114348502,0.0044846151369812,0.0814213204762462
"gene_1150",1.7350963805186,0.187761349086602,0.364963112397947,0.0921047812351299
"gene_1151",0.00034137937319656,0.985258760896882,0.992204190228481,0.972690004498021
"gene_1152",0.0410993513438598,0.839346269220558,0.925570790914396,0.0662966300293549
"gene_1153",1.91542800754769,0.166361551327863,0.339860166144765,0.0678210832778469
"gene_1154",0.00980417170728742,0.921125552532255,0.965608577973579,0.050654282802464
"gene_1155",27.0328488837081,2.00027152277884e-07,3.10119615934703e-06,0.0543011633714291
"gene_1156",1.75419080447546,0.185350756090718,0.362580357482505,0.0495157601311458
"gene_1157",2.39194488144915,0.121961810812105,0.279408501287755,0.0775739281881979
"gene_1158",3.54891730157181,0.059584317197037,0.162134196454522,0.455170980618964
"gene_1159",44.564788973083,2.46077663312052e-11,5.29199275939896e-10,0.0725316881115685
"gene_1160",0.184061685146105,0.667905680515785,0.804238742576763,0.270607207212998
"gene_1161",0.0828306248604349,0.773497463616636,0.87897439047345,0.0634413505694035
"gene_1162",4.0446559012895,0.0443114114669757,0.128067663199352,0.0723516596265722
"gene_1163",11.0283778996217,0.000897276276002763,0.0054216089184457,0.0615950066790548
"gene_1164",1.72784053840417,0.188686915848531,0.365318326909063,0.063179488352831
"gene_1165",16.0547936184718,6.15356465992853e-05,0.000559414969084412,0.0549104892219632
"gene_1166",0.0354646148138045,0.850625407654884,0.93093383223294,0.0964259684817803
"gene_1167",6.94331303533716,0.00841331424575251,0.0340620009949495,0.0646591785416282
"gene_1168",6.40500854246244,0.0113798879013388,0.0435177357603779,0.550073211310697
"gene_1169",3.15739170656923,0.0755838564351417,0.194302972840981,1.28689461634834
"gene_1170",1.7956775220041,0.180235941038287,0.35796611924188,0.816891055033608
"gene_1171",1.03573610300691,0.308815219261237,0.506089214856829,0.144369827088218
"gene_1172",17.7475264384369,2.52245251920709e-05,0.000261394043441149,0.0577186795291123
"gene_1173",0.629948710771714,0.427374127744552,0.615817196565894,0.0613738821050671
"gene_1174",3.93502580205097,0.0472904150583095,0.133967181468299,0.0604739526841203
"gene_1175",129.521830922944,5.21398368733579e-30,2.17249320305658e-28,0.0635901107578749
"gene_1176",2.21333117029849,0.136822944557194,0.300050317011391,0.124086992089029
"gene_1177",9.78796148766651,0.00175658090471423,0.00939348077387289,0.0712977721662216
"gene_1178",11.0791821054889,0.000873022990971704,0.00532926336133786,0.302891722883927
"gene_1179",444.324259487483,1.23974117516608e-98,1.45851902960715e-96,0.060128054610889
"gene_1180",16.1211727111095,5.94160556270812e-05,0.000542612380155992,0.0556380734509947
"gene_1181",0.00506097380366555,0.943285918333202,0.976486457901865,0.215547311808413
"gene_1182",2.0293367448636,0.154287926886725,0.323116077249686,0.0525003540693518
"gene_1183",5.35846893195242,0.0206218708122959,0.0714796215330881,0.0593873175202002
"gene_1184",1.8363030865786,0.175384866917577,0.351472679193541,0.147763767161089
"gene_1185",0.606787315514566,0.436000013205735,0.620199165299766,0.622832374426364
"gene_1186",0.260867545549957,0.609524764975849,0.759059483157969,0.376386338765954
"gene_1187",5.23624078458602,0.0221210242866917,0.0747759145866705,0.0894206894974705
"gene_1188",2.81136258679567,0.0935988446550516,0.227457702685423,0.0501530312487669
"gene_1189",1.06903370634319,0.301163810670626,0.497791422596076,0.238676282135484
"gene_1190",1.67842098984431,0.195134397994106,0.375619630402513,0.0907929802522083
"gene_1191",13.9810399308481,0.000184663448283449,0.00143706963644708,0.0507088798555614
"gene_1192",0.524989194045588,0.468721158537201,0.647499469028888,0.0362509234030032
"gene_1193",0.304195060024881,0.5812643689616,0.7384241120132,0.0779490297272559
"gene_1194",10.1542903625474,0.00143965802474247,0.00797594473541533,0.055816111284478
"gene_1195",0.0315655841671969,0.858984456030277,0.934694729086264,0.0458982559555416
"gene_1196",79.9224975082471,3.89387581040802e-19,1.1623509881815e-17,0.0816111356672467
"gene_1197",3.08663841916689,0.0789377274804742,0.200095633664066,0.0525456822159937
"gene_1198",13.9203193780193,0.000190725446873067,0.00147849183622533,0.106418891004195
"gene_1199",1.75972644149556,0.184658640523388,0.362195946371244,0.0940599361902218
"gene_1200",77.9662882631129,1.0481421897255e-18,3.08277114625148e-17,0.0880059883613366
"gene_1201",0.438709984842831,0.507745748763105,0.680609449456255,0.099956847308117
"gene_1202",3.11794842581639,0.077434218561652,0.197536271840949,0.0595952313353163
"gene_1203",0.00583164260029889,0.93912856120764,0.975760240845463,0.836309910626028
"gene_1204",5.54160465414247,0.0185695479732134,0.0656472327523964,0.326969854919566
"gene_1205",1.78498637717314,0.18153821822655,0.36001341345319,0.113028542496883
"gene_1206",2.91650001357459,0.0876778515846752,0.218375720011644,0.698692174381215
"gene_1207",7.0925266773778,0.00774060403813913,0.0315943021964863,0.11670376558803
"gene_1208",7.87664335085083,0.00500773433585516,0.0224673804553553,0.0402553240133625
"gene_1209",0.36661816993194,0.544853450773546,0.708835118586775,0.0732237323999798
"gene_1210",3.92346918148075,0.0476165234731791,0.13470020784492,0.126445398855412
"gene_1211",0.215252882182085,0.642681036440802,0.785673638680688,0.0505695555889097
"gene_1212",8.19962195713447,0.00418991191027989,0.0192639628058846,0.0547357305482079
"gene_1213",0.769780703178753,0.380284902097881,0.573909808875461,0.052336862190691
"gene_1214",0.033550915310002,0.854665347108654,0.932608401919006,1.29764835277204
"gene_1215",6.57715590501175,0.0103295810582959,0.0401148778962947,0.327706054937813
"gene_1216",4.18924896457952,0.0406811157272749,0.120180548677326,0.079222376749145
"gene_1217",3.19611769377161,0.0738132979488752,0.191474184043775,0.0846879507145414
"gene_1218",0.0610960915764167,0.804771835821172,0.901705138174983,0.329551409481874
"gene_1219",5.17157783553296,0.0229593532013565,0.076658942241591,0.0569994932783212
"gene_1220",0.162523724174321,0.686843534741055,0.821583175527578,0.0641681510804118
"gene_1221",9.17675276086436,0.00245108516219786,0.012286141163899,0.0931094948196486
"gene_1222",0.131938617568608,0.716430421506488,0.840011213755496,0.0547792898005158
"gene_1223",26.2447674417199,3.00768654466787e-07,4.48908439502667e-06,0.059282206384034
"gene_1224",0.76132864129363,0.382913047357121,0.576242358701461,0.0615421775146742
"gene_1225",0.387610917481481,0.533557885683798,0.701433926880152,0.508944028181777
"gene_1226",2.67981277173476,0.101627676095413,0.241109551827788,0.797080208156636
"gene_1227",1.3331323446854,0.248248734016261,0.440157329816066,0.135988422576243
"gene_1228",0.328351500707754,0.566631400274191,0.72785022514347,0.0955762535014399
"gene_1229",1.2368922928797,0.266070826423509,0.459472155730951,0.0444830839503045
"gene_1230",7.22211581944623,0.00720107787508877,0.0298181278471585,0.0638577431303268
"gene_1231",20.8029453606392,5.09046173162063e-06,6.06007349002456e-05,0.0604654114824608
"gene_1232",18.9920387406412,1.31265000850791e-05,0.000141145162205151,0.0533288233250245
"gene_1233",0.210023364358221,0.646749091880727,0.790163826366191,0.0576722264629722
"gene_1234",4.14129726638498,0.0418490864243281,0.123085548306847,0.0803834712329898
"gene_1235",0.112610419377006,0.737191560145355,0.852244578202723,0.0741955716911566
"gene_1236",188.436295885271,6.9768777395669e-43,3.87604318864828e-41,0.123820332323778
"gene_1237",0.500021859807248,0.479490517335529,0.655382210239128,0.0554075259516551
"gene_1238",1.64620106484995,0.199476776142281,0.381970705046258,0.165601380756805
"gene_1239",0.608979179415087,0.435172426201878,0.619903741028316,0.0723076307152567
"gene_1240",0.999261032838604,0.317489382373549,0.513987445166846,0.0478534592539125
"gene_1241",2.82327735825697,0.0929065264095617,0.226247332950896,0.0528204333943142
"gene_1242",2.1461093776287,0.142931684535408,0.308042423567689,0.0482883633329471
"gene_1243",9.63598067349483,0.00190802304795956,0.0100422265682082,0.0751752503289554
"gene_1244",4.2107152146848,0.0401693968472585,0.119374136247425,0.152455436941524
"gene_1245",7.73612779575524,0.00541267461763346,0.0238443815754778,0.0691428436765137
"gene_1246",248.456524670427,5.63553704342888e-56,3.88657727133027e-54,0.0802186292412024
"gene_1247",4.37221603316254,0.0365294565842182,0.11203171605389,0.183495232769624
"gene_1248",16.8979497502488,3.944416422022e-05,0.000390536279408118,0.0773344920492133
"gene_1249",1.68683316985118,0.194018953669817,0.374553964613546,0.0591396148910867
"gene_1250",1.16715099111741,0.279987409334147,0.474957437377689,0.0673466174485476
"gene_1251",5.03527568648008,0.0248361335450114,0.0819661490372305,0.0657891424657932
"gene_1252",11.5183237451288,0.00068913503089118,0.00434785508448694,0.0498429641807899
"gene_1253",1.78104870020019,0.182020604809767,0.36001341345319,0.367948281925815
"gene_1254",16.3980914029048,5.13368959602664e-05,0.000486605648912478,0.0518679864462474
"gene_1255",0.0586372163103306,0.808662986356342,0.904544727467944,0.0810310060834789
"gene_1256",1.91838605533701,0.166034689829804,0.339860166144765,1.22124151981326
"gene_1257",6.75406712207439,0.0093534235350359,0.0371167600596663,0.0687473450836342
"gene_1258",1.42958878803688,0.231831560207982,0.419225244499064,0.205842425135348
"gene_1259",1.3179135378507,0.250966848937099,0.442622308531038,0.0597462101351279
"gene_1260",0.57587587851333,0.447933400450392,0.629256708885044,0.10492211402001
"gene_1261",1.44997222598977,0.228532409135034,0.415578179712614,0.0859569079946092
"gene_1262",7.36247719320897,0.00665989749396271,0.0277507915660366,0.0669069219997801
"gene_1263",6.06200003674542,0.0138121172756272,0.051250898981919,0.125873617521591
"gene_1264",0.666062699213057,0.414427706495018,0.608239750882121,0.044441929888597
"gene_1265",0.548764511986178,0.458822953702453,0.637696947466926,0.184529383957904
"gene_1266",0.000507900304512532,0.982019882054286,0.992031700057152,0.91670095514843
"gene_1267",2.13792054672092,0.143696556715424,0.309024853151449,0.0576490835158208
"gene_1268",1.27695391988738,0.258466171499357,0.451863936187688,0.735387709152725
"gene_1269",0.971520377080139,0.324301293760713,0.518882070017141,0.218145277768632
"gene_1270",3.68741506445826,0.0548245206034326,0.151658424905761,0.052127169588064
"gene_1271",1.98230302170418,0.159147998335673,0.330182569161148,0.144440670483245
"gene_1272",0.351680824689879,0.553163194722763,0.716189453075829,0.0581176107338477
"gene_1273",3.04629185403428,0.0809217093102723,0.204606091808527,0.0488000969079963
"gene_1274",74.6385793012075,5.65276975280177e-18,1.63848398631935e-16,0.0947050126123448
"gene_1275",2.35240896902496,0.125089570817589,0.284277036658062,0.0432873280998052
"gene_1276",1.09859764791304,0.294574068048275,0.491366251957089,0.113840839066217
"gene_1277",4.76330308470699,0.0290727047192978,0.0937422197491038,0.072669166995059
"gene_1278",2.35920583035374,0.124545579451614,0.283540080644827,0.408327338296125
"gene_1279",0.00115617824224046,0.972875060568944,0.987607074362532,0.0440623263441398
"gene_1280",1.50284791983677,0.220233682405992,0.406710401488442,0.142054559281517
"gene_1281",2.33647215895257,0.126375466699572,0.285917345474146,0.105781020997158
"gene_1282",1.46433277852964,0.226241986647546,0.4132527816621,0.0559348622020911
"gene_1283",9.27200109111538,0.00232683347233163,0.011781435302945,0.0538046517182465
"gene_1284",1.22954789537113,0.267494979670478,0.459613367131405,0.542024790063571
"gene_1285",0.000343774493671845,0.985207144861377,0.992204190228481,0.0934214463379186
"gene_1286",0.662573558873532,0.41565284784474,0.608339640907656,0.247163738251695
"gene_1287",0.0144405687893823,0.904349339371844,0.957997181537971,0.0735490163932367
"gene_1288",5.2563145939796,0.0218672765274678,0.0746323430971596,0.0471133384271657
"gene_1289",7.02181547567875,0.00805225475149201,0.0326663478762353,0.136494863193186
"gene_1290",2.08088275375934,0.149153896380803,0.316004017755938,0.908580508982764
"gene_1291",11.0771098122344,0.000873999191259409,0.00532926336133786,0.0500429829314778
"gene_1292",477.220656653881,8.60054943033467e-106,1.14673992404462e-103,0.0551946242450125
"gene_1293",4.35663607259664,0.0368650330908308,0.112737104253305,0.0757189113616445
"gene_1294",3.12033259747432,0.0773210000579422,0.197499361578397,0.126339585961682
"gene_1295",2.17594329231071,0.14018353909591,0.305388010063215,0.360962334249402
"gene_1296",0.119720731324264,0.729337576479849,0.848066949395173,0.0817022385528183
"gene_1297",0.000479540472611006,0.982528991066763,0.992031700057152,0.273172955551384
"gene_1298",1.03439717074195,0.309128131608141,0.506089214856829,0.122816464868569
"gene_1299",0.827360691991998,0.36303682435294,0.557660252462273,0.0516547284701529
"gene_1300",1.91000594988009,0.166962597738708,0.340739995385118,0.0697208178040779
"gene_1301",1.29007225019461,0.256034636295876,0.449781989353898,0.0903270982239013
"gene_1302",0.0208651468822154,0.885146928396009,0.947187724340299,0.341986218700243
"gene_1303",3.88893300964537,0.0486052937268425,0.136916320357303,0.622729882176597
"gene_1304",1.42150928291358,0.233155142206551,0.420857657412546,0.0511354615252422
"gene_1305",0.793610163754408,0.373010718837996,0.567445997078937,0.581244071410669
"gene_1306",0.495424728607588,0.481517384925785,0.656465419121725,0.807407811482392
"gene_1307",0.00934115678717262,0.923004618047467,0.966123551139267,0.338456743377735
"gene_1308",2.71374611759074,0.0994871178970389,0.236874090231045,0.0614857403398138
"gene_1309",0.324439218852717,0.56895197097628,0.728262355195475,0.107775830630558
"gene_1310",3.33818683935715,0.0676891606922762,0.179546845337603,0.0456730929336961
"gene_1311",26.4074080831006,2.76478072124232e-07,4.25350880191127e-06,0.0525417030086572
"gene_1312",8.55473995374257,0.00344623727925053,0.0165684484579352,0.0683337965026326
"gene_1313",32.5170115712509,1.18153747080257e-08,2.12889634378841e-07,0.107457897291434
"gene_1314",557.712646128861,2.6436089789049e-123,5.87468661978866e-121,0.0482258723119096
"gene_1315",0.0045272571693431,0.946354901241329,0.97699142002754,0.0490559905302727
"gene_1316",0.18779215157042,0.664760578388284,0.802366419297869,0.158182891248473
"gene_1317",0.887133866396425,0.346255186510259,0.54021051760174,0.0536362888325604
"gene_1318",2.85017293796659,0.0913641083328311,0.224481838655605,0.061677981488116
"gene_1319",2.02634340745408,0.154592161848733,0.323414564537099,0.126018227317585
"gene_1320",0.628622992370651,0.427860859603069,0.615817196565894,0.0979087109317762
"gene_1321",0.092871082761576,0.760558414488036,0.869706591753043,0.690503498183556
"gene_1322",1.24201619723772,0.265082836981399,0.459415662012824,0.0603557575947511
"gene_1323",19.4938091895641,1.00926252247627e-05,0.000110301915024728,0.349812622947808
"gene_1324",0.235478097139435,0.627491319474918,0.775717329057071,0.94052232280867
"gene_1325",0.488122215123553,0.484766139074229,0.659097401868429,0.167171337010963
"gene_1326",0.627098370497379,0.428421652465981,0.615817196565894,0.0550090034452559
"gene_1327",167.861681481152,2.16877006809127e-38,1.08438503404563e-36,0.116070339090543
"gene_1328",17.1551196408041,3.44479689398161e-05,0.00034621074311373,0.0640774079448285
"gene_1329",0.146205015669352,0.702188686192803,0.832470285942861,0.337633119846275
"gene_1330",0.00273558417632103,0.958287412480818,0.983867979959772,0.123247503781853
"gene_1331",4.22852652730506,0.0397499348663009,0.118656521988958,0.405390485093026
"gene_1332",1.30598734300929,0.253122455904804,0.445638126592965,0.221180781571274
"gene_1333",1.23642415011898,0.26616132184704,0.459472155730951,0.0761768616998622
"gene_1334",10.8229487032166,0.00100249700908939,0.00598505677068293,0.0335316372619125
"gene_1335",5.62891558969454,0.0176665571606375,0.0633209934073028,0.0875664145731429
"gene_1336",0.0174800365191459,0.894816539299254,0.952501946427234,0.0784072697443985
"gene_1337",3.44792745181621e-05,0.995314924160522,0.99608195946777,0.0815748169136273
"gene_1338",0.00157865501893184,0.968306556789499,0.987193546419964,0.50834102683772
"gene_1339",68.6795558817747,1.15835567955752e-16,3.13069102583115e-15,0.0974607471605386
"gene_1340",0.477420115296184,0.48959322811672,0.663511399147671,0.165013377765135
"gene_1341",11.6257813681037,0.000650439104620522,0.00414292423325173,0.048731556946239
"gene_1342",2.73773949051423,0.0980033124183245,0.234738472858262,1.2181805016993
"gene_1343",0.00889250616751269,0.924870781822204,0.966636928207745,1.0328353235536
"gene_1344",0.912201444148877,0.339530984786344,0.533340218037642,0.0609737572906148
"gene_1345",10.9848823948597,0.000918581112783574,0.00553362116134683,0.0592384728879263
"gene_1346",0.547676367908366,0.459268686282328,0.637873175392122,0.174905835659063
"gene_1347",3.09659892838238,0.0784560425479219,0.199127011542949,0.0569976728687165
"gene_1348",2.44365205981615,0.118001211600368,0.271579313234449,0.159821714408685
"gene_1349",1.09418836661865,0.295545061932783,0.491402085544695,0.294094744439036
"gene_1350",0.624402659554221,0.429415919800829,0.615817196565894,0.0461422944965001
"gene_1351",1.61402453405753,0.203926998140179,0.387255831356375,0.319115793166009
"gene_1352",0.0396570101922862,0.842152700878113,0.92590267761188,0.0708000248390198
"gene_1353",0.377803275761551,0.538781236956657,0.704616657184668,0.259317717323372
"gene_1354",0.0663601339979323,0.796712073143093,0.896189058653648,0.141450653727004
"gene_1355",20.0774514610392,7.43683284432225e-06,8.54808372910603e-05,0.0805478018377097
"gene_1356",0.0887663281968116,0.765751411346433,0.873148701649297,0.079342621264642
"gene_1357",12.1867229973493,0.000481308616226279,0.00324113546280323,0.0990316310424366
"gene_1358",0.0767495811659273,0.781751582342463,0.886159392893453,0.238501956281919
"gene_1359",12.6619946886602,0.000373163878136906,0.00260232828356996,0.101694026150527
"gene_1360",3.66403606876918,0.0555987953219394,0.153164725404792,0.0932148522253324
"gene_1361",3.2633271777928,0.0708452447730589,0.186145837842551,0.038831692221042
"gene_1362",1.2157748401529,0.270191437924109,0.462656571787858,0.0717679820900911
"gene_1363",0.0292525961772299,0.864197107145615,0.936291557037502,0.0619240453930911
"gene_1364",7.21402680216067,0.00723360243059683,0.0298909191346976,0.0645941741500821
"gene_1365",9.6014006441485,0.00194429008000492,0.0102062471391334,0.130821899942087
"gene_1366",0.000981558503042379,0.975006497931581,0.988349212297598,0.131388150103648
"gene_1367",3.20085440934724,0.0735998102204535,0.191416931652675,0.131444564304453
"gene_1368",0.1481833423843,0.700277501476436,0.831683493439947,0.0569116599861051
"gene_1369",421.931370043977,9.26964292339357e-94,9.75751886673007e-92,0.054817917124883
"gene_1370",1.00779898708822,0.315430711578613,0.512478816537145,0.16445001400033
"gene_1371",1.99632695844264,0.157680909441684,0.3278189385482,0.0524575709213879
"gene_1372",6.55675343246071,0.0104486825932831,0.040420435563958,0.0502539465422949
"gene_1373",4.60961265890342,0.0317932137786995,0.100930837392697,0.0536854374182506
"gene_1374",0.0624725271877651,0.802629845038781,0.900819130234322,0.0549817909456722
"gene_1375",0.356312446089987,0.550561375448724,0.714550779297501,0.184673268270909
"gene_1376",58.5430566000618,1.98890341949357e-14,5.09975235767581e-13,0.316634508534154
"gene_1377",3.06336307858146e-05,0.995583918488036,0.99608195946777,0.049832556642297
"gene_1378",2.32677055796103,0.127165454424891,0.287055201862056,0.0718575243433523
"gene_1379",0.89349999975019,0.344530600319096,0.53941480380788,0.990435084147367
"gene_1380",1.62957356639458,0.201762040453344,0.384084948358591,0.0694254998959398
"gene_1381",55.952842925387,7.42303172283971e-14,1.85575793070993e-12,0.0465501574366698
"gene_1382",582.974534557867,8.45399039210583e-129,3.38159615684233e-126,0.0470900367557331
"gene_1383",5.57770337572572,0.0181905620641767,0.064620113904713,0.0496546968671022
"gene_1384",17.7759232031815,2.48508184657966e-05,0.000258862692352048,0.0520350876973002
"gene_1385",1.41553323583992,0.234140011968414,0.421828580466457,0.0441798852995733
"gene_1386",0.00014757349009642,0.99030755034006,0.993287412577794,0.155197877447236
"gene_1387",1.00099430397802,0.317070034960547,0.513889845965231,0.0578942498144063
"gene_1388",0.251209147365387,0.616224963611402,0.764403037764861,0.221256604661459
"gene_1389",8.30096703915819,0.00396239739696543,0.0184297553347229,0.0458936017258957
"gene_1390",2.82187617386899,0.0929876538428181,0.226247332950896,0.0633995286464194
"gene_1391",10.2866353708876,0.00133997205205137,0.00754913832141614,0.146383127127006
"gene_1392",2.92262364004648,0.0873457388953561,0.21781979774403,0.054440636266352
"gene_1393",3.82380872997794,0.0505292549506548,0.141415671037024,0.0561287851165609
"gene_1394",0.537987939139612,0.463267787924529,0.641645135629541,0.077187869207253
"gene_1395",10.8052926581835,0.00101210324230231,0.00602442406132326,0.0493807175974176
"gene_1396",0.990042528310596,0.319731980424373,0.516529855289778,0.053910443206687
"gene_1397",2.89517932620572,0.0888448884608449,0.220185597176815,0.740454378604323
"gene_1398",7.14920369189576,0.00749972783617001,0.0308630775151029,0.0759119085525433
"gene_1399",2.08276853686914,0.148969769592446,0.315971519019223,0.499428136503129
"gene_1400",0.694091479990675,0.404776193487959,0.597015034643007,0.0747943179437467
"gene_1401",1.00518945546963,0.31605806132447,0.51308126838388,1.50991892245306
"gene_1402",15.8182841101188,6.97254596100243e-05,0.000630999634479858,0.0631948276991524
"gene_1403",4.11080750461213,0.042610013121678,0.124590681642333,0.0953816236955219
"gene_1404",0.119933300665252,0.729106841595198,0.848066949395173,0.166345725473907
"gene_1405",4.53091509723134,0.0332878132198282,0.104678657923988,0.550177340736498
"gene_1406",0.768152630717339,0.380789158188868,0.573909808875461,1.13129050870019
"gene_1407",1.39976474972775,0.236762963164131,0.425450068578851,0.0524717113196061
"gene_1408",0.00555967433274418,0.94056223584815,0.975914217172641,0.0983195893399865
"gene_1409",3.14399699473984,0.0762068410052363,0.195402156423683,0.066203502388915
"gene_1410",0.665812473332494,0.414515390226165,0.608239750882121,0.210466362182938
"gene_1411",0.886068090139247,0.346545047041516,0.54021051760174,0.0791385714828566
"gene_1412",5.85536490154936,0.0155296378592367,0.0567811256279223,0.0505120699238928
"gene_1413",2.27098580540462,0.131816031659701,0.294560964602685,0.183609772206475
"gene_1414",10.4258863667624,0.00124261206155316,0.00710064035173233,0.0584795982927402
"gene_1415",0.129791306558332,0.718648517581524,0.840780353560119,0.0875838395330111
"gene_1416",2.24240955050288,0.134271600738679,0.297317731018216,0.0482031251381064
"gene_1417",2.75698451387473,0.0968305985873111,0.232486431182019,0.0545348112399644
"gene_1418",1.54175290338026,0.214357077495632,0.398433229545785,0.0567230268857921
"gene_1419",1.87056766937854,0.171410077795549,0.34663311991011,0.411513754122483
"gene_1420",0.268008717579846,0.604670679894408,0.75631104427068,1.2604129637199
"gene_1421",0.26517284176316,0.60658840831878,0.757288899274382,1.18349584851054
"gene_1422",1.09432646418969,0.295514588500079,0.491402085544695,0.38902247614736
"gene_1423",0.288106086201878,0.591436758677276,0.746292439971327,0.827583224115941
"gene_1424",0.580215854267749,0.446227725390882,0.627605802237527,0.0393608928305328
"gene_1425",16.3457427655063,5.27745788553635e-05,0.000495535951693554,0.062125050746869
"gene_1426",2.26502596106536,0.132323994649117,0.295366059484636,0.0631094812179342
"gene_1427",0.0739692502742173,0.785642868234854,0.888696047578351,0.0359193317693487
"gene_1428",0.542106319707159,0.461561107854892,0.640612224642459,0.159238975478711
"gene_1429",0.37906618541507,0.538103422239449,0.704616657184668,0.229519112251858
"gene_1430",0.112615327427648,0.737186044815311,0.852244578202723,0.0420723621077186
"gene_1431",0.828400634496234,0.362735410255005,0.557625534596472,0.225428852092177
"gene_1432",13.6161397811154,0.00022424930017195,0.0016797700387412,0.0935666411660368
"gene_1433",0.793327872585508,0.373095743079401,0.567445997078937,0.176302685795086
"gene_1434",0.351148864389188,0.553463505219852,0.716189453075829,0.0928655691431132
"gene_1435",2.09412860368229,0.147865996612166,0.314608503430141,0.122987642371124
"gene_1436",0.427459891853857,0.513237979999044,0.682951403857676,0.247312991374637
"gene_1437",8.78352178338548,0.00303963781967146,0.0147197957369078,0.102339419303514
"gene_1438",0.0318948898985809,0.85825854389473,0.934694729086264,0.0933148918446785
"gene_1439",0.156240547136861,0.692641607559667,0.825556147270163,0.25870773826214
"gene_1440",5.24142602697566,0.0220551882322049,0.0747633499396777,0.110525965195801
"gene_1441",0.0154563966337946,0.901058937604583,0.956538150323336,0.0548292449678611
"gene_1442",0.477248216277189,0.489671412570981,0.663511399147671,0.919928572789173
"gene_1443",4.50952698723376,0.0337065608860427,0.105168676711522,0.139232928201556
"gene_1444",1.11540776338728,0.290909434477604,0.488512904244507,0.495862268569491
"gene_1445",1.08109944351435,0.298451733145537,0.494534769089539,0.208377398755327
"gene_1446",3.18633223764448,0.0742564446954561,0.192374209055586,0.114260489419168
"gene_1447",9.85252511317162,0.00169598805218409,0.00911821533432304,0.717600746009724
"gene_1448",2.63171353626956,0.104748611119959,0.247925706792802,0.0571241998793542
"gene_1449",0.865178914850333,0.352293455700628,0.546888754204347,0.184632490330406
"gene_1450",1.21170552443186,0.270994610009841,0.463634918750798,0.732427411082859
"gene_1451",2.18779764184899,0.139108095148645,0.303729465390054,0.474396719571172
"gene_1452",0.105117072789938,0.74577327418163,0.860176786830023,0.256986659283981
"gene_1453",1.89023532500016,0.169175381722759,0.343307089233791,0.124187425275111
"gene_1454",1.23167447203809,0.267081640129857,0.459472155730951,0.0620662064670385
"gene_1455",1.35957113910399,0.24361182074455,0.434245669776382,0.0544842621172478
"gene_1456",5.52671147436121,0.0187282732262338,0.0659872462609469,0.271549698129725
"gene_1457",1.05591180885432,0.304149462025745,0.501896802022682,0.311864625777894
"gene_1458",2.34293838492363,0.12585196237143,0.285055407409808,0.149490825611783
"gene_1459",0.66034833416478,0.416436995159674,0.608826016315312,1.0220946566748
"gene_1460",45.229326835671,1.75260850092049e-11,3.81001848026194e-10,0.134691404668711
"gene_1461",1.34369504807046,0.246383388760476,0.43762591254081,0.0556015701466944
"gene_1462",6.23141979637546,0.0125503069716263,0.0474928055868205,0.0705931987784134
"gene_1463",2.87414968820201,0.0900125080634558,0.22225310632952,0.0819549790190503
"gene_1464",0.0256476373662053,0.872763862295042,0.940251678451622,0.0731813437628926
"gene_1465",3.95977027759886,0.0466000624467068,0.133333512007745,0.0441718842942965
"gene_1466",1.93332543364011,0.164395084476929,0.338261490693269,0.223377872981288
"gene_1467",0.423370252758275,0.515260126376472,0.684731064952122,0.276911672262796
"gene_1468",2.48093246348571,0.115233916930774,0.266745178080495,0.0806301583646357
"gene_1469",0.0529673031124958,0.817978115666536,0.912412845138356,0.0974423577307748
"gene_1470",2.2385848021496,0.134604124830719,0.29746767918391,0.0962764590656149
"gene_1471",1.28944181273857,0.256150842937045,0.449781989353898,0.0908269484758064
"gene_1472",0.464107044349589,0.495710769761495,0.668524301768706,0.23216394228948
"gene_1473",4.36993648581858,0.036578355291595,0.11203171605389,0.0428515374470467
"gene_1474",6.18579049118489,0.0128780161538786,0.0484135945634533,0.0563267115939087
"gene_1475",0.388014706912259,0.533344806279697,0.701433926880152,0.0536335987844546
"gene_1476",0.132402953395797,0.715953470042274,0.840011213755496,0.121337824661609
"gene_1477",11.7053129341674,0.000623218998347807,0.00399499357915261,0.0705911473100501
"gene_1478",2.08718937121364,0.148539127698809,0.31570484101766,0.0580662676416857
"gene_1479",1.54978898470398,0.213166595147147,0.397411411351063,0.897372748204472
"gene_1480",0.298038981516584,0.585114422916066,0.741120231685961,0.111540796555276
"gene_1481",0.000839176952467824,0.976889672654391,0.989255364713307,0.158780890469561
"gene_1482",0.0858141177027392,0.769567656109855,0.876001885156352,0.484918685166417
"gene_1483",6.59351482181273,0.0102350901729186,0.0398252535911228,0.0936106022864449
"gene_1484",2.23168110111033,0.135206667692589,0.297689375304773,0.103512717733694
"gene_1485",0.759237350335752,0.383567297319722,0.576792928300334,0.196704269858555
"gene_1486",0.13267419515455,0.715675296931798,0.840011213755496,0.189467006054173
"gene_1487",0.337355745913101,0.56135952663916,0.724212729246107,0.973810296079883
"gene_1488",0.000251895238193356,0.987337139927121,0.992932941741003,0.0465883233042246
"gene_1489",10.7864962240307,0.00102243227049382,0.00606784730263395,0.14458860941088
"gene_1490",0.162018367312385,0.687305012901323,0.821643769158784,0.0509739353972862
"gene_1491",70.1641220045451,5.45699744300228e-17,1.51583262305619e-15,0.0713240683245119
"gene_1492",1.5743939158375,0.20957005629619,0.393558791166554,0.0908044087367025
"gene_1493",573.266253388924,1.09350888390772e-126,2.73377220976929e-124,0.0487436090826615
"gene_1494",0.0160015839977632,0.899338232697567,0.956234165547652,0.192885237372137
"gene_1495",1.68167940283615,0.194701448778535,0.37514730015132,0.0990674628205387
"gene_1496",0.207738890487008,0.64854544028302,0.791874774460341,0.053882978031112
"gene_1497",2.19224950476882,0.138706609426463,0.303183845740902,0.0617981691956713
"gene_1498",238.935530060964,6.71134540303484e-54,4.32990026002247e-52,0.10291267733764
"gene_1499",28.4591891000448,9.5694495022237e-08,1.5817271904502e-06,0.212024288575497
"gene_1500",0.973066199722439,0.323916666246133,0.518882070017141,0.062206540217604
"gene_1501",105.199273376546,1.1045038107119e-24,3.74408071427763e-23,0.069974936353476
"gene_1502",18.9439553921908,1.3461509839503e-05,0.000143207551484075,0.0552938292857545
"gene_1503",8.02767685286756,0.00460678895595932,0.0209876490020926,0.0664309266720499
"gene_1504",11.5309138360287,0.000684483591874305,0.0043459275674559,0.0729644307442805
"gene_1505",0.505301368217602,0.477179962746696,0.65367118184479,0.184201033245019
"gene_1506",268.572103312944,2.32335788854038e-60,1.65954134895742e-58,0.0790951116803395
"gene_1507",6.41889639779174,0.0112912308010386,0.0433011889420952,0.0550919652451601
"gene_1508",29.260824393987,6.3261838357968e-08,1.08139894629005e-06,0.0650219066750185
"gene_1509",9.26258000642395,0.00233883312049759,0.0118122884873616,0.176004959439552
"gene_1510",0.968184533102999,0.325133368793547,0.519547879034134,0.0438340202881913
"gene_1511",1.3466137085943,0.245870986327722,0.43749285823438,0.046240997398907
"gene_1512",1.46556897286757,0.226046113333986,0.4132527816621,0.0771301408773763
"gene_1513",0.878711266481901,0.348554896186548,0.542076043836,0.654584707691655
"gene_1514",0.0121787497653827,0.912125958032766,0.96236934025377,0.41383509547763
"gene_1515",0.0847276872173097,0.77098997694575,0.877121703009954,0.0789458301313448
"gene_1516",28.6449665739481,8.69396801460172e-08,1.45550899140605e-06,0.0467734071849266
"gene_1517",0.0478288920065779,0.82688517025483,0.918251160749394,0.169833707377489
"gene_1518",8.43553708977458,0.0036795818586931,0.0173975501593054,0.356293248303966
"gene_1519",5.58942285851242,0.0180692487759544,0.0643033764268841,0.0808204656252625
"gene_1520",19.7204623055744,8.96364290350606e-06,9.95960322611785e-05,0.0611875848527518
"gene_1521",0.935415512483985,0.333459650067111,0.527849304830764,0.340048964409036
"gene_1522",1.4525862069886,0.228113426673361,0.415507152410494,0.672944338136351
"gene_1523",0.12338773859824,0.725388868315748,0.847276262081241,0.131726556098616
"gene_1524",0.598580085378103,0.439120301230544,0.621543243072249,0.13319073930565
"gene_1525",21.7283490456789,3.14114923821087e-06,4.00146399772085e-05,0.0441258154045856
"gene_1526",0.625048730385743,0.429177310110551,0.615817196565894,0.112892663301441
"gene_1527",15.4987002233413,8.25620058638097e-05,0.000724228121612366,0.0641250460400018
"gene_1528",2.06788069538015,0.150430433964724,0.317947551314794,0.0604716414088773
"gene_1529",1.91569048610876,0.166332517940836,0.339860166144765,1.37869828697854
"gene_1530",0.395497678904803,0.529423651619804,0.698448089208184,0.164105242060713
"gene_1531",7.74096747591102e-06,0.997780081029299,0.997780081029299,0.123299623999339
"gene_1532",5.26866636501131,0.021712640965923,0.074358359472339,0.0571753163093518
"gene_1533",2.61003196927538,0.106189621654931,0.250742908276105,0.122206950925546
"gene_1534",25.573953830663,4.25747691411924e-07,6.30737320610258e-06,0.0902289057963482
"gene_1535",1.6342433617852,0.201117135176164,0.38381132667207,0.15279270210954
"gene_1536",2.25964007537004,0.132784919243431,0.295405827015419,0.0633636469376814
"gene_1537",39.2305253411553,3.76606043590009e-10,7.60219036051782e-09,0.049738340807347
"gene_1538",9.44003699766131,0.00212299211629836,0.0109151265619453,0.0835201392820283
"gene_1539",0.17221939231456,0.678146849094755,0.81459080972343,0.0753745894052908
"gene_1540",524.29045011038,4.93293002838109e-116,8.96896368796561e-114,0.0489102201752649
"gene_1541",98.3683421061655,3.47368370034243e-23,1.12054312914272e-21,0.0731271972211064
"gene_1542",19.2447103813538,1.14988533418104e-05,0.000124987536324027,0.093940836890391
"gene_1543",6.04373483694269,0.0139557298871212,0.0516878884708191,0.0664206510151674
"gene_1544",7.78871082168064,0.00525736959232019,0.0232937048237362,0.0570105632831394
"gene_1545",0.0164399736240739,0.897976091249678,0.955293714095403,0.166342311781563
"gene_1546",0.0699688745069125,0.791382104143775,0.891196063224972,0.16781189779839
"gene_1547",1.95995684725096,0.161517933651126,0.334059842091263,0.12672179992855
"gene_1548",2.00712512514832,0.156561755222022,0.325830916174864,0.220864727249672
"gene_1549",0.235390532879364,0.62755531920717,0.775717329057071,0.108943044253463
"gene_1550",2.86074845870417,0.0907652565212159,0.223835404491285,0.0986271009695678
"gene_1551",0.623591893632693,0.429715639268857,0.615817196565894,0.126863827989441
"gene_1552",0.041903115160892,0.837804563895134,0.925570790914396,0.483574652780366
"gene_1553",0.00122681693113691,0.972059051215214,0.987607074362532,0.964874547840124
"gene_1554",0.0954934410378883,0.757306213856874,0.867972737944841,0.0491391003510683
"gene_1555",3.65873486773762,0.0557759701766931,0.153441458532856,0.054028658071245
"gene_1556",16.1734783617126,5.77976952496872e-05,0.00053269765207085,0.0634737488448401
"gene_1557",4.52777679840551,0.0333489146968247,0.104706168592856,0.122914337251241
"gene_1558",9.58386981396347,0.00196294232175601,0.0102720223846163,0.366517605593809
"gene_1559",59.7101827717549,1.09906411972232e-14,2.85471199927876e-13,0.109408247799766
"gene_1560",0.036258474914689,0.848982704387682,0.93037569346335,0.0534434979675291
"gene_1561",0.0179241712471594,0.89349652985439,0.952501946427234,0.142575546151659
"gene_1562",0.0216362487458355,0.883058888377701,0.946607160782893,0.0578696722458373
"gene_1563",0.737082342176905,0.390597113916904,0.583471370288959,0.0518292731963963
"gene_1564",2.46424797297016,0.116463431541138,0.268658434927653,0.0495543489156303
"gene_1565",20.3312670205676,6.51275770280617e-06,7.52919965642332e-05,0.0508616207078921
"gene_1566",7.35699675728108,0.0066802279736525,0.0277764156908628,0.0935078884912762
"gene_1567",0.519662683928686,0.470985606890348,0.649635319848756,0.0552242492776205
"gene_1568",12.3782139573362,0.000434372456662859,0.00297515381275931,0.0654689644408689
"gene_1569",0.133783465847046,0.714541019597493,0.840011213755496,0.0777805949998735
"gene_1570",10.5938646669522,0.00113463552600978,0.00661595058897833,0.101545273769396
"gene_1571",1.55958715920394,0.21172567833362,0.396490034332622,0.29717420000642
"gene_1572",0.514766285506767,0.473082814966692,0.650256124786495,0.0561012576542965
"gene_1573",4.56857954525321,0.0325635555133918,0.102886431321933,0.0384571298281684
"gene_1574",3.96459957150273,0.0464665723688474,0.133178720469705,0.0761335885752982
"gene_1575",0.119859421608908,0.729187008154757,0.848066949395173,0.0584841751601089
"gene_1576",0.0401986423482867,0.841092693177902,0.925803734923392,0.0648319038395762
"gene_1577",0.177448764960673,0.673574961375607,0.810072112297783,0.0962419093353971
"gene_1578",0.80412293393897,0.369863531803991,0.564677147792352,0.218599545813097
"gene_1579",2.85306231326905,0.0912000691657709,0.224354413691933,0.547536830132882
"gene_1580",0.19088057222109,0.662184733298844,0.801676432565187,0.0582174295187702
"gene_1581",8.13376080215232,0.0043448531929851,0.0198849116383757,0.0635152218385733
"gene_1582",0.0288429217433759,0.865142228822075,0.936301113443804,0.0730430535389794
"gene_1583",2.52166018717355,0.11229230663116,0.26144890950212,0.637185240092683
"gene_1584",0.00731841299085545,0.931825956655589,0.971245769795557,0.386913340319919
"gene_1585",1.23132242688348,0.267150011615132,0.459472155730951,0.443406575955471
"gene_1586",0.929252469893186,0.335057245665913,0.529316343864002,0.0845495955710546
"gene_1587",0.601390140302101,0.438048115611911,0.621543243072249,0.0581459524856817
"gene_1588",3.17827805484995,0.074623331776654,0.1928251467097,0.168500721378511
"gene_1589",0.00847152045076882,0.926665573433066,0.967796943533228,1.10121490640161
"gene_1590",3.82700363016784,0.0504330156927194,0.141415671037024,0.0592211168812056
"gene_1591",0.555619079217422,0.456030787407466,0.635027180596226,0.83998966014985
"gene_1592",2.74706428107777,0.0974331751419675,0.233652698182176,0.0601921040026569
"gene_1593",6.49190145080945,0.0108367006525133,0.0417599254432112,0.068896849101872
"gene_1594",6.13614288577537,0.0132445910127635,0.049496627419314,0.152400941057613
"gene_1595",0.255849906157266,0.612985769566718,0.76242011140139,0.252414313177607
"gene_1596",0.711802143048772,0.398846192505919,0.591688675937149,0.0533028080007831
"gene_1597",0.273433479498806,0.601037809340606,0.754107599308667,0.317222809095472
"gene_1598",357.184440633016,1.15523546503953e-79,1.00455257829524e-77,0.0682148222673617
"gene_1599",12.6606412639496,0.000373434108692289,0.00260232828356996,0.0726646458848721
"gene_1600",3.45610354296633,0.0630186548189583,0.169632987399619,0.335314616628911
"gene_1601",7.70323519457884,0.00551219395259828,0.0240779608091353,0.0401141622071377
"gene_1602",25.1703396793208,5.24831885396172e-07,7.66177934884922e-06,0.0594263125402705
"gene_1603",3.51818266997043,0.0606989698312633,0.164719049745626,0.0623894744048425
"gene_1604",0.73287574929293,0.391952631453222,0.583697142893852,0.0671151153872387
"gene_1605",0.113526776446406,0.736164130185973,0.852244578202723,0.125503382844067
"gene_1606",0.113726813871608,0.735940460440651,0.852244578202723,0.0733687912875412
"gene_1607",3.25223837362262,0.0713259913846316,0.18647318009054,0.314448659900061
"gene_1608",0.139176344621887,0.709101213918641,0.836204261696511,0.203354655415918
"gene_1609",2.60524959735642,0.106510387233631,0.251203743475545,0.0781165075028652
"gene_1610",22.279046168464,2.35765293212274e-06,3.04213281564225e-05,0.922554527620827
"gene_1611",0.0335181220714276,0.854735600358769,0.932608401919006,0.089179555898023
"gene_1612",5.63038224846787,0.0176517818786506,0.0633209934073028,0.0600447342261635
"gene_1613",20.0048994204961,7.72439949351496e-06,8.77772669717609e-05,0.391672621318771
"gene_1614",0.0870797954874547,0.7679229445868,0.874627499529384,0.85420455022265
"gene_1615",26.3894595801926,2.79059165503094e-07,4.2604452748564e-06,0.0508294463978007
"gene_1616",21.6741289626414,3.23119813860581e-06,4.0901242260833e-05,0.0581110679339829
"gene_1617",2.14696250728457,0.142852262379235,0.308042423567689,0.21408714177538
"gene_1618",16.358982958692,5.24071742885317e-05,0.00049440730460879,0.0565653789248849
"gene_1619",0.0222257606650373,0.88148808767496,0.945802669179142,0.0479193361531306
"gene_1620",0.32742928770017,0.567176751888031,0.728083121807485,0.560216539199127
"gene_1621",0.852531175817717,0.355837265256316,0.551258350513271,0.0472250991924646
"gene_1622",0.026990038615736,0.86950564579337,0.938990978178586,0.312456678575363
"gene_1623",0.0410234276594679,0.839492707359357,0.925570790914396,0.591534227114899
"gene_1624",7.47081786674232,0.00627070581847945,0.0266838545467211,0.106834849145239
"gene_1625",120.283186891871,5.48449908013105e-28,2.10942272312733e-26,0.207643399257371
"gene_1626",0.949914997288602,0.329740934963473,0.524647470108947,0.378577697081339
"gene_1627",1.46210952731775,0.226594770961096,0.4132527816621,0.124537462364912
"gene_1628",3.4927153149963,0.0616394049290769,0.166928937193271,0.144956452218544
"gene_1629",12.9821686059921,0.000314471525546273,0.00223823149854999,0.0571502942182057
"gene_1630",0.0011902455382824,0.972478493912193,0.987607074362532,0.0871786946854931
"gene_1631",4.38679850734127,0.036218261815735,0.111314587858269,0.0716764486044686
"gene_1632",0.0552542139164984,0.814160496315668,0.909168616767915,0.393623485426207
"gene_1633",12.9495135946462,0.000320004626447598,0.00226953635778438,0.264199195207428
"gene_1634",493.723681120177,2.2059096172689e-109,3.15129945324129e-107,0.0569278643354928
"gene_1635",5.71669422673278,0.016804340449908,0.06110669254512,0.0636448030677092
"gene_1636",4.25824694795813,0.0390602105565603,0.117474317463339,0.073308360510101
"gene_1637",0.0731705386126009,0.786775206558537,0.88898969560199,0.182937321805542
"gene_1638",3.34935621342129,0.0672313025982911,0.17856919680821,0.112515511944047
"gene_1639",0.0970320615430182,0.755420772815327,0.86630822570565,0.075940546257324
"gene_1640",4.49455086173259,0.0340030448430657,0.105928488607681,0.127830253108334
"gene_1641",1.02483267451203,0.311375421514358,0.508783368487513,0.279054877581263
"gene_1642",100.189107095962,1.3851922992929e-23,4.5416140960423e-22,0.232427668074875
"gene_1643",0.584699511583779,0.444476135550217,0.626463897886141,0.225942484139494
"gene_1644",0.0114493588424693,0.914787649483382,0.962427826915709,0.104304309164151
"gene_1645",0.0263833616430702,0.870967595176494,0.939555118852745,0.0497987936860516
"gene_1646",0.103351386002998,0.747844314514966,0.861075779522126,0.275080389726493
"gene_1647",2.01414784854728,0.155838743573295,0.324664049111031,0.0699403802212094
"gene_1648",0.0611153991762876,0.80474161346008,0.901705138174983,0.204699991272215
"gene_1649",10.3797744257448,0.00127403259304132,0.00722715214355629,0.177120352097882
"gene_1650",0.387169082255298,0.533791218355796,0.701433926880152,0.452873243463375
"gene_1651",0.0772003428838843,0.781127893551141,0.886134876405152,0.36361104957844
"gene_1652",4.6653042810882,0.0307779692794461,0.0981753406042937,0.0634002142053787
"gene_1653",11.2751591412633,0.000785511206154742,0.00481908715432357,0.0576144843737742
"gene_1654",2.24513157485421,0.134035507067536,0.297317731018216,0.0896285043925388
"gene_1655",8.45678113813108,0.00363684917378329,0.0172771932246237,0.102224499806726
"gene_1656",9.36817290576823,0.0022078548377012,0.0112874695781995,0.0439805372424777
"gene_1657",0.883066538425112,0.347363152687188,0.54106410075886,0.277245636801193
"gene_1658",0.650126672530405,0.42006739446258,0.611568834475231,0.0662206202282155
"gene_1659",2.83208018970743,0.0923986061894245,0.22591346256583,0.0687152869359568
"gene_1660",13.8004761946294,0.000203284699004956,0.0015577371571261,0.0413791388782389
"gene_1661",3.16424253255229,0.0752673438293994,0.193738336755211,0.114370879510556
"gene_1662",0.139788745989563,0.708491117713578,0.835977720016021,0.369356861489212
"gene_1663",4.31498124642121,0.0377781874009869,0.114072483140376,0.227166424162368
"gene_1664",0.0700102701802621,0.791321827326927,0.891196063224972,0.413647850821639
"gene_1665",23.8492367660804,1.04183178443519e-06,1.45710739081845e-05,0.0760063549599691
"gene_1666",1.57607249195144,0.209327327570371,0.393472420245058,0.0742289710243696
"gene_1667",13.7776285270986,0.000205772025475723,0.00156480627738192,0.0326174550469244
"gene_1668",6.88062233279993,0.00871352184482844,0.0349865739917464,0.0541616368475266
"gene_1669",3.21525241887144,0.0729549381393232,0.189986818071154,1.34493546338796
"gene_1670",1.5999659367987,0.205908038050635,0.389608397446803,0.150831473397087
"gene_1671",0.451202749732374,0.501764340435896,0.674414436069752,0.0447188837610835
"gene_1672",11.030696613353,0.000896154657929193,0.0054216089184457,0.050067948770151
"gene_1673",0.025351710841619,0.873493809281557,0.940251678451622,0.0532271578907858
"gene_1674",23.258444066842,1.41627257111128e-06,1.88836342814837e-05,0.0526766336773613
"gene_1675",4.70010513581531,0.0301607723578219,0.0963602950729135,0.08448317954078
"gene_1676",1.49780892874833,0.221008802027329,0.407384926455567,0.0786101521870596
"gene_1677",21.2121188651687,4.11156525710995e-06,5.04990925623326e-05,0.0585686045983618
"gene_1678",0.842697653664572,0.358626378604905,0.554411716788096,0.391246325108403
"gene_1679",0.382506465703159,0.536264861578432,0.703759660864084,0.358251767474846
"gene_1680",4.20676336590157,0.0402630922674355,0.119475051238681,0.0565942742399627
"gene_1681",0.115356032063346,0.734126872400845,0.852244578202723,1.03754084930657
"gene_1682",4.24127431778004,0.0394525439877359,0.118121389184838,0.0825288024543338
"gene_1683",14.2565680412262,0.000159503202492644,0.00127094185253103,0.0740292806492999
"gene_1684",11.5208532898806,0.000688197928338199,0.00434785508448694,0.0445420924120614
"gene_1685",41.5212592444883,1.16596070137086e-10,2.37951163545074e-09,0.0837434960961558
"gene_1686",1.2782567335326,0.258223417960613,0.451834502118307,0.679175743613102
"gene_1687",15.0357601874189,0.000105493177755789,0.000901651091929821,0.13088160373432
"gene_1688",0.102960440577476,0.748305503923001,0.861111051695053,0.0578085283655351
"gene_1689",34.2238571880924,4.91230306813638e-09,9.18187489371285e-08,0.0522001529432708
"gene_1690",9.64998334292784,0.00189353301457968,0.00999225865213551,0.0565116758084028
"gene_1691",1.10995713406692,0.29209126682573,0.489521501082091,0.0675319202867174
"gene_1692",0.12798283966913,0.720532736634431,0.842235811378645,0.0476362885781519
"gene_1693",4.21979626180746,0.03995495798686,0.118913565437083,0.0641401910955319
"gene_1694",10.0979842693978,0.00148431593217522,0.00815558204491879,0.0681019383791661
"gene_1695",0.974650053217147,0.323523200715668,0.518882070017141,0.159757827206753
"gene_1696",0.773478800636326,0.379143004398437,0.573674475588492,0.0603723633815104
"gene_1697",0.739411238481068,0.389849544706362,0.583170597915276,0.622035799429476
"gene_1698",70.0627609561041,5.74472931974434e-17,1.57389844376557e-15,0.0433250421877839
"gene_1699",5.18019664830922,0.022845738121307,0.0764071509073814,0.0614368968947714
"gene_1700",4.70766962924279,0.0300283303685956,0.0960906571795059,0.0833771937888521
"gene_1701",12.6019900464171,0.00038533626852799,0.00267594630922215,0.0719239992512104
"gene_1702",2.24107393962538,0.134387614420234,0.297317731018216,0.166924933049735
"gene_1703",2.80830547254936,0.0937773839363154,0.227615009554164,0.0562524663284858
"gene_1704",0.00582383736292513,0.939169231813758,0.975760240845463,0.196391442855689
"gene_1705",0.46451737161135,0.495520306469561,0.668524301768706,1.16884634820274
"gene_1706",1.00925943554904,0.315080320708233,0.512325724728834,0.413729689864456
"gene_1707",0.458238316957249,0.498448450941815,0.671311045039482,0.118089742359598
"gene_1708",578.770860131457,6.9413533427609e-128,1.9832438122174e-125,0.0520490126651444
"gene_1709",175.71961230621,4.16930478425554e-40,2.19437093908186e-38,0.158783441582867
"gene_1710",16.8203835345233,4.10895730767751e-05,0.000402838951733089,0.363924959415009
"gene_1711",1.52413428164607,0.216994923679488,0.402214872436494,0.152097708872491
"gene_1712",2.23453274518789,0.134957416232798,0.29759077449349,0.83145307317846
"gene_1713",0.62459819154958,0.429343683917756,0.615817196565894,0.0801608536288731
"gene_1714",1.97262194085249,0.160169832556727,0.331812056551697,0.0618309792151606
"gene_1715",5.65971367916325,0.0173589566158681,0.062442289985137,0.0662458010385059
"gene_1716",73.7519718117026,8.85757581464942e-18,2.53073594704269e-16,0.0865423868450733
"gene_1717",5.03244704816041,0.0248767262327995,0.0819661490372305,0.05137528045719
"gene_1718",3.33294157003252,0.0679053254420882,0.179881656800234,0.0510729120467924
"gene_1719",11.9369841257546,0.000550304895692813,0.0035734084135897,0.0539860062792337
"gene_1720",4.11211014813887,0.042577207690437,0.124590681642333,0.049274040922274
"gene_1721",0.00264343871430128,0.958995324458383,0.984089609500649,0.137440416789362
"gene_1722",8.7493286472556,0.00309716053636872,0.014962128195018,0.322691048782383
"gene_1723",0.12310392088375,0.725692118472583,0.847276262081241,0.26309548943381
"gene_1724",15.1090807242689,0.000101473996861652,0.000874775835014239,1.15843547652495
"gene_1725",0.250830290949693,0.61649104995736,0.764403037764861,0.298388151502673
"gene_1726",446.701784738005,3.76620790838795e-99,4.70775988548494e-97,0.060877952657151
"gene_1727",1.33387059610925,0.248117800311965,0.440157329816066,0.0664533784694811
"gene_1728",0.207144904176971,0.649014462004189,0.791963956075886,0.773578904994132
"gene_1729",2.09815553886278,0.147476948713853,0.314276918021589,0.163567362631817
"gene_1730",5.84880964343381,0.0155875914218068,0.0568890197876159,0.0579093293837711
"gene_1731",14.0801713045723,0.000175180854363973,0.00138315431091585,0.0453927725507171
"gene_1732",4.80208562084545,0.0284253063262242,0.0919912826091399,0.0569931782801632
"gene_1733",1.5669275712736,0.210653766425089,0.395222826313489,0.103686429159965
"gene_1734",1.10714300638563,0.292703839762289,0.489880903367848,0.0482433241943012
"gene_1735",0.00524875093447008,0.942245176680185,0.975914217172641,0.810768239122023
"gene_1736",11.9755498686729,0.000539031582569646,0.00353463332832555,0.0506152620293956
"gene_1737",1.44729884653646,0.228961870418573,0.415916204211758,0.065096692047997
"gene_1738",2.91396068975359,0.0878159718951691,0.218447691281515,0.0938153639743597
"gene_1739",34.8247064966943,3.60766113300341e-09,6.80690779811964e-08,0.0538942570968477
"gene_1740",6.74597121616353,0.00939596136979916,0.0372117281972244,0.0811185779969076
"gene_1741",7.11856533114394,0.00762897317893414,0.0312023442901192,0.0494588276627125
"gene_1742",1.11566931199809,0.290852877775091,0.488512904244507,0.0477193018739076
"gene_1743",0.00112133387818858,0.973286771784276,0.987607074362532,1.00419630102547
"gene_1744",0.0175976681646262,0.894465281677643,0.952501946427234,0.180983020941865
"gene_1745",4.83527310459999,0.0278832241311232,0.0905299484776727,0.0710087916818392
"gene_1746",0.995437005699159,0.318417143688545,0.514821574274124,0.0420251049221729
"gene_1747",6.71845586351526,0.00954202069208148,0.037567010598746,0.165677701075038
"gene_1748",3.13064676882169,0.0768332527863669,0.196652000180614,0.182481496159485
"gene_1749",3.41602443772638,0.0645663270472076,0.173332421603242,0.0791702397827594
"gene_1750",1.72949472994821,0.188475438068043,0.365318326909063,0.052762282714045
"gene_1751",5.41388497895969,0.0199772084389433,0.0697284762266781,0.0404625012326781
"gene_1752",503.669223796596,1.51226197360001e-111,2.52043662266668e-109,0.0542680365916662
"gene_1753",0.695985269616585,0.404135999037167,0.597015034643007,0.0531228103321264
"gene_1754",43.6265941929679,3.97401743040688e-11,8.36635248506711e-10,0.0684180748595559
"gene_1755",7.83074168498405,0.00513650185454454,0.0228288971313091,0.135068325923863
"gene_1756",15.6561529798839,7.5965025334228e-05,0.000675244669637582,0.140765711493355
"gene_1757",2.73297670546572,0.0982959221105393,0.235157708398419,0.324464521825165
"gene_1758",0.00470954485570019,0.945287224168038,0.97699142002754,0.0555430821573311
"gene_1759",0.0102335810571503,0.919422525331836,0.965608577973579,0.18358515272219
"gene_1760",23.3678972034378,1.33792851216103e-06,1.79587719753158e-05,0.0378262205826077
"gene_1761",0.288669489733934,0.591074416700834,0.746292439971327,0.0450299108225691
"gene_1762",0.377990925870108,0.538680424825141,0.704616657184668,0.0516438018176968
"gene_1763",4.72933676735261,0.0296523173775756,0.0952840148915552,0.0607453114182687
"gene_1764",3.64307160528415,0.0563029700762821,0.154678489220555,0.079538164024804
"gene_1765",3.02219944237777,0.082132006747224,0.207142513864373,0.121567039004421
"gene_1766",1.2370979020003,0.266031092780948,0.459472155730951,0.0756426290793997
"gene_1767",0.418503986819815,0.517684471183359,0.687495977667144,0.0457437416129767
"gene_1768",10.1446663089056,0.00144719358481682,0.00799554466749623,0.057090702910545
"gene_1769",0.120488338742689,0.728505449201682,0.848066949395173,0.104967183128903
"gene_1770",2.46879822332545,0.116126684107259,0.268501003716205,0.898710507867129
"gene_1771",8.41589624391497,0.00371954392477096,0.0175096879565975,0.0956950158495236
"gene_1772",0.0010453984657488,0.974206793952735,0.98803934477965,0.0763462322410154
"gene_1773",16.6005538579564,4.61375458515915e-05,0.000443630248572996,0.0645654096661582
"gene_1774",2.57180050004149,0.108783853151441,0.254763122134522,0.0829583794671181
"gene_1775",324.247452586025,1.72080968436591e-72,1.37664774749273e-70,0.0709480383977154
"gene_1776",4.19366931387333,0.0405751853805226,0.120102226248267,0.0437124505177092
"gene_1777",427.149566095038,6.78093344174478e-95,7.53437049082753e-93,0.0601283825877464
"gene_1778",1.308172185334,0.252725857969713,0.445331908316675,0.0674610890209096
"gene_1779",5.10227444343809,0.0238944923024973,0.0795157813727032,0.0538888123758448
"gene_1780",0.814076541508825,0.366917758077809,0.561385691069575,1.54400282869589
"gene_1781",54.1241976376551,1.88209172096922e-13,4.59046761212006e-12,0.050829768239526
"gene_1782",9.05626819261681,0.00261795756640235,0.012928185513098,0.0424464256267281
"gene_1783",1.19762877175719,0.273796125982428,0.468027565781929,0.0607899356826585
"gene_1784",1.89105807334192,0.169082629743566,0.343307089233791,0.0843461849509697
"gene_1785",2.53122180476896,0.111613762497412,0.260171940553409,0.0453504532495677
"gene_1786",1.75778503500482,0.18490103062252,0.362195946371244,0.794144742244833
"gene_1787",0.313045763544437,0.575817169495762,0.733992567872227,0.080358633126398
"gene_1788",2.06486288638081,0.150728485085843,0.317992584569289,0.744938648720554
"gene_1789",580.994953711576,2.27854895675219e-128,7.59516318917396e-126,0.0493878657843434
"gene_1790",0.00218464578392741,0.962720294741308,0.985561679030936,0.0690485667648475
"gene_1791",0.0288556757649303,0.865112701433526,0.936301113443804,0.121018950712174
"gene_1792",1.03451069732353,0.309101584132462,0.506089214856829,0.0504886137952696
"gene_1793",1.70666273875747,0.191418936212864,0.370249393061632,0.293695955333279
"gene_1794",0.00176963981107292,0.966445217680116,0.986671993547847,0.0844372785141641
"gene_1795",0.582945304341251,0.445160165857938,0.626986149095687,0.0539821400420261
"gene_1796",0.704270157967812,0.40135256849678,0.594156282008557,0.101567262383155
"gene_1797",10.9730108343188,0.000924484351483272,0.00554754416846126,0.0797533157566924
"gene_1798",0.0104348038809121,0.918636909598965,0.96546180725062,0.0837950267289028
"gene_1799",0.574636811498976,0.448422231651832,0.629256708885044,0.0610162425222598
"gene_1800",6.71940149886416,0.00953696259770123,0.037567010598746,0.342816224570886
"gene_1801",0.322907948373484,0.569865292940459,0.728262355195475,0.211331392502479
"gene_1802",0.268763439635052,0.604162476048237,0.75631104427068,0.796251467089275
"gene_1803",0.485954571836828,0.485737448528053,0.659564829700948,0.0849328663455074
"gene_1804",1.04453293606508,0.306769569337651,0.504555212726399,0.128410097706656
"gene_1805",0.390278862768241,0.532152856075383,0.701123657543324,0.13319579710575
"gene_1806",4.33584790697023,0.0373178243046813,0.113255915947439,0.858636736665455
"gene_1807",0.980303206284702,0.322123960881514,0.51845293691282,0.0552971411413406
"gene_1808",1.75966440024763,0.184666380841919,0.362195946371244,1.42204140356926
"gene_1809",12.8885145906038,0.000330604717582399,0.00232820223649577,0.0564983042504719
"gene_1810",12.110887352094,0.000501282750844674,0.00334188500563116,0.0515721003061892
"gene_1811",0.236262692456137,0.626918522611139,0.775717329057071,1.18321287015002
"gene_1812",46.6342284202192,8.55527704227332e-12,1.92253416680299e-10,0.475193392034294
"gene_1813",14.0718443796487,0.00017595815506836,0.00138315431091585,0.0624789958038711
"gene_1814",4.34727155211277,0.0370682872071869,0.113013070753619,0.614125536237243
"gene_1815",6.17304682183249,0.0129711029469978,0.0486119500064365,0.0559638833294868
"gene_1816",1.97172177967275,0.16026522331447,0.331812056551697,0.443695533931235
"gene_1817",1.58492125277485,0.20805324846125,0.391814027233992,0.0461597006871758
"gene_1818",0.638497105078386,0.424255541679015,0.614417873539485,0.148117270805628
"gene_1819",0.435786213849838,0.50916331401092,0.680699617661657,0.0667844005713464
"gene_1820",27.0734450513885,1.95870171447169e-07,3.06047142886201e-06,0.0661036836345696
"gene_1821",1.22560137212338,0.268264175036435,0.460176998942303,0.0560781027135424
"gene_1822",1.84588929836929,0.174262251189736,0.349573222045609,1.45535727550296
"gene_1823",0.0410234771204046,0.839492611915458,0.925570790914396,0.341043711282743
"gene_1824",16.3164890738262,5.35955548157567e-05,0.000500893035661278,0.143286237256705
"gene_1825",1.51078635189901,0.219019135255231,0.405590991213391,0.0466269783904339
"gene_1826",0.939254863602969,0.33246954536413,0.527310936342792,0.170433628080891
"gene_1827",7.87574384557911,0.00501022584154423,0.0224673804553553,0.0583655490447265
"gene_1828",0.0367710801997418,0.847931874362146,0.93037569346335,0.0794876353123272
"gene_1829",5.2895895053212,0.0214532763552118,0.0738494883139821,0.144207490784378
"gene_1830",9.57999232394252,0.00196709228665401,0.0102720223846163,0.058883404568806
"gene_1831",15.0841097584598,0.000102825213945458,0.000882619862192773,0.0906198452357631
"gene_1832",10.6274992015719,0.00111418286817509,0.00651568928757364,0.0801440188638601
"gene_1833",0.144411444347725,0.703934237473398,0.834045305063268,0.0745367087707863
"gene_1834",0.00297613531813568,0.9564938130999,0.983035779136588,0.810998914225009
"gene_1835",2.28720555581651,0.130444592528928,0.292417115183811,0.135809104502442
"gene_1836",1.62903451748377,0.20183664036244,0.384084948358591,0.0845629826259879
"gene_1837",7.44971019501747,0.00634466638199461,0.0267496487082596,0.18858182153168
"gene_1838",16.6557073369634,4.48152636597216e-05,0.000432997716519049,0.0590462388456087
"gene_1839",41.7231551110559,1.05156201034379e-10,2.16816909349235e-09,0.0875759324535857
"gene_1840",1.08565456607943,0.297436026004435,0.493260407967553,0.217377497076716
"gene_1841",0.192094386090616,0.66117916490549,0.801676432565187,0.0706382504118139
"gene_1842",0.430555446129574,0.511716525105364,0.682355433376591,0.524779688153971
"gene_1843",1.07056801761996,0.300817179332255,0.497629742485121,0.21036543610061
"gene_1844",0.424755745781681,0.514573508189107,0.684273282166366,0.0950547060506675
"gene_1845",0.00127881253899886,0.97147333849686,0.987607074362532,0.0907157728069126
"gene_1846",0.0120454915181654,0.912606095515266,0.96236934025377,0.216666187281056
"gene_1847",0.0656890335782236,0.797720185991587,0.896818646421121,1.00357331427379
"gene_1848",8.37896287939645,0.0037958896976758,0.0178210783928441,0.0912933080737608
"gene_1849",0.219628788013893,0.639322908931453,0.784673368372796,0.0523554024216135
"gene_1850",4.3166538121194,0.037741068606259,0.114072483140376,0.925739008629702
"gene_1851",2.19976672679729,0.138031624588919,0.302038565840086,0.0754422860921437
"gene_1852",0.52640316166071,0.46812298281055,0.64747300527047,0.0570195762198175
"gene_1853",3.6116794738075,0.0573751506957887,0.157062540744986,0.0626444616021385
"gene_1854",0.322969427381736,0.569828568800298,0.728262355195475,0.0690473400621744
"gene_1855",5.70756767144849,0.016891928517546,0.0612026395563259,0.0632880801828651
"gene_1856",21.0570999831727,4.45797903166307e-06,5.40361094747039e-05,0.0486955652606822
"gene_1857",0.331583692622189,0.56472803719267,0.725871513101118,0.901018786953772
"gene_1858",0.310880933135991,0.577140112058838,0.735210333832915,0.0562056722611211
"gene_1859",6.57328958052074,0.0103520437474451,0.0401242005714927,0.0372172131095688
"gene_1860",29.5851897478746,5.35122551565712e-08,9.226250889064e-07,0.050279386712422
"gene_1861",1.4144094500532,0.234325776449117,0.421828580466457,0.060925328461326
"gene_1862",11.3766654218623,0.000743725118361659,0.00460510909202266,0.063760344160868
"gene_1863",0.60047122485787,0.438398288917328,0.621543243072249,0.0605500939028222
"gene_1864",1.17053356760573,0.279291633864193,0.474957437377689,0.0707889174444586
"gene_1865",10.7148552478972,0.00106278772519657,0.00625169250115629,0.054650195390793
"gene_1866",2.30154732041592,0.12924518967655,0.290765331105849,0.546305965191162
"gene_1867",0.355297579122634,0.551129510018793,0.714824267209849,0.0709747921731365
"gene_1868",1.93587256402532,0.164117386311018,0.338037870877484,0.0617608801611619
"gene_1869",4.07897938472206,0.0434198780203033,0.126706546656222,0.0537338742032545
"gene_1870",0.474084785733396,0.49111395386271,0.66456556679663,0.548454964332148
"gene_1871",0.363801463542814,0.546402542587726,0.710074779191327,0.189675945925781
"gene_1872",0.503370508518856,0.478022881955148,0.654377661814029,1.2610892704753
"gene_1873",16.2730070374274,5.48396288722034e-05,0.000510136082532124,0.0682424524566786
"gene_1874",1.76640255972222,0.183827917939436,0.362195946371244,0.108958766728115
"gene_1875",1.03513012300829,0.308956787522036,0.506089214856829,0.129903624996839
"gene_1876",1.60379105361403,0.205366789540977,0.388952252918517,0.0993898385217402
"gene_1877",0.756313189886328,0.384484768823804,0.5773044576934,0.0529422733260003
"gene_1878",3.40511933799348,0.0649944128454203,0.174247755617749,0.0612194679330847
"gene_1879",15.5660986582077,7.96703515769e-05,0.00070504735908761,0.0807533803611912
"gene_1880",5.69212613002418,0.0170411958081278,0.0616318112409684,0.360179433445415
"gene_1881",4.51889670685568,0.0335224422805181,0.104996189087922,0.373443012660133
"gene_1882",2.15380981194073,0.142216607164039,0.307495366841165,0.0661041963271684
"gene_1883",0.0067470495383759,0.934535046639901,0.973474006916564,0.332006036047839
"gene_1884",6.44948938996993,0.0110984234422172,0.0426862440085276,0.0741046327826438
"gene_1885",0.838782504250162,0.359745207492471,0.555591054042426,0.0623545730480918
"gene_1886",109.106644621431,1.53785179975078e-25,5.49232785625277e-24,0.0681066598184673
"gene_1887",5.24294222178025,0.0220359757653677,0.0747633499396777,0.101911055697113
"gene_1888",6.30590296413857,0.0120336607037805,0.0456685415703247,0.059414863296887
"gene_1889",48.8698256687703,2.73526555697141e-12,6.28796679763543e-11,0.0424614799467605
"gene_1890",6.63043015337701,0.0100251052127597,0.0391605672373427,0.0721358264805713
"gene_1891",4.43149425596755,0.0352816069734641,0.109255272561302,0.784645072982492
"gene_1892",0.000890873770799772,0.976188669228109,0.989046270747831,0.0639944841748725
"gene_1893",12.0656096581721,0.000513605110022787,0.00339013273942434,0.0837385413120298
"gene_1894",3.31220838239506,0.0687670220905346,0.181923338863848,0.240102758345026
"gene_1895",21.0386636827906,4.50108048050898e-06,5.42298853073371e-05,0.144204084993894
"gene_1896",2.05076976105045,0.152129256747784,0.32022655025161,0.0673454476141027
"gene_1897",4.0772622609237,0.0434640278432472,0.126706546656222,0.0419093214735361
"gene_1898",3.90609120087549,0.0481113742964193,0.135716147521634,0.059964550231924
"gene_1899",13.6751012580595,0.000217316778859502,0.00163396074330453,0.0567386607145833
"gene_1900",2.16025740043261,0.14162096489541,0.307495366841165,0.940218509988952
"gene_1901",3.57875465497955,0.0585230088026413,0.15968078800175,0.102466203843519
"gene_1902",3.5328443076163,0.0601644945933127,0.16349047443835,0.0867874138184512
"gene_1903",3.0538903775938,0.0805439940600497,0.203908845721645,0.0589691492274795
"gene_1904",1.16770768625031,0.279872750337916,0.474957437377689,0.163251181517784
"gene_1905",0.631625568675759,0.426759670916208,0.615817196565894,0.0786732259011378
"gene_1906",2.34663534181573,0.125553740894612,0.284702360305243,0.0549614643786148
"gene_1907",13.2846582410516,0.000267586804190961,0.00196034288784587,0.0609831849968123
"gene_1908",9.23650283758468,0.00237237611673191,0.0119214880237785,0.0527550783463392
"gene_1909",0.215264313845523,0.642672209780125,0.785673638680688,0.0786669816123973
"gene_1910",2.35832579401881,0.124615865443402,0.283540080644827,0.0578031203729878
"gene_1911",2.6824132735286,0.101461865059306,0.241002054772697,0.394217874304135
"gene_1912",1.04784083452751,0.306004886603343,0.503711747495215,0.0645832146695998
"gene_1913",0.152750956246223,0.695920186732859,0.828476412777213,0.0331210988403952
"gene_1914",18.288970348887,1.89802928606932e-05,0.000198746522101499,0.0754115939873438
"gene_1915",0.00286570042976564,0.957307845817985,0.983367073259358,0.0733600629001886
"gene_1916",5.07946493798295,0.0242108403716607,0.080407642408418,0.0500541548035723
"gene_1917",10.7389519695881,0.00104903728818551,0.00618901054976702,0.0416099098755683
"gene_1918",24.6333467618157,6.93413817162721e-07,9.90591167375316e-06,0.0863993450964484
"gene_1919",0.570789233907419,0.449945466209321,0.630175722982243,0.557799083630212
"gene_1920",0.99862172061512,0.317644241113111,0.513987445166846,0.0608697120218922
"gene_1921",0.560675870140699,0.453988052353548,0.634062218326925,0.0533028729334725
"gene_1922",0.148816713838869,0.6996687231451,0.831454216452882,0.0812051693415957
"gene_1923",4.34747150353087,0.0370639350813532,0.113013070753619,0.0832724389698378
"gene_1924",0.458893157503724,0.498141712236365,0.671311045039482,0.321334850860448
"gene_1925",0.0117256227526923,0.913769688570955,0.96236934025377,0.0946256710246284
"gene_1926",1.00949682289252,0.315023414846183,0.512325724728834,0.0765673273467986
"gene_1927",0.946091427279725,0.330716190337886,0.52494633386966,0.0639012709499224
"gene_1928",0.585773041634639,0.444058328005244,0.626316400571571,0.0614064084606405
"gene_1929",19.8796411645903,8.24739599536496e-06,9.21496759258655e-05,0.056196853639481
"gene_1930",0.0394441011244453,0.842571436626811,0.92590267761188,0.754211856708481
"gene_1931",16.4403035758173,5.02063258224244e-05,0.000478155484023089,0.0496222664396808
"gene_1932",0.380944656189058,0.537098105496948,0.703929365002553,0.0535218555807161
"gene_1933",0.0971503737558805,0.755276472725733,0.86630822570565,0.0938171816457341
"gene_1934",9.57083260814181,0.00197693102458874,0.0102946711443461,0.0495056745035571
"gene_1935",0.23419609094509,0.62842979529785,0.776318462381532,0.210860624788725
"gene_1936",2.17438293726161,0.140325790624047,0.305388010063215,0.131449777639992
"gene_1937",5.67488387695118,0.0172094788951923,0.0620161401628552,0.0792762061182377
"gene_1938",4.23064914293082,0.0397002540065005,0.118656521988958,0.0522466218521519
"gene_1939",0.00805290376297307,0.928495439725794,0.969201920381831,0.0791114457098365
"gene_1940",106.845698600111,4.81215025300401e-25,1.68847377298386e-23,0.224311343007244
"gene_1941",1.24046925479786,0.265380636147972,0.459472155730951,0.80043743742131
"gene_1942",0.571587664247772,0.449628709784011,0.630173384420478,0.096536497685357
"gene_1943",1.2596467622011,0.261717964270113,0.455557814221259,0.0395388666072337
"gene_1944",0.367529537925748,0.544353970724215,0.708794232713821,0.0498963542384378
"gene_1945",1.47287524641581,0.224892591963354,0.41295117710562,0.0574373878572392
"gene_1946",8.92017981920901,0.00282036741218357,0.0137578898155296,0.0521976031984401
"gene_1947",0.373895909471457,0.540888284575499,0.706120475947127,0.0644881659139384
"gene_1948",198.869047511188,3.68667166382427e-45,2.1066695221853e-43,0.120653464594643
"gene_1949",0.48817727303026,0.484741509729439,0.659097401868429,0.0718612045729714
"gene_1950",5.86821498674442,0.0154166763462118,0.0564713419275159,0.114273096972138
"gene_1951",3.27876143436833,0.0701818739582069,0.184689141995281,0.0716267330221349
"gene_1952",20.0200780335076,7.66332835072857e-06,8.7580895436898e-05,0.105248243803176
"gene_1953",14.2957177489075,0.000156219860566039,0.00127094185253103,0.0519998032385584
"gene_1954",0.567618206084489,0.45120693311898,0.631058647718853,0.0535579036701301
"gene_1955",8.44722364772281,0.00365601138660318,0.0173270681829535,0.0651195781212797
"gene_1956",1.72812096631128,0.188651045500155,0.365318326909063,0.0812465212022899
"gene_1957",3.17183015966776,0.0749184517429792,0.193088793152008,0.974038612873322
"gene_1958",5.27444920033145,0.0216406335208022,0.0743172121600454,0.0788172857797078
"gene_1959",14.2873242742628,0.000156918010391698,0.00127094185253103,0.0647982688784864
"gene_1960",0.915095990388636,0.338765908234132,0.532650799110271,0.0602808278502786
"gene_1961",2.31319618752548,0.128280034704258,0.288918997081663,1.26610684187459
"gene_1962",3.36404005583188,0.0666344079091023,0.177592496645357,0.0713073841715259
"gene_1963",1.14394595214083,0.28482006939834,0.481397393507593,0.0586942315237249
"gene_1964",1.33187294749087,0.248472291650021,0.440163492736973,0.0781292778538397
"gene_1965",0.35324566601696,0.55228156266133,0.715854261388632,0.0527983994434443
"gene_1966",2.49824111720056,0.113973524120547,0.264439731138161,0.0703365923699747
"gene_1967",0.0889844364595547,0.765472226085934,0.873148701649297,0.10287919365797
"gene_1968",0.00538127474976591,0.941521897165502,0.975914217172641,0.16410988566075
"gene_1969",0.231720139269214,0.630251294121327,0.777282745674146,0.159632387437397
"gene_1970",0.325063438128154,0.56858047596965,0.728262355195475,0.574960419799545
"gene_1971",9.36444974550488,0.0022123440373271,0.0112874695781995,0.0445357304840961
"gene_1972",0.195609787647641,0.658288082861127,0.799378364130087,0.380422949182835
"gene_1973",5.4094881163229,0.0200275879528622,0.0697825364211228,0.1249058238784
"gene_1974",2.11716938262464,0.145655526367986,0.311562623247029,0.0575098669685573
"gene_1975",1.86432098028433,0.172126924445813,0.347361716936455,0.0451085494016207
"gene_1976",0.924691934876819,0.336246031645471,0.530775109148336,0.363684759573196
"gene_1977",0.106976284659027,0.743613207530904,0.858675759273561,0.0393670232421057
"gene_1978",0.534514517093612,0.464715022152353,0.643204182909831,0.27299475795937
"gene_1979",0.26189381886428,0.608822051122997,0.759059483157969,0.253630061568392
"gene_1980",1.74888629286585,0.186016802135999,0.363314066671874,0.875096207640397
"gene_1981",14.2776097658821,0.000157729964462922,0.00127094185253103,0.066683911501687
"gene_1982",1.54674629839428,0.213616418842907,0.397795938254947,0.171578028660907
"gene_1983",11.0648586250467,0.000879792974806277,0.00534828556113239,0.0920018887086912
"gene_1984",1.58176171831553,0.208507114605201,0.392299368965571,0.23688933288573
"gene_1985",281.456222526646,3.61628715283886e-63,2.67873122432508e-61,0.0765566271946518
"gene_1986",22.6723280221499,1.92114723630921e-06,2.49499641079118e-05,0.0640613078357733
"gene_1987",0.849240725601589,0.356767221563503,0.552271240810376,0.128612040730984
"gene_1988",0.493337366436208,0.482442346792891,0.657278401625192,0.0720349155409872
"gene_1989",0.48588317218406,0.485769497074748,0.659564829700948,0.207923717427677
"gene_1990",0.361373094870657,0.547744640994691,0.711356676616482,0.163447178300988
"gene_1991",0.00409017330889583,0.949006485975871,0.977853154019444,0.0548990601708191
"gene_1992",9.35968263260736,0.00221810550242314,0.0112880687146216,0.058531314394331
"gene_1993",2.05846643596669,0.1513624362334,0.318993543168387,0.0785381796836444
"gene_1994",1.92855111756091,0.164917047108142,0.338638700427396,0.0535702647135867
"gene_1995",2.12855559474031,0.144576936834685,0.309586588511103,0.073093899025951
"gene_1996",6.19969458184062,0.0127772359079059,0.0481251823273291,0.0460297209157519
"gene_1997",0.375694291289619,0.539916634922809,0.705312390493546,0.105418873654825
"gene_1998",9.09610799292329,0.00256153987689979,0.0127123567091801,0.0627171782494776
"gene_1999",3.28039590368076,0.0701120143133214,0.184689141995281,0.0468463957840413
