"gene","dispGeneEst","dispFit","dispMAP","dispersion"
"gene_0",0.119821331830101,0.18578485438563,0.124313641712623,0.124313641712623
"gene_1",0.129846536904764,0.18578485438563,0.133918594342227,0.133918594342227
"gene_2",0.0521643542510949,0.18578485438563,0.0570927975509393,0.0570927975509393
"gene_3",0.0477646774791709,0.18578485438563,0.0528047812264753,0.0528047812264753
"gene_4",0.0927250878286637,0.18578485438563,0.099657127479279,0.099657127479279
"gene_5",0.0762638780695587,0.18578485438563,0.0831027014000559,0.0831027014000559
"gene_6",0.052611733622535,0.18578485438563,0.0577672169675861,0.0577672169675861
"gene_7",0.0806424431678176,0.18578485438563,0.0867350679932023,0.0867350679932023
"gene_8",0.931965790990485,0.18578485438563,0.782881262651917,0.931965790990485
"gene_9",0.0844598091031729,0.18578485438563,0.0907741216569126,0.0907741216569126
"gene_10",0.042415887808917,0.18578485438563,0.0466434013930271,0.0466434013930271
"gene_11",0.0606367842445468,0.18578485438563,0.0659805126927751,0.0659805126927751
"gene_12",0.078486424453035,0.18578485438563,0.0843359655611504,0.0843359655611504
"gene_13",0.0301533067051607,0.18578485438563,0.0357028495176225,0.0357028495176225
"gene_14",0.419109972655903,0.18578485438563,0.389154779502258,0.389154779502258
"gene_15",0.0555963602641608,0.18578485438563,0.0589539463297218,0.0589539463297218
"gene_16",0.282065575213612,0.18578485438563,0.270001574180225,0.270001574180225
"gene_17",0.526762183938228,0.18578485438563,0.472852425956794,0.472852425956794
"gene_18",0.0516407876061017,0.18578485438563,0.0577360836063731,0.0577360836063731
"gene_19",0.15316500125815,0.18578485438563,0.155886567442981,0.155886567442981
"gene_20",0.0679438886166357,0.18578485438563,0.0748035351858839,0.0748035351858839
"gene_21",0.0529665395076702,0.18578485438563,0.0593007438792531,0.0593007438792531
"gene_22",0.0751012933705491,0.18578485438563,0.0816225498151967,0.0816225498151967
"gene_23",0.901342692992798,0.18578485438563,0.751417409898661,0.901342692992798
"gene_24",0.106385066383372,0.18578485438563,0.111252161297039,0.111252161297039
"gene_25",0.0507216021899178,0.18578485438563,0.0590507990677129,0.0590507990677129
"gene_26",0.0653812465019538,0.18578485438563,0.0713921728400137,0.0713921728400137
"gene_27",0.0931896046318997,0.18578485438563,0.0999639617581736,0.0999639617581736
"gene_28",0.0824259578236517,0.18578485438563,0.0887039606271692,0.0887039606271692
"gene_29",0.0863271094246438,0.18578485438563,0.0914359644439597,0.0914359644439597
"gene_30",0.033848722697538,0.18578485438563,0.0388258031307594,0.0388258031307594
"gene_31",0.0869026754335466,0.18578485438563,0.0941882970280767,0.0941882970280767
"gene_32",0.076184184407142,0.18578485438563,0.0825762138120923,0.0825762138120923
"gene_33",0.0614977122004604,0.18578485438563,0.0678669686290738,0.0678669686290738
"gene_34",0.209298902803833,0.18578485438563,0.206538072016042,0.206538072016042
"gene_35",0.160876181409128,0.18578485438563,0.162936126179357,0.162936126179357
"gene_36",0.256815218822494,0.18578485438563,0.246962179100971,0.246962179100971
"gene_37",0.131653934245524,0.18578485438563,0.135751418372838,0.135751418372838
"gene_38",0.28267082366061,0.18578485438563,0.27122520190353,0.27122520190353
"gene_39",1.06749358626705,0.18578485438563,0.784969379476869,1.06749358626705
"gene_40",0.0538932830174547,0.18578485438563,0.0607808664654449,0.0607808664654449
"gene_41",0.0521501627312326,0.18578485438563,0.0599671191703514,0.0599671191703514
"gene_42",0.151863786302401,0.18578485438563,0.154733866977067,0.154733866977067
"gene_43",0.0698018112232552,0.18578485438563,0.0751908474338419,0.0751908474338419
"gene_44",0.122664632267236,0.18578485438563,0.127645850669309,0.127645850669309
"gene_45",0.0363012272050469,0.18578485438563,0.0405129162533409,0.0405129162533409
"gene_46",0.189812382046038,0.18578485438563,0.189405415751988,0.189405415751988
"gene_47",0.0532194581595206,0.18578485438563,0.0595463702465591,0.0595463702465591
"gene_48",0.134741283669337,0.18578485438563,0.138958264481508,0.138958264481508
"gene_49",0.0695385458321117,0.18578485438563,0.0760657074051771,0.0760657074051771
"gene_50",0.0788697377957273,0.18578485438563,0.0858753110851975,0.0858753110851975
"gene_51",0.368414704709879,0.18578485438563,0.340703116872239,0.340703116872239
"gene_52",0.0932465180754977,0.18578485438563,0.0992716672048757,0.0992716672048757
"gene_53",0.811830602411802,0.18578485438563,0.666123578111611,0.811830602411802
"gene_54",0.0821736956182895,0.18578485438563,0.0883422289948205,0.0883422289948205
"gene_55",0.0897450980916358,0.18578485438563,0.093913858440715,0.093913858440715
"gene_56",0.777236890013085,0.18578485438563,0.653157304955121,0.777236890013085
"gene_57",0.195116656103645,0.18578485438563,0.193581590371924,0.193581590371924
"gene_58",0.106073906186698,0.18578485438563,0.111241379089626,0.111241379089626
"gene_59",0.0624350990341242,0.18578485438563,0.0686110992706457,0.0686110992706457
"gene_60",0.103921327462977,0.18578485438563,0.109444642445811,0.109444642445811
"gene_61",0.1152971513559,0.18578485438563,0.120436713701938,0.120436713701938
"gene_62",0.071665428641106,0.18578485438563,0.0802949145412402,0.0802949145412402
"gene_63",0.127701708318109,0.18578485438563,0.131978874352032,0.131978874352032
"gene_64",0.0477654707433069,0.18578485438563,0.054121653966929,0.054121653966929
"gene_65",0.0593357080717385,0.18578485438563,0.0640665157093811,0.0640665157093811
"gene_66",0.123938189039262,0.18578485438563,0.127114970231533,0.127114970231533
"gene_67",0.148066503474201,0.18578485438563,0.152104940126476,0.152104940126476
"gene_68",0.167946338527586,0.18578485438563,0.169454001290285,0.169454001290285
"gene_69",0.914481528012566,0.18578485438563,0.744325137019575,0.914481528012566
"gene_70",0.120981720018991,0.18578485438563,0.12552065976359,0.12552065976359
"gene_71",0.0479462310957183,0.18578485438563,0.0545419178880525,0.0545419178880525
"gene_72",0.0485989250801321,0.18578485438563,0.0544518990196845,0.0544518990196845
"gene_73",0.198278645633625,0.18578485438563,0.196983184793175,0.196983184793175
"gene_74",0.0547887131814134,0.18578485438563,0.0610623072225999,0.0610623072225999
"gene_75",0.349323550264161,0.18578485438563,0.327424642728708,0.327424642728708
"gene_76",0.091817010407196,0.18578485438563,0.0991231062483889,0.0991231062483889
"gene_77",0.133385182267417,0.18578485438563,0.137135863312155,0.137135863312155
"gene_78",0.0860262035070888,0.18578485438563,0.091580138149398,0.091580138149398
"gene_79",0.0884968293901337,0.18578485438563,0.0944000064886913,0.0944000064886913
"gene_80",0.148864202978714,0.18578485438563,0.151873034204584,0.151873034204584
"gene_81",0.0564330057955846,0.18578485438563,0.0607453786737146,0.0607453786737146
"gene_82",0.053245697012916,0.18578485438563,0.06134914873485,0.06134914873485
"gene_83",0.0580897033504878,0.18578485438563,0.0640613702101338,0.0640613702101338
"gene_84",0.0551784802651329,0.18578485438563,0.0627234188497143,0.0627234188497143
"gene_85",0.064674543562324,0.18578485438563,0.0707834933996032,0.0707834933996032
"gene_86",0.117034098739054,0.18578485438563,0.121919353867979,0.121919353867979
"gene_87",0.0487709826216726,0.18578485438563,0.0552458419107663,0.0552458419107663
"gene_88",0.0397962180257826,0.18578485438563,0.0440808661161613,0.0440808661161613
"gene_89",0.128785174771275,0.18578485438563,0.134460298816062,0.134460298816062
"gene_90",0.227549235784689,0.18578485438563,0.225416563436004,0.225416563436004
"gene_91",0.0466602738980499,0.18578485438563,0.0554634341216846,0.0554634341216846
"gene_92",0.0515030259775114,0.18578485438563,0.0571305434113414,0.0571305434113414
"gene_93",0.132999388895909,0.18578485438563,0.137648692900573,0.137648692900573
"gene_94",0.0560492584480923,0.18578485438563,0.0607248582699719,0.0607248582699719
"gene_95",0.0806398937573398,0.18578485438563,0.0863269597799988,0.0863269597799988
"gene_96",0.0578597421982959,0.18578485438563,0.0649248713140258,0.0649248713140258
"gene_97",0.0739933916757017,0.18578485438563,0.0808254753801258,0.0808254753801258
"gene_98",1.0399310137805,0.18578485438563,0.861151948417854,1.0399310137805
"gene_99",0.0549730066381063,0.18578485438563,0.0625026597238583,0.0625026597238583
"gene_100",0.0506452043024871,0.18578485438563,0.0563648779967903,0.0563648779967903
"gene_101",0.233571410739976,0.18578485438563,0.228614595796344,0.228614595796344
"gene_102",0.295283140599765,0.18578485438563,0.281794878309509,0.281794878309509
"gene_103",0.0671127998759976,0.18578485438563,0.0741764121168783,0.0741764121168783
"gene_104",0.108217652087989,0.18578485438563,0.115536690237399,0.115536690237399
"gene_105",0.074444284524697,0.18578485438563,0.0807703090121235,0.0807703090121235
"gene_106",0.124336505916131,0.18578485438563,0.129113488385709,0.129113488385709
"gene_107",0.681639309601817,0.18578485438563,0.593794597410741,0.593794597410741
"gene_108",0.0555955249184174,0.18578485438563,0.0597187982643451,0.0597187982643451
"gene_109",0.0796813376718494,0.18578485438563,0.0857274517255343,0.0857274517255343
"gene_110",0.0585661851082416,0.18578485438563,0.0645673336966182,0.0645673336966182
"gene_111",0.0392625654636545,0.18578485438563,0.0437530026349759,0.0437530026349759
"gene_112",0.0400490401323914,0.18578485438563,0.0471901917462235,0.0471901917462235
"gene_113",0.0510238953469797,0.18578485438563,0.0549174329541418,0.0549174329541418
"gene_114",0.572861812600564,0.18578485438563,0.505231828457652,0.505231828457652
"gene_115",0.0668761771859439,0.18578485438563,0.0724875208400643,0.0724875208400643
"gene_116",0.0494392088343923,0.18578485438563,0.0546193187184548,0.0546193187184548
"gene_117",0.111777676725415,0.18578485438563,0.113582572082664,0.113582572082664
"gene_118",0.262742829636042,0.18578485438563,0.254130900977374,0.254130900977374
"gene_119",0.0661615507004306,0.18578485438563,0.0719636012917801,0.0719636012917801
"gene_120",0.05230759087519,0.18578485438563,0.0625009342493808,0.0625009342493808
"gene_121",0.0402103098257113,0.18578485438563,0.0461996369161353,0.0461996369161353
"gene_122",0.0573739559402319,0.18578485438563,0.0636154743047189,0.0636154743047189
"gene_123",0.108960257724862,0.18578485438563,0.116303103981208,0.116303103981208
"gene_124",0.0729822471736342,0.18578485438563,0.0769256068847975,0.0769256068847975
"gene_125",0.126400114596545,0.18578485438563,0.132354837951922,0.132354837951922
"gene_126",0.0449846350705636,0.18578485438563,0.0526300456021491,0.0526300456021491
"gene_127",0.0643038019976171,0.18578485438563,0.0686337063974698,0.0686337063974698
"gene_128",0.0436007600337246,0.18578485438563,0.0488390221189706,0.0488390221189706
"gene_129",0.0510804673282151,0.18578485438563,0.0559712862552808,0.0559712862552808
"gene_130",0.0652439058319478,0.18578485438563,0.0724092388464737,0.0724092388464737
"gene_131",0.0424746095497913,0.18578485438563,0.0483534170682544,0.0483534170682544
"gene_132",0.077362356643426,0.18578485438563,0.083718901117995,0.083718901117995
"gene_133",0.116055989821798,0.18578485438563,0.121220964676605,0.121220964676605
"gene_134",1.27792332533583,0.18578485438563,1.0769848109216,1.27792332533583
"gene_135",0.195049282508547,0.18578485438563,0.194135455960273,0.194135455960273
"gene_136",0.0882934361634931,0.18578485438563,0.0943446567754526,0.0943446567754526
"gene_137",0.0556126689853593,0.18578485438563,0.0642560108945849,0.0642560108945849
"gene_138",0.91718163002281,0.18578485438563,0.764369147057286,0.91718163002281
"gene_139",0.312880374860753,0.18578485438563,0.296728535861011,0.296728535861011
"gene_140",0.0624915094523524,0.18578485438563,0.0683105660480432,0.0683105660480432
"gene_141",0.0609557645899876,0.18578485438563,0.0668127688418938,0.0668127688418938
"gene_142",0.0515219916859403,0.18578485438563,0.0588545325423311,0.0588545325423311
"gene_143",0.198666309436832,0.18578485438563,0.197295027217901,0.197295027217901
"gene_144",0.0425175136038458,0.18578485438563,0.0482196144279606,0.0482196144279606
"gene_145",0.597859237395515,0.18578485438563,0.531137097423867,0.531137097423867
"gene_146",0.0798656444116305,0.18578485438563,0.0864827367607052,0.0864827367607052
"gene_147",0.073368593807862,0.18578485438563,0.0817547408304795,0.0817547408304795
"gene_148",0.284813150938446,0.18578485438563,0.275725883448628,0.275725883448628
"gene_149",0.0423021272059567,0.18578485438563,0.0484275005512849,0.0484275005512849
"gene_150",0.304106580219557,0.18578485438563,0.289953631683233,0.289953631683233
"gene_151",0.0776200950186766,0.18578485438563,0.0837211802754593,0.0837211802754593
"gene_152",0.518499522556854,0.18578485438563,0.474241670093869,0.474241670093869
"gene_153",0.0505979123345311,0.18578485438563,0.0576978715764671,0.0576978715764671
"gene_154",0.232648051772885,0.18578485438563,0.227519784001843,0.227519784001843
"gene_155",0.0389449326032308,0.18578485438563,0.0457990812790892,0.0457990812790892
"gene_156",0.149288188651686,0.18578485438563,0.152599692419208,0.152599692419208
"gene_157",0.127736213071078,0.18578485438563,0.132475572539213,0.132475572539213
"gene_158",0.0700836707053861,0.18578485438563,0.0695072032075841,0.0695072032075841
"gene_159",0.07547178805516,0.18578485438563,0.0822562435760483,0.0822562435760483
"gene_160",0.13738304737834,0.18578485438563,0.141218452910852,0.141218452910852
"gene_161",0.0538642148679898,0.18578485438563,0.0596855887065542,0.0596855887065542
"gene_162",0.285006195614621,0.18578485438563,0.274786087560413,0.274786087560413
"gene_163",0.0825276384252676,0.18578485438563,0.0890094873123818,0.0890094873123818
"gene_164",0.0931262454650251,0.18578485438563,0.100572758285873,0.100572758285873
"gene_165",0.046738923928331,0.18578485438563,0.0575838644151216,0.0575838644151216
"gene_166",0.0503180380033239,0.18578485438563,0.0605859918789511,0.0605859918789511
"gene_167",0.0665295189648147,0.18578485438563,0.0698541427392291,0.0698541427392291
"gene_168",0.054265093563597,0.18578485438563,0.06049410674005,0.06049410674005
"gene_169",0.238120943056118,0.18578485438563,0.234109658577114,0.234109658577114
"gene_170",0.241108939251212,0.18578485438563,0.233700330693466,0.233700330693466
"gene_171",0.0902527547294646,0.18578485438563,0.0968559090011812,0.0968559090011812
"gene_172",0.0417311183349905,0.18578485438563,0.050423463026505,0.050423463026505
"gene_173",0.224736276427228,0.18578485438563,0.220756695927278,0.220756695927278
"gene_174",0.0549030997436224,0.18578485438563,0.0628832540046381,0.0628832540046381
"gene_175",0.0731526354533729,0.18578485438563,0.0799182474992707,0.0799182474992707
"gene_176",0.107783468015991,0.18578485438563,0.115767917878503,0.115767917878503
"gene_177",0.0943585861026563,0.18578485438563,0.100337519297296,0.100337519297296
"gene_178",0.0696241401041915,0.18578485438563,0.0761247292436809,0.0761247292436809
"gene_179",0.0623640608107995,0.18578485438563,0.0690796693372064,0.0690796693372064
"gene_180",0.0540511875765637,0.18578485438563,0.0600749073552892,0.0600749073552892
"gene_181",0.0528358538158495,0.18578485438563,0.0592271067990128,0.0592271067990128
"gene_182",0.0557275879340348,0.18578485438563,0.0615978755703247,0.0615978755703247
"gene_183",0.080996296203993,0.18578485438563,0.087014212302866,0.087014212302866
"gene_184",0.454448016212714,0.18578485438563,0.411931093085791,0.411931093085791
"gene_185",0.0540471041670774,0.18578485438563,0.0600463909308168,0.0600463909308168
"gene_186",0.0533241053732034,0.18578485438563,0.0582670689258902,0.0582670689258902
"gene_187",0.0803118933801945,0.18578485438563,0.0865370363401914,0.0865370363401914
"gene_188",0.123731903056356,0.18578485438563,0.128513333081395,0.128513333081395
"gene_189",0.0619336613451735,0.18578485438563,0.0672689930203137,0.0672689930203137
"gene_190",0.45841816709971,0.18578485438563,0.41423666977736,0.41423666977736
"gene_191",0.0450508682479085,0.18578485438563,0.0531178303120481,0.0531178303120481
"gene_192",0.147736902697095,0.18578485438563,0.151247973157051,0.151247973157051
"gene_193",0.315127325228907,0.18578485438563,0.299500003516268,0.299500003516268
"gene_194",0.0516858874838472,0.18578485438563,0.055992057197885,0.055992057197885
"gene_195",0.122319175100458,0.18578485438563,0.127320643949428,0.127320643949428
"gene_196",0.230147479760742,0.18578485438563,0.225004962926147,0.225004962926147
"gene_197",0.195433607385495,0.18578485438563,0.194173326095622,0.194173326095622
"gene_198",0.0495698708214343,0.18578485438563,0.0561879662935581,0.0561879662935581
"gene_199",0.0500887039077884,0.18578485438563,0.0573362090767175,0.0573362090767175
"gene_200",0.340179978900855,0.18578485438563,0.319959917405513,0.319959917405513
"gene_201",0.305429961304505,0.18578485438563,0.289260085989504,0.289260085989504
"gene_202",0.0566632497242351,0.18578485438563,0.0633588893689643,0.0633588893689643
"gene_203",0.184506422462878,0.18578485438563,0.184557707488568,0.184557707488568
"gene_204",0.175558278472564,0.18578485438563,0.176525324957818,0.176525324957818
"gene_205",0.0847117230637079,0.18578485438563,0.0909267370335012,0.0909267370335012
"gene_206",1.23473686506581,0.18578485438563,1.01162705373512,1.23473686506581
"gene_207",0.520913260437103,0.18578485438563,0.457080196197849,0.457080196197849
"gene_208",0.0696847420533395,0.18578485438563,0.0758584135869548,0.0758584135869548
"gene_209",0.897910315821713,0.18578485438563,0.744991482173338,0.897910315821713
"gene_210",0.0936109201191123,0.18578485438563,0.0997961108866509,0.0997961108866509
"gene_211",0.132441248326431,0.18578485438563,0.136673556556598,0.136673556556598
"gene_212",0.0549506289441547,0.18578485438563,0.0619070607773291,0.0619070607773291
"gene_213",0.158513819933662,0.18578485438563,0.161126759937996,0.161126759937996
"gene_214",0.295731850440346,0.18578485438563,0.284555565864805,0.284555565864805
"gene_215",0.141469588502713,0.18578485438563,0.144805382334365,0.144805382334365
"gene_216",0.0832687027706557,0.18578485438563,0.089186446563573,0.089186446563573
"gene_217",0.136301390065074,0.18578485438563,0.141402413438266,0.141402413438266
"gene_218",0.0760661220677003,0.18578485438563,0.0817559477094856,0.0817559477094856
"gene_219",0.0643653965256128,0.18578485438563,0.0707606704685384,0.0707606704685384
"gene_220",0.0715082737041823,0.18578485438563,0.0780591864186776,0.0780591864186776
"gene_221",0.0535198969176246,0.18578485438563,0.0614718007004643,0.0614718007004643
"gene_222",0.0393903417976572,0.18578485438563,0.0449071527284695,0.0449071527284695
"gene_223",0.412840461504027,0.18578485438563,0.384580326122104,0.384580326122104
"gene_224",0.231072492040413,0.18578485438563,0.226522756884906,0.226522756884906
"gene_225",0.371907683210864,0.18578485438563,0.34793792389595,0.34793792389595
"gene_226",0.05086152541322,0.18578485438563,0.0569169239482993,0.0569169239482993
"gene_227",0.0840487830238142,0.18578485438563,0.0875131715470568,0.0875131715470568
"gene_228",0.392539548483169,0.18578485438563,0.365109537753385,0.365109537753385
"gene_229",0.121520696013333,0.18578485438563,0.126249480861344,0.126249480861344
"gene_230",0.0605216403718721,0.18578485438563,0.0666636944190664,0.0666636944190664
"gene_231",0.184507802731535,0.18578485438563,0.184568992839845,0.184568992839845
"gene_232",0.158335294122833,0.18578485438563,0.160854231352436,0.160854231352436
"gene_233",0.292021878848211,0.18578485438563,0.275952949916832,0.275952949916832
"gene_234",0.18412514142226,0.18578485438563,0.184363443476051,0.184363443476051
"gene_235",0.0486814639272626,0.18578485438563,0.0552191604232978,0.0552191604232978
"gene_236",0.841091568044416,0.18578485438563,0.712210685840796,0.841091568044416
"gene_237",0.0767901339587699,0.18578485438563,0.0826919644592847,0.0826919644592847
"gene_238",0.134374794859823,0.18578485438563,0.139160356907429,0.139160356907429
"gene_239",0.0619527651148477,0.18578485438563,0.0677264185954857,0.0677264185954857
"gene_240",0.065952951664283,0.18578485438563,0.0723602731928868,0.0723602731928868
"gene_241",0.0439812687201585,0.18578485438563,0.0521919645557253,0.0521919645557253
"gene_242",0.0558023393909028,0.18578485438563,0.0623843227912707,0.0623843227912707
"gene_243",0.281944468968514,0.18578485438563,0.269461752051524,0.269461752051524
"gene_244",0.0600208326715789,0.18578485438563,0.0641371843783039,0.0641371843783039
"gene_245",0.0571705386176501,0.18578485438563,0.064443283316462,0.064443283316462
"gene_246",0.824768113457343,0.18578485438563,0.679463554777146,0.824768113457343
"gene_247",0.0559378562021071,0.18578485438563,0.0620636414413456,0.0620636414413456
"gene_248",0.0529327121144218,0.18578485438563,0.0595577629783817,0.0595577629783817
"gene_249",0.0597421514400516,0.18578485438563,0.0655667301939158,0.0655667301939158
"gene_250",0.0641574795712004,0.18578485438563,0.0714311276769366,0.0714311276769366
"gene_251",0.284889656798019,0.18578485438563,0.271194693719709,0.271194693719709
"gene_252",0.074701102694186,0.18578485438563,0.0806297187388973,0.0806297187388973
"gene_253",0.128560224968998,0.18578485438563,0.13047772209683,0.13047772209683
"gene_254",0.516554314605445,0.18578485438563,0.463549803654367,0.463549803654367
"gene_255",0.328162245004838,0.18578485438563,0.310226971433298,0.310226971433298
"gene_256",0.36435757433397,0.18578485438563,0.338115681630207,0.338115681630207
"gene_257",0.785054058399291,0.18578485438563,0.63285926655325,0.785054058399291
"gene_258",0.05607139185776,0.18578485438563,0.0604813622399069,0.0604813622399069
"gene_259",0.0664374559532131,0.18578485438563,0.0735432980348271,0.0735432980348271
"gene_260",0.739379956579818,0.18578485438563,0.64087369929394,0.739379956579818
"gene_261",0.0586590440042087,0.18578485438563,0.0649106462551218,0.0649106462551218
"gene_262",0.0471214249181434,0.18578485438563,0.0529968820042621,0.0529968820042621
"gene_263",0.253139652163171,0.18578485438563,0.244653724527047,0.244653724527047
"gene_264",0.185133844530285,0.18578485438563,0.185231941822641,0.185231941822641
"gene_265",0.141246433906956,0.18578485438563,0.144978422475989,0.144978422475989
"gene_266",0.0482603192144911,0.18578485438563,0.0583777591047421,0.0583777591047421
"gene_267",0.0766546213811403,0.18578485438563,0.0826734990000978,0.0826734990000978
"gene_268",0.162560489427555,0.18578485438563,0.164699426248726,0.164699426248726
"gene_269",0.0469734951647526,0.18578485438563,0.0537437454358695,0.0537437454358695
"gene_270",0.0581012358880824,0.18578485438563,0.0661618376961467,0.0661618376961467
"gene_271",0.180610824862619,0.18578485438563,0.181073046843521,0.181073046843521
"gene_272",0.123502886122829,0.18578485438563,0.129248750553426,0.129248750553426
"gene_273",0.474129431509665,0.18578485438563,0.422281849236791,0.422281849236791
"gene_274",0.0803985328702873,0.18578485438563,0.0869297741362814,0.0869297741362814
"gene_275",0.139282637678109,0.18578485438563,0.143316150515678,0.143316150515678
"gene_276",0.111506369614942,0.18578485438563,0.117015104242471,0.117015104242471
"gene_277",0.159461162156233,0.18578485438563,0.161789916286622,0.161789916286622
"gene_278",0.0475225876156825,0.18578485438563,0.0532400471313394,0.0532400471313394
"gene_279",0.05106067189908,0.18578485438563,0.0620702415780248,0.0620702415780248
"gene_280",0.0389787335823942,0.18578485438563,0.0452782914817153,0.0452782914817153
"gene_281",0.052412728996167,0.18578485438563,0.0586746233333556,0.0586746233333556
"gene_282",0.238723949931328,0.18578485438563,0.232308784552065,0.232308784552065
"gene_283",0.0659036143567892,0.18578485438563,0.0746338946693461,0.0746338946693461
"gene_284",0.187292824010751,0.18578485438563,0.187244398506755,0.187244398506755
"gene_285",0.185066632089244,0.18578485438563,0.18515275351462,0.18515275351462
"gene_286",0.158167237857297,0.18578485438563,0.160459410693388,0.160459410693388
"gene_287",0.0518819321540594,0.18578485438563,0.0615105527576885,0.0615105527576885
"gene_288",0.0801665952963341,0.18578485438563,0.086192827120557,0.086192827120557
"gene_289",0.0466466086115971,0.18578485438563,0.0547489187805485,0.0547489187805485
"gene_290",0.0783231008730891,0.18578485438563,0.0862008190072172,0.0862008190072172
"gene_291",0.0727624855145449,0.18578485438563,0.0796057720574389,0.0796057720574389
"gene_292",0.722493630565727,0.18578485438563,0.563686036073664,0.722493630565727
"gene_293",0.090803129501361,0.18578485438563,0.0966377029678191,0.0966377029678191
"gene_294",0.0972081847142498,0.18578485438563,0.103236252132728,0.103236252132728
"gene_295",0.424601709954491,0.18578485438563,0.390809445835333,0.390809445835333
"gene_296",0.0598117870518054,0.18578485438563,0.0665410113213208,0.0665410113213208
"gene_297",0.0461174030820235,0.18578485438563,0.052905597246963,0.052905597246963
"gene_298",0.720173445567304,0.18578485438563,0.634804085664624,0.720173445567304
"gene_299",0.0796890174890281,0.18578485438563,0.0870251073852387,0.0870251073852387
"gene_300",0.172025185916172,0.18578485438563,0.173335310531106,0.173335310531106
"gene_301",0.161416844826591,0.18578485438563,0.163460506983107,0.163460506983107
"gene_302",0.151974422068921,0.18578485438563,0.154967920033521,0.154967920033521
"gene_303",0.386328181769192,0.18578485438563,0.359146635382932,0.359146635382932
"gene_304",0.0547521787078441,0.18578485438563,0.0622581585336845,0.0622581585336845
"gene_305",0.106496933225183,0.18578485438563,0.113400262273178,0.113400262273178
"gene_306",0.0508630742732432,0.18578485438563,0.0570247842414426,0.0570247842414426
"gene_307",0.086239509227456,0.18578485438563,0.0925142074479436,0.0925142074479436
"gene_308",0.137835290684531,0.18578485438563,0.142611443706167,0.142611443706167
"gene_309",0.0610554045537489,0.18578485438563,0.0661872510069889,0.0661872510069889
"gene_310",0.0266489855451375,0.18578485438563,0.0318208912194266,0.0318208912194266
"gene_311",0.836270746730452,0.18578485438563,0.682945617814696,0.836270746730452
"gene_312",0.0515176217457128,0.18578485438563,0.0564878550482834,0.0564878550482834
"gene_313",1.12296181264868,0.18578485438563,0.898106749800509,1.12296181264868
"gene_314",0.156899739926149,0.18578485438563,0.159320868765135,0.159320868765135
"gene_315",0.0728102334624499,0.18578485438563,0.0775271685420489,0.0775271685420489
"gene_316",0.0939540293076362,0.18578485438563,0.099788604541556,0.099788604541556
"gene_317",0.994786369478919,0.18578485438563,0.809032955601219,0.994786369478919
"gene_318",0.417126419710691,0.18578485438563,0.380349623320363,0.380349623320363
"gene_319",0.109971632922348,0.18578485438563,0.115449647873043,0.115449647873043
"gene_320",0.0699863975416156,0.18578485438563,0.0751379726388788,0.0751379726388788
"gene_321",0.13576964025136,0.18578485438563,0.139106328031375,0.139106328031375
"gene_322",0.056967725911801,0.18578485438563,0.0662415421041543,0.0662415421041543
"gene_323",0.0610361040321578,0.18578485438563,0.069111473899323,0.069111473899323
"gene_324",1.08715808034654,0.18578485438563,0.879176622155932,1.08715808034654
"gene_325",0.197755841854174,0.18578485438563,0.195247315830009,0.195247315830009
"gene_326",0.0721786816181458,0.18578485438563,0.0781061571621199,0.0781061571621199
"gene_327",0.0562131460039888,0.18578485438563,0.064371333429774,0.064371333429774
"gene_328",0.0630744511318411,0.18578485438563,0.0714335769452783,0.0714335769452783
"gene_329",0.0522717960960672,0.18578485438563,0.059468676547996,0.059468676547996
"gene_330",0.0380534901489292,0.18578485438563,0.042968516696,0.042968516696
"gene_331",0.100026940761733,0.18578485438563,0.106975642886736,0.106975642886736
"gene_332",0.0499372665229799,0.18578485438563,0.0572678378584336,0.0572678378584336
"gene_333",0.0367799833438495,0.18578485438563,0.0441087912804263,0.0441087912804263
"gene_334",0.0595174971721956,0.18578485438563,0.0664014942855327,0.0664014942855327
"gene_335",0.311934041197824,0.18578485438563,0.295433206318475,0.295433206318475
"gene_336",0.0913121523402164,0.18578485438563,0.0978655705004601,0.0978655705004601
"gene_337",0.0505228929933958,0.18578485438563,0.0529411374121019,0.0529411374121019
"gene_338",0.180635231826433,0.18578485438563,0.181110484451119,0.181110484451119
"gene_339",0.106001209283716,0.18578485438563,0.11118966895241,0.11118966895241
"gene_340",1.03793255016536,0.18578485438563,0.89066115744838,1.03793255016536
"gene_341",0.151911389964757,0.18578485438563,0.15488779941662,0.15488779941662
"gene_342",0.400019910816671,0.18578485438563,0.364814314010802,0.364814314010802
"gene_343",0.033153789153666,0.18578485438563,0.0398929738028331,0.0398929738028331
"gene_344",0.0396593783179583,0.18578485438563,0.0451147855853647,0.0451147855853647
"gene_345",0.0645013970425818,0.18578485438563,0.0708150242559028,0.0708150242559028
"gene_346",0.0774283162151689,0.18578485438563,0.0853352845734723,0.0853352845734723
"gene_347",0.421791000362001,0.18578485438563,0.38904342193297,0.38904342193297
"gene_348",0.0454685775852557,0.18578485438563,0.0520286566350801,0.0520286566350801
"gene_349",0.113000182778783,0.18578485438563,0.118137770683009,0.118137770683009
"gene_350",0.140078788623854,0.18578485438563,0.144522602463884,0.144522602463884
"gene_351",0.0744062077334923,0.18578485438563,0.080205599838778,0.080205599838778
"gene_352",0.0647053007748151,0.18578485438563,0.0678056723457882,0.0678056723457882
"gene_353",0.0513593232548255,0.18578485438563,0.0562954931328447,0.0562954931328447
"gene_354",0.308381577455064,0.18578485438563,0.292910595870023,0.292910595870023
"gene_355",0.0970339234392609,0.18578485438563,0.104111369667499,0.104111369667499
"gene_356",0.0433164257483018,0.18578485438563,0.0491581079358796,0.0491581079358796
"gene_357",0.889223241275568,0.18578485438563,0.748268477696831,0.889223241275568
"gene_358",0.0619654230808217,0.18578485438563,0.0683438026614626,0.0683438026614626
"gene_359",0.0568896116777972,0.18578485438563,0.0633864505349729,0.0633864505349729
"gene_360",0.0625071878888486,0.18578485438563,0.0685395052324194,0.0685395052324194
"gene_361",0.0842999456332734,0.18578485438563,0.090666142282073,0.090666142282073
"gene_362",0.0662835359790137,0.18578485438563,0.0723081417542218,0.0723081417542218
"gene_363",0.0449357958286704,0.18578485438563,0.0513239701179267,0.0513239701179267
"gene_364",0.0822215288164063,0.18578485438563,0.088734211778602,0.088734211778602
"gene_365",0.0551691327309885,0.18578485438563,0.0620146429085855,0.0620146429085855
"gene_366",0.0419251755038259,0.18578485438563,0.0509356169614221,0.0509356169614221
"gene_367",0.0512799198218004,0.18578485438563,0.0580410303821831,0.0580410303821831
"gene_368",0.0940698018597217,0.18578485438563,0.0999897513408043,0.0999897513408043
"gene_369",0.0438709439652505,0.18578485438563,0.0516698092858627,0.0516698092858627
"gene_370",0.174724806150596,0.18578485438563,0.175988586404112,0.175988586404112
"gene_371",0.0797719840500176,0.18578485438563,0.0858390511618396,0.0858390511618396
"gene_372",0.055870430607239,0.18578485438563,0.0621285160158139,0.0621285160158139
"gene_373",0.0686436214467846,0.18578485438563,0.074396038415622,0.074396038415622
"gene_374",0.0451180292207274,0.18578485438563,0.0506533943797355,0.0506533943797355
"gene_375",0.0677060636757875,0.18578485438563,0.0729637618821463,0.0729637618821463
"gene_376",0.0501732017499684,0.18578485438563,0.0591301395412714,0.0591301395412714
"gene_377",0.0703300482426419,0.18578485438563,0.0765097040406856,0.0765097040406856
"gene_378",0.0539676251661225,0.18578485438563,0.0626479426912229,0.0626479426912229
"gene_379",0.0665318501215321,0.18578485438563,0.0726870268364705,0.0726870268364705
"gene_380",0.0561805634499575,0.18578485438563,0.0624934654436579,0.0624934654436579
"gene_381",0.0495480701358631,0.18578485438563,0.0563045398255518,0.0563045398255518
"gene_382",0.0577563303039432,0.18578485438563,0.0632460014106632,0.0632460014106632
"gene_383",0.162541426236394,0.18578485438563,0.162829085891007,0.162829085891007
"gene_384",0.172271212245258,0.18578485438563,0.172320886386341,0.172320886386341
"gene_385",0.0442792126243983,0.18578485438563,0.0508894188840604,0.0508894188840604
"gene_386",0.131766229553654,0.18578485438563,0.136141992663491,0.136141992663491
"gene_387",0.54604225144427,0.18578485438563,0.472973127049272,0.472973127049272
"gene_388",0.127400729239937,0.18578485438563,0.132014367212979,0.132014367212979
"gene_389",0.0496414766007119,0.18578485438563,0.053574561687683,0.053574561687683
"gene_390",0.0618981424387188,0.18578485438563,0.06871451963606,0.06871451963606
"gene_391",0.0609942796167708,0.18578485438563,0.0684778506575039,0.0684778506575039
"gene_392",0.117141192193405,0.18578485438563,0.124248316769435,0.124248316769435
"gene_393",0.121734228894254,0.18578485438563,0.127103530087268,0.127103530087268
"gene_394",0.0352302304530873,0.18578485438563,0.0405728589786113,0.0405728589786113
"gene_395",1.06060676962847,0.18578485438563,0.852479764688371,1.06060676962847
"gene_396",0.058338792721869,0.18578485438563,0.0613520392307829,0.0613520392307829
"gene_397",0.271731140427358,0.18578485438563,0.262746476571121,0.262746476571121
"gene_398",0.119092264003495,0.18578485438563,0.122421426565304,0.122421426565304
"gene_399",0.0578711969824766,0.18578485438563,0.063914902152418,0.063914902152418
"gene_400",1.36635626244477,0.18578485438563,1.07276124260931,1.36635626244477
"gene_401",0.112421680135007,0.18578485438563,0.119045990395683,0.119045990395683
"gene_402",0.103524660567596,0.18578485438563,0.1096341202628,0.1096341202628
"gene_403",0.961509151969983,0.18578485438563,0.780641235675359,0.961509151969983
"gene_404",0.0534194495384506,0.18578485438563,0.0597296433244161,0.0597296433244161
"gene_405",0.228841643440841,0.18578485438563,0.224348363740608,0.224348363740608
"gene_406",0.0586495254390053,0.18578485438563,0.0653061589855959,0.0653061589855959
"gene_407",0.135496961551786,0.18578485438563,0.140099366628989,0.140099366628989
"gene_408",0.0423321589588597,0.18578485438563,0.0495568609735412,0.0495568609735412
"gene_409",0.0597933478067345,0.18578485438563,0.0662490452748271,0.0662490452748271
"gene_410",0.0584278386967191,0.18578485438563,0.0647673504710102,0.0647673504710102
"gene_411",0.276523921098822,0.18578485438563,0.265806562005991,0.265806562005991
"gene_412",0.0781246463005437,0.18578485438563,0.0812683418569128,0.0812683418569128
"gene_413",0.241445706015245,0.18578485438563,0.234844351526028,0.234844351526028
"gene_414",0.0572838826164601,0.18578485438563,0.0632256929267854,0.0632256929267854
"gene_415",0.22793606726921,0.18578485438563,0.221630241495444,0.221630241495444
"gene_416",0.091754846662076,0.18578485438563,0.0988647848178803,0.0988647848178803
"gene_417",0.0691013138150167,0.18578485438563,0.0756175855645445,0.0756175855645445
"gene_418",0.169576991163461,0.18578485438563,0.171054048532723,0.171054048532723
"gene_419",0.0434708019844023,0.18578485438563,0.049124603080084,0.049124603080084
"gene_420",0.418285987580051,0.18578485438563,0.381263852750484,0.381263852750484
"gene_421",0.241910345376564,0.18578485438563,0.236091931222252,0.236091931222252
"gene_422",0.0567382078764831,0.18578485438563,0.0631676132490178,0.0631676132490178
"gene_423",0.0782054157271761,0.18578485438563,0.0843130455628855,0.0843130455628855
"gene_424",0.0581393107011086,0.18578485438563,0.0641990624380615,0.0641990624380615
"gene_425",0.0710488386122515,0.18578485438563,0.0784367705511317,0.0784367705511317
"gene_426",0.114708915515711,0.18578485438563,0.12095624095552,0.12095624095552
"gene_427",0.058258239281746,0.18578485438563,0.0624756528387686,0.0624756528387686
"gene_428",0.121560985015331,0.18578485438563,0.126501984325307,0.126501984325307
"gene_429",0.0641343766846615,0.18578485438563,0.0700279139920653,0.0700279139920653
"gene_430",1.09244135884015,0.18578485438563,0.86781973315111,1.09244135884015
"gene_431",0.155143121607384,0.18578485438563,0.156614919190936,0.156614919190936
"gene_432",1.34868511333647,0.18578485438563,1.05321341113064,1.34868511333647
"gene_433",0.225865737577492,0.18578485438563,0.221855797802555,0.221855797802555
"gene_434",0.0709633383018117,0.18578485438563,0.077929956686281,0.077929956686281
"gene_435",0.137278356273993,0.18578485438563,0.141151950912971,0.141151950912971
"gene_436",0.132965889169823,0.18578485438563,0.1370878185911,0.1370878185911
"gene_437",0.136432352784157,0.18578485438563,0.140582379127744,0.140582379127744
"gene_438",0.127157457881024,0.18578485438563,0.132052195502421,0.132052195502421
"gene_439",0.0537046688722224,0.18578485438563,0.0596898651024775,0.0596898651024775
"gene_440",0.0458129493025696,0.18578485438563,0.0517415247866602,0.0517415247866602
"gene_441",0.164570606837251,0.18578485438563,0.166661103793338,0.166661103793338
"gene_442",0.0471566205784409,0.18578485438563,0.0561173936025339,0.0561173936025339
"gene_443",0.0683071355693855,0.18578485438563,0.0758455573028728,0.0758455573028728
"gene_444",0.0672041722758281,0.18578485438563,0.0753857270345122,0.0753857270345122
"gene_445",0.0530146892073014,0.18578485438563,0.0591584366736445,0.0591584366736445
"gene_446",0.0563282441951664,0.18578485438563,0.064858386111422,0.064858386111422
"gene_447",0.130498501529982,0.18578485438563,0.13511320504883,0.13511320504883
"gene_448",0.0578393561404643,0.18578485438563,0.0644360226833951,0.0644360226833951
"gene_449",0.0559465728498871,0.18578485438563,0.062449999014351,0.062449999014351
"gene_450",0.0605028160285621,0.18578485438563,0.0684999031168566,0.0684999031168566
"gene_451",0.0591026439296552,0.18578485438563,0.0653857177571237,0.0653857177571237
"gene_452",0.090666328913114,0.18578485438563,0.0961953795166097,0.0961953795166097
"gene_453",0.0821842667186228,0.18578485438563,0.0893070403492057,0.0893070403492057
"gene_454",0.373532088108043,0.18578485438563,0.347531566535694,0.347531566535694
"gene_455",0.126504085996469,0.18578485438563,0.130819762214174,0.130819762214174
"gene_456",0.268633336280554,0.18578485438563,0.259585933693375,0.259585933693375
"gene_457",0.207214136777744,0.18578485438563,0.204976480059689,0.204976480059689
"gene_458",1.45031083240219,0.18578485438563,1.12540591076699,1.45031083240219
"gene_459",0.0376534301370105,0.18578485438563,0.0447794521229263,0.0447794521229263
"gene_460",0.0464464516730375,0.18578485438563,0.0527525206972552,0.0527525206972552
"gene_461",0.10842185851694,0.18578485438563,0.114354168346532,0.114354168346532
"gene_462",0.4355278882716,0.18578485438563,0.395752728649934,0.395752728649934
"gene_463",0.0582521209378704,0.18578485438563,0.0606442224582529,0.0606442224582529
"gene_464",0.0838766871813044,0.18578485438563,0.0905235964810786,0.0905235964810786
"gene_465",0.0925730673489052,0.18578485438563,0.0990185573861046,0.0990185573861046
"gene_466",0.0446951431544695,0.18578485438563,0.0515438638852861,0.0515438638852861
"gene_467",0.0525547698675556,0.18578485438563,0.0593458805886955,0.0593458805886955
"gene_468",0.265280062409884,0.18578485438563,0.256521600704819,0.256521600704819
"gene_469",0.094603670641938,0.18578485438563,0.100066935593048,0.100066935593048
"gene_470",0.139408005184904,0.18578485438563,0.14291105096198,0.14291105096198
"gene_471",0.632215660343711,0.18578485438563,0.53548970507277,0.53548970507277
"gene_472",0.132922713017365,0.18578485438563,0.13711988660886,0.13711988660886
"gene_473",0.571283154848161,0.18578485438563,0.504196180056567,0.504196180056567
"gene_474",0.0472924701174247,0.18578485438563,0.0535568034535419,0.0535568034535419
"gene_475",0.170829310811652,0.18578485438563,0.172107313350524,0.172107313350524
"gene_476",0.106820920078547,0.18578485438563,0.112259209060108,0.112259209060108
"gene_477",0.0511931797707749,0.18578485438563,0.0583023244998994,0.0583023244998994
"gene_478",0.0787857440646281,0.18578485438563,0.0848893164074852,0.0848893164074852
"gene_479",0.130793418595722,0.18578485438563,0.136945921159743,0.136945921159743
"gene_480",0.0757730747679544,0.18578485438563,0.0822647161187117,0.0822647161187117
"gene_481",0.100861590737932,0.18578485438563,0.107172103059354,0.107172103059354
"gene_482",0.0881165387836602,0.18578485438563,0.0904999902639258,0.0904999902639258
"gene_483",0.128862626738371,0.18578485438563,0.132921725776531,0.132921725776531
"gene_484",0.0770647074736437,0.18578485438563,0.0833393035967547,0.0833393035967547
"gene_485",0.101493998467158,0.18578485438563,0.104572409256769,0.104572409256769
"gene_486",0.0510274249030752,0.18578485438563,0.0595567777165934,0.0595567777165934
"gene_487",0.074306319148707,0.18578485438563,0.0823691851789938,0.0823691851789938
"gene_488",0.040881636974182,0.18578485438563,0.0440353580907419,0.0440353580907419
"gene_489",0.254034934318708,0.18578485438563,0.246939460089941,0.246939460089941
"gene_490",0.0551698899366741,0.18578485438563,0.0608939137169671,0.0608939137169671
"gene_491",0.17117284176356,0.18578485438563,0.172642414293449,0.172642414293449
"gene_492",0.274596290160738,0.18578485438563,0.264374063284937,0.264374063284937
"gene_493",0.0387679143398031,0.18578485438563,0.0423572305670238,0.0423572305670238
"gene_494",0.050382173865429,0.18578485438563,0.057797341310617,0.057797341310617
"gene_495",0.308623323418179,0.18578485438563,0.294055042056522,0.294055042056522
"gene_496",0.0733448938137325,0.18578485438563,0.0794490202264501,0.0794490202264501
"gene_497",0.139973832800313,0.18578485438563,0.143779991233064,0.143779991233064
"gene_498",0.14548225675034,0.18578485438563,0.149637534030852,0.149637534030852
"gene_499",0.0567147491884564,0.18578485438563,0.0586608053487783,0.0586608053487783
"gene_500",0.0701999751388939,0.18578485438563,0.0761970900707512,0.0761970900707512
"gene_501",0.0583347844436715,0.18578485438563,0.0642605758751013,0.0642605758751013
"gene_502",0.297193233765171,0.18578485438563,0.283011919808718,0.283011919808718
"gene_503",0.0496805268314709,0.18578485438563,0.0560893441775985,0.0560893441775985
"gene_504",0.0484738352699886,0.18578485438563,0.0560964915967705,0.0560964915967705
"gene_505",0.0393128594356087,0.18578485438563,0.0471382771639755,0.0471382771639755
"gene_506",0.469998360514944,0.18578485438563,0.429795700246588,0.429795700246588
"gene_507",0.155702211441705,0.18578485438563,0.158313084246185,0.158313084246185
"gene_508",0.0970935547430009,0.18578485438563,0.102753856716193,0.102753856716193
"gene_509",0.216897128107532,0.18578485438563,0.212968804783946,0.212968804783946
"gene_510",0.0827568845129717,0.18578485438563,0.0891831768916658,0.0891831768916658
"gene_511",0.0556418636974927,0.18578485438563,0.0607333827807319,0.0607333827807319
"gene_512",0.0938952022942662,0.18578485438563,0.100573009866995,0.100573009866995
"gene_513",0.385943457621968,0.18578485438563,0.359732607780514,0.359732607780514
"gene_514",0.0599280957801335,0.18578485438563,0.0663394787211526,0.0663394787211526
"gene_515",0.103055001226162,0.18578485438563,0.108918330577031,0.108918330577031
"gene_516",0.0848282373666437,0.18578485438563,0.0909674826325571,0.0909674826325571
"gene_517",0.0422387524995414,0.18578485438563,0.0507942067076152,0.0507942067076152
"gene_518",0.0713386650319677,0.18578485438563,0.0784516374750025,0.0784516374750025
"gene_519",0.0787971247287405,0.18578485438563,0.0850696116762621,0.0850696116762621
"gene_520",0.084065553095237,0.18578485438563,0.0898969497927895,0.0898969497927895
"gene_521",0.284034827583064,0.18578485438563,0.271894254704074,0.271894254704074
"gene_522",0.0489660752215792,0.18578485438563,0.0566934736699195,0.0566934736699195
"gene_523",0.0860867621747464,0.18578485438563,0.093606125020706,0.093606125020706
"gene_524",0.0399862828561312,0.18578485438563,0.0457468356298556,0.0457468356298556
"gene_525",0.578903147275197,0.18578485438563,0.508163151984696,0.508163151984696
"gene_526",0.0482673445117401,0.18578485438563,0.0561531436478726,0.0561531436478726
"gene_527",0.66563155773526,0.18578485438563,0.531052832361196,0.531052832361196
"gene_528",0.089792954480816,0.18578485438563,0.0956438886834134,0.0956438886834134
"gene_529",0.297817949418584,0.18578485438563,0.284943265035717,0.284943265035717
"gene_530",0.0629076782939837,0.18578485438563,0.0690900109403066,0.0690900109403066
"gene_531",0.0609993434768748,0.18578485438563,0.0668215751604987,0.0668215751604987
"gene_532",1.03694586955836,0.18578485438563,0.798649987493903,1.03694586955836
"gene_533",0.192688062460769,0.18578485438563,0.192013351224906,0.192013351224906
"gene_534",0.808202139616819,0.18578485438563,0.666786632829802,0.808202139616819
"gene_535",0.0324292785642818,0.18578485438563,0.0379851326265554,0.0379851326265554
"gene_536",0.0707762093206758,0.18578485438563,0.0768227542800776,0.0768227542800776
"gene_537",0.0655168098946737,0.18578485438563,0.070463823965671,0.070463823965671
"gene_538",0.114405508552463,0.18578485438563,0.118728965610533,0.118728965610533
"gene_539",0.0354108391493169,0.18578485438563,0.0407550995985594,0.0407550995985594
"gene_540",0.0419872964977292,0.18578485438563,0.0499424773719096,0.0499424773719096
"gene_541",0.0438677955920531,0.18578485438563,0.0502225104479243,0.0502225104479243
"gene_542",0.0820186281091922,0.18578485438563,0.0881938084611807,0.0881938084611807
"gene_543",0.0980566033707062,0.18578485438563,0.104637416852635,0.104637416852635
"gene_544",0.11163512487956,0.18578485438563,0.117095073574698,0.117095073574698
"gene_545",0.0393440183379542,0.18578485438563,0.0445626103949085,0.0445626103949085
"gene_546",0.0470514583391714,0.18578485438563,0.0539189305875464,0.0539189305875464
"gene_547",0.161662026109857,0.18578485438563,0.163982190828841,0.163982190828841
"gene_548",0.36532497963788,0.18578485438563,0.340787790513556,0.340787790513556
"gene_549",0.318087676861062,0.18578485438563,0.299513844655235,0.299513844655235
"gene_550",0.845527591345292,0.18578485438563,0.738024594261024,0.845527591345292
"gene_551",0.77289973462321,0.18578485438563,0.629001012129612,0.77289973462321
"gene_552",0.130453358293269,0.18578485438563,0.134565007480496,0.134565007480496
"gene_553",0.163348704652567,0.18578485438563,0.165464977714049,0.165464977714049
"gene_554",0.140984509867369,0.18578485438563,0.146302743464368,0.146302743464368
"gene_555",0.0454007926946999,0.18578485438563,0.0524499011759685,0.0524499011759685
"gene_556",0.0569978669893617,0.18578485438563,0.0610531829177395,0.0610531829177395
"gene_557",0.136759882212104,0.18578485438563,0.140819041818592,0.140819041818592
"gene_558",0.178150000417316,0.18578485438563,0.178915072180989,0.178915072180989
"gene_559",0.137929815296758,0.18578485438563,0.141857200378831,0.141857200378831
"gene_560",1.03978955534264,0.18578485438563,0.849815064368907,1.03978955534264
"gene_561",0.11644257731895,0.18578485438563,0.121337139742505,0.121337139742505
"gene_562",0.0917224881365696,0.18578485438563,0.097814972867556,0.097814972867556
"gene_563",0.0851899424566106,0.18578485438563,0.0914570665006625,0.0914570665006625
"gene_564",0.127182270001056,0.18578485438563,0.131476812743426,0.131476812743426
"gene_565",0.107019530327369,0.18578485438563,0.112639034636655,0.112639034636655
"gene_566",0.083596488351325,0.18578485438563,0.0916300174401979,0.0916300174401979
"gene_567",0.0544765721990273,0.18578485438563,0.0624610910098775,0.0624610910098775
"gene_568",0.0454742679457847,0.18578485438563,0.0528658572560753,0.0528658572560753
"gene_569",0.0648706334453856,0.18578485438563,0.072009997742574,0.072009997742574
"gene_570",0.189257843829502,0.18578485438563,0.188904013203464,0.188904013203464
"gene_571",0.0646120170463267,0.18578485438563,0.0710729990701418,0.0710729990701418
"gene_572",0.336690812154636,0.18578485438563,0.317124355430674,0.317124355430674
"gene_573",0.0612815789097161,0.18578485438563,0.0672300550596671,0.0672300550596671
"gene_574",0.381613854796619,0.18578485438563,0.354789952263451,0.354789952263451
"gene_575",0.81722074538919,0.18578485438563,0.651334369374354,0.81722074538919
"gene_576",0.087704168316738,0.18578485438563,0.0942496773540597,0.0942496773540597
"gene_577",0.113602863891746,0.18578485438563,0.118857872441095,0.118857872441095
"gene_578",0.402930085209215,0.18578485438563,0.372760738410492,0.372760738410492
"gene_579",0.0811827782362012,0.18578485438563,0.0862731063243874,0.0862731063243874
"gene_580",0.0537857766589756,0.18578485438563,0.0600825221029231,0.0600825221029231
"gene_581",0.10914915701745,0.18578485438563,0.11493032273265,0.11493032273265
"gene_582",0.0669943613645369,0.18578485438563,0.0726996284346383,0.0726996284346383
"gene_583",0.194578620848955,0.18578485438563,0.193683822384726,0.193683822384726
"gene_584",0.0505514330721124,0.18578485438563,0.0548497562600425,0.0548497562600425
"gene_585",0.536950659332098,0.18578485438563,0.47499858122765,0.47499858122765
"gene_586",0.0936057671490044,0.18578485438563,0.101411020349951,0.101411020349951
"gene_587",0.242421941359425,0.18578485438563,0.235149310788623,0.235149310788623
"gene_588",0.171393285482296,0.18578485438563,0.172583926540487,0.172583926540487
"gene_589",0.181486197496316,0.18578485438563,0.18207491962847,0.18207491962847
"gene_590",0.075397722276461,0.18578485438563,0.0793504699434571,0.0793504699434571
"gene_591",0.203919010862199,0.18578485438563,0.201920791370872,0.201920791370872
"gene_592",0.180892323748017,0.18578485438563,0.181377787268248,0.181377787268248
"gene_593",0.597135564341675,0.18578485438563,0.527097880979561,0.527097880979561
"gene_594",0.0562613604572106,0.18578485438563,0.0602798287268301,0.0602798287268301
"gene_595",0.611751412785527,0.18578485438563,0.536296119360145,0.536296119360145
"gene_596",0.0507772804745865,0.18578485438563,0.0547200886623834,0.0547200886623834
"gene_597",0.077696269248518,0.18578485438563,0.0837445433731364,0.0837445433731364
"gene_598",0.0501171459732204,0.18578485438563,0.0559871195527223,0.0559871195527223
"gene_599",0.0989282870985697,0.18578485438563,0.105121058010042,0.105121058010042
"gene_600",0.046218833482935,0.18578485438563,0.0513222816313551,0.0513222816313551
"gene_601",0.0567394555152695,0.18578485438563,0.0630892277077463,0.0630892277077463
"gene_602",0.0680862136497666,0.18578485438563,0.0740876741110176,0.0740876741110176
"gene_603",0.852001595200983,0.18578485438563,0.712302148996181,0.852001595200983
"gene_604",0.639711598356935,0.18578485438563,0.550492421570544,0.550492421570544
"gene_605",0.0933458750152178,0.18578485438563,0.101878924216991,0.101878924216991
"gene_606",0.0630119164394057,0.18578485438563,0.0695491541807182,0.0695491541807182
"gene_607",0.278675901818136,0.18578485438563,0.267369111834615,0.267369111834615
"gene_608",0.192143277259404,0.18578485438563,0.191608754963236,0.191608754963236
"gene_609",0.503502530842697,0.18578485438563,0.446234754600054,0.446234754600054
"gene_610",0.0852911987906187,0.18578485438563,0.0889515965593192,0.0889515965593192
"gene_611",0.184240148742479,0.18578485438563,0.184287058718837,0.184287058718837
"gene_612",0.766854348786107,0.18578485438563,0.671363418008302,0.766854348786107
"gene_613",0.165418878201914,0.18578485438563,0.167191583478036,0.167191583478036
"gene_614",0.0672536919836822,0.18578485438563,0.0752296137953174,0.0752296137953174
"gene_615",0.219767223443003,0.18578485438563,0.215632874301253,0.215632874301253
"gene_616",1.02750387408776,0.18578485438563,0.824838747135242,1.02750387408776
"gene_617",0.0569678798304514,0.18578485438563,0.0601107034325742,0.0601107034325742
"gene_618",0.111713783310374,0.18578485438563,0.116738949123325,0.116738949123325
"gene_619",0.104684621149027,0.18578485438563,0.110261092658921,0.110261092658921
"gene_620",0.117933557059671,0.18578485438563,0.122767798591052,0.122767798591052
"gene_621",0.0718937304419518,0.18578485438563,0.0781052059816805,0.0781052059816805
"gene_622",0.0401162267470164,0.18578485438563,0.046024634256098,0.046024634256098
"gene_623",0.0581924801541772,0.18578485438563,0.0640124230269389,0.0640124230269389
"gene_624",0.170880389389961,0.18578485438563,0.172116248593435,0.172116248593435
"gene_625",0.0553181675535792,0.18578485438563,0.0599036991615782,0.0599036991615782
"gene_626",0.11213892892971,0.18578485438563,0.117157114298033,0.117157114298033
"gene_627",0.0657188673699607,0.18578485438563,0.0722256060708715,0.0722256060708715
"gene_628",0.0469146596182156,0.18578485438563,0.0505801767014237,0.0505801767014237
"gene_629",0.066298288966342,0.18578485438563,0.0720502975411125,0.0720502975411125
"gene_630",0.909830842455223,0.18578485438563,0.779859813955025,0.909830842455223
"gene_631",0.183065470203741,0.18578485438563,0.183388444774177,0.183388444774177
"gene_632",0.0511117081751685,0.18578485438563,0.0577813990919192,0.0577813990919192
"gene_633",0.163057448351234,0.18578485438563,0.164975805847939,0.164975805847939
"gene_634",0.107788140811788,0.18578485438563,0.113386220857732,0.113386220857732
"gene_635",0.0724095366899274,0.18578485438563,0.0791395406536708,0.0791395406536708
"gene_636",0.042832887453723,0.18578485438563,0.0503414994417988,0.0503414994417988
"gene_637",0.0740060252735578,0.18578485438563,0.07895881533873,0.07895881533873
"gene_638",0.556664813146614,0.18578485438563,0.49903313781147,0.49903313781147
"gene_639",0.0491697111995044,0.18578485438563,0.0537524248447353,0.0537524248447353
"gene_640",0.251424433763771,0.18578485438563,0.245254043030821,0.245254043030821
"gene_641",0.156029974118062,0.18578485438563,0.158394930149799,0.158394930149799
"gene_642",0.166715292302698,0.18578485438563,0.168453730779647,0.168453730779647
"gene_643",0.0517089750354673,0.18578485438563,0.0584613586093548,0.0584613586093548
"gene_644",0.0746425486701663,0.18578485438563,0.0811469263039213,0.0811469263039213
"gene_645",0.0676160359407032,0.18578485438563,0.075647465841707,0.075647465841707
"gene_646",0.0322357067782033,0.18578485438563,0.0378176172116102,0.0378176172116102
"gene_647",0.0784008317193013,0.18578485438563,0.0843259351867833,0.0843259351867833
"gene_648",0.106891036899389,0.18578485438563,0.113053108124886,0.113053108124886
"gene_649",0.0729241103354415,0.18578485438563,0.0790687452643865,0.0790687452643865
"gene_650",0.0856746042519749,0.18578485438563,0.0900253401046525,0.0900253401046525
"gene_651",0.0733261610882053,0.18578485438563,0.0795954344597136,0.0795954344597136
"gene_652",0.824039288121003,0.18578485438563,0.718449503401723,0.824039288121003
"gene_653",0.0639277645610933,0.18578485438563,0.0710259224122931,0.0710259224122931
"gene_654",0.0697426273789982,0.18578485438563,0.0753556666168967,0.0753556666168967
"gene_655",0.0794057764679599,0.18578485438563,0.0833406769602957,0.0833406769602957
"gene_656",0.0892634793951892,0.18578485438563,0.0974765938339941,0.0974765938339941
"gene_657",0.0560955841641815,0.18578485438563,0.0619740154030209,0.0619740154030209
"gene_658",0.0687629334763978,0.18578485438563,0.0693341529232743,0.0693341529232743
"gene_659",0.267114505023366,0.18578485438563,0.258886786690778,0.258886786690778
"gene_660",0.409073001751176,0.18578485438563,0.369778957207687,0.369778957207687
"gene_661",0.0740221392026025,0.18578485438563,0.082698991407202,0.082698991407202
"gene_662",0.144056984323332,0.18578485438563,0.147577530633371,0.147577530633371
"gene_663",0.0511433794291044,0.18578485438563,0.056921969159149,0.056921969159149
"gene_664",0.0557479343906474,0.18578485438563,0.0624921109146056,0.0624921109146056
"gene_665",0.0841337238439864,0.18578485438563,0.0902590709846123,0.0902590709846123
"gene_666",0.0593323518739384,0.18578485438563,0.0655572788316664,0.0655572788316664
"gene_667",0.643720335992966,0.18578485438563,0.565421138233995,0.565421138233995
"gene_668",0.0640873316758214,0.18578485438563,0.0701305146209852,0.0701305146209852
"gene_669",0.231758785122526,0.18578485438563,0.226713042051282,0.226713042051282
"gene_670",0.371788231549122,0.18578485438563,0.341233054807344,0.341233054807344
"gene_671",0.0512211299883083,0.18578485438563,0.0585392217146484,0.0585392217146484
"gene_672",0.104073096327887,0.18578485438563,0.109957986580724,0.109957986580724
"gene_673",0.121715390399467,0.18578485438563,0.12639663401271,0.12639663401271
"gene_674",0.0688882295831567,0.18578485438563,0.0754304049653517,0.0754304049653517
"gene_675",0.029361876688703,0.18578485438563,0.0351703704910842,0.0351703704910842
"gene_676",0.0465256092883669,0.18578485438563,0.0534307842742289,0.0534307842742289
"gene_677",0.369273502560062,0.18578485438563,0.346344323176256,0.346344323176256
"gene_678",0.0974311072436466,0.18578485438563,0.103501375201702,0.103501375201702
"gene_679",0.227182642290936,0.18578485438563,0.22225699859269,0.22225699859269
"gene_680",0.262111175072583,0.18578485438563,0.253292052249287,0.253292052249287
"gene_681",0.0737380287658719,0.18578485438563,0.080653382693568,0.080653382693568
"gene_682",0.0612441432310944,0.18578485438563,0.0675376183142821,0.0675376183142821
"gene_683",0.39329379040365,0.18578485438563,0.357725698818838,0.357725698818838
"gene_684",0.106706318947053,0.18578485438563,0.112584928712664,0.112584928712664
"gene_685",0.0473382499759026,0.18578485438563,0.0530146156791357,0.0530146156791357
"gene_686",0.0630874301784844,0.18578485438563,0.07121632957941,0.07121632957941
"gene_687",0.328872762699331,0.18578485438563,0.302323707155517,0.302323707155517
"gene_688",0.0923071607734707,0.18578485438563,0.0985780156386967,0.0985780156386967
"gene_689",0.068521350292694,0.18578485438563,0.0747373529304534,0.0747373529304534
"gene_690",0.0687077403791368,0.18578485438563,0.0756851384005082,0.0756851384005082
"gene_691",0.0438374724169858,0.18578485438563,0.0471896485289281,0.0471896485289281
"gene_692",0.618412974610206,0.18578485438563,0.512006681053581,0.512006681053581
"gene_693",0.0426596826452499,0.18578485438563,0.0481254289194738,0.0481254289194738
"gene_694",0.399137096145829,0.18578485438563,0.365715057650117,0.365715057650117
"gene_695",0.0459754595951315,0.18578485438563,0.0499626203862343,0.0499626203862343
"gene_696",0.661238113023234,0.18578485438563,0.560451725445017,0.560451725445017
"gene_697",0.0605116985693984,0.18578485438563,0.0672647045083638,0.0672647045083638
"gene_698",0.1053876255953,0.18578485438563,0.110010239404132,0.110010239404132
"gene_699",0.0610097046579442,0.18578485438563,0.0653839510978181,0.0653839510978181
"gene_700",0.119236306561746,0.18578485438563,0.12432757615949,0.12432757615949
"gene_701",0.157871684475597,0.18578485438563,0.160548759740069,0.160548759740069
"gene_702",0.0761289752995881,0.18578485438563,0.080486674280112,0.080486674280112
"gene_703",0.0616948086782089,0.18578485438563,0.0693310275765107,0.0693310275765107
"gene_704",0.120550414080407,0.18578485438563,0.125522884999673,0.125522884999673
"gene_705",0.274835015924458,0.18578485438563,0.264409658472765,0.264409658472765
"gene_706",0.194538645558268,0.18578485438563,0.193681613595572,0.193681613595572
"gene_707",0.0728703124776116,0.18578485438563,0.078902650320029,0.078902650320029
"gene_708",0.0575114261733688,0.18578485438563,0.0644001567453569,0.0644001567453569
"gene_709",0.113326686287487,0.18578485438563,0.11921195551702,0.11921195551702
"gene_710",0.0776184567088415,0.18578485438563,0.0827395885144229,0.0827395885144229
"gene_711",0.071264910979753,0.18578485438563,0.077939314155945,0.077939314155945
"gene_712",0.0573035624381621,0.18578485438563,0.0639775023289303,0.0639775023289303
"gene_713",0.0547539866349026,0.18578485438563,0.0596602586253248,0.0596602586253248
"gene_714",0.0703292017254466,0.18578485438563,0.0773111161543707,0.0773111161543707
"gene_715",0.0669541241187868,0.18578485438563,0.0734181833756853,0.0734181833756853
"gene_716",0.0816676669191049,0.18578485438563,0.0879928911792011,0.0879928911792011
"gene_717",0.148360483674918,0.18578485438563,0.151893295937116,0.151893295937116
"gene_718",0.192679599292253,0.18578485438563,0.191786479425848,0.191786479425848
"gene_719",0.196715839262976,0.18578485438563,0.195843532067825,0.195843532067825
"gene_720",0.048945299147123,0.18578485438563,0.056363072962536,0.056363072962536
"gene_721",0.952952630917098,0.18578485438563,0.783993577478105,0.952952630917098
"gene_722",0.077264274004531,0.18578485438563,0.081124283020028,0.081124283020028
"gene_723",0.09374921677784,0.18578485438563,0.099737368469744,0.099737368469744
"gene_724",0.0429385465611953,0.18578485438563,0.0488914058507158,0.0488914058507158
"gene_725",0.0824187765433669,0.18578485438563,0.0891428186248832,0.0891428186248832
"gene_726",0.0456496434310272,0.18578485438563,0.0507509242488014,0.0507509242488014
"gene_727",0.91970436493147,0.18578485438563,0.744840727211734,0.91970436493147
"gene_728",0.037076364753438,0.18578485438563,0.0431704305336992,0.0431704305336992
"gene_729",0.162640741468299,0.18578485438563,0.164701113001949,0.164701113001949
"gene_730",0.293020186921289,0.18578485438563,0.279706053497554,0.279706053497554
"gene_731",0.0909562945358359,0.18578485438563,0.0968448233803947,0.0968448233803947
"gene_732",0.054990374667106,0.18578485438563,0.0579256668974925,0.0579256668974925
"gene_733",0.969915170756909,0.18578485438563,0.83133579956384,0.969915170756909
"gene_734",0.0705295714657943,0.18578485438563,0.0781057591231351,0.0781057591231351
"gene_735",0.0789408346859582,0.18578485438563,0.0845643011107299,0.0845643011107299
"gene_736",0.06148880540125,0.18578485438563,0.0665162099327499,0.0665162099327499
"gene_737",0.373630844174055,0.18578485438563,0.345634689625784,0.345634689625784
"gene_738",1.13635758101198,0.18578485438563,0.919910911966585,1.13635758101198
"gene_739",0.0726597493549095,0.18578485438563,0.0771791767866512,0.0771791767866512
"gene_740",0.0774785396712985,0.18578485438563,0.0833447597837014,0.0833447597837014
"gene_741",0.0462738479236856,0.18578485438563,0.0537504954409255,0.0537504954409255
"gene_742",1.3481494731918,0.18578485438563,1.08177267069441,1.3481494731918
"gene_743",0.0955429932839875,0.18578485438563,0.100940028385474,0.100940028385474
"gene_744",0.88854937199005,0.18578485438563,0.717108599177806,0.88854937199005
"gene_745",0.239358672356923,0.18578485438563,0.232863686001025,0.232863686001025
"gene_746",0.110402940627331,0.18578485438563,0.115786548953451,0.115786548953451
"gene_747",0.0476142664458918,0.18578485438563,0.0532334940837348,0.0532334940837348
"gene_748",0.87058628947191,0.18578485438563,0.721975163747865,0.87058628947191
"gene_749",0.055263678428859,0.18578485438563,0.0605671623229036,0.0605671623229036
"gene_750",0.60211230546055,0.18578485438563,0.528277402847179,0.528277402847179
"gene_751",0.069437888050027,0.18578485438563,0.0763171955877429,0.0763171955877429
"gene_752",0.0644915829965977,0.18578485438563,0.0721532964919727,0.0721532964919727
"gene_753",0.0669798863918034,0.18578485438563,0.0754341022297507,0.0754341022297507
"gene_754",0.0632083358239264,0.18578485438563,0.0695218779342466,0.0695218779342466
"gene_755",1.24382294721643,0.18578485438563,1.02299716285822,1.24382294721643
"gene_756",0.0713927706971482,0.18578485438563,0.077134988067655,0.077134988067655
"gene_757",0.0407996264094023,0.18578485438563,0.0461698277363761,0.0461698277363761
"gene_758",0.090430181562359,0.18578485438563,0.0962321480584307,0.0962321480584307
"gene_759",0.0379221639358507,0.18578485438563,0.0429651184667146,0.0429651184667146
"gene_760",1.09483604405287,0.18578485438563,0.866183198463847,1.09483604405287
"gene_761",0.429390230837238,0.18578485438563,0.390961601207729,0.390961601207729
"gene_762",0.038341024370735,0.18578485438563,0.0444226269116155,0.0444226269116155
"gene_763",0.0673048471194263,0.18578485438563,0.0702515037870795,0.0702515037870795
"gene_764",0.0740215690375785,0.18578485438563,0.0825109945323464,0.0825109945323464
"gene_765",0.0781967114758383,0.18578485438563,0.0855087907425681,0.0855087907425681
"gene_766",0.419010479643166,0.18578485438563,0.385213906593807,0.385213906593807
"gene_767",0.058843211118335,0.18578485438563,0.064638368304387,0.064638368304387
"gene_768",0.358988537981727,0.18578485438563,0.335987423515669,0.335987423515669
"gene_769",0.0434501123125901,0.18578485438563,0.0506010244098773,0.0506010244098773
"gene_770",0.121834491829446,0.18578485438563,0.127103341748148,0.127103341748148
"gene_771",0.28143738660638,0.18578485438563,0.270367277440771,0.270367277440771
"gene_772",0.0673022018962849,0.18578485438563,0.0734445917958404,0.0734445917958404
"gene_773",0.131521644201284,0.18578485438563,0.136571063258704,0.136571063258704
"gene_774",0.136163370096269,0.18578485438563,0.140049275625669,0.140049275625669
"gene_775",1.21621119722479,0.18578485438563,0.986649657293661,1.21621119722479
"gene_776",0.139714563755562,0.18578485438563,0.143488496681331,0.143488496681331
"gene_777",1.049074035298,0.18578485438563,0.855047254104373,1.049074035298
"gene_778",0.0386471509639288,0.18578485438563,0.0450549214619226,0.0450549214619226
"gene_779",0.0588864887961293,0.18578485438563,0.0627356115972348,0.0627356115972348
"gene_780",0.0780750006747919,0.18578485438563,0.0842544903953023,0.0842544903953023
"gene_781",0.0778427044699641,0.18578485438563,0.0839991290852651,0.0839991290852651
"gene_782",0.0629597990575354,0.18578485438563,0.0692153800857437,0.0692153800857437
"gene_783",0.0526218306592228,0.18578485438563,0.0580798268227328,0.0580798268227328
"gene_784",0.0519892945567484,0.18578485438563,0.0581419035609393,0.0581419035609393
"gene_785",0.931844711591727,0.18578485438563,0.756739194729958,0.931844711591727
"gene_786",0.320777605624068,0.18578485438563,0.30151154284592,0.30151154284592
"gene_787",0.0782437884670432,0.18578485438563,0.0864131158561332,0.0864131158561332
"gene_788",0.466745857853135,0.18578485438563,0.424090371667284,0.424090371667284
"gene_789",0.0595604570016391,0.18578485438563,0.0601552256351966,0.0601552256351966
"gene_790",0.0535917141990925,0.18578485438563,0.057116558547548,0.057116558547548
"gene_791",0.154741968303512,0.18578485438563,0.157341506920546,0.157341506920546
"gene_792",0.0604017137113413,0.18578485438563,0.0670283612082567,0.0670283612082567
"gene_793",0.0373466335750898,0.18578485438563,0.044613423638627,0.044613423638627
"gene_794",0.0506505070069609,0.18578485438563,0.058774863784127,0.058774863784127
"gene_795",0.102923912141712,0.18578485438563,0.109578657525496,0.109578657525496
"gene_796",0.0861835587657316,0.18578485438563,0.091082823019728,0.091082823019728
"gene_797",0.0775798777846611,0.18578485438563,0.0847686534267993,0.0847686534267993
"gene_798",0.351526556620397,0.18578485438563,0.329251196138,0.329251196138
"gene_799",0.103135952971953,0.18578485438563,0.108607658977399,0.108607658977399
"gene_800",0.172357282632171,0.18578485438563,0.173625079030454,0.173625079030454
"gene_801",0.0621130498146693,0.18578485438563,0.0680556984954487,0.0680556984954487
"gene_802",0.0546606090916003,0.18578485438563,0.0609802442482057,0.0609802442482057
"gene_803",0.38415129533482,0.18578485438563,0.35731303588637,0.35731303588637
"gene_804",0.0671509610855982,0.18578485438563,0.0717358935984611,0.0717358935984611
"gene_805",0.0718079931776615,0.18578485438563,0.0800080145662271,0.0800080145662271
"gene_806",0.140689635910233,0.18578485438563,0.144620857208554,0.144620857208554
"gene_807",0.0827584164669893,0.18578485438563,0.0878085058050872,0.0878085058050872
"gene_808",0.0557864174644148,0.18578485438563,0.0618729714900612,0.0618729714900612
"gene_809",0.0467964614432845,0.18578485438563,0.0525426858466728,0.0525426858466728
"gene_810",0.145639311288629,0.18578485438563,0.148989536085343,0.148989536085343
"gene_811",0.051017254969066,0.18578485438563,0.0588906847695883,0.0588906847695883
"gene_812",0.152639257111933,0.18578485438563,0.155712666349575,0.155712666349575
"gene_813",0.885580580036761,0.18578485438563,0.723505596809466,0.885580580036761
"gene_814",0.216548646168505,0.18578485438563,0.213079134885492,0.213079134885492
"gene_815",0.76699652532769,0.18578485438563,0.65057684976316,0.76699652532769
"gene_816",0.0452163152342341,0.18578485438563,0.0496329110915969,0.0496329110915969
"gene_817",0.0579349604569563,0.18578485438563,0.0636639892334816,0.0636639892334816
"gene_818",0.0510521517874946,0.18578485438563,0.0577833862657827,0.0577833862657827
"gene_819",0.115302737609331,0.18578485438563,0.120847207236523,0.120847207236523
"gene_820",0.15762080304426,0.18578485438563,0.161069654565227,0.161069654565227
"gene_821",0.134503476305615,0.18578485438563,0.139101780095946,0.139101780095946
"gene_822",0.0485868757783984,0.18578485438563,0.0534759960431807,0.0534759960431807
"gene_823",0.0436829375347337,0.18578485438563,0.0496473545572289,0.0496473545572289
"gene_824",0.623230602043163,0.18578485438563,0.543700842531378,0.543700842531378
"gene_825",0.090995507273276,0.18578485438563,0.096895944674497,0.096895944674497
"gene_826",0.738719827604596,0.18578485438563,0.642626772014517,0.738719827604596
"gene_827",0.0530925103244821,0.18578485438563,0.0586930860257225,0.0586930860257225
"gene_828",0.099943771584501,0.18578485438563,0.10604437758861,0.10604437758861
"gene_829",0.071798992350266,0.18578485438563,0.0795315294354835,0.0795315294354835
"gene_830",0.0495374196989272,0.18578485438563,0.0560985446509577,0.0560985446509577
"gene_831",0.0902018460074696,0.18578485438563,0.0967680924808487,0.0967680924808487
"gene_832",0.107496366056957,0.18578485438563,0.114205579784654,0.114205579784654
"gene_833",0.0936272668323158,0.18578485438563,0.099709523629786,0.099709523629786
"gene_834",1.23322504026451,0.18578485438563,1.01160890777395,1.23322504026451
"gene_835",0.0562136209058365,0.18578485438563,0.0601986840169424,0.0601986840169424
"gene_836",0.0526557398783981,0.18578485438563,0.0628807095331519,0.0628807095331519
"gene_837",0.65892053333631,0.18578485438563,0.582008884921764,0.582008884921764
"gene_838",0.0653760878728507,0.18578485438563,0.071464944470222,0.071464944470222
"gene_839",0.0710854032288816,0.18578485438563,0.0770263456610777,0.0770263456610777
"gene_840",1.10238974967822,0.18578485438563,0.911562989143149,1.10238974967822
"gene_841",0.121684296135007,0.18578485438563,0.126467166563266,0.126467166563266
"gene_842",0.20341807276167,0.18578485438563,0.201938315844708,0.201938315844708
"gene_843",0.0842840697857068,0.18578485438563,0.089970713816909,0.089970713816909
"gene_844",0.726982305757629,0.18578485438563,0.634478482140874,0.726982305757629
"gene_845",0.054536034339334,0.18578485438563,0.0625638174580804,0.0625638174580804
"gene_846",0.0434235650297337,0.18578485438563,0.0489238419380979,0.0489238419380979
"gene_847",0.154908932735778,0.18578485438563,0.157502137289895,0.157502137289895
"gene_848",0.0849984328045308,0.18578485438563,0.0913064935739385,0.0913064935739385
"gene_849",0.744774822173278,0.18578485438563,0.603083180323651,0.744774822173278
"gene_850",1.01258059422298,0.18578485438563,0.809690821562411,1.01258059422298
"gene_851",0.13418298739205,0.18578485438563,0.138294174763465,0.138294174763465
"gene_852",0.224171547592224,0.18578485438563,0.220013264473206,0.220013264473206
"gene_853",0.195456686901341,0.18578485438563,0.194522300453995,0.194522300453995
"gene_854",0.098348656310035,0.18578485438563,0.104144024732598,0.104144024732598
"gene_855",0.113308311670263,0.18578485438563,0.118476577802478,0.118476577802478
"gene_856",0.0650253777790967,0.18578485438563,0.0688760520623937,0.0688760520623937
"gene_857",0.062071648993948,0.18578485438563,0.06930150625344,0.06930150625344
"gene_858",0.0469889793341262,0.18578485438563,0.0529999705900063,0.0529999705900063
"gene_859",0.0509048678648308,0.18578485438563,0.0555392692860833,0.0555392692860833
"gene_860",0.0443389243800853,0.18578485438563,0.0526880981372558,0.0526880981372558
"gene_861",0.0381790837429338,0.18578485438563,0.0463131338611327,0.0463131338611327
"gene_862",1.43034709749321,0.18578485438563,1.15137280153283,1.43034709749321
"gene_863",0.0724361567959194,0.18578485438563,0.0788170040013584,0.0788170040013584
"gene_864",0.0780729094336992,0.18578485438563,0.0824251331492927,0.0824251331492927
"gene_865",1.25373384640156,0.18578485438563,0.992030567137643,1.25373384640156
"gene_866",0.337763758318823,0.18578485438563,0.319750281474728,0.319750281474728
"gene_867",0.0873914508080823,0.18578485438563,0.098659070334211,0.098659070334211
"gene_868",0.071580356971384,0.18578485438563,0.0799978394185156,0.0799978394185156
"gene_869",0.0926554915521607,0.18578485438563,0.0980058108351741,0.0980058108351741
"gene_870",0.0588549400898493,0.18578485438563,0.0690020547536964,0.0690020547536964
"gene_871",0.220792751947728,0.18578485438563,0.217482135687477,0.217482135687477
"gene_872",1.36610068592147,0.18578485438563,1.12623237512943,1.36610068592147
"gene_873",0.0633220574372368,0.18578485438563,0.0686513087188433,0.0686513087188433
"gene_874",0.0796492456625456,0.18578485438563,0.0855445582682911,0.0855445582682911
"gene_875",0.17252692813601,0.18578485438563,0.173817692246911,0.173817692246911
"gene_876",0.0633156771178777,0.18578485438563,0.0691461109244479,0.0691461109244479
"gene_877",0.086354350109546,0.18578485438563,0.0929520575733227,0.0929520575733227
"gene_878",0.0591848124340069,0.18578485438563,0.0635150484371968,0.0635150484371968
"gene_879",0.057407171625171,0.18578485438563,0.0612461668459278,0.0612461668459278
"gene_880",0.0527459363611631,0.18578485438563,0.0585875974307241,0.0585875974307241
"gene_881",0.0981497102686873,0.18578485438563,0.10367922363568,0.10367922363568
"gene_882",0.945209125636332,0.18578485438563,0.768116828953825,0.945209125636332
"gene_883",0.036216731060665,0.18578485438563,0.0438324099637714,0.0438324099637714
"gene_884",0.137972556118646,0.18578485438563,0.143552154846081,0.143552154846081
"gene_885",0.06837985366248,0.18578485438563,0.0747492957387742,0.0747492957387742
"gene_886",0.102369246947843,0.18578485438563,0.109000168564787,0.109000168564787
"gene_887",0.0540206562099537,0.18578485438563,0.0598984170151504,0.0598984170151504
"gene_888",0.784139075305202,0.18578485438563,0.678620175649269,0.784139075305202
"gene_889",0.0451993419726212,0.18578485438563,0.050617084663811,0.050617084663811
"gene_890",0.0460389980179207,0.18578485438563,0.0518418728787112,0.0518418728787112
"gene_891",0.140197205871114,0.18578485438563,0.144179690404554,0.144179690404554
"gene_892",0.0548523439893952,0.18578485438563,0.0639467715890088,0.0639467715890088
"gene_893",0.152669785258416,0.18578485438563,0.157474496880306,0.157474496880306
"gene_894",0.0600820092419865,0.18578485438563,0.0659060240619974,0.0659060240619974
"gene_895",0.048853466515275,0.18578485438563,0.0551262190812192,0.0551262190812192
"gene_896",0.323388906722565,0.18578485438563,0.303255264164472,0.303255264164472
"gene_897",0.0489572437025375,0.18578485438563,0.0538955261585725,0.0538955261585725
"gene_898",0.160205621452596,0.18578485438563,0.162608229920589,0.162608229920589
"gene_899",0.174255328847435,0.18578485438563,0.175608338429002,0.175608338429002
"gene_900",0.1918226746411,0.18578485438563,0.191204068266521,0.191204068266521
"gene_901",0.045812793984925,0.18578485438563,0.0516213190035868,0.0516213190035868
"gene_902",0.0608381580759407,0.18578485438563,0.0618046419664932,0.0618046419664932
"gene_903",0.0545256666729477,0.18578485438563,0.0617600242932189,0.0617600242932189
"gene_904",0.0942491174869769,0.18578485438563,0.100271245799079,0.100271245799079
"gene_905",0.873817657254398,0.18578485438563,0.71100961101011,0.873817657254398
"gene_906",0.0835477809949161,0.18578485438563,0.0892003219633099,0.0892003219633099
"gene_907",0.0744604478487773,0.18578485438563,0.0763234633038721,0.0763234633038721
"gene_908",0.0483986891232943,0.18578485438563,0.0544339642158077,0.0544339642158077
"gene_909",0.0787415266039124,0.18578485438563,0.0847755844442724,0.0847755844442724
"gene_910",0.0750191415617476,0.18578485438563,0.0812855986838346,0.0812855986838346
"gene_911",0.0765619758931863,0.18578485438563,0.0825858266833557,0.0825858266833557
"gene_912",0.0756864714382353,0.18578485438563,0.0821604874075839,0.0821604874075839
"gene_913",0.0506551928558996,0.18578485438563,0.0595426316175256,0.0595426316175256
"gene_914",0.0556500098877617,0.18578485438563,0.0631680157006022,0.0631680157006022
"gene_915",0.247204402918811,0.18578485438563,0.240518285004689,0.240518285004689
"gene_916",0.175759437232019,0.18578485438563,0.178777882259513,0.178777882259513
"gene_917",0.121716821021095,0.18578485438563,0.125600176626637,0.125600176626637
"gene_918",0.140687068473604,0.18578485438563,0.14497276409996,0.14497276409996
"gene_919",0.186521496808479,0.18578485438563,0.186483454076793,0.186483454076793
"gene_920",0.0450960100017364,0.18578485438563,0.0518263338008919,0.0518263338008919
"gene_921",0.054712995227817,0.18578485438563,0.0611000762059506,0.0611000762059506
"gene_922",0.207160819091283,0.18578485438563,0.204901855550508,0.204901855550508
"gene_923",0.15105369581984,0.18578485438563,0.154327137660776,0.154327137660776
"gene_924",1.01068440119385,0.18578485438563,0.836168226572437,1.01068440119385
"gene_925",0.0919748602763831,0.18578485438563,0.0985995631784412,0.0985995631784412
"gene_926",0.105478461230895,0.18578485438563,0.111283491873934,0.111283491873934
"gene_927",0.23038302590943,0.18578485438563,0.22605716713174,0.22605716713174
"gene_928",0.156308720858551,0.18578485438563,0.158968903164428,0.158968903164428
"gene_929",0.0627713518114694,0.18578485438563,0.0680324658661989,0.0680324658661989
"gene_930",0.0714688813692023,0.18578485438563,0.0774330192682706,0.0774330192682706
"gene_931",0.31501481200334,0.18578485438563,0.298254947115392,0.298254947115392
"gene_932",0.0838335912205389,0.18578485438563,0.0903341151483417,0.0903341151483417
"gene_933",0.0568192757748531,0.18578485438563,0.0604229648699234,0.0604229648699234
"gene_934",0.202024295947013,0.18578485438563,0.200189175469594,0.200189175469594
"gene_935",0.47167807681397,0.18578485438563,0.417382138937841,0.417382138937841
"gene_936",0.0792619251192496,0.18578485438563,0.0853631554901756,0.0853631554901756
"gene_937",0.229918837951798,0.18578485438563,0.224492685095043,0.224492685095043
"gene_938",0.0746351953586616,0.18578485438563,0.0806952018684362,0.0806952018684362
"gene_939",0.0399675158694982,0.18578485438563,0.047381305962,0.047381305962
"gene_940",0.0613538555298533,0.18578485438563,0.0690380160859426,0.0690380160859426
"gene_941",0.172748509574696,0.18578485438563,0.173975455409882,0.173975455409882
"gene_942",0.0998551776323263,0.18578485438563,0.106751454761422,0.106751454761422
"gene_943",0.304398550622757,0.18578485438563,0.288682724165572,0.288682724165572
"gene_944",0.0573237412571275,0.18578485438563,0.0637986932111436,0.0637986932111436
"gene_945",0.157696076119644,0.18578485438563,0.160318003821343,0.160318003821343
"gene_946",0.0476581543293253,0.18578485438563,0.0515119262001206,0.0515119262001206
"gene_947",0.156854763959717,0.18578485438563,0.159301330978023,0.159301330978023
"gene_948",0.3735221988808,0.18578485438563,0.348178206634308,0.348178206634308
"gene_949",0.043452815169788,0.18578485438563,0.0488931852786298,0.0488931852786298
"gene_950",0.123363590696723,0.18578485438563,0.128096534091689,0.128096534091689
"gene_951",0.955841739867204,0.18578485438563,0.782010759260753,0.955841739867204
"gene_952",0.301808397520244,0.18578485438563,0.284932335496595,0.284932335496595
"gene_953",0.132817467929337,0.18578485438563,0.136680909648803,0.136680909648803
"gene_954",0.0423887750886552,0.18578485438563,0.0472417052610735,0.0472417052610735
"gene_955",0.0969916933889612,0.18578485438563,0.103299248285904,0.103299248285904
"gene_956",0.0737481612003119,0.18578485438563,0.0796438628865031,0.0796438628865031
"gene_957",0.084749551880786,0.18578485438563,0.0917237996045143,0.0917237996045143
"gene_958",0.0453012714076368,0.18578485438563,0.0521198354130197,0.0521198354130197
"gene_959",0.653302985814887,0.18578485438563,0.524341825811387,0.524341825811387
"gene_960",0.373443714500452,0.18578485438563,0.351540636130165,0.351540636130165
"gene_961",0.112086604509043,0.18578485438563,0.117428599623997,0.117428599623997
"gene_962",0.0517589356981535,0.18578485438563,0.0582694620915266,0.0582694620915266
"gene_963",0.178164465673752,0.18578485438563,0.178916081697697,0.178916081697697
"gene_964",0.905013727111105,0.18578485438563,0.734918715407349,0.905013727111105
"gene_965",0.189450820068266,0.18578485438563,0.188863763198025,0.188863763198025
"gene_966",0.0525028813049152,0.18578485438563,0.0586260289809245,0.0586260289809245
"gene_967",0.0932370366844081,0.18578485438563,0.0992471102286851,0.0992471102286851
"gene_968",0.0795026208774074,0.18578485438563,0.0842107334010652,0.0842107334010652
"gene_969",0.413637255618389,0.18578485438563,0.379099048839576,0.379099048839576
"gene_970",0.0569168749197504,0.18578485438563,0.0646861691830814,0.0646861691830814
"gene_971",0.29182236586816,0.18578485438563,0.279819853461709,0.279819853461709
"gene_972",0.0624508026774592,0.18578485438563,0.0675687371823391,0.0675687371823391
"gene_973",0.0821911241492325,0.18578485438563,0.0870218410864473,0.0870218410864473
"gene_974",0.127790709340788,0.18578485438563,0.132440564069974,0.132440564069974
"gene_975",0.040535756886795,0.18578485438563,0.0477280143454995,0.0477280143454995
"gene_976",0.0472372056525604,0.18578485438563,0.0523251837144509,0.0523251837144509
"gene_977",0.0684591092193419,0.18578485438563,0.075791984882856,0.075791984882856
"gene_978",0.0644276086539186,0.18578485438563,0.0727824448183074,0.0727824448183074
"gene_979",0.12909707519966,0.18578485438563,0.134182013200236,0.134182013200236
"gene_980",0.083301546639943,0.18578485438563,0.0903678997420016,0.0903678997420016
"gene_981",0.590081727816262,0.18578485438563,0.523792198384563,0.523792198384563
"gene_982",0.0623367024758197,0.18578485438563,0.0684056739255243,0.0684056739255243
"gene_983",0.0631696316101385,0.18578485438563,0.0694166128866123,0.0694166128866123
"gene_984",0.120918854654791,0.18578485438563,0.126497659487861,0.126497659487861
"gene_985",1.02103851697961,0.18578485438563,0.846737774691247,1.02103851697961
"gene_986",0.0976717541315127,0.18578485438563,0.104203770627159,0.104203770627159
"gene_987",0.0600624870792073,0.18578485438563,0.065965324482852,0.065965324482852
"gene_988",0.282991961206105,0.18578485438563,0.271723787009378,0.271723787009378
"gene_989",0.0355552881548091,0.18578485438563,0.040021944407136,0.040021944407136
"gene_990",0.284855083194652,0.18578485438563,0.273087655082814,0.273087655082814
"gene_991",0.0660200716777667,0.18578485438563,0.0736589422080289,0.0736589422080289
"gene_992",0.110463683830091,0.18578485438563,0.116151918785703,0.116151918785703
"gene_993",0.0577196400070518,0.18578485438563,0.0635902242199975,0.0635902242199975
"gene_994",0.0642966433935891,0.18578485438563,0.0700218490929659,0.0700218490929659
"gene_995",0.108382448178337,0.18578485438563,0.115578579538546,0.115578579538546
"gene_996",0.0992896115776798,0.18578485438563,0.105349165202708,0.105349165202708
"gene_997",0.0669643904738022,0.18578485438563,0.0735099793218783,0.0735099793218783
"gene_998",0.0700682343720715,0.18578485438563,0.0765198307059762,0.0765198307059762
"gene_999",0.119196476019653,0.18578485438563,0.124875519953568,0.124875519953568
"gene_1000",0.160131914193644,0.18578485438563,0.162664776274062,0.162664776274062
"gene_1001",0.0410373734239025,0.18578485438563,0.046498940733512,0.046498940733512
"gene_1002",0.0952508829705186,0.18578485438563,0.100470407385517,0.100470407385517
"gene_1003",0.0637428174227746,0.18578485438563,0.0702374423268538,0.0702374423268538
"gene_1004",0.0653199568421082,0.18578485438563,0.0698190784855742,0.0698190784855742
"gene_1005",0.0656202133919114,0.18578485438563,0.0724667332319459,0.0724667332319459
"gene_1006",0.387403034809585,0.18578485438563,0.361865498237324,0.361865498237324
"gene_1007",0.066800933256002,0.18578485438563,0.0736005703632026,0.0736005703632026
"gene_1008",0.0611061082517883,0.18578485438563,0.0648392419398513,0.0648392419398513
"gene_1009",0.647609420810705,0.18578485438563,0.571152181878792,0.571152181878792
"gene_1010",0.510537127597691,0.18578485438563,0.459210281496078,0.459210281496078
"gene_1011",0.137021197720085,0.18578485438563,0.140494892186651,0.140494892186651
"gene_1012",0.0447749395028509,0.18578485438563,0.0514745463252674,0.0514745463252674
"gene_1013",0.0450147108583784,0.18578485438563,0.0509687207086192,0.0509687207086192
"gene_1014",0.0657019283869039,0.18578485438563,0.0698044018941075,0.0698044018941075
"gene_1015",0.059357717022194,0.18578485438563,0.0670984867041033,0.0670984867041033
"gene_1016",0.0490653922669556,0.18578485438563,0.0557688972574185,0.0557688972574185
"gene_1017",0.058603406661109,0.18578485438563,0.0655520475507005,0.0655520475507005
"gene_1018",0.07241388368305,0.18578485438563,0.0786914676627315,0.0786914676627315
"gene_1019",0.121524703041726,0.18578485438563,0.128278899694005,0.128278899694005
"gene_1020",0.0809459363977334,0.18578485438563,0.0858173973192681,0.0858173973192681
"gene_1021",0.0442362060986553,0.18578485438563,0.0514187688975894,0.0514187688975894
"gene_1022",0.103529308698089,0.18578485438563,0.111250285125819,0.111250285125819
"gene_1023",0.162191658084831,0.18578485438563,0.164661566151743,0.164661566151743
"gene_1024",0.331984306094848,0.18578485438563,0.314720505405539,0.314720505405539
"gene_1025",0.0580274576191648,0.18578485438563,0.0638911562697581,0.0638911562697581
"gene_1026",0.0518149263150791,0.18578485438563,0.0602201594954459,0.0602201594954459
"gene_1027",0.0684223402062918,0.18578485438563,0.0742576498915623,0.0742576498915623
"gene_1028",0.0655788374012118,0.18578485438563,0.0703234661050266,0.0703234661050266
"gene_1029",0.0998444610497996,0.18578485438563,0.104276649163829,0.104276649163829
"gene_1030",0.0596948650868031,0.18578485438563,0.0663075299029423,0.0663075299029423
"gene_1031",0.124358623728205,0.18578485438563,0.128909790108104,0.128909790108104
"gene_1032",0.0681683435296058,0.18578485438563,0.0738432541706988,0.0738432541706988
"gene_1033",0.0654642047642748,0.18578485438563,0.07205369153299,0.07205369153299
"gene_1034",0.0549872772972283,0.18578485438563,0.0642988448361997,0.0642988448361997
"gene_1035",0.0486658991964059,0.18578485438563,0.0567916367364955,0.0567916367364955
"gene_1036",0.0453420454619479,0.18578485438563,0.0539852571429738,0.0539852571429738
"gene_1037",0.0381616514839334,0.18578485438563,0.0438176012489319,0.0438176012489319
"gene_1038",0.0901344216891488,0.18578485438563,0.0967325702340627,0.0967325702340627
"gene_1039",0.045147766568003,0.18578485438563,0.0505670751636582,0.0505670751636582
"gene_1040",0.0770945120575053,0.18578485438563,0.0838895096263079,0.0838895096263079
"gene_1041",0.0829322874016357,0.18578485438563,0.0899602607643836,0.0899602607643836
"gene_1042",0.047767212413907,0.18578485438563,0.0559926135699032,0.0559926135699032
"gene_1043",0.0469823053220129,0.18578485438563,0.0558816867260037,0.0558816867260037
"gene_1044",0.0985810170176205,0.18578485438563,0.105143731381819,0.105143731381819
"gene_1045",0.0537030970450056,0.18578485438563,0.0613605349018858,0.0613605349018858
"gene_1046",0.120162486163614,0.18578485438563,0.125854690597765,0.125854690597765
"gene_1047",0.22873990390489,0.18578485438563,0.224453828290468,0.224453828290468
"gene_1048",0.355817550298687,0.18578485438563,0.336076511252281,0.336076511252281
"gene_1049",0.0910617457381505,0.18578485438563,0.0976378932243401,0.0976378932243401
"gene_1050",0.139162993953173,0.18578485438563,0.143342418696253,0.143342418696253
"gene_1051",0.0659497511357667,0.18578485438563,0.0692788730686257,0.0692788730686257
"gene_1052",0.850496621238633,0.18578485438563,0.697960970477478,0.850496621238633
"gene_1053",0.147882965387108,0.18578485438563,0.151147614376511,0.151147614376511
"gene_1054",0.152112352222318,0.18578485438563,0.156614734401829,0.156614734401829
"gene_1055",0.0954662063939546,0.18578485438563,0.101140263541932,0.101140263541932
"gene_1056",0.334037091524564,0.18578485438563,0.312605817774679,0.312605817774679
"gene_1057",0.182934555959001,0.18578485438563,0.183304025004124,0.183304025004124
"gene_1058",0.0960810287504093,0.18578485438563,0.103304063776365,0.103304063776365
"gene_1059",0.123265020403143,0.18578485438563,0.127997849104401,0.127997849104401
"gene_1060",0.0701535356068154,0.18578485438563,0.0760485156962607,0.0760485156962607
"gene_1061",0.0526607419963286,0.18578485438563,0.0586122793215935,0.0586122793215935
"gene_1062",0.723567083652278,0.18578485438563,0.624364758676718,0.723567083652278
"gene_1063",0.052995846244197,0.18578485438563,0.0589125779376052,0.0589125779376052
"gene_1064",0.0848623844316584,0.18578485438563,0.091447418388121,0.091447418388121
"gene_1065",1.15654715306056,0.18578485438563,0.990489099927675,1.15654715306056
"gene_1066",0.042487112803179,0.18578485438563,0.0481260209468091,0.0481260209468091
"gene_1067",0.291561627122729,0.18578485438563,0.277901457013488,0.277901457013488
"gene_1068",0.295396952984283,0.18578485438563,0.281817730295906,0.281817730295906
"gene_1069",0.0349577902905035,0.18578485438563,0.0388151131920396,0.0388151131920396
"gene_1070",0.0893476777210372,0.18578485438563,0.0957256455557894,0.0957256455557894
"gene_1071",0.221941842703673,0.18578485438563,0.21798073757671,0.21798073757671
"gene_1072",1.26360783016183,0.18578485438563,1.02995980181567,1.26360783016183
"gene_1073",0.0782195170512949,0.18578485438563,0.084888844975518,0.084888844975518
"gene_1074",0.184369489156552,0.18578485438563,0.184429877030563,0.184429877030563
"gene_1075",0.0909563312686789,0.18578485438563,0.0974628502776017,0.0974628502776017
"gene_1076",0.0861742028326779,0.18578485438563,0.0917491641447758,0.0917491641447758
"gene_1077",0.0573059703969753,0.18578485438563,0.0647482862930766,0.0647482862930766
"gene_1078",0.0478375466164645,0.18578485438563,0.0564017134447142,0.0564017134447142
"gene_1079",0.142423240242582,0.18578485438563,0.146579969159264,0.146579969159264
"gene_1080",1.06648085835819,0.18578485438563,0.833930395368403,1.06648085835819
"gene_1081",0.4211952080598,0.18578485438563,0.390455957540196,0.390455957540196
"gene_1082",0.659890559447587,0.18578485438563,0.5574409897258,0.5574409897258
"gene_1083",0.0922334553747193,0.18578485438563,0.0946617743825259,0.0946617743825259
"gene_1084",0.0543590899862264,0.18578485438563,0.0622381253587836,0.0622381253587836
"gene_1085",0.0621416468627495,0.18578485438563,0.0622729045638565,0.0622729045638565
"gene_1086",0.207442215972632,0.18578485438563,0.205345203620761,0.205345203620761
"gene_1087",0.0462733198798427,0.18578485438563,0.0538675297111076,0.0538675297111076
"gene_1088",0.0559652284134235,0.18578485438563,0.0599088236844493,0.0599088236844493
"gene_1089",0.0383132977200633,0.18578485438563,0.0439229444628653,0.0439229444628653
"gene_1090",0.0620320357728221,0.18578485438563,0.0662373933040935,0.0662373933040935
"gene_1091",0.0582045832318126,0.18578485438563,0.0624385154647585,0.0624385154647585
"gene_1092",0.180418296447233,0.18578485438563,0.18093020094995,0.18093020094995
"gene_1093",0.665687625948858,0.18578485438563,0.552624389246574,0.552624389246574
"gene_1094",0.0583152002085801,0.18578485438563,0.0637021765692513,0.0637021765692513
"gene_1095",0.0800815377702828,0.18578485438563,0.086165802714903,0.086165802714903
"gene_1096",0.0729914434340893,0.18578485438563,0.0794969307007964,0.0794969307007964
"gene_1097",0.11069630359573,0.18578485438563,0.116838551463261,0.116838551463261
"gene_1098",0.0931107624613722,0.18578485438563,0.098723941403113,0.098723941403113
"gene_1099",0.107649508707313,0.18578485438563,0.113587818878031,0.113587818878031
"gene_1100",0.463313005358154,0.18578485438563,0.427407713039602,0.427407713039602
"gene_1101",0.0566474905971044,0.18578485438563,0.0639726484106075,0.0639726484106075
"gene_1102",0.153322787953471,0.18578485438563,0.155923582515148,0.155923582515148
"gene_1103",0.111748090903874,0.18578485438563,0.116937400404179,0.116937400404179
"gene_1104",0.108861832711515,0.18578485438563,0.1145487550757,0.1145487550757
"gene_1105",0.222351889257666,0.18578485438563,0.218754569129538,0.218754569129538
"gene_1106",0.0698736655558244,0.18578485438563,0.0783976646455352,0.0783976646455352
"gene_1107",0.162849106477794,0.18578485438563,0.166421719362183,0.166421719362183
"gene_1108",0.0807803516714117,0.18578485438563,0.0877396392616926,0.0877396392616926
"gene_1109",0.0624548634711464,0.18578485438563,0.0687405082791742,0.0687405082791742
"gene_1110",0.0699055880056739,0.18578485438563,0.0759102670258414,0.0759102670258414
"gene_1111",0.0494887019549904,0.18578485438563,0.055403892319081,0.055403892319081
"gene_1112",0.117768019691029,0.18578485438563,0.124613081160853,0.124613081160853
"gene_1113",0.0523078227819124,0.18578485438563,0.0596574867828603,0.0596574867828603
"gene_1114",0.251379232218725,0.18578485438563,0.244264655332122,0.244264655332122
"gene_1115",0.0901981604105758,0.18578485438563,0.0956586129682603,0.0956586129682603
"gene_1116",0.131376399655335,0.18578485438563,0.136941146886899,0.136941146886899
"gene_1117",0.0512272953898866,0.18578485438563,0.0573474063382013,0.0573474063382013
"gene_1118",0.191789516353865,0.18578485438563,0.190949248496876,0.190949248496876
"gene_1119",0.0699100708249345,0.18578485438563,0.074116886336063,0.074116886336063
"gene_1120",0.139608296386336,0.18578485438563,0.143623676808234,0.143623676808234
"gene_1121",0.0886264590618057,0.18578485438563,0.0931901430441338,0.0931901430441338
"gene_1122",0.147128958374944,0.18578485438563,0.151830695727512,0.151830695727512
"gene_1123",0.0845274914984326,0.18578485438563,0.08902727102776,0.08902727102776
"gene_1124",0.0575853399733369,0.18578485438563,0.0639107542065762,0.0639107542065762
"gene_1125",0.050164336714826,0.18578485438563,0.0555698563287255,0.0555698563287255
"gene_1126",0.270895315820097,0.18578485438563,0.261707228630914,0.261707228630914
"gene_1127",0.144799245891069,0.18578485438563,0.148718543215889,0.148718543215889
"gene_1128",0.0641752884906262,0.18578485438563,0.0701026362911552,0.0701026362911552
"gene_1129",0.185464258633426,0.18578485438563,0.185512984807432,0.185512984807432
"gene_1130",0.0868149264075915,0.18578485438563,0.092940908522885,0.092940908522885
"gene_1131",0.398474682347821,0.18578485438563,0.369223733388856,0.369223733388856
"gene_1132",0.0884932638680535,0.18578485438563,0.0943695717793135,0.0943695717793135
"gene_1133",0.123802532737588,0.18578485438563,0.129157590375286,0.129157590375286
"gene_1134",0.0963400448534955,0.18578485438563,0.103083777630724,0.103083777630724
"gene_1135",0.0777206897298586,0.18578485438563,0.0842683120013466,0.0842683120013466
"gene_1136",0.0907143395572244,0.18578485438563,0.0971302474940939,0.0971302474940939
"gene_1137",0.193741849655449,0.18578485438563,0.193617277312311,0.193617277312311
"gene_1138",0.0445601597137113,0.18578485438563,0.0499212093519714,0.0499212093519714
"gene_1139",0.0532121566356792,0.18578485438563,0.059080924156443,0.059080924156443
"gene_1140",0.0846749239926143,0.18578485438563,0.090394832449758,0.090394832449758
"gene_1141",0.0453560158812509,0.18578485438563,0.0533400511531828,0.0533400511531828
"gene_1142",0.0453828068902252,0.18578485438563,0.0524747230804154,0.0524747230804154
"gene_1143",1.31421183951828,0.18578485438563,1.04607844769965,1.31421183951828
"gene_1144",0.043879667944251,0.18578485438563,0.0518327223444459,0.0518327223444459
"gene_1145",0.0972531285387785,0.18578485438563,0.103120937760403,0.103120937760403
"gene_1146",0.0530070391064353,0.18578485438563,0.059139487606618,0.059139487606618
"gene_1147",0.228057512312107,0.18578485438563,0.223988670639701,0.223988670639701
"gene_1148",0.0334881557560865,0.18578485438563,0.0370412053302927,0.0370412053302927
"gene_1149",0.0818617531252876,0.18578485438563,0.0880742617933085,0.0880742617933085
"gene_1150",0.0911152417265789,0.18578485438563,0.0973704367817703,0.0973704367817703
"gene_1151",0.905841679420198,0.18578485438563,0.724660671208971,0.905841679420198
"gene_1152",0.0642260666217056,0.18578485438563,0.0710268965650126,0.0710268965650126
"gene_1153",0.0678399256922426,0.18578485438563,0.0752436366444771,0.0752436366444771
"gene_1154",0.0473291245455703,0.18578485438563,0.0562027825302174,0.0562027825302174
"gene_1155",0.0557725762649927,0.18578485438563,0.0602906558997778,0.0602906558997778
"gene_1156",0.0502365564671031,0.18578485438563,0.0547218645108073,0.0547218645108073
"gene_1157",0.0763625437729622,0.18578485438563,0.0829511185669358,0.0829511185669358
"gene_1158",0.468454743554471,0.18578485438563,0.425840017057923,0.425840017057923
"gene_1159",0.070796447660107,0.18578485438563,0.0774801500841909,0.0774801500841909
"gene_1160",0.264222000650291,0.18578485438563,0.254917171940005,0.254917171940005
"gene_1161",0.0604406791296819,0.18578485438563,0.0674468552936614,0.0674468552936614
"gene_1162",0.074744958096564,0.18578485438563,0.0797125147008191,0.0797125147008191
"gene_1163",0.0633963014046482,0.18578485438563,0.0684182235573251,0.0684182235573251
"gene_1164",0.0623901456277213,0.18578485438563,0.0686723562702847,0.0686723562702847
"gene_1165",0.0544702821415816,0.18578485438563,0.0604461716941967,0.0604461716941967
"gene_1166",0.0944223928355471,0.18578485438563,0.100843969052874,0.100843969052874
"gene_1167",0.0654580981522817,0.18578485438563,0.070564914971551,0.070564914971551
"gene_1168",0.551158239724542,0.18578485438563,0.485446938916204,0.485446938916204
"gene_1169",1.35606785756996,0.18578485438563,1.08824924559714,1.35606785756996
"gene_1170",0.792692039785439,0.18578485438563,0.65588094866321,0.792692039785439
"gene_1171",0.144171717097354,0.18578485438563,0.147709400253946,0.147709400253946
"gene_1172",0.0573735123736394,0.18578485438563,0.0634134508608787,0.0634134508608787
"gene_1173",0.060065070268949,0.18578485438563,0.0680241171076508,0.0680241171076508
"gene_1174",0.0606717940409637,0.18578485438563,0.0671991021605164,0.0671991021605164
"gene_1175",0.0641744906283774,0.18578485438563,0.0701967132109874,0.0701967132109874
"gene_1176",0.128228650298022,0.18578485438563,0.132501980771297,0.132501980771297
"gene_1177",0.0737232834856285,0.18578485438563,0.0800611370895691,0.0800611370895691
"gene_1178",0.301518513659165,0.18578485438563,0.287262058290713,0.287262058290713
"gene_1179",0.0576933392185057,0.18578485438563,0.0658185631113577,0.0658185631113577
"gene_1180",0.0546922600263322,0.18578485438563,0.0608581839350785,0.0608581839350785
"gene_1181",0.211081198304088,0.18578485438563,0.208275895465815,0.208275895465815
"gene_1182",0.053789231782667,0.18578485438563,0.0574545186941081,0.0574545186941081
"gene_1183",0.0591471446901029,0.18578485438563,0.0652108601712368,0.0652108601712368
"gene_1184",0.14866698242877,0.18578485438563,0.151863159050817,0.151863159050817
"gene_1185",0.640134363985694,0.18578485438563,0.567108814927976,0.567108814927976
"gene_1186",0.38910105855304,0.18578485438563,0.363404905624159,0.363404905624159
"gene_1187",0.0902470890741587,0.18578485438563,0.0963903937873158,0.0963903937873158
"gene_1188",0.0491105511260427,0.18578485438563,0.055280855074396,0.055280855074396
"gene_1189",0.236652532237214,0.18578485438563,0.230927386673863,0.230927386673863
"gene_1190",0.0884090946736239,0.18578485438563,0.0965879673432879,0.0965879673432879
"gene_1191",0.0488315291520775,0.18578485438563,0.0556286850145084,0.0556286850145084
"gene_1192",0.0342057471683932,0.18578485438563,0.0393316201967038,0.0393316201967038
"gene_1193",0.0792646303863001,0.18578485438563,0.085277480382821,0.085277480382821
"gene_1194",0.0572036210241243,0.18578485438563,0.0619247977737612,0.0619247977737612
"gene_1195",0.0416670199800307,0.18578485438563,0.0507275110250694,0.0507275110250694
"gene_1196",0.083606940170102,0.18578485438563,0.0895589031797919,0.0895589031797919
"gene_1197",0.0500440556360549,0.18578485438563,0.0583007833382698,0.0583007833382698
"gene_1198",0.107867746336443,0.18578485438563,0.114595201372715,0.114595201372715
"gene_1199",0.0978763428880718,0.18578485438563,0.102431597319623,0.102431597319623
"gene_1200",0.0884499870778459,0.18578485438563,0.0966153820046378,0.0966153820046378
"gene_1201",0.0994188171192715,0.18578485438563,0.106048632437546,0.106048632437546
"gene_1202",0.0575514539149105,0.18578485438563,0.0641483189735717,0.0641483189735717
"gene_1203",0.81803627625181,0.18578485438563,0.676767822883248,0.81803627625181
"gene_1204",0.331373522837503,0.18578485438563,0.312941748908481,0.312941748908481
"gene_1205",0.112723259821417,0.18578485438563,0.118176892937197,0.118176892937197
"gene_1206",0.683783252282436,0.18578485438563,0.586397351353048,0.586397351353048
"gene_1207",0.122039041833231,0.18578485438563,0.125648130206595,0.125648130206595
"gene_1208",0.0368873047063592,0.18578485438563,0.0442701519630793,0.0442701519630793
"gene_1209",0.074396019167586,0.18578485438563,0.0804311535607618,0.0804311535607618
"gene_1210",0.129685994167567,0.18578485438563,0.133912909379842,0.133912909379842
"gene_1211",0.0498240709005539,0.18578485438563,0.0556537292073437,0.0556537292073437
"gene_1212",0.0555114907971614,0.18578485438563,0.0605901616348993,0.0605901616348993
"gene_1213",0.0516629786947493,0.18578485438563,0.0576080174955233,0.0576080174955233
"gene_1214",1.3113054661097,0.18578485438563,1.03569805559957,1.3113054661097
"gene_1215",0.30992840795004,0.18578485438563,0.291098984843058,0.291098984843058
"gene_1216",0.0778018860905485,0.18578485438563,0.085259015756376,0.085259015756376
"gene_1217",0.0890855692363661,0.18578485438563,0.09375842244564,0.09375842244564
"gene_1218",0.333009152777361,0.18578485438563,0.313904113815976,0.313904113815976
"gene_1219",0.0546133032990607,0.18578485438563,0.0634023925758197,0.0634023925758197
"gene_1220",0.0613253042605926,0.18578485438563,0.0682725775422283,0.0682725775422283
"gene_1221",0.0938223704573229,0.18578485438563,0.0997908826962399,0.0997908826962399
"gene_1222",0.0533786166665656,0.18578485438563,0.0603668605033282,0.0603668605033282
"gene_1223",0.0589373744697105,0.18578485438563,0.0655889963661696,0.0655889963661696
"gene_1224",0.0621784935703255,0.18578485438563,0.0682897473562423,0.0682897473562423
"gene_1225",0.49450803298341,0.18578485438563,0.443369392387585,0.443369392387585
"gene_1226",0.657905952344977,0.18578485438563,0.527317159034635,0.527317159034635
"gene_1227",0.138722250796761,0.18578485438563,0.143926869382078,0.143926869382078
"gene_1228",0.10002411692091,0.18578485438563,0.105295676788921,0.105295676788921
"gene_1229",0.0439420828601352,0.18578485438563,0.048474634421334,0.048474634421334
"gene_1230",0.0643161633582351,0.18578485438563,0.070364323241906,0.070364323241906
"gene_1231",0.0596701794260264,0.18578485438563,0.0659334036480557,0.0659334036480557
"gene_1232",0.0510158845303194,0.18578485438563,0.0574418733739509,0.0574418733739509
"gene_1233",0.0548990221006733,0.18578485438563,0.0639105838812623,0.0639105838812623
"gene_1234",0.0812493048223094,0.18578485438563,0.0897711335045651,0.0897711335045651
"gene_1235",0.0753231846310222,0.18578485438563,0.0813624992310886,0.0813624992310886
"gene_1236",0.130248315119843,0.18578485438563,0.134565246135576,0.134565246135576
"gene_1237",0.0544456380272373,0.18578485438563,0.0607261106801466,0.0607261106801466
"gene_1238",0.168511989831722,0.18578485438563,0.170067354158116,0.170067354158116
"gene_1239",0.0694072596415481,0.18578485438563,0.0763038870638222,0.0763038870638222
"gene_1240",0.0471785377847129,0.18578485438563,0.0529826694699064,0.0529826694699064
"gene_1241",0.0510270543527003,0.18578485438563,0.0579193772566109,0.0579193772566109
"gene_1242",0.0495443627265892,0.18578485438563,0.053295587091438,0.053295587091438
"gene_1243",0.0739588270601758,0.18578485438563,0.0810982970995449,0.0810982970995449
"gene_1244",0.151588843605334,0.18578485438563,0.1546525066372,0.1546525066372
"gene_1245",0.0743444375971151,0.18578485438563,0.077168111796803,0.077168111796803
"gene_1246",0.0825598980135364,0.18578485438563,0.0879636755778287,0.0879636755778287
"gene_1247",0.190218476821519,0.18578485438563,0.189154556195853,0.189154556195853
"gene_1248",0.0783937565798758,0.18578485438563,0.0845875597675226,0.0845875597675226
"gene_1249",0.0599094312636072,0.18578485438563,0.0657010988597834,0.0657010988597834
"gene_1250",0.0678528924671607,0.18578485438563,0.0737783977891406,0.0737783977891406
"gene_1251",0.0666476663837743,0.18578485438563,0.0726175797379336,0.0726175797379336
"gene_1252",0.0487881221010942,0.18578485438563,0.0550128719311812,0.0550128719311812
"gene_1253",0.328627139460377,0.18578485438563,0.302660317275327,0.302660317275327
"gene_1254",0.0496639460511825,0.18578485438563,0.0566602437647444,0.0566602437647444
"gene_1255",0.0824678291227273,0.18578485438563,0.0884577166983278,0.0884577166983278
"gene_1256",1.26183989529043,0.18578485438563,1.00464026142658,1.26183989529043
"gene_1257",0.0658256780371325,0.18578485438563,0.0728109647754482,0.0728109647754482
"gene_1258",0.213522970651365,0.18578485438563,0.213577195797961,0.213577195797961
"gene_1259",0.0609440873799615,0.18578485438563,0.0666031476142203,0.0666031476142203
"gene_1260",0.106104792088182,0.18578485438563,0.113462317312904,0.113462317312904
"gene_1261",0.0887142824128902,0.18578485438563,0.0944008384762725,0.0944008384762725
"gene_1262",0.0662140002549383,0.18578485438563,0.0746747172819642,0.0746747172819642
"gene_1263",0.129710733168794,0.18578485438563,0.133980192607938,0.133980192607938
"gene_1264",0.0432934386444015,0.18578485438563,0.0489043842569652,0.0489043842569652
"gene_1265",0.189147263789028,0.18578485438563,0.188662555544772,0.188662555544772
"gene_1266",0.881090166712001,0.18578485438563,0.725548777812196,0.881090166712001
"gene_1267",0.0570224884609336,0.18578485438563,0.0634463681626749,0.0634463681626749
"gene_1268",0.716481521093755,0.18578485438563,0.613500705008331,0.716481521093755
"gene_1269",0.217937000439471,0.18578485438563,0.214603320848387,0.214603320848387
"gene_1270",0.04713645148201,0.18578485438563,0.0578904094059771,0.0578904094059771
"gene_1271",0.144386758337514,0.18578485438563,0.14803238350687,0.14803238350687
"gene_1272",0.0573997643994215,0.18578485438563,0.0646230312951139,0.0646230312951139
"gene_1273",0.0462474036311532,0.18578485438563,0.0535464624546952,0.0535464624546952
"gene_1274",0.0947050126123448,0.18578485438563,0.0968144229488013,0.0968144229488013
"gene_1275",0.04128396214369,0.18578485438563,0.0474077200685272,0.0474077200685272
"gene_1276",0.112237279765566,0.18578485438563,0.117936924166284,0.117936924166284
"gene_1277",0.071743569321257,0.18578485438563,0.0782726463062372,0.0782726463062372
"gene_1278",0.423291146763229,0.18578485438563,0.390240882268195,0.390240882268195
"gene_1279",0.0432089014569202,0.18578485438563,0.0486222585999389,0.0486222585999389
"gene_1280",0.144763552342596,0.18578485438563,0.148151450749703,0.148151450749703
"gene_1281",0.107235023079709,0.18578485438563,0.112803767549339,0.112803767549339
"gene_1282",0.0531879697964968,0.18578485438563,0.0598896416327936,0.0598896416327936
"gene_1283",0.052324679587298,0.18578485438563,0.0595951687638325,0.0595951687638325
"gene_1284",0.495472030724631,0.18578485438563,0.432903662917196,0.432903662917196
"gene_1285",0.0958920496761047,0.18578485438563,0.101573896750174,0.101573896750174
"gene_1286",0.239238753465697,0.18578485438563,0.232402097912614,0.232402097912614
"gene_1287",0.0753074291461383,0.18578485438563,0.0813478608043486,0.0813478608043486
"gene_1288",0.0460238836993836,0.18578485438563,0.0517699513327683,0.0517699513327683
"gene_1289",0.135053333828299,0.18578485438563,0.141100924603792,0.141100924603792
"gene_1290",0.944890191657403,0.18578485438563,0.787160546328695,0.944890191657403
"gene_1291",0.053103136385357,0.18578485438563,0.0553854684268428,0.0553854684268428
"gene_1292",0.0548010270533961,0.18578485438563,0.0608535630797538,0.0608535630797538
"gene_1293",0.0766181678588859,0.18578485438563,0.0826817529986394,0.0826817529986394
"gene_1294",0.121751411785317,0.18578485438563,0.127138125876862,0.127138125876862
"gene_1295",0.377097518816362,0.18578485438563,0.352145821111834,0.352145821111834
"gene_1296",0.0850344966651187,0.18578485438563,0.0911370701504342,0.0911370701504342
"gene_1297",0.276473448467153,0.18578485438563,0.266303135706474,0.266303135706474
"gene_1298",0.121559280360932,0.18578485438563,0.126678980144571,0.126678980144571
"gene_1299",0.046681596713201,0.18578485438563,0.0573208798694168,0.0573208798694168
"gene_1300",0.0682624105573924,0.18578485438563,0.0749021931898117,0.0749021931898117
"gene_1301",0.0864145442724423,0.18578485438563,0.0933938889542767,0.0933938889542767
"gene_1302",0.348957207231618,0.18578485438563,0.329126311005296,0.329126311005296
"gene_1303",0.615416414603438,0.18578485438563,0.535063246495796,0.535063246495796
"gene_1304",0.0566381646183207,0.18578485438563,0.0566611087364745,0.0566611087364745
"gene_1305",0.567020851141424,0.18578485438563,0.498635811843039,0.498635811843039
"gene_1306",0.76233529387633,0.18578485438563,0.628530824748681,0.76233529387633
"gene_1307",0.345746029032791,0.18578485438563,0.326235654767902,0.326235654767902
"gene_1308",0.0616531245412565,0.18578485438563,0.0678353696724797,0.0678353696724797
"gene_1309",0.108523160270502,0.18578485438563,0.114037255841328,0.114037255841328
"gene_1310",0.0474158082419559,0.18578485438563,0.0502420891419516,0.0502420891419516
"gene_1311",0.0526101691884436,0.18578485438563,0.0582720313593486,0.0582720313593486
"gene_1312",0.0679061045465298,0.18578485438563,0.0744324066840441,0.0744324066840441
"gene_1313",0.107457897291434,0.18578485438563,0.11231655027701,0.11231655027701
"gene_1314",0.0499831223391157,0.18578485438563,0.0534720649992631,0.0534720649992631
"gene_1315",0.0465261529049716,0.18578485438563,0.0536652625550168,0.0536652625550168
"gene_1316",0.158772799816711,0.18578485438563,0.16115292784596,0.16115292784596
"gene_1317",0.0505654222040295,0.18578485438563,0.0572316403188881,0.0572316403188881
"gene_1318",0.0604904923879232,0.18578485438563,0.0679239958528361,0.0679239958528361
"gene_1319",0.127515582957394,0.18578485438563,0.132024341479183,0.132024341479183
"gene_1320",0.0972079399159501,0.18578485438563,0.103368130352417,0.103368130352417
"gene_1321",0.721717184399386,0.18578485438563,0.640558310879752,0.721717184399386
"gene_1322",0.0601584814507073,0.18578485438563,0.0662390753648546,0.0662390753648546
"gene_1323",0.329273828330177,0.18578485438563,0.307931868516175,0.307931868516175
"gene_1324",0.953661200587418,0.18578485438563,0.809253945441572,0.953661200587418
"gene_1325",0.173937352174487,0.18578485438563,0.174967807309257,0.174967807309257
"gene_1326",0.0544454452958674,0.18578485438563,0.0604520579696156,0.0604520579696156
"gene_1327",0.110117365164559,0.18578485438563,0.116957374646776,0.116957374646776
"gene_1328",0.0631938472705636,0.18578485438563,0.0695691184759499,0.0695691184759499
"gene_1329",0.337172444187967,0.18578485438563,0.316345290460809,0.316345290460809
"gene_1330",0.123689438864143,0.18578485438563,0.126968191322467,0.126968191322467
"gene_1331",0.394524161158083,0.18578485438563,0.360898998239639,0.360898998239639
"gene_1332",0.207982697708419,0.18578485438563,0.205276338774071,0.205276338774071
"gene_1333",0.0758827465301707,0.18578485438563,0.0815272563785391,0.0815272563785391
"gene_1334",0.03258532578105,0.18578485438563,0.0365745936839729,0.0365745936839729
"gene_1335",0.0898952602819506,0.18578485438563,0.0956533734568374,0.0956533734568374
"gene_1336",0.0794976827320364,0.18578485438563,0.085529764827567,0.085529764827567
"gene_1337",0.080522048559276,0.18578485438563,0.0874215394697455,0.0874215394697455
"gene_1338",0.403084032940906,0.18578485438563,0.348157345034279,0.348157345034279
"gene_1339",0.0974419936781416,0.18578485438563,0.103712031777049,0.103712031777049
"gene_1340",0.16502141547818,0.18578485438563,0.166935539449274,0.166935539449274
"gene_1341",0.0474574606875745,0.18578485438563,0.0539036342266388,0.0539036342266388
"gene_1342",1.26181152777108,0.18578485438563,1.00702934217932,1.26181152777108
"gene_1343",1.05847519412799,0.18578485438563,0.879379279311712,1.05847519412799
"gene_1344",0.0688136502120675,0.18578485438563,0.0681000534211301,0.0681000534211301
"gene_1345",0.0589283541989406,0.18578485438563,0.0650264297218142,0.0650264297218142
"gene_1346",0.181537265043934,0.18578485438563,0.181912759402516,0.181912759402516
"gene_1347",0.0573941162991505,0.18578485438563,0.0631910116969686,0.0631910116969686
"gene_1348",0.164530809286228,0.18578485438563,0.16412120336739,0.16412120336739
"gene_1349",0.278559650107492,0.18578485438563,0.26541399062698,0.26541399062698
"gene_1350",0.0451117057679629,0.18578485438563,0.0497286190868457,0.0497286190868457
"gene_1351",0.319235280769369,0.18578485438563,0.301604121248803,0.301604121248803
"gene_1352",0.0756936202613975,0.18578485438563,0.0786064755782289,0.0786064755782289
"gene_1353",0.267335329539935,0.18578485438563,0.258351514902617,0.258351514902617
"gene_1354",0.141965772315467,0.18578485438563,0.145716151945202,0.145716151945202
"gene_1355",0.0805478018377097,0.18578485438563,0.0841742553049374,0.0841742553049374
"gene_1356",0.0769194460707771,0.18578485438563,0.0840562787338535,0.0840562787338535
"gene_1357",0.0965363344540134,0.18578485438563,0.102971109210363,0.102971109210363
"gene_1358",0.249043868280852,0.18578485438563,0.242594717788905,0.242594717788905
"gene_1359",0.0987952348263758,0.18578485438563,0.105320101554106,0.105320101554106
"gene_1360",0.0930082100614827,0.18578485438563,0.0991143716179975,0.0991143716179975
"gene_1361",0.0373899978504582,0.18578485438563,0.0425200422671125,0.0425200422671125
"gene_1362",0.0718007227478605,0.18578485438563,0.0793538352470824,0.0793538352470824
"gene_1363",0.0608596083628039,0.18578485438563,0.0689839307737276,0.0689839307737276
"gene_1364",0.0610245453202982,0.18578485438563,0.0684237258865102,0.0684237258865102
"gene_1365",0.130586585147006,0.18578485438563,0.135052689017869,0.135052689017869
"gene_1366",0.126485822432514,0.18578485438563,0.131676563581076,0.131676563581076
"gene_1367",0.137982456028904,0.18578485438563,0.142047158803603,0.142047158803603
"gene_1368",0.055926718658446,0.18578485438563,0.0621111163773748,0.0621111163773748
"gene_1369",0.0557733890218597,0.18578485438563,0.0608628725018902,0.0608628725018902
"gene_1370",0.161364815623942,0.18578485438563,0.16389125641874,0.16389125641874
"gene_1371",0.0508347532780317,0.18578485438563,0.0577070175564614,0.0577070175564614
"gene_1372",0.0533555535491385,0.18578485438563,0.0557519735722244,0.0557519735722244
"gene_1373",0.0527052330781302,0.18578485438563,0.0594440426620967,0.0594440426620967
"gene_1374",0.0505375719845099,0.18578485438563,0.0610952364019264,0.0610952364019264
"gene_1375",0.18579155113438,0.18578485438563,0.187332649534779,0.187332649534779
"gene_1376",0.279514619935429,0.18578485438563,0.263759722072958,0.263759722072958
"gene_1377",0.0478923468619722,0.18578485438563,0.0552543175816841,0.0552543175816841
"gene_1378",0.07014306625623,0.18578485438563,0.0784051605813946,0.0784051605813946
"gene_1379",0.981668404645973,0.18578485438563,0.788956447527714,0.981668404645973
"gene_1380",0.0710979536805457,0.18578485438563,0.076968115539627,0.076968115539627
"gene_1381",0.0463877707864014,0.18578485438563,0.0511994379391226,0.0511994379391226
"gene_1382",0.0489534016724647,0.18578485438563,0.0520560040516279,0.0520560040516279
"gene_1383",0.0484956641465247,0.18578485438563,0.0543798833527359,0.0543798833527359
"gene_1384",0.0514950659567983,0.18578485438563,0.0576823087260864,0.0576823087260864
"gene_1385",0.0443019632139519,0.18578485438563,0.0487561667579443,0.0487561667579443
"gene_1386",0.149422737437879,0.18578485438563,0.152942324262232,0.152942324262232
"gene_1387",0.0564092747429023,0.18578485438563,0.0644044769799486,0.0644044769799486
"gene_1388",0.222949887086726,0.18578485438563,0.219083258582655,0.219083258582655
"gene_1389",0.0441084022928991,0.18578485438563,0.0506835762670285,0.0506835762670285
"gene_1390",0.0605615400056801,0.18578485438563,0.0688503266381312,0.0688503266381312
"gene_1391",0.141822641877762,0.18578485438563,0.145913689341134,0.145913689341134
"gene_1392",0.0566117847897255,0.18578485438563,0.0604405784968895,0.0604405784968895
"gene_1393",0.0544563351456198,0.18578485438563,0.0608439555077898,0.0608439555077898
"gene_1394",0.0762880952367127,0.18578485438563,0.0869207983336884,0.0869207983336884
"gene_1395",0.0478932744017609,0.18578485438563,0.0533679735968822,0.0533679735968822
"gene_1396",0.0549722556215302,0.18578485438563,0.059503274978798,0.059503274978798
"gene_1397",0.769222615106903,0.18578485438563,0.663506592928919,0.769222615106903
"gene_1398",0.0717443805036564,0.18578485438563,0.0790573474181629,0.0790573474181629
"gene_1399",0.510668468414164,0.18578485438563,0.46271361159793,0.46271361159793
"gene_1400",0.0754314575879666,0.18578485438563,0.0815533661746363,0.0815533661746363
"gene_1401",1.60067601492179,0.18578485438563,1.24550655812968,1.60067601492179
"gene_1402",0.0635967271598411,0.18578485438563,0.0696007852554341,0.0696007852554341
"gene_1403",0.0936150126449059,0.18578485438563,0.0992558750937854,0.0992558750937854
"gene_1404",0.170058068601189,0.18578485438563,0.171474680017112,0.171474680017112
"gene_1405",0.564702695135495,0.18578485438563,0.507715936110848,0.507715936110848
"gene_1406",1.11028818521561,0.18578485438563,0.882661133836065,1.11028818521561
"gene_1407",0.0546634240860007,0.18578485438563,0.0577997691794568,0.0577997691794568
"gene_1408",0.100214028858689,0.18578485438563,0.105856458070113,0.105856458070113
"gene_1409",0.0646683687995885,0.18578485438563,0.0712006631832544,0.0712006631832544
"gene_1410",0.196053954982625,0.18578485438563,0.194857117674562,0.194857117674562
"gene_1411",0.0785695791824406,0.18578485438563,0.0849864168636972,0.0849864168636972
"gene_1412",0.0498107248071742,0.18578485438563,0.0556186267483876,0.0556186267483876
"gene_1413",0.188221119386936,0.18578485438563,0.187884004431112,0.187884004431112
"gene_1414",0.0603157630434401,0.18578485438563,0.0646255141220414,0.0646255141220414
"gene_1415",0.088815264675715,0.18578485438563,0.0947929584804537,0.0947929584804537
"gene_1416",0.0464743701075746,0.18578485438563,0.0529685097572658,0.0529685097572658
"gene_1417",0.0560338183813342,0.18578485438563,0.0606706325456217,0.0606706325456217
"gene_1418",0.0600965945439803,0.18578485438563,0.0629662202168646,0.0629662202168646
"gene_1419",0.381273493807753,0.18578485438563,0.348646174864745,0.348646174864745
"gene_1420",1.26125451812021,0.18578485438563,0.994213520308042,1.26125451812021
"gene_1421",1.2137401322898,0.18578485438563,0.975421045835817,1.2137401322898
"gene_1422",0.345637170569044,0.18578485438563,0.31698701817816,0.31698701817816
"gene_1423",0.773032121962621,0.18578485438563,0.621396967915971,0.773032121962621
"gene_1424",0.037967763411836,0.18578485438563,0.043220972539251,0.043220972539251
"gene_1425",0.0610971293388572,0.18578485438563,0.0674072561441464,0.0674072561441464
"gene_1426",0.0622517806453575,0.18578485438563,0.0685727524113316,0.0685727524113316
"gene_1427",0.0332295855378338,0.18578485438563,0.0393089670129417,0.0393089670129417
"gene_1428",0.16099319530608,0.18578485438563,0.163169674059068,0.163169674059068
"gene_1429",0.231706609460314,0.18578485438563,0.226779457255537,0.226779457255537
"gene_1430",0.0400341826334063,0.18578485438563,0.0463296811631299,0.0463296811631299
"gene_1431",0.233234817028471,0.18578485438563,0.228368241561751,0.228368241561751
"gene_1432",0.100202580396752,0.18578485438563,0.103051698590095,0.103051698590095
"gene_1433",0.172854667461734,0.18578485438563,0.174173420430549,0.174173420430549
"gene_1434",0.0887410071682036,0.18578485438563,0.0958469330681951,0.0958469330681951
"gene_1435",0.122860808130063,0.18578485438563,0.127841138106001,0.127841138106001
"gene_1436",0.250754606311499,0.18578485438563,0.243555959837685,0.243555959837685
"gene_1437",0.103983693468147,0.18578485438563,0.108590909827226,0.108590909827226
"gene_1438",0.0964883193854006,0.18578485438563,0.100510509835821,0.100510509835821
"gene_1439",0.250508567723988,0.18578485438563,0.242565277578036,0.242565277578036
"gene_1440",0.110584425453309,0.18578485438563,0.116131380333316,0.116131380333316
"gene_1441",0.0540122741151634,0.18578485438563,0.060849878358052,0.060849878358052
"gene_1442",0.921626567497979,0.18578485438563,0.761276019929241,0.921626567497979
"gene_1443",0.134177991731192,0.18578485438563,0.138881289621943,0.138881289621943
"gene_1444",0.496697367011501,0.18578485438563,0.44598340464304,0.44598340464304
"gene_1445",0.208974884397848,0.18578485438563,0.206519838130144,0.206519838130144
"gene_1446",0.115927218473942,0.18578485438563,0.121267046330535,0.121267046330535
"gene_1447",0.638533727490658,0.18578485438563,0.523615776336507,0.523615776336507
"gene_1448",0.0547067193513786,0.18578485438563,0.0612887070503255,0.0612887070503255
"gene_1449",0.186443065450153,0.18578485438563,0.186357526820878,0.186357526820878
"gene_1450",0.757301071266585,0.18578485438563,0.649613791121185,0.757301071266585
"gene_1451",0.467476086021006,0.18578485438563,0.419208161587174,0.419208161587174
"gene_1452",0.257392277142483,0.18578485438563,0.248570701130221,0.248570701130221
"gene_1453",0.124169056551998,0.18578485438563,0.128932141070837,0.128932141070837
"gene_1454",0.0606959981565715,0.18578485438563,0.0686044458375686,0.0686044458375686
"gene_1455",0.0518794806280015,0.18578485438563,0.0597509016050603,0.0597509016050603
"gene_1456",0.26378108125285,0.18578485438563,0.253862338456486,0.253862338456486
"gene_1457",0.302744827678188,0.18578485438563,0.286525032559205,0.286525032559205
"gene_1458",0.1476396384719,0.18578485438563,0.151072696282572,0.151072696282572
"gene_1459",1.04226055350192,0.18578485438563,0.85882125859742,1.04226055350192
"gene_1460",0.133087991757265,0.18578485438563,0.137769672991845,0.137769672991845
"gene_1461",0.0555460415448221,0.18578485438563,0.0613166878524051,0.0613166878524051
"gene_1462",0.0718618293178216,0.18578485438563,0.076603232628738,0.076603232628738
"gene_1463",0.0844439335355324,0.18578485438563,0.0902379947055403,0.0902379947055403
"gene_1464",0.073668124569271,0.18578485438563,0.079873819980559,0.079873819980559
"gene_1465",0.0455080601893917,0.18578485438563,0.0487477298071463,0.0487477298071463
"gene_1466",0.213991825933552,0.18578485438563,0.210668479755001,0.210668479755001
"gene_1467",0.29317280186026,0.18578485438563,0.28120292486538,0.28120292486538
"gene_1468",0.0777939612699118,0.18578485438563,0.0846110023677281,0.0846110023677281
"gene_1469",0.103183796061591,0.18578485438563,0.107223656428524,0.107223656428524
"gene_1470",0.0959808387355861,0.18578485438563,0.102130451255794,0.102130451255794
"gene_1471",0.0930270477187862,0.18578485438563,0.098772263272124,0.098772263272124
"gene_1472",0.232223991644498,0.18578485438563,0.227287039475902,0.227287039475902
"gene_1473",0.0396827067349287,0.18578485438563,0.0472376030952407,0.0472376030952407
"gene_1474",0.055545371902442,0.18578485438563,0.0618145037215657,0.0618145037215657
"gene_1475",0.0519900063193041,0.18578485438563,0.0584699188146977,0.0584699188146977
"gene_1476",0.116175825715231,0.18578485438563,0.122018688668099,0.122018688668099
"gene_1477",0.0693823080065242,0.18578485438563,0.077936501009652,0.077936501009652
"gene_1478",0.062418055499492,0.18578485438563,0.0647429786853049,0.0647429786853049
"gene_1479",0.829750069030769,0.18578485438563,0.671249933368738,0.829750069030769
"gene_1480",0.112442547130472,0.18578485438563,0.118659791276425,0.118659791276425
"gene_1481",0.161791319915289,0.18578485438563,0.16388685235477,0.16388685235477
"gene_1482",0.461194004419733,0.18578485438563,0.415454166850406,0.415454166850406
"gene_1483",0.0927544201150881,0.18578485438563,0.0989332338449458,0.0989332338449458
"gene_1484",0.100759235656534,0.18578485438563,0.107150804121566,0.107150804121566
"gene_1485",0.200702401270877,0.18578485438563,0.1992434663623,0.1992434663623
"gene_1486",0.189467006054173,0.18578485438563,0.189138821634945,0.189138821634945
"gene_1487",0.937497324517319,0.18578485438563,0.756201346311092,0.937497324517319
"gene_1488",0.0440682044179753,0.18578485438563,0.0513136576146713,0.0513136576146713
"gene_1489",0.14632079448403,0.18578485438563,0.148831943367139,0.148831943367139
"gene_1490",0.0486625555116142,0.18578485438563,0.0553641365185103,0.0553641365185103
"gene_1491",0.0694751688942301,0.18578485438563,0.0764065645534333,0.0764065645534333
"gene_1492",0.0921566367837253,0.18578485438563,0.0980928566119294,0.0980928566119294
"gene_1493",0.0475268014896057,0.18578485438563,0.0540352414430461,0.0540352414430461
"gene_1494",0.195807642583994,0.18578485438563,0.194794682988414,0.194794682988414
"gene_1495",0.0952228245706539,0.18578485438563,0.102070946575842,0.102070946575842
"gene_1496",0.0552767696346195,0.18578485438563,0.0598729602705729,0.0598729602705729
"gene_1497",0.0596641775935848,0.18578485438563,0.0679429272007815,0.0679429272007815
"gene_1498",0.107576619667151,0.18578485438563,0.113756940392516,0.113756940392516
"gene_1499",0.214121425176229,0.18578485438563,0.211176223218243,0.211176223218243
"gene_1500",0.0656148539035413,0.18578485438563,0.0693985400623286,0.0693985400623286
"gene_1501",0.0708564861431074,0.18578485438563,0.076938298566169,0.076938298566169
"gene_1502",0.0537457490846384,0.18578485438563,0.0615402557744388,0.0615402557744388
"gene_1503",0.0678144929304789,0.18578485438563,0.0736908419847859,0.0736908419847859
"gene_1504",0.0715588162301187,0.18578485438563,0.0803058257394045,0.0803058257394045
"gene_1505",0.187388013641178,0.18578485438563,0.187157410990806,0.187157410990806
"gene_1506",0.074932215334197,0.18578485438563,0.0829340849094197,0.0829340849094197
"gene_1507",0.0548965244835528,0.18578485438563,0.060777851499543,0.060777851499543
"gene_1508",0.0659454601591153,0.18578485438563,0.0715953535588377,0.0715953535588377
"gene_1509",0.181359477084741,0.18578485438563,0.181972828606458,0.181972828606458
"gene_1510",0.0431309376310068,0.18578485438563,0.0483416846143939,0.0483416846143939
"gene_1511",0.0422879711194661,0.18578485438563,0.0498236036663735,0.0498236036663735
"gene_1512",0.0759433189000966,0.18578485438563,0.0825915886391593,0.0825915886391593
"gene_1513",0.590224937111965,0.18578485438563,0.507029377667686,0.507029377667686
"gene_1514",0.41383509547763,0.18578485438563,0.386112751489292,0.386112751489292
"gene_1515",0.077730164378973,0.18578485438563,0.0843539106507388,0.0843539106507388
"gene_1516",0.0453117207797861,0.18578485438563,0.0517404251451631,0.0517404251451631
"gene_1517",0.167669902781193,0.18578485438563,0.169842678167242,0.169842678167242
"gene_1518",0.358603706778346,0.18578485438563,0.332178681611291,0.332178681611291
"gene_1519",0.0819562499087263,0.18578485438563,0.0880324469501751,0.0880324469501751
"gene_1520",0.0617446990277458,0.18578485438563,0.0676220038941612,0.0676220038941612
"gene_1521",0.323774253262514,0.18578485438563,0.303430283817234,0.303430283817234
"gene_1522",0.6807537462497,0.18578485438563,0.59351666452581,0.59351666452581
"gene_1523",0.123783457445827,0.18578485438563,0.129449357150112,0.129449357150112
"gene_1524",0.129636225673564,0.18578485438563,0.134545255069283,0.134545255069283
"gene_1525",0.0460779936800038,0.18578485438563,0.0486276071312097,0.0486276071312097
"gene_1526",0.108333491392687,0.18578485438563,0.115231946818132,0.115231946818132
"gene_1527",0.0627169000078935,0.18578485438563,0.0692792174593352,0.0692792174593352
"gene_1528",0.0650249872891058,0.18578485438563,0.0675243913878688,0.0675243913878688
"gene_1529",1.37869828697854,0.18578485438563,1.11599761869449,1.37869828697854
"gene_1530",0.158111973063704,0.18578485438563,0.160877668163874,0.160877668163874
"gene_1531",0.128899561622796,0.18578485438563,0.133053986325723,0.133053986325723
"gene_1532",0.0569535434901643,0.18578485438563,0.0629255021107241,0.0629255021107241
"gene_1533",0.129012836726042,0.18578485438563,0.133141375544376,0.133141375544376
"gene_1534",0.0939340771021838,0.18578485438563,0.0995686432558993,0.0995686432558993
"gene_1535",0.14814399696998,0.18578485438563,0.150555725109755,0.150555725109755
"gene_1536",0.0612105378226428,0.18578485438563,0.0689519462027424,0.0689519462027424
"gene_1537",0.0486618294838145,0.18578485438563,0.0547921040667454,0.0547921040667454
"gene_1538",0.0843620569539412,0.18578485438563,0.0904508326672492,0.0904508326672492
"gene_1539",0.0753172334558293,0.18578485438563,0.0816122187671288,0.0816122187671288
"gene_1540",0.0516318856831029,0.18578485438563,0.0541686028536664,0.0541686028536664
"gene_1541",0.0742722411185569,0.18578485438563,0.0803082382302052,0.0803082382302052
"gene_1542",0.0922445299443875,0.18578485438563,0.0987058933107434,0.0987058933107434
"gene_1543",0.0679798754589945,0.18578485438563,0.0738154503202889,0.0738154503202889
"gene_1544",0.0560130157088698,0.18578485438563,0.0633062352346392,0.0633062352346392
"gene_1545",0.173490948767752,0.18578485438563,0.174532125336797,0.174532125336797
"gene_1546",0.152549228632833,0.18578485438563,0.156352448019622,0.156352448019622
"gene_1547",0.12785818894503,0.18578485438563,0.132423957577782,0.132423957577782
"gene_1548",0.219832318428704,0.18578485438563,0.218559614274841,0.218559614274841
"gene_1549",0.108943044253463,0.18578485438563,0.113896144249631,0.113896144249631
"gene_1550",0.0928735744875948,0.18578485438563,0.100024558298633,0.100024558298633
"gene_1551",0.112647189067992,0.18578485438563,0.120058879735168,0.120058879735168
"gene_1552",0.504291051195116,0.18578485438563,0.461276176259315,0.461276176259315
"gene_1553",0.908113952733049,0.18578485438563,0.728208865710238,0.908113952733049
"gene_1554",0.0499547982360473,0.18578485438563,0.0542031440154521,0.0542031440154521
"gene_1555",0.0531795838235073,0.18578485438563,0.0591092770136315,0.0591092770136315
"gene_1556",0.0651743125968817,0.18578485438563,0.0701491788571551,0.0701491788571551
"gene_1557",0.123912128680349,0.18578485438563,0.12875320470834,0.12875320470834
"gene_1558",0.348216085346757,0.18578485438563,0.3247023828265,0.3247023828265
"gene_1559",0.108223253719214,0.18578485438563,0.114068921506432,0.114068921506432
"gene_1560",0.0512078731093136,0.18578485438563,0.0590531792281646,0.0590531792281646
"gene_1561",0.140562154785077,0.18578485438563,0.144633686095887,0.144633686095887
"gene_1562",0.0576115206290314,0.18578485438563,0.0636184122872132,0.0636184122872132
"gene_1563",0.0504615233368381,0.18578485438563,0.0565555764202006,0.0565555764202006
"gene_1564",0.0488253614243528,0.18578485438563,0.0544253004946205,0.0544253004946205
"gene_1565",0.0503538997735837,0.18578485438563,0.0555530377668817,0.0555530377668817
"gene_1566",0.0958079763721459,0.18578485438563,0.102197075726572,0.102197075726572
"gene_1567",0.0517746821690808,0.18578485438563,0.0591157260323079,0.0591157260323079
"gene_1568",0.0674885113426584,0.18578485438563,0.0731730385398646,0.0731730385398646
"gene_1569",0.0833334937704631,0.18578485438563,0.0867093956426777,0.0867093956426777
"gene_1570",0.0930546182873942,0.18578485438563,0.100739928608919,0.100739928608919
"gene_1571",0.296701169590377,0.18578485438563,0.282732061406646,0.282732061406646
"gene_1572",0.053929970496374,0.18578485438563,0.0608371849517135,0.0608371849517135
"gene_1573",0.0352277581139639,0.18578485438563,0.042043124951118,0.042043124951118
"gene_1574",0.0754504253966896,0.18578485438563,0.0818669159711008,0.0818669159711008
"gene_1575",0.0588523751554967,0.18578485438563,0.0647093338501034,0.0647093338501034
"gene_1576",0.0629465395686164,0.18578485438563,0.0719686585457312,0.0719686585457312
"gene_1577",0.0992617982779143,0.18578485438563,0.10516074274878,0.10516074274878
"gene_1578",0.222844905256637,0.18578485438563,0.219130376373656,0.219130376373656
"gene_1579",0.538743872887437,0.18578485438563,0.473405474809737,0.473405474809737
"gene_1580",0.0589391262474126,0.18578485438563,0.0648040104557238,0.0648040104557238
"gene_1581",0.0573587055880473,0.18578485438563,0.0652683430976053,0.0652683430976053
"gene_1582",0.0722654780819873,0.18578485438563,0.0803976913194739,0.0803976913194739
"gene_1583",0.609912366268145,0.18578485438563,0.528227647689976,0.528227647689976
"gene_1584",0.388934757577418,0.18578485438563,0.361285217413546,0.361285217413546
"gene_1585",0.434164718216195,0.18578485438563,0.395549900237326,0.395549900237326
"gene_1586",0.0856711747988546,0.18578485438563,0.0917025345990064,0.0917025345990064
"gene_1587",0.0576010191749924,0.18578485438563,0.063714035006696,0.063714035006696
"gene_1588",0.165017156314994,0.18578485438563,0.166991874873815,0.166991874873815
"gene_1589",1.07983616186565,0.18578485438563,0.865289108196092,1.07983616186565
"gene_1590",0.0592030219534186,0.18578485438563,0.0660934612347127,0.0660934612347127
"gene_1591",0.883092339375024,0.18578485438563,0.759769633184965,0.883092339375024
"gene_1592",0.0609154079110442,0.18578485438563,0.0667414891412683,0.0667414891412683
"gene_1593",0.0660014621071018,0.18578485438563,0.0730776850284281,0.0730776850284281
"gene_1594",0.159240892439929,0.18578485438563,0.161417196427731,0.161417196427731
"gene_1595",0.258817349449023,0.18578485438563,0.250780631258975,0.250780631258975
"gene_1596",0.0566237637407745,0.18578485438563,0.05920091255565,0.05920091255565
"gene_1597",0.305118817974344,0.18578485438563,0.288863390303398,0.288863390303398
"gene_1598",0.0663827540921373,0.18578485438563,0.0755448726849051,0.0755448726849051
"gene_1599",0.0730281262877627,0.18578485438563,0.079264547617773,0.079264547617773
"gene_1600",0.330162367724756,0.18578485438563,0.311431720896861,0.311431720896861
"gene_1601",0.0362599389487313,0.18578485438563,0.0428822978646649,0.0428822978646649
"gene_1602",0.0609041067378857,0.18578485438563,0.0663363039852293,0.0663363039852293
"gene_1603",0.0586291582116638,0.18578485438563,0.0697213266206072,0.0697213266206072
"gene_1604",0.0655802651468221,0.18578485438563,0.072240822623369,0.072240822623369
"gene_1605",0.124206630324874,0.18578485438563,0.131118208266217,0.131118208266217
"gene_1606",0.0747402343291821,0.18578485438563,0.0807289641349677,0.0807289641349677
"gene_1607",0.325964585486406,0.18578485438563,0.308629019526856,0.308629019526856
"gene_1608",0.200637910047284,0.18578485438563,0.199082969170226,0.199082969170226
"gene_1609",0.0744728658636373,0.18578485438563,0.0828044570263,0.0828044570263
"gene_1610",0.922554527620827,0.18578485438563,0.784251864213769,0.922554527620827
"gene_1611",0.0905382495061407,0.18578485438563,0.0964536925450635,0.0964536925450635
"gene_1612",0.0596324887849859,0.18578485438563,0.0663624062287494,0.0663624062287494
"gene_1613",0.396272967842841,0.18578485438563,0.366278672771454,0.366278672771454
"gene_1614",0.880281590357017,0.18578485438563,0.747538590695385,0.880281590357017
"gene_1615",0.0502175060075927,0.18578485438563,0.0560812316363997,0.0560812316363997
"gene_1616",0.0569923506395622,0.18578485438563,0.0648120695081776,0.0648120695081776
"gene_1617",0.221987331919026,0.18578485438563,0.21841911884508,0.21841911884508
"gene_1618",0.0568116515992762,0.18578485438563,0.0630230618232625,0.0630230618232625
"gene_1619",0.0453388680156986,0.18578485438563,0.0516964778432631,0.0516964778432631
"gene_1620",0.563957372209496,0.18578485438563,0.500769627992529,0.500769627992529
"gene_1621",0.0443005258896719,0.18578485438563,0.0522623290356148,0.0522623290356148
"gene_1622",0.329552806422389,0.18578485438563,0.312753010262514,0.312753010262514
"gene_1623",0.606258859389581,0.18578485438563,0.533600862780961,0.533600862780961
"gene_1624",0.10556549410306,0.18578485438563,0.111341221686388,0.111341221686388
"gene_1625",0.207643399257371,0.18578485438563,0.20559068570196,0.20559068570196
"gene_1626",0.383866232660854,0.18578485438563,0.357035928026776,0.357035928026776
"gene_1627",0.120258831858799,0.18578485438563,0.125882568941014,0.125882568941014
"gene_1628",0.140567974538295,0.18578485438563,0.144753446399376,0.144753446399376
"gene_1629",0.0567584514003514,0.18578485438563,0.0632242283277691,0.0632242283277691
"gene_1630",0.0852078815321944,0.18578485438563,0.0911297313078246,0.0911297313078246
"gene_1631",0.0690713945857572,0.18578485438563,0.0753486578790188,0.0753486578790188
"gene_1632",0.398588060360912,0.18578485438563,0.369110030602941,0.369110030602941
"gene_1633",0.26257192888828,0.18578485438563,0.253384642737116,0.253384642737116
"gene_1634",0.057374412367356,0.18578485438563,0.0631900792022177,0.0631900792022177
"gene_1635",0.0636209213042788,0.18578485438563,0.0709896824317947,0.0709896824317947
"gene_1636",0.0735913921896608,0.18578485438563,0.0798319090217299,0.0798319090217299
"gene_1637",0.17675360985734,0.18578485438563,0.17768897105823,0.17768897105823
"gene_1638",0.111893291352871,0.18578485438563,0.118892703576433,0.118892703576433
"gene_1639",0.0737362202981016,0.18578485438563,0.0853047658276767,0.0853047658276767
"gene_1640",0.13147873243459,0.18578485438563,0.135617214224414,0.135617214224414
"gene_1641",0.279774219872371,0.18578485438563,0.268237070850106,0.268237070850106
"gene_1642",0.232427668074875,0.18578485438563,0.227986826629669,0.227986826629669
"gene_1643",0.221806781326462,0.18578485438563,0.217563482070573,0.217563482070573
"gene_1644",0.102382677418773,0.18578485438563,0.108512729531662,0.108512729531662
"gene_1645",0.0457268850259753,0.18578485438563,0.0551511860111803,0.0551511860111803
"gene_1646",0.291603957657483,0.18578485438563,0.279691434226921,0.279691434226921
"gene_1647",0.0699208996380385,0.18578485438563,0.0771877472198926,0.0771877472198926
"gene_1648",0.204709252686774,0.18578485438563,0.20271418111006,0.20271418111006
"gene_1649",0.174672486131047,0.18578485438563,0.175500575812625,0.175500575812625
"gene_1650",0.449361631332276,0.18578485438563,0.408936955733976,0.408936955733976
"gene_1651",0.351349639932637,0.18578485438563,0.328256423704308,0.328256423704308
"gene_1652",0.0603154656712215,0.18578485438563,0.0673874875633153,0.0673874875633153
"gene_1653",0.0548592325750113,0.18578485438563,0.0639877346566819,0.0639877346566819
"gene_1654",0.0922803211919822,0.18578485438563,0.0983835330477536,0.0983835330477536
"gene_1655",0.0896933079603889,0.18578485438563,0.0983192362190871,0.0983192362190871
"gene_1656",0.0461243319007076,0.18578485438563,0.048488546503162,0.048488546503162
"gene_1657",0.279924244656838,0.18578485438563,0.268918090068925,0.268918090068925
"gene_1658",0.0639424667019956,0.18578485438563,0.0707826923156192,0.0707826923156192
"gene_1659",0.0698100177825126,0.18578485438563,0.0745994554390954,0.0745994554390954
"gene_1660",0.0400390902689869,0.18578485438563,0.045413440912457,0.045413440912457
"gene_1661",0.114370879510556,0.18578485438563,0.117074483663948,0.117074483663948
"gene_1662",0.350253476433292,0.18578485438563,0.324114134584938,0.324114134584938
"gene_1663",0.21611452869699,0.18578485438563,0.214411289773265,0.214411289773265
"gene_1664",0.413647850821639,0.18578485438563,0.386989469766881,0.386989469766881
"gene_1665",0.0755185266300608,0.18578485438563,0.0806900097281526,0.0806900097281526
"gene_1666",0.0750037461278063,0.18578485438563,0.0820673836761432,0.0820673836761432
"gene_1667",0.0303511356661914,0.18578485438563,0.0355541167771286,0.0355541167771286
"gene_1668",0.0557699651541863,0.18578485438563,0.0598745502341936,0.0598745502341936
"gene_1669",1.34493546338796,0.18578485438563,1.09333314658623,1.34493546338796
"gene_1670",0.149234024598411,0.18578485438563,0.15251161819269,0.15251161819269
"gene_1671",0.041215220724258,0.18578485438563,0.0493817387198236,0.0493817387198236
"gene_1672",0.0486722387083018,0.18578485438563,0.0555184350356838,0.0555184350356838
"gene_1673",0.0521723701120679,0.18578485438563,0.0589288977277268,0.0589288977277268
"gene_1674",0.0497176387953114,0.18578485438563,0.0578142082009595,0.0578142082009595
"gene_1675",0.0849655360544241,0.18578485438563,0.0911180781864464,0.0911180781864464
"gene_1676",0.0788973060971709,0.18578485438563,0.0865607118052686,0.0865607118052686
"gene_1677",0.0575363267023502,0.18578485438563,0.0638318256129698,0.0638318256129698
"gene_1678",0.375280212726012,0.18578485438563,0.346428427140626,0.346428427140626
"gene_1679",0.356544068983352,0.18578485438563,0.333280844989912,0.333280844989912
"gene_1680",0.0543956908366278,0.18578485438563,0.0627112645107277,0.0627112645107277
"gene_1681",0.964711000849574,0.18578485438563,0.745096438689462,0.964711000849574
"gene_1682",0.0839272775556772,0.18578485438563,0.089967946020212,0.089967946020212
"gene_1683",0.0759022772484157,0.18578485438563,0.0819540522606829,0.0819540522606829
"gene_1684",0.0428531273020732,0.18578485438563,0.0486658602431241,0.0486658602431241
"gene_1685",0.0847574368404406,0.18578485438563,0.0909205970834347,0.0909205970834347
"gene_1686",0.641364573851914,0.18578485438563,0.545899786383612,0.545899786383612
"gene_1687",0.135265648096782,0.18578485438563,0.137867310723743,0.137867310723743
"gene_1688",0.0555248153561977,0.18578485438563,0.0637800710404047,0.0637800710404047
"gene_1689",0.0503868308789859,0.18578485438563,0.0568331400366601,0.0568331400366601
"gene_1690",0.0555234040437086,0.18578485438563,0.0623733584341501,0.0623733584341501
"gene_1691",0.0630518541439744,0.18578485438563,0.0706071234549408,0.0706071234549408
"gene_1692",0.0469998931195368,0.18578485438563,0.0526227761695861,0.0526227761695861
"gene_1693",0.0653459658161093,0.18578485438563,0.071155243349343,0.071155243349343
"gene_1694",0.0666084426819788,0.18578485438563,0.0735946431223662,0.0735946431223662
"gene_1695",0.161318550635479,0.18578485438563,0.163508614251422,0.163508614251422
"gene_1696",0.0641154427072682,0.18578485438563,0.0674078456875744,0.0674078456875744
"gene_1697",0.605179391911944,0.18578485438563,0.534806952673741,0.534806952673741
"gene_1698",0.0394517924399989,0.18578485438563,0.0476919181585056,0.0476919181585056
"gene_1699",0.0619734207282008,0.18578485438563,0.0675004644300049,0.0675004644300049
"gene_1700",0.0853605389802907,0.18578485438563,0.0907966770643309,0.0907966770643309
"gene_1701",0.0756791477481663,0.18578485438563,0.0804897978558033,0.0804897978558033
"gene_1702",0.169835310194309,0.18578485438563,0.171273177486399,0.171273177486399
"gene_1703",0.0547415942954479,0.18578485438563,0.0619566846488914,0.0619566846488914
"gene_1704",0.1789872450308,0.18578485438563,0.17976133072839,0.17976133072839
"gene_1705",1.17923402327477,0.18578485438563,0.947273756237398,1.17923402327477
"gene_1706",0.399351408980985,0.18578485438563,0.369823821048705,0.369823821048705
"gene_1707",0.115886502696357,0.18578485438563,0.121393802331241,0.121393802331241
"gene_1708",0.0501330895322923,0.18578485438563,0.0578260308145739,0.0578260308145739
"gene_1709",0.158783441582867,0.18578485438563,0.161101751949913,0.161101751949913
"gene_1710",0.365089000378624,0.18578485438563,0.339426346605476,0.339426346605476
"gene_1711",0.151122072506833,0.18578485438563,0.15424971109871,0.15424971109871
"gene_1712",0.815085552134447,0.18578485438563,0.690379300756956,0.815085552134447
"gene_1713",0.080031207763386,0.18578485438563,0.0873548374981153,0.0873548374981153
"gene_1714",0.0592940969089196,0.18578485438563,0.0678418394843347,0.0678418394843347
"gene_1715",0.0642194305385503,0.18578485438563,0.0707904906711559,0.0707904906711559
"gene_1716",0.0827088215438368,0.18578485438563,0.0898870643350047,0.0898870643350047
"gene_1717",0.0488293620132392,0.18578485438563,0.0555192216808446,0.0555192216808446
"gene_1718",0.0507978276421937,0.18578485438563,0.0563522296542824,0.0563522296542824
"gene_1719",0.0540494065931907,0.18578485438563,0.0598179482845889,0.0598179482845889
"gene_1720",0.0490508424858212,0.18578485438563,0.0545627477407071,0.0545627477407071
"gene_1721",0.130165042924361,0.18578485438563,0.135566461672127,0.135566461672127
"gene_1722",0.292048305676825,0.18578485438563,0.274995397601741,0.274995397601741
"gene_1723",0.275966346717387,0.18578485438563,0.266301525073071,0.266301525073071
"gene_1724",1.19377145911006,0.18578485438563,0.951576799055297,1.19377145911006
"gene_1725",0.279019286795642,0.18578485438563,0.266086452551968,0.266086452551968
"gene_1726",0.0584882512684257,0.18578485438563,0.0676221414494564,0.0676221414494564
"gene_1727",0.066592810748933,0.18578485438563,0.0727498678690789,0.0727498678690789
"gene_1728",0.638513607538901,0.18578485438563,0.510502467406308,0.510502467406308
"gene_1729",0.165142547022729,0.18578485438563,0.167038213445033,0.167038213445033
"gene_1730",0.0570783008054295,0.18578485438563,0.0632575122779959,0.0632575122779959
"gene_1731",0.0442304826377282,0.18578485438563,0.0501461329019908,0.0501461329019908
"gene_1732",0.0565572704643174,0.18578485438563,0.0633959716328773,0.0633959716328773
"gene_1733",0.0997000717605734,0.18578485438563,0.105851157257111,0.105851157257111
"gene_1734",0.0467723072965607,0.18578485438563,0.053422546381606,0.053422546381606
"gene_1735",0.760710816428426,0.18578485438563,0.62428599136689,0.760710816428426
"gene_1736",0.0528418744877372,0.18578485438563,0.0561064727117255,0.0561064727117255
"gene_1737",0.0675592124988382,0.18578485438563,0.072294240751292,0.072294240751292
"gene_1738",0.0924082106855631,0.18578485438563,0.0982283031610202,0.0982283031610202
"gene_1739",0.0534303182122942,0.18578485438563,0.0599264491507733,0.0599264491507733
"gene_1740",0.0823489656164083,0.18578485438563,0.0884340028510429,0.0884340028510429
"gene_1741",0.0450070048945695,0.18578485438563,0.0527320242560648,0.0527320242560648
"gene_1742",0.0465056547244365,0.18578485438563,0.0523264542361246,0.0523264542361246
"gene_1743",0.999856975191466,0.18578485438563,0.809705643812586,0.999856975191466
"gene_1744",0.168529483556552,0.18578485438563,0.17060691667096,0.17060691667096
"gene_1745",0.0694784535090153,0.18578485438563,0.0761736708032833,0.0761736708032833
"gene_1746",0.0398991918878693,0.18578485438563,0.0454875728092773,0.0454875728092773
"gene_1747",0.172749358661096,0.18578485438563,0.173866708454757,0.173866708454757
"gene_1748",0.179777585339477,0.18578485438563,0.18024678387194,0.18024678387194
"gene_1749",0.0747310806614603,0.18578485438563,0.0821051971327768,0.0821051971327768
"gene_1750",0.0503514864822186,0.18578485438563,0.0568126974838527,0.0568126974838527
"gene_1751",0.0416743495460462,0.18578485438563,0.0443925330002176,0.0443925330002176
"gene_1752",0.0526225787947108,0.18578485438563,0.0600880468886174,0.0600880468886174
"gene_1753",0.052118163514299,0.18578485438563,0.0584928912816312,0.0584928912816312
"gene_1754",0.0685669095589306,0.18578485438563,0.0747903902028711,0.0747903902028711
"gene_1755",0.128518137650527,0.18578485438563,0.133800869003144,0.133800869003144
"gene_1756",0.138748872020641,0.18578485438563,0.142859009036018,0.142859009036018
"gene_1757",0.323446541257828,0.18578485438563,0.304274456175363,0.304274456175363
"gene_1758",0.0537432987656914,0.18578485438563,0.0612053478483974,0.0612053478483974
"gene_1759",0.185569209063801,0.18578485438563,0.185619090355799,0.185619090355799
"gene_1760",0.0370384661163282,0.18578485438563,0.0413146809229505,0.0413146809229505
"gene_1761",0.0424267137412997,0.18578485438563,0.0485838537571558,0.0485838537571558
"gene_1762",0.0558567904342231,0.18578485438563,0.0573367186979627,0.0573367186979627
"gene_1763",0.0603429722623246,0.18578485438563,0.0666751088930135,0.0666751088930135
"gene_1764",0.07653947963002,0.18578485438563,0.083556754069588,0.083556754069588
"gene_1765",0.119908732595004,0.18578485438563,0.125175016858575,0.125175016858575
"gene_1766",0.0750603036178283,0.18578485438563,0.0820005723733819,0.0820005723733819
"gene_1767",0.0431940671561715,0.18578485438563,0.0503113198109841,0.0503113198109841
"gene_1768",0.0547530605520192,0.18578485438563,0.0606465591910533,0.0606465591910533
"gene_1769",0.106605920835017,0.18578485438563,0.112053261369973,0.112053261369973
"gene_1770",0.843387725329006,0.18578485438563,0.676463415791516,0.843387725329006
"gene_1771",0.0935932659647291,0.18578485438563,0.100068709976452,0.100068709976452
"gene_1772",0.0765246161511286,0.18578485438563,0.0827450015666385,0.0827450015666385
"gene_1773",0.0677286775052295,0.18578485438563,0.0715340194582398,0.0715340194582398
"gene_1774",0.0847615579839091,0.18578485438563,0.0906520535835006,0.0906520535835006
"gene_1775",0.071902686708781,0.18578485438563,0.0796870934543141,0.0796870934543141
"gene_1776",0.0433684608153677,0.18578485438563,0.0479940961726156,0.0479940961726156
"gene_1777",0.0612809104123897,0.18578485438563,0.0670757714970208,0.0670757714970208
"gene_1778",0.0704794939936719,0.18578485438563,0.0744527846356281,0.0744527846356281
"gene_1779",0.0541351248494654,0.18578485438563,0.0594173032368384,0.0594173032368384
"gene_1780",1.54400282869589,0.18578485438563,1.23978025756026,1.54400282869589
"gene_1781",0.0536423109999268,0.18578485438563,0.0562775536324317,0.0562775536324317
"gene_1782",0.0407371666140956,0.18578485438563,0.0466420826500248,0.0466420826500248
"gene_1783",0.0657316375539221,0.18578485438563,0.0678426403333982,0.0678426403333982
"gene_1784",0.0842786998531266,0.18578485438563,0.0905423393184187,0.0905423393184187
"gene_1785",0.0446276420488916,0.18578485438563,0.0495428309710125,0.0495428309710125
"gene_1786",0.736527479912508,0.18578485438563,0.616893408081001,0.736527479912508
"gene_1787",0.079832578132646,0.18578485438563,0.0862820745941726,0.0862820745941726
"gene_1788",0.701476265771713,0.18578485438563,0.585428125225093,0.585428125225093
"gene_1789",0.047972083814839,0.18578485438563,0.0545665545158408,0.0545665545158408
"gene_1790",0.0760895175862644,0.18578485438563,0.0770767884905963,0.0770767884905963
"gene_1791",0.123229308422093,0.18578485438563,0.127869076642657,0.127869076642657
"gene_1792",0.0477470588937454,0.18578485438563,0.0555028719604732,0.0555028719604732
"gene_1793",0.275350959807684,0.18578485438563,0.263011896218056,0.263011896218056
"gene_1794",0.0851730500345638,0.18578485438563,0.0913125318668987,0.0913125318668987
"gene_1795",0.0546394391191647,0.18578485438563,0.0598103547959637,0.0598103547959637
"gene_1796",0.100704398614201,0.18578485438563,0.106645958093447,0.106645958093447
"gene_1797",0.0779206339521135,0.18578485438563,0.0847801411400386,0.0847801411400386
"gene_1798",0.0832096267521298,0.18578485438563,0.0885540265933632,0.0885540265933632
"gene_1799",0.0626487130676013,0.18578485438563,0.0671513967454281,0.0671513967454281
"gene_1800",0.357388936567033,0.18578485438563,0.336066213161976,0.336066213161976
"gene_1801",0.207248228928158,0.18578485438563,0.204731249222476,0.204731249222476
"gene_1802",0.798458921220267,0.18578485438563,0.680528390037808,0.798458921220267
"gene_1803",0.0863218523227479,0.18578485438563,0.0936021095631746,0.0936021095631746
"gene_1804",0.124471270085673,0.18578485438563,0.129701345124232,0.129701345124232
"gene_1805",0.138357169203143,0.18578485438563,0.141985676230418,0.141985676230418
"gene_1806",0.81080563209101,0.18578485438563,0.656877412312626,0.81080563209101
"gene_1807",0.0562942954839676,0.18578485438563,0.0609312299799984,0.0609312299799984
"gene_1808",1.49152680754968,0.18578485438563,1.17123192244763,1.49152680754968
"gene_1809",0.0548321476880519,0.18578485438563,0.0616292554405733,0.0616292554405733
"gene_1810",0.0532308987541813,0.18578485438563,0.0571509596076406,0.0571509596076406
"gene_1811",1.23441365416796,0.18578485438563,0.999289665624862,1.23441365416796
"gene_1812",0.484423611670019,0.18578485438563,0.433671407148591,0.433671407148591
"gene_1813",0.062138770301896,0.18578485438563,0.0683116152329089,0.0683116152329089
"gene_1814",0.614125536237243,0.18578485438563,0.552748886626246,0.552748886626246
"gene_1815",0.0588744394066947,0.18578485438563,0.0623169503855666,0.0623169503855666
"gene_1816",0.450805150087328,0.18578485438563,0.411903686172807,0.411903686172807
"gene_1817",0.0448202999523164,0.18578485438563,0.0508567769725462,0.0508567769725462
"gene_1818",0.149205325494248,0.18578485438563,0.153545678243841,0.153545678243841
"gene_1819",0.0656970465023142,0.18578485438563,0.0740547396601083,0.0740547396601083
"gene_1820",0.066543934661781,0.18578485438563,0.0726357591259822,0.0726357591259822
"gene_1821",0.0559873141093854,0.18578485438563,0.0618722757827118,0.0618722757827118
"gene_1822",1.45535727550296,0.18578485438563,1.18165067704424,1.45535727550296
"gene_1823",0.338806280123508,0.18578485438563,0.31834724381778,0.31834724381778
"gene_1824",0.130184695215384,0.18578485438563,0.137410620945309,0.137410620945309
"gene_1825",0.0465207149540537,0.18578485438563,0.0512078460779167,0.0512078460779167
"gene_1826",0.173047514715356,0.18578485438563,0.174213854172272,0.174213854172272
"gene_1827",0.0604299051953074,0.18578485438563,0.065108991269111,0.065108991269111
"gene_1828",0.0785935564545359,0.18578485438563,0.0850910008305876,0.0850910008305876
"gene_1829",0.140724538327458,0.18578485438563,0.144804912461269,0.144804912461269
"gene_1830",0.0624096995051687,0.18578485438563,0.0656960845784914,0.0656960845784914
"gene_1831",0.0914689404772078,0.18578485438563,0.0974976448899628,0.0974976448899628
"gene_1832",0.0804434157302218,0.18578485438563,0.0867673496990919,0.0867673496990919
"gene_1833",0.075541309452307,0.18578485438563,0.0809108392742234,0.0809108392742234
"gene_1834",0.821778905527339,0.18578485438563,0.702275983024488,0.821778905527339
"gene_1835",0.139501743888903,0.18578485438563,0.14313608706953,0.14313608706953
"gene_1836",0.0840489016410588,0.18578485438563,0.090413728144596,0.090413728144596
"gene_1837",0.19271311172559,0.18578485438563,0.191147355618959,0.191147355618959
"gene_1838",0.0570661328642807,0.18578485438563,0.0648398738125306,0.0648398738125306
"gene_1839",0.0880188457171397,0.18578485438563,0.0943397731998907,0.0943397731998907
"gene_1840",0.213623895822217,0.18578485438563,0.21054007222487,0.21054007222487
"gene_1841",0.0721176432221546,0.18578485438563,0.0780619911231055,0.0780619911231055
"gene_1842",0.495835598552497,0.18578485438563,0.437264756593345,0.437264756593345
"gene_1843",0.200539691452067,0.18578485438563,0.198666770902602,0.198666770902602
"gene_1844",0.0923923737869983,0.18578485438563,0.0990439334194335,0.0990439334194335
"gene_1845",0.0929235799770764,0.18578485438563,0.0986870295251951,0.0986870295251951
"gene_1846",0.225397701622452,0.18578485438563,0.221624130552561,0.221624130552561
"gene_1847",1.00638519588236,0.18578485438563,0.822412042652932,1.00638519588236
"gene_1848",0.0883674485895907,0.18578485438563,0.096402368399983,0.096402368399983
"gene_1849",0.0524374441208332,0.18578485438563,0.05797836776217,0.05797836776217
"gene_1850",0.852995302680704,0.18578485438563,0.679781338488851,0.852995302680704
"gene_1851",0.0780355161111159,0.18578485438563,0.0837827413755335,0.0837827413755335
"gene_1852",0.055252622317236,0.18578485438563,0.0632224150729048,0.0632224150729048
"gene_1853",0.0613024041656303,0.18578485438563,0.0677725566458651,0.0677725566458651
"gene_1854",0.0655665216223939,0.18578485438563,0.0736738012560514,0.0736738012560514
"gene_1855",0.0649950281442859,0.18578485438563,0.0706924917626015,0.0706924917626015
"gene_1856",0.0451197917927569,0.18578485438563,0.0518290895568661,0.0518290895568661
"gene_1857",0.87845814851585,0.18578485438563,0.726077691867049,0.87845814851585
"gene_1858",0.0557754786084334,0.18578485438563,0.0616775000959011,0.0616775000959011
"gene_1859",0.0384350436204055,0.18578485438563,0.0406834755123999,0.0406834755123999
"gene_1860",0.0493704650553153,0.18578485438563,0.0552170871570836,0.0552170871570836
"gene_1861",0.060803330063715,0.18578485438563,0.0669242230238838,0.0669242230238838
"gene_1862",0.0621068056587721,0.18578485438563,0.0700809994607299,0.0700809994607299
"gene_1863",0.0613920020564428,0.18578485438563,0.066008207224104,0.066008207224104
"gene_1864",0.0749106126960071,0.18578485438563,0.0782349431693611,0.0782349431693611
"gene_1865",0.0558929351391746,0.18578485438563,0.0606979450787148,0.0606979450787148
"gene_1866",0.553826238878554,0.18578485438563,0.49583953623921,0.49583953623921
"gene_1867",0.0695207192191103,0.18578485438563,0.0759843708075637,0.0759843708075637
"gene_1868",0.0633632532284963,0.18578485438563,0.0675948986310199,0.0675948986310199
"gene_1869",0.0554084019229822,0.18578485438563,0.0592894594836362,0.0592894594836362
"gene_1870",0.56146268921941,0.18578485438563,0.495453619955435,0.495453619955435
"gene_1871",0.195068182968188,0.18578485438563,0.194161984399016,0.194161984399016
"gene_1872",1.31043965808188,0.18578485438563,1.0596356339458,1.31043965808188
"gene_1873",0.0682862600792197,0.18578485438563,0.0745958171860901,0.0745958171860901
"gene_1874",0.109212795169001,0.18578485438563,0.114847588606825,0.114847588606825
"gene_1875",0.119534062234394,0.18578485438563,0.126077116613441,0.126077116613441
"gene_1876",0.100185247304203,0.18578485438563,0.105966439891355,0.105966439891355
"gene_1877",0.0502049479000311,0.18578485438563,0.0586553263238788,0.0586553263238788
"gene_1878",0.0645946565824703,0.18578485438563,0.0682626962590613,0.0682626962590613
"gene_1879",0.0739514152753614,0.18578485438563,0.0818981617587415,0.0818981617587415
"gene_1880",0.355735021969728,0.18578485438563,0.331213776717089,0.331213776717089
"gene_1881",0.375692851562051,0.18578485438563,0.346316458410354,0.346316458410354
"gene_1882",0.0676399124281032,0.18578485438563,0.0734805270355591,0.0734805270355591
"gene_1883",0.324130087805487,0.18578485438563,0.305771123776018,0.305771123776018
"gene_1884",0.0753590772939826,0.18578485438563,0.0813408745412936,0.0813408745412936
"gene_1885",0.059839979164243,0.18578485438563,0.0694510564355212,0.0694510564355212
"gene_1886",0.0703826717764193,0.18578485438563,0.0749516662589867,0.0749516662589867
"gene_1887",0.10113604251493,0.18578485438563,0.106249462025209,0.106249462025209
"gene_1888",0.0567845736947634,0.18578485438563,0.0633464895925527,0.0633464895925527
"gene_1889",0.0389430049646882,0.18578485438563,0.0467439411371725,0.0467439411371725
"gene_1890",0.0726007165039587,0.18578485438563,0.0787149719969884,0.0787149719969884
"gene_1891",0.780700444801641,0.18578485438563,0.664103161422823,0.780700444801641
"gene_1892",0.0636092658665409,0.18578485438563,0.0716068959958801,0.0716068959958801
"gene_1893",0.0762222849850783,0.18578485438563,0.085043216694872,0.085043216694872
"gene_1894",0.246487161293158,0.18578485438563,0.240283479384653,0.240283479384653
"gene_1895",0.151955267360962,0.18578485438563,0.154602278443025,0.154602278443025
"gene_1896",0.066151065750886,0.18578485438563,0.0743255355171177,0.0743255355171177
"gene_1897",0.0408000973547492,0.18578485438563,0.0461539437601333,0.0461539437601333
"gene_1898",0.0584393042145995,0.18578485438563,0.0652526606971718,0.0652526606971718
"gene_1899",0.0565005486950426,0.18578485438563,0.0624734729947557,0.0624734729947557
"gene_1900",0.952080241631015,0.18578485438563,0.774349909549086,0.952080241631015
"gene_1901",0.102655613455595,0.18578485438563,0.108684546229963,0.108684546229963
"gene_1902",0.0898974652517952,0.18578485438563,0.0953178156813948,0.0953178156813948
"gene_1903",0.056865814149481,0.18578485438563,0.065781071117674,0.065781071117674
"gene_1904",0.169478860878101,0.18578485438563,0.170891795177332,0.170891795177332
"gene_1905",0.0781932688359094,0.18578485438563,0.0848492838963669,0.0848492838963669
"gene_1906",0.057232254801735,0.18578485438563,0.0604977327263993,0.0604977327263993
"gene_1907",0.0589759120225471,0.18578485438563,0.0655334863205229,0.0655334863205229
"gene_1908",0.0544301245710291,0.18578485438563,0.0584281605601179,0.0584281605601179
"gene_1909",0.0805375270351171,0.18578485438563,0.0864203787201379,0.0864203787201379
"gene_1910",0.0597101397636614,0.18578485438563,0.0641839556079832,0.0641839556079832
"gene_1911",0.405019442168308,0.18578485438563,0.375175006496014,0.375175006496014
"gene_1912",0.0671042505770356,0.18578485438563,0.071046898326373,0.071046898326373
"gene_1913",0.0308169757085233,0.18578485438563,0.0359650987696883,0.0359650987696883
"gene_1914",0.0834181057736044,0.18578485438563,0.0842502797843382,0.0842502797843382
"gene_1915",0.0723206745675583,0.18578485438563,0.0787681806815015,0.0787681806815015
"gene_1916",0.0506375409426604,0.18578485438563,0.0552126234448949,0.0552126234448949
"gene_1917",0.0386894777604293,0.18578485438563,0.0455677441800203,0.0455677441800203
"gene_1918",0.0876228316015092,0.18578485438563,0.0936225411549384,0.0936225411549384
"gene_1919",0.585444209388449,0.18578485438563,0.525565424299038,0.525565424299038
"gene_1920",0.0621718755725822,0.18578485438563,0.0680011609083922,0.0680011609083922
"gene_1921",0.0541273730790732,0.18578485438563,0.0588145404991697,0.0588145404991697
"gene_1922",0.0830566293148193,0.18578485438563,0.0890162832625079,0.0890162832625079
"gene_1923",0.086751070366974,0.18578485438563,0.0915931484028832,0.0915931484028832
"gene_1924",0.333902717802362,0.18578485438563,0.315916350641927,0.315916350641927
"gene_1925",0.0976976907518979,0.18578485438563,0.103213385955474,0.103213385955474
"gene_1926",0.0740516626167395,0.18578485438563,0.0808686329146363,0.0808686329146363
"gene_1927",0.0639689090000368,0.18578485438563,0.0700255853266827,0.0700255853266827
"gene_1928",0.0627775981246864,0.18578485438563,0.0684959680366764,0.0684959680366764
"gene_1929",0.0553253776533707,0.18578485438563,0.061457724281509,0.061457724281509
"gene_1930",0.754454390699984,0.18578485438563,0.637618796723821,0.754454390699984
"gene_1931",0.0487825280219455,0.18578485438563,0.0545640900566615,0.0545640900566615
"gene_1932",0.0494460726941287,0.18578485438563,0.0595081532831193,0.0595081532831193
"gene_1933",0.0984782747313886,0.18578485438563,0.103749320789863,0.103749320789863
"gene_1934",0.0530506786917096,0.18578485438563,0.054844044157684,0.054844044157684
"gene_1935",0.214311301805729,0.18578485438563,0.211460914305756,0.211460914305756
"gene_1936",0.132035369291779,0.18578485438563,0.136380062888942,0.136380062888942
"gene_1937",0.080551511246426,0.18578485438563,0.0865144655980822,0.0865144655980822
"gene_1938",0.05203264979468,0.18578485438563,0.0577706567316239,0.0577706567316239
"gene_1939",0.0814241438723087,0.18578485438563,0.0860022289321309,0.0860022289321309
"gene_1940",0.224311343007244,0.18578485438563,0.220580329013146,0.220580329013146
"gene_1941",0.776773498547981,0.18578485438563,0.664458524759806,0.776773498547981
"gene_1942",0.0990312117806302,0.18578485438563,0.104586139852872,0.104586139852872
"gene_1943",0.0351004252279589,0.18578485438563,0.043367149707911,0.043367149707911
"gene_1944",0.0495403330962464,0.18578485438563,0.0551945295529561,0.0551945295529561
"gene_1945",0.0564952350278937,0.18578485438563,0.0637100159099088,0.0637100159099088
"gene_1946",0.051810683743766,0.18578485438563,0.0576353002163849,0.0576353002163849
"gene_1947",0.0643724656463403,0.18578485438563,0.0707919759616765,0.0707919759616765
"gene_1948",0.109335251097256,0.18578485438563,0.116456917246229,0.116456917246229
"gene_1949",0.0712881174507638,0.18578485438563,0.0776769890381744,0.0776769890381744
"gene_1950",0.113185845916805,0.18578485438563,0.11955315826465,0.11955315826465
"gene_1951",0.0765679891240442,0.18578485438563,0.0799923467558558,0.0799923467558558
"gene_1952",0.109066333337451,0.18578485438563,0.11432330808856,0.11432330808856
"gene_1953",0.0496414868203208,0.18578485438563,0.055510712644088,0.055510712644088
"gene_1954",0.0510311110058171,0.18578485438563,0.057587937747413,0.057587937747413
"gene_1955",0.0673789181941217,0.18578485438563,0.0720821934940343,0.0720821934940343
"gene_1956",0.0807940127524653,0.18578485438563,0.0860426098792775,0.0860426098792775
"gene_1957",1.00433528476567,0.18578485438563,0.821630374248214,1.00433528476567
"gene_1958",0.0791552866352754,0.18578485438563,0.0841815605737219,0.0841815605737219
"gene_1959",0.063474528474043,0.18578485438563,0.0709544544182324,0.0709544544182324
"gene_1960",0.0595436064717948,0.18578485438563,0.0664756468129729,0.0664756468129729
"gene_1961",1.33468443100597,0.18578485438563,1.06393928755092,1.33468443100597
"gene_1962",0.0701809372496024,0.18578485438563,0.0790988363353021,0.0790988363353021
"gene_1963",0.0601702537815002,0.18578485438563,0.0653885241169507,0.0653885241169507
"gene_1964",0.07970356347525,0.18578485438563,0.0856452048492065,0.0856452048492065
"gene_1965",0.0527430560778713,0.18578485438563,0.0582773410321297,0.0582773410321297
"gene_1966",0.0699547233028562,0.18578485438563,0.0763126721141711,0.0763126721141711
"gene_1967",0.107252832494247,0.18578485438563,0.112433806024759,0.112433806024759
"gene_1968",0.155962846189849,0.18578485438563,0.159005071288876,0.159005071288876
"gene_1969",0.148569187662157,0.18578485438563,0.152702991441966,0.152702991441966
"gene_1970",0.531281183724666,0.18578485438563,0.462233578819103,0.462233578819103
"gene_1971",0.0437914377063415,0.18578485438563,0.0489427023252504,0.0489427023252504
"gene_1972",0.378154129081142,0.18578485438563,0.349677953510252,0.349677953510252
"gene_1973",0.127694192789185,0.18578485438563,0.132115580249201,0.132115580249201
"gene_1974",0.0549161719101592,0.18578485438563,0.0628985584608464,0.0628985584608464
"gene_1975",0.0435099045855315,0.18578485438563,0.0493115790713419,0.0493115790713419
"gene_1976",0.343996065635918,0.18578485438563,0.322121611080858,0.322121611080858
"gene_1977",0.0377931918436332,0.18578485438563,0.0431436684862305,0.0431436684862305
"gene_1978",0.247934064520013,0.18578485438563,0.239041479138374,0.239041479138374
"gene_1979",0.247677312139232,0.18578485438563,0.240395665248348,0.240395665248348
"gene_1980",0.864324836718126,0.18578485438563,0.726747487617287,0.864324836718126
"gene_1981",0.0673516651923165,0.18578485438563,0.0736853576821076,0.0736853576821076
"gene_1982",0.168185938447902,0.18578485438563,0.169914117801066,0.169914117801066
"gene_1983",0.0892476380969487,0.18578485438563,0.0960852880692102,0.0960852880692102
"gene_1984",0.237431750897815,0.18578485438563,0.231719030049338,0.231719030049338
"gene_1985",0.0795839747388405,0.18578485438563,0.085331289512069,0.085331289512069
"gene_1986",0.0649384573949923,0.18578485438563,0.0715508702778063,0.0715508702778063
"gene_1987",0.12916376087704,0.18578485438563,0.133710280845197,0.133710280845197
"gene_1988",0.0710791294470345,0.18578485438563,0.078949650021719,0.078949650021719
"gene_1989",0.208371005061394,0.18578485438563,0.206022677176533,0.206022677176533
"gene_1990",0.156813709645758,0.18578485438563,0.158431730784297,0.158431730784297
"gene_1991",0.0559259958422578,0.18578485438563,0.0605705593130644,0.0605705593130644
"gene_1992",0.0573989632717681,0.18578485438563,0.0652382393123964,0.0652382393123964
"gene_1993",0.0773979992717174,0.18578485438563,0.0833550942609323,0.0833550942609323
"gene_1994",0.0518334655238601,0.18578485438563,0.0579007331695186,0.0579007331695186
"gene_1995",0.0720350378556694,0.18578485438563,0.078612496363672,0.078612496363672
"gene_1996",0.0472382332251022,0.18578485438563,0.0508904758677114,0.0508904758677114
"gene_1997",0.105990016013039,0.18578485438563,0.111751099177011,0.111751099177011
"gene_1998",0.0629345381219131,0.18578485438563,0.0689588799017115,0.0689588799017115
"gene_1999",0.0465418214611326,0.18578485438563,0.0515815456755626,0.0515815456755626
