"gene","baseMean","pvalue","padj_filt"
"gene_0",168.650601818379,0.0325501845147869,0.102520266188305
"gene_1",104.375673178256,0.238691688982908,0.427092901377875
"gene_2",429.355916887859,0.177639063128813,0.354215479818171
"gene_3",1996.06317567103,1.17440917121848e-05,0.000126963153645241
"gene_4",79.782524459013,0.116262771866637,0.268246548874816
"gene_5",180.057441845725,0.196311542220879,0.377522196578613
"gene_6",690.183340185241,0.574789875110084,0.73315035090572
"gene_7",112.518542912167,0.285782400155453,0.48274054080313
"gene_8",6.16742818986539,0.511478135178205,0.682425797435897
"gene_9",129.864121319171,3.98215744077822e-05,0.000390407592233159
"gene_10",1436.63870548772,1.00322718251346e-08,1.82404942275175e-07
"gene_11",199.269285551719,0.00945453032159248,0.0372225603212302
"gene_12",407.414563652592,0.879086164500429,0.944238629968238
"gene_13",513.470229022603,0.428848414098164,0.61598413084284
"gene_14",18.7372835778735,0.269081506151241,0.4611508245951
"gene_15",930.338229831255,0.0218848048039142,0.0744117361496741
"gene_16",19.65983271535,0.144103347875427,0.309262786851583
"gene_17",11.5780107539866,0.851352415564312,0.930957253548044
"gene_18",1183.94911078108,0.000460415115588826,0.0031214584107717
"gene_19",65.1077883766927,0.581502787088997,0.738416237573329
"gene_20",271.742135900268,0.994021939354259,0.998362154576761
"gene_21",978.889128809236,0.0617285920388108,0.166834032537326
"gene_22",146.494654472513,0.000915023104222001,0.00548558891281551
"gene_23",5.40815384529007,0.266302086069739,0.458973576215729
"gene_24",54.9062138219912,0.714643071845508,0.840235312035381
"gene_25",697.758476221578,0.861468744782144,0.935602402260944
"gene_26",471.065753270245,0.0521799312085484,0.144743221105544
"gene_27",77.5408938963429,0.00655573676028468,0.0274298609216932
"gene_28",149.463648669047,0.510509750620283,0.681588452096506
"gene_29",139.070312492458,0.231986639708417,0.419126720340409
"gene_30",790.20525406419,5.17663404094157e-07,7.50236817527764e-06
"gene_31",110.512684592135,0.0471391732284727,0.13372815100276
"gene_32",171.344979522985,0.415801556707945,0.608217902641177
"gene_33",481.207146577979,0.000200954513529628,0.00153433675923606
"gene_34",21.9759510094657,0.292286575003707,0.489592252937533
"gene_35",66.2174482780794,0.169146498160359,0.34342480353221
"gene_36",14.9046311677095,0.727396392062701,0.848058978838682
"gene_37",89.5913091751171,0.422554131082864,0.613286111876436
"gene_38",23.0754031242731,0.143147857870237,0.308176227923007
"gene_39",2.54934310227263,3.43386489356834e-05,0.000343386489356834
"gene_40",1412.38786043183,0.462197813275883,0.641051058635066
"gene_41",1418.03344004775,1.6064640149663e-06,2.09995296074026e-05
"gene_42",54.7900875450992,0.176108732959693,0.352217465919387
"gene_43",1807.02683144017,0.0143276012062194,0.0525783530503464
"gene_44",61.9735290208726,0.352815623945258,0.547181257587772
"gene_45",4322.55545496827,0.00125727383764135,0.00712336451921444
"gene_46",36.8764936154512,1.10203941699973e-12,2.5930339223523e-11
"gene_47",926.734732378817,1.1928406524009e-06,1.62291245224612e-05
"gene_48",116.225668779802,0.237245176492881,0.425551886085885
"gene_49",173.409768433572,0.98245340374914,0.994386036183341
"gene_50",87.5558654434097,0.553647946156123,0.716696370428638
"gene_51",10.1132832135732,0.227933582639502,0.414801788242952
"gene_52",123.969449218781,0.267122621357554,0.458973576215729
"gene_53",4.5591820708935,0.754842502121097,0.866302527529955
"gene_54",169.766062451977,0.0185018813275067,0.0653308393628053
"gene_55",320.625586607311,0.455185744427473,0.634847621237759
"gene_56",5.20236385725844,0.00132697193552875,0.00745039421113737
"gene_57",41.678693493024,0.21252953825122,0.396510332558246
"gene_58",171.95911697916,0.00521519591808803,0.0231272546256675
"gene_59",1415.92692839318,0.037502855332094,0.113473087237803
"gene_60",113.686883955038,8.33759097126622e-05,0.000728173883953381
"gene_61",105.750531780029,5.73846318946486e-13,1.3663007593964e-11
"gene_62",85.9459284173517,0.419080306066265,0.611177965783616
"gene_63",97.2922649991243,0.875836220508486,0.942265971499179
"gene_64",592.091242793484,0.0925387710512379,0.225704319637166
"gene_65",378.529252770398,7.24644938575578e-05,0.000650601996938958
"gene_66",73.1778554877154,0.666432144121318,0.803414278627267
"gene_67",26.9542267491087,0.00147831773010044,0.00812262489066176
"gene_68",66.5452737439351,0.00384204364877868,0.0179955206031788
"gene_69",4.50052028308816,0.864114511015254,0.936311709873443
"gene_70",127.031353272746,0.142158149602136,0.307476539752872
"gene_71",613.59474448307,0.574428589171749,0.73315035090572
"gene_72",284.683476778683,0.000701901045448454,0.00441332405297059
"gene_73",31.3818100762559,0.133369530981291,0.29604779352118
"gene_74",339.431036024572,0.0290462344714012,0.0935466488611956
"gene_75",14.9728234896223,0.0357074012472569,0.110285916491941
"gene_76",119.349811002408,0.00344136470781578,0.0164658598460085
"gene_77",47.827620005674,0.602893989268395,0.755506252216034
"gene_78",548.599816473331,0.992636482398179,0.998126176368204
"gene_79",175.838880877713,7.7252311529888e-20,2.34097913726933e-18
"gene_80",60.5844753915097,0.823550424365234,0.916583666516676
"gene_81",395.294599201602,0.16725257773539,0.340983848594066
"gene_82",182.060375220462,0.118733974083379,0.272951664559492
"gene_83",602.171894635182,0.0244027118339274,0.0808036815692961
"gene_84",1673.19210921667,0.0117381941649008,0.0446319169768093
"gene_85",240.352738666927,0.00782808271822623,0.0318862839846282
"gene_86",103.333418060936,0.597072857202175,0.751507686849811
"gene_87",1138.56194948191,0.000386600319287737,0.00267543473555527
"gene_88",1033.82472966295,0.219626455187599,0.40607586485599
"gene_89",30.1346476544029,0.996807100258504,0.998362154576761
"gene_90",45.2534245362134,0.727979138754138,0.848058978838682
"gene_91",1057.00508644679,4.65060529253788e-08,8.0880092044137e-07
"gene_92",272.55487757366,2.21678970853094e-31,9.63821612404759e-30
"gene_93",40.7704872513754,0.17534098619353,0.351109114358034
"gene_94",907.194989904902,0.178411324862437,0.355047412661566
"gene_95",515.846122879023,0.164634536960603,0.338270161658978
"gene_96",2897.21835556539,5.57200137150198e-06,6.51696066842337e-05
"gene_97",120.000283831912,0.00624302387002803,0.0265520366864766
"gene_98",5.81990540242583,0.370961122029636,0.565920857406004
"gene_99",310.819313088809,0.499505705688558,0.671830135425095
"gene_100",1614.43420990837,0.047010364032711,0.133552170547474
"gene_101",33.1451881463804,0.875111849722119,0.941993379679353
"gene_102",20.4609215796844,0.614261302670909,0.76305751884585
"gene_103",261.825673307588,2.90376325679073e-05,0.000296144914630063
"gene_104",60.7910882784751,0.716653320717033,0.840235312035381
"gene_105",184.311476389976,0.432343550883904,0.617208730525793
"gene_106",80.9097969178652,3.05360753025634e-10,6.16890410152795e-09
"gene_107",9.9774179889745,0.689873784852717,0.823238406745485
"gene_108",3235.9471393575,0.000710817385724292,0.00444260866077682
"gene_109",211.253912782431,0.52904739891574,0.698412407809557
"gene_110",502.586233696606,0.0245503142652734,0.0811580636868541
"gene_111",1595.28562916864,0.379186172891645,0.573854067594242
"gene_112",517.726978369822,9.86804400866089e-12,2.19289866859131e-10
"gene_113",454.596777715445,0.137727628347034,0.30170345749624
"gene_114",7.9170184350642,0.33874138146214,0.532720802378639
"gene_115",530.536596773317,0.0573792446406118,0.156988357429854
"gene_116",4586.52435455904,0.0418759418407139,0.122983676477868
"gene_117",209.333953913076,0.165364647805274,0.338339439756752
"gene_118",26.4338556346651,0.574167344336431,0.73315035090572
"gene_119",692.297332866545,0.802014331511197,0.900633724324758
"gene_120",1771.2208697477,0.528005119108551,0.69749685483296
"gene_121",1987.78850586759,0.00235142308474054,0.0118382934574376
"gene_122",342.351209158893,0.788887791358743,0.890392541036956
"gene_123",79.1101002158247,0.0207546969382562,0.0716915265570162
"gene_124",263.562514420186,0.617160634302582,0.764759150312989
"gene_125",38.6814383554963,0.0298504890153629,0.0956746442800094
"gene_126",3154.26641497371,0.948586360790932,0.979923950766062
"gene_127",394.243164357501,0.211747225898137,0.396510332558246
"gene_128",1203.68743562839,2.78185312111468e-07,4.1832377761123e-06
"gene_129",1709.20570176963,0.293885336040627,0.490765683615473
"gene_130",117.916528516,0.954607156333373,0.982611586550049
"gene_131",521.273980402852,0.884532242713112,0.947543912922455
"gene_132",159.201925479198,0.216047352699848,0.401202140575391
"gene_133",81.6675351743237,0.00910097300083684,0.0362588565770392
"gene_134",7.52591234780013,0.66064107313989,0.80174887516977
"gene_135",39.7728939943621,0.0591550809066666,0.160966206548753
"gene_136",133.526656706691,0.0709437937798594,0.18558540597566
"gene_137",1316.93984795901,0.561625167408748,0.72421040284816
"gene_138",6.36853287968915,0.35863680105822,0.554307265932333
"gene_139",19.9210329944566,0.995604421064138,0.998362154576761
"gene_140",1007.79802200276,0.041039070443891,0.121059204849236
"gene_141",833.764980720268,5.8046361824405e-05,0.000532535429581697
"gene_142",230.499516704783,1.1717698686939e-07,1.85995217253001e-06
"gene_143",30.6998625591412,0.000501533321196252,0.00333244731691862
"gene_144",1437.51256251341,0.00407881978132533,0.0187964045222365
"gene_145",13.1264797939738,0.00483695618550333,0.0218866795724133
"gene_146",121.126368900002,5.9161635289965e-06,6.87925991743779e-05
"gene_147",620.03189985152,0.946676659423019,0.979923950766062
"gene_148",23.7620624803009,0.883849048919723,0.947319452218353
"gene_149",330.364399712261,0.43860486382385,0.621693641139405
"gene_150",22.0119166024309,0.986930265430269,0.996897970757381
"gene_151",213.541432431766,0.00578337903395762,0.025090581492224
"gene_152",21.2989376220248,0.0322941168942273,0.102035124468333
"gene_153",774.854654690397,0.000536178568541994,0.00350443508850976
"gene_154",35.1120591111105,0.762301870984226,0.871202138267687
"gene_155",2034.89166261724,0.432552075667935,0.617208730525793
"gene_156",41.4364953275908,0.188578382354333,0.365461981306847
"gene_157",54.4202422982016,0.202363084173049,0.3847206923442
"gene_158",3293.53901372361,1.26648953640197e-22,4.02060170286339e-21
"gene_159",4733.93677265352,0.139728039910622,0.304667354747261
"gene_160",73.4203271519674,0.448037011074734,0.629211359727673
"gene_161",898.810493038106,0.635312601588867,0.780962017933456
"gene_162",39.4248283228286,0.70152510779405,0.83267075109086
"gene_163",114.081209740977,0.00161910217798022,0.00875190366475792
"gene_164",162.097126957331,0.00648022432497091,0.0271707518866705
"gene_165",3902.01465092774,0.942160447296745,0.977852047012708
"gene_166",2450.32380934603,0.121895081138521,0.279261500928452
"gene_167",4599.3015866434,0.162099310738765,0.334570300802405
"gene_168",1521.11290303602,0.0884649153718195,0.219515919036773
"gene_169",22.335079384854,0.46077326925502,0.639962873965306
"gene_170",17.6450535942674,0.793688383268712,0.893793224401703
"gene_171",78.7243329537583,0.0439603959682508,0.127606374363573
"gene_172",2031.14975126711,0.0747148278540297,0.192316159212432
"gene_173",31.1552019390155,0.484538973715913,0.659054032084953
"gene_174",5255.68159758546,0.172139231726909,0.347103131021798
"gene_175",132.030931005423,0.0170425961191854,0.0615256177587922
"gene_176",41.9407604716867,1.78634899913377e-47,1.05079352890222e-45
"gene_177",121.198515552713,0.679716194753165,0.815841982412779
"gene_178",234.701186732598,0.000173345250573208,0.00135957059273104
"gene_179",4023.70075793399,3.28751810188301e-20,1.01154403134862e-18
"gene_180",1017.88090056018,0.287467552358835,0.484768216456719
"gene_181",475.85827063587,0.00503052048316745,0.0224076636221267
"gene_182",1061.10250408802,0.00217139199288611,0.0111353435532621
"gene_183",235.547556578131,0.377023046857683,0.572113879905437
"gene_184",12.1601674806742,0.737854056169363,0.853010469559957
"gene_185",515.688654966482,0.000114103734945536,0.00095484297025553
"gene_186",646.400258402485,2.08069909130531e-13,5.01373275013327e-12
"gene_187",349.783281339335,0.000540207853060146,0.0035192694010433
"gene_188",72.3784727533088,1.16581495618916e-06,1.59700678930022e-05
"gene_189",806.320945910924,0.186596285438216,0.363735449197301
"gene_190",11.8461591309042,0.0456001753574096,0.131223526208373
"gene_191",4758.9362860686,0.545091417204985,0.708831491814025
"gene_192",37.7680651374194,0.0945312365574128,0.228889192632961
"gene_193",22.1821685003335,0.706595762329106,0.835877562149944
"gene_194",3607.46296989872,0.178166861637803,0.354914067007576
"gene_195",61.7351432420317,0.868479381922269,0.938896629105156
"gene_196",24.0638142685874,0.142692481755742,0.307858644564707
"gene_197",20.5086883424132,0.0944380278378994,0.228889192632961
"gene_198",1443.99212274387,0.0393539246059211,0.117826121574614
"gene_199",363.94879620414,0.000146177230234578,0.00119817401831621
"gene_200",18.3737751883355,0.901207916356589,0.956696301864744
"gene_201",14.8101492823212,0.293690946919631,0.490765683615473
"gene_202",770.59755344181,0.141939274813686,0.307476539752872
"gene_203",48.537808808793,0.421257901207455,0.611848803496667
"gene_204",38.7688555782998,0.00128408874807807,0.0072547386897066
"gene_205",139.380048496519,2.717644253524e-07,4.11764280836969e-06
"gene_206",5.16692801240397,0.345289214179665,0.539830672928747
"gene_207",7.6829140797996,0.341257669829702,0.534886629827119
"gene_208",275.410635206871,0.0189500028595725,0.0665855815529777
"gene_209",5.15898498176554,0.826829568270174,0.918305408616616
"gene_210",162.123602337611,0.187237906342744,0.36427608237888
"gene_211",73.8220318110582,0.365937163641109,0.560168412905735
"gene_212",2549.64034913219,2.78752352744681e-06,3.57374811211129e-05
"gene_213",37.792345174745,0.00297716181988305,0.0144522418440925
"gene_214",51.5493815151169,0.000147788922073004,0.00120644018018779
"gene_215",101.60084719964,0.536072370762397,0.703776888940342
"gene_216",248.183647713185,0.192001503633126,0.371017398324881
"gene_217",26.5325380985703,0.544154046775637,0.708806750771709
"gene_218",756.138541276494,0.0296032760759871,0.0950345941444209
"gene_219",229.595616696772,0.00403487178876868,0.0186368211952364
"gene_220",158.53365520525,0.00992433888584339,0.0388428136432227
"gene_221",802.914067178239,1.35365381422942e-05,0.000143243789865548
"gene_222",1266.29406273873,0.0693565830376838,0.183240642107487
"gene_223",19.8285545251023,0.719016262237639,0.840954692675601
"gene_224",38.8688892861875,0.969434118763398,0.988857699585002
"gene_225",18.8861877041051,0.2568960096075,0.450694753697368
"gene_226",419.52777330317,0.111086399736059,0.259244806851946
"gene_227",212.423246499067,0.0667508152659341,0.177528764005144
"gene_228",15.170673229458,0.983772872436788,0.995217878034181
"gene_229",90.7512160879487,0.00548048073031192,0.0239010243005461
"gene_230",354.241362742818,0.880608226216482,0.945365782304329
"gene_231",43.9449370070407,0.495182483372546,0.668262460691695
"gene_232",45.2860763643432,0.911082701087407,0.962580772411418
"gene_233",11.8212192074237,0.38108470570065,0.573922749549171
"gene_234",40.4288538500585,0.415974647461127,0.608217902641177
"gene_235",744.495951615953,0.704916296138309,0.834714382638613
"gene_236",6.63087737634652,0.230600711251459,0.417376852943818
"gene_237",329.686914459497,0.00525439788808571,0.0231982246714601
"gene_238",34.7232821607095,0.0194016746401778,0.0678380232174049
"gene_239",1232.2211605135,0.0921591713468793,0.225556310309955
"gene_240",223.040523213977,0.925373430320228,0.966952382779758
"gene_241",599.752432597141,4.67640711420611e-151,4.67640711420611e-148
"gene_242",281.622300771737,0.472136074826987,0.650190142406679
"gene_243",17.6789423092323,0.669663266134448,0.805852305817627
"gene_244",658.753382739932,0.00663293339551269,0.0276273786310791
"gene_245",651.94734393853,0.000110646530018373,0.000934416143031011
"gene_246",4.88255930214751,0.17503424859055,0.351109114358034
"gene_247",4413.13856821238,0.38552589914664,0.577999848795562
"gene_248",1367.47205701345,0.0398932608350029,0.118731726531233
"gene_249",923.456096091609,0.828606137064963,0.919141582989421
"gene_250",393.907708286117,0.134648862528908,0.297238107127832
"gene_251",12.8156658423192,0.0469120093346486,0.133552170547474
"gene_252",370.416744226927,0.000154287347001512,0.00123925579920893
"gene_253",199.25225019423,4.69594531690442e-52,2.84602746479056e-50
"gene_254",10.5004230063791,0.409323722997855,0.602389584985806
"gene_255",16.7852453130647,0.789690614659474,0.890795955622644
"gene_256",13.0385907393344,0.328959525957092,0.523820901205561
"gene_257",4.0035292202411,0.288837534598424,0.486258475754922
"gene_258",4764.31683416585,0.462547518244486,0.641091501378359
"gene_259",523.600603666621,0.00491604599797058,0.0220624101764389
"gene_260",7.94404251532397,0.245518185845028,0.437254115485357
"gene_261",1086.91269330814,0.281521904714315,0.476751743800703
"gene_262",624.085041634274,0.0550178921324622,0.151983127437741
"gene_263",20.0701630465678,2.79800553496874e-11,5.95320326589094e-10
"gene_264",47.4280688441602,0.00152285924207344,0.00834443420314212
"gene_265",53.4656400163453,0.0125220667480219,0.0472584106160799
"gene_266",2651.4328492115,0.433688902468537,0.618230794680738
"gene_267",281.728527921071,0.00159231333785921,0.00863042459544285
"gene_268",41.2739527329672,0.491327533041415,0.665304716372938
"gene_269",3051.88709992351,0.280564540637239,0.475533119724134
"gene_270",3969.33449923165,1.95662756719358e-09,3.76274532152612e-08
"gene_271",55.6621165991745,0.226536541300268,0.413545871290602
"gene_272",41.3835248574186,0.0361159234776559,0.111109095438377
"gene_273",7.62277487545682,0.914585817354613,0.963371410219249
"gene_274",124.087149789827,0.428883867165877,0.61598413084284
"gene_275",47.9526933500333,0.148813520003024,0.315326559852023
"gene_276",94.3977576337539,0.0578728916359727,0.158122654743095
"gene_277",57.3398221492767,0.0314575543373195,0.10002402015046
"gene_278",1176.3662357589,0.0372231912117728,0.112797549126584
"gene_279",4464.82330133186,0.00251467990058337,0.0125344559876408
"gene_280",4932.55046834771,0.840882956278666,0.927345872409489
"gene_281",577.349800066354,3.03979804486055e-08,5.38017353072664e-07
"gene_282",22.587856302807,0.00628419298812503,0.026556421747706
"gene_283",114.551644378892,9.61967355975537e-05,0.000829282203427187
"gene_284",47.3766603458728,0.906815915176432,0.959593561033261
"gene_285",44.5858167518069,0.000328030394819171,0.00230196768294155
"gene_286",63.8766990974037,0.291012605955238,0.488276184488655
"gene_287",5838.12238810177,0.000273187485086515,0.00197377045842793
"gene_288",206.089603694532,0.562824083451337,0.724821743015244
"gene_289",4687.45660293936,0.00258139059793044,0.0127791613758933
"gene_290",175.362615439575,0.00546231672436112,0.0239010243005461
"gene_291",115.87907019072,0.946785719805638,0.979923950766062
"gene_292",3.28191400354729,0.225613767644589,0.413212028653094
"gene_293",178.28141578344,0.0568975692657191,0.156097583719394
"gene_294",108.146722432364,0.0463381160579291,0.132964465015578
"gene_295",17.2303626749043,0.13002849845294,0.291729241231633
"gene_296",245.85722304384,1.94248210711448e-86,1.76589282464953e-84
"gene_297",5023.20726383291,0.809742427262406,0.905245866140197
"gene_298",12.7059790203342,0.372632452145046,0.56749720328662
"gene_299",77.3942017627959,6.23783319998527e-09,1.15515429629357e-07
"gene_300",37.1535875004593,0.197388493845211,0.379228614496082
"gene_301",62.0826310581326,0.130551367472322,0.292097985269389
"gene_302",44.6084714722448,0.848477059637532,0.930678897563593
"gene_303",13.6315221835261,0.200828925775246,0.383261308731386
"gene_304",561.269272740627,4.14791638985744e-05,0.000404674769742189
"gene_305",54.1761293940355,0.472711003738903,0.650190142406679
"gene_306",395.483641579654,0.000476197053164052,0.00320671416272089
"gene_307",124.519818260756,0.00116760597347779,0.00676873028103065
"gene_308",32.7611299074538,0.569669041201053,0.728622611633053
"gene_309",184.617578748334,0.136538852383884,0.299511532537122
"gene_310",1197.63793277185,0.921343189945526,0.966058565932702
"gene_311",4.7748551860381,0.300273750807389,0.497141971535412
"gene_312",4835.2787148467,0.905501956463064,0.959593561033261
"gene_313",5.38811718028531,0.0137470342084987,0.0510094033710527
"gene_314",58.4007629894775,0.754415751276176,0.866302527529955
"gene_315",184.696719347471,0.437594044922212,0.621693641139405
"gene_316",150.869497816202,0.399051702621729,0.591625949031474
"gene_317",4.66209829769432,0.949546308292314,0.979923950766062
"gene_318",11.2452581109023,0.0137134301755972,0.0509792943330749
"gene_319",83.5054964145571,0.636398428714818,0.781816251492405
"gene_320",272.982872051207,0.0260779147611469,0.0853614231134103
"gene_321",47.8551341312525,0.00421557466640589,0.0193374984697518
"gene_322",1177.77467358391,0.107956494266538,0.253121909182972
"gene_323",544.184607154952,7.91691613478797e-06,8.94566794891296e-05
"gene_324",4.82564748539101,0.68964163028012,0.823238406745485
"gene_325",24.2557105518088,0.418694181861622,0.611177965783616
"gene_326",404.049130212287,0.426284855127477,0.61598413084284
"gene_327",187.345754009492,0.83021665001571,0.920221866439563
"gene_328",183.142517794681,0.113012691009373,0.262514961694246
"gene_329",126.706955450062,4.7621125759628e-05,0.000455704552723712
"gene_330",2900.76023413638,0.000504518046528398,0.00333673257582379
"gene_331",52.2421815391759,0.275463043809371,0.470345142988641
"gene_332",5036.69828758873,0.18208795876842,0.360213568285697
"gene_333",220.861862445614,1.26024597952103e-155,2.52049195904207e-152
"gene_334",200.087208420014,0.000307733101177121,0.00219027118275531
"gene_335",17.1004350757138,0.726824280060616,0.848058978838682
"gene_336",68.1476716876131,0.554793062426163,0.717250242309196
"gene_337",4870.40592354716,4.60143650076363e-07,6.76681838347592e-06
"gene_338",48.4080493759038,0.0310423578920112,0.09886101239494
"gene_339",90.1107415442095,0.0478235823774948,0.135094865473149
"gene_340",9.73264598791819,0.132856732839582,0.295237184087961
"gene_341",46.8960163968392,0.0964445156196527,0.231837777931857
"gene_342",11.6224307601871,0.000258097747801678,0.00190346726109673
"gene_343",1222.29867093971,0.0013995436099418,0.00777524227745443
"gene_344",1782.03232894417,0.320021191434835,0.516579808611517
"gene_345",258.09817394491,0.0217028359075506,0.0740711123124593
"gene_346",150.175203144467,0.801682611099714,0.900633724324758
"gene_347",13.2926390182124,0.59950761765567,0.753623655129692
"gene_348",12305.6046075179,1.1994741695609e-143,7.99649446373935e-141
"gene_349",106.940165796733,0.352438592840554,0.547181257587772
"gene_350",33.7445721844233,0.279326808309914,0.474942079150446
"gene_351",441.725662754208,0.00370303571117903,0.0174260504055484
"gene_352",4696.14135083529,0.367400523440183,0.561345337570944
"gene_353",226.48725789375,0.404053636168587,0.597087640327591
"gene_354",17.9930652376077,0.32334394394843,0.519040791332048
"gene_355",84.2772664278068,0.754413563488788,0.866302527529955
"gene_356",4177.65721911346,4.59726660132824e-08,8.06538000233025e-07
"gene_357",5.28741290088519,0.180938729841928,0.359005416353032
"gene_358",258.54427559217,0.00176855420565608,0.00942604243851685
"gene_359",1555.05617885138,0.136014668676128,0.298933337749731
"gene_360",432.939970447955,7.36875174534553e-09,1.35206454043037e-07
"gene_361",141.047334861435,0.130016322466826,0.291729241231633
"gene_362",411.924436486855,0.0434457568728212,0.126479641551154
"gene_363",1336.22417540993,0.0224957220805478,0.0754890002702948
"gene_364",127.875237544067,8.93654442763948e-05,0.000773726790271816
"gene_365",163.214257305314,0.000230027096563705,0.00171662012360974
"gene_366",3758.02633711399,3.51914323982851e-38,1.71665523894074e-36
"gene_367",4711.81703876396,0.312284852995096,0.509834939093557
"gene_368",127.047741056778,4.07156940879075e-15,1.0714656338923e-13
"gene_369",1166.0702713337,0.961121534082537,0.985765675982089
"gene_370",18.489346045186,0.948602256634482,0.979923950766062
"gene_371",223.08934335747,0.594764594701004,0.749073796852649
"gene_372",301.214179645164,0.0812548293778468,0.205188963075371
"gene_373",1274.41033514613,0.0235633843335623,0.0785446144452077
"gene_374",1731.94951004405,6.00538835442096e-36,2.79320388577719e-34
"gene_375",276.010913898235,0.00867995118036131,0.0347893834884221
"gene_376",4741.76930108417,0.438943449299411,0.621732931018996
"gene_377",301.427190199085,0.130567799415417,0.292097985269389
"gene_378",680.225114663873,0.431658035684763,0.617095118920319
"gene_379",304.35421429988,0.360594329859877,0.556472731265243
"gene_380",1538.92773685463,0.9176942785947,0.964978210930284
"gene_381",5043.34567303461,0.1054497441687,0.249290175339716
"gene_382",1061.05324649495,0.00491991746934588,0.0220624101764389
"gene_383",36.3070043092881,0.320753106416209,0.517343720026143
"gene_384",18.1951100288778,0.0505383104161089,0.141168464849466
"gene_385",344.409816800427,0.745524401663208,0.860385922288757
"gene_386",64.419475377126,0.900570778776027,0.956696301864744
"gene_387",7.12750971004324,0.145564905991784,0.311136336165123
"gene_388",63.1900066250161,0.0321099652213786,0.101774850147
"gene_389",630.468392191309,0.641393183782064,0.785666423573218
"gene_390",149.83661456439,0.000422194643007249,0.00291168719315344
"gene_391",762.545606801969,0.47557727033091,0.652817117818682
"gene_392",187.217339794507,0.378254306017326,0.573547090246135
"gene_393",48.2008738776591,0.172693520856199,0.347317865164117
"gene_394",1354.62583794108,0.739620987113308,0.854559199437675
"gene_395",4.31854299694971,0.222144293672278,0.408729151190944
"gene_396",4696.90373935158,0.989074224135148,0.997212107413786
"gene_397",37.3767599963634,0.560183419418057,0.723283950184709
"gene_398",122.16309189882,2.42048432071887e-09,4.6104463251788e-08
"gene_399",472.727920561016,0.297302393322018,0.493109656465383
"gene_400",4.58734742542116,0.630230617484083,0.777582501522619
"gene_401",37.4382584156182,0.841806296964985,0.927477835508631
"gene_402",67.7735573027092,0.480543809974367,0.655585006786312
"gene_403",4.25431198629846,0.710638824542252,0.837527401352703
"gene_404",291.78371057142,0.000635342731879157,0.00405969796727896
"gene_405",30.6108331203295,0.372405735116691,0.56749720328662
"gene_406",186.182295057947,0.00184023575320609,0.00976252388968747
"gene_407",39.3815279116388,0.834407329929168,0.923527758637707
"gene_408",924.151295657477,0.261387622092712,0.4553791325657
"gene_409",238.633686406786,0.00631237486384074,0.0265784204793294
"gene_410",296.031800357863,0.000278770622545823,0.00200554404709225
"gene_411",24.8225471513738,0.0195323641996665,0.0681757912728325
"gene_412",444.439424905746,0.325488465520011,0.519534661644072
"gene_413",25.0503273741008,0.302808247501881,0.500096197360663
"gene_414",600.27225476667,0.653425816273863,0.795481465684421
"gene_415",31.9317573848708,0.290881914421029,0.488276184488655
"gene_416",56.1964438115009,0.0104191551992191,0.0402283984525836
"gene_417",291.476862882374,0.16329688981027,0.336694618165506
"gene_418",42.5247201342736,0.533976176109384,0.702138298631669
"gene_419",1039.20075101421,0.578443046686722,0.73564491693727
"gene_420",8.93048028515683,0.632061489508748,0.777921833241535
"gene_421",34.9366665838976,0.000444867849940103,0.00302631190435444
"gene_422",255.976358811155,0.345491630674398,0.539830672928747
"gene_423",218.653184285726,5.52023858689895e-05,0.000511133202490643
"gene_424",435.844997114746,0.404630302526734,0.597087640327591
"gene_425",126.339622005058,0.0984563836602842,0.235260176010237
"gene_426",41.2226951985178,5.90915654946977e-18,1.66455114069571e-16
"gene_427",373.947705968252,0.00184806056363662,0.00977809822029959
"gene_428",69.0118059377399,0.216355231403057,0.401401171434242
"gene_429",591.582541547124,0.182474584044405,0.360621707597639
"gene_430",5.12223900887607,0.021142970743548,0.072906795667407
"gene_431",50.0051029281099,0.915684525413396,0.963371410219249
"gene_432",4.35318201386629,0.0191521392589434,0.0670827995059314
"gene_433",35.6457217980198,0.764410364778911,0.872614571665424
"gene_434",113.884318153557,0.512765375976414,0.682776798903347
"gene_435",67.5897291485431,0.00156007210312543,0.00852498417008431
"gene_436",76.3143407835516,0.888968855274172,0.950260668385004
"gene_437",52.7546615759538,0.387603223888499,0.580678987098875
"gene_438",53.5765024720553,0.161794415819328,0.334285983097786
"gene_439",538.611643537583,7.25421226586939e-05,0.000650601996938958
"gene_440",487.600194995818,0.851360408369686,0.930957253548044
"gene_441",33.9635533763167,0.0499837516075086,0.140403796650305
"gene_442",2649.48063443288,0.613991474089406,0.76305751884585
"gene_443",992.975843433342,0.0947119950346347,0.229049564775416
"gene_444",3918.62755273467,0.257505384421681,0.451114698868324
"gene_445",419.407417680535,0.0168038198126716,0.0608854115782804
"gene_446",557.616362435284,0.0257217346204194,0.0844720348782248
"gene_447",55.3267333012069,0.00157167573042976,0.00856499035656543
"gene_448",197.655733297736,0.896885461351939,0.954641257426226
"gene_449",2521.14042019787,0.178878705553609,0.355623669092662
"gene_450",366.399256176033,0.601101918078513,0.754087735979775
"gene_451",278.100721894721,0.539107524913611,0.704715718841322
"gene_452",337.136581419485,0.0213588332231117,0.0735243828678542
"gene_453",73.6907560164477,0.717140838822197,0.840235312035381
"gene_454",14.4754849847918,0.811456086443299,0.906654845188043
"gene_455",113.859760065675,0.00102080189649856,0.00604024790827553
"gene_456",28.4076546812148,0.635160431153637,0.780962017933456
"gene_457",32.8337440698754,0.804077594135078,0.901937850964754
"gene_458",4.13158396847645,0.698846475496127,0.830970838877678
"gene_459",4752.20928081963,0.404684606120794,0.597087640327591
"gene_460",3201.64121057095,0.00905740292324237,0.0362296116929695
"gene_461",61.3271141959386,0.00202850562730281,0.0104562145737258
"gene_462",10.3708456197917,0.578584727171162,0.73564491693727
"gene_463",1484.38433073681,0.000231682170038777,0.00172254401515819
"gene_464",96.1364031861014,0.00580122018159844,0.0251135072796469
"gene_465",85.6503728340792,0.00908934589877881,0.0362588565770392
"gene_466",435.50144850313,1.15940765101274e-07,1.85505224162038e-06
"gene_467",2497.59633037443,0.0507337976093521,0.141427516929146
"gene_468",27.0768412658322,0.20641921658836,0.39020645857913
"gene_469",155.171324637066,0.0845140433188619,0.212881721206201
"gene_470",95.552633720604,0.0899876990721538,0.222286595173774
"gene_471",4.73071845188191,0.176369354508173,0.352386322693652
"gene_472",67.2649456432674,0.0128473243276141,0.0482075959760377
"gene_473",9.36045260194471,0.112545463951911,0.262038332833319
"gene_474",288.510280784355,0.716520546550958,0.840235312035381
"gene_475",56.5279290500469,0.142179990761306,0.307476539752872
"gene_476",110.277355025787,0.328463524827393,0.523447848330507
"gene_477",4533.64284459342,4.19631164203285e-05,0.000407408897284743
"gene_478",212.758892141668,0.00125684697819271,0.00712336451921444
"gene_479",23.8842141213969,1.84235754298765e-29,7.19034699049326e-28
"gene_480",149.989505637279,0.736452688341712,0.853010469559957
"gene_481",67.9472940484917,0.99001067110019,0.997212107413786
"gene_482",731.999541342162,0.667934603976107,0.804650131914792
"gene_483",133.85530354145,0.363608829799589,0.558011430702204
"gene_484",179.278922792761,0.410921937451446,0.604296966840362
"gene_485",308.98431455642,0.48031411042046,0.655585006786312
"gene_486",2144.63547589396,0.0887682804911714,0.219995738515914
"gene_487",107.253573986822,0.774860416472382,0.88002318736216
"gene_488",1021.36971505935,0.00197345179836921,0.010251697653866
"gene_489",36.008219096995,0.542896244195292,0.708279509713362
"gene_490",1903.49898582253,0.0114371210524993,0.0436531337881651
"gene_491",32.8059338122857,0.000194316659737806,0.00149474353644466
"gene_492",21.1912529739007,0.200560585833075,0.383114777140544
"gene_493",3775.01286023774,1.18102114797093e-11,2.59565087466139e-10
"gene_494",1335.10610319995,0.0139672035944103,0.0515394966583407
"gene_495",20.5373076067231,0.144116458672838,0.309262786851583
"gene_496",279.761987562679,3.94181553436434e-06,4.87003767651981e-05
"gene_497",54.8554909438828,0.304562253022458,0.502163648841645
"gene_498",30.3139814314223,0.0222428108940289,0.07501791195288
"gene_499",1609.79123812126,0.126819771158449,0.286598352900451
"gene_500",356.29301441834,0.000205374057438948,0.00154999288633168
"gene_501",596.846937183622,0.435752037990046,0.619846426728373
"gene_502",19.7022354788392,0.00031238961599807,0.00220770046641746
"gene_503",1910.78320725941,0.325454797892451,0.519534661644072
"gene_504",1395.07161032579,0.00607532467517148,0.0259727298591601
"gene_505",1720.3039112703,8.58767573922409e-07,1.20953179425691e-05
"gene_506",10.882547049226,0.782011115746227,0.886131575916405
"gene_507",52.8873012125052,0.261974365765312,0.455496356523933
"gene_508",156.923749610408,0.000273367208492268,0.00197377045842793
"gene_509",21.615493779773,0.427164642664392,0.61598413084284
"gene_510",122.515403370783,0.181655896766609,0.359714647062592
"gene_511",2127.92298157857,0.000270356284339037,0.00196622752246573
"gene_512",67.35916015566,0.476608752586766,0.653784297101188
"gene_513",17.5362072151357,0.84970983347556,0.930678897563593
"gene_514",244.107507183352,1.12121207033757e-06,1.54649940736216e-05
"gene_515",94.080998722606,0.099293798640586,0.236673545884225
"gene_516",147.149336283953,0.563723312432364,0.725046061006256
"gene_517",1379.45531806155,0.0524437298380355,0.145273489856054
"gene_518",150.766216112854,0.000112060458191101,0.000941684522614293
"gene_519",175.617751852522,0.969072769053597,0.988857699585002
"gene_520",273.561749227556,1.78147606959495e-07,2.80547412534637e-06
"gene_521",17.1968094834505,0.167827856014457,0.341808260721908
"gene_522",282.757379433662,0.000743394220362187,0.00458885321211226
"gene_523",314.15828301933,0.238744931870232,0.427092901377875
"gene_524",775.788487228573,0.639509104747759,0.784673748156759
"gene_525",7.9683606530634,0.703946887650837,0.834453980930964
"gene_526",4770.89399643038,0.0132271838810592,0.0493551637352955
"gene_527",3.81542467881767,0.950053706038587,0.979941935057851
"gene_528",170.176011171642,0.526909855596094,0.696970708460441
"gene_529",25.5655913517792,0.144412225462955,0.309455923812032
"gene_530",299.476818804255,0.1734453871813,0.34828391000261
"gene_531",995.258465859521,0.00115678358170158,0.00672548594012545
"gene_532",3.519976466063,0.486868805225635,0.660608962314295
"gene_533",42.5683502830367,0.237963187065853,0.426457324490776
"gene_534",4.90771406315019,0.00491807579284133,0.0220624101764389
"gene_535",352.553619735999,0.0017171724863435,0.00920735917610458
"gene_536",334.468884425211,0.689744626530176,0.823238406745485
"gene_537",851.866601411397,0.29575858061829,0.491662757179358
"gene_538",61.3709276564232,0.758121071895986,0.868409017062985
"gene_539",4806.07749261684,0.771705587681604,0.87743671140603
"gene_540",1648.92931268216,0.275622253791344,0.470345142988641
"gene_541",243.800648064082,1.09845320967826e-07,1.77169872528752e-06
"gene_542",161.934160218546,0.243001349563386,0.433543888605507
"gene_543",106.928753057963,0.906370827335147,0.959593561033261
"gene_544",82.635096696091,0.979823143026546,0.993076252415297
"gene_545",1045.18946863828,4.25404045757098e-139,2.12702022878549e-136
"gene_546",552.276682160698,0.0778973174752737,0.198212003753877
"gene_547",32.8251171106176,0.590985296602114,0.746304891178891
"gene_548",15.3676830688495,0.379317538679794,0.573854067594242
"gene_549",13.0447191120808,0.184331765611569,0.362488008101911
"gene_550",11.3807749139551,0.39164813885109,0.58362007240857
"gene_551",4.03636965127659,0.146888632566478,0.313529631945525
"gene_552",97.1850446875179,0.02270863657405,0.0760758344189281
"gene_553",35.5290525524511,0.861711190954948,0.935602402260944
"gene_554",50.1676679698297,0.337794046310466,0.531959128047978
"gene_555",2906.72060217646,0.664301832547384,0.802296899211816
"gene_556",1631.26971449101,1.8355074496244e-06,2.36839670919278e-05
"gene_557",55.8158161217046,0.819224470750825,0.913803090631149
"gene_558",27.6765244985951,8.88138112808905e-25,2.91192823871772e-23
"gene_559",58.8982539125945,0.708828726890981,0.836751237040698
"gene_560",4.89409502620342,0.445588378567057,0.627147612339278
"gene_561",132.934816737753,0.0223007052785295,0.0750865497593587
"gene_562",125.510280734451,0.593677226201731,0.748479930165145
"gene_563",132.685700133958,0.527567467755581,0.697379336094621
"gene_564",101.217047936697,0.824497036567421,0.917126848239623
"gene_565",88.9133361507675,0.69833354171178,0.830854897931921
"gene_566",293.385026862689,0.172790637919148,0.347317865164117
"gene_567",670.461759056725,0.380006893038408,0.573922749549171
"gene_568",4507.36754811656,0.168534486582024,0.342898243300151
"gene_569",2224.45507127695,0.000269368591785391,0.00196619410062329
"gene_570",31.8461345857214,0.828492798618641,0.919141582989421
"gene_571",360.318997143946,3.19207729123872e-95,3.19207729123872e-93
"gene_572",23.5009158024487,3.15158711167533e-06,3.9642605178306e-05
"gene_573",660.198644612181,0.453997231289201,0.634074345375979
"gene_574",17.8570574067493,0.152353749077638,0.320070901423609
"gene_575",4.69514677887151,0.456510472203501,0.635435083504553
"gene_576",99.7314356671767,0.425986155577135,0.61598413084284
"gene_577",104.110468522559,0.00642567444563344,0.0269986321245103
"gene_578",14.9910736097947,0.656629913753444,0.797849226917915
"gene_579",307.25245471562,0.00132989536668802,0.00745039421113737
"gene_580",607.238024520757,0.609178251629195,0.759484371779652
"gene_581",72.1891015105818,0.666333888970367,0.803414278627267
"gene_582",221.538545273357,0.0628421737083128,0.169385912960412
"gene_583",36.708310222456,0.212861816206782,0.396760142044328
"gene_584",4429.5412859954,0.931413507564887,0.971521886861872
"gene_585",7.02352360624717,0.731443860695194,0.850021918297727
"gene_586",93.434755866259,0.583653567927115,0.740207441886006
"gene_587",18.1012909929678,0.153895769601988,0.322632640675028
"gene_588",87.6614382743633,0.808253902481357,0.904593063773203
"gene_589",32.0015632641024,0.00629184393455132,0.026556421747706
"gene_590",378.793968129355,0.90432449166946,0.959091929568918
"gene_591",26.5221954020954,0.15543146634786,0.324153214489802
"gene_592",28.954199076235,0.588015904410696,0.743853136509419
"gene_593",8.51298523381974,0.229436944960105,0.416023472275803
"gene_594",387.359858436498,0.558334934044559,0.72136296388186
"gene_595",7.41477570033171,0.891765742752042,0.951724378604101
"gene_596",4733.90540963385,0.198973109718895,0.381539999460968
"gene_597",233.353758805368,0.581908026515523,0.738461962583151
"gene_598",226.136653834698,0.0256158208112026,0.0842625684579031
"gene_599",79.5404566137657,0.000153358751933983,0.00123925579920893
"gene_600",4699.99254623131,0.13524630765582,0.297887818078005
"gene_601",252.193636865377,0.000585939066768422,0.00376809689240143
"gene_602",275.714825961795,0.0220978906527566,0.0746704910003323
"gene_603",5.40637386325735,0.494681177795396,0.66803670195192
"gene_604",6.90328994037494,0.568652171213146,0.728622611633053
"gene_605",37.5573736412552,0.43812544053163,0.621693641139405
"gene_606",190.037159801576,0.152198171961777,0.320070901423609
"gene_607",20.188869113768,0.310792768505864,0.508246555201741
"gene_608",26.2190490631475,0.199784981705166,0.3823636013496
"gene_609",7.10579574672723,0.0185101400362901,0.0653308393628053
"gene_610",286.359549927514,0.955365991345323,0.982886822371732
"gene_611",62.8402663687517,0.0125155596359492,0.0472584106160799
"gene_612",8.98811845399666,0.185264799476332,0.362586315131809
"gene_613",54.1253682200432,0.119779672916697,0.275039432644539
"gene_614",91.5687380863717,7.81474950221432e-08,1.32453381393463e-06
"gene_615",19.5231068808129,0.24920317403061,0.440288293340301
"gene_616",4.48748962605104,0.890177358360854,0.951044186282963
"gene_617",2288.43907985233,0.747839919356613,0.861104355556645
"gene_618",129.261734123003,0.690871115444558,0.823936929570135
"gene_619",104.138720003453,0.00343455300277335,0.0164658598460085
"gene_620",103.910479080156,0.734946833210112,0.853010469559957
"gene_621",259.241839519179,0.141396119498836,0.30704911943287
"gene_622",1280.95622979114,0.295187790163411,0.491662757179358
"gene_623",1051.27396456378,0.923617485620669,0.966673956907261
"gene_624",66.758973201821,0.241247350582885,0.430992279052502
"gene_625",1458.39425734548,5.8893141249171e-07,8.47383327326202e-06
"gene_626",134.8198398462,2.38540816361599e-14,6.03900800915439e-13
"gene_627",181.803619600635,0.0509176240496513,0.141634559247987
"gene_628",819.656840772161,0.0101651219075739,0.0396121541748399
"gene_629",1239.57551610095,0.11020163941947,0.257781612677123
"gene_630",9.2314354990784,0.663030985094759,0.801846629256206
"gene_631",41.9234448877657,0.22533954580223,0.413088076631035
"gene_632",1561.11592873845,5.48829246357501e-125,1.097658492715e-122
"gene_633",62.2818322752747,0.923593046603951,0.966673956907261
"gene_634",98.7740805845628,0.714600479699763,0.840235312035381
"gene_635",129.804168720788,0.254983143209825,0.448519161318953
"gene_636",132.755714509578,8.02635940673836e-06,8.96799933713783e-05
"gene_637",262.565800622232,0.00134843333409169,0.00753314711783067
"gene_638",10.5588343465376,0.655311187633683,0.797215556731974
"gene_639",703.957136688467,0.373528749918623,0.568104562613875
"gene_640",77.4344896110884,2.57608388920881e-20,8.05026215377754e-19
"gene_641",102.519366779011,4.02078921178708e-29,1.51727894784418e-27
"gene_642",52.7907193046724,0.0467013727812437,0.13324214773536
"gene_643",673.64824942483,0.0264002803930435,0.0862035471389972
"gene_644",169.642444760187,0.0112973253655185,0.0432020090459597
"gene_645",210.77688252414,0.0651326632624622,0.174151506049364
"gene_646",503.452086071466,0.18546290018992,0.362586315131809
"gene_647",306.711630793124,0.877891053671343,0.943461637475919
"gene_648",53.0649783210448,1.26475390155598e-06,1.70912689399457e-05
"gene_649",250.585561513931,0.0460827806613239,0.132421783509551
"gene_650",137.642859206352,0.563214251473536,0.724857466503908
"gene_651",210.998672626668,0.85665755340003,0.934532297692959
"gene_652",10.8117170692103,0.505865320093791,0.678558444123127
"gene_653",138.749740902454,0.171245330760757,0.346299961093543
"gene_654",182.291949283553,0.652384189018059,0.795481465684421
"gene_655",251.285736874209,0.0550976518108497,0.151993522236827
"gene_656",86.4449141653187,0.0454302153074494,0.130922810684292
"gene_657",852.947379006356,0.0412045757209588,0.121368411549216
"gene_658",3103.34087527638,0.601384969443871,0.754087735979775
"gene_659",40.9989974124887,0.867214162476466,0.938035870715485
"gene_660",8.45008209753538,0.706734478797778,0.835877562149944
"gene_661",730.18894448991,0.985199677374804,0.9961574088724
"gene_662",53.6749203865371,0.0507724785775634,0.141427516929146
"gene_663",224.155143283399,0.321135180461141,0.517542595424885
"gene_664",179.846246831889,0.279503413580037,0.474942079150446
"gene_665",109.198055391584,0.074503947644725,0.192091272665621
"gene_666",356.293200669197,0.682777521945803,0.818187563745719
"gene_667",8.82733244421758,0.0890757691921511,0.220484577208295
"gene_668",410.602214119525,0.631671534696731,0.777921833241535
"gene_669",27.0439426089211,0.943079470211017,0.978298205613088
"gene_670",10.3186726970505,0.662453455891851,0.801846629256206
"gene_671",534.886967556717,0.127723614607376,0.287990111854287
"gene_672",75.8177095668536,0.0949964169750102,0.229398217407496
"gene_673",103.45181416579,0.0264213871981026,0.0862035471389972
"gene_674",174.296871973139,0.222597501494032,0.409186583628735
"gene_675",3167.98034007447,0.086133679039071,0.21614474037408
"gene_676",760.338825579121,0.00357836984368641,0.0170398563985067
"gene_677",18.6489502981288,0.680004292341051,0.815841982412779
"gene_678",93.3282446143441,0.492673096110425,0.666224605964063
"gene_679",21.2097029510782,0.00548585756036215,0.0239010243005461
"gene_680",25.4960701481184,0.655785246370199,0.797307290419695
"gene_681",141.04918461712,1.25224811524246e-56,8.07902009833845e-55
"gene_682",174.169961356051,0.842883853604398,0.927477835508631
"gene_683",8.43211849174549,0.427319818643215,0.61598413084284
"gene_684",77.6912254282467,0.0437303156211746,0.12712301052667
"gene_685",541.055107878737,0.0178933577148039,0.0637909365946664
"gene_686",886.039785267303,0.0391133484477222,0.117457502846013
"gene_687",9.43071982888045,0.000126746566839831,0.00105622139033193
"gene_688",96.9135514350214,0.407318395636617,0.599879816843323
"gene_689",251.429365017683,0.000564764332924241,0.00364364085757575
"gene_690",168.084760994212,3.96166178897256e-76,3.16932943117805e-74
"gene_691",1502.51145808425,0.305980010562624,0.503670799280039
"gene_692",4.60730482318509,0.392998783368174,0.584819618107402
"gene_693",1530.59206524731,0.085363873602835,0.214751883277572
"gene_694",10.350333345004,0.0647010406128685,0.173461234887047
"gene_695",4702.82808625157,0.0910211140137271,0.223914179615565
"gene_696",4.83313075835163,0.0769786741829854,0.196876404560065
"gene_697",175.07312589036,0.00198037168990105,0.0102609932119225
"gene_698",72.475583852613,0.508250493391781,0.680658438039285
"gene_699",1650.26986178611,0.328409458698125,0.523447848330507
"gene_700",76.9581335308123,0.06157152159847,0.166634699860541
"gene_701",39.4865761855299,0.910401768282397,0.962369733913739
"gene_702",300.271746748056,0.735685548391231,0.853010469559957
"gene_703",2308.63214008974,1.61546571927813e-28,5.98320636769679e-27
"gene_704",82.959438265782,0.0346643964023082,0.107486500472274
"gene_705",25.068935189844,0.00598609959114465,0.0256914145542689
"gene_706",46.2450078248714,0.078135214306465,0.198564712341715
"gene_707",307.892590983691,0.361642261824781,0.556887016096167
"gene_708",335.961141799626,0.00122137323577113,0.00700235397261767
"gene_709",55.2375851356711,0.00271514554767255,0.0133751012200618
"gene_710",185.595745225372,1.04463643170109e-07,1.69859582390422e-06
"gene_711",144.047103262728,0.531883480657633,0.70107058117029
"gene_712",1779.55846149296,0.000715887169816872,0.00444650416035324
"gene_713",4148.96483005121,0.0453994291894903,0.130922810684292
"gene_714",106.518089132053,0.0259827486401912,0.0851893398039056
"gene_715",187.062447662566,0.653269506968489,0.795481465684421
"gene_716",172.568223652784,0.0178481939678856,0.0637435498853057
"gene_717",44.0739902326267,0.543285702587576,0.708325557480543
"gene_718",24.1198110894902,2.90708069426316e-25,1.00244161871144e-23
"gene_719",28.683711700228,0.859075618863787,0.935302796803252
"gene_720",362.452050083381,0.00401476899995754,0.0185868935183219
"gene_721",4.92068869469043,0.849543465731712,0.930678897563593
"gene_722",1097.08231621293,0.472216992330656,0.650190142406679
"gene_723",122.595886538174,0.000436914202995699,0.00298234950850307
"gene_724",388.966039949007,0.454466059844397,0.63428619657278
"gene_725",95.4897806782438,0.00489649512715638,0.0220624101764389
"gene_726",2579.50641255863,0.608755006608078,0.759484371779652
"gene_727",4.08277348296994,0.509043134881278,0.680658438039285
"gene_728",748.817026155462,0.212512845313834,0.396510332558246
"gene_729",47.8555215315952,0.0663272973523588,0.176905995851249
"gene_730",18.0671339567803,0.86353531687804,0.936311709873443
"gene_731",162.449872152793,0.685411121599744,0.820851642634424
"gene_732",1294.74463495263,0.103255928187531,0.244682294283248
"gene_733",9.195305227532,0.027997015773781,0.0907520770624992
"gene_734",135.7571750067,0.0357326369433889,0.110285916491941
"gene_735",291.216708692574,0.854524051927098,0.933182356459638
"gene_736",3360.68811648223,2.39392397896973e-26,8.70517810534446e-25
"gene_737",12.3254207563935,0.259442772431705,0.45357128047501
"gene_738",5.9184790796064,0.198081709866517,0.380195220473162
"gene_739",194.903613608933,3.66239340075447e-05,0.000364417253806415
"gene_740",367.422433728544,0.000202535150967781,0.00154019126211241
"gene_741",343.993112861166,0.221189514638365,0.407347172446344
"gene_742",4.31422935842433,0.873271181122162,0.940879413718127
"gene_743",260.658524283968,0.42989142449439,0.61598413084284
"gene_744",4.78793458214373,0.996864611344896,0.998362154576761
"gene_745",25.9408245826091,0.520103154523273,0.689791982126357
"gene_746",87.9252883066031,0.283355121202067,0.479450289682009
"gene_747",1077.0342440428,0.000715822875345362,0.00444650416035324
"gene_748",5.68935296094318,0.00824133211670013,0.0333657170716604
"gene_749",190.934454862801,0.220856512512867,0.407254551903517
"gene_750",9.07740496168524,0.938403455233967,0.976994747770918
"gene_751",136.385776683534,0.641926723400911,0.785666423573218
"gene_752",1138.88335591376,0.212389179475295,0.396510332558246
"gene_753",1344.81819710594,0.0987681642408816,0.235723542341006
"gene_754",252.450575123285,0.0720070682410692,0.187762889807221
"gene_755",5.26944538725655,0.877575579309875,0.943461637475919
"gene_756",884.153516871837,0.00318523007286778,0.0153505063752664
"gene_757",961.674043020335,0.246091636624399,0.437490465231012
"gene_758",180.577890556613,0.707781683536767,0.836127210321048
"gene_759",4563.15880582885,2.73323441172379e-05,0.000280331734535773
"gene_760",4.68411664932959,0.264360425707166,0.458424843709061
"gene_761",11.2772923853871,0.820151800531049,0.914327536823912
"gene_762",444.281625905212,0.0359133557294575,0.110672899012196
"gene_763",2543.88087996877,0.419268084527561,0.611177965783616
"gene_764",50.2903566873111,0.941314746876652,0.977852047012708
"gene_765",187.299861579365,0.266791105971224,0.458973576215729
"gene_766",13.5949251647652,0.0962376671338135,0.231618934136735
"gene_767",1097.87991408873,0.0027236528959876,0.0133840437149268
"gene_768",15.581260101174,0.786524654203837,0.889016486002409
"gene_769",883.140703545885,3.88189362730574e-31,1.65186962864074e-29
"gene_770",51.4370835988146,0.277543696421793,0.472817200037127
"gene_771",22.1369602523949,0.14932043772283,0.316022090418688
"gene_772",312.843556178235,0.448627699485831,0.629211359727673
"gene_773",38.0415769028453,0.707227255837919,0.835966023449077
"gene_774",71.1016107403112,0.00745285293858889,0.0306071989264431
"gene_775",4.85514181430345,0.67776734514609,0.814604208355338
"gene_776",62.2222117171526,0.0866405541346393,0.217144245951477
"gene_777",4.97637376930094,0.0370937294729342,0.112760801305849
"gene_778",2947.50132690047,0.312783735133897,0.509834939093557
"gene_779",1662.90004304493,0.832551267536401,0.921983684979403
"gene_780",184.747029967617,7.98261722661937e-05,0.000703314293094218
"gene_781",207.065417108482,0.110485231012581,0.258143063113507
"gene_782",973.381636072276,1.4551815647801e-34,6.46747362124488e-33
"gene_783",4011.62938695443,0.000552896253316364,0.00357861652631951
"gene_784",1683.83656619658,0.384045196143412,0.57707768015539
"gene_785",5.41398747099333,0.642141298117243,0.785666423573218
"gene_786",14.3080493762605,0.761850746967663,0.871184387613108
"gene_787",150.461745426832,0.219687042887091,0.40607586485599
"gene_788",9.82776113144882,0.323708931955354,0.519040791332048
"gene_789",2526.00860329703,0.124211020402802,0.283263444476174
"gene_790",875.026783841079,0.420132046246917,0.611545918845585
"gene_791",59.1361074451371,0.00201267496715353,0.0104014210188813
"gene_792",169.132583811967,0.147511212952139,0.314187887012011
"gene_793",870.447580918209,0.000179020428684511,0.00139859709909774
"gene_794",1275.18142761643,0.107394586532702,0.252396208067455
"gene_795",149.734837393285,0.0774688025310366,0.197372745302004
"gene_796",136.252364206715,0.921619871899797,0.966058565932702
"gene_797",84.5183236985026,0.00122191076822178,0.00700235397261767
"gene_798",16.1912424672681,0.229350152889871,0.416023472275803
"gene_799",128.445992760297,0.000130038391103768,0.00107908406700563
"gene_800",39.8891170233621,0.910117368306656,0.962369733913739
"gene_801",257.230254609927,7.95551817805559e-30,3.18220727122224e-28
"gene_802",275.757178858626,9.42467402270277e-06,0.000103001901887462
"gene_803",16.9566485100636,0.972516188690348,0.990220025764849
"gene_804",223.865270749037,0.569415177386314,0.728622611633053
"gene_805",226.706094987936,0.114497722794304,0.265348140890624
"gene_806",49.551898210901,4.56829873385952e-16,1.21821299569587e-14
"gene_807",91.950817550165,0.612207852136475,0.761926387226478
"gene_808",399.96561141077,0.293968644485668,0.490765683615473
"gene_809",1111.15598263611,0.000241760767172597,0.00179082049757479
"gene_810",63.0287168728439,0.400563544603029,0.59342747348597
"gene_811",2847.60855558569,0.390908211970598,0.583424208209446
"gene_812",40.3837941704487,0.923699664025719,0.966673956907261
"gene_813",4.83989837199693,0.843077352477346,0.927477835508631
"gene_814",23.1888023271076,0.00697975302268083,0.0289616307995055
"gene_815",7.16500370529908,0.451497993552919,0.631465725248837
"gene_816",2061.73971833753,3.35963667619699e-35,1.52710758008954e-33
"gene_817",1842.1725233229,0.787224098355134,0.889016486002409
"gene_818",2660.75771948934,0.00475112040066594,0.0215470312955371
"gene_819",63.4781451068443,0.406337946594132,0.598876855702479
"gene_820",26.5435536230488,0.479614191828857,0.655210644574941
"gene_821",44.2036637733126,0.0240921831286899,0.0800404755105976
"gene_822",1760.35670241304,0.00108740121797683,0.00637771975352981
"gene_823",498.661141178627,0.50448336182548,0.67715887493353
"gene_824",8.90443573841462,0.123285674328757,0.28179582703716
"gene_825",158.849526247451,0.206907438772644,0.39039139391065
"gene_826",7.94016393369578,0.186431315287487,0.363735449197301
"gene_827",450.828793633822,0.263543646519212,0.457541052984743
"gene_828",75.3382132390193,0.34770485994328,0.541174879289151
"gene_829",476.808595622247,0.0699738069009415,0.184471733768866
"gene_830",242.81019179063,0.20508445778436,0.388685785741785
"gene_831",84.8658634080224,0.132351554729044,0.295237184087961
"gene_832",61.3284712844063,0.124962944540873,0.283873136377244
"gene_833",107.994173507646,0.00864063922035573,0.0347711839853349
"gene_834",5.66881098113231,0.7961646549362,0.896077270609116
"gene_835",4233.78174194033,5.40968120382144e-11,1.1270169174628e-09
"gene_836",1764.62808890565,0.859788259303759,0.935569379003002
"gene_837",10.4445915929665,0.362973155558215,0.557625054237627
"gene_838",356.636720019172,0.0622332050223952,0.167970863758152
"gene_839",157.292690396279,0.606622769337188,0.757331796925328
"gene_840",6.9284216851808,0.416021045406565,0.608217902641177
"gene_841",79.8686056743271,0.599458614813201,0.753623655129692
"gene_842",34.7999502499728,0.340817270569909,0.534615326384171
"gene_843",566.286799689359,0.718107205758571,0.840874948195048
"gene_844",10.7781813514035,0.171060223091921,0.346299961093543
"gene_845",605.579587769459,0.43070937459028,0.6161793627901
"gene_846",210.626078483519,0.00286517478159131,0.0139424563581086
"gene_847",60.9362837922096,0.615589792943788,0.764233138353555
"gene_848",123.566449767297,0.00389764121814263,0.0182132767202926
"gene_849",4.3956557221579,0.518765906827303,0.688474992471537
"gene_850",3.97929218838519,0.63018490511401,0.777582501522619
"gene_851",66.5515996067359,0.207711211540131,0.391538570292424
"gene_852",25.9088973935489,0.51028519316375,0.681588452096506
"gene_853",36.9236514998711,9.93898289893219e-10,1.92989959202567e-08
"gene_854",94.6308246047358,0.627168954146963,0.775953811493157
"gene_855",94.3775797603935,0.206760619873573,0.39039139391065
"gene_856",505.324163010481,0.044165796620968,0.127831538700341
"gene_857",137.787489830096,0.0996889871250398,0.237072502080951
"gene_858",444.585336963193,0.316821708917344,0.513826261244986
"gene_859",721.092127789527,1.4453644002144e-37,6.88268762006857e-36
"gene_860",707.07997620255,0.00350828752763029,0.0167460025185217
"gene_861",1551.37257108202,0.0869105131826235,0.217276282956559
"gene_862",4.76531810674466,0.88858791091031,0.950260668385004
"gene_863",194.328950649825,0.000170780078454104,0.00135539744804845
"gene_864",225.283003933034,8.07980343822218e-08,1.3579501576844e-06
"gene_865",4.43408472437063,0.236494050883796,0.424966626584515
"gene_866",22.9051308910762,0.562694200755642,0.724821743015244
"gene_867",21.7120312403952,1.51981705747275e-39,7.9990371445934e-38
"gene_868",158.65199905896,0.333502452301893,0.527625775525328
"gene_869",74.7089990217881,0.0058208164685394,0.0251439156308397
"gene_870",4582.819146275,0.33044987630582,0.5249366743275
"gene_871",44.1961349882913,0.0950855611154072,0.229398217407496
"gene_872",5.73376653435229,0.99023162266189,0.997212107413786
"gene_873",147.817206124879,0.226782987427834,0.413545871290602
"gene_874",302.741516111892,4.0899998397718e-06,4.98780468264853e-05
"gene_875",36.1427081678138,0.766668630598597,0.873786854687675
"gene_876",890.698704233852,0.229719875646083,0.41615919501102
"gene_877",95.3520123321082,0.806450907208932,0.903586450654266
"gene_878",1415.9226655199,0.257586493053813,0.451114698868324
"gene_879",1971.50955572358,0.661872783269615,0.801846629256206
"gene_880",832.701347916433,0.0643748343651467,0.173050630013835
"gene_881",109.955898544466,2.30365194042455e-08,4.11366417932956e-07
"gene_882",4.31950091454466,0.0348216857745696,0.107807076701454
"gene_883",2194.4160400162,0.000130569172107681,0.00107908406700563
"gene_884",20.0632204758529,0.260045399869328,0.453831413384517
"gene_885",207.580258716351,4.57597268999402e-06,5.48020681436409e-05
"gene_886",51.4935070057044,0.396568705634323,0.589255134672099
"gene_887",5416.11981617636,7.14679638760979e-12,1.60602166013703e-10
"gene_888",7.15930422951451,0.33372330301977,0.527625775525328
"gene_889",1260.18806711507,0.523824354224021,0.693347920878916
"gene_890",522.056130332684,0.260757505338847,0.454677428664075
"gene_891",47.9758197251197,0.0277563799908188,0.0902646503766466
"gene_892",1295.98156197502,0.0342847471732433,0.106639960103401
"gene_893",53.2979927477058,0.663297032317488,0.801846629256206
"gene_894",1160.9530476261,1.54958193809043e-12,3.6036789257917e-11
"gene_895",310.557795570347,0.826020117421049,0.918305408616616
"gene_896",13.7199483182531,0.975058234917176,0.9914166089651
"gene_897",732.413129012852,0.00177209597844117,0.00942604243851685
"gene_898",37.7325093542095,0.380630380608676,0.573922749549171
"gene_899",19.3927644103497,0.390579870236321,0.583424208209446
"gene_900",29.3115536422336,0.380701261679067,0.573922749549171
"gene_901",703.174216908796,0.60543486181965,0.756793577274563
"gene_902",4737.70694391621,0.663528085709511,0.801846629256206
"gene_903",4745.21305286353,0.199200840090044,0.381610804770199
"gene_904",134.603597875201,0.432663320098581,0.617208730525793
"gene_905",5.04281230863525,0.165075838889581,0.338270161658978
"gene_906",449.617881737117,0.577821478252844,0.735609774987707
"gene_907",4814.40678622443,0.421137637694813,0.611848803496667
"gene_908",2369.37004382006,0.184769558729567,0.362488008101911
"gene_909",263.57521705284,0.479129759341213,0.655210644574941
"gene_910",204.588396706148,0.0040113910674494,0.0185868935183219
"gene_911",284.733137948569,0.758873021698912,0.868772778132699
"gene_912",153.816731950458,0.00975245573684402,0.0382449244582118
"gene_913",963.627112795557,8.03623283097373e-119,1.2363435124575e-116
"gene_914",109.886299428059,0.345848992451398,0.539967201329271
"gene_915",33.4125039774008,0.322739482787124,0.518873766538785
"gene_916",28.5094767509117,0.586078198778216,0.742340973753282
"gene_917",51.4395809712109,0.0189768907425986,0.0665855815529777
"gene_918",33.7547801854539,0.96516823764664,0.987673979196753
"gene_919",45.2980678633558,0.442020472781096,0.625205760652187
"gene_920",385.683718572141,0.249142388712476,0.440288293340301
"gene_921",1492.26508078829,0.123834919266191,0.282728126178518
"gene_922",31.1919690455265,0.0856941691936471,0.215311982898611
"gene_923",35.8119014819361,0.153098255246322,0.321297492647057
"gene_924",6.10518871237771,0.248331099468428,0.43971302892082
"gene_925",84.6919675771045,0.0224431408522586,0.0754391289151551
"gene_926",73.784291086002,0.0709864177856901,0.18558540597566
"gene_927",42.5502625824996,0.508995053399055,0.680658438039285
"gene_928",44.6487109504554,0.653488024059752,0.795481465684421
"gene_929",4614.76758910489,0.0216046763479536,0.0739886176299781
"gene_930",392.306639376414,0.00759266766381192,0.0311174904254587
"gene_931",22.1212830325251,1.21122215652149e-05,0.000130238941561451
"gene_932",111.258428931935,0.586945173648558,0.742968574238681
"gene_933",1154.87121751484,0.592867470146022,0.748097754127473
"gene_934",25.1365909144258,0.0141871243522785,0.0521585454127886
"gene_935",7.42275092839764,0.11641900221167,0.268246548874816
"gene_936",218.561774211583,0.385150642325271,0.57787043109568
"gene_937",19.4467463042636,0.00138529641132522,0.00771752875390096
"gene_938",478.097710631354,0.0280545806285449,0.0907915230697244
"gene_939",2026.25689356701,0.714686216378746,0.840235312035381
"gene_940",322.369277652264,0.31266724903935,0.509834939093557
"gene_941",35.0355785592906,0.695274866772235,0.828201151604806
"gene_942",57.5139869544811,2.14940319669298e-52,1.34337699793311e-50
"gene_943",25.346217553231,0.920665956632027,0.966058565932702
"gene_944",211.230108964908,0.0206723078391043,0.0715304769519181
"gene_945",39.4583442005131,0.0181582985946346,0.0643911297682077
"gene_946",4718.77500487406,0.456560107498022,0.635435083504553
"gene_947",57.0456168179655,0.332778665731437,0.527625775525328
"gene_948",13.6236536591282,3.08043081912611e-05,0.000311154628194556
"gene_949",3932.34173605134,0.0269431432295047,0.0877626815293312
"gene_950",79.9303111426515,0.786362248959417,0.889016486002409
"gene_951",4.8939288696196,0.15447068989702,0.323160439115104
"gene_952",13.873914887726,0.000757577171536486,0.00466201336330145
"gene_953",98.4010963591504,0.83839992079684,0.926733286450899
"gene_954",1347.27391741746,7.31444972362195e-10,1.43420582816117e-08
"gene_955",83.0178970515845,0.0873183436683349,0.217595141122688
"gene_956",427.940746666998,0.906626874302275,0.959593561033261
"gene_957",79.6982515410399,0.0758850773609431,0.194826899514616
"gene_958",3565.81962468896,9.02654900475113e-06,9.97408729806755e-05
"gene_959",3.17261962797026,0.523813593608735,0.693347920878916
"gene_960",26.2437835011031,0.0332814303581392,0.104176730176451
"gene_961",93.0846466605423,0.469009839164973,0.647707966242802
"gene_962",659.692942508142,0.0440681083925783,0.12773364751472
"gene_963",32.1333118456862,0.15820031343327,0.328557244928909
"gene_964",4.59689514632817,0.0336134034183265,0.10504188568227
"gene_965",31.2543377723441,0.0177729947461581,0.0635885321866123
"gene_966",3147.53579320274,7.42990568924118e-05,0.000660436061265882
"gene_967",111.150345472643,0.234031406190972,0.42179659347769
"gene_968",548.867820569613,0.107596238948378,0.252573330864738
"gene_969",13.0957644663182,0.389517919653779,0.583110658164339
"gene_970",616.948406037146,0.049965154346909,0.140403796650305
"gene_971",26.1221251793691,0.46926442154291,0.647707966242802
"gene_972",4541.36520273779,0.00863626222532449,0.0347711839853349
"gene_973",134.303713179111,0.502781738903173,0.675328057626827
"gene_974",60.3676441759561,0.00927987830162466,0.0368249138953359
"gene_975",4926.50459558751,0.420938036505801,0.611848803496667
"gene_976",5039.50342079704,0.336840213091765,0.530875040333752
"gene_977",116.662380967672,0.363823452817837,0.558011430702204
"gene_978",1285.07721639756,0.339968280472597,0.533702167146934
"gene_979",41.0532380023097,0.364794780559748,0.559072460627967
"gene_980",107.277595192432,3.94473051798105e-06,4.87003767651981e-05
"gene_981",9.51103907410664,0.430692355208561,0.6161793627901
"gene_982",403.307659938567,0.979001089724672,0.993076252415297
"gene_983",287.799832303224,0.990970086770252,0.997358013140877
"gene_984",77.8809058732305,0.0404819014096268,0.119877425671045
"gene_985",6.56165062206558,0.329774933040694,0.524701564106116
"gene_986",65.6228637660076,0.00583418841416805,0.0251473638541726
"gene_987",739.706540319086,0.000192734732467583,0.00148829909241377
"gene_988",24.4243728004162,0.961835565260255,0.985992378534347
"gene_989",3921.55862986173,0.00278425708655372,0.0136149490785023
"gene_990",23.7601200569906,0.873606535637281,0.940879413718127
"gene_991",3821.16766865206,1.35590384166034e-13,3.34791072014899e-12
"gene_992",90.519717868569,0.172163152986812,0.347103131021798
"gene_993",819.384124249651,0.830500234461705,0.920221866439563
"gene_994",1876.46545974547,0.154957832556884,0.323502781955917
"gene_995",78.3561325531532,0.0922525309167717,0.225556310309955
"gene_996",90.9331751866708,0.275985012047786,0.470562680388381
"gene_997",219.998844863245,0.000490593850528773,0.00328156421758376
"gene_998",713.236074912441,0.631962139962468,0.777921833241535
"gene_999",45.5332541148986,0.262138153179524,0.455496356523933
"gene_1000",38.8315503473671,0.00158260232924482,0.00860109961546096
"gene_1001",894.034106222619,0.960473359580302,0.985606320759673
"gene_1002",589.390193066641,0.477144068514384,0.654070004817525
"gene_1003",4399.2302432336,0.374177664988528,0.568227281683413
"gene_1004",762.805667269289,0.194290046125431,0.37471561451385
"gene_1005",328.323699602666,0.821513243970096,0.915335090774481
"gene_1006",18.2275221174167,0.106634601485356,0.251200474641592
"gene_1007",143.99252673693,5.08581888537542e-06,5.98331633573578e-05
"gene_1008",488.916784663528,0.000290611556028227,0.00208323696077582
"gene_1009",10.3042156930411,0.861150683054264,0.935602402260944
"gene_1010",10.5285323681969,0.442427559941576,0.625339307337916
"gene_1011",160.155874374766,0.993141288845963,0.998131948588907
"gene_1012",1294.73501155911,3.89476907723241e-06,4.86846134654051e-05
"gene_1013",4120.20038363775,0.000258871547509155,0.00190346726109673
"gene_1014",1518.88007558046,0.0469962065327674,0.133552170547474
"gene_1015",1557.36821055668,0.423100124075316,0.613633247389871
"gene_1016",490.505833847296,0.44358502802706,0.626266097611118
"gene_1017",149.424568498169,0.762945542304377,0.871439797035268
"gene_1018",219.629820881099,0.00546016941831918,0.0239010243005461
"gene_1019",27.2541067954019,1.76383983334698e-39,9.04533247870248e-38
"gene_1020",148.364276342945,0.09203272411177,0.225556310309955
"gene_1021",1386.6689566381,0.042103241813655,0.123469917342097
"gene_1022",60.6704376364316,1.44569805102718e-05,0.000152178742213388
"gene_1023",29.9690687304607,0.00472058489473417,0.0214572040669735
"gene_1024",22.1535373182054,0.0922427769150863,0.225556310309955
"gene_1025",909.574251271444,0.241355676269401,0.430992279052502
"gene_1026",430.334300764725,0.184744627370021,0.362488008101911
"gene_1027",413.483039604232,0.00798016952360735,0.0324023943024966
"gene_1028",1269.11274059617,2.91702740910612e-05,0.000296144914630063
"gene_1029",76.8583679514364,0.0734996879693517,0.190908280439875
"gene_1030",192.226418455989,0.00118345110393119,0.00684075782619187
"gene_1031",89.4198733046986,0.685939421046843,0.820992724173361
"gene_1032",3010.61340912674,0.000108879422039066,0.000926633379055878
"gene_1033",4703.6224666215,0.588975724098645,0.744596364220791
"gene_1034",2821.38414462439,0.36169811695446,0.556887016096167
"gene_1035",614.744847087784,0.754531632441438,0.866302527529955
"gene_1036",2422.52794200961,0.350583254060857,0.544806921617493
"gene_1037",1150.88298961729,0.000428884432844384,0.00293756460852318
"gene_1038",82.7324236313546,0.000110728312949175,0.000934416143031011
"gene_1039",3844.29839123643,0.00970157137895977,0.038120123296502
"gene_1040",105.278854498011,0.0868791277522263,0.217276282956559
"gene_1041",111.503438881469,7.08598836847395e-68,5.4507602834415e-66
"gene_1042",3617.29947699724,1.53190738142216e-06,2.01566760713441e-05
"gene_1043",1948.89633891732,0.967545532962498,0.988804836957075
"gene_1044",61.8977788495212,0.214246487392568,0.398366623893716
"gene_1045",1205.51703414339,0.132716514668076,0.295237184087961
"gene_1046",46.3578135914959,0.323554161575249,0.519040791332048
"gene_1047",38.2540730303335,0.848852527696378,0.930678897563593
"gene_1048",26.069868396056,0.391185931604434,0.583424208209446
"gene_1049",88.9716347022187,9.96589427467706e-07,1.39078372253492e-05
"gene_1050",38.2954998387906,0.8853950709992,0.947960461455247
"gene_1051",4986.48351538933,0.393592203543538,0.585267217165113
"gene_1052",3.9166277910505,0.177176822999736,0.353646353292886
"gene_1053",51.2621424927109,0.498819525132803,0.671358714848994
"gene_1054",17.858396726555,0.891360238921894,0.951724378604101
"gene_1055",169.27650204852,0.424171432901948,0.614420651524827
"gene_1056",13.1396286789309,0.822040310498514,0.915412372492777
"gene_1057",43.7456505293773,0.600764252859022,0.754087735979775
"gene_1058",84.2299039675725,0.000484986835739736,0.00325494520630695
"gene_1059",77.7473118561426,0.0322170035866439,0.101952542995709
"gene_1060",509.104413772438,0.0709742968680822,0.18558540597566
"gene_1061",793.120530618224,2.28213581424548e-30,9.31484005814481e-29
"gene_1062",8.81116761534813,0.0959640531649979,0.231238682325296
"gene_1063",633.039275461453,0.00739331802536701,0.0304879093829567
"gene_1064",96.5286086902053,0.0134257430817134,0.0500027675296589
"gene_1065",12.4646991527515,1.64632197448282e-05,0.00017238973554794
"gene_1066",315.582760973005,0.344677027303785,0.539400668707019
"gene_1067",17.4816239018725,0.236341100440039,0.424966626584515
"gene_1068",18.1640832649028,0.224954422752349,0.412760408719906
"gene_1069",797.888689091403,0.398833552580294,0.591625949031474
"gene_1070",105.012603035677,0.00121895129930858,0.00700235397261767
"gene_1071",23.9591202458309,0.268228359487748,0.460082949378642
"gene_1072",5.17543272089739,0.895252533775054,0.953410579100164
"gene_1073",129.678246449299,0.0372020266766673,0.112797549126584
"gene_1074",47.2439347878718,0.0465908519379489,0.133116719822711
"gene_1075",76.8506205037168,0.472712982028993,0.650190142406679
"gene_1076",475.498143504805,0.014046470868734,0.0517365409529799
"gene_1077",328.031437372964,0.00245287882927405,0.0122643941463703
"gene_1078",759.764090759097,0.97827327000046,0.993076252415297
"gene_1079",32.390008307752,0.322062157038646,0.518343008300395
"gene_1080",3.28852585476453,0.85448493280744,0.933182356459638
"gene_1081",17.6979750207829,0.443709530157477,0.626266097611118
"gene_1082",5.081562242198,0.122222310776582,0.279684921685543
"gene_1083",780.082999377332,0.20398170056825,0.387062050414137
"gene_1084",1779.25745712756,0.00607761878704345,0.0259727298591601
"gene_1085",3857.21820426597,0.965027652964176,0.987673979196753
"gene_1086",47.0860192259244,9.1750964962895e-08,1.50411417971959e-06
"gene_1087",114.490377777481,0.308097331281602,0.505977218049453
"gene_1088",712.367054837651,0.00441711544494252,0.0201694769175458
"gene_1089",752.722329731491,0.0023041475602601,0.0116665699253676
"gene_1090",473.941327108186,0.0514533432332042,0.142925953425567
"gene_1091",3516.48390706022,0.00615519528152343,0.026248167511827
"gene_1092",42.8603736070966,0.00277038577956923,0.0135803224488688
"gene_1093",5.44221807347065,6.04455612400707e-07,8.63508017715296e-06
"gene_1094",1079.01244378432,0.838693624238064,0.926733286450899
"gene_1095",206.68968157385,0.681982169206366,0.817724423508832
"gene_1096",137.647223602234,0.913784264114616,0.963371410219249
"gene_1097",54.6696499266436,0.295980979821974,0.491662757179358
"gene_1098",206.549268042677,0.641242828098177,0.785666423573218
"gene_1099",64.0314792770827,0.932175250443966,0.971521886861872
"gene_1100",18.8000077348592,0.187110895245849,0.36427608237888
"gene_1101",109.835590078609,0.0377767205870661,0.113956924847862
"gene_1102",82.6488064746396,0.0503803732653724,0.141121493740539
"gene_1103",116.980176782509,0.989815508633885,0.997212107413786
"gene_1104",72.7712161233394,0.473338423672063,0.650190142406679
"gene_1105",35.3910592568862,0.604378056048008,0.756418092675855
"gene_1106",111.524196689375,0.521403249078036,0.691057984198854
"gene_1107",59.8252868055946,0.779693888506034,0.885010089110141
"gene_1108",96.4882905184488,0.0114632386826566,0.0436694806958348
"gene_1109",254.703177081054,0.0025194256535158,0.0125344559876408
"gene_1110",679.745605860127,4.87761353746693e-91,4.64534622615898e-89
"gene_1111",625.631268470452,0.00165199866567056,0.00888171325629331
"gene_1112",66.2231179655618,0.953556933112947,0.9820359764294
"gene_1113",167.328531032609,0.336796759516917,0.530875040333752
"gene_1114",29.3161127665367,0.939596634723511,0.977219588896007
"gene_1115",127.850120936927,0.000134177824370185,0.00110434423349946
"gene_1116",28.3396659229907,0.36723626862136,0.561345337570944
"gene_1117",410.465705190345,0.0166123890232552,0.0605187213961936
"gene_1118",40.3009967069458,0.86215761368346,0.935602402260944
"gene_1119",4483.1646788084,0.314710155284213,0.512133556134519
"gene_1120",45.4528718473436,0.51256743258904,0.682776798903347
"gene_1121",159.995052209453,0.249506530760829,0.440435182278604
"gene_1122",18.6613532079998,0.914954393290332,0.963371410219249
"gene_1123",580.944871679426,0.860964524617126,0.935602402260944
"gene_1124",399.413431207385,0.150410228510891,0.317321157195974
"gene_1125",2099.89398219283,0.0200920266242531,0.0697639813342121
"gene_1126",30.0303690621683,0.309152080228216,0.505977218049453
"gene_1127",37.2483595447155,0.945478957666119,0.979770940586652
"gene_1128",605.813886108103,0.416913450622494,0.609077356643527
"gene_1129",25.0874645020456,0.00597116846714395,0.025682445019974
"gene_1130",73.8587494787455,0.000505514985237305,0.00333673257582379
"gene_1131",13.6112585308159,0.785233557659754,0.889016486002409
"gene_1132",183.842323452432,0.53695617699447,0.70390882219006
"gene_1133",43.8167345719192,0.871914283722868,0.940879413718127
"gene_1134",65.5177715338737,0.413474161154767,0.607603469735147
"gene_1135",137.297157125193,0.00392494794795404,0.0182981256314874
"gene_1136",87.1186176901573,5.05855837744411e-06,5.98331633573578e-05
"gene_1137",70.3501124969426,0.95668977632002,0.983237180185016
"gene_1138",625.370300614866,0.36149633713331,0.556887016096167
"gene_1139",802.73621288235,0.747127374050279,0.861104355556645
"gene_1140",322.92117000457,0.107132059458217,0.252075434019333
"gene_1141",821.101553746646,0.00549723558912561,0.0239010243005461
"gene_1142",807.81356327454,0.286269252987084,0.483154857362167
"gene_1143",5.06459951778912,0.288361561187332,0.485866151958436
"gene_1144",989.730089569048,6.73112228807094e-10,1.3328955025883e-08
"gene_1145",122.177463700627,0.965768140501385,0.987673979196753
"gene_1146",386.767462454997,0.965945151654425,0.987673979196753
"gene_1147",40.407922291118,0.0663397484442185,0.176905995851249
"gene_1148",973.603047778607,0.07235923067986,0.188435496562136
"gene_1149",165.533656798556,0.000703925186448809,0.00441332405297059
"gene_1150",97.8863875834751,0.187706662879844,0.364833164003585
"gene_1151",3.8365470876135,0.989603135660016,0.997212107413786
"gene_1152",157.253570041182,0.841102706275407,0.927345872409489
"gene_1153",640.515381476675,0.166248458511597,0.33962912872645
"gene_1154",4674.87701259347,0.921137736256403,0.966058565932702
"gene_1155",2288.17546397612,1.89110339696334e-07,2.93194325110595e-06
"gene_1156",1678.39321872415,0.185286917952057,0.362586315131809
"gene_1157",133.881310980611,0.121897645155269,0.279261500928452
"gene_1158",13.405423305742,0.0589708684997018,0.160683565394283
"gene_1159",137.067853917778,2.07862078587713e-11,4.47015222769275e-10
"gene_1160",18.2968442112651,0.668261934555234,0.804650131914792
"gene_1161",140.012923913168,0.773495877414043,0.878972587970503
"gene_1162",359.404074095593,0.0442378245674382,0.127854984298954
"gene_1163",1007.76725037895,0.000887637849794105,0.00536672691372945
"gene_1164",250.855233081188,0.188846042068768,0.365626412524236
"gene_1165",598.076117892833,6.03710175879438e-05,0.000548827432617671
"gene_1166",80.2981417433899,0.850642338753847,0.930957253548044
"gene_1167",286.864585155324,0.0083950057930873,0.0339192153256053
"gene_1168",9.54174381782683,0.0110400315894047,0.0424171147552306
"gene_1169",4.98012274927512,0.0744445942785811,0.192091272665621
"gene_1170",5.38856117745729,0.18091995795938,0.359005416353032
"gene_1171",49.4211554246389,0.308666515283768,0.505977218049453
"gene_1172",472.31011578185,2.45936948680193e-05,0.000253543246062055
"gene_1173",806.643349243348,0.427374905772675,0.61598413084284
"gene_1174",1208.17533870196,0.0472074135138735,0.133732049614373
"gene_1175",496.853917639622,1.26468229563437e-30,5.2695095651432e-29
"gene_1176",93.9402402250226,0.136577258836928,0.299511532537122
"gene_1177",4494.05047783319,0.00173870494379416,0.00929788739996877
"gene_1178",18.1055083228739,0.000838785045378526,0.00513018376378303
"gene_1179",298.268750215143,8.57132187763504e-105,1.00839080913353e-102
"gene_1180",386.767784108431,5.84911654748218e-05,0.000534165894747231
"gene_1181",24.7359254370293,0.95191228652166,0.980847281320618
"gene_1182",474.900500575804,0.15418334700132,0.322897061782869
"gene_1183",432.568609472856,0.0205473256356084,0.0712212327057485
"gene_1184",50.9649279964472,0.175379002621838,0.351109114358034
"gene_1185",9.73799404058374,0.435670427036959,0.619846426728373
"gene_1186",18.2270570205092,0.609960179690471,0.759601718169951
"gene_1187",137.300478754348,0.0221024653360984,0.0746704910003323
"gene_1188",1002.79801716514,0.0935238015835454,0.227275337991605
"gene_1189",23.6098399871096,0.300806666306642,0.497612351210326
"gene_1190",109.261261178593,0.195025309881537,0.375409643660322
"gene_1191",600.259498504822,0.000182072023432446,0.00141690290608907
"gene_1192",740.319103205242,0.468711450914979,0.647707966242802
"gene_1193",242.186822751898,0.581427839680309,0.738416237573329
"gene_1194",1504.02099366721,0.00142689566550524,0.00790523914407336
"gene_1195",4496.01526410153,0.858983567780987,0.935302796803252
"gene_1196",242.1463781311,2.01902086637681e-19,6.02692795933375e-18
"gene_1197",2638.67603042665,0.0788709324261387,0.19992631793698
"gene_1198",120.312044411162,0.000187720635360952,0.00145519872372831
"gene_1199",171.521896937567,0.184868884131975,0.362488008101911
"gene_1200",220.080620484084,5.37808455135804e-19,1.58178957392884e-17
"gene_1201",97.5487850087911,0.507674595539994,0.680528948445032
"gene_1202",199.151623386455,0.0772570611057163,0.197336043692762
"gene_1203",5.42838044620378,0.939360686097088,0.977219588896007
"gene_1204",18.5900126543466,0.0185212929593553,0.0653308393628053
"gene_1205",72.8434681912566,0.18131910190499,0.359403571664995
"gene_1206",6.53165952201482,0.0873644491607593,0.217595141122688
"gene_1207",112.524264415962,0.00768368325037941,0.0313619724505282
"gene_1208",4681.37569953791,0.00498933086981903,0.0222737985259778
"gene_1209",303.579726002458,0.544816933424896,0.708831491814025
"gene_1210",82.060755528342,0.0474235112196711,0.134154204298928
"gene_1211",789.583219850772,0.642671415438244,0.785666423573218
"gene_1212",1156.80864234465,0.00416562876627659,0.0191523161667889
"gene_1213",665.326116845157,0.38030320900465,0.573922749549171
"gene_1214",3.96200578093527,0.856966116984444,0.934532297692959
"gene_1215",12.7607359799774,0.010331509738207,0.0400446113883993
"gene_1216",149.121931958289,0.0406308110081476,0.120031937985665
"gene_1217",349.317733371,0.0737406006653237,0.191285604838713
"gene_1218",18.0358436376035,0.804946780371689,0.902406704452566
"gene_1219",2256.21233537111,0.0229013414750421,0.0764652469951321
"gene_1220",141.363940621501,0.686939645643139,0.821642627006214
"gene_1221",122.201982256891,0.00243098752130917,0.0121854011093191
"gene_1222",682.09732162235,0.716778832195755,0.840235312035381
"gene_1223",761.736096698039,2.83933752988343e-07,4.23781720878124e-06
"gene_1224",899.739753351141,0.382854311238286,0.576153967250995
"gene_1225",8.80332586539141,0.53331709856497,0.701757311981651
"gene_1226",3.34083290503993,0.101653495771849,0.241170808474137
"gene_1227",77.4927839772971,0.248421958410299,0.43971302892082
"gene_1228",244.711139371864,0.566648844826807,0.727872633046637
"gene_1229",532.386859399477,0.265987264136484,0.458973576215729
"gene_1230",442.721382093312,0.00716625832255722,0.0296739475054129
"gene_1231",298.259868975361,4.94438228010812e-06,5.8861693810811e-05
"gene_1232",228.564800418525,1.28096297831371e-05,0.000137001388054942
"gene_1233",1009.12390008927,0.646759136879511,0.790176098814308
"gene_1234",686.645658271158,0.0417385899188706,0.122760558584914
"gene_1235",281.016329739367,0.737432398558454,0.853010469559957
"gene_1236",116.764218108581,4.63346190149671e-45,2.5741455008315e-43
"gene_1237",446.144519091367,0.479463844664992,0.655210644574941
"gene_1238",47.5608978959514,0.200080421483887,0.38256294738793
"gene_1239",113.085444373603,0.435159702186568,0.619846426728373
"gene_1240",4984.56203631158,0.317462292443136,0.513918608849301
"gene_1241",515.252001245032,0.0928205508070843,0.226114297568927
"gene_1242",1569.41100272455,0.142877674949042,0.307926023597073
"gene_1243",162.339370145506,0.00189485861654328,0.00997294008706989
"gene_1244",43.9182769217443,0.0400796841955976,0.119107531041895
"gene_1245",1162.52975302634,0.0053790057757235,0.0236960606860066
"gene_1246",216.128945604486,1.60203908206272e-58,1.1048545393536e-56
"gene_1247",46.8215908139639,0.0363144027994238,0.111393873617864
"gene_1248",242.57562197444,3.83467178718096e-05,0.000377800176076942
"gene_1249",1267.28218858515,0.19395877473917,0.374437789071757
"gene_1250",310.079843888442,0.279963916562976,0.475092886490117
"gene_1251",475.814516063819,0.0247400497026678,0.0816503290517089
"gene_1252",1256.11143551873,0.000682793501317747,0.00431157240764492
"gene_1253",9.2727181617983,0.182730156196917,0.360770298513164
"gene_1254",427.307415980426,5.04603174402017e-05,0.000478296847774424
"gene_1255",215.656051346085,0.808864545360415,0.904770184966907
"gene_1256",4.70043439090333,0.164901635547212,0.338270161658978
"gene_1257",123.403926363639,0.0093142536223663,0.0368881331578863
"gene_1258",47.6623948642898,0.231964306628947,0.419126720340409
"gene_1259",2598.5154097477,0.250921927673719,0.442543082316965
"gene_1260",132.842692796928,0.447850761430491,0.629211359727673
"gene_1261",248.587099747977,0.228405845078493,0.415283354688169
"gene_1262",1399.11350764586,0.00662264712156394,0.0276273786310791
"gene_1263",87.2598101264962,0.0137937451727045,0.0510879450840908
"gene_1264",1644.20390514138,0.414400658351249,0.608217902641177
"gene_1265",43.1062152678309,0.459086653464352,0.638261778223282
"gene_1266",4.53167502129068,0.996830529987505,0.998362154576761
"gene_1267",535.828067738642,0.143621573371721,0.308863598648863
"gene_1268",6.19716153361468,0.259893241945966,0.453831413384517
"gene_1269",27.8708699069628,0.324401568172787,0.51904250907646
"gene_1270",4521.47943509596,0.0547611011539914,0.151482990744098
"gene_1271",49.8726834655458,0.158786507534585,0.329432588246027
"gene_1272",1746.15816261359,0.553157021644035,0.716524639435278
"gene_1273",706.011923290455,0.0808238394386911,0.204358633220458
"gene_1274",424.785944655064,2.79450251437709e-18,8.10000728804953e-17
"gene_1275",929.663821355834,0.125046116574176,0.283873136377244
"gene_1276",64.3626968469032,0.294424613117468,0.491116952656327
"gene_1277",165.47041981481,0.028959803225338,0.0934187200817353
"gene_1278",16.5776402317601,0.124619415964865,0.283548159191956
"gene_1279",4699.17478905478,0.972878403669061,0.990220025764849
"gene_1280",61.5632446534732,0.220442310152764,0.407095678952474
"gene_1281",99.9208029398489,0.126288602668654,0.285720820517316
"gene_1282",185.975417020297,0.226275909255349,0.413545871290602
"gene_1283",1424.80423052163,0.00231055707706682,0.0116694801872062
"gene_1284",6.51971200667822,0.267031128228674,0.458973576215729
"gene_1285",165.65756376127,0.986473540778754,0.996897970757381
"gene_1286",19.8110066638265,0.415982199089515,0.608217902641177
"gene_1287",430.525054635758,0.90442368958349,0.959091929568918
"gene_1288",898.25288407022,0.0218179916233882,0.0743372798071149
"gene_1289",56.549686667837,0.0079871901955654,0.0324023943024966
"gene_1290",6.71494368076354,0.147886629777334,0.314318022906129
"gene_1291",2189.02440129347,0.000866468048549461,0.00528334175944794
"gene_1292",603.616519728928,5.61007514337787e-113,7.48010019117049e-111
"gene_1293",238.486468170926,0.0367817540451442,0.112482428272612
"gene_1294",45.3567627423164,0.0773788167495878,0.197372745302004
"gene_1295",20.3810249872151,0.139936197741072,0.304667354747261
"gene_1296",602.224679652815,0.729330721801266,0.848058978838682
"gene_1297",23.0565296324641,0.996448581176673,0.998362154576761
"gene_1298",58.8650100580527,0.30910426774634,0.505977218049453
"gene_1299",3464.36473206801,0.363013910308695,0.557625054237627
"gene_1300",161.511879106511,0.16692749495643,0.340668357053939
"gene_1301",72.6834590500577,0.255943025389983,0.449467120390919
"gene_1302",18.6129851259839,0.887032069583202,0.949204996878761
"gene_1303",7.75842191170439,0.0487060421184706,0.137200118643579
"gene_1304",5027.45148024307,0.233103710710929,0.42076482077785
"gene_1305",7.81808975766399,0.37284566255931,0.56749720328662
"gene_1306",4.88755789640095,0.48355050338306,0.658788151748038
"gene_1307",18.9830154696508,0.924140302803342,0.966673956907261
"gene_1308",551.499153001666,0.0994028892713745,0.236673545884225
"gene_1309",88.6651373029364,0.569045597429435,0.728622611633053
"gene_1310",1240.57650303337,0.0676379227700301,0.179410935729523
"gene_1311",2316.00947471068,2.62563511933833e-07,4.03943864513589e-06
"gene_1312",244.140783080854,0.00341958413123437,0.0164403083232421
"gene_1313",362.930678772638,1.01442145835499e-08,1.82778641145044e-07
"gene_1314",11202.1792686521,1.37898290658716e-132,3.06440645908257e-130
"gene_1315",521.492360472627,0.947127509933001,0.979923950766062
"gene_1316",45.0725349176021,0.664747310522791,0.802350404976211
"gene_1317",181.768554506803,0.346223867158027,0.54007962775225
"gene_1318",474.636488954694,0.0912717504866615,0.224254915200642
"gene_1319",70.2205099297165,0.154799154661784,0.323502781955917
"gene_1320",91.1884676168512,0.428155487054139,0.61598413084284
"gene_1321",9.97671225409885,0.761274861520027,0.87102386901605
"gene_1322",408.640133790381,0.26510067934785,0.458973576215729
"gene_1323",11.6727392703363,9.1730310728948e-06,0.00010080253926258
"gene_1324",5.73533474840646,0.627508309440903,0.775953811493157
"gene_1325",58.856253915325,0.484722004429095,0.659054032084953
"gene_1326",529.522612390332,0.428421898320148,0.61598413084284
"gene_1327",47.8793200025003,2.0159866585932e-39,1.0079933292966e-37
"gene_1328",236.369818055881,3.34743746288352e-05,0.000336425875666685
"gene_1329",16.2934072935027,0.702719235465218,0.833593399128372
"gene_1330",57.8733755262399,0.959700456444793,0.985318743783155
"gene_1331",10.9868036398506,0.0393373538171526,0.117826121574614
"gene_1332",19.3071722630806,0.253251334535122,0.445865025590004
"gene_1333",139.371929041924,0.266046395830674,0.458973576215729
"gene_1334",3569.87989534651,0.000996752795060978,0.00595076295558793
"gene_1335",203.178455732544,0.0175741928430505,0.0630777333611688
"gene_1336",221.441764731377,0.894832825516472,0.953410579100164
"gene_1337",137.251052208107,0.997553257922204,0.998371753648914
"gene_1338",4.96636867200073,0.968966647905808,0.988857699585002
"gene_1339",99.046529328281,7.2973134931055e-17,1.97224689002851e-15
"gene_1340",41.0599070031703,0.490367407362198,0.664904959135184
"gene_1341",2419.21870049946,0.000644340230041631,0.00410407789835434
"gene_1342",4.72520120978306,0.0976157426475521,0.233810162030065
"gene_1343",5.46537595436188,0.924901486076311,0.966952382779758
"gene_1344",4607.47592252188,0.339491585343093,0.533372482864246
"gene_1345",418.716954408617,0.000910214292210821,0.00548321862777603
"gene_1346",52.6436385203315,0.459229349431652,0.638261778223282
"gene_1347",1157.77215322923,0.0783857745791803,0.19894866644462
"gene_1348",48.9742046328019,0.117697318728407,0.270879905013594
"gene_1349",14.4795200693267,0.295678702551471,0.491662757179358
"gene_1350",287.627066615629,0.429464512015899,0.61598413084284
"gene_1351",17.5951638058169,0.203582563379803,0.386671535384241
"gene_1352",599.105790869543,0.842217273390541,0.927477835508631
"gene_1353",28.2948811313824,0.538697758556492,0.704640625973175
"gene_1354",53.3020501158635,0.797573578497399,0.896784924976805
"gene_1355",2154.18875992872,7.09847521623889e-06,8.11254310427302e-05
"gene_1356",111.22203643748,0.766747964988435,0.873786854687675
"gene_1357",73.4132614490426,0.000474622388158101,0.00320671416272089
"gene_1358",35.7599301362739,0.78174036217297,0.886131575916405
"gene_1359",68.3564515778056,0.000368020486997356,0.00256827650458194
"gene_1360",106.370493421126,0.0555139822424911,0.152931080557827
"gene_1361",1811.21661621156,0.0707901361007608,0.18558540597566
"gene_1362",444.630574020683,0.27019244699982,0.4622625269458
"gene_1363",1620.46791052843,0.864215708213188,0.936311709873443
"gene_1364",129.827521803428,0.00725366325310513,0.0299738150954757
"gene_1365",57.4170452522038,0.00192842254009696,0.0101229529663883
"gene_1366",42.7504225746335,0.997872567772089,0.998371753648914
"gene_1367",112.631011776003,0.0734401013969014,0.190908280439875
"gene_1368",343.105308752825,0.700275352749099,0.831680941507243
"gene_1369",1434.42837399907,1.40699417081621e-99,1.48104649559601e-97
"gene_1370",36.1504103458542,0.315304113573852,0.512133556134519
"gene_1371",695.889934743761,0.157613560744873,0.327678920467512
"gene_1372",5257.91381468864,0.0104120876601259,0.0402283984525836
"gene_1373",1329.45261090966,0.0317317928387766,0.10073585028183
"gene_1374",2338.49352751138,0.802628392913817,0.900817500464441
"gene_1375",39.7488240815789,0.550552064695487,0.714538695256959
"gene_1376",10.3783547889208,1.6733279203226e-14,4.29058441108359e-13
"gene_1377",4773.55328399074,0.995716833327799,0.998362154576761
"gene_1378",238.737590789272,0.12727642443013,0.287305698487877
"gene_1379",4.82982267134266,0.34350912033246,0.537993923778324
"gene_1380",554.284220479275,0.201683263665999,0.384158597459045
"gene_1381",1430.2992049305,6.10164508633111e-14,1.52541127158278e-12
"gene_1382",1674.3299413618,2.35602609337794e-138,7.78361574697702e-136
"gene_1383",574.671646808079,0.0181401366524496,0.0643911297682077
"gene_1384",2246.04886250707,2.42786455131091e-05,0.000251592181482996
"gene_1385",4691.21665644973,0.234097109380118,0.42179659347769
"gene_1386",34.0762807800496,0.991373865062032,0.997358013140877
"gene_1387",2055.90352775575,0.317030803188156,0.513826261244986
"gene_1388",29.1786145982775,0.61615879729541,0.764465009051378
"gene_1389",3125.91135517455,0.00394289709631151,0.018339056261914
"gene_1390",242.756616533519,0.092932976300829,0.226114297568927
"gene_1391",38.5039611077984,0.00131070342930247,0.00738424467212657
"gene_1392",2100.66538474617,0.0872750425128143,0.217595141122688
"gene_1393",264.997824507542,0.0504515141643939,0.141123116543759
"gene_1394",4791.90814761191,0.463241695671556,0.641608996775008
"gene_1395",290.988565375253,0.00100629039112945,0.00598559612941787
"gene_1396",869.035334607118,0.319693573184192,0.516467808052006
"gene_1397",8.47245062006873,0.0880971769558922,0.218874973803459
"gene_1398",88.9474058849543,0.00745235629241349,0.0306071989264431
"gene_1399",12.0750427768097,0.148834136250155,0.315326559852023
"gene_1400",229.864153569979,0.404825420142106,0.597087640327591
"gene_1401",4.26571055232631,0.314980220882893,0.512133556134519
"gene_1402",457.013255773107,6.8128803639364e-05,0.000616550259179765
"gene_1403",75.9893592950715,0.042467357170436,0.124328466041763
"gene_1404",49.1398421288915,0.729108646845658,0.848058978838682
"gene_1405",11.1735618530515,0.0326695947449251,0.102734574669576
"gene_1406",4.01676633595044,0.380920561364078,0.573922749549171
"gene_1407",777.902990580295,0.236706411007575,0.424966626584515
"gene_1408",128.288857814955,0.941732587832174,0.977852047012708
"gene_1409",177.786597653696,0.0761146870353241,0.195165864193139
"gene_1410",19.641797586937,0.415600343570955,0.608217902641177
"gene_1411",144.470792648645,0.346461081203069,0.54007962775225
"gene_1412",847.716094776907,0.0154959422385174,0.0566550873740226
"gene_1413",43.5880471548363,0.131779298166492,0.294478878584339
"gene_1414",696.676347624267,0.00123203808006646,0.00704021760037979
"gene_1415",157.771220565821,0.718779309819161,0.840954692675601
"gene_1416",808.567029303842,0.134223157303102,0.297021877687519
"gene_1417",4569.25601921623,0.0967568420290951,0.232309344607671
"gene_1418",1470.14912202383,0.214321243654819,0.398366623893716
"gene_1419",8.99078265030938,0.171216410108405,0.346299961093543
"gene_1420",3.90597189173906,0.604835661645929,0.756517400432681
"gene_1421",4.70273863861375,0.606261382234976,0.757331796925328
"gene_1422",8.34178548198686,0.295957736437471,0.491662757179358
"gene_1423",4.70714637774391,0.593918824586043,0.748479930165145
"gene_1424",3729.97301826176,0.446209584478936,0.62758028759344
"gene_1425",247.088817923144,5.16207155090232e-05,0.000484701554075335
"gene_1426",250.609603988421,0.132445052551872,0.295237184087961
"gene_1427",4636.12798797435,0.78564922111921,0.889016486002409
"gene_1428",47.6117385791865,0.461493859277283,0.640518888656881
"gene_1429",28.1597813335483,0.538358208579116,0.704640625973175
"gene_1430",4041.71986833561,0.737182059538908,0.853010469559957
"gene_1431",35.2805720392347,0.362659264306607,0.557625054237627
"gene_1432",246.880935055092,0.000219799516435429,0.00164643832535902
"gene_1433",32.4549382537887,0.373826307837734,0.568125087899292
"gene_1434",69.4015254477005,0.554663451837674,0.717250242309196
"gene_1435",64.0304253586134,0.147851545042093,0.314318022906129
"gene_1436",26.4014157150605,0.513375743302489,0.683134721626732
"gene_1437",96.0376839155257,0.00302240781254457,0.0146363574457364
"gene_1438",134.15706706689,0.858897506237537,0.935302796803252
"gene_1439",18.6133598788184,0.692710500173438,0.825638260039855
"gene_1440",78.3251683575406,0.021914256296079,0.0744117361496741
"gene_1441",1809.72845674581,0.90106491805814,0.956696301864744
"gene_1442",5.45957306292116,0.492351832382103,0.666224605964063
"gene_1443",39.8037661058467,0.033877804680666,0.105538332338523
"gene_1444",10.7119499894922,0.290593894266928,0.488276184488655
"gene_1445",30.4005986393709,0.298684964054801,0.494921232899422
"gene_1446",89.6237785263101,0.0740669754250988,0.191883356023572
"gene_1447",4.65243102526021,0.00164051240326432,0.00884373263215265
"gene_1448",194.543478237062,0.104667447698621,0.247733604020405
"gene_1449",37.8944140959117,0.352931911144113,0.547181257587772
"gene_1450",8.26529499706798,0.269969432317017,0.4622625269458
"gene_1451",10.3087922442062,0.139057358625151,0.303618686954478
"gene_1452",22.7481069550707,0.746709064180274,0.861104355556645
"gene_1453",63.3206161137674,0.16930842814138,0.34342480353221
"gene_1454",606.696256353482,0.26703101815644,0.458973576215729
"gene_1455",473.348375110503,0.24354813901032,0.434132155098609
"gene_1456",17.8943040519084,0.0186864324467806,0.0657972973478189
"gene_1457",15.2353693655374,0.304073826339469,0.50177199065919
"gene_1458",42.8703245616424,0.12578978508311,0.284914575499682
"gene_1459",5.35388343577165,0.415823241286015,0.608217902641177
"gene_1460",50.4640121348416,1.35164250449223e-11,2.93835327063529e-10
"gene_1461",703.600765087878,0.24630713192506,0.437490465231012
"gene_1462",210.207882571029,0.0125234788132612,0.0472584106160799
"gene_1463",285.626281266437,0.0900260710453786,0.222286595173774
"gene_1464",236.84214376861,0.87308161452456,0.940879413718127
"gene_1465",4824.6102438971,0.0465509875886822,0.133116719822711
"gene_1466",20.9174688675033,0.164961101881659,0.338270161658978
"gene_1467",32.4152911831997,0.515538028759325,0.685100370444285
"gene_1468",95.4255705068574,0.115155643522207,0.266255823172733
"gene_1469",228.227590521778,0.818174049784747,0.913140680563333
"gene_1470",98.3357486693575,0.134402399653602,0.297021877687519
"gene_1471",172.841388327151,0.255971525062628,0.449467120390919
"gene_1472",25.9414419287512,0.495631702553684,0.668417670335379
"gene_1473",4599.14624787378,0.0365356551811668,0.111900934704952
"gene_1474",469.747398552852,0.0128418189406501,0.0482075959760377
"gene_1475",363.079374223206,0.533335557106055,0.701757311981651
"gene_1476",46.0593075975918,0.716007160578364,0.840235312035381
"gene_1477",408.558599941629,0.000613356396023389,0.0039317717693807
"gene_1478",4768.4366418815,0.148470979550645,0.315225009661666
"gene_1479",4.04518913077758,0.212271647859818,0.396510332558246
"gene_1480",94.4869981400957,0.585211901942292,0.741713437189217
"gene_1481",51.4136994979635,0.976894715400122,0.99227497755218
"gene_1482",8.34887939983539,0.770049738038297,0.876550640908704
"gene_1483",96.5639280143511,0.0101803236229339,0.0396121541748399
"gene_1484",67.3783006572942,0.135208628007877,0.297887818078005
"gene_1485",37.8395222747004,0.383310710856977,0.576407083995454
"gene_1486",64.0661870728159,0.715812037447869,0.840235312035381
"gene_1487",4.33202969396023,0.561567138741384,0.72421040284816
"gene_1488",1369.90942101126,0.987427440035186,0.996897970757381
"gene_1489",52.3780460417764,0.00100857294780691,0.00598559612941787
"gene_1490",334.025171353853,0.687304057490698,0.821642627006214
"gene_1491",142.949008477973,3.74996423475904e-17,1.04165673187751e-15
"gene_1492",145.142940999363,0.209444525575105,0.393323052723202
"gene_1493",6766.89749470876,1.43689127700125e-136,3.59222819250313e-134
"gene_1494",37.1445200384061,0.899681013599002,0.956598632215845
"gene_1495",65.4173922382983,0.194741743830795,0.375224939943728
"gene_1496",3219.87950754229,0.648537881391238,0.791865545044247
"gene_1497",414.188352627661,0.138615650814923,0.302985029103656
"gene_1498",214.235470234373,4.26144756068122e-57,2.84096504045414e-55
"gene_1499",31.3482814589165,8.23303363855671e-08,1.36083200637301e-06
"gene_1500",2215.71754140384,0.323881453791198,0.519040791332048
"gene_1501",334.723013015061,4.13724449441637e-25,1.40245576081911e-23
"gene_1502",4291.88178156091,1.30801828444013e-05,0.000139150881323418
"gene_1503",653.340097832235,0.00458159939444261,0.020872890179693
"gene_1504",331.759419133107,0.000673336889193058,0.00427515485201942
"gene_1505",40.2836769997116,0.478187765026032,0.655051732912373
"gene_1506",89.1101801928147,1.61345531231452e-62,1.15246808022466e-60
"gene_1507",741.340711942934,0.0112511815545178,0.0431079753046659
"gene_1508",411.073492592843,5.88373982531224e-08,1.00576749150637e-06
"gene_1509",48.6806874385394,0.0022984164260763,0.0116665699253676
"gene_1510",3801.71604297749,0.325104394706415,0.519534661644072
"gene_1511",281.847510954669,0.245938034358512,0.437490465231012
"gene_1512",136.515008565363,0.226368414456544,0.413545871290602
"gene_1513",4.91818437775689,0.348965076790044,0.542713960793225
"gene_1514",24.9143716704261,0.912453226552286,0.963371410219249
"gene_1515",129.081712679319,0.771000229772329,0.877133367204015
"gene_1516",4748.38538942281,8.22764554412882e-08,1.36083200637301e-06
"gene_1517",36.4834705658419,0.826934020459263,0.918305408616616
"gene_1518",15.2080231414835,0.00360823830519746,0.0171412746090141
"gene_1519",200.316313379835,0.0179845308041279,0.0640018889826616
"gene_1520",632.275443821733,8.67527765940584e-06,9.63919739933983e-05
"gene_1521",12.5203720559046,0.33324929809013,0.527625775525328
"gene_1522",8.07303651072692,0.226977803491172,0.413545871290602
"gene_1523",36.5853032981304,0.725522509477006,0.847253377607052
"gene_1524",45.4552797557166,0.439431310098969,0.621983453784811
"gene_1525",2553.5570441358,3.04694716718351e-06,3.88146135946943e-05
"gene_1526",55.3244514443357,0.429096997591533,0.61598413084284
"gene_1527",200.752031923595,8.10052798018502e-05,0.000710572629840792
"gene_1528",4869.21037351519,0.150352609867213,0.317321157195974
"gene_1529",5.73951867843494,0.165447986041052,0.338339439756752
"gene_1530",31.8212070846101,0.529913043445671,0.699093724862363
"gene_1531",112.581973909144,0.999179963001636,0.999179963001636
"gene_1532",550.061897659965,0.021654597371762,0.0740328115273914
"gene_1533",134.6082364033,0.106334713473366,0.250970250746406
"gene_1534",254.022620200808,3.9641040663677e-07,5.87274676498918e-06
"gene_1535",34.2887427759165,0.201054712153251,0.383326429272166
"gene_1536",260.432375708707,0.132772707124052,0.295237184087961
"gene_1537",993.260704052597,3.39380775017223e-10,6.78761550034446e-09
"gene_1538",167.927556148878,0.00210684153364429,0.0108320901472714
"gene_1539",183.916723707612,0.678158003455819,0.814604208355338
"gene_1540",2783.97756954379,3.30646098827529e-124,6.01174725140961e-122
"gene_1541",302.651097310514,1.40546552225652e-23,4.53375974921458e-22
"gene_1542",86.8104259698905,1.11703058710005e-05,0.000121416368163049
"gene_1543",775.455578434989,0.0138983967119109,0.0513803944987465
"gene_1544",1522.83554684208,0.00522902419694143,0.0231372752077055
"gene_1545",61.8452463302624,0.897974284897364,0.955291792444004
"gene_1546",23.237183790466,0.791381727764925,0.892200369520772
"gene_1547",67.3714429630508,0.161540286989982,0.334106074436363
"gene_1548",29.0804027308243,0.156120719642568,0.324913048163513
"gene_1549",228.583278551955,0.627746633497964,0.775953811493157
"gene_1550",56.0908088799474,0.0905282347093747,0.22325088707614
"gene_1551",29.717298823751,0.429956923328302,0.61598413084284
"gene_1552",14.6019006798149,0.837820528773917,0.926733286450899
"gene_1553",4.02009219463686,0.972891175313964,0.990220025764849
"gene_1554",1246.14111593519,0.757318106539615,0.867986368526779
"gene_1555",428.725206031091,0.0556873141202138,0.153197562916682
"gene_1556",565.028190065896,5.63593338425082e-05,0.00051944086490791
"gene_1557",70.4230157002548,0.0332844652913762,0.104176730176451
"gene_1558",11.253539789529,0.00195189340345164,0.0101926548483114
"gene_1559",71.103534229796,7.68300944442392e-15,1.99558686868154e-13
"gene_1560",994.349309167891,0.849112029516587,0.930678897563593
"gene_1561",45.4284028235164,0.894590927026705,0.953410579100164
"gene_1562",495.230896589212,0.883060139725308,0.946981383083441
"gene_1563",402.609032125607,0.390543592974546,0.583424208209446
"gene_1564",713.494695701058,0.116372835925281,0.268246548874816
"gene_1565",446.636640546443,6.32020342089605e-06,7.30659355016884e-05
"gene_1566",188.878428896322,0.00664438456077452,0.0276273786310791
"gene_1567",186.472423251503,0.470935243400487,0.64956585296619
"gene_1568",2195.64796163453,0.000428000114603357,0.00293756460852318
"gene_1569",651.277834783741,0.714554359117672,0.840235312035381
"gene_1570",45.7448438829924,0.00114192401080815,0.00665844904261315
"gene_1571",18.8834886308733,0.212308584193135,0.396510332558246
"gene_1572",269.740634516945,0.473087848833071,0.650190142406679
"gene_1573",1408.24542195828,0.0325188377255838,0.102520266188305
"gene_1574",155.153939353626,0.0464079305319885,0.13297401298564
"gene_1575",819.494599850517,0.729194013794835,0.848058978838682
"gene_1576",757.870914498682,0.841102218548921,0.927345872409489
"gene_1577",183.997465556238,0.673555858859451,0.810049138736562
"gene_1578",32.5842433760526,0.370363870171261,0.56544102316223
"gene_1579",8.82878334675887,0.0906451055029453,0.223263806657501
"gene_1580",2230.52302150602,0.662179203578377,0.801846629256206
"gene_1581",85.2968620847226,0.0043152315962124,0.0197493436897593
"gene_1582",334.922455610158,0.865202648808983,0.936480242876292
"gene_1583",6.56960277831683,0.112770031615702,0.262255887478378
"gene_1584",14.4589044559425,0.931841698979046,0.971521886861872
"gene_1585",10.6652659008383,0.266712625741608,0.458973576215729
"gene_1586",171.787428054173,0.335055473328399,0.529313543962715
"gene_1587",398.273295969452,0.438002258157151,0.621693641139405
"gene_1588",33.9520974225223,0.0743627185571738,0.192091272665621
"gene_1589",4.10428422983958,0.926662964215957,0.967794218502305
"gene_1590",5196.52261921452,0.0503600135118929,0.141121493740539
"gene_1591",8.10004354175972,0.455905803932532,0.635408785968685
"gene_1592",930.23679172624,0.0973432577088171,0.233437068846084
"gene_1593",126.79297578455,0.010787636571116,0.0415708538385974
"gene_1594",72.8441357626096,0.013150563188865,0.0491609838836073
"gene_1595",28.0492135969669,0.612903867079755,0.762318242636511
"gene_1596",3073.01518446675,0.398822304552898,0.591625949031474
"gene_1597",14.1205321437001,0.601148971081692,0.754087735979775
"gene_1598",485.544234345267,1.42796086951474e-84,1.24170510392586e-82
"gene_1599",233.004745862383,0.000368547678407508,0.00256827650458194
"gene_1600",14.9911916888013,0.0629769667696487,0.169520771923684
"gene_1601",265.10023809583,0.00549671776853765,0.0239010243005461
"gene_1602",4986.41835481316,4.97408405703578e-07,7.26143657961428e-06
"gene_1603",3932.37229464702,0.0606166748247282,0.164495725440239
"gene_1604",173.679806449421,0.391900878622354,0.58362007240857
"gene_1605",67.8453063177937,0.736663937704011,0.853010469559957
"gene_1606",325.369589073097,0.735968296625436,0.853010469559957
"gene_1607",22.851590668518,0.0707784679448871,0.18558540597566
"gene_1608",27.9391688591375,0.709146673391992,0.836751237040698
"gene_1609",114.051959160066,0.106411386316476,0.250970250746406
"gene_1610",11.1316596802357,1.4295674117427e-06,1.89346677052014e-05
"gene_1611",153.472582721444,0.854795038517029,0.933182356459638
"gene_1612",643.762343823645,0.0175986876077661,0.0630777333611688
"gene_1613",14.8106248553906,6.79808630226953e-06,7.81389230145923e-05
"gene_1614",6.92295391792255,0.768260230430186,0.875011651970599
"gene_1615",1038.23151840402,2.64950581020019e-07,4.04504703847357e-06
"gene_1616",5525.63978647054,3.10740399288461e-06,3.9334227758033e-05
"gene_1617",38.8448646967397,0.142382357020703,0.307521289461562
"gene_1618",5298.34401358501,5.12739840110487e-05,0.000483716830292913
"gene_1619",275.793777559597,0.881492971934126,0.945807909800564
"gene_1620",9.58968703831244,0.567080752209076,0.72795988730305
"gene_1621",4944.78328842126,0.35580715465114,0.551211703564896
"gene_1622",26.8111077247438,0.869588187184421,0.939587452387273
"gene_1623",9.68513421636404,0.844113613357951,0.928107326396867
"gene_1624",73.0467740942634,0.00625300463966524,0.0265520366864766
"gene_1625",72.3432548599167,1.86949021752825e-29,7.19034699049326e-28
"gene_1626",15.6668121387933,0.330075035954566,0.524761583393587
"gene_1627",47.435339309681,0.227036683338541,0.413545871290602
"gene_1628",39.2798974880478,0.0614212507291545,0.166453254008549
"gene_1629",863.622768169838,0.00030996295085192,0.00219831880036823
"gene_1630",85.8518495522169,0.979189819706377,0.993076252415297
"gene_1631",106.526048315431,0.0361660105651918,0.111109095438377
"gene_1632",14.835343539474,0.816806387379882,0.91212326898926
"gene_1633",21.1529250230274,0.000307306816087712,0.00219027118275531
"gene_1634",1285.0043867239,1.13765735319768e-117,1.62522479028239e-115
"gene_1635",1653.76757913403,0.0167516357835642,0.0608854115782804
"gene_1636",220.701309107468,0.0389342688479538,0.11709554540738
"gene_1637",28.0078749192071,0.78722151811373,0.889016486002409
"gene_1638",84.8116875078612,0.0671271153027188,0.178292470923556
"gene_1639",2104.00695550356,0.75541580400612,0.866302527529955
"gene_1640",83.0305569772564,0.0338241627252714,0.105535609127212
"gene_1641",20.9318893139003,0.311446712048228,0.508899856287954
"gene_1642",84.8606266311411,7.9186908286444e-25,2.63956360954813e-23
"gene_1643",23.8570517992298,0.44510532325749,0.626938469344791
"gene_1644",71.5334517998085,0.915326628921683,0.963371410219249
"gene_1645",2627.93959886122,0.870971229936372,0.940573682436686
"gene_1646",32.8359450064799,0.747869132800946,0.861104355556645
"gene_1647",416.23534935057,0.155789111409641,0.324560648770085
"gene_1648",30.482178739717,0.807953845108029,0.904593063773203
"gene_1649",33.5104789691721,0.00125537135582357,0.00712336451921444
"gene_1650",11.2237980375979,0.53470346662423,0.702632676247346
"gene_1651",12.3050605544716,0.78161922389803,0.886131575916405
"gene_1652",138.342936337773,0.0307600775778689,0.0981182697858656
"gene_1653",1453.80685920619,0.000777094892234524,0.00476745332659217
"gene_1654",228.223777697098,0.133818328015956,0.296714696265977
"gene_1655",36.9051930234747,0.00363599478696599,0.0171914647137872
"gene_1656",3078.72819109138,0.00219421492749192,0.0112016509973854
"gene_1657",22.1717780075809,0.347557449292644,0.541174879289151
"gene_1658",150.477439263651,0.420031585990262,0.611545918845585
"gene_1659",216.279461283738,0.0924410751604506,0.225704319637166
"gene_1660",1708.91468824166,0.000200998115459924,0.00153433675923606
"gene_1661",204.94696680774,0.0752711946410999,0.193499215015681
"gene_1662",11.3284674000493,0.710642000047769,0.837527401352703
"gene_1663",20.7679997887159,0.0377757134931444,0.113956924847862
"gene_1664",24.1104164225838,0.793272818747081,0.893793224401703
"gene_1665",118.115104693809,1.00136428022514e-06,1.39078372253492e-05
"gene_1666",412.955201435805,0.20924758493386,0.393322528071165
"gene_1667",4887.49493126903,0.000203918274993553,0.00154483541661782
"gene_1668",1019.14114958081,0.00867809098189045,0.0347893834884221
"gene_1669",5.9755456408976,0.0719686801815673,0.187762889807221
"gene_1670",42.8857504295907,0.205759951246786,0.389328195358157
"gene_1671",4863.11307941683,0.501753938418366,0.674400454863395
"gene_1672",4541.11011321327,0.000888193304222224,0.00536672691372945
"gene_1673",1422.1644654876,0.87349938981104,0.940879413718127
"gene_1674",564.972622806882,1.36528686056361e-06,1.82038248075148e-05
"gene_1675",150.276582802816,0.0300366600722508,0.0959637701988842
"gene_1676",286.418691516401,0.220935594407658,0.407254551903517
"gene_1677",302.397486549947,3.97247629664659e-06,4.87420404496514e-05
"gene_1678",11.0399412816755,0.358352047216323,0.554295510002046
"gene_1679",14.8596047427085,0.53627798937254,0.703776888940342
"gene_1680",1121.13107913249,0.0402113858991083,0.11932161987866
"gene_1681",3.67885276002632,0.734239786671845,0.852775594276243
"gene_1682",198.66751308844,0.039416766243471,0.117837866198717
"gene_1683",447.772986467186,0.000156125152828136,0.00124402512213654
"gene_1684",624.884106446779,0.000683384226611719,0.00431157240764492
"gene_1685",171.899653252404,9.78878909917069e-11,1.99771206105524e-09
"gene_1686",5.70010676932507,0.25820164847204,0.451796410274786
"gene_1687",73.9850625204739,0.000101565242627168,0.000868078996813399
"gene_1688",648.792766869301,0.748303392796791,0.861108622320818
"gene_1689",348.460392733824,4.55393044007501e-09,8.51201951415889e-08
"gene_1690",687.283226551938,0.00188100738449432,0.00992616034033942
"gene_1691",100.60880453489,0.292029970588957,0.489572456980648
"gene_1692",2179.37759631437,0.720536253084308,0.842239921781774
"gene_1693",762.464379175735,0.0398938601144943,0.118731726531233
"gene_1694",193.940323244837,0.00146435880901474,0.00806809261165144
"gene_1695",46.7122003007736,0.324173568891324,0.51904250907646
"gene_1696",4882.90528576599,0.37911199064733,0.573854067594242
"gene_1697",7.33192224672051,0.390749489210437,0.583424208209446
"gene_1698",2100.80013428379,4.27627828129352e-17,1.17158309076535e-15
"gene_1699",425.887683541831,0.0227816941277038,0.0761929569488422
"gene_1700",193.97379030363,0.0299047737120409,0.0956952758785309
"gene_1701",1451.26158042573,0.000379042179144373,0.00263223735516926
"gene_1702",46.9724806315467,0.134346466658017,0.297021877687519
"gene_1703",600.525700259963,0.0936873023989408,0.227396365045973
"gene_1704",19.224249600395,0.951472019791447,0.980847281320618
"gene_1705",4.39432753375326,0.494605106688074,0.66803670195192
"gene_1706",11.0891908659212,0.315474270578864,0.512133556134519
"gene_1707",58.0391150357566,0.498412642551817,0.671262818251605
"gene_1708",3040.2278819529,1.52273781342066e-138,6.09095125368264e-136
"gene_1709",91.0582121278787,1.52914583180184e-42,8.26565314487482e-41
"gene_1710",15.3027878239044,3.73142653612458e-05,0.000369448171893523
"gene_1711",43.8323573919506,0.216703086359961,0.401673932085191
"gene_1712",5.44869814575115,0.135390013316453,0.297887818078005
"gene_1713",206.335161892361,0.4293423990157,0.61598413084284
"gene_1714",380.901362248046,0.160064231268966,0.331395923952311
"gene_1715",150.688115832967,0.0173211194429712,0.0623061850466591
"gene_1716",78.2263222477121,5.89915377505838e-18,1.66455114069571e-16
"gene_1717",276.608268702306,0.0248155290243026,0.0817645107884763
"gene_1718",1046.17106820073,0.0678326107443516,0.179689035084375
"gene_1719",1445.0487579919,0.000544038013924874,0.00353271437613555
"gene_1720",2974.69255774228,0.0425203353862829,0.124328466041763
"gene_1721",36.8773548681576,0.980366417195456,0.993076252415297
"gene_1722",10.9072647907171,0.0030519079552835,0.0147435166921908
"gene_1723",32.3822517306967,0.72567251792044,0.847253377607052
"gene_1724",4.88591526679124,8.47215581718745e-05,0.000736709201494561
"gene_1725",13.2131069624446,0.616827152065821,0.764759150312989
"gene_1726",1045.72039905722,2.46007507376238e-106,3.07509384220298e-104
"gene_1727",306.340326269736,0.248147203000334,0.43971302892082
"gene_1728",3.53062796368401,0.649028503875178,0.791981090756777
"gene_1729",44.9577571074203,0.14726322833936,0.31399409027582
"gene_1730",346.814880057075,0.0155234939404822,0.0566550873740226
"gene_1731",4458.49474165299,0.000172859469334669,0.00135957059273104
"gene_1732",2299.35752395624,0.0283607504106463,0.0916340885642854
"gene_1733",58.0010301903554,0.210691288612739,0.395293224414145
"gene_1734",4714.38351601747,0.292661334222761,0.489809764389558
"gene_1735",4.7722635182472,0.947987804621586,0.979923950766062
"gene_1736",3185.45390952139,0.000533364475524022,0.00349747197064932
"gene_1737",792.832826628654,0.228944560310699,0.415884759874113
"gene_1738",83.1767569819355,0.0875410342971702,0.217763766908384
"gene_1739",4247.10867911432,3.29173987040792e-09,6.21082994416589e-08
"gene_1740",202.191052678567,0.00933708529089728,0.036905475458092
"gene_1741",190.013503889781,0.00761815493880969,0.0311580979092421
"gene_1742",692.975966651906,0.290834947648942,0.488276184488655
"gene_1743",4.83033403319287,0.980662799260106,0.993076252415297
"gene_1744",23.9074733507831,0.894540124817597,0.953410579100164
"gene_1745",152.753978402267,0.0278374791175156,0.0903814257062196
"gene_1746",407.086389869869,0.318437635323379,0.514854705454129
"gene_1747",61.4573376090797,0.00941732782045694,0.0371492221714278
"gene_1748",31.9919880977299,0.0766476986544335,0.196280918449254
"gene_1749",81.7667267945543,0.0644686132776157,0.1730701027587
"gene_1750",233.461214787008,0.188385042348393,0.365461981306847
"gene_1751",1866.14488395586,0.0199409458411961,0.0694806475302999
"gene_1752",886.691815417684,1.43691764135899e-119,2.39486273559832e-117
"gene_1753",701.116175104608,0.404094687163456,0.597087640327591
"gene_1754",272.495172308078,3.3579391221521e-11,7.06934552032022e-10
"gene_1755",38.3583131768769,0.005092499124144,0.02263332944064
"gene_1756",46.0866654609471,7.35011257320165e-05,0.000656260051178719
"gene_1757",16.6414163642994,0.0981064805661949,0.234704498962189
"gene_1758",658.824951796536,0.945361154443127,0.979770940586652
"gene_1759",38.5607425298709,0.919457100656871,0.965816282202596
"gene_1760",1367.0956264889,1.30170915523527e-06,1.74726061105405e-05
"gene_1761",313.517827004383,0.591073473813681,0.746304891178891
"gene_1762",4647.01883774488,0.538666614207531,0.704640625973175
"gene_1763",405.91902176756,0.0295848913577433,0.0950345941444209
"gene_1764",96.8962038394143,0.0561274915443564,0.154196405341639
"gene_1765",57.9920243111233,0.0820111753698662,0.206837768902563
"gene_1766",189.789480326932,0.266026991126312,0.458973576215729
"gene_1767",1220.91194556572,0.517667859472237,0.687473916961803
"gene_1768",153.655472273443,0.00144033068058626,0.00795762806953732
"gene_1769",104.804692059634,0.72907012220389,0.848058978838682
"gene_1770",4.33245656615817,0.115151482057205,0.266255823172733
"gene_1771",80.5826295472898,0.00367978725438722,0.0173574870489963
"gene_1772",188.346894522706,0.974288368718062,0.991137709784396
"gene_1773",656.620909729842,4.49665689270546e-05,0.000432370855067832
"gene_1774",218.075817352056,0.108728366094371,0.254633175865037
"gene_1775",4035.93719739069,4.5043953475713e-77,3.75366278964275e-75
"gene_1776",1209.69258501391,0.0405185698768131,0.119877425671045
"gene_1777",2303.46751097635,1.43034923231064e-101,1.5892769247896e-99
"gene_1778",450.142197824598,0.252658261079688,0.445212794854075
"gene_1779",756.796261530865,0.0238513713494781,0.0793722840248857
"gene_1780",5.22172687078263,0.366070057833898,0.560168412905735
"gene_1781",2076.96481841166,1.52809312120946e-13,3.72705639319381e-12
"gene_1782",1699.88751028095,0.0026041878282972,0.0128601868064059
"gene_1783",3365.76956254362,0.273739748500735,0.467931194018351
"gene_1784",136.911333316395,0.168983171544036,0.34342480353221
"gene_1785",610.83863508726,0.111556540594661,0.260038556164712
"gene_1786",4.5222072264284,0.184209406790313,0.362488008101911
"gene_1787",140.547717775002,0.575824880878777,0.734002397551023
"gene_1788",5.26619612524582,0.149816858930778,0.316737545308198
"gene_1789",1372.20897370323,2.72426551144196e-138,7.78361574697702e-136
"gene_1790",1203.74802195766,0.962728547020144,0.986402199815721
"gene_1791",81.5033775334294,0.865307744417694,0.936480242876292
"gene_1792",724.11713000629,0.309142235855612,0.505977218049453
"gene_1793",13.6328927068406,0.191039483499667,0.369515441972276
"gene_1794",158.430475993021,0.969574974443095,0.988857699585002
"gene_1795",1435.96251941373,0.445126313234802,0.626938469344791
"gene_1796",82.2199637275996,0.401313203249164,0.594098006290398
"gene_1797",114.723827881392,0.00091609334844019,0.00548558891281551
"gene_1798",103.174649737101,0.918669278478407,0.965495826041415
"gene_1799",464.200875329114,0.448376257378647,0.629211359727673
"gene_1800",21.5964150101707,0.00926733449670723,0.0368249138953359
"gene_1801",25.8979517323983,0.569951572997623,0.728622611633053
"gene_1802",6.44739164706085,0.604160846386189,0.756418092675855
"gene_1803",284.055647470695,0.485736360334151,0.659519837520911
"gene_1804",46.4138786217437,0.307138158782417,0.505161445365817
"gene_1805",87.6713848061632,0.53211257110825,0.70107058117029
"gene_1806",4.63355784997114,0.0370983036296244,0.112760801305849
"gene_1807",658.327912449505,0.322150179658696,0.518343008300395
"gene_1808",4.32413568106887,0.183754744097924,0.362188985921001
"gene_1809",340.950939269141,0.000326787316558255,0.00230131913069194
"gene_1810",2241.12370018729,0.000495784981775145,0.0033052332118343
"gene_1811",5.15428319761465,0.627716265946446,0.775953811493157
"gene_1812",12.2627796928957,4.31413576090877e-12,9.80485400206538e-11
"gene_1813",321.420985305282,0.000172937896645608,0.00135957059273104
"gene_1814",14.1634415386551,0.0368491027710269,0.112516344339014
"gene_1815",4397.64602183837,0.0129268221011964,0.0484150640494248
"gene_1816",13.1877147911334,0.159757908545161,0.331104473668727
"gene_1817",1577.10648847257,0.208021083305462,0.39175345255266
"gene_1818",55.8939185582619,0.424257459877893,0.614420651524827
"gene_1819",637.264192366596,0.509132511653385,0.680658438039285
"gene_1820",361.788222423961,1.83341576926458e-07,2.86471213947591e-06
"gene_1821",715.058292857473,0.268179246515242,0.460082949378642
"gene_1822",5.5365897846365,0.172730546910799,0.347317865164117
"gene_1823",15.5561138537453,0.83993248939462,0.927345872409489
"gene_1824",29.9326514393157,5.27047521231603e-05,0.000492567776851965
"gene_1825",885.545332349525,0.218941581888863,0.405447373868265
"gene_1826",44.5254978881963,0.332947683386992,0.527625775525328
"gene_1827",5639.91093172053,0.00498240391586319,0.0222737985259778
"gene_1828",134.496771260599,0.847935708084379,0.930678897563593
"gene_1829",41.2696135858018,0.0214340514602068,0.0736565342275149
"gene_1830",5058.89875564644,0.00195114921495535,0.0101926548483114
"gene_1831",133.714860918989,9.94046316863156e-05,0.000853258641084254
"gene_1832",167.372012717154,0.00110474802899595,0.00646051478945002
"gene_1833",199.433478973985,0.704279159905734,0.834453980930964
"gene_1834",6.66150030190291,0.956498117564585,0.983237180185016
"gene_1835",73.1549544392944,0.130111241589308,0.291729241231633
"gene_1836",125.186656630199,0.202235931168263,0.3847206923442
"gene_1837",38.9042842477975,0.00629387195420631,0.026556421747706
"gene_1838",436.364576180094,4.36709487810928e-05,0.000421941534116838
"gene_1839",135.691479131515,8.74656307277393e-11,1.80341506655133e-09
"gene_1840",25.0565597774887,0.297345122848626,0.493109656465383
"gene_1841",428.993764937947,0.661163234402713,0.801846629256206
"gene_1842",7.64733315008137,0.51233274246358,0.682776798903347
"gene_1843",22.0222356243917,0.30139502820489,0.49817360033866
"gene_1844",76.987556766139,0.514655074245199,0.684381747666488
"gene_1845",173.460479603097,0.971632257838752,0.990220025764849
"gene_1846",39.9999244588757,0.913010761161948,0.963371410219249
"gene_1847",5.0199714797501,0.797690190766868,0.896784924976805
"gene_1848",95.7427369330357,0.00377518468402133,0.0177238717559687
"gene_1849",1671.23424234058,0.639317003753792,0.784673748156759
"gene_1850",3.93435666897065,0.0378373735298502,0.11396799255979
"gene_1851",518.343027025046,0.137914540444122,0.301782364210333
"gene_1852",1199.9618287006,0.468085899875507,0.647421714903883
"gene_1853",217.28622867963,0.0572515712182495,0.156853619776026
"gene_1854",140.884088323611,0.57003093097565,0.728622611633053
"gene_1855",2548.75993657466,0.0168348163013945,0.0608854115782804
"gene_1856",186.583100780297,4.35538717882795e-06,5.24745443232284e-05
"gene_1857",4.97662136013883,0.564259930505554,0.725269833554696
"gene_1858",641.21165652895,0.577115844947201,0.735179420314906
"gene_1859",1772.475165071,0.0103233858939149,0.0400446113883993
"gene_1860",653.48339454131,5.03527149562211e-08,8.6815025786588e-07
"gene_1861",406.169845464079,0.234372203749013,0.421912157964021
"gene_1862",388.205046043178,0.000737464881233341,0.00456634601382874
"gene_1863",293.300161275909,0.438501550138763,0.621693641139405
"gene_1864",440.580873520259,0.279238216359081,0.474942079150446
"gene_1865",2287.50932456595,0.00105298114061629,0.00619400670950757
"gene_1866",10.3078538499285,0.129170320362174,0.290596896202865
"gene_1867",147.399833830711,0.551113761640265,0.714803841297361
"gene_1868",339.119873932519,0.164198212936603,0.338204352083631
"gene_1869",816.119282060837,0.0433309984822851,0.126479641551154
"gene_1870",10.7012499527224,0.491119419098572,0.665304716372938
"gene_1871",42.7150602328129,0.546712865620765,0.7104780579867
"gene_1872",4.75233307142253,0.478794827223796,0.655210644574941
"gene_1873",264.418462526995,5.37550849810331e-05,0.000500047302149145
"gene_1874",82.2320320282659,0.183810910354908,0.362188985921001
"gene_1875",34.1713692859332,0.308787738812387,0.505977218049453
"gene_1876",106.196858851887,0.205226094871663,0.388685785741785
"gene_1877",1653.11613231548,0.384449257404635,0.577251137244196
"gene_1878",2306.79022332782,0.0649232184961302,0.173823878169023
"gene_1879",63.46083467262,7.83360506911492e-05,0.000693239386647338
"gene_1880",14.1697697376043,0.016829322535853,0.0608854115782804
"gene_1881",15.0569474319161,0.0332831152796698,0.104176730176451
"gene_1882",793.718697575939,0.142207899635703,0.307476539752872
"gene_1883",14.4589908698759,0.934560728287951,0.973500758633283
"gene_1884",296.735941653832,0.0110496583937376,0.0424171147552306
"gene_1885",1345.23257587766,0.359729729843071,0.555567150336789
"gene_1886",348.300887805243,5.37308841074669e-26,1.88529417920936e-24
"gene_1887",74.9288117166596,0.021958541283451,0.0744357331642407
"gene_1888",159.566711856949,0.0119941043662724,0.0455184226423999
"gene_1889",2877.65058089347,2.36988614129202e-12,5.44801411791269e-11
"gene_1890",249.258665386695,0.0100007867728872,0.0390655733315905
"gene_1891",6.25305430214441,0.0343486659047081,0.10667287548046
"gene_1892",4840.90759230344,0.9761939180078,0.992066989845325
"gene_1893",62.8339691015553,0.000508851746460145,0.00334770885829042
"gene_1894",30.5919418559799,0.0683709669098361,0.180875573835545
"gene_1895",90.948224578891,4.15751538279084e-06,5.03941258520102e-05
"gene_1896",450.931557142202,0.152040380251525,0.320070901423609
"gene_1897",4690.56194532667,0.0434144714848398,0.126479641551154
"gene_1898",285.018435982117,0.0480570939458761,0.135563029466505
"gene_1899",569.247227649304,0.000214272917781176,0.00161107456978328
"gene_1900",5.57855595424343,0.139994649506366,0.304667354747261
"gene_1901",91.9504920080405,0.0586215573107682,0.159949678883406
"gene_1902",243.808010295079,0.060049117476111,0.163176949663345
"gene_1903",4201.99204916667,0.0804731585381024,0.203729515286335
"gene_1904",59.4058604126484,0.280067256585924,0.475092886490117
"gene_1905",149.619872785109,0.426924878049152,0.61598413084284
"gene_1906",615.115204445055,0.125431758178152,0.284425755506015
"gene_1907",182.596029901505,0.000263592552680568,0.00193108097201881
"gene_1908",1640.67694969197,0.00235582039803008,0.0118382934574376
"gene_1909",281.305507883939,0.642675134482892,0.785666423573218
"gene_1910",1398.69691433128,0.124552989836931,0.283548159191956
"gene_1911",16.320588541014,0.101333062591163,0.240696110667845
"gene_1912",401.944648736193,0.305954648473358,0.503670799280039
"gene_1913",1266.87501354323,0.695914977816347,0.828470211686127
"gene_1914",893.479212272141,1.82948213727492e-05,0.000190571055966137
"gene_1915",155.301844090912,0.958093236423063,0.98417384326971
"gene_1916",1146.99073436918,0.0241571829278339,0.0801233264604774
"gene_1917",1109.7489288856,0.00104249196256334,0.00615039505937071
"gene_1918",164.126383608653,6.49381488181939e-07,9.2110849387509e-06
"gene_1919",12.7322182664875,0.449887348436435,0.630094325541226
"gene_1920",5073.61072518718,0.317601700268868,0.513918608849301
"gene_1921",884.187919362994,0.453955871279124,0.634074345375979
"gene_1922",239.771022365185,0.699688793788951,0.831478067485385
"gene_1923",270.673205147686,0.0369837890027196,0.112755454276584
"gene_1924",22.8159631112703,0.498035145536595,0.67120639560188
"gene_1925",180.467188992383,0.913772762491969,0.963371410219249
"gene_1926",109.64896717769,0.315199526409384,0.512133556134519
"gene_1927",354.84033120577,0.330710104826325,0.5249366743275
"gene_1928",2285.78206949851,0.444031202831071,0.626278142215897
"gene_1929",385.087674008729,8.02455371432571e-06,8.96799933713783e-05
"gene_1930",6.70071566054298,0.847140605595887,0.930678897563593
"gene_1931",824.262649895087,4.92314738061975e-05,0.000468871179106642
"gene_1932",4728.20478750549,0.537082431331016,0.70390882219006
"gene_1933",288.628171135339,0.755279444246785,0.866302527529955
"gene_1934",3409.292371985,0.00196307728508038,0.0102243608597937
"gene_1935",33.3430854215498,0.628486519451888,0.776388535456316
"gene_1936",60.4761203854227,0.140297261679121,0.304994047128523
"gene_1937",220.817048126878,0.0171601621277538,0.0618384220819955
"gene_1938",1287.33776043281,0.039639185079666,0.118325925610943
"gene_1939",196.904903144368,0.928990249262217,0.969718423029454
"gene_1940",59.5932055046438,2.91301049994361e-26,1.040360892837e-24
"gene_1941",5.3559931055992,0.264511134820128,0.458424843709061
"gene_1942",150.150497562825,0.449885670754436,0.630094325541226
"gene_1943",2232.47802825661,0.261674662818291,0.455482441807296
"gene_1944",1961.19224067802,0.544363584592673,0.708806750771709
"gene_1945",1204.57029578405,0.22485720393286,0.412760408719906
"gene_1946",970.4249511642,0.00280211239969767,0.013668840974135
"gene_1947",364.010244377697,0.540920339974015,0.706162323725868
"gene_1948",34.802382865966,5.53828617308404e-46,3.16473495604802e-44
"gene_1949",184.804921775955,0.484734240598483,0.659054032084953
"gene_1950",71.995147454913,0.0153648036007787,0.0562813318709842
"gene_1951",1052.40739127807,0.0700992588321689,0.184471733768866
"gene_1952",141.156791624626,7.30121000998649e-06,8.29682955680282e-05
"gene_1953",187.10825688332,0.000154180162450555,0.00123925579920893
"gene_1954",217.50138114592,0.451242274094408,0.631465725248837
"gene_1955",594.006980591373,0.00363070600408157,0.0171914647137872
"gene_1956",108.437102319765,0.188485526417581,0.365461981306847
"gene_1957",5.90748685128665,0.0745314137942611,0.192091272665621
"gene_1958",130.66726459315,0.0215877534421283,0.0739886176299781
"gene_1959",309.552972214537,0.000154155493466182,0.00123925579920893
"gene_1960",555.217715997334,0.338810430312815,0.532720802378639
"gene_1961",5.01152239157053,0.128435162300809,0.28926838356038
"gene_1962",555.062416215937,0.0665257236623498,0.177165708821171
"gene_1963",2624.45713613816,0.284787228920197,0.48146615202062
"gene_1964",260.87500189753,0.248437861340263,0.43971302892082
"gene_1965",946.436500173072,0.552267338982909,0.71583582499405
"gene_1966",207.469298327154,0.113811887302221,0.264064703717449
"gene_1967",170.258283096534,0.76547831033702,0.873335208598996
"gene_1968",29.3418406843086,0.941908304012423,0.977852047012708
"gene_1969",26.82805149934,0.630631429564339,0.777597323753809
"gene_1970",6.33814801666009,0.570147193602864,0.728622611633053
"gene_1971",1201.16253650852,0.00220067210832657,0.0112016509973854
"gene_1972",13.7993982900866,0.659050200186452,0.800303825363026
"gene_1973",80.2299895644051,0.0199847131193949,0.0695120456326779
"gene_1974",364.269938528309,0.145611805325278,0.311136336165123
"gene_1975",638.470185648753,0.172094026151895,0.347103131021798
"gene_1976",11.58936625821,0.335986438145349,0.530365332510416
"gene_1977",1935.36585154383,0.743610643959343,0.858672799029264
"gene_1978",13.069292209658,0.46462092718839,0.643073947665591
"gene_1979",19.8563073616722,0.609486208353171,0.759484371779652
"gene_1980",5.35902571906225,0.186392072867314,0.363735449197301
"gene_1981",495.749205033374,0.000154948028295572,0.00123958422636458
"gene_1982",33.457081936248,0.213411251367159,0.397413875916497
"gene_1983",80.3563350542335,0.000873291421846934,0.00530876244283851
"gene_1984",25.4823137420326,0.208676446549773,0.392617961523562
"gene_1985",600.936819236807,1.07144022356618e-66,7.93659424863835e-65
"gene_1986",2258.53457744825,1.8336388285958e-06,2.36839670919278e-05
"gene_1987",62.5613075728044,0.35691459404824,0.552499371591703
"gene_1988",284.898883523378,0.482397124519464,0.657664791437578
"gene_1989",30.3345740248465,0.485644837935321,0.659519837520911
"gene_1990",29.427792348565,0.547730862257692,0.711338782152847
"gene_1991",760.129046160984,0.949401813977236,0.979923950766062
"gene_1992",3517.32241122771,0.00220112442098624,0.0112016509973854
"gene_1993",114.230184307591,0.151462670195407,0.319204784394957
"gene_1994",258.36193360442,0.164836364287732,0.338270161658978
"gene_1995",158.132550410328,0.144515916420219,0.309455923812032
"gene_1996",5372.44515098397,0.0127426724797746,0.0479949999238216
"gene_1997",90.7758721973263,0.540205226050249,0.705689387394185
"gene_1998",426.431557890948,0.00254126378340002,0.0126117309349877
"gene_1999",1235.00895153368,0.070048423638319,0.184471733768866
